time,step,reward,terminated,truncated,fmu_status,fmu_error,failure_type,transition_valid,requested_u_tp,requested_u_battery,requested_caes_mode,requested_caes_magnitude,decoded_u_tp,decoded_u_battery,decoded_u_caes,rt_economic_cashflow_total,rt_economic_cashflow_delta,rt_economic_reward,rt_raw_total_cost,rt_normalized_cost,rt_cost_reference,rt_cost_reference_missing,rt_terminal_soc_bonus,rt_reward,rt_terminal_soc_l1_error,rt_terminal_soc_l2_error,rt_terminal_soc_tolerance,rt_terminal_soc_satisfied,rt_economic_cashflow_wind,rt_economic_cashflow_delta_wind,rt_raw_wind_cost,rt_economic_cashflow_pv,rt_economic_cashflow_delta_pv,rt_raw_pv_cost,rt_economic_cashflow_thermal,rt_economic_cashflow_delta_thermal,rt_raw_thermal_cost,rt_economic_cashflow_battery,rt_economic_cashflow_delta_battery,rt_raw_battery_cost,rt_economic_cashflow_caes,rt_economic_cashflow_delta_caes,rt_raw_caes_cost,rt_economic_cashflow_load,rt_economic_cashflow_delta_load,rt_raw_load_cost,rt_economic_cashflow_grid,rt_economic_cashflow_delta_grid,rt_raw_grid_cost,obs_battery_soc,obs_caes_gas_soc,obs_caes_hot_soc,obs_caes_cold_soc,obs_caes_gas_pressure,obs_caes_gas_temperature,obs_caes_hot_temperature,obs_caes_cold_temperature,obs_p_thermal,obs_p_battery,obs_p_caes,obs_p_grid,obs_p_wind_available,obs_p_wind_actual,obs_p_pv_available,obs_p_pv_actual,obs_p_load_actual,obs_p_curtailment,obs_p_unserved,u_tp_dynamic_low,u_tp_dynamic_high,u_battery_dynamic_low,u_battery_dynamic_high,caes_discharge_allowed,caes_idle_allowed,caes_charge_allowed,caes_locked_mode,caes_locked_steps_completed,caes_locked_steps_remaining
16333200.0,0,0.04226063488148839,False,False,ok,,,True,1.0,0.0,1,0.0,1.0,0.0,0.0,6615.472829999992,6615.472829999992,0.04226063488148839,-6615.472829999992,-0.04226063488148839,156539.83544146415,0.0,0.0,0.04226063488148839,0.011944882530037115,0.00014268021865638587,0.05,1.0,0.0,0.0,-0.0,0.0,0.0,-0.0,-59999.99999999999,-59999.99999999999,59999.99999999999,0.0,0.0,-0.0,0.0,0.0,-0.0,116922.63584999995,116922.63584999995,-116922.63584999995,-50307.163019999985,-50307.163019999985,50307.163019999985,0.5,0.861944854259491,0.5,0.5,8619449.0,284.5938720703125,473.1572265625,313.16363525390625,-150000000.0,0.0,0.0,-70124152.0,0.0,0.0,-0.0,-0.0,220124144.0,-0.0,0.0,0.85,1.0,-1.0,1.0,True,True,False,,0,0
16336800.0,1,0.05102589463872818,False,False,ok,,,True,1.0,0.0,1,0.0,1.0,0.0,0.0,14603.057979999989,7987.585149999996,0.05102589463872818,-7987.585149999996,-0.05102589463872818,156539.83544146415,0.0,0.0,0.05102589463872818,0.01809044963977502,0.0003272643681692361,0.05,1.0,0.0,0.0,-0.0,0.0,0.0,-0.0,-119999.99999999999,-59999.99999999999,59999.99999999999,0.0,0.0,-0.0,0.0,0.0,-0.0,226984.71009999994,110062.07424999999,-110062.07424999999,-92381.65212000003,-42074.48910000004,42074.48910000004,0.5,0.8680904507637024,0.5,0.5,8680904.0,286.62298583984375,473.1572265625,313.16363525390625,-150000000.0,0.0,0.0,-57704552.0,0.0,0.0,-0.0,-0.0,207704544.0,-0.0,0.0,0.85,1.0,-1.0,1.0,True,True,False,,0,0
16340400.0,2,0.05895971976699355,False,False,ok,,,True,1.0,0.0,1,0.0,1.0,0.0,0.0,23832.60281,9229.544830000012,0.05895971976699355,-9229.544830000012,-0.05895971976699355,156539.83544146415,0.0,0.0,0.05895971976699355,0.02120052015577578,0.0004494620548754552,0.05,1.0,0.0,0.0,-0.0,0.0,0.0,-0.0,-179999.99999999997,-59999.999999999985,59999.999999999985,0.0,0.0,-0.0,0.0,0.0,-0.0,330836.9859499998,103852.27584999989,-103852.27584999989,-127004.38313999995,-34622.73101999992,34622.73101999992,0.5,0.8712005019187927,0.5,0.5,8712005.0,287.6498718261719,473.1572265625,313.16363525390625,-150000000.0,0.0,0.0,-78058392.0,0.0,0.0,-0.0,-0.0,228058400.0,-0.0,0.0,0.85,1.0,-1.0,1.0,True,True,False,,0,0
16344000.0,3,0.04968067358554496,False,False,ok,,,True,1.0,0.0,1,0.0,1.0,0.0,0.0,31609.607277702304,7777.004467702303,0.04968067358554496,-7777.004467702303,-0.04968067358554496,156539.83544146415,0.0,0.0,0.04968067358554496,0.022950777192032867,0.0005267381737183361,0.05,1.0,0.0,0.0,-0.0,-416.3170412159232,-416.3170412159232,416.3170412159232,-239999.99999999997,-60000.0,60000.0,0.0,0.0,-0.0,0.0,0.0,-0.0,444866.1828999997,114029.1969499999,-114029.1969499999,-172840.25858108173,-45835.87544108178,45835.87544108178,0.5,0.8729507923126221,0.5,0.5,8729508.0,288.2277526855469,473.1572265625,313.16363525390625,-150000000.0,0.0,0.0,-93768480.0,0.0,0.0,-3697795.5,-3697795.5,247466272.0,-0.0,0.0,0.85,1.0,-1.0,1.0,True,True,False,,0,0
16347600.0,4,0.07166420184552108,False,False,ok,,,True,1.0,0.0,1,0.0,1.0,0.0,0.0,42827.909641644044,11218.30236394174,0.07166420184552108,-11218.30236394174,-0.07166420184552108,156539.83544146415,0.0,0.0,0.07166420184552108,0.026326310687147525,0.000693074634396218,0.05,1.0,0.0,0.0,-0.0,-4676.98121546002,-4260.664174244097,4260.664174244097,-299999.99999999994,-59999.99999999997,59999.99999999997,0.0,0.0,-0.0,0.0,0.0,-0.0,568599.3202999998,123733.13740000007,-123733.13740000007,-221094.42944289587,-48254.17086181414,48254.17086181414,0.5,0.876326322555542,0.5,0.5,8763263.0,289.34228515625,473.1572265625,313.16363525390625,-150000000.0,0.0,0.0,-64923176.0,0.0,0.0,-33041594.0,-33041594.0,247964768.0,-0.0,0.0,0.85,1.0,-1.0,1.0,True,True,False,,0,0
16351200.0,5,0.16205312697567006,False,False,ok,,,True,1.0,0.0,1,0.0,1.0,0.0,0.0,68195.67947119013,25367.769829546087,0.16205312697567006,-25367.769829546087,-0.16205312697567006,156539.83544146415,0.0,0.0,0.16205312697567006,0.03300126885575194,0.001089083746089623,0.05,1.0,-1307.2584663021557,-1307.2584663021557,1307.2584663021557,-18413.046145593886,-13736.064930133865,13736.064930133865,-359999.99999999994,-60000.0,60000.0,0.0,0.0,-0.0,0.0,0.0,-0.0,692581.7058999995,123982.38559999969,-123982.38559999969,-244665.72181691372,-23571.292374017852,23571.292374017852,0.5,0.8830012679100037,0.5,0.5,8830013.0,291.5461730957031,473.1572265625,313.16363525390625,-150000000.0,0.0,0.0,-7985283.5,-10533294.0,-10533294.0,-80978464.0,-80978464.0,249497040.0,-0.0,0.0,0.85,1.0,-1.0,1.0,True,True,False,,0,0
16354800.0,6,0.21874684440399783,False,False,ok,,,True,1.0,0.0,1,0.0,1.0,0.0,0.0,102438.27449753151,34242.59502634138,0.21874684440399783,-34242.59502634138,-0.21874684440399783,156539.83544146415,0.0,0.0,0.21874684440399783,0.04176422025774118,0.0017442500937371187,0.05,1.0,-8398.837050474816,-7091.578584172661,7091.578584172661,-43413.73591597145,-25000.68977037756,25000.68977037756,-419999.99999999994,-60000.0,60000.0,0.0,0.0,-0.0,0.0,0.0,-0.0,817330.225899999,124748.51999999955,-124748.51999999955,-243079.37843602212,1586.3433808916016,-1586.3433808916016,0.5,0.891764223575592,0.5,0.5,8917642.0,294.4394836425781,473.1572265625,313.16363525390625,-150000000.0,0.0,0.0,65314076.0,-34529856.0,-34529856.0,-122584912.0,-122584912.0,241800688.0,-0.0,0.0,0.85,1.0,-1.0,1.0,True,True,False,,0,0
16358400.0,7,0.12236980710470323,False,False,ok,,,True,1.0,0.0,1,0.0,1.0,0.0,0.0,121594.02396470547,19155.749467173955,0.12236980710470323,-19155.749467173955,-0.12236980710470323,156539.83544146415,0.0,0.0,0.12236980710470323,0.05031325841753165,0.002531423972589319,0.05,0.0,-25644.987817111505,-17246.15076663669,17246.15076663669,-77156.81613897122,-33743.08022299977,33743.08022299977,-479999.99999999994,-60000.0,60000.0,0.0,0.0,-0.0,0.0,0.0,-0.0,938230.5717999996,120900.34590000054,-120900.34590000054,-233834.74387921178,9244.634556810342,-9244.634556810342,0.5,0.9003132581710815,0.5,0.5,9003133.0,297.26214599609375,473.1572265625,313.16363525390625,-150000000.0,0.0,0.0,137095248.0,-69877536.0,-69877536.0,-149921712.0,-149921712.0,232704000.0,-0.0,0.0,0.85,1.0,-1.0,1.0,True,True,False,,0,0
16362000.0,8,0.01493338755719577,False,False,ok,,,True,1.0,0.0,1,0.0,1.0,0.0,0.0,123931.6939954925,2337.670030787034,0.01493338755719577,-2337.670030787034,-0.01493338755719577,156539.83544146415,0.0,0.0,0.01493338755719577,0.05692265838361854,0.0032401890374581382,0.05,0.0,-55637.095361266176,-29992.10754415467,29992.10754415467,-117691.81075414203,-40534.99461517081,40534.99461517081,-539999.9999999999,-59999.99999999994,59999.99999999994,0.0,0.0,-0.0,0.0,0.0,-0.0,1054582.5727499994,116352.00094999978,-116352.00094999978,-217321.97263909926,16512.771240112517,-16512.771240112517,0.5,0.9069226384162903,0.5,0.5,9069227.0,299.44439697265625,473.1572265625,313.16363525390625,-150000000.0,0.0,0.0,190219104.0,-106756832.0,-106756832.0,-176920928.0,-176920928.0,243458640.0,-0.0,0.0,0.85,1.0,-1.0,1.0,True,True,False,,0,0
16365600.0,9,-0.03122746006226935,False,False,ok,,,True,1.0,0.0,1,0.0,1.0,0.0,0.0,119043.35253608997,-4888.341459402538,-0.03122746006226935,4888.341459402538,0.03122746006226935,156539.83544146415,0.0,0.0,-0.03122746006226935,0.06183879350081112,0.0038240363816359592,0.05,0.0,-96292.72858644603,-40655.63322517985,40655.63322517985,-164745.24775650358,-47053.43700236155,47053.43700236155,-599999.9999999999,-60000.0,60000.0,0.0,0.0,-0.0,0.0,0.0,-0.0,1176311.8962000003,121729.32345000096,-121729.32345000096,-196230.56732096046,21091.4053181388,-21091.4053181388,0.5,0.9118387699127197,0.5,0.5,9118388.0,301.0675964355469,473.1572265625,313.16363525390625,-150000000.0,0.0,0.0,236776656.0,-128093752.0,-128093752.0,-201871488.0,-201871488.0,243188576.0,-0.0,0.0,0.85,1.0,-1.0,1.0,True,True,False,,0,0
16369200.0,10,-0.06782966145816588,False,False,ok,,,True,1.0,0.0,1,0.0,1.0,0.0,0.0,108425.30849337846,-10618.04404271151,-0.06782966145816588,10618.04404271151,0.06782966145816588,156539.83544146415,0.0,0.0,-0.06782966145816588,0.06555799416804597,0.00429785059933755,0.05,0.0,-141295.0028087482,-45002.27422230216,45002.27422230216,-215993.565315425,-51248.31755892141,51248.31755892141,-659999.9999999999,-60000.0,60000.0,0.0,0.0,-0.0,0.0,0.0,-0.0,1297906.1813000003,121594.28509999998,-121594.28509999998,-172192.3046824484,24038.262638512067,-24038.262638512067,0.5,0.9155579805374146,0.5,0.5,9155580.0,302.29559326171875,473.1572265625,313.16363525390625,-150000000.0,0.0,0.0,249851152.0,-129170736.0,-129170736.0,-208776656.0,-208776656.0,238096224.0,-0.0,0.0,0.85,1.0,-1.0,1.0,True,True,False,,0,0
16372800.0,11,-0.07633489924216401,False,False,ok,,,True,1.0,0.0,1,0.0,1.0,0.0,0.0,96475.85592756936,-11949.4525658091,-0.07633489924216401,11949.4525658091,0.07633489924216401,156539.83544146415,0.0,0.0,-0.07633489924216401,0.06856696909762938,0.004701429251235263,0.05,0.0,-185245.0234270036,-43950.020618255396,43950.020618255396,-267318.6873414696,-51325.122026044584,51325.122026044584,-719999.9999999999,-60000.0,60000.0,0.0,0.0,-0.0,0.0,0.0,-0.0,1416954.2969500013,119048.11565000098,-119048.11565000098,-147914.73025395765,24277.57442849074,-24277.57442849074,0.5,0.9185669422149658,0.5,0.5,9185670.0,303.2890625,473.1572265625,313.16363525390625,-150000000.0,0.0,0.0,264028864.0,-121230136.0,-121230136.0,-201062112.0,-201062112.0,208263376.0,-0.0,0.0,0.85,1.0,-1.0,1.0,True,True,False,,0,0
16376400.0,12,-0.1310063958426454,False,False,ok,,,True,1.0,0.0,1,0.0,1.0,0.0,0.0,75968.13628058233,-20507.719646987025,-0.1310063958426454,20507.719646987025,0.1310063958426454,156539.83544146415,0.0,0.0,-0.1310063958426454,0.07097652680745226,0.0050376673576489886,0.05,0.0,-226544.85708096038,-41299.8336539568,41299.8336539568,-316174.0063174517,-48855.31897598214,48855.31897598214,-779999.9999999999,-60000.0,60000.0,0.0,0.0,-0.0,0.0,0.0,-0.0,1521085.9881000007,104131.69114999939,-104131.69114999939,-122398.98842100566,25515.741832951986,-25515.741832951986,0.5,0.9209765195846558,0.5,0.5,9209765.0,304.08465576171875,473.1572265625,313.16363525390625,-150000000.0,0.0,0.0,248646688.0,-114100320.0,-114100320.0,-188520080.0,-188520080.0,203973712.0,-0.0,0.0,0.85,1.0,-1.0,1.0,True,True,False,,0,0
16380000.0,13,-0.10695730195163049,False,False,ok,,,True,1.0,0.0,1,0.0,1.0,0.0,0.0,59225.0578338111,-16743.07844677123,-0.10695730195163049,16743.07844677123,0.10695730195163049,156539.83544146415,0.0,0.0,-0.10695730195163049,0.07253922522592826,0.005261939196377947,0.05,0.0,-264856.93510137405,-38312.07802041367,38312.07802041367,-359451.99223776854,-43277.98592031683,43277.98592031683,-839999.9999999999,-60000.0,60000.0,0.0,0.0,-0.0,0.0,0.0,-0.0,1623072.8420000006,101986.85389999999,-101986.85389999999,-99538.85682704647,22860.131593959188,-22860.131593959188,0.5,0.922539234161377,0.5,0.5,9225392.0,304.6006164550781,473.1572265625,313.16363525390625,-150000000.0,0.0,0.0,182500496.0,-103903704.0,-103903704.0,-154041536.0,-154041536.0,225444736.0,-0.0,0.0,0.85,1.0,-1.0,1.0,True,True,False,,0,0
16383600.0,14,0.012902365934510518,False,False,ok,,,True,1.0,0.0,1,0.0,1.0,0.0,0.0,61244.79207400493,2019.7342401938295,0.012902365934510518,-2019.7342401938295,-0.012902365934510518,156539.83544146415,0.0,0.0,0.012902365934510518,0.07289864344096075,0.00531421221553233,0.05,0.0,-298356.48387835245,-33499.548776978394,33499.548776978394,-391501.83929342363,-32049.84705565509,32049.84705565509,-899999.9999999999,-60000.0,60000.0,0.0,0.0,-0.0,0.0,0.0,-0.0,1735795.2065000003,112722.36449999968,-112722.36449999968,-84692.09125421918,14846.765572827295,-14846.765572827295,0.5,0.9228986501693726,0.5,0.5,9228986.0,304.71929931640625,473.1572265625,313.16363525390625,-150000000.0,0.0,0.0,127317912.0,-86078736.0,-86078736.0,-95891192.0,-95891192.0,204652016.0,-0.0,0.0,0.85,1.0,-1.0,1.0,True,True,False,,0,0
16387200.0,15,0.03346669415560183,False,False,ok,,,True,1.0,0.0,1,0.0,1.0,0.0,0.0,66483.66286989265,5238.87079588772,0.03346669415560183,-5238.87079588772,-0.03346669415560183,156539.83544146415,0.0,0.0,0.03346669415560183,0.07195928654453687,0.005178138919998765,0.05,0.0,-325267.68580380204,-26911.201925449597,26911.201925449597,-412167.9182175993,-20666.078924175643,20666.078924175643,-959999.9999999999,-60000.0,60000.0,0.0,0.0,-0.0,0.0,0.0,-0.0,1838121.21305,102326.00654999958,-102326.00654999958,-74201.94615870617,10490.145095513013,-10490.145095513013,0.5,0.9219592809677124,0.5,0.5,9219593.0,304.40911865234375,473.1572265625,313.16363525390625,-150000000.0,0.0,0.0,60619552.0,-66229508.0,-66229508.0,-66283000.0,-66283000.0,221892960.0,-0.0,0.0,0.85,1.0,-1.0,1.0,True,True,False,,0,0
16390800.0,16,0.1388757483047445,False,False,ok,,,True,1.0,0.0,1,0.0,1.0,0.0,0.0,88223.24965632755,21739.5867864349,0.1388757483047445,-21739.5867864349,-0.1388757483047445,156539.83544146415,0.0,0.0,0.1388757483047445,0.06990677605920226,0.004886957338991454,0.05,0.0,-345009.5144346473,-19741.828630845237,19741.828630845237,-425361.7342320586,-13193.816014459298,13193.816014459298,-1019999.9999999999,-60000.0,60000.0,0.0,0.0,-0.0,0.0,0.0,-0.0,1949067.6912500006,110946.47820000071,-110946.47820000071,-70473.19292696661,3728.7532317395526,-3728.7532317395526,0.5,0.9199067950248718,0.5,0.5,9199068.0,303.7314453125,473.1572265625,313.16363525390625,-150000000.0,0.0,0.0,15684165.0,-45243920.0,-45243920.0,-36038820.0,-36038820.0,215598576.0,-0.0,0.0,0.85,1.0,-1.0,1.0,True,True,False,,0,0
16394400.0,17,0.14493750431101338,False,False,ok,,,True,1.0,0.0,1,0.0,1.0,0.0,0.0,110911.74273047008,22688.493074142534,0.14493750431101338,-22688.493074142534,-0.14493750431101338,156539.83544146415,0.0,0.0,0.14493750431101338,0.06659161098090693,0.004434442653032445,0.05,0.0,-353935.0807116257,-8925.56627697841,8925.56627697841,-431876.52348221705,-6514.789250158472,6514.789250158472,-1079999.9999999998,-59999.99999999988,59999.99999999988,0.0,0.0,-0.0,0.0,0.0,-0.0,2056866.9783000015,107799.28705000086,-107799.28705000086,-80143.6313756872,-9670.438448720583,9670.438448720583,0.5,0.9165915846824646,0.5,0.5,9165916.0,302.6368408203125,473.1572265625,313.16363525390625,-150000000.0,0.0,0.0,-48214164.0,-7040914.5,-7040914.5,-13702464.0,-13702464.0,218957536.0,-0.0,0.0,0.85,1.0,-1.0,1.0,True,True,False,,0,0
16398000.0,18,0.07108781130285408,False,False,ok,,,True,1.0,0.0,1,0.0,1.0,0.0,0.0,122039.81701371272,11128.074283242633,0.07108781130285408,-11128.074283242633,-0.07108781130285408,156539.83544146415,0.0,0.0,0.07108781130285408,0.0607848714589484,0.0036948005982808795,0.05,0.0,-354446.30134023004,-511.2206286043511,511.2206286043511,-433775.5742474902,-1899.0507652731612,1899.0507652731612,-1139999.9999999998,-60000.0,60000.0,0.0,0.0,-0.0,0.0,0.0,-0.0,2166345.7502000006,109478.77189999912,-109478.77189999912,-116084.05759856713,-35940.426222879934,35940.426222879934,0.5,0.910784900188446,0.5,0.5,9107849.0,300.7196044921875,473.1572265625,313.16363525390625,-150000000.0,0.0,0.0,-99779616.0,0.0,0.0,-0.0,-0.0,249779616.0,-0.0,0.0,0.85,1.0,-1.0,1.0,True,True,False,,0,0
16401600.0,19,0.0320815346830862,False,False,ok,,,True,1.0,0.0,1,0.0,1.0,0.0,0.0,127061.85517371265,5022.038159999938,0.0320815346830862,-5022.038159999938,-0.0320815346830862,156539.83544146415,0.0,0.0,0.0320815346830862,0.05367220260891692,0.0028807053328926283,0.05,0.0,-354446.30134023004,0.0,-0.0,-433775.5742474902,0.0,-0.0,-1199999.9999999998,-60000.0,60000.0,0.0,0.0,-0.0,0.0,0.0,-0.0,2291235.5594000006,124889.80920000002,-124889.80920000002,-175951.82863856718,-59867.77104000005,59867.77104000005,0.5,0.9036722183227539,0.5,0.5,9036722.0,298.37115478515625,473.1572265625,313.16363525390625,-150000000.0,0.0,0.0,-93474608.0,0.0,0.0,-0.0,-0.0,243474608.0,-0.0,0.0,0.85,1.0,-1.0,1.0,True,True,False,,0,0
16405200.0,20,0.0361092678682015,False,False,ok,,,True,1.0,0.0,1,0.0,1.0,0.0,0.0,132714.39402371267,5652.538850000012,0.0361092678682015,-5652.538850000012,-0.0361092678682015,156539.83544146415,0.0,0.0,0.0361092678682015,0.04746889132669718,0.002253295643785787,0.05,1.0,-354446.30134023004,0.0,-0.0,-433775.5742474902,0.0,-0.0,-1259999.9999999998,-60000.0,60000.0,0.0,0.0,-0.0,0.0,0.0,-0.0,2412972.86515,121737.30574999936,-121737.30574999936,-232036.5955385673,-56084.766900000104,56084.766900000104,0.5,0.8974688649177551,0.5,0.5,8974689.0,296.32293701171875,473.1572265625,313.16363525390625,-150000000.0,0.0,0.0,-97395328.0,0.0,0.0,-0.0,-0.0,247395328.0,-0.0,0.0,0.85,1.0,-1.0,1.0,True,True,False,,0,0
16408800.0,21,0.03360465523146156,False,False,ok,,,True,1.0,0.0,1,0.0,1.0,0.0,0.0,137974.8612237128,5260.46720000013,0.03360465523146156,-5260.46720000013,-0.03360465523146156,156539.83544146415,0.0,0.0,0.03360465523146156,0.04209809272183962,0.001772249410816606,0.05,1.0,-354446.30134023004,0.0,-0.0,-433775.5742474902,0.0,-0.0,-1319999.9999999998,-60000.0,60000.0,0.0,0.0,-0.0,0.0,0.0,-0.0,2536670.529150001,123697.6640000008,-123697.6640000008,-290473.79233856726,-58437.196799999976,58437.196799999976,0.5,0.892098069190979,0.5,0.5,8920981.0,294.54962158203125,473.1572265625,313.16363525390625,-150000000.0,0.0,0.0,-62715244.0,0.0,0.0,-0.0,-0.0,212715248.0,-0.0,0.0,0.85,1.0,-1.0,1.0,True,True,False,,0,0
16412400.0,22,0.05575881541835291,False,False,ok,,,True,1.0,0.0,1,0.0,1.0,0.0,0.0,146703.33701371273,8728.475789999939,0.05575881541835291,-8728.475789999939,-0.05575881541835291,156539.83544146415,0.0,0.0,0.05575881541835291,0.03744955185050969,0.0014024689338040135,0.05,1.0,-354446.30134023004,0.0,-0.0,-433775.5742474902,0.0,-0.0,-1379999.9999999998,-60000.0,60000.0,0.0,0.0,-0.0,0.0,0.0,-0.0,2643028.150200003,106357.62105000205,-106357.62105000205,-328102.93759856705,-37629.14525999979,37629.14525999979,0.5,0.8874495625495911,0.5,0.5,8874496.0,293.0147705078125,473.1572265625,313.16363525390625,-150000000.0,0.0,0.0,-52424580.0,0.0,0.0,-0.0,-0.0,202424576.0,-0.0,0.0,0.85,1.0,-1.0,1.0,True,True,False,,0,0
16416000.0,23,0.062332644035828166,False,False,ok,,,True,1.0,0.0,1,0.0,1.0,0.0,0.0,156460.87885371264,9757.541839999903,0.062332644035828166,-9757.541839999903,-0.062332644035828166,156539.83544146415,0.0,0.0,0.062332644035828166,0.03347387051839734,0.0011205000074824307,0.05,1.0,-354446.30134023004,0.0,-0.0,-433775.5742474902,0.0,-0.0,-1439999.9999999998,-60000.0,60000.0,0.0,0.0,-0.0,0.0,0.0,-0.0,2744240.4410000024,101212.29079999961,-101212.29079999961,-359557.68655856705,-31454.748959999997,31454.748959999997,0.5,0.8834738731384277,0.5,0.5,8834739.0,291.7021179199219,473.1572265625,313.16363525390625,-150000000.0,0.0,0.0,-91591936.0,0.0,0.0,-0.0,-0.0,241591936.0,-0.0,0.0,0.85,1.0,-1.0,1.0,True,True,False,,0,0
16419600.0,24,0.037311950044716435,False,False,ok,,,True,1.0,0.0,1,0.0,1.0,0.0,0.0,162301.68537371268,5840.806520000042,0.037311950044716435,-5840.806520000042,-0.037311950044716435,156539.83544146415,0.0,0.0,0.037311950044716435,0.030090672818324227,0.0009054485906594365,0.05,1.0,-354446.30134023004,0.0,-0.0,-433775.5742474902,0.0,-0.0,-1499999.9999999998,-60000.0,60000.0,0.0,0.0,-0.0,0.0,0.0,-0.0,2865036.408400002,120795.9673999995,-120795.9673999995,-414512.8474385668,-54955.16087999975,54955.16087999975,0.5,0.8800906538963318,0.5,0.5,8800907.0,290.5850524902344,473.1572265625,313.16363525390625,-150000000.0,0.0,0.0,-84436280.0,0.0,0.0,-0.0,-0.0,234436272.0,-0.0,0.0,0.85,1.0,-1.0,1.0,True,True,False,,0,0
16423200.0,25,0.04188309059805803,False,False,ok,,,True,1.0,0.0,1,0.0,1.0,0.0,0.0,168858.05748371262,6556.372109999938,0.04188309059805803,-6556.372109999938,-0.04188309059805803,156539.83544146415,0.0,0.0,0.04188309059805803,0.027234454412821685,0.0007417155071640626,0.05,1.0,-354446.30134023004,0.0,-0.0,-433775.5742474902,0.0,-0.0,-1559999.9999999998,-60000.0,60000.0,0.0,0.0,-0.0,0.0,0.0,-0.0,2982254.5478500025,117218.1394500006,-117218.1394500006,-465174.6147785666,-50661.76733999979,50661.76733999979,0.5,0.8772344589233398,0.5,0.5,8772345.0,289.6419982910156,473.1572265625,313.16363525390625,-150000000.0,0.0,0.0,-79801096.0,0.0,0.0,-0.0,-0.0,229801088.0,-0.0,0.0,0.85,1.0,-1.0,1.0,True,True,False,,0,0
16426800.0,26,0.0448441160053796,False,False,ok,,,True,1.0,0.0,1,0.0,1.0,0.0,0.0,175877.94802371267,7019.890540000051,0.0448441160053796,-7019.890540000051,-0.0448441160053796,156539.83544146415,0.0,0.0,0.0448441160053796,0.024796883350669097,0.0006148854239066903,0.05,1.0,-354446.30134023004,0.0,-0.0,-433775.5742474902,0.0,-0.0,-1619999.9999999998,-60000.0,60000.0,0.0,0.0,-0.0,0.0,0.0,-0.0,3097155.0951500023,114900.54729999974,-114900.54729999974,-513055.27153856686,-47880.656760000275,47880.656760000275,0.5,0.8747968673706055,0.5,0.5,8747969.0,288.837158203125,473.1572265625,313.16363525390625,-150000000.0,0.0,0.0,-60736988.0,0.0,0.0,-0.0,-0.0,210736992.0,-0.0,0.0,0.85,1.0,-1.0,1.0,True,True,False,,0,0
16430400.0,27,0.060802870122683754,False,False,ok,,,True,1.0,0.0,1,0.0,1.0,0.0,0.0,185396.0193070863,9518.071283373632,0.060802870122683754,-9518.071283373632,-0.060802870122683754,156539.83544146415,0.0,0.0,0.060802870122683754,0.022837118617170193,0.0005215339867347015,0.05,1.0,-354446.30134023004,0.0,-0.0,-434198.2672713285,-422.69302383827744,422.69302383827744,-1679999.9999999998,-60000.0,60000.0,0.0,0.0,-0.0,0.0,0.0,-0.0,3202523.589900003,105368.49475000054,-105368.49475000054,-548483.0019813549,-35427.730442788044,35427.730442788044,0.5,0.8728371262550354,0.5,0.5,8728371.0,288.1900939941406,473.1572265625,313.16363525390625,-150000000.0,0.0,0.0,-73001216.0,0.0,0.0,-3757245.75,-3757245.75,226758464.0,-0.0,0.0,0.85,1.0,-1.0,1.0,True,True,False,,0,0
16434000.0,28,0.08439948361103411,False,False,ok,,,True,1.0,0.0,1,0.0,1.0,0.0,0.0,198607.90058290213,13211.881275815831,0.08439948361103411,-13211.881275815831,-0.08439948361103411,156539.83544146415,0.0,0.0,0.08439948361103411,0.02309642381523791,0.0005334447930530889,0.05,1.0,-354446.30134023004,0.0,-0.0,-438403.7870469113,-4205.519775582827,4205.519775582827,-1739999.9999999998,-60000.0,60000.0,0.0,0.0,-0.0,0.0,0.0,-0.0,3315902.8219500016,113379.23204999883,-113379.23204999883,-584444.8329799563,-35961.83099860139,35961.83099860139,0.5,0.8730964064598083,0.5,0.5,8730964.0,288.2757263183594,473.1572265625,313.16363525390625,-150000000.0,0.0,0.0,-20239330.0,0.0,-0.0,-32548448.0,-32548448.0,202787776.0,-0.0,0.0,0.85,1.0,-1.0,1.0,True,True,False,,0,0
16437600.0,29,0.16190299653898274,False,False,ok,,,True,1.0,0.0,1,0.0,1.0,0.0,0.0,223952.16901859443,25344.2684356923,0.16190299653898274,-25344.2684356923,-0.16190299653898274,156539.83544146415,0.0,0.0,0.16190299653898274,0.026698390310584186,0.0007128040451762956,0.05,1.0,-354446.30134023004,0.0,-0.0,-452067.3933971213,-13663.606350209971,13663.606350209971,-1799999.9999999998,-60000.0,60000.0,0.0,0.0,-0.0,0.0,0.0,-0.0,3417296.7109000003,101393.88894999865,-101393.88894999865,-586830.847144054,-2386.0141640977236,2386.0141640977236,0.5,0.87669837474823,0.5,0.5,8766984.0,289.4649963378906,473.1572265625,313.16363525390625,-150000000.0,0.0,0.0,9429816.0,0.0,0.0,-80982280.0,-80982280.0,221552464.0,-0.0,0.0,0.85,1.0,-1.0,1.0,True,True,False,,0,0
16441200.0,30,0.1825653806072446,False,False,ok,,,True,1.0,0.0,1,0.0,1.0,0.0,0.0,252530.92365616077,28578.754637566337,0.1825653806072446,-28578.754637566337,-0.1825653806072446,156539.83544146415,0.0,0.0,0.1825653806072446,0.03394626494996256,0.0011523489040530565,0.05,1.0,-354446.30134023004,0.0,-0.0,-477137.7792011774,-25070.38580405613,25070.38580405613,-1859999.9999999998,-60000.0,60000.0,0.0,0.0,-0.0,0.0,0.0,-0.0,3528072.943550001,110776.2326500006,-110776.2326500006,-583957.9393524316,2872.9077916224487,-2872.9077916224487,0.5,0.8839462399482727,0.5,0.5,8839463.0,291.8580627441406,473.1572265625,313.16363525390625,-150000000.0,0.0,0.0,63274064.0,0.0,0.0,-122810976.0,-122810976.0,209536912.0,-0.0,0.0,0.85,1.0,-1.0,1.0,True,True,False,,0,0
16444800.0,31,0.1178905152904631,False,False,ok,,,True,1.0,0.0,1,0.0,1.0,0.0,0.0,270985.4855198393,18454.561863678508,0.1178905152904631,-18454.561863678508,-0.1178905152904631,156539.83544146415,0.0,0.0,0.1178905152904631,0.043680898479888985,0.001908020892010368,0.05,1.0,-354446.30134023004,0.0,-0.0,-511071.45056171325,-33933.67136053584,33933.67136053584,-1919999.9999999998,-60000.0,60000.0,0.0,0.0,-0.0,0.0,0.0,-0.0,3632841.3993999986,104768.4558499977,-104768.4558499977,-576338.1619782173,7619.77737421426,-7619.77737421426,0.5,0.8936808705329895,0.5,0.5,8936809.0,295.0721740722656,473.1572265625,313.16363525390625,-150000000.0,0.0,0.0,84588608.0,0.0,0.0,-150977376.0,-150977376.0,216388768.0,-0.0,0.0,0.85,1.0,-1.0,1.0,True,True,False,,0,0
16448400.0,32,0.11347159319709399,False,False,ok,,,True,1.0,0.0,1,0.0,1.0,0.0,0.0,288748.31004619313,17762.824526353856,0.11347159319709399,-17762.824526353856,-0.11347159319709399,156539.83544146415,0.0,0.0,0.11347159319709399,0.052936052800514166,0.002802225686098824,0.05,0.0,-354446.30134023004,0.0,-0.0,-550725.9250177902,-39654.47445607692,39654.47445607692,-1979999.9999999998,-60000.0,60000.0,0.0,0.0,-0.0,0.0,0.0,-0.0,3741035.7858999977,108194.38649999909,-108194.38649999909,-567115.2494957865,9222.91248243081,-9222.91248243081,0.5,0.9029360413551331,0.5,0.5,9029361.0,298.12799072265625,473.1572265625,313.16363525390625,-150000000.0,0.0,0.0,70851080.0,0.0,0.0,-167733936.0,-167733936.0,246882848.0,-0.0,0.0,0.85,1.0,-1.0,1.0,True,True,False,,0,0
16452000.0,33,0.17426983646075578,False,False,ok,,,True,1.0,0.0,1,0.0,1.0,0.0,0.0,316028.4815681707,27280.17152197758,0.17426983646075578,-27280.17152197758,-0.17426983646075578,156539.83544146415,0.0,0.0,0.17426983646075578,0.06068176641728085,0.0036822767755214335,0.05,0.0,-354446.30134023004,0.0,-0.0,-594847.5417478277,-44121.616730037495,44121.616730037495,-2039999.9999999998,-60000.0,60000.0,0.0,0.0,-0.0,0.0,0.0,-0.0,3864477.212849997,123441.4269499993,-123441.4269499993,-559154.8881937714,7960.361302015139,-7960.361302015139,0.5,0.9106817841529846,0.5,0.5,9106818.0,300.6854248046875,473.1572265625,313.16363525390625,-150000000.0,0.0,0.0,94621952.0,0.0,0.0,-186990304.0,-186990304.0,242368352.0,-0.0,0.0,0.85,1.0,-1.0,1.0,True,True,False,,0,0
16455600.0,34,0.155603230103116,False,False,ok,,,True,1.0,0.0,1,0.0,1.0,0.0,0.0,340386.58560267277,24358.10403450206,0.155603230103116,-24358.10403450206,-0.155603230103116,156539.83544146415,0.0,0.0,0.155603230103116,0.06691565226659568,0.004477704518263952,0.05,0.0,-354592.00067179836,-145.6993315683212,145.6993315683212,-640656.1504384571,-45808.60869062948,45808.60869062948,-2099999.9999999995,-59999.99999999977,59999.99999999977,0.0,0.0,-0.0,0.0,0.0,-0.0,3985661.3880999964,121184.17524999939,-121184.17524999939,-550026.6513870717,9128.236806699657,-9128.236806699657,0.5,0.9169156551361084,0.5,0.5,9169157.0,302.7436828613281,473.1572265625,313.16363525390625,-150000000.0,0.0,0.0,119151888.0,-3370932.0,-3370932.0,-178630128.0,-178630128.0,212849184.0,-0.0,0.0,0.85,1.0,-1.0,1.0,True,True,False,,0,0
16459200.0,35,0.07055429140721524,False,False,ok,,,True,1.0,0.0,1,0.0,1.0,0.0,0.0,351431.14276924735,11044.557166574581,0.07055429140721524,-11044.557166574581,-0.07055429140721524,156539.83544146415,0.0,0.0,0.07055429140721524,0.07158657818479575,0.005124638176207875,0.05,0.0,-358180.1506178414,-3588.149946043035,3588.149946043035,-684876.4027488766,-44220.252310419455,44220.252310419455,-2159999.9999999995,-60000.0,60000.0,0.0,0.0,-0.0,0.0,0.0,-0.0,4092085.9790999973,106424.59100000095,-106424.59100000095,-537598.2829640345,12428.368423037231,-12428.368423037231,0.5,0.9215865731239319,0.5,0.5,9215866.0,304.2859191894531,473.1572265625,313.16363525390625,-150000000.0,0.0,0.0,126392336.0,-20527234.0,-20527234.0,-174725376.0,-174725376.0,218860272.0,-0.0,0.0,0.85,1.0,-1.0,1.0,True,True,False,,0,0
16462800.0,36,0.07372593244805838,False,False,ok,,,True,1.0,0.0,1,0.0,1.0,0.0,0.0,362972.1881024349,11541.045333187561,0.07372593244805838,-11541.045333187561,-0.07372593244805838,156539.83544146415,0.0,0.0,0.07372593244805838,0.07421926470589923,0.0055084992534843395,0.05,0.0,-367972.06448762555,-9791.913869784155,9791.913869784155,-724891.1380057256,-40014.73525684897,40014.73525684897,-2219999.9999999995,-60000.0,60000.0,0.0,0.0,-0.0,0.0,0.0,-0.0,4201516.117449996,109430.13834999874,-109430.13834999874,-525680.7268542137,11917.556109820725,-11917.556109820725,0.5,0.9242192506790161,0.5,0.5,9242193.0,305.1551513671875,473.1572265625,313.16363525390625,-150000000.0,0.0,0.0,93073064.0,-38099312.0,-38099312.0,-141649472.0,-141649472.0,236675712.0,-0.0,0.0,0.85,1.0,-1.0,1.0,True,True,False,,0,0
16466400.0,37,0.13003846994044108,False,False,ok,,,True,1.0,0.0,1,0.0,1.0,0.0,0.0,383328.38878797134,20356.20068553643,0.13003846994044108,-20356.20068553643,-0.13003846994044108,156539.83544146415,0.0,0.0,0.13003846994044108,0.07481310841696343,0.005597001191008324,0.05,0.0,-381265.6407744061,-13293.576286780532,13293.576286780532,-757922.261940807,-33031.123935081414,33031.123935081414,-2279999.9999999995,-60000.0,60000.0,0.0,0.0,-0.0,0.0,0.0,-0.0,4319853.975799994,118337.85834999755,-118337.85834999755,-517337.68429681525,8343.042557398498,-8343.042557398498,0.5,0.9248130917549133,0.5,0.5,9248131.0,305.3512268066406,473.1572265625,313.16363525390625,-150000000.0,0.0,0.0,69044112.0,-37838012.0,-37838012.0,-120317312.0,-120317312.0,239111200.0,-0.0,0.0,0.85,1.0,-1.0,1.0,True,True,False,,0,0
16470000.0,38,0.15880954494799196,False,False,ok,,,True,1.0,0.0,1,0.0,1.0,0.0,0.0,408188.4088206638,24860.020032692468,0.15880954494799196,-24860.020032692468,-0.15880954494799196,156539.83544146415,0.0,0.0,0.15880954494799196,0.07429586951041467,0.005519876226308564,0.05,0.0,-392905.63813618664,-11639.997361780552,11639.997361780552,-787039.2267032475,-29116.964762440533,29116.964762440533,-2339999.9999999995,-60000.0,60000.0,0.0,0.0,-0.0,0.0,0.0,-0.0,4439409.579199997,119555.60340000317,-119555.60340000317,-511276.3055399017,6061.378756913531,-6061.378756913531,0.5,0.9242958426475525,0.5,0.5,9242959.0,305.1804504394531,473.1572265625,313.16363525390625,-150000000.0,0.0,0.0,89110480.0,-27949332.0,-27949332.0,-111743000.0,-111743000.0,200581856.0,-0.0,0.0,0.85,1.0,-1.0,1.0,True,True,False,,0,0
16473600.0,39,0.08981017139509168,False,False,ok,,,True,1.0,0.0,1,0.0,1.0,0.0,0.0,422247.27827182115,14058.869451157341,0.08981017139509168,-14058.869451157341,-0.08981017139509168,156539.83544146415,0.0,0.0,0.08981017139509168,0.07328774056611997,0.005371092917286907,0.05,0.0,-401743.46887575503,-8837.830739568395,8837.830739568395,-811807.7858137374,-24768.559110489907,24768.559110489907,-2399999.9999999995,-60000.0,60000.0,0.0,0.0,-0.0,0.0,0.0,-0.0,4539700.505649994,100290.92644999735,-100290.92644999735,-503901.9726886862,7374.3328512154985,-7374.3328512154985,0.5,0.9232877492904663,0.5,0.5,9232877.0,304.84759521484375,473.1572265625,313.16363525390625,-150000000.0,0.0,0.0,44381772.0,-22079484.0,-22079484.0,-83387592.0,-83387592.0,211085312.0,-0.0,0.0,0.85,1.0,-1.0,1.0,True,True,False,,0,0
16477200.0,40,0.1553786287695133,False,False,ok,,,True,1.0,0.0,1,0.0,1.0,0.0,0.0,446570.2232505211,24322.94497869996,0.1553786287695133,-24322.94497869996,-0.1553786287695133,156539.83544146415,0.0,0.0,0.1553786287695133,0.07169565480213991,0.005140266917507607,0.05,0.0,-409134.3693738665,-7390.900498111441,7390.900498111441,-828194.391380057,-16386.605566319544,16386.605566319544,-2459999.9999999995,-60000.0,60000.0,0.0,0.0,-0.0,0.0,0.0,-0.0,4645243.159349996,105542.65370000154,-105542.65370000154,-501344.1753455551,2557.7973431310966,-2557.7973431310966,0.5,0.9216956496238708,0.5,0.5,9216957.0,304.3219299316406,473.1572265625,313.16363525390625,-150000000.0,0.0,0.0,9943166.0,-19959050.0,-19959050.0,-43337708.0,-43337708.0,203353584.0,-0.0,0.0,0.85,1.0,-1.0,1.0,True,True,False,,0,0
16480800.0,41,0.14528617887406794,False,False,ok,,,True,1.0,0.0,1,0.0,1.0,0.0,0.0,469313.29778338684,22743.07453286572,0.14528617887406794,-22743.07453286572,-0.14528617887406794,156539.83544146415,0.0,0.0,0.14528617887406794,0.06864732964990627,0.004712455868062901,0.05,0.0,-413208.5284213485,-4074.1590474820114,4074.1590474820114,-836015.234914535,-7820.843534477986,7820.843534477986,-2519999.9999999995,-60000.0,60000.0,0.0,0.0,-0.0,0.0,0.0,-0.0,4746919.9542999985,101676.7949500028,-101676.7949500028,-508382.89318072936,-7038.717835174233,7038.717835174233,0.5,0.9186473488807678,0.5,0.5,9186473.0,303.3154296875,473.1572265625,313.16363525390625,-150000000.0,0.0,0.0,-65716176.0,-3266816.5,-3266816.5,-16299714.0,-16299714.0,235282704.0,-0.0,0.0,0.85,1.0,-1.0,1.0,True,True,False,,0,0
16484400.0,42,0.0631352529496249,False,False,ok,,,True,1.0,0.0,1,0.0,1.0,0.0,0.0,479196.47989067633,9883.182107289496,0.0631352529496249,-9883.182107289496,-0.0631352529496249,156539.83544146415,0.0,0.0,0.0631352529496249,0.06287434256356617,0.003953182952800668,0.05,0.0,-413555.4712512946,-346.9428299461142,346.9428299461142,-838274.9752646672,-2259.740350132226,2259.740350132226,-2579999.9999999995,-60000.0,60000.0,0.0,0.0,-0.0,0.0,0.0,-0.0,4864561.307749997,117641.35344999842,-117641.35344999842,-553534.3813433616,-45151.48816263222,45151.48816263222,0.5,0.9128743410110474,0.5,0.5,9128743.0,301.4093322753906,473.1572265625,313.16363525390625,-150000000.0,0.0,0.0,-93796712.0,0.0,0.0,-0.0,-0.0,243796704.0,-0.0,0.0,0.85,1.0,-1.0,1.0,True,True,False,,0,0
16488000.0,43,0.036050129750567796,False,False,ok,,,True,1.0,0.0,1,0.0,1.0,0.0,0.0,484839.76126947365,5643.281378797314,0.036050129750567796,-5643.281378797314,-0.036050129750567796,156539.83544146415,0.0,0.0,0.036050129750567796,0.056123083478263,0.0031498004991080777,0.05,0.0,-413587.6043996111,-32.133148316526785,32.133148316526785,-838274.9752646672,0.0,-0.0,-2639999.9999999995,-60000.0,60000.0,0.0,0.0,-0.0,0.0,0.0,-0.0,4986459.662099999,121898.35435000248,-121898.35435000248,-609757.3211662478,-56222.939822886256,56222.939822886256,0.5,0.9061231017112732,0.5,0.5,9061231.0,299.1802062988281,473.1572265625,313.16363525390625,-150000000.0,0.0,0.0,-62834648.0,-1039463.9375,-1039463.9375,-0.0,-0.0,213874112.0,-0.0,0.0,0.85,1.0,-1.0,1.0,True,True,False,,0,0
16491600.0,44,0.06002042406926499,False,False,ok,,,True,1.0,0.0,1,0.0,1.0,0.0,0.0,494235.3485764033,9395.587306929636,0.06002042406926499,-9395.587306929636,-0.06002042406926499,156539.83544146415,0.0,0.0,0.06002042406926499,0.050702934702600344,0.002570787587456154,0.05,0.0,-414683.80243531265,-1096.1980357015273,1096.1980357015273,-838274.9752646672,0.0,-0.0,-2699999.9999999995,-60000.0,60000.0,0.0,0.0,-0.0,0.0,0.0,-0.0,5093396.718549996,106937.05644999631,-106937.05644999631,-646202.5922736169,-36445.2711073691,36445.2711073691,0.5,0.900702953338623,0.5,0.5,9007029.0,297.3905944824219,473.1572265625,313.16363525390625,-150000000.0,0.0,0.0,-78699320.0,-5940887.5,-5940887.5,-0.0,-0.0,234640208.0,-0.0,0.0,0.85,1.0,-1.0,1.0,True,True,False,,0,0
16495200.0,45,0.05347849747058758,False,False,ok,,,True,1.0,0.0,1,0.0,1.0,0.0,0.0,502606.8637701058,8371.515193702537,0.05347849747058758,-8371.515193702537,-0.05347849747058758,156539.83544146415,0.0,0.0,0.05347849747058758,0.04629327546047157,0.0021430673528590994,0.05,1.0,-417253.55251849606,-2569.750083183404,2569.750083183404,-838274.9752646672,0.0,-0.0,-2759999.9999999995,-60000.0,60000.0,0.0,0.0,-0.0,0.0,0.0,-0.0,5210716.821449992,117320.10289999656,-117320.10289999656,-692581.4298967309,-46378.837623114,46378.837623114,0.5,0.8962932825088501,0.5,0.5,8962933.0,295.93463134765625,473.1572265625,313.16363525390625,-150000000.0,0.0,0.0,-47817140.0,-9133537.0,-9133537.0,-0.0,-0.0,206950672.0,-0.0,0.0,0.85,1.0,-1.0,1.0,True,True,False,,0,0
16498800.0,46,0.07584525007741738,False,False,ok,,,True,1.0,0.0,1,0.0,1.0,0.0,0.0,514479.66673624143,11872.802966135612,0.07584525007741738,-11872.802966135612,-0.07584525007741738,156539.83544146415,0.0,0.0,0.07584525007741738,0.04260275603061936,0.0018149948214044743,0.05,1.0,-420848.57138108596,-3595.0188625899027,3595.0188625899027,-838274.9752646672,0.0,-0.0,-2819999.9999999995,-60000.0,60000.0,0.0,0.0,-0.0,0.0,0.0,-0.0,5314192.15969999,103475.33824999817,-103475.33824999817,-720588.9463180052,-28007.516421274282,28007.516421274282,0.5,0.8926027417182922,0.5,0.5,8926028.0,294.7160949707031,473.1572265625,313.16363525390625,-150000000.0,0.0,0.0,-57032960.0,-11705491.0,-11705491.0,-0.0,-0.0,218738448.0,-0.0,0.0,0.85,1.0,-1.0,1.0,True,True,False,,0,0
16502400.0,47,0.06753205601473565,False,False,ok,,,True,1.0,0.0,1,0.0,1.0,0.0,0.0,525051.1236718119,10571.456935570459,0.06753205601473565,-10571.456935570459,-0.06753205601473565,156539.83544146415,0.0,0.0,0.06753205601473565,0.03917854331052062,0.00153495825593434,0.05,1.0,-424271.99413288455,-3423.4227517985855,3423.4227517985855,-838274.9752646672,0.0,-0.0,-2879999.9999999995,-60000.0,60000.0,0.0,0.0,-0.0,0.0,0.0,-0.0,5423561.384849993,109369.22515000217,-109369.22515000217,-755963.2917806361,-35374.34546263085,35374.34546263085,0.5,0.8891785144805908,0.5,0.5,8891785.0,293.58551025390625,473.1572265625,313.16363525390625,-150000000.0,0.0,0.0,-84246456.0,-7547435.0,-7547435.0,-0.0,-0.0,241793888.0,-0.0,0.0,0.85,1.0,-1.0,1.0,True,True,False,,0,0
16506000.0,48,0.047117533056742024,False,False,ok,,,True,1.0,0.0,1,0.0,1.0,0.0,0.0,532426.894542922,7375.770871110144,0.047117533056742024,-7375.770871110144,-0.047117533056742024,156539.83544146415,0.0,0.0,0.047117533056742024,0.035637777987994834,0.001270051219921609,0.05,1.0,-426449.21819043846,-2177.224057553918,2177.224057553918,-838274.9752646672,0.0,-0.0,-2939999.9999999995,-60000.0,60000.0,0.0,0.0,-0.0,0.0,0.0,-0.0,5544458.330699994,120896.94585000165,-120896.94585000165,-807307.242701972,-51343.950921335956,51343.950921335956,0.5,0.8856377601623535,0.5,0.5,8856378.0,292.41644287109375,473.1572265625,313.16363525390625,-150000000.0,0.0,0.0,-80118088.0,-4669329.5,-4669329.5,-0.0,-0.0,234787424.0,-0.0,0.0,0.85,1.0,-1.0,1.0,True,True,False,,0,0
16509600.0,49,0.04654419482862973,False,False,ok,,,True,1.0,0.0,1,0.0,1.0,0.0,0.0,539712.9151421512,7286.020599229145,0.04654419482862973,-7286.020599229145,-0.04654419482862973,156539.83544146415,0.0,0.0,0.04654419482862973,0.03217910510512523,0.0010354948053666964,0.05,1.0,-427519.8853393594,-1070.6671489209402,1070.6671489209402,-838274.9752646672,0.0,-0.0,-2999999.9999999995,-60000.0,60000.0,0.0,0.0,-0.0,0.0,0.0,-0.0,5661852.038949995,117393.70825000107,-117393.70825000107,-856344.2632038221,-49037.02050185006,49037.02050185006,0.5,0.8821790814399719,0.5,0.5,8821791.0,291.2744445800781,473.1572265625,313.16363525390625,-150000000.0,0.0,0.0,-83524272.0,-1220702.125,-1220702.125,-0.0,-0.0,234744976.0,-0.0,0.0,0.85,1.0,-1.0,1.0,True,True,False,,0,0
16513200.0,50,0.04215943073608596,False,False,ok,,,True,1.0,0.0,1,0.0,1.0,0.0,0.0,546312.5454918839,6599.630349732703,0.04215943073608596,-6599.630349732703,-0.04215943073608596,156539.83544146415,0.0,0.0,0.04215943073608596,0.028929765651406147,0.000836931340645279,0.05,1.0,-427623.6636709853,-103.7783316259156,103.7783316259156,-838274.9752646672,0.0,-0.0,-3059999.9999999995,-60000.0,60000.0,0.0,0.0,-0.0,0.0,0.0,-0.0,5779224.524099992,117372.48514999636,-117372.48514999636,-907013.3396724635,-50669.076468641404,50669.076468641404,0.5,0.8789297938346863,0.5,0.5,8789298.0,290.20159912109375,473.1572265625,313.16363525390625,-150000000.0,0.0,0.0,-92668088.0,0.0,0.0,-0.0,-0.0,242668096.0,-0.0,0.0,0.85,1.0,-1.0,1.0,True,True,False,,0,0
16516800.0,51,0.040324630134716814,False,False,ok,,,True,1.0,0.0,1,0.0,1.0,0.0,0.0,552624.9564574104,6312.4109655264765,0.040324630134716814,-6312.4109655264765,-0.040324630134716814,156539.83544146415,0.0,0.0,0.040324630134716814,0.026148502317871025,0.0006837441734677064,0.05,1.0,-427623.6636709853,0.0,-0.0,-838688.7037686147,-413.7285039474955,413.7285039474955,-3119999.9999999995,-60000.0,60000.0,0.0,0.0,-0.0,0.0,0.0,-0.0,5900558.568799996,121334.04470000416,-121334.04470000416,-961621.2449029896,-54607.905230526114,54607.905230526114,0.5,0.876148521900177,0.5,0.5,8761485.0,289.2832946777344,473.1572265625,313.16363525390625,-150000000.0,0.0,0.0,-61050292.0,0.0,0.0,-3679118.25,-3679118.25,214729408.0,-0.0,0.0,0.85,1.0,-1.0,1.0,True,True,False,,0,0
16520400.0,52,0.10015365030319251,False,False,ok,,,True,1.0,0.0,1,0.0,1.0,0.0,0.0,568302.992394734,15678.0359373237,0.10015365030319251,-15678.0359373237,-0.10015365030319251,156539.83544146415,0.0,0.0,0.10015365030319251,0.025536851788815373,0.0006521307992839229,0.05,1.0,-428820.96099472634,-1197.2973237410188,1197.2973237410188,-843185.6785352028,-4496.974766588071,4496.974766588071,-3179999.9999999995,-60000.0,60000.0,0.0,0.0,-0.0,0.0,0.0,-0.0,6007923.274349996,107364.70555000007,-107364.70555000007,-987613.6424253368,-25992.397522347164,25992.397522347164,0.5,0.8755368590354919,0.5,0.5,8755369.0,289.0813293457031,473.1572265625,313.16363525390625,-150000000.0,0.0,0.0,-35897796.0,-11408016.0,-11408016.0,-35242588.0,-35242588.0,232548400.0,-0.0,0.0,0.85,1.0,-1.0,1.0,True,True,False,,0,0
16524000.0,53,0.18535939642675997,False,False,ok,,,True,1.0,0.0,1,0.0,1.0,0.0,0.0,597319.1218089082,29016.129414174124,0.18535939642675997,-29016.129414174124,-0.18535939642675997,156539.83544146415,0.0,0.0,0.18535939642675997,0.028533546296598433,0.0008141632642601262,0.05,1.0,-432954.9562184674,-4133.995223741047,4133.995223741047,-857330.9810175182,-14145.302482315456,14145.302482315456,-3239999.9999999995,-60000.0,60000.0,0.0,0.0,-0.0,0.0,0.0,-0.0,6124197.473999995,116274.19964999892,-116274.19964999892,-996592.4149551062,-8978.772529769456,8978.772529769456,0.5,0.8785335421562195,0.5,0.5,8785335.0,290.0707702636719,473.1572265625,313.16363525390625,-150000000.0,0.0,0.0,29407278.0,-12309378.0,-12309378.0,-82029296.0,-82029296.0,214931392.0,-0.0,0.0,0.85,1.0,-1.0,1.0,True,True,False,,0,0
16527600.0,54,0.13129634227523784,False,False,ok,,,True,1.0,0.0,1,0.0,1.0,0.0,0.0,617872.2296227401,20553.107813831884,0.13129634227523784,-20553.107813831884,-0.13129634227523784,156539.83544146415,0.0,0.0,0.13129634227523784,0.03476268738287991,0.001208444434079838,0.05,1.0,-439743.84458177676,-6788.888363309379,6788.888363309379,-883281.3871714779,-25950.406153959688,25950.406153959688,-3299999.9999999995,-60000.0,60000.0,0.0,0.0,-0.0,0.0,0.0,-0.0,6231663.170849995,107465.69684999995,-107465.69684999995,-990765.7094740055,5826.705481100711,-5826.705481100711,0.5,0.884762704372406,0.5,0.5,8847627.0,292.1274719238281,473.1572265625,313.16363525390625,-150000000.0,0.0,0.0,61674980.0,-29298234.0,-29298234.0,-129610624.0,-129610624.0,247233872.0,-0.0,0.0,0.85,1.0,-1.0,1.0,True,True,False,,0,0
16531200.0,55,0.1573977564815474,False,False,ok,,,True,1.0,0.0,1,0.0,1.0,0.0,0.0,642511.2485212171,24639.01889847708,0.1573977564815474,-24639.01889847708,-0.1573977564815474,156539.83544146415,0.0,0.0,0.1573977564815474,0.04221663931090036,0.0017822446347066578,0.05,1.0,-449926.7281249423,-10182.883543165517,10182.883543165517,-919916.4581988194,-36635.07102734153,36635.07102734153,-3359999.9999999995,-60000.0,60000.0,0.0,0.0,-0.0,0.0,0.0,-0.0,6355280.108049993,123616.93719999865,-123616.93719999865,-982925.6732050217,7840.036268983851,-7840.036268983851,0.5,0.8922166228294373,0.5,0.5,8922166.0,294.5885925292969,473.1572265625,313.16363525390625,-150000000.0,0.0,0.0,106494976.0,-28844948.0,-28844948.0,-166689472.0,-166689472.0,239039456.0,-0.0,0.0,0.85,1.0,-1.0,1.0,True,True,False,,0,0
16534800.0,56,0.10431698629958058,False,False,ok,,,True,1.0,0.0,1,0.0,1.0,0.0,0.0,658841.012390303,16329.763869085815,0.10431698629958058,-16329.763869085815,-0.10431698629958058,156539.83544146415,0.0,0.0,0.10431698629958058,0.04896442626427988,0.0023975150393901012,0.05,1.0,-460165.3989105538,-10238.670785611495,10238.670785611495,-964870.9250912818,-44954.46689246234,44954.46689246234,-3419999.9999999995,-60000.0,60000.0,0.0,0.0,-0.0,0.0,0.0,-0.0,6474799.833399995,119519.72535000183,-119519.72535000183,-970922.4970078621,12003.17619715957,-12003.17619715957,0.5,0.8989644050598145,0.5,0.5,8989644.0,296.8165283203125,473.1572265625,313.16363525390625,-150000000.0,0.0,0.0,133993848.0,-29755188.0,-29755188.0,-195489568.0,-195489568.0,241250912.0,-0.0,0.0,0.85,1.0,-1.0,1.0,True,True,False,,0,0
16538400.0,57,0.08486657862137509,False,False,ok,,,True,1.0,0.0,1,0.0,1.0,0.0,0.0,672126.0126421731,13285.000251870137,0.08486657862137509,-13285.000251870137,-0.08486657862137509,156539.83544146415,0.0,0.0,0.08486657862137509,0.05473095320007171,0.0029954772381884398,0.05,0.0,-471057.2189396005,-10891.820029046736,10891.820029046736,-1015596.7447226329,-50725.81963135116,50725.81963135116,-3479999.9999999995,-60000.0,60000.0,0.0,0.0,-0.0,0.0,0.0,-0.0,6595425.287749997,120625.45435000211,-120625.45435000211,-956645.3114455937,14277.185562268365,-14277.185562268365,0.5,0.9047309756278992,0.5,0.5,9047310.0,298.7204895019531,473.1572265625,313.16363525390625,-150000000.0,0.0,0.0,157818320.0,-32815878.0,-32815878.0,-211811680.0,-211811680.0,236809232.0,-0.0,0.0,0.85,1.0,-1.0,1.0,True,True,False,,0,0
16542000.0,58,0.05949585576895279,False,False,ok,,,True,1.0,0.0,1,0.0,1.0,0.0,0.0,681439.484113694,9313.471471520956,0.05949585576895279,-9313.471471520956,-0.05949585576895279,156539.83544146415,0.0,0.0,0.05949585576895279,0.059488882169315804,0.00353892710175474,0.05,0.0,-482772.7243446366,-11715.505405036092,11715.505405036092,-1069000.0879593408,-53403.34323670785,53403.34323670785,-3539999.9999999995,-60000.0,60000.0,0.0,0.0,-0.0,0.0,0.0,-0.0,6713829.907199998,118404.61945000105,-118404.61945000105,-940617.6107823289,16027.70066326484,-16027.70066326484,0.5,0.90948885679245,0.5,0.5,9094889.0,300.29144287109375,473.1572265625,313.16363525390625,-150000000.0,0.0,0.0,160387616.0,-34282140.0,-34282140.0,-215789104.0,-215789104.0,239683632.0,-0.0,0.0,0.85,1.0,-1.0,1.0,True,True,False,,0,0
16545600.0,59,0.06348947185492074,False,False,ok,,,True,1.0,0.0,1,0.0,1.0,0.0,0.0,691378.1155901288,9938.631476434763,0.06348947185492074,-9938.631476434763,-0.06348947185492074,156539.83544146415,0.0,0.0,0.06348947185492074,0.06327471163794607,0.004003689132865228,0.05,0.0,-495046.39591541,-12273.671570773411,12273.671570773411,-1122613.2738572191,-53613.18589787837,53613.18589787837,-3599999.9999999995,-60000.0,60000.0,0.0,0.0,-0.0,0.0,0.0,-0.0,6833671.721299996,119841.81409999728,-119841.81409999728,-924633.9359372422,15983.674845086643,-15983.674845086643,0.5,0.9132747054100037,0.5,0.5,9132747.0,301.5414123535156,473.1572265625,313.16363525390625,-150000000.0,0.0,0.0,178601744.0,-36036328.0,-36036328.0,-212823296.0,-212823296.0,220257872.0,-0.0,0.0,0.85,1.0,-1.0,1.0,True,True,False,,0,0
16549200.0,60,0.01601299285583449,False,False,ok,,,True,1.0,0.0,1,0.0,1.0,0.0,0.0,693884.7868567065,2506.671266577672,0.01601299285583449,-2506.671266577672,-0.01601299285583449,156539.83544146415,0.0,0.0,0.01601299285583449,0.06605153958583854,0.004362805881659595,0.05,0.0,-508228.66332332365,-13182.267407913634,13182.267407913634,-1174580.8969273116,-51967.623070092406,51967.623070092406,-3659999.9999999995,-60000.0,60000.0,0.0,0.0,-0.0,0.0,0.0,-0.0,6943800.659299993,110128.93799999729,-110128.93799999729,-907106.3121926584,17527.623744583805,-17527.623744583805,0.5,0.9160515666007996,0.5,0.5,9160515.0,302.458251953125,473.1572265625,313.16363525390625,-150000000.0,0.0,0.0,184947840.0,-39687832.0,-39687832.0,-201790608.0,-201790608.0,206530592.0,-0.0,0.0,0.85,1.0,-1.0,1.0,True,True,False,,0,0
16552800.0,61,-0.01119871452234549,False,False,ok,,,True,1.0,0.0,1,0.0,1.0,0.0,0.0,692131.7419282226,-1753.0449284838978,-0.01119871452234549,1753.0449284838978,0.01119871452234549,156539.83544146415,0.0,0.0,-0.01119871452234549,0.06775857840164456,0.004591224947011813,0.05,0.0,-523160.31201397127,-14931.64869064762,14931.64869064762,-1222413.929624014,-47833.03269670252,47833.03269670252,-3719999.9999999995,-60000.0,60000.0,0.0,0.0,-0.0,0.0,0.0,-0.0,7047065.956849993,103265.29755000025,-103265.29755000025,-889359.9732837925,17746.33890886593,-17746.33890886593,0.5,0.917758584022522,0.5,0.5,9177586.0,303.0218811035156,473.1572265625,313.16363525390625,-150000000.0,0.0,0.0,166802976.0,-46404212.0,-46404212.0,-178376576.0,-178376576.0,207977824.0,-0.0,0.0,0.85,1.0,-1.0,1.0,True,True,False,,0,0
16556400.0,62,0.007559380087903335,False,False,ok,,,True,1.0,0.0,1,0.0,1.0,0.0,0.0,693315.0860432225,1183.344114999869,0.007559380087903335,-1183.344114999869,-0.007559380087903335,156539.83544146415,0.0,0.0,0.007559380087903335,0.06835500775169512,0.004672407084734299,0.05,0.0,-540487.7873169387,-17327.475302967476,17327.475302967476,-1263465.6227764336,-41051.693152419524,41051.693152419524,-3779999.9999999995,-60000.0,60000.0,0.0,0.0,-0.0,0.0,0.0,-0.0,7151054.866949997,103988.9101000037,-103988.9101000037,-873786.3708134055,15573.602470387006,-15573.602470387006,0.5,0.9183549880981445,0.5,0.5,9183550.0,303.21881103515625,473.1572265625,313.16363525390625,-150000000.0,0.0,0.0,109141896.0,-53402352.0,-53402352.0,-146571744.0,-146571744.0,240832192.0,-0.0,0.0,0.85,1.0,-1.0,1.0,True,True,False,,0,0
16560000.0,63,0.11808494459567215,False,False,ok,,,True,1.0,0.0,1,0.0,1.0,0.0,0.0,711800.0838383434,18484.99779512093,0.11808494459567215,-18484.99779512093,-0.11808494459567215,156539.83544146415,0.0,0.0,0.11808494459567215,0.06779759318743728,0.004596513642009242,0.05,0.0,-559530.2581028199,-19042.47078588116,19042.47078588116,-1295542.4817728023,-32076.85899636871,32076.85899636871,-3839999.9999999995,-60000.0,60000.0,0.0,0.0,-0.0,0.0,0.0,-0.0,7271470.964499998,120416.097550001,-120416.097550001,-864598.1407860348,9188.230027370737,-9188.230027370737,0.5,0.9177975654602051,0.5,0.5,9177976.0,303.0347595214844,473.1572265625,313.16363525390625,-150000000.0,0.0,0.0,109642224.0,-55644816.0,-55644816.0,-105525112.0,-105525112.0,201527712.0,-0.0,0.0,0.85,1.0,-1.0,1.0,True,True,False,,0,0
16563600.0,64,0.0603954236332985,False,False,ok,,,True,1.0,0.0,1,0.0,1.0,0.0,0.0,721254.3735153174,9454.289676974062,0.0603954236332985,-9454.289676974062,-0.0603954236332985,156539.83544146415,0.0,0.0,0.0603954236332985,0.06604889187220342,0.004362456117546019,0.05,0.0,-578104.4913035391,-18574.23320071923,18574.23320071923,-1317024.9542627037,-21482.472489901353,21482.472489901353,-3899999.9999999995,-60000.0,60000.0,0.0,0.0,-0.0,0.0,0.0,-0.0,7372234.817749995,100763.8532499969,-100763.8532499969,-855850.9986684404,8747.142117594369,-8747.142117594369,0.5,0.9160488843917847,0.5,0.5,9160489.0,302.4573974609375,473.1572265625,313.16363525390625,-150000000.0,0.0,0.0,34283576.0,-49985372.0,-49985372.0,-61497776.0,-61497776.0,227199568.0,-0.0,0.0,0.85,1.0,-1.0,1.0,True,True,False,,0,0
16567200.0,65,0.167686007079318,False,False,ok,,,True,1.0,0.0,1,0.0,1.0,0.0,0.0,747503.9134693501,26249.539954032633,0.167686007079318,-26249.539954032633,-0.167686007079318,156539.83544146415,0.0,0.0,0.167686007079318,0.06301627906452101,0.003971051427137589,0.05,0.0,-590783.3656049779,-12678.874301438802,12678.874301438802,-1327526.9548547692,-10502.00059206551,10502.00059206551,-3959999.9999999995,-60000.0,60000.0,0.0,0.0,-0.0,0.0,0.0,-0.0,7485834.604199992,113599.78644999675,-113599.78644999675,-860020.3702709033,-4169.371602462954,4169.371602462954,0.5,0.9130162596702576,0.5,0.5,9130163.0,301.4560852050781,473.1572265625,313.16363525390625,-150000000.0,0.0,0.0,-51750000.0,-21686330.0,-21686330.0,-17738526.0,-17738526.0,241174864.0,-0.0,0.0,0.85,1.0,-1.0,1.0,True,True,False,,0,0
16570800.0,66,0.07364584912045415,False,False,ok,,,True,1.0,0.0,1,0.0,1.0,0.0,0.0,759032.4225716129,11528.50910226279,0.07364584912045415,-11528.50910226279,-0.07364584912045415,156539.83544146415,0.0,0.0,0.07364584912045415,0.057855358570064075,0.0033472425152706866,0.05,0.0,-593871.5305711939,-3088.1649662159616,3088.1649662159616,-1329984.2139001528,-2457.25904538366,2457.25904538366,-4019999.9999999995,-60000.0,60000.0,0.0,0.0,-0.0,0.0,0.0,-0.0,7606422.032599996,120587.42840000428,-120587.42840000428,-903533.8655570411,-43513.4952861378,43513.4952861378,0.5,0.9078553318977356,0.5,0.5,9078554.0,299.7520751953125,473.1572265625,313.16363525390625,-150000000.0,0.0,0.0,-97419848.0,0.0,0.0,-0.0,-0.0,247419856.0,-0.0,0.0,0.85,1.0,-1.0,1.0,True,True,False,,0,0
16574400.0,67,0.03358898925101792,False,False,ok,,,True,1.0,0.0,1,0.0,1.0,0.0,0.0,764290.4374216123,5258.014849999454,0.03358898925101792,-5258.014849999454,-0.03358898925101792,156539.83544146415,0.0,0.0,0.03358898925101792,0.05169650831745032,0.00267252897221621,0.05,0.0,-593871.5305711939,0.0,-0.0,-1329984.2139001528,0.0,-0.0,-4079999.9999999995,-60000.0,60000.0,0.0,0.0,-0.0,0.0,0.0,-0.0,7730131.958349996,123709.9257500004,-123709.9257500004,-961985.7764570409,-58451.910899999784,58451.910899999784,0.5,0.901696503162384,0.5,0.5,9016965.0,297.7185363769531,473.1572265625,313.16363525390625,-150000000.0,0.0,0.0,-73013424.0,0.0,0.0,-0.0,-0.0,223013424.0,-0.0,0.0,0.85,1.0,-1.0,1.0,True,True,False,,0,0
16578000.0,68,0.04918018144256228,False,False,ok,,,True,1.0,0.0,1,0.0,1.0,0.0,0.0,771989.0949316124,7698.657510000048,0.04918018144256228,-7698.657510000048,-0.04918018144256228,156539.83544146415,0.0,0.0,0.04918018144256228,0.04649925778510944,0.0021621809745660608,0.05,1.0,-593871.5305711939,0.0,-0.0,-1329984.2139001528,0.0,-0.0,-4139999.9999999995,-60000.0,60000.0,0.0,0.0,-0.0,0.0,0.0,-0.0,7841638.6707999995,111506.71245000325,-111506.71245000325,-1005793.8313970406,-43808.05493999971,43808.05493999971,0.5,0.8964992761611938,0.5,0.5,8964993.0,296.0025329589844,473.1572265625,313.16363525390625,-150000000.0,0.0,0.0,-53475016.0,0.0,0.0,-0.0,-0.0,203475008.0,-0.0,0.0,0.85,1.0,-1.0,1.0,True,True,False,,0,0
16581600.0,69,0.061661611261942854,False,False,ok,,,True,1.0,0.0,1,0.0,1.0,0.0,0.0,781641.5934116124,9652.498480000068,0.061661611261942854,-9652.498480000068,-0.061661611261942854,156539.83544146415,0.0,0.0,0.061661611261942854,0.042003516591637036,0.0017642954060639276,0.05,1.0,-593871.5305711939,0.0,-0.0,-1329984.2139001528,0.0,-0.0,-4199999.999999999,-59999.999999999534,59999.999999999534,0.0,0.0,-0.0,0.0,0.0,-0.0,7943376.1784000015,101737.50760000199,-101737.50760000199,-1037878.8405170402,-32085.009119999595,32085.009119999595,0.5,0.8920035362243652,0.5,0.5,8920035.0,294.5181579589844,473.1572265625,313.16363525390625,-150000000.0,0.0,0.0,-76119976.0,0.0,0.0,-0.0,-0.0,226119984.0,-0.0,0.0,0.85,1.0,-1.0,1.0,True,True,False,,0,0
16585200.0,70,0.04719566983806289,False,False,ok,,,True,1.0,0.0,1,0.0,1.0,0.0,0.0,789029.5958016125,7388.002390000038,0.04719566983806289,-7388.002390000038,-0.04719566983806289,156539.83544146415,0.0,0.0,0.04719566983806289,0.03794671913955827,0.001439953493456518,0.05,1.0,-593871.5305711939,0.0,-0.0,-1329984.2139001528,0.0,-0.0,-4259999.999999999,-60000.0,60000.0,0.0,0.0,-0.0,0.0,0.0,-0.0,8056436.166450006,113059.98805000447,-113059.98805000447,-1083550.82617704,-45671.98565999989,45671.98565999989,0.5,0.8879467248916626,0.5,0.5,8879467.0,293.1786804199219,473.1572265625,313.16363525390625,-150000000.0,0.0,0.0,-59792860.0,0.0,0.0,-0.0,-0.0,209792864.0,-0.0,0.0,0.85,1.0,-1.0,1.0,True,True,False,,0,0
16588800.0,71,0.05762567581957781,False,False,ok,,,True,1.0,0.0,1,0.0,1.0,0.0,0.0,798050.3096116123,9020.71380999987,0.05762567581957781,-9020.71380999987,-0.05762567581957781,156539.83544146415,0.0,0.0,0.05762567581957781,0.03439983417012826,0.001183348590932324,0.05,1.0,-593871.5305711939,0.0,-0.0,-1329984.2139001528,0.0,-0.0,-4319999.999999999,-60000.0,60000.0,0.0,0.0,-0.0,0.0,0.0,-0.0,8161332.597400003,104896.43094999716,-104896.43094999716,-1119426.543317041,-35875.71714000078,35875.71714000078,0.5,0.8843998312950134,0.5,0.5,8843998.0,292.0075988769531,473.1572265625,313.16363525390625,-150000000.0,0.0,0.0,-64935572.0,0.0,0.0,-0.0,-0.0,214935568.0,-0.0,0.0,0.85,1.0,-1.0,1.0,True,True,False,,0,0
16592400.0,72,0.054340434407707285,False,False,ok,,,True,1.0,0.0,1,0.0,1.0,0.0,0.0,806556.7522716125,8506.442660000175,0.054340434407707285,-8506.442660000175,-0.054340434407707285,156539.83544146415,0.0,0.0,0.054340434407707285,0.03167459611469958,0.0010032800390293419,0.05,1.0,-593871.5305711939,0.0,-0.0,-1329984.2139001528,0.0,-0.0,-4379999.999999999,-60000.0,60000.0,0.0,0.0,-0.0,0.0,0.0,-0.0,8268800.384100002,107467.78669999912,-107467.78669999912,-1158387.8873570398,-38961.34403999895,38961.34403999895,0.5,0.881674587726593,0.5,0.5,8816746.0,291.1077880859375,473.1572265625,313.16363525390625,-150000000.0,0.0,0.0,-98785752.0,0.0,0.0,-0.0,-0.0,248785760.0,-0.0,0.0,0.85,1.0,-1.0,1.0,True,True,False,,0,0
16596000.0,73,0.03271642937120172,False,False,ok,,,True,1.0,0.0,1,0.0,1.0,0.0,0.0,811678.1767416127,5121.424470000202,0.03271642937120172,-5121.424470000202,-0.03271642937120172,156539.83544146415,0.0,0.0,0.03271642937120172,0.029740502023642867,0.0008844974606183055,0.05,1.0,-593871.5305711939,0.0,-0.0,-1329984.2139001528,0.0,-0.0,-4439999.999999999,-60000.0,60000.0,0.0,0.0,-0.0,0.0,0.0,-0.0,8393193.261750001,124392.87764999922,-124392.87764999922,-1217659.340537041,-59271.45318000112,59271.45318000112,0.5,0.8797404766082764,0.5,0.5,8797405.0,290.46917724609375,473.1572265625,313.16363525390625,-150000000.0,0.0,0.0,-58265804.0,0.0,0.0,-0.0,-0.0,208265808.0,-0.0,0.0,0.85,1.0,-1.0,1.0,True,True,False,,0,0
16599600.0,74,0.05860118451082941,False,False,ok,,,True,1.0,0.0,1,0.0,1.0,0.0,0.0,820851.5965216128,9173.419780000113,0.05860118451082941,-9173.419780000113,-0.05860118451082941,156539.83544146415,0.0,0.0,0.05860118451082941,0.027852859273261643,0.0007757817696961171,0.05,1.0,-593871.5305711939,0.0,-0.0,-1329984.2139001528,0.0,-0.0,-4499999.999999999,-60000.0,60000.0,0.0,0.0,-0.0,0.0,0.0,-0.0,8497326.162849996,104132.90109999478,-104132.90109999478,-1252618.8218570403,-34959.48131999932,34959.48131999932,0.5,0.8778528571128845,0.5,0.5,8778529.0,289.8459167480469,473.1572265625,313.16363525390625,-150000000.0,0.0,0.0,-88867496.0,0.0,0.0,-0.0,-0.0,238867504.0,-0.0,0.0,0.85,1.0,-1.0,1.0,True,True,False,,0,0
16603200.0,75,0.0425802885255145,False,False,ok,,,True,1.0,0.0,1,0.0,1.0,0.0,0.0,827517.107880447,6665.511358834105,0.0425802885255145,-6665.511358834105,-0.0425802885255145,156539.83544146415,0.0,0.0,0.0425802885255145,0.025921582792633013,0.0006719284544753279,0.05,1.0,-593871.5305711939,0.0,-0.0,-1330378.6862207486,-394.4723205957562,394.4723205957562,-4559999.999999999,-60000.0,60000.0,0.0,0.0,-0.0,0.0,0.0,-0.0,8616759.912299994,119433.74944999814,-119433.74944999814,-1304992.5876276104,-52373.76577057014,52373.76577057014,0.5,0.8759216070175171,0.5,0.5,8759216.0,289.208251953125,473.1572265625,313.16363525390625,-150000000.0,0.0,0.0,-63561408.0,0.0,0.0,-3507508.75,-3507508.75,217068912.0,-0.0,0.0,0.85,1.0,-1.0,1.0,True,True,False,,0,0
16606800.0,76,0.08478273139699145,False,False,ok,,,True,1.0,0.0,1,0.0,1.0,0.0,0.0,840788.9827016098,13271.874821162899,0.08478273139699145,-13271.874821162899,-0.08478273139699145,156539.83544146415,0.0,0.0,0.08478273139699145,0.026246802893521992,0.0006888946621313944,0.05,1.0,-593885.1400100716,-13.609438877669163,13.609438877669163,-1333928.0042946013,-3549.318073852686,3549.318073852686,-4619999.999999999,-60000.0,60000.0,0.0,0.0,-0.0,0.0,0.0,-0.0,8725294.369849987,108534.45754999295,-108534.45754999295,-1336692.2428437173,-31699.655216106912,31699.655216106912,0.5,0.8762468099594116,0.5,0.5,8762468.0,289.3156433105469,473.1572265625,313.16363525390625,-150000000.0,0.0,0.0,-44848060.0,-1778417.25,-1778417.25,-27078664.0,-27078664.0,223705136.0,-0.0,0.0,0.85,1.0,-1.0,1.0,True,True,False,,0,0
16610400.0,77,0.1592499830823827,False,False,ok,,,True,1.0,0.0,1,0.0,1.0,0.0,0.0,865717.948847382,24928.966145772138,0.1592499830823827,-24928.966145772138,-0.1592499830823827,156539.83544146415,0.0,0.0,0.1592499830823827,0.03044190165821059,0.0009267093765681647,0.05,1.0,-594965.5712732911,-1080.4312632195652,1080.4312632195652,-1345733.535572592,-11805.531277990667,11805.531277990667,-4679999.999999999,-60000.0,60000.0,0.0,0.0,-0.0,0.0,0.0,-0.0,8837146.941149995,111852.5713000074,-111852.5713000074,-1350729.8854567353,-14037.642613017932,14037.642613017932,0.5,0.8804419040679932,0.5,0.5,8804419.0,290.7007751464844,473.1572265625,313.16363525390625,-150000000.0,0.0,0.0,20991210.0,-4781670.0,-4781670.0,-71221376.0,-71221376.0,205011840.0,-0.0,0.0,0.85,1.0,-1.0,1.0,True,True,False,,0,0
16614000.0,78,0.1368659602928657,False,False,ok,,,True,1.0,0.0,1,0.0,1.0,0.0,0.0,887142.9237491651,21424.974901783164,0.1368659602928657,-21424.974901783164,-0.1368659602928657,156539.83544146415,0.0,0.0,0.1368659602928657,0.0375401841358991,0.0014092654249572105,0.05,1.0,-598091.8376689745,-3126.2663956834003,3126.2663956834003,-1367978.0542271396,-22244.51865454763,22244.51865454763,-4739999.999999999,-60000.0,60000.0,0.0,0.0,-0.0,0.0,0.0,-0.0,8939652.858049996,102505.91690000147,-102505.91690000147,-1346440.042404721,4289.843052014243,-4289.843052014243,0.5,0.8875401616096497,0.5,0.5,8875402.0,293.04443359375,473.1572265625,313.16363525390625,-150000000.0,0.0,0.0,71743192.0,-14681951.0,-14681951.0,-110070328.0,-110070328.0,203009088.0,-0.0,0.0,0.85,1.0,-1.0,1.0,True,True,False,,0,0
16617600.0,79,0.07776732803398072,False,False,ok,,,True,1.0,0.0,1,0.0,1.0,0.0,0.0,899316.6084823268,12173.684733161703,0.07776732803398072,-12173.684733161703,-0.07776732803398072,156539.83544146415,0.0,0.0,0.07776732803398072,0.045457744218479146,0.0020664065094326742,0.05,1.0,-604532.1866476615,-6440.348978686961,6440.348978686961,-1400360.8874210524,-32382.83319391287,32382.83319391287,-4799999.999999999,-60000.0,60000.0,0.0,0.0,-0.0,0.0,0.0,-0.0,9041157.400449995,101504.54239999875,-101504.54239999875,-1336947.7178989598,9492.324505761266,-9492.324505761266,0.5,0.8954577445983887,0.5,0.5,8954577.0,295.6585998535156,473.1572265625,313.16363525390625,-150000000.0,0.0,0.0,82896936.0,-23279516.0,-23279516.0,-152703440.0,-152703440.0,243086016.0,-0.0,0.0,0.85,1.0,-1.0,1.0,True,True,False,,0,0
16621200.0,80,0.13558840439660266,False,False,ok,,,True,1.0,0.0,1,0.0,1.0,0.0,0.0,920541.5949943417,21224.986512014875,0.13558840439660266,-21224.986512014875,-0.13558840439660266,156539.83544146415,0.0,0.0,0.13558840439660266,0.05244544408227503,0.002750524604987037,0.05,0.0,-612938.0575656471,-8405.870917985565,8405.870917985565,-1442036.2645129494,-41675.37709189695,41675.37709189695,-4859999.999999999,-60000.0,60000.0,0.0,0.0,-0.0,0.0,0.0,-0.0,9162700.40829999,121543.00784999505,-121543.00784999505,-1327184.4912270622,9763.226671897573,-9763.226671897573,0.5,0.9024454355239868,0.5,0.5,9024454.0,297.96575927734375,473.1572265625,313.16363525390625,-150000000.0,0.0,0.0,154799872.0,-24928112.0,-24928112.0,-183415344.0,-183415344.0,203543584.0,-0.0,0.0,0.85,1.0,-1.0,1.0,True,True,False,,0,0
16624800.0,81,0.009981791992910211,False,False,ok,,,True,1.0,0.0,1,0.0,1.0,0.0,0.0,922104.1430703228,1562.548075981089,0.009981791992910211,-1562.548075981089,-0.009981791992910211,156539.83544146415,0.0,0.0,0.009981791992910211,0.0582453966014197,0.003392526225256673,0.05,0.0,-621531.5645066539,-8593.506941006868,8593.506941006868,-1489897.3727136864,-47861.10820073704,47861.10820073704,-4919999.999999999,-60000.0,60000.0,0.0,0.0,-0.0,0.0,0.0,-0.0,9264472.198599983,101771.79029999301,-101771.79029999301,-1310939.1183093367,16245.372917725472,-16245.372917725472,0.5,0.9082453846931458,0.5,0.5,9082454.0,299.8807678222656,473.1572265625,313.16363525390625,-150000000.0,0.0,0.0,131030232.0,-24096828.0,-24096828.0,-201073184.0,-201073184.0,244139776.0,-0.0,0.0,0.85,1.0,-1.0,1.0,True,True,False,,0,0
16628400.0,82,0.10731526089953695,False,False,ok,,,True,1.0,0.0,1,0.0,1.0,0.0,0.0,938903.2563518941,16799.113281571306,0.10731526089953695,-16799.113281571306,-0.10731526089953695,156539.83544146415,0.0,0.0,0.10731526089953695,0.06292534053476029,0.003959598481415546,0.05,0.0,-629333.5807656466,-7802.01625899272,7802.01625899272,-1540370.5903170286,-50473.21760334214,50473.21760334214,-4979999.999999999,-60000.0,60000.0,0.0,0.0,-0.0,0.0,0.0,-0.0,9386542.089349978,122069.89074999467,-122069.89074999467,-1297934.6619154306,13004.456393906148,-13004.456393906148,0.5,0.9129253625869751,0.5,0.5,9129253.0,301.42596435546875,473.1572265625,313.16363525390625,-150000000.0,0.0,0.0,153330608.0,-20147608.0,-20147608.0,-202874992.0,-202874992.0,219692000.0,-0.0,0.0,0.85,1.0,-1.0,1.0,True,True,False,,0,0
16632000.0,83,0.04978733396010145,False,False,ok,,,True,1.0,0.0,1,0.0,1.0,0.0,0.0,946696.9574170776,7793.701065183501,0.04978733396010145,-7793.701065183501,-0.04978733396010145,156539.83544146415,0.0,0.0,0.04978733396010145,0.06657579300902083,0.0044323362147799875,0.05,0.0,-635834.638338938,-6501.057573291357,6501.057573291357,-1591103.0672211384,-50732.47690410982,50732.47690410982,-5039999.999999999,-60000.0,60000.0,0.0,0.0,-0.0,0.0,0.0,-0.0,9496388.089049976,109845.99969999865,-109845.99969999865,-1282753.4260728466,15181.235842583934,-15181.235842583934,0.5,0.9165757894515991,0.5,0.5,9165758.0,302.6312561035156,473.1572265625,313.16363525390625,-150000000.0,0.0,0.0,147694544.0,-16705880.0,-16705880.0,-202991184.0,-202991184.0,222002528.0,-0.0,0.0,0.85,1.0,-1.0,1.0,True,True,False,,0,0
16635600.0,84,0.06588456043708792,False,False,ok,,,True,1.0,0.0,1,0.0,1.0,0.0,0.0,957010.5156660326,10313.558248954942,0.06588456043708792,-10313.558248954942,-0.06588456043708792,156539.83544146415,0.0,0.0,0.06588456043708792,0.06924889519751687,0.004795409486076675,0.05,0.0,-641681.6962885779,-5847.057949639857,5847.057949639857,-1639954.7058661657,-48851.6386450273,48851.6386450273,-5099999.999999999,-60000.0,60000.0,0.0,0.0,-0.0,0.0,0.0,-0.0,9607389.353299975,111001.26424999908,-111001.26424999908,-1268742.4354792244,14010.990593622206,-14010.990593622206,0.5,0.9192488789558411,0.5,0.5,9192489.0,303.5138244628906,473.1572265625,313.16363525390625,-150000000.0,0.0,0.0,135247360.0,-16705880.0,-16705880.0,-186078080.0,-186078080.0,217536608.0,-0.0,0.0,0.85,1.0,-1.0,1.0,True,True,False,,0,0
16639200.0,85,0.07037771014815056,False,False,ok,,,True,1.0,0.0,1,0.0,1.0,0.0,0.0,968027.4308313711,11016.915165338549,0.07037771014815056,-11016.915165338549,-0.07037771014815056,156539.83544146415,0.0,0.0,0.07037771014815056,0.07092258106001281,0.005030012504214088,0.05,0.0,-647976.0959878585,-6294.399699280621,6294.399699280621,-1684124.248881934,-44169.543015768286,44169.543015768286,-5159999.999999999,-60000.0,60000.0,0.0,0.0,-0.0,0.0,0.0,-0.0,9716157.654249981,108768.30095000565,-108768.30095000565,-1256029.878548837,12712.556930387393,-12712.556930387393,0.5,0.920922577381134,0.5,0.5,9209226.0,304.0664367675781,473.1572265625,313.16363525390625,-150000000.0,0.0,0.0,133014864.0,-19584434.0,-19584434.0,-165047984.0,-165047984.0,201617552.0,-0.0,0.0,0.85,1.0,-1.0,1.0,True,True,False,,0,0
16642800.0,86,0.04649317220085239,False,False,ok,,,True,1.0,0.0,1,0.0,1.0,0.0,0.0,975305.4643568442,7278.033525473089,0.04649317220085239,-7278.033525473089,-0.04649317220085239,156539.83544146415,0.0,0.0,0.04649317220085239,0.07151948865348379,0.005115037257255796,0.05,0.0,-655622.6552964913,-7646.559308632859,7646.559308632859,-1722302.843610154,-38178.59472822002,38178.59472822002,-5219999.999999999,-60000.0,60000.0,0.0,0.0,-0.0,0.0,0.0,-0.0,9816966.427299973,100808.77304999158,-100808.77304999158,-1243735.4640365113,12294.414512325777,-12294.414512325777,0.5,0.9215195178985596,0.5,0.5,9215195.0,304.2635192871094,473.1572265625,313.16363525390625,-150000000.0,0.0,0.0,75812200.0,-24718974.0,-24718974.0,-137371520.0,-137371520.0,236278304.0,-0.0,0.0,0.85,1.0,-1.0,1.0,True,True,False,,0,0
16646400.0,87,0.15743657502770014,False,False,ok,,,True,1.0,0.0,1,0.0,1.0,0.0,0.0,999950.5599041481,24645.095547303907,0.15743657502770014,-24645.095547303907,-0.15743657502770014,156539.83544146415,0.0,0.0,0.15743657502770014,0.07096252405083425,0.00503567981966523,0.05,0.0,-664845.8567811137,-9223.201484622317,9223.201484622317,-1752766.5495972396,-30463.70598708559,30463.70598708559,-5279999.999999999,-60000.0,60000.0,0.0,0.0,-0.0,0.0,0.0,-0.0,9935105.577549968,118139.15024999529,-118139.15024999529,-1237542.6112674992,6192.852769012097,-6192.852769012097,0.5,0.9209625124931335,0.5,0.5,9209625.0,304.0796203613281,473.1572265625,313.16363525390625,-150000000.0,0.0,0.0,63226260.0,-28395320.0,-28395320.0,-102505432.0,-102505432.0,217674480.0,-0.0,0.0,0.85,1.0,-1.0,1.0,True,True,False,,0,0
16650000.0,88,0.1430219999547186,False,False,ok,,,True,1.0,0.0,1,0.0,1.0,0.0,0.0,1022339.2002415688,22388.640337420744,0.1430219999547186,-22388.640337420744,-0.1430219999547186,156539.83544146415,0.0,0.0,0.1430219999547186,0.06933613404543237,0.004807499484366166,0.05,0.0,-674819.5289317432,-9973.672150629573,9973.672150629573,-1773695.054341265,-20928.504744025413,20928.504744025413,-5339999.999999999,-60000.0,60000.0,0.0,0.0,-0.0,0.0,0.0,-0.0,10043942.82094996,108837.24339999259,-108837.24339999259,-1233089.037435423,4453.573832076276,-4453.573832076276,0.5,0.9193361401557922,0.5,0.5,9193361.0,303.5426330566406,473.1572265625,313.16363525390625,-150000000.0,0.0,0.0,6841805.5,-28619678.0,-28619678.0,-60275148.0,-60275148.0,232053024.0,-0.0,0.0,0.85,1.0,-1.0,1.0,True,True,False,,0,0
16653600.0,89,0.16325592388194013,False,False,ok,,,True,1.0,0.0,1,0.0,1.0,0.0,0.0,1047895.255700892,25556.055459323106,0.16325592388194013,-25556.055459323106,-0.16325592388194013,156539.83544146415,0.0,0.0,0.16325592388194013,0.0665428228562176,0.004427947273673955,0.05,0.0,-681864.4221534157,-7044.893221672508,7044.893221672508,-1783759.250717324,-10064.196376058972,10064.196376058972,-5399999.999999999,-60000.0,60000.0,0.0,0.0,-0.0,0.0,0.0,-0.0,10159969.331299957,116026.51034999639,-116026.51034999639,-1246450.4027283678,-13361.365292944945,13361.365292944945,0.5,0.9165428280830383,0.5,0.5,9165428.0,302.620361328125,473.1572265625,313.16363525390625,-150000000.0,0.0,0.0,-62172628.0,-11113502.0,-11113502.0,-15293320.0,-15293320.0,238579456.0,-0.0,0.0,0.85,1.0,-1.0,1.0,True,True,False,,0,0
16657200.0,90,0.06484613646450792,False,False,ok,,,True,1.0,0.0,1,0.0,1.0,0.0,0.0,1058046.2592320608,10151.003531168797,0.06484613646450792,-10151.003531168797,-0.06484613646450792,156539.83544146415,0.0,0.0,0.06484613646450792,0.0616352937969491,0.003798909441436232,0.05,0.0,-683325.8466042933,-1461.4244508775882,1461.4244508775882,-1785877.1608268952,-2117.9101095711812,2117.9101095711812,-5459999.999999999,-60000.0,60000.0,0.0,0.0,-0.0,0.0,0.0,-0.0,10279259.057449955,119289.7261499986,-119289.7261499986,-1292009.7907867504,-45559.38805838255,45559.38805838255,0.5,0.9116352796554565,0.5,0.5,9116353.0,301.0,473.1572265625,313.16363525390625,-150000000.0,0.0,0.0,-83854032.0,0.0,0.0,-0.0,-0.0,233854032.0,-0.0,0.0,0.85,1.0,-1.0,1.0,True,True,False,,0,0
16660800.0,91,0.042800244423841054,False,False,ok,,,True,1.0,0.0,1,0.0,1.0,0.0,0.0,1064746.2024510233,6699.943218962522,0.042800244423841054,-6699.943218962522,-0.042800244423841054,156539.83544146415,0.0,0.0,0.042800244423841054,0.05597628693514356,0.0031333446990455234,0.05,0.0,-683445.3311708402,-119.48456654686015,119.48456654686015,-1785877.1608268952,0.0,-0.0,-5519999.999999999,-60000.0,60000.0,0.0,0.0,-0.0,0.0,0.0,-0.0,10396186.071949951,116927.01449999586,-116927.01449999586,-1342117.3775012414,-50107.586714491015,50107.586714491015,0.5,0.9059762954711914,0.5,0.5,9059763.0,299.13153076171875,473.1572265625,313.16363525390625,-150000000.0,0.0,0.0,-71936184.0,-2357443.75,-2357443.75,-0.0,-0.0,224293632.0,-0.0,0.0,0.85,1.0,-1.0,1.0,True,True,False,,0,0
16664400.0,92,0.056444637362429176,False,False,ok,,,True,1.0,0.0,1,0.0,1.0,0.0,0.0,1073582.036695291,8835.834244267782,0.056444637362429176,-8835.834244267782,-0.056444637362429176,156539.83544146415,0.0,0.0,0.056444637362429176,0.05173166556428299,0.0026761652220548228,0.05,0.0,-685216.6065148151,-1771.2753439749358,1771.2753439749358,-1785877.1608268952,0.0,-0.0,-5579999.999999999,-60000.0,60000.0,0.0,0.0,-0.0,0.0,0.0,-0.0,10508332.884099945,112146.81214999408,-112146.81214999408,-1383657.080062999,-41539.70256175753,41539.70256175753,0.5,0.9017316699028015,0.5,0.5,9017317.0,297.73004150390625,473.1572265625,313.16363525390625,-150000000.0,0.0,0.0,-81878912.0,-8727546.0,-8727546.0,-0.0,-0.0,240606464.0,-0.0,0.0,0.85,1.0,-1.0,1.0,True,True,False,,0,0
16668000.0,93,0.049743950250002736,False,False,ok,,,True,1.0,0.0,1,0.0,1.0,0.0,0.0,1081368.9464816349,7786.909786343807,0.049743950250002736,-7786.909786343807,-0.049743950250002736,156539.83544146415,0.0,0.0,0.049743950250002736,0.04828229213819735,0.0023311797341182333,0.05,1.0,-687803.1841256962,-2586.577610881068,2586.577610881068,-1785877.1608268952,0.0,-0.0,-5639999.999999999,-60000.0,60000.0,0.0,0.0,-0.0,0.0,0.0,-0.0,10628636.112349942,120303.2282499969,-120303.2282499969,-1433586.820915774,-49929.74085277505,49929.74085277505,0.5,0.8982822895050049,0.5,0.5,8982823.0,296.5911560058594,473.1572265625,313.16363525390625,-150000000.0,0.0,0.0,-47977828.0,-5822008.0,-5822008.0,-0.0,-0.0,203799840.0,-0.0,0.0,0.85,1.0,-1.0,1.0,True,True,False,,0,0
16671600.0,94,0.06417922873138,False,False,ok,,,True,1.0,0.0,1,0.0,1.0,0.0,0.0,1091415.5523860052,10046.605904370314,0.06417922873138,-10046.605904370314,-0.06417922873138,156539.83544146415,0.0,0.0,0.06417922873138,0.04413793364655938,0.0019481571865880786,0.05,1.0,-688400.4093898148,-597.2252641186351,597.2252641186351,-1785877.1608268952,0.0,-0.0,-5699999.999999999,-60000.0,60000.0,0.0,0.0,-0.0,0.0,0.0,-0.0,10730536.030199934,101899.91784999147,-101899.91784999147,-1464842.9075972845,-31256.086681510555,31256.086681510555,0.5,0.8941379189491272,0.5,0.5,8941379.0,295.2227783203125,473.1572265625,313.16363525390625,-150000000.0,0.0,0.0,-51416644.0,0.0,0.0,-0.0,-0.0,201416640.0,-0.0,0.0,0.85,1.0,-1.0,1.0,True,True,False,,0,0
16675200.0,95,0.06297653055657379,False,False,ok,,,True,1.0,0.0,1,0.0,1.0,0.0,0.0,1101273.8881160056,9858.335730000399,0.06297653055657379,-9858.335730000399,-0.06297653055657379,156539.83544146415,0.0,0.0,0.06297653055657379,0.03915810066621084,0.0015333568477851017,0.05,1.0,-688400.4093898148,0.0,-0.0,-1785877.1608268952,0.0,-0.0,-5759999.999999999,-60000.0,60000.0,0.0,0.0,-0.0,0.0,0.0,-0.0,10831244.351549927,100708.32134999335,-100708.32134999335,-1495692.8932172845,-30849.985619999934,30849.985619999934,0.5,0.8891581296920776,0.5,0.5,8891581.0,293.57855224609375,473.1572265625,313.16363525390625,-150000000.0,0.0,0.0,-71675352.0,0.0,0.0,-0.0,-0.0,221675344.0,-0.0,0.0,0.85,1.0,-1.0,1.0,True,True,False,,0,0
16678800.0,96,0.05003496316392466,False,False,ok,,,True,1.0,0.0,1,0.0,1.0,0.0,0.0,1109106.353016006,7832.4649000004865,0.05003496316392466,-7832.4649000004865,-0.05003496316392466,156539.83544146415,0.0,0.0,0.05003496316392466,0.03436263699390718,0.0011807908211750383,0.05,1.0,-688400.4093898148,0.0,-0.0,-1785877.1608268952,0.0,-0.0,-5819999.999999999,-60000.0,60000.0,0.0,0.0,-0.0,0.0,0.0,-0.0,10942082.027049936,110837.67550000921,-110837.67550000921,-1538698.1038172839,-43005.21059999941,43005.21059999941,0.5,0.8843626379966736,0.5,0.5,8843626.0,291.99517822265625,473.1572265625,313.16363525390625,-150000000.0,0.0,0.0,-57173904.0,0.0,0.0,-0.0,-0.0,207173904.0,-0.0,0.0,0.85,1.0,-1.0,1.0,True,True,False,,0,0
16682400.0,97,0.05929870645271586,False,False,ok,,,True,1.0,0.0,1,0.0,1.0,0.0,0.0,1118388.962766006,9282.609749999829,0.05929870645271586,-9282.609749999829,-0.05929870645271586,156539.83544146415,0.0,0.0,0.05929870645271586,0.030133726051072562,0.0009080414457210892,0.05,1.0,-688400.4093898148,0.0,-0.0,-1785877.1608268952,0.0,-0.0,-5879999.999999999,-60000.0,60000.0,0.0,0.0,-0.0,0.0,0.0,-0.0,11045668.978299942,103586.95125000551,-103586.95125000551,-1573002.445317285,-34304.34150000103,34304.34150000103,0.5,0.8801337480545044,0.5,0.5,8801337.0,290.5989074707031,473.1572265625,313.16363525390625,-150000000.0,0.0,0.0,-90401856.0,0.0,0.0,-0.0,-0.0,240401856.0,-0.0,0.0,0.85,1.0,-1.0,1.0,True,True,False,,0,0
16686000.0,98,0.03807219199631999,False,False,ok,,,True,1.0,0.0,1,0.0,1.0,0.0,0.0,1124348.7774360057,5959.81466999976,0.03807219199631999,-5959.81466999976,-0.03807219199631999,156539.83544146415,0.0,0.0,0.03807219199631999,0.02659212476392414,0.0007071410994601076,0.05,1.0,-688400.4093898148,0.0,-0.0,-1785877.1608268952,0.0,-0.0,-5939999.999999999,-60000.0,60000.0,0.0,0.0,-0.0,0.0,0.0,-0.0,11165869.90494994,120200.92664999887,-120200.92664999887,-1627243.557297284,-54241.111979999114,54241.111979999114,0.5,0.8765920996665955,0.5,0.5,8765921.0,289.4295349121094,473.1572265625,313.16363525390625,-150000000.0,0.0,0.0,-50087736.0,0.0,0.0,-0.0,-0.0,200087744.0,-0.0,0.0,0.85,1.0,-1.0,1.0,True,True,False,,0,0
16689600.0,99,0.06770083484913889,False,False,ok,,,True,1.0,0.0,1,0.0,1.0,0.0,0.0,1134946.6549825396,10597.877546533942,0.06770083484913889,-10597.877546533942,-0.06770083484913889,156539.83544146415,0.0,0.0,0.06770083484913889,0.023825960626703946,0.0005676763997852467,0.05,1.0,-688400.4093898148,0.0,-0.0,-1786310.483195848,-433.32236895291135,433.32236895291135,-5999999.999999999,-60000.0,60000.0,0.0,0.0,-0.0,0.0,0.0,-0.0,11265913.773799945,100043.86885000393,-100043.86885000393,-1656256.2262317983,-29012.66893451428,29012.66893451428,0.5,0.8738259673118591,0.5,0.5,8738260.0,288.5162353515625,473.1572265625,313.16363525390625,-150000000.0,0.0,0.0,-50958448.0,0.0,0.0,-3852628.5,-3852628.5,204811072.0,-0.0,0.0,0.85,1.0,-1.0,1.0,True,True,False,,0,0
16693200.0,100,0.10027943111486218,False,False,ok,,,True,1.0,0.0,1,0.0,1.0,0.0,0.0,1150644.3806274238,15697.725644884165,0.10027943111486218,-15697.725644884165,-0.10027943111486218,156539.83544146415,0.0,0.0,0.10027943111486218,0.023468273061727385,0.0005507598404997993,0.05,1.0,-688400.4093898148,0.0,-0.0,-1790723.935577908,-4413.452382060001,4413.452382060001,-6059999.999999999,-60000.0,60000.0,0.0,0.0,-0.0,0.0,0.0,-0.0,11368319.31224994,102405.53844999522,-102405.53844999522,-1678550.5866548538,-22294.360423055477,22294.360423055477,0.5,0.873468279838562,0.5,0.5,8734683.0,288.39813232421875,473.1572265625,313.16363525390625,-150000000.0,0.0,0.0,-36815576.0,0.0,0.0,-34268176.0,-34268176.0,221083744.0,-0.0,0.0,0.85,1.0,-1.0,1.0,True,True,False,,0,0
16696800.0,101,0.17403472140945933,False,False,ok,,,True,1.0,0.0,1,0.0,1.0,0.0,0.0,1177887.7472779616,27243.36665053782,0.17403472140945933,-27243.36665053782,-0.17403472140945933,156539.83544146415,0.0,0.0,0.17403472140945933,0.026639218207170412,0.0007096479466892396,0.05,1.0,-688400.4093898148,0.0,-0.0,-1804940.9276742965,-14216.99209638848,14216.99209638848,-6119999.999999999,-60000.0,60000.0,0.0,0.0,-0.0,0.0,0.0,-0.0,11478861.187849935,110541.87559999526,-110541.87559999526,-1687632.103507927,-9081.516853073146,9081.516853073146,0.5,0.8766392469406128,0.5,0.5,8766392.0,289.4450988769531,473.1572265625,313.16363525390625,-150000000.0,0.0,0.0,22037828.0,0.0,0.0,-83793528.0,-83793528.0,211755696.0,-0.0,0.0,0.85,1.0,-1.0,1.0,True,True,False,,0,0
16700400.0,102,0.15394294915830195,False,False,ok,,,True,1.0,0.0,1,0.0,1.0,0.0,0.0,1201985.9512065758,24098.203928614268,0.15394294915830195,-24098.203928614268,-0.15394294915830195,156539.83544146415,0.0,0.0,0.15394294915830195,0.03310676185120964,0.0010960576802727102,0.05,1.0,-688400.4093898148,0.0,-0.0,-1830947.7204599394,-26006.7927856429,26006.7927856429,-6179999.999999999,-60000.0,60000.0,0.0,0.0,-0.0,0.0,0.0,-0.0,11584739.037349928,105877.84949999303,-105877.84949999303,-1683404.95629367,4227.1472142569255,-4227.1472142569255,0.5,0.8831067681312561,0.5,0.5,8831068.0,291.58050537109375,473.1572265625,313.16363525390625,-150000000.0,0.0,0.0,30083596.0,0.0,0.0,-127898656.0,-127898656.0,247815056.0,-0.0,0.0,0.85,1.0,-1.0,1.0,True,True,False,,0,0
16704000.0,103,0.20733287910607967,False,False,ok,,,True,1.0,0.0,1,0.0,1.0,0.0,0.0,1234441.8059834465,32455.854776870692,0.20733287910607967,-32455.854776870692,-0.20733287910607967,156539.83544146415,0.0,0.0,0.20733287910607967,0.04101079552502562,0.0016818853495954617,0.05,1.0,-688400.4093898148,0.0,-0.0,-1867064.668298488,-36116.94783854857,36116.94783854857,-6239999.999999999,-60000.0,60000.0,0.0,0.0,-0.0,0.0,0.0,-0.0,11708646.566699926,123907.52934999764,-123907.52934999764,-1678739.6830282507,4665.273265419295,-4665.273265419295,0.5,0.8910108208656311,0.5,0.5,8910108.0,294.1902160644531,473.1572265625,313.16363525390625,-150000000.0,0.0,0.0,95563448.0,0.0,0.0,-164137808.0,-164137808.0,218574368.0,-0.0,0.0,0.85,1.0,-1.0,1.0,True,True,False,,0,0
16707600.0,104,0.10152584668749093,False,False,ok,,,True,1.0,0.0,1,0.0,1.0,0.0,0.0,1250334.6453169617,15892.839333515149,0.10152584668749093,-15892.839333515149,-0.10152584668749093,156539.83544146415,0.0,0.0,0.10152584668749093,0.04795160304092505,0.0022993562341944527,0.05,1.0,-688400.4093898148,0.0,-0.0,-1911292.8439426292,-44228.175644141156,44228.175644141156,-6299999.999999999,-60000.0,60000.0,0.0,0.0,-0.0,0.0,0.0,-0.0,11817933.747599922,109287.18089999631,-109287.18089999631,-1667905.8489505942,10833.834077656502,-10833.834077656502,0.5,0.897951602935791,0.5,0.5,8979516.0,296.4819030761719,473.1572265625,313.16363525390625,-150000000.0,0.0,0.0,117548456.0,0.0,0.0,-192114464.0,-192114464.0,224566000.0,-0.0,0.0,0.85,1.0,-1.0,1.0,True,True,False,,0,0
16711200.0,105,0.09537753330014,False,False,ok,,,True,1.0,0.0,1,0.0,1.0,0.0,0.0,1265265.0286845784,14930.383367616683,0.09537753330014,-14930.383367616683,-0.09537753330014,156539.83544146415,0.0,0.0,0.09537753330014,0.053840262838951713,0.002898773902567405,0.05,0.0,-688400.4093898148,0.0,-0.0,-1961119.5407966017,-49826.696853972506,49826.696853972506,-6359999.999999999,-60000.0,60000.0,0.0,0.0,-0.0,0.0,0.0,-0.0,11930216.749449927,112283.00185000524,-112283.00185000524,-1655431.7705790051,12474.078371589072,-12474.078371589072,0.5,0.9038402438163757,0.5,0.5,9038403.0,298.4261779785156,473.1572265625,313.16363525390625,-150000000.0,0.0,0.0,144527824.0,0.0,-0.0,-207903280.0,-207903280.0,213375456.0,-0.0,0.0,0.85,1.0,-1.0,1.0,True,True,False,,0,0
16714800.0,106,0.05646069229791367,False,False,ok,,,True,1.0,0.0,1,0.0,1.0,0.0,0.0,1274103.376165805,8838.347481226549,0.05646069229791367,-8838.347481226549,-0.05646069229791367,156539.83544146415,0.0,0.0,0.05646069229791367,0.058862130487542075,0.00346475040553243,0.05,0.0,-688400.4093898148,0.0,-0.0,-2013639.268861225,-52519.72806462343,52519.72806462343,-6419999.999999999,-60000.0,60000.0,0.0,0.0,-0.0,0.0,0.0,-0.0,12036904.47984993,106687.7304000035,-106687.7304000035,-1640761.4254331558,14670.345145849278,-14670.345145849278,0.5,0.9088621139526367,0.5,0.5,9088621.0,300.0842590332031,473.1572265625,313.16363525390625,-150000000.0,0.0,0.0,133877640.0,0.0,0.0,-212691664.0,-212691664.0,228814016.0,-0.0,0.0,0.85,1.0,-1.0,1.0,True,True,False,,0,0
16718400.0,107,0.094518073506354,False,False,ok,,,True,1.0,0.0,1,0.0,1.0,0.0,0.0,1288899.2198387338,14795.843672928866,0.094518073506354,-14795.843672928866,-0.094518073506354,156539.83544146415,0.0,0.0,0.094518073506354,0.06307718752017866,0.003978731585455782,0.05,0.0,-688400.4093898148,0.0,-0.0,-2066522.207206344,-52882.93834511889,52882.93834511889,-6479999.999999999,-60000.0,60000.0,0.0,0.0,-0.0,0.0,0.0,-0.0,12151311.488199938,114407.00835000724,-114407.00835000724,-1627489.651765108,13271.77366804774,-13271.77366804774,0.5,0.913077175617218,0.5,0.5,9130772.0,301.4759826660156,473.1572265625,313.16363525390625,-150000000.0,0.0,0.0,134115800.0,0.0,0.0,-210118064.0,-210118064.0,226002272.0,-0.0,0.0,0.85,1.0,-1.0,1.0,True,True,False,,0,0
16722000.0,108,0.09344686723851757,False,False,ok,,,True,1.0,0.0,1,0.0,1.0,0.0,0.0,1303527.3770587717,14628.157220037887,0.09344686723851757,-14628.157220037887,-0.09344686723851757,156539.83544146415,0.0,0.0,0.09344686723851757,0.06642352337490709,0.004412084457536829,0.05,0.0,-688400.4093898148,0.0,-0.0,-2117810.1227729484,-51287.91556660435,51287.91556660435,-6539999.999999999,-60000.0,60000.0,0.0,0.0,-0.0,0.0,0.0,-0.0,12264312.621399943,113001.1332000047,-113001.1332000047,-1614574.7121784664,12914.939586641733,-12914.939586641733,0.5,0.916423499584198,0.5,0.5,9164235.0,302.5808410644531,473.1572265625,313.16363525390625,-150000000.0,0.0,0.0,100117984.0,0.0,0.0,-199061440.0,-199061440.0,248943456.0,-0.0,0.0,0.85,1.0,-1.0,1.0,True,True,False,,0,0
16725600.0,109,0.16747141920123507,False,False,ok,,,True,1.0,0.0,1,0.0,1.0,0.0,0.0,1329743.3254616815,26215.948402909795,0.16747141920123507,-26215.948402909795,-0.16747141920123507,156539.83544146415,0.0,0.0,0.16747141920123507,0.06873534746066012,0.004724547990537676,0.05,0.0,-688400.4093898148,0.0,-0.0,-2165079.178101432,-47269.05532848369,47269.05532848369,-6599999.999999999,-60000.0,60000.0,0.0,0.0,-0.0,0.0,0.0,-0.0,12388784.348399952,124471.72700000927,-124471.72700000927,-1605561.4354470733,9013.276731393067,-9013.276731393067,0.5,0.9187353253364563,0.5,0.5,9187353.0,303.3441467285156,473.1572265625,313.16363525390625,-150000000.0,0.0,0.0,93679216.0,0.0,0.0,-176716240.0,-176716240.0,233037024.0,-0.0,0.0,0.85,1.0,-1.0,1.0,True,True,False,,0,0
16729200.0,110,0.15189865589219753,False,False,ok,,,True,1.0,0.0,1,0.0,1.0,0.0,0.0,1353521.5160588257,23778.19059714419,0.15189865589219753,-23778.19059714419,-0.15189865589219753,156539.83544146415,0.0,0.0,0.15189865589219753,0.06993674260286431,0.004891147965899296,0.05,0.0,-688400.4093898148,0.0,-0.0,-2205806.881306192,-40727.70320475986,40727.70320475986,-6659999.999999999,-60000.0,60000.0,0.0,0.0,-0.0,0.0,0.0,-0.0,12505302.864049949,116518.5156499967,-116518.5156499967,-1597574.0572951692,7987.378151904093,-7987.378151904093,0.5,0.9199367165565491,0.5,0.5,9199367.0,303.7408142089844,473.1572265625,313.16363525390625,-150000000.0,0.0,0.0,53421184.0,0.0,0.0,-145733296.0,-145733296.0,242312112.0,-0.0,0.0,0.85,1.0,-1.0,1.0,True,True,False,,0,0
16732800.0,111,0.2084188401351446,False,False,ok,,,True,1.0,0.0,1,0.0,1.0,0.0,0.0,1386147.366996482,32625.85093765636,0.2084188401351446,-32625.85093765636,-0.2084188401351446,156539.83544146415,0.0,0.0,0.2084188401351446,0.07003627426215231,0.004905079712523418,0.05,0.0,-688400.4093898148,0.0,-0.0,-2237971.8746767635,-32164.99337057164,32164.99337057164,-6719999.999999999,-60000.0,60000.0,0.0,0.0,-0.0,0.0,0.0,-0.0,12626458.92274994,121156.05869999155,-121156.05869999155,-1593939.2716869405,3634.7856082287617,-3634.7856082287617,0.5,0.920036256313324,0.5,0.5,9200363.0,303.773681640625,473.1572265625,313.16363525390625,-150000000.0,0.0,0.0,52994840.0,0.0,0.0,-107352016.0,-107352016.0,204357184.0,-0.0,0.0,0.85,1.0,-1.0,1.0,True,True,False,,0,0
16736400.0,112,0.15039144834067467,False,False,ok,,,True,1.0,0.0,1,0.0,1.0,0.0,0.0,1409689.6195715347,23542.25257505267,0.15039144834067467,-23542.25257505267,-0.15039144834067467,156539.83544146415,0.0,0.0,0.15039144834067467,0.06907112130875326,0.004770819798848508,0.05,0.0,-688400.4093898148,0.0,-0.0,-2259972.9069183418,-22001.032241578214,22001.032241578214,-6779999.999999999,-60000.0,60000.0,0.0,0.0,-0.0,0.0,0.0,-0.0,12728637.512649946,102178.58990000561,-102178.58990000561,-1590574.576770309,3364.694916631561,-3364.694916631561,0.5,0.9190711379051208,0.5,0.5,9190711.0,303.45501708984375,473.1572265625,313.16363525390625,-150000000.0,0.0,0.0,-7311676.0,0.0,0.0,-63832116.0,-63832116.0,221143792.0,-0.0,0.0,0.85,1.0,-1.0,1.0,True,True,False,,0,0
16740000.0,113,0.1517015236572483,False,False,ok,,,True,1.0,0.0,1,0.0,1.0,0.0,0.0,1433436.9511210597,23747.331549525028,0.1517015236572483,-23747.331549525028,-0.1517015236572483,156539.83544146415,0.0,0.0,0.1517015236572483,0.06631737341837274,0.0043979940171118915,0.05,0.0,-688400.4093898148,0.0,-0.0,-2271302.700239431,-11329.793321089353,11329.793321089353,-6839999.999999999,-60000.0,60000.0,0.0,0.0,-0.0,0.0,0.0,-0.0,12839209.408149939,110571.89549999312,-110571.89549999312,-1606069.347399695,-15494.770629386185,15494.770629386185,0.5,0.916317343711853,0.5,0.5,9163174.0,302.5458068847656,473.1572265625,313.16363525390625,-150000000.0,0.0,0.0,-29932510.0,0.0,0.0,-22137814.0,-22137814.0,202070320.0,-0.0,0.0,0.85,1.0,-1.0,1.0,True,True,False,,0,0
16743600.0,114,0.08998703767015434,False,False,ok,,,True,1.0,0.0,1,0.0,1.0,0.0,0.0,1447523.5071898105,14086.556068750797,0.08998703767015434,-14086.556068750797,-0.08998703767015434,156539.83544146415,0.0,0.0,0.08998703767015434,0.06143776772669873,0.0037745993032397844,0.05,0.0,-688400.4093898148,0.0,-0.0,-2274369.549174253,-3066.8489348217845,3066.8489348217845,-6899999.999999999,-60000.0,60000.0,0.0,0.0,-0.0,0.0,0.0,-0.0,12940244.570349935,101035.16219999641,-101035.16219999641,-1629951.1045961224,-23881.757196427323,23881.757196427323,0.5,0.9114377498626709,0.5,0.5,9114378.0,300.9346618652344,473.1572265625,313.16363525390625,-150000000.0,0.0,0.0,-80106600.0,0.0,0.0,-0.0,-0.0,230106592.0,-0.0,0.0,0.85,1.0,-1.0,1.0,True,True,False,,0,0
16747200.0,115,0.04464895660767826,False,False,ok,,,True,1.0,0.0,1,0.0,1.0,0.0,0.0,1454512.8475098095,6989.340319999028,0.04464895660767826,-6989.340319999028,-0.04464895660767826,156539.83544146415,0.0,0.0,0.04464895660767826,0.0564452548909663,0.003186066799706155,0.05,0.0,-688400.4093898148,0.0,-0.0,-2274369.549174253,0.0,-0.0,-6959999.999999999,-60000.0,60000.0,0.0,0.0,-0.0,0.0,0.0,-0.0,13055297.868749943,115053.29840000719,-115053.29840000719,-1678015.0626761212,-48063.95807999885,48063.95807999885,0.5,0.9064452648162842,0.5,0.5,9064453.0,299.2862548828125,473.1572265625,313.16363525390625,-150000000.0,0.0,0.0,-86572320.0,0.0,0.0,-0.0,-0.0,236572320.0,-0.0,0.0,0.85,1.0,-1.0,1.0,True,True,False,,0,0
16750800.0,116,0.04051855402883185,False,False,ok,,,True,1.0,0.0,1,0.0,1.0,0.0,0.0,1460855.615289809,6342.767779999413,0.04051855402883185,-6342.767779999413,-0.04051855402883185,156539.83544146415,0.0,0.0,0.04051855402883185,0.05268137736809242,0.00277532752139936,0.05,0.0,-688400.4093898148,0.0,-0.0,-2274369.549174253,0.0,-0.0,-7019999.999999999,-60000.0,60000.0,0.0,0.0,-0.0,0.0,0.0,-0.0,13173584.02984995,118286.1611000076,-118286.1611000076,-1729958.45599612,-51943.39331999887,51943.39331999887,0.5,0.9026813507080078,0.5,0.5,9026814.0,298.0434875488281,473.1572265625,313.16363525390625,-150000000.0,0.0,0.0,-84131432.0,0.0,0.0,-0.0,-0.0,234131440.0,-0.0,0.0,0.85,1.0,-1.0,1.0,True,True,False,,0,0
16754400.0,117,0.0420778296554561,False,False,ok,,,True,1.0,0.0,1,0.0,1.0,0.0,0.0,1467442.471819808,6586.856529999059,0.0420778296554561,-6586.856529999059,-0.0420778296554561,156539.83544146415,0.0,0.0,0.0420778296554561,0.049582751332621466,0.002458449229712576,0.05,1.0,-688400.4093898148,0.0,-0.0,-2274369.549174253,0.0,-0.0,-7079999.999999999,-60000.0,60000.0,0.0,0.0,-0.0,0.0,0.0,-0.0,13290649.747199953,117065.71735000238,-117065.71735000238,-1780437.316816121,-50478.86082000099,50478.86082000099,0.5,0.8995827436447144,0.5,0.5,8995828.0,297.0204162597656,473.1572265625,313.16363525390625,-150000000.0,0.0,0.0,-53051596.0,0.0,0.0,-0.0,-0.0,203051600.0,-0.0,0.0,0.85,1.0,-1.0,1.0,True,True,False,,0,0
16758000.0,118,0.061932096981310296,False,False,ok,,,True,1.0,0.0,1,0.0,1.0,0.0,0.0,1477137.3120898071,9694.840269999113,0.061932096981310296,-9694.840269999113,-0.061932096981310296,156539.83544146415,0.0,0.0,0.061932096981310296,0.046651056023210735,0.0021763210280807467,0.05,1.0,-688400.4093898148,0.0,-0.0,-2274369.549174253,0.0,-0.0,-7139999.999999999,-60000.0,60000.0,0.0,0.0,-0.0,0.0,0.0,-0.0,13392175.545849945,101525.7986499928,-101525.7986499928,-1812268.2751961218,-31830.958380000666,31830.958380000666,0.5,0.896651029586792,0.5,0.5,8966511.0,296.05242919921875,473.1572265625,313.16363525390625,-150000000.0,0.0,0.0,-83825144.0,0.0,0.0,-0.0,-0.0,233825152.0,-0.0,0.0,0.85,1.0,-1.0,1.0,True,True,False,,0,0
16761600.0,119,0.042273492567162355,False,False,ok,,,True,1.0,0.0,1,0.0,1.0,0.0,0.0,1483754.7976598067,6617.485569999553,0.042273492567162355,-6617.485569999553,-0.042273492567162355,156539.83544146415,0.0,0.0,0.042273492567162355,0.04360708350024378,0.0019015777313972336,0.05,1.0,-688400.4093898148,0.0,-0.0,-2274369.549174253,0.0,-0.0,-7199999.999999999,-60000.0,60000.0,0.0,0.0,-0.0,0.0,0.0,-0.0,13509088.117999952,116912.57215000689,-116912.57215000689,-1862563.3617761221,-50295.08658000035,50295.08658000035,0.5,0.8936070799827576,0.5,0.5,8936071.0,295.0473937988281,473.1572265625,313.16363525390625,-150000000.0,0.0,0.0,-65353752.0,0.0,0.0,-0.0,-0.0,215353760.0,-0.0,0.0,0.85,1.0,-1.0,1.0,True,True,False,,0,0
16765200.0,120,0.05407329441818649,False,False,ok,,,True,1.0,0.0,1,0.0,1.0,0.0,0.0,1492219.4222698074,8464.624610000756,0.05407329441818649,-8464.624610000756,-0.05407329441818649,156539.83544146415,0.0,0.0,0.05407329441818649,0.04056821367800867,0.0016457799610245696,0.05,1.0,-688400.4093898148,0.0,-0.0,-2274369.549174253,0.0,-0.0,-7259999.999999999,-60000.0,60000.0,0.0,0.0,-0.0,0.0,0.0,-0.0,13616764.994949955,107676.8769500032,-107676.8769500032,-1901775.6141161222,-39212.25234000012,39212.25234000012,0.5,0.890568196773529,0.5,0.5,8905682.0,294.04400634765625,473.1572265625,313.16363525390625,-150000000.0,0.0,0.0,-67414680.0,0.0,0.0,-0.0,-0.0,217414672.0,-0.0,0.0,0.85,1.0,-1.0,1.0,True,True,False,,0,0
16768800.0,121,0.05275674544252258,False,False,ok,,,True,1.0,0.0,1,0.0,1.0,0.0,0.0,1500477.9545198071,8258.532249999698,0.05275674544252258,-8258.532249999698,-0.05275674544252258,156539.83544146415,0.0,0.0,0.05275674544252258,0.03792705647514594,0.0014384616128689093,0.05,1.0,-688400.4093898148,0.0,-0.0,-2274369.549174253,0.0,-0.0,-7319999.999999999,-60000.0,60000.0,0.0,0.0,-0.0,0.0,0.0,-0.0,13725472.333699964,108707.3387500085,-108707.3387500085,-1942224.4206161217,-40448.80649999948,40448.80649999948,0.5,0.8879270553588867,0.5,0.5,8879271.0,293.1719665527344,473.1572265625,313.16363525390625,-150000000.0,0.0,0.0,-86324976.0,0.0,0.0,-0.0,-0.0,236324976.0,-0.0,0.0,0.85,1.0,-1.0,1.0,True,True,False,,0,0
16772400.0,122,0.040676560774723425,False,False,ok,,,True,1.0,0.0,1,0.0,1.0,0.0,0.0,1506845.456649807,6367.502129999921,0.040676560774723425,-6367.502129999921,-0.040676560774723425,156539.83544146415,0.0,0.0,0.040676560774723425,0.03574883357801961,0.0012779791021889425,0.05,1.0,-688400.4093898148,0.0,-0.0,-2274369.549174253,0.0,-0.0,-7379999.999999999,-60000.0,60000.0,0.0,0.0,-0.0,0.0,0.0,-0.0,13843634.823049955,118162.48934999108,-118162.48934999108,-1994019.4078361222,-51794.987220000476,51794.987220000476,0.5,0.8857488632202148,0.5,0.5,8857488.0,292.4527893066406,473.1572265625,313.16363525390625,-150000000.0,0.0,0.0,-55354600.0,0.0,0.0,-0.0,-0.0,205354592.0,-0.0,0.0,0.85,1.0,-1.0,1.0,True,True,False,,0,0
16776000.0,123,0.06435795783914425,False,False,ok,,,True,1.0,0.0,1,0.0,1.0,0.0,0.0,1516920.0407792954,10074.584129488328,0.06435795783914425,-10074.584129488328,-0.06435795783914425,156539.83544146415,0.0,0.0,0.06435795783914425,0.03386099773251616,0.0011465671674414648,0.05,1.0,-688400.4093898148,0.0,-0.0,-2274805.2949738875,-435.74579963460565,435.74579963460565,-7439999.999999999,-60000.0,60000.0,0.0,0.0,-0.0,0.0,0.0,-0.0,13946312.122999948,102677.29994999245,-102677.29994999245,-2026186.3778569999,-32166.970020877663,32166.970020877663,0.5,0.8838610053062439,0.5,0.5,8838610.0,291.8294677734375,473.1572265625,313.16363525390625,-150000000.0,0.0,0.0,-58750648.0,0.0,0.0,-3874304.5,-3874304.5,212624960.0,-0.0,0.0,0.85,1.0,-1.0,1.0,True,True,False,,0,0
16779600.0,124,0.09587183819009314,False,False,ok,,,True,1.0,0.0,1,0.0,1.0,0.0,0.0,1531927.8025530432,15007.761773747858,0.09587183819009314,-15007.761773747858,-0.09587183819009314,156539.83544146415,0.0,0.0,0.09587183819009314,0.032724939018039745,0.00107092163373442,0.05,1.0,-688400.4093898148,0.0,-0.0,-2279284.0500122784,-4478.755038390867,4478.755038390867,-7499999.999999999,-60000.0,60000.0,0.0,0.0,-0.0,0.0,0.0,-0.0,14052624.599399954,106312.47640000656,-106312.47640000656,-2053012.3374448612,-26825.959587861318,26825.959587861318,0.5,0.882724940776825,0.5,0.5,8827249.0,291.454345703125,473.1572265625,313.16363525390625,-150000000.0,0.0,0.0,-37037364.0,0.0,0.0,-34909168.0,-34909168.0,221946528.0,-0.0,0.0,0.85,1.0,-1.0,1.0,True,True,False,,0,0
16783200.0,125,0.17519851752073387,False,False,ok,,,True,1.0,0.0,1,0.0,1.0,0.0,0.0,1559353.3496553274,27425.547102284152,0.17519851752073387,-27425.547102284152,-0.17519851752073387,156539.83544146415,0.0,0.0,0.17519851752073387,0.0336163156906929,0.0011300566806163256,0.05,1.0,-688400.4093898148,0.0,-0.0,-2293700.34505353,-14416.295041251462,14416.295041251462,-7559999.999999999,-60000.0,60000.0,0.0,0.0,-0.0,0.0,0.0,-0.0,14163597.866449948,110973.26704999432,-110973.26704999432,-2062143.762351325,-9131.424906463828,9131.424906463828,0.5,0.8836163282394409,0.5,0.5,8836163.0,291.7486572265625,473.1572265625,313.16363525390625,-150000000.0,0.0,0.0,5488765.5,0.0,0.0,-84847752.0,-84847752.0,229358992.0,-0.0,0.0,0.85,1.0,-1.0,1.0,True,True,False,,0,0
16786800.0,126,0.1981674324933444,False,False,ok,,,True,1.0,0.0,1,0.0,1.0,0.0,0.0,1590374.446927693,31021.097272365587,0.1981674324933444,-31021.097272365587,-0.1981674324933444,156539.83544146415,0.0,0.0,0.1981674324933444,0.037761121960839694,0.00142590233174141,0.05,1.0,-688400.4093898148,0.0,-0.0,-2319904.5073329206,-26204.16227939073,26204.16227939073,-7619999.999999999,-60000.0,60000.0,0.0,0.0,-0.0,0.0,0.0,-0.0,14278277.35974995,114679.49330000207,-114679.49330000207,-2059597.9960995684,2545.766251756577,-2545.766251756577,0.5,0.887761116027832,0.5,0.5,8877611.0,293.1171875,473.1572265625,313.16363525390625,-150000000.0,0.0,0.0,63031932.0,0.0,0.0,-128382264.0,-128382264.0,215350336.0,-0.0,0.0,0.85,1.0,-1.0,1.0,True,True,False,,0,0
16790400.0,127,0.124890554489179,False,False,ok,,,True,1.0,0.0,1,0.0,1.0,0.0,0.0,1609924.7937756223,19550.346847929293,0.124890554489179,-19550.346847929293,-0.124890554489179,156539.83544146415,0.0,0.0,0.124890554489179,0.04537130198849848,0.0020585550441315262,0.05,1.0,-688400.4093898148,0.0,-0.0,-2355887.481519705,-35982.97418678459,35982.97418678459,-7679999.999999999,-60000.0,60000.0,0.0,0.0,-0.0,0.0,0.0,-0.0,14385952.523949943,107675.16419999301,-107675.16419999301,-2051739.8392648546,7858.156834713882,-7858.156834713882,0.5,0.8953713178634644,0.5,0.5,8953713.0,295.6298522949219,473.1572265625,313.16363525390625,-150000000.0,0.0,0.0,90486952.0,0.0,0.0,-162260400.0,-162260400.0,221773456.0,-0.0,0.0,0.85,1.0,-1.0,1.0,True,True,False,,0,0
16794000.0,128,0.1216425168330813,False,False,ok,,,True,1.0,0.0,1,0.0,1.0,0.0,0.0,1628966.6933433583,19041.89956773608,0.1216425168330813,-19041.89956773608,-0.1216425168330813,156539.83544146415,0.0,0.0,0.1216425168330813,0.054881471935924964,0.0030119759618537196,0.05,0.0,-689023.5573466495,-623.1479568346404,623.1479568346404,-2396258.106501056,-40370.62498135073,40370.62498135073,-7739999.999999999,-60000.0,60000.0,0.0,0.0,-0.0,0.0,0.0,-0.0,14496839.249249935,110886.72529999167,-110886.72529999167,-2042590.8920589332,9148.947205921402,-9148.947205921402,0.5,0.904881477355957,0.5,0.5,9048815.0,298.7698669433594,473.1572265625,313.16363525390625,-150000000.0,0.0,0.0,101192896.0,-6180641.5,-6180641.5,-160529072.0,-160529072.0,215516816.0,-0.0,0.0,0.85,1.0,-1.0,1.0,True,True,False,,0,0
16797600.0,129,0.08041712427743211,False,False,ok,,,True,1.0,0.0,1,0.0,1.0,0.0,0.0,1641555.1767444233,12588.483401064994,0.08041712427743211,-12588.483401064994,-0.08041712427743211,156539.83544146415,0.0,0.0,0.08041712427743211,0.06371248736881052,0.00405928104672084,0.05,0.0,-691379.9907099587,-2356.4333633092465,2356.4333633092465,-2441149.9022191516,-44891.79571809573,44891.79571809573,-7799999.999999999,-60000.0,60000.0,0.0,0.0,-0.0,0.0,0.0,-0.0,14604597.65864994,107758.4094000049,-107758.4094000049,-2030512.5889764638,12078.303082469385,-12078.303082469385,0.5,0.9137125015258789,0.5,0.5,9137125.0,301.6856384277344,473.1572265625,313.16363525390625,-150000000.0,0.0,0.0,113611184.0,-7419777.5,-7419777.5,-201989840.0,-201989840.0,245798432.0,-0.0,0.0,0.85,1.0,-1.0,1.0,True,True,False,,0,0
16801200.0,130,0.1354403109732531,False,False,ok,,,True,1.0,0.0,1,0.0,1.0,0.0,0.0,1662756.980736317,21201.803991893772,0.1354403109732531,-21201.803991893772,-0.1354403109732531,156539.83544146415,0.0,0.0,0.1354403109732531,0.07076135627337787,0.005007169541647914,0.05,0.0,-693799.2013753364,-2419.210665377672,2419.210665377672,-2491799.1733357846,-50649.27111663297,50649.27111663297,-7859999.999999999,-60000.0,60000.0,0.0,0.0,-0.0,0.0,0.0,-0.0,14727496.876499947,122899.21785000712,-122899.21785000712,-2019141.5210525598,11371.067923903931,-11371.067923903931,0.5,0.9207613468170166,0.5,0.5,9207614.0,304.0129699707031,473.1572265625,313.16363525390625,-150000000.0,0.0,0.0,126691128.0,-6301519.5,-6301519.5,-203310592.0,-203310592.0,232920976.0,-0.0,0.0,0.85,1.0,-1.0,1.0,True,True,False,,0,0
16804800.0,131,0.1055580997846825,False,False,ok,,,True,1.0,0.0,1,0.0,1.0,0.0,0.0,1679281.028306125,16524.04756980785,0.1055580997846825,-16524.04756980785,-0.1055580997846825,156539.83544146415,0.0,0.0,0.1055580997846825,0.07628574191415705,0.005819514419393377,0.05,0.0,-695671.7904825308,-1872.5891071944498,1872.5891071944498,-2542310.4759727777,-50511.30263699312,50511.30263699312,-7919999.999999999,-60000.0,60000.0,0.0,0.0,-0.0,0.0,0.0,-0.0,14843957.367499951,116460.49100000411,-116460.49100000411,-2006694.0727385639,12447.448313995963,-12447.448313995963,0.5,0.9262857437133789,0.5,0.5,9262857.0,305.83697509765625,473.1572265625,313.16363525390625,-150000000.0,0.0,0.0,145883152.0,-4226387.5,-4226387.5,-200502080.0,-200502080.0,208845328.0,-0.0,0.0,0.85,1.0,-1.0,1.0,True,True,False,,0,0
16808400.0,132,0.053531004499882136,False,False,ok,,,True,1.0,0.0,1,0.0,1.0,0.0,0.0,1687660.7629415528,8379.734635427827,0.053531004499882136,-8379.734635427827,-0.053531004499882136,156539.83544146415,0.0,0.0,0.053531004499882136,0.08038167874309754,0.0064612142775585385,0.05,0.0,-696802.789399887,-1130.9989173561335,1130.9989173561335,-2591228.0424311645,-48917.566458386835,48917.566458386835,-7979999.999999999,-60000.0,60000.0,0.0,0.0,-0.0,0.0,0.0,-0.0,14948380.031099949,104422.66359999776,-104422.66359999776,-1992688.4363273932,14005.636411170708,-14005.636411170708,0.5,0.9303816556930542,0.5,0.5,9303817.0,307.1893615722656,473.1572265625,313.16363525390625,-150000000.0,0.0,0.0,109571952.0,-2065241.625,-2065241.625,-189761904.0,-189761904.0,232255200.0,-0.0,0.0,0.85,1.0,-1.0,1.0,True,True,False,,0,0
16812000.0,133,0.1311939274711991,False,False,ok,,,True,1.0,0.0,1,0.0,1.0,0.0,0.0,1708197.8387588137,20537.07581726089,0.1311939274711991,-20537.07581726089,-0.1311939274711991,156539.83544146415,0.0,0.0,0.1311939274711991,0.08312859883449752,0.0069103639441868234,0.05,0.0,-697261.5702034838,-458.7808035968337,458.7808035968337,-2636290.212912399,-45062.17048123432,45062.17048123432,-8039999.999999999,-60000.0,60000.0,0.0,0.0,-0.0,0.0,0.0,-0.0,15064507.629449941,116127.59834999219,-116127.59834999219,-1982758.0075753005,9930.428752092645,-9930.428752092645,0.5,0.9331285953521729,0.5,0.5,9331286.0,308.0963134765625,473.1572265625,313.16363525390625,-150000000.0,0.0,0.0,117155448.0,-423214.28125,-423214.28125,-168496864.0,-168496864.0,201764640.0,-0.0,0.0,0.85,1.0,-1.0,1.0,True,True,False,,0,0
16815600.0,134,0.07858191779551014,False,False,ok,,,True,1.0,0.0,1,0.0,1.0,0.0,0.0,1720499.0392391975,12301.20048038382,0.07858191779551014,-12301.20048038382,-0.07858191779551014,156539.83544146415,0.0,0.0,0.07858191779551014,0.08460547297079768,0.007158086056612376,0.05,0.0,-697321.7172907644,-60.147087280638516,60.147087280638516,-2675226.366036425,-38936.15312402602,38936.15312402602,-8099999.999999999,-60000.0,60000.0,0.0,0.0,-0.0,0.0,0.0,-0.0,15165389.947649945,100882.31820000336,-100882.31820000336,-1972342.8250836097,10415.182491690852,-10415.182491690852,0.5,0.9346054792404175,0.5,0.5,9346055.0,308.5839538574219,473.1572265625,313.16363525390625,-150000000.0,0.0,0.0,50729116.0,0.0,-0.0,-139859440.0,-139859440.0,239130336.0,-0.0,0.0,0.85,1.0,-1.0,1.0,True,True,False,,0,0
16819200.0,135,0.20494643341228255,False,False,ok,,,True,1.0,0.0,1,0.0,1.0,0.0,0.0,1752581.3201998712,32082.2809606737,0.20494643341228255,-32082.2809606737,-0.20494643341228255,156539.83544146415,0.0,0.0,0.20494643341228255,0.08479217232160385,0.0071897124870165625,0.05,0.0,-697321.7172907644,0.0,-0.0,-2706176.117435302,-30949.75139887724,30949.75139887724,-8159999.999999999,-60000.0,60000.0,0.0,0.0,-0.0,0.0,0.0,-0.0,15284955.11239994,119565.16474999487,-119565.16474999487,-1968875.9574740585,3466.8676095511764,-3466.8676095511764,0.5,0.934792160987854,0.5,0.5,9347922.0,308.6455993652344,473.1572265625,313.16363525390625,-150000000.0,0.0,0.0,53630316.0,0.0,0.0,-103720512.0,-103720512.0,200090192.0,-0.0,0.0,0.85,1.0,-1.0,1.0,True,True,False,,0,0
16822800.0,136,0.1421202378758609,False,False,ok,,,True,1.0,0.0,1,0.0,1.0,0.0,0.0,1774828.7988498602,22247.478649989003,0.1421202378758609,-22247.478649989003,-0.1421202378758609,156539.83544146415,0.0,0.0,0.1421202378758609,0.08368982234378353,0.007003986363934048,0.05,0.0,-697321.7172907644,0.0,-0.0,-2727490.4525519866,-21314.335116684437,21314.335116684437,-8219999.999999999,-60000.0,60000.0,0.0,0.0,-0.0,0.0,0.0,-0.0,15385000.212049946,100045.09965000674,-100045.09965000674,-1965359.2433573843,3516.7141166741494,-3516.7141166741494,0.5,0.9336898326873779,0.5,0.5,9336898.0,308.2816162109375,473.1572265625,313.16363525390625,-150000000.0,0.0,0.0,-7111527.5,0.0,0.0,-62114240.0,-62114240.0,219225760.0,-0.0,0.0,0.85,1.0,-1.0,1.0,True,True,False,,0,0
16826400.0,137,0.14934279830175629,False,False,ok,,,True,1.0,0.0,1,0.0,1.0,0.0,0.0,1798206.895920385,23378.097070524702,0.14934279830175629,-23378.097070524702,-0.14934279830175629,156539.83544146415,0.0,0.0,0.14934279830175629,0.07996302865442562,0.006394085951588492,0.05,0.0,-697321.7172907644,0.0,-0.0,-2738419.5052023614,-10929.052650374826,10929.052650374826,-8279999.999999999,-60000.0,60000.0,0.0,0.0,-0.0,0.0,0.0,-0.0,15494613.09524994,109612.88319999352,-109612.88319999352,-1980664.9768364846,-15305.73347910028,15305.73347910028,0.5,0.9299630522727966,0.5,0.5,9299630.0,307.0511169433594,473.1572265625,313.16363525390625,-150000000.0,0.0,0.0,-63103092.0,0.0,0.0,-20520260.0,-20520260.0,233623360.0,-0.0,0.0,0.85,1.0,-1.0,1.0,True,True,False,,0,0
16830000.0,138,0.0678873407908244,False,False,ok,,,True,1.0,0.0,1,0.0,1.0,0.0,0.0,1808833.9690763392,10627.073155954247,0.0678873407908244,-10627.073155954247,-0.0678873407908244,156539.83544146415,0.0,0.0,0.0678873407908244,0.07280494623000211,0.005300560195553498,0.05,0.0,-697321.7172907644,0.0,-0.0,-2741269.0826637573,-2849.5774613958783,2849.5774613958783,-8339999.999999999,-60000.0,60000.0,0.0,0.0,-0.0,0.0,0.0,-0.0,15611424.771699939,116811.67644999921,-116811.67644999921,-2024000.0026691342,-43335.02583264955,43335.02583264955,0.5,0.9228049516677856,0.5,0.5,9228049.0,304.68768310546875,473.1572265625,313.16363525390625,-150000000.0,0.0,0.0,-51974528.0,0.0,0.0,-0.0,-0.0,201974528.0,-0.0,0.0,0.85,1.0,-1.0,1.0,True,True,False,,0,0
16833600.0,139,0.06262014376311802,False,False,ok,,,True,1.0,0.0,1,0.0,1.0,0.0,0.0,1818636.5160763385,9802.546999999322,0.06262014376311802,-9802.546999999322,-0.06262014376311802,156539.83544146415,0.0,0.0,0.06262014376311802,0.06510457096427846,0.0042386051604427705,0.05,0.0,-697321.7172907644,0.0,-0.0,-2741269.0826637573,0.0,-0.0,-8399999.999999998,-59999.99999999907,59999.99999999907,0.0,0.0,-0.0,0.0,0.0,-0.0,15712412.036699947,100987.26500000805,-100987.26500000805,-2055184.7206691336,-31184.71799999941,31184.71799999941,0.5,0.9151045680046082,0.5,0.5,9151046.0,302.14520263671875,473.1572265625,313.16363525390625,-150000000.0,0.0,0.0,-71737968.0,0.0,0.0,-0.0,-0.0,221737968.0,-0.0,0.0,0.85,1.0,-1.0,1.0,True,True,False,,0,0
16837200.0,140,0.04999496439950153,False,False,ok,,,True,1.0,0.0,1,0.0,1.0,0.0,0.0,1826462.7195763383,7826.203499999829,0.04999496439950153,-7826.203499999829,-0.04999496439950153,156539.83544146415,0.0,0.0,0.04999496439950153,0.059115011916281546,0.0034945846338621093,0.05,0.0,-697321.7172907644,0.0,-0.0,-2741269.0826637573,0.0,-0.0,-8459999.999999998,-60000.0,60000.0,0.0,0.0,-0.0,0.0,0.0,-0.0,15823281.019199952,110868.98250000551,-110868.98250000551,-2098227.4996691346,-43042.77900000103,43042.77900000103,0.5,0.9091150164604187,0.5,0.5,9091150.0,300.1675720214844,473.1572265625,313.16363525390625,-150000000.0,0.0,0.0,-58719036.0,0.0,0.0,-0.0,-0.0,208719040.0,-0.0,0.0,0.85,1.0,-1.0,1.0,True,True,False,,0,0
16840800.0,141,0.058311651307527065,False,False,ok,,,True,1.0,0.0,1,0.0,1.0,0.0,0.0,1835590.8158763386,9128.096300000325,0.058311651307527065,-9128.096300000325,-0.058311651307527065,156539.83544146415,0.0,0.0,0.058311651307527065,0.054437135189708497,0.0029634016876625992,0.05,0.0,-697321.7172907644,0.0,-0.0,-2741269.0826637573,0.0,-0.0,-8519999.999999998,-60000.0,60000.0,0.0,0.0,-0.0,0.0,0.0,-0.0,15927640.53769996,104359.51850000769,-104359.51850000769,-2133458.9218691327,-35231.42219999805,35231.42219999805,0.5,0.9044371247291565,0.5,0.5,9044371.0,298.623046875,473.1572265625,313.16363525390625,-150000000.0,0.0,0.0,-79160576.0,0.0,0.0,-0.0,-0.0,229160576.0,-0.0,0.0,0.85,1.0,-1.0,1.0,True,True,False,,0,0
16844400.0,142,0.04525329051242703,False,False,ok,,,True,1.0,0.0,1,0.0,1.0,0.0,0.0,1842674.7585263387,7083.942650000099,0.04525329051242703,-7083.942650000099,-0.04525329051242703,156539.83544146415,0.0,0.0,0.04525329051242703,0.05048485168025163,0.002548720249177006,0.05,0.0,-697321.7172907644,0.0,-0.0,-2741269.0826637573,0.0,-0.0,-8579999.999999998,-60000.0,60000.0,0.0,0.0,-0.0,0.0,0.0,-0.0,16042220.824449953,114580.28674999252,-114580.28674999252,-2180955.265969132,-47496.344099999405,47496.344099999405,0.5,0.9004848599433899,0.5,0.5,9004849.0,297.318115234375,473.1572265625,313.16363525390625,-150000000.0,0.0,0.0,-59551788.0,0.0,0.0,-0.0,-0.0,209551792.0,-0.0,0.0,0.85,1.0,-1.0,1.0,True,True,False,,0,0
16848000.0,143,0.057779676364751745,False,False,ok,,,True,1.0,0.0,1,0.0,1.0,0.0,0.0,1851719.579556338,9044.821029999293,0.057779676364751745,-9044.821029999293,-0.057779676364751745,156539.83544146415,0.0,0.0,0.057779676364751745,0.04677937845792479,0.002188310248909758,0.05,1.0,-697321.7172907644,0.0,-0.0,-2741269.0826637573,0.0,-0.0,-8639999.999999998,-60000.0,60000.0,0.0,0.0,-0.0,0.0,0.0,-0.0,16146996.71929996,104775.89485000819,-104775.89485000819,-2216686.3397891317,-35731.07381999958,35731.07381999958,0.5,0.8967793583869934,0.5,0.5,8967794.0,296.0946350097656,473.1572265625,313.16363525390625,-150000000.0,0.0,0.0,-69181968.0,0.0,0.0,-0.0,-0.0,219181968.0,-0.0,0.0,0.85,1.0,-1.0,1.0,True,True,False,,0,0
16851600.0,144,0.05162777313012969,False,False,ok,,,True,1.0,0.0,1,0.0,1.0,0.0,0.0,1859801.3826663378,8081.803109999746,0.05162777313012969,-8081.803109999746,-0.05162777313012969,156539.83544146415,0.0,0.0,0.05162777313012969,0.04296918694641272,0.0018463510268357651,0.05,1.0,-697321.7172907644,0.0,-0.0,-2741269.0826637573,0.0,-0.0,-8699999.999999998,-60000.0,60000.0,0.0,0.0,-0.0,0.0,0.0,-0.0,16256587.703749962,109590.98445000127,-109590.98445000127,-2258195.521129133,-41509.18134000152,41509.18134000152,0.5,0.8929691910743713,0.5,0.5,8929692.0,294.83660888671875,473.1572265625,313.16363525390625,-150000000.0,0.0,0.0,-94108992.0,0.0,0.0,-0.0,-0.0,244108992.0,-0.0,0.0,0.85,1.0,-1.0,1.0,True,True,False,,0,0
16855200.0,145,0.035704017985188935,False,False,ok,,,True,1.0,0.0,1,0.0,1.0,0.0,0.0,1865390.4837663383,5589.101100000553,0.035704017985188935,-5589.101100000553,-0.035704017985188935,156539.83544146415,0.0,0.0,0.035704017985188935,0.039090193609951696,0.0015280432364635085,0.05,1.0,-697321.7172907644,0.0,-0.0,-2741269.0826637573,0.0,-0.0,-8759999.999999998,-60000.0,60000.0,0.0,0.0,-0.0,0.0,0.0,-0.0,16378642.198249955,122054.49449999258,-122054.49449999258,-2314660.9145291345,-56465.39340000134,56465.39340000134,0.5,0.8890901803970337,0.5,0.5,8890902.0,293.55584716796875,473.1572265625,313.16363525390625,-150000000.0,0.0,0.0,-50092068.0,0.0,0.0,-0.0,-0.0,200092064.0,-0.0,0.0,0.85,1.0,-1.0,1.0,True,True,False,,0,0
16858800.0,146,0.06382268878605091,False,False,ok,,,True,1.0,0.0,1,0.0,1.0,0.0,0.0,1875381.2769663385,9990.79320000019,0.06382268878605091,-9990.79320000019,-0.06382268878605091,156539.83544146415,0.0,0.0,0.06382268878605091,0.035553579923803036,0.0012640570453982503,0.05,1.0,-697321.7172907644,0.0,-0.0,-2741269.0826637573,0.0,-0.0,-8819999.999999998,-60000.0,60000.0,0.0,0.0,-0.0,0.0,0.0,-0.0,16478688.23224995,100046.0339999944,-100046.0339999944,-2344716.1553291334,-30055.240799998865,30055.240799998865,0.5,0.8855535984039307,0.5,0.5,8855536.0,292.3881530761719,473.1572265625,313.16363525390625,-150000000.0,0.0,0.0,-84010168.0,0.0,0.0,-0.0,-0.0,234010176.0,-0.0,0.0,0.85,1.0,-1.0,1.0,True,True,False,,0,0
16862400.0,147,0.04614040003543674,False,False,ok,,,True,1.0,0.0,1,0.0,1.0,0.0,0.0,1882604.087595089,7222.810628750594,0.04614040003543674,-7222.810628750594,-0.04614040003543674,156539.83544146415,0.0,0.0,0.04614040003543674,0.032949836424290835,0.001085691720387523,0.05,1.0,-697321.7172907644,0.0,-0.0,-2741714.6739271507,-445.5912633934058,445.5912633934058,-8879999.999999998,-60000.0,60000.0,0.0,0.0,-0.0,0.0,0.0,-0.0,16595693.317949954,117005.0857000053,-117005.0857000053,-2394052.8391369893,-49336.68380785594,49336.68380785594,0.5,0.8829498291015625,0.5,0.5,8829498.0,291.5284423828125,473.1572265625,313.16363525390625,-150000000.0,0.0,0.0,-60166688.0,0.0,0.0,-3959043.75,-3959043.75,214125728.0,-0.0,0.0,0.85,1.0,-1.0,1.0,True,True,False,,0,0
16866000.0,148,0.0944132855554762,False,False,ok,,,True,1.0,0.0,1,0.0,1.0,0.0,0.0,1897383.5277794313,14779.44018434221,0.0944132855554762,-14779.44018434221,-0.0944132855554762,156539.83544146415,0.0,0.0,0.0944132855554762,0.033485776870537,0.0011212972526233906,0.05,1.0,-697321.7172907644,0.0,-0.0,-2746137.5405159667,-4422.866588816047,4422.866588816047,-8939999.999999998,-60000.0,60000.0,0.0,0.0,-0.0,0.0,0.0,-0.0,16702756.18314996,107062.86520000547,-107062.86520000547,-2421913.3975638314,-27860.558426842093,27860.558426842093,0.5,0.8834857940673828,0.5,0.5,8834858.0,291.7054138183594,473.1572265625,313.16363525390625,-150000000.0,0.0,0.0,-56921764.0,0.0,0.0,-34148668.0,-34148668.0,241070432.0,-0.0,0.0,0.85,1.0,-1.0,1.0,True,True,False,,0,0
16869600.0,149,0.16395615242253997,False,False,ok,,,True,1.0,0.0,1,0.0,1.0,0.0,0.0,1923049.1968992713,25665.669119840022,0.16395615242253997,-25665.669119840022,-0.16395615242253997,156539.83544146415,0.0,0.0,0.16395615242253997,0.03807687120354275,0.0014498481206511832,0.05,1.0,-697321.7172907644,0.0,-0.0,-2760260.906430138,-14123.365914171096,14123.365914171096,-8999999.999999998,-60000.0,60000.0,0.0,0.0,-0.0,0.0,0.0,-0.0,16823291.398949955,120535.21579999477,-120535.21579999477,-2442659.57832982,-20746.18076598877,20746.18076598877,0.5,0.8880768418312073,0.5,0.5,8880769.0,293.2212829589844,473.1572265625,313.16363525390625,-150000000.0,0.0,0.0,18294042.0,0.0,-0.0,-82999512.0,-82999512.0,214705472.0,-0.0,0.0,0.85,1.0,-1.0,1.0,True,True,False,,0,0
16873200.0,150,0.16335154428855347,False,False,ok,,,True,1.0,0.0,1,0.0,1.0,0.0,0.0,1948620.2207613105,25571.023862039205,0.16335154428855347,-25571.023862039205,-0.16335154428855347,156539.83544146415,0.0,0.0,0.16335154428855347,0.04543194636945358,0.002064061750916906,0.05,1.0,-697321.7172907644,0.0,-0.0,-2785779.5143934055,-25518.607963267714,25518.607963267714,-9059999.999999998,-60000.0,60000.0,0.0,0.0,-0.0,0.0,0.0,-0.0,16930644.134749953,107352.73579999804,-107352.73579999804,-2438922.6823045127,3736.8960253074765,-3736.8960253074765,0.5,0.8954319357872009,0.5,0.5,8954319.0,295.64971923828125,473.1572265625,313.16363525390625,-150000000.0,0.0,0.0,55128152.0,0.0,0.0,-124633168.0,-124633168.0,219505008.0,-0.0,0.0,0.85,1.0,-1.0,1.0,True,True,False,,0,0
16876800.0,151,0.13307977230261078,False,False,ok,,,True,1.0,0.0,1,0.0,1.0,0.0,0.0,1969452.5064181488,20832.285656838212,0.13307977230261078,-20832.285656838212,-0.13307977230261078,156539.83544146415,0.0,0.0,0.13307977230261078,0.05392881089473611,0.0029083166445202082,0.05,0.0,-698619.4046742175,-1297.6873834530124,1297.6873834530124,-2820850.848699326,-35071.33430592064,35071.33430592064,-9119999.999999998,-60000.0,60000.0,0.0,0.0,-0.0,0.0,0.0,-0.0,17040396.641999964,109752.50725001097,-109752.50725001097,-2431473.882208301,7448.800096211489,-7448.800096211489,0.5,0.903928816318512,0.5,0.5,9039288.0,298.4551696777344,473.1572265625,313.16363525390625,-150000000.0,0.0,0.0,71602144.0,-10247571.0,-10247571.0,-158908608.0,-158908608.0,247554048.0,-0.0,0.0,0.85,1.0,-1.0,1.0,True,True,False,,0,0
16880400.0,152,0.1525045330541416,False,False,ok,,,True,1.0,0.0,1,0.0,1.0,0.0,0.0,1993325.5409265214,23873.034508372657,0.1525045330541416,-23873.034508372657,-0.1525045330541416,156539.83544146415,0.0,0.0,0.1525045330541416,0.06179298982410786,0.0038183735914022973,0.05,0.0,-704858.5389381562,-6239.1342639387585,6239.1342639387585,-2863670.944061635,-42820.0953623089,42820.0953623089,-9179999.999999998,-60000.0,60000.0,0.0,0.0,-0.0,0.0,0.0,-0.0,17164173.662249964,123777.02025000006,-123777.02025000006,-2422318.638323681,9155.243884620257,-9155.243884620257,0.5,0.9117929935455322,0.5,0.5,9117930.0,301.05169677734375,473.1572265625,313.16363525390625,-150000000.0,0.0,0.0,122976000.0,-28619678.0,-28619678.0,-186119056.0,-186119056.0,241762736.0,-0.0,0.0,0.85,1.0,-1.0,1.0,True,True,False,,0,0
16884000.0,153,0.07927888986161555,False,False,ok,,,True,1.0,0.0,1,0.0,1.0,0.0,0.0,2005735.8452994407,12410.304372919258,0.07927888986161555,-12410.304372919258,-0.07927888986161555,156539.83544146415,0.0,0.0,0.07927888986161555,0.06841298089670966,0.004680335955173562,0.05,0.0,-719165.8186698108,-14307.279731654562,14307.279731654562,-2912129.7812357526,-48458.837174117565,48458.837174117565,-9239999.999999998,-60000.0,60000.0,0.0,0.0,-0.0,0.0,0.0,-0.0,17285055.027499977,120881.36525001377,-120881.36525001377,-2408023.58229499,14295.05602869112,-14295.05602869112,0.5,0.918412983417511,0.5,0.5,9184130.0,303.2374572753906,473.1572265625,313.16363525390625,-150000000.0,0.0,0.0,166624336.0,-57940944.0,-57940944.0,-203194224.0,-203194224.0,244510832.0,-0.0,0.0,0.85,1.0,-1.0,1.0,True,True,False,,0,0
16887600.0,154,0.02932437330975966,False,False,ok,,,True,1.0,0.0,1,0.0,1.0,0.0,0.0,2010326.2778717745,4590.432572333841,0.02932437330975966,-4590.432572333841,-0.02932437330975966,156539.83544146415,0.0,0.0,0.02932437330975966,0.07367285979981852,0.005427690271083716,0.05,0.0,-743807.7019706203,-24641.88330080954,24641.88330080954,-2963150.7073237556,-51020.926088002976,51020.926088002976,-9299999.999999998,-60000.0,60000.0,0.0,0.0,-0.0,0.0,0.0,-0.0,17407310.444299985,122255.41680000722,-122255.41680000722,-2390025.757133843,17997.82516114693,-17997.82516114693,0.5,0.9236728549003601,0.5,0.5,9236729.0,304.97412109375,473.1572265625,313.16363525390625,-150000000.0,0.0,0.0,195468640.0,-86921616.0,-86921616.0,-205176480.0,-205176480.0,246629456.0,-0.0,0.0,0.85,1.0,-1.0,1.0,True,True,False,,0,0
16891200.0,155,-0.0011310659548604658,False,False,ok,,,True,1.0,0.0,1,0.0,1.0,0.0,0.0,2010149.2209933272,-177.05687844729982,-0.0011310659548604658,177.05687844729982,0.0011310659548604658,156539.83544146415,0.0,0.0,-0.0011310659548604658,0.07766840175187883,0.006032380630691256,0.05,0.0,-776143.714603714,-32336.012633093633,32336.012633093633,-3014370.1822531987,-51219.474929443095,51219.474929443095,-9359999.999999998,-60000.0,60000.0,0.0,0.0,-0.0,0.0,0.0,-0.0,17530625.169249993,123314.7249500081,-123314.7249500081,-2369962.0513997534,20063.705734089483,-20063.705734089483,0.5,0.9276683926582336,0.5,0.5,9276684.0,306.2933349609375,473.1572265625,313.16363525390625,-150000000.0,0.0,0.0,247300288.0,-99253960.0,-99253960.0,-204514352.0,-204514352.0,206468032.0,-0.0,0.0,0.85,1.0,-1.0,1.0,True,True,False,,0,0
16894800.0,156,-0.10965812966060318,False,False,ok,,,True,1.0,0.0,1,0.0,1.0,0.0,0.0,1992983.3554214376,-17165.86557188956,-0.10965812966060318,17165.86557188956,0.10965812966060318,156539.83544146415,0.0,0.0,-0.10965812966060318,0.08060967473108083,0.006497919660250651,0.05,0.0,-810810.461091214,-34666.74648750003,34666.74648750003,-3064355.375845038,-49985.19359183917,49985.19359183917,-9419999.999999998,-60000.0,60000.0,0.0,0.0,-0.0,0.0,0.0,-0.0,17633859.184699986,103234.01544999331,-103234.01544999331,-2345709.992342304,24252.059057449456,-24252.059057449456,0.5,0.9306097030639648,0.5,0.5,9306097.0,307.2644958496094,473.1572265625,313.16363525390625,-150000000.0,0.0,0.0,225723936.0,-98796176.0,-98796176.0,-194342080.0,-194342080.0,217414304.0,-0.0,0.0,0.85,1.0,-1.0,1.0,True,True,False,,0,0
16898400.0,157,-0.0665196754115346,False,False,ok,,,True,1.0,0.0,1,0.0,1.0,0.0,0.0,1982570.3763788964,-10412.979042541236,-0.0665196754115346,10412.979042541236,0.0665196754115346,156539.83544146415,0.0,0.0,-0.0665196754115346,0.08263744816009799,0.0068289478384128835,0.05,0.0,-845389.1222782641,-34578.661187050166,34578.661187050166,-3110488.142274214,-46132.76642917609,46132.76642917609,-9479999.999999998,-60000.0,60000.0,0.0,0.0,-0.0,0.0,0.0,-0.0,17742566.340349983,108707.1556499973,-108707.1556499973,-2324118.6994186197,21591.292923684232,-21591.292923684232,0.5,0.9326374530792236,0.5,0.5,9326374.0,307.9339904785156,473.1572265625,313.16363525390625,-150000000.0,0.0,0.0,185543408.0,-98796176.0,-98796176.0,-172427744.0,-172427744.0,235680512.0,-0.0,0.0,0.85,1.0,-1.0,1.0,True,True,False,,0,0
16902000.0,158,0.0021053786809230542,False,False,ok,,,True,1.0,0.0,1,0.0,1.0,0.0,0.0,1982899.95201115,329.57563225366175,0.0021053786809230542,-329.57563225366175,-0.0021053786809230542,156539.83544146415,0.0,0.0,0.0021053786809230542,0.08365766976001132,0.006998605709675113,0.05,0.0,-880474.9557702605,-35085.833491996396,35085.833491996396,-3150290.3454918903,-39802.203217676375,39802.203217676375,-9539999.999999998,-60000.0,60000.0,0.0,0.0,-0.0,0.0,0.0,-0.0,17860406.59934997,117840.25899998844,-117840.25899998844,-2306741.3460766934,17377.353341926355,-17377.353341926355,0.5,0.9336576461791992,0.5,0.5,9336577.0,308.2708435058594,473.1572265625,313.16363525390625,-150000000.0,0.0,0.0,163565200.0,-102028056.0,-102028056.0,-142794592.0,-142794592.0,231257456.0,-0.0,0.0,0.85,1.0,-1.0,1.0,True,True,False,,0,0
16905600.0,159,0.021193069844203886,False,False,ok,,,True,1.0,0.0,1,0.0,1.0,0.0,0.0,1986217.5116770612,3317.5596659111325,0.021193069844203886,-3317.5596659111325,-0.021193069844203886,156539.83544146415,0.0,0.0,0.021193069844203886,0.08356323965082746,0.006982815020941622,0.05,0.0,-915819.2157635159,-35344.25999325537,35344.25999325537,-3181856.2193900673,-31565.873898176942,31565.873898176942,-9599999.999999998,-60000.0,60000.0,0.0,0.0,-0.0,0.0,0.0,-0.0,17976035.32934997,115628.72999999672,-115628.72999999672,-2292142.38251935,14598.963557343464,-14598.963557343464,0.5,0.933563232421875,0.5,0.5,9335632.0,308.23968505859375,473.1572265625,313.16363525390625,-150000000.0,0.0,0.0,113712696.0,-99713040.0,-99713040.0,-105680592.0,-105680592.0,241680944.0,-0.0,0.0,0.85,1.0,-1.0,1.0,True,True,False,,0,0
16909200.0,160,0.0979134482798298,False,False,ok,,,True,1.0,0.0,1,0.0,1.0,0.0,0.0,2001544.866758292,15327.355081230868,0.0979134482798298,-15327.355081230868,-0.0979134482798298,156539.83544146415,0.0,0.0,0.0979134482798298,0.082300205943035,0.006773323898265973,0.05,0.0,-948467.6061678326,-32648.390404316713,32648.390404316713,-3203564.1208209717,-21707.9014309044,21707.9014309044,-9659999.999999998,-60000.0,60000.0,0.0,0.0,-0.0,0.0,0.0,-0.0,18096875.797849964,120840.46849999577,-120840.46849999577,-2283299.2041028976,8843.17841645237,-8843.17841645237,0.5,0.9323002099990845,0.5,0.5,9323002.0,307.8226623535156,473.1572265625,313.16363525390625,-150000000.0,0.0,0.0,87970160.0,-85659160.0,-85659160.0,-63336192.0,-63336192.0,211025200.0,-0.0,0.0,0.85,1.0,-1.0,1.0,True,True,False,,0,0
16912800.0,161,0.11092134691741422,False,False,ok,,,True,1.0,0.0,1,0.0,1.0,0.0,0.0,2018908.4761516897,17363.60939339758,0.11092134691741422,-17363.60939339758,-0.11092134691741422,156539.83544146415,0.0,0.0,0.11092134691741422,0.0794705520342136,0.006315568640622652,0.05,0.0,-970119.525491124,-21651.919323291397,21651.919323291397,-3214532.1403328194,-10968.019511847757,10968.019511847757,-9719999.999999998,-60000.0,60000.0,0.0,0.0,-0.0,0.0,0.0,-0.0,18202388.395049978,105512.5972000137,-105512.5972000137,-2278828.2530743615,4470.951028536074,-4470.951028536074,0.5,0.9294705390930176,0.5,0.5,9294706.0,306.88836669921875,473.1572265625,313.16363525390625,-150000000.0,0.0,0.0,-9324332.0,-37060004.0,-37060004.0,-19581688.0,-19581688.0,215966032.0,-0.0,0.0,0.85,1.0,-1.0,1.0,True,True,False,,0,0
16916400.0,162,0.11489787240478228,False,False,ok,,,True,1.0,0.0,1,0.0,1.0,0.0,0.0,2036894.5701905086,17986.094038818963,0.11489787240478228,-17986.094038818963,-0.11489787240478228,156539.83544146415,0.0,0.0,0.11489787240478228,0.07424349881442904,0.005512097116208127,0.05,0.0,-978214.9980208902,-8095.47252976615,8095.47252976615,-3217246.580547401,-2714.4402145817876,2714.4402145817876,-9779999.999999998,-60000.0,60000.0,0.0,0.0,-0.0,0.0,0.0,-0.0,18310371.408249993,107983.01320001483,-107983.01320001483,-2298015.2594911945,-19187.00641683303,19187.00641683303,0.5,0.9242435097694397,0.5,0.5,9242435.0,305.1625061035156,473.1572265625,313.16363525390625,-150000000.0,0.0,0.0,-51699020.0,-9270285.0,-9270285.0,-0.0,-0.0,210969296.0,-0.0,0.0,0.85,1.0,-1.0,1.0,True,True,False,,0,0
16920000.0,163,0.07656431195675205,False,False,ok,,,True,1.0,0.0,1,0.0,1.0,0.0,0.0,2048879.9349849075,11985.36479439889,0.07656431195675205,-11985.36479439889,-0.07656431195675205,156539.83544146415,0.0,0.0,0.07656431195675205,0.06813053905116206,0.004641770351401919,0.05,0.0,-982530.2112230484,-4315.213202158222,4315.213202158222,-3217246.580547401,0.0,-0.0,-9839999.999999998,-60000.0,60000.0,0.0,0.0,-0.0,0.0,0.0,-0.0,18415856.059999984,105484.65174999088,-105484.65174999088,-2327199.3332446367,-29184.07375344215,29184.07375344215,0.5,0.9181305170059204,0.5,0.5,9181305.0,303.1441650390625,473.1572265625,313.16363525390625,-150000000.0,0.0,0.0,-35041132.0,-16360634.0,-16360634.0,-0.0,-0.0,201401760.0,-0.0,0.0,0.85,1.0,-1.0,1.0,True,True,False,,0,0
16923600.0,164,0.0877780769750258,False,False,ok,,,True,1.0,0.0,1,0.0,1.0,0.0,0.0,2062620.7007099462,13740.765725038713,0.0877780769750258,-13740.765725038713,-0.0877780769750258,156539.83544146415,0.0,0.0,0.0877780769750258,0.06290921172849107,0.003957568920300118,0.05,0.0,-987963.5306181025,-5433.319395054132,5433.319395054132,-3217246.580547401,0.0,-0.0,-9899999.999999998,-60000.0,60000.0,0.0,0.0,-0.0,0.0,0.0,-0.0,18516556.9435,100700.88350001723,-100700.88350001723,-2348726.1316245445,-21526.79837990785,21526.79837990785,0.5,0.912909209728241,0.5,0.5,9129092.0,301.4201965332031,473.1572265625,313.16363525390625,-150000000.0,0.0,0.0,-69492096.0,-14518397.0,-14518397.0,-0.0,-0.0,234010496.0,-0.0,0.0,0.85,1.0,-1.0,1.0,True,True,False,,0,0
16927200.0,165,0.06295607814382917,False,False,ok,,,True,1.0,0.0,1,0.0,1.0,0.0,0.0,2072475.8348226212,9855.134112674976,0.06295607814382917,-9855.134112674976,-0.06295607814382917,156539.83544146415,0.0,0.0,0.06295607814382917,0.058236519143462395,0.003391492161946862,0.05,0.0,-992522.1868498471,-4558.656231744564,4558.656231744564,-3217246.580547401,0.0,-0.0,-9959999.999999998,-60000.0,60000.0,0.0,0.0,-0.0,0.0,0.0,-0.0,18633562.188049998,117005.24454999715,-117005.24454999715,-2391317.5858301255,-42591.45420558099,42591.45420558099,0.5,0.9082365036010742,0.5,0.5,9082365.0,299.87738037109375,473.1572265625,313.16363525390625,-150000000.0,0.0,0.0,-53047056.0,-11260390.0,-11260390.0,-0.0,-0.0,214307440.0,-0.0,0.0,0.85,1.0,-1.0,1.0,False,True,False,,0,0
16930800.0,166,0.07209601155837796,False,False,ok,,,True,1.0,0.0,1,0.0,1.0,0.0,0.0,2083761.7326079556,11285.897785334382,0.07209601155837796,-11285.897785334382,-0.07209601155837796,156539.83544146415,0.0,0.0,0.07209601155837796,0.05405861954165481,0.002922334346749383,0.05,0.0,-996325.4863153148,-3803.2994654676877,3803.2994654676877,-3217246.580547401,0.0,-0.0,-10019999.999999998,-60000.0,60000.0,0.0,0.0,-0.0,0.0,0.0,-0.0,18740715.911500003,107153.72345000505,-107153.72345000505,-2423382.112029324,-32064.526199198328,32064.526199198328,0.5,0.9040586352348328,0.5,0.5,9040586.0,298.4979248046875,473.1572265625,313.16363525390625,-150000000.0,0.0,0.0,-41149468.0,-10390069.0,-10390069.0,-0.0,-0.0,201539536.0,-0.0,0.0,0.85,1.0,-1.0,1.0,False,True,False,,0,0
16934400.0,167,0.076279850221342,False,True,ok,,,True,1.0,0.0,1,0.0,1.0,0.0,0.0,2095702.567809104,11940.83520114841,0.076279850221342,-11940.83520114841,-0.076279850221342,156539.83544146415,0.0,0.0,0.076279850221342,0.05031383571915493,0.002531482064774111,0.05,0.0,-999258.1910429227,-2932.7047276078956,2932.7047276078956,-3217246.580547401,0.0,-0.0,-10079999.999999998,-60000.0,60000.0,0.0,0.0,-0.0,0.0,0.0,-0.0,18841485.68095002,100769.76945001632,-100769.76945001632,-2449278.3415505677,-25896.229521243833,25896.229521243833,0.5,0.9003138542175293,0.5,0.5,9003138.0,297.2615051269531,473.1572265625,313.16363525390625,-150000000.0,0.0,0.0,-58162116.0,-6060431.5,-6060431.5,-0.0,-0.0,214222544.0,-0.0,0.0,0.85,1.0,-1.0,1.0,False,True,False,,0,0
