time,step,reward,terminated,truncated,fmu_status,fmu_error,failure_type,transition_valid,requested_u_tp,requested_u_battery,requested_caes_mode,requested_caes_magnitude,decoded_u_tp,decoded_u_battery,decoded_u_caes,rt_economic_cashflow_total,rt_economic_cashflow_delta,rt_economic_reward,rt_raw_total_cost,rt_normalized_cost,rt_cost_reference,rt_cost_reference_missing,rt_terminal_soc_bonus,rt_reward,rt_terminal_soc_l1_error,rt_terminal_soc_l2_error,rt_terminal_soc_tolerance,rt_terminal_soc_satisfied,rt_economic_cashflow_wind,rt_economic_cashflow_delta_wind,rt_raw_wind_cost,rt_economic_cashflow_pv,rt_economic_cashflow_delta_pv,rt_raw_pv_cost,rt_economic_cashflow_thermal,rt_economic_cashflow_delta_thermal,rt_raw_thermal_cost,rt_economic_cashflow_battery,rt_economic_cashflow_delta_battery,rt_raw_battery_cost,rt_economic_cashflow_caes,rt_economic_cashflow_delta_caes,rt_raw_caes_cost,rt_economic_cashflow_load,rt_economic_cashflow_delta_load,rt_raw_load_cost,rt_economic_cashflow_grid,rt_economic_cashflow_delta_grid,rt_raw_grid_cost,obs_battery_soc,obs_caes_gas_soc,obs_caes_hot_soc,obs_caes_cold_soc,obs_caes_gas_pressure,obs_caes_gas_temperature,obs_caes_hot_temperature,obs_caes_cold_temperature,obs_p_thermal,obs_p_battery,obs_p_caes,obs_p_grid,obs_p_wind_available,obs_p_wind_actual,obs_p_pv_available,obs_p_pv_actual,obs_p_load_actual,obs_p_curtailment,obs_p_unserved,u_tp_dynamic_low,u_tp_dynamic_high,u_battery_dynamic_low,u_battery_dynamic_high,caes_discharge_allowed,caes_idle_allowed,caes_charge_allowed,caes_locked_mode,caes_locked_steps_completed,caes_locked_steps_remaining
27824400.0,0,0.039042668486037886,False,False,ok,,,True,1.0,0.0,1,0.0,1.0,0.0,0.0,6111.732900000009,6111.732900000009,0.039042668486037886,-6111.732900000009,-0.039042668486037886,156539.83544146415,0.0,0.0,0.039042668486037886,0.002547214050327984,6.4882994181882925e-06,0.05,1.0,0.0,0.0,-0.0,0.0,0.0,-0.0,-59999.99999999999,-59999.99999999999,59999.99999999999,0.0,0.0,-0.0,0.0,0.0,-0.0,119441.33549999999,119441.33549999999,-119441.33549999999,-53329.6026,-53329.6026,53329.6026,0.5,0.8474527597427368,0.5,0.5,8474528.0,279.8089599609375,473.1572265625,313.16363525390625,-150000000.0,0.0,0.0,-87861864.0,0.0,0.0,-0.0,-0.0,237861872.0,-0.0,0.0,0.85,1.0,-1.0,1.0,True,True,False,,0,0
27828000.0,1,0.03969477355381261,False,False,ok,,,True,1.0,0.0,1,0.0,1.0,0.0,0.0,12325.546220000018,6213.813320000009,0.03969477355381261,-6213.813320000009,-0.03969477355381261,156539.83544146415,0.0,0.0,0.03969477355381261,0.004458055119403004,1.987425544763533e-05,0.05,1.0,0.0,0.0,-0.0,0.0,0.0,-0.0,-119999.99999999999,-59999.99999999999,59999.99999999999,0.0,0.0,-0.0,0.0,0.0,-0.0,238372.2688999999,118930.93339999992,-118930.93339999992,-106046.72268000002,-52717.12008000002,52717.12008000002,0.5,0.8455419540405273,0.5,0.5,8455419.0,279.17803955078125,473.1572265625,313.16363525390625,-150000000.0,0.0,0.0,-88257256.0,0.0,0.0,-0.0,-0.0,238257264.0,-0.0,0.0,0.85,1.0,-1.0,1.0,True,True,False,,0,0
27831600.0,2,0.03944219215886924,False,False,ok,,,True,1.0,0.0,1,0.0,1.0,0.0,0.0,18499.820490000016,6174.274269999998,0.03944219215886924,-6174.274269999998,-0.03944219215886924,156539.83544146415,0.0,0.0,0.03944219215886924,0.005907306921334676,3.489627506284857e-05,0.05,1.0,0.0,0.0,-0.0,0.0,0.0,-0.0,-179999.99999999997,-59999.999999999985,59999.999999999985,0.0,0.0,-0.0,0.0,0.0,-0.0,357500.8975499997,119128.6286499998,-119128.6286499998,-159001.07705999995,-52954.35437999993,52954.35437999993,0.5,0.8440926671028137,0.5,0.5,8440927.0,278.69952392578125,473.1572265625,313.16363525390625,-150000000.0,0.0,0.0,-82211040.0,0.0,0.0,-0.0,-0.0,232211040.0,-0.0,0.0,0.85,1.0,-1.0,1.0,True,True,False,,0,0
27835200.0,3,0.04330460704064607,False,False,ok,,,True,1.0,0.0,1,0.0,1.0,0.0,0.0,25278.716550000023,6778.896060000006,0.04330460704064607,-6778.896060000006,-0.04330460704064607,156539.83544146415,0.0,0.0,0.04330460704064607,0.0071245436077391755,5.075912161857715e-05,0.05,1.0,0.0,0.0,-0.0,0.0,0.0,-0.0,-239999.99999999997,-60000.0,60000.0,0.0,0.0,-0.0,0.0,0.0,-0.0,473606.41724999994,116105.51970000024,-116105.51970000024,-208327.70069999984,-49326.62363999989,49326.62363999989,0.5,0.8428754806518555,0.5,0.5,8428755.0,278.2976379394531,473.1572265625,313.16363525390625,-150000000.0,0.0,0.0,-103765768.0,0.0,0.0,-0.0,-0.0,253765760.0,-0.0,0.0,0.85,1.0,-1.0,1.0,True,True,False,,0,0
27838800.0,4,0.029535122717877636,False,False,ok,,,True,1.0,0.0,1,0.0,1.0,0.0,0.0,29902.139800000037,4623.423250000014,0.029535122717877636,-4623.423250000014,-0.029535122717877636,156539.83544146415,0.0,0.0,0.029535122717877636,0.00836443012205923,6.996369126681178e-05,0.05,1.0,0.0,0.0,-0.0,0.0,0.0,-0.0,-299999.99999999994,-59999.99999999997,59999.99999999997,0.0,0.0,-0.0,0.0,0.0,-0.0,600489.301,126882.88375000004,-126882.88375000004,-270587.16119999986,-62259.460500000016,62259.460500000016,0.5,0.8416355848312378,0.5,0.5,8416356.0,277.88824462890625,473.1572265625,313.16363525390625,-150000000.0,0.0,0.0,-89012744.0,0.0,0.0,-0.0,-0.0,239012736.0,-0.0,0.0,0.85,1.0,-1.0,1.0,True,True,False,,0,0
27842400.0,5,0.051707589904858964,False,False,ok,,,True,1.0,0.0,1,0.0,1.0,0.0,0.0,37996.43741478137,8094.297614781335,0.051707589904858964,-8094.297614781335,-0.051707589904858964,156539.83544146415,0.0,0.0,0.051707589904858964,0.009657572195334918,9.326870070810611e-05,0.05,1.0,0.0,0.0,-0.0,-1425.4085605580804,-1425.4085605580804,1425.4085605580804,-359999.99999999994,-60000.0,60000.0,0.0,0.0,-0.0,0.0,0.0,-0.0,719995.67285,119506.37185,-119506.37185,-320573.8268746604,-49986.66567466053,49986.66567466053,0.5,0.8403424024581909,0.5,0.5,8403424.0,277.4612731933594,473.1572265625,313.16363525390625,-150000000.0,0.0,0.0,-68845984.0,0.0,0.0,-12664114.0,-12664114.0,231510096.0,-0.0,0.0,0.85,1.0,-1.0,1.0,True,True,False,,0,0
27846000.0,6,0.12163859396564056,False,False,ok,,,True,1.0,0.0,1,0.0,1.0,0.0,0.0,57037.72289749382,19041.285482712447,0.12163859396564056,-19041.285482712447,-0.12163859396564056,156539.83544146415,0.0,0.0,0.12163859396564056,0.009590208041317383,9.19720902757486e-05,0.05,1.0,0.0,0.0,-0.0,-10134.190855352686,-8708.782294794606,8708.782294794606,-419999.99999999994,-60000.0,60000.0,0.0,0.0,-0.0,0.0,0.0,-0.0,835750.7215000002,115755.04865000024,-115755.04865000024,-348578.80774715333,-28004.980872492946,28004.980872492946,0.5,0.8404098153114319,0.5,0.5,8404098.0,277.4835205078125,473.1572265625,313.16363525390625,-150000000.0,0.0,0.0,-28535148.0,0.0,0.0,-61547596.0,-61547596.0,240082752.0,-0.0,0.0,0.85,1.0,-1.0,1.0,True,True,False,,0,0
27849600.0,7,0.21462270182392304,False,False,ok,,,True,1.0,0.0,1,0.0,1.0,0.0,0.0,90634.72532301316,33597.00242551934,0.21462270182392304,-33597.00242551934,-0.21462270182392304,156539.83544146415,0.0,0.0,0.21462270182392304,0.006291099027725289,3.9577926976646075e-05,0.05,1.0,0.0,0.0,-0.0,-30764.59215149527,-20630.401296142583,20630.401296142583,-479999.99999999994,-60000.0,60000.0,0.0,0.0,-0.0,0.0,0.0,-0.0,955792.0947500004,120041.37325000018,-120041.37325000018,-354392.77727549145,-5813.969528338115,5813.969528338115,0.5,0.843708872795105,0.5,0.5,8437089.0,278.57281494140625,473.1572265625,313.16363525390625,-150000000.0,0.0,0.0,1657713.0,0.0,0.0,-107528632.0,-107528632.0,255870928.0,-0.0,0.0,0.85,1.0,-1.0,1.0,True,True,False,,0,0
27853200.0,8,0.24843774765637616,False,False,ok,,,True,1.0,0.0,1,0.0,1.0,0.0,0.0,129525.12945859028,38890.40413557712,0.24843774765637616,-38890.40413557712,-0.24843774765637616,156539.83544146415,0.0,0.0,0.24843774765637616,0.00015357016392125722,2.3583795246801812e-08,0.05,1.0,0.0,0.0,-0.0,-61527.8669255334,-30763.27477403813,30763.27477403813,-539999.9999999999,-59999.99999999994,59999.99999999994,0.0,0.0,-0.0,0.0,0.0,-0.0,1083727.5560000006,127935.46125000017,-127935.46125000017,-352674.55961587623,1718.217659615213,-1718.217659615213,0.5,0.8501535654067993,0.5,0.5,8501536.0,280.70068359375,473.1572265625,313.16363525390625,-150000000.0,0.0,0.0,56979524.0,0.0,-0.0,-141535360.0,-141535360.0,234555840.0,-0.0,0.0,0.85,1.0,-1.0,1.0,True,True,False,,0,0
27856800.0,9,0.1669924469028078,False,False,ok,,,True,1.0,0.0,1,0.0,1.0,0.0,0.0,155666.09961672325,26140.970158132972,0.1669924469028078,-26140.970158132972,-0.1669924469028078,156539.83544146415,0.0,0.0,0.1669924469028078,0.007658778581878578,5.8656889366242044e-05,0.05,1.0,0.0,0.0,-0.0,-99330.14112864512,-37802.274203111716,37802.274203111716,-599999.9999999999,-60000.0,60000.0,0.0,0.0,-0.0,0.0,0.0,-0.0,1201005.474350001,117277.9183500004,-117277.9183500004,-346009.2336046316,6665.326011244615,-6665.326011244615,0.5,0.8576588034629822,0.5,0.5,8576588.0,283.1787109375,473.1572265625,313.16363525390625,-150000000.0,0.0,0.0,73548592.0,0.0,0.0,-162834960.0,-162834960.0,239286368.0,-0.0,0.0,0.85,1.0,-1.0,1.0,True,True,False,,0,0
27860400.0,10,0.17524282582158315,False,False,ok,,,True,1.0,0.0,1,0.0,1.0,0.0,0.0,183098.58273313104,27432.48311640779,0.17524282582158315,-27432.48311640779,-0.17524282582158315,156539.83544146415,0.0,0.0,0.17524282582158315,0.01442980529234994,0.00020821928077513033,0.05,1.0,0.0,0.0,-0.0,-138133.58466796545,-38803.44353932033,38803.44353932033,-659999.9999999999,-60000.0,60000.0,0.0,0.0,-0.0,0.0,0.0,-0.0,1320648.6609000016,119643.18655000068,-119643.18655000068,-339416.4934989035,6592.740105728095,-6592.740105728095,0.5,0.8644298315048218,0.5,0.5,8644298.0,285.4143371582031,473.1572265625,313.16363525390625,-150000000.0,0.0,0.0,49994756.0,0.0,0.0,-145920896.0,-145920896.0,245926128.0,-0.0,0.0,0.85,1.0,-1.0,1.0,True,True,False,,0,0
27864000.0,11,0.19472492246771428,False,False,ok,,,True,1.0,0.0,1,0.0,1.0,0.0,0.0,213580.7900525789,30482.207319447858,0.19472492246771428,-30482.207319447858,-0.19472492246771428,156539.83544146415,0.0,0.0,0.19472492246771428,0.02006049818316369,0.0004024235873567137,0.05,1.0,0.0,0.0,-0.0,-176280.66213555235,-38147.0774675869,38147.0774675869,-719999.9999999999,-60000.0,60000.0,0.0,0.0,-0.0,0.0,0.0,-0.0,1443611.728150002,122963.06725000031,-122963.06725000031,-333750.27596186876,5666.217537034769,-5666.217537034769,0.5,0.8700605034828186,0.5,0.5,8700605.0,287.2734680175781,473.1572265625,313.16363525390625,-150000000.0,0.0,0.0,64473920.0,0.0,0.0,-160653600.0,-160653600.0,246179680.0,-0.0,0.0,0.85,1.0,-1.0,1.0,True,True,False,,0,0
27867600.0,12,0.1971978745529564,False,False,ok,,,True,1.0,0.0,1,0.0,1.0,0.0,0.0,244450.1128845052,30869.322831926285,0.1971978745529564,-30869.322831926285,-0.1971978745529564,156539.83544146415,0.0,0.0,0.1971978745529564,0.024326973539380514,0.0005918016415857198,0.05,1.0,0.0,0.0,-0.0,-213951.58088234192,-37670.91874678957,37670.91874678957,-779999.9999999999,-60000.0,60000.0,0.0,0.0,-0.0,0.0,0.0,-0.0,1566701.5707500025,123089.84260000056,-123089.84260000056,-328299.8769831529,5450.398978715879,-5450.398978715879,0.5,0.8743269443511963,0.5,0.5,8743270.0,288.68212890625,473.1572265625,313.16363525390625,-150000000.0,0.0,0.0,34610488.0,0.0,0.0,-138445424.0,-138445424.0,253834928.0,-0.0,0.0,0.85,1.0,-1.0,1.0,True,True,False,,0,0
27871200.0,13,0.2431578248234596,False,False,ok,,,True,1.0,0.0,1,0.0,1.0,0.0,0.0,282513.9987686739,38063.88588416873,0.2431578248234596,-38063.88588416873,-0.2431578248234596,156539.83544146415,0.0,0.0,0.2431578248234596,0.026990173859186894,0.0007284694849491356,0.05,1.0,0.0,0.0,-0.0,-244735.06114206073,-30783.48025971881,30783.48025971881,-839999.9999999999,-60000.0,60000.0,0.0,0.0,-0.0,0.0,0.0,-0.0,1693619.0383000022,126917.46754999971,-126917.46754999971,-326369.9783892653,1929.8985938875703,-1929.8985938875703,0.5,0.8769901990890503,0.5,0.5,8769902.0,289.56146240234375,473.1572265625,313.16363525390625,-150000000.0,0.0,0.0,22395020.0,0.0,0.0,-104218048.0,-104218048.0,231823024.0,-0.0,0.0,0.85,1.0,-1.0,1.0,True,True,False,,0,0
27874800.0,14,0.210861014139248,False,False,ok,,,True,1.0,0.0,1,0.0,1.0,0.0,0.0,315522.14722305204,33008.148454378126,0.210861014139248,-33008.148454378126,-0.210861014139248,156539.83544146415,0.0,0.0,0.210861014139248,0.02786179165863656,0.0007762794344292697,0.05,1.0,0.0,0.0,-0.0,-265952.35769340384,-21217.29655134311,21217.29655134311,-899999.9999999999,-60000.0,60000.0,0.0,0.0,-0.0,0.0,0.0,-0.0,1809530.5535500033,115911.5152500011,-115911.5152500011,-328056.04863354407,-1686.0702442787588,1686.0702442787588,0.5,0.8778617978096008,0.5,0.5,8778618.0,289.8492431640625,473.1572265625,313.16363525390625,-150000000.0,0.0,0.0,-44426504.0,0.0,0.0,-60853976.0,-60853976.0,255280480.0,-0.0,0.0,0.85,1.0,-1.0,1.0,True,True,False,,0,0
27878400.0,15,0.11974242517204513,False,False,ok,,,True,1.0,0.0,1,0.0,1.0,0.0,0.0,334266.6067548458,18744.45953179378,0.11974242517204513,-18744.45953179378,-0.11974242517204513,156539.83544146415,0.0,0.0,0.11974242517204513,0.026190179538550296,0.0006859255042614985,0.05,1.0,0.0,0.0,-0.0,-276147.0060518279,-10194.648358424078,10194.648358424078,-959999.9999999999,-60000.0,60000.0,0.0,0.0,-0.0,0.0,0.0,-0.0,1937170.7944000026,127640.24084999925,-127640.24084999925,-366757.18159332627,-38701.132959782204,38701.132959782204,0.5,0.876190185546875,0.5,0.5,8761902.0,289.2973327636719,473.1572265625,313.16363525390625,-150000000.0,0.0,0.0,-92174336.0,0.0,0.0,-15756843.0,-15756843.0,257931184.0,-0.0,0.0,0.85,1.0,-1.0,1.0,True,True,False,,0,0
27882000.0,16,0.04638679117381883,False,False,ok,,,True,1.0,0.0,1,0.0,1.0,0.0,0.0,341527.987411853,7261.380657007161,0.04638679117381883,-7261.380657007161,-0.04638679117381883,156539.83544146415,0.0,0.0,0.04638679117381883,0.021207291470761835,0.00044974921152584767,0.05,1.0,0.0,0.0,-0.0,-278328.79079969006,-2181.7847478621406,2181.7847478621406,-1019999.9999999999,-60000.0,60000.0,0.0,0.0,-0.0,0.0,0.0,-0.0,2066136.3843500034,128965.58995000087,-128965.58995000087,-426279.6061384568,-59522.42454513052,59522.42454513052,0.5,0.8712072968482971,0.5,0.5,8712073.0,287.652099609375,473.1572265625,313.16363525390625,-150000000.0,0.0,0.0,-102777776.0,0.0,0.0,-0.0,-0.0,252777776.0,-0.0,0.0,0.85,1.0,-1.0,1.0,True,True,False,,0,0
27885600.0,17,0.030166266475769043,False,False,ok,,,True,1.0,0.0,1,0.0,1.0,0.0,0.0,346250.2098018532,4722.222390000243,0.030166266475769043,-4722.222390000243,-0.030166266475769043,156539.83544146415,0.0,0.0,0.030166266475769043,0.01467130999557309,0.00021524733698620287,0.05,1.0,0.0,0.0,-0.0,-278328.79079969006,0.0,-0.0,-1079999.9999999998,-59999.99999999988,59999.99999999988,0.0,0.0,-0.0,0.0,0.0,-0.0,2192525.2724000043,126388.88805000088,-126388.88805000088,-487946.2717984565,-61666.66565999971,61666.66565999971,0.5,0.8646712899208069,0.5,0.5,8646713.0,285.4940490722656,473.1572265625,313.16363525390625,-150000000.0,0.0,0.0,-83550664.0,0.0,0.0,-0.0,-0.0,233550672.0,-0.0,0.0,0.85,1.0,-1.0,1.0,True,True,False,,0,0
27889200.0,18,0.042448832217438615,False,False,ok,,,True,1.0,0.0,1,0.0,1.0,0.0,0.0,352895.1430118534,6644.933210000163,0.042448832217438615,-6644.933210000163,-0.042448832217438615,156539.83544146415,0.0,0.0,0.042448832217438615,0.008816284445903322,7.772687143107684e-05,0.05,1.0,0.0,0.0,-0.0,-278328.79079969006,0.0,-0.0,-1139999.9999999998,-60000.0,60000.0,0.0,0.0,-0.0,0.0,0.0,-0.0,2309300.6063500023,116775.33394999802,-116775.33394999802,-538076.6725384566,-50130.40074000013,50130.40074000013,0.5,0.8588162660598755,0.5,0.5,8588163.0,283.56085205078125,473.1572265625,313.16363525390625,-150000000.0,0.0,0.0,-83778928.0,0.0,0.0,-0.0,-0.0,233778928.0,-0.0,0.0,0.85,1.0,-1.0,1.0,True,True,False,,0,0
27892800.0,19,0.04230301693702901,False,False,ok,,,True,1.0,0.0,1,0.0,1.0,0.0,0.0,359517.2503218534,6622.107309999992,0.04230301693702901,-6622.107309999992,-0.04230301693702901,156539.83544146415,0.0,0.0,0.04230301693702901,0.0040652034713162255,1.6525879263201488e-05,0.05,1.0,0.0,0.0,-0.0,-278328.79079969006,0.0,-0.0,-1199999.9999999998,-60000.0,60000.0,0.0,0.0,-0.0,0.0,0.0,-0.0,2426190.069800003,116889.46345000062,-116889.46345000062,-588344.0286784567,-50267.35614000005,50267.35614000005,0.5,0.8540651798248291,0.5,0.5,8540652.0,281.9921569824219,473.1572265625,313.16363525390625,-150000000.0,0.0,0.0,-89000048.0,0.0,0.0,-0.0,-0.0,239000048.0,-0.0,0.0,0.85,1.0,-1.0,1.0,True,True,False,,0,0
27896400.0,20,0.03896768629401765,False,False,ok,,,True,1.0,0.0,1,0.0,1.0,0.0,0.0,365617.2455218535,6099.995200000121,0.03896768629401765,-6099.995200000121,-0.03896768629401765,156539.83544146415,0.0,0.0,0.03896768629401765,0.00043282366857599897,1.8733632807958619e-07,0.05,1.0,0.0,0.0,-0.0,-278328.79079969006,0.0,-0.0,-1259999.9999999998,-60000.0,60000.0,0.0,0.0,-0.0,0.0,0.0,-0.0,2545690.093800004,119500.02400000114,-119500.02400000114,-641744.0574784571,-53400.02880000044,53400.02880000044,0.5,0.850432813167572,0.5,0.5,8504328.0,280.7928161621094,473.1572265625,313.16363525390625,-150000000.0,0.0,0.0,-91300640.0,0.0,0.0,-0.0,-0.0,241300640.0,-0.0,0.0,0.85,1.0,-1.0,1.0,True,True,False,,0,0
27900000.0,21,0.03749803424442148,False,False,ok,,,True,1.0,0.0,1,0.0,1.0,0.0,0.0,371487.18163185363,5869.936110000126,0.03749803424442148,-5869.936110000126,-0.03749803424442148,156539.83544146415,0.0,0.0,0.03749803424442148,0.0023123411806523775,5.346921735740831e-06,0.05,1.0,0.0,0.0,-0.0,-278328.79079969006,0.0,-0.0,-1319999.9999999998,-60000.0,60000.0,0.0,0.0,-0.0,0.0,0.0,-0.0,2666340.4132500035,120650.31944999937,-120650.31944999937,-696524.4408184575,-54780.38334000041,54780.38334000041,0.5,0.8476876616477966,0.5,0.5,8476877.0,279.8864440917969,473.1572265625,313.16363525390625,-150000000.0,0.0,0.0,-99686528.0,0.0,0.0,-0.0,-0.0,249686528.0,-0.0,0.0,0.85,1.0,-1.0,1.0,True,True,False,,0,0
27903600.0,22,0.032141003252051985,False,False,ok,,,True,1.0,0.0,1,0.0,1.0,0.0,0.0,376518.5289918534,5031.3473599997815,0.032141003252051985,-5031.3473599997815,-0.032141003252051985,156539.83544146415,0.0,0.0,0.032141003252051985,0.004484969893218227,2.0114954943073914e-05,0.05,1.0,0.0,0.0,-0.0,-278328.79079969006,0.0,-0.0,-1379999.9999999998,-60000.0,60000.0,0.0,0.0,-0.0,0.0,0.0,-0.0,2791183.6764500034,124843.26319999993,-124843.26319999993,-756336.3566584577,-59811.91584000015,59811.91584000015,0.5,0.8455150127410889,0.5,0.5,8455150.0,279.1690673828125,473.1572265625,313.16363525390625,-150000000.0,0.0,0.0,-105400512.0,0.0,0.0,-0.0,-0.0,255400512.0,-0.0,0.0,0.85,1.0,-1.0,1.0,True,True,False,,0,0
27907200.0,23,0.02849082329377935,False,False,ok,,,True,1.0,0.0,1,0.0,1.0,0.0,0.0,380978.47778185346,4459.948790000053,0.02849082329377935,-4459.948790000053,-0.02849082329377935,156539.83544146415,0.0,0.0,0.02849082329377935,0.006362353694470579,4.047954453354343e-05,0.05,1.0,0.0,0.0,-0.0,-278328.79079969006,0.0,-0.0,-1439999.9999999998,-60000.0,60000.0,0.0,0.0,-0.0,0.0,0.0,-0.0,2918883.9325000043,127700.2560500009,-127700.2560500009,-819576.6639184573,-63240.30725999968,63240.30725999968,0.5,0.8436376452445984,0.5,0.5,8436376.0,278.5492248535156,473.1572265625,313.16363525390625,-150000000.0,0.0,0.0,-103355256.0,0.0,0.0,-0.0,-0.0,253355264.0,-0.0,0.0,0.85,1.0,-1.0,1.0,True,True,False,,0,0
27910800.0,24,0.02979736305998796,False,False,ok,,,True,1.0,0.0,1,0.0,1.0,0.0,0.0,385642.95209185354,4664.474310000078,0.02979736305998796,-4664.474310000078,-0.02979736305998796,156539.83544146415,0.0,0.0,0.02979736305998796,0.008103767307418908,6.567104457279149e-05,0.05,1.0,0.0,0.0,-0.0,-278328.79079969006,0.0,-0.0,-1499999.9999999998,-60000.0,60000.0,0.0,0.0,-0.0,0.0,0.0,-0.0,3045561.560950002,126677.62844999786,-126677.62844999786,-881589.8180584569,-62013.15413999953,62013.15413999953,0.5,0.8418962359428406,0.5,0.5,8418962.0,277.9742431640625,473.1572265625,313.16363525390625,-150000000.0,0.0,0.0,-100964904.0,0.0,0.0,-0.0,-0.0,250964896.0,-0.0,0.0,0.85,1.0,-1.0,1.0,True,True,False,,0,0
27914400.0,25,0.031324357574358946,False,False,ok,,,True,1.0,0.0,1,0.0,1.0,0.0,0.0,390546.4618718533,4903.509779999731,0.031324357574358946,-4903.509779999731,-0.031324357574358946,156539.83544146415,0.0,0.0,0.031324357574358946,0.009767347419057715,9.54010756045734e-05,0.05,1.0,0.0,0.0,-0.0,-278328.79079969006,0.0,-0.0,-1559999.9999999998,-60000.0,60000.0,0.0,0.0,-0.0,0.0,0.0,-0.0,3171044.0120500023,125482.45110000018,-125482.45110000018,-942168.7593784573,-60578.94132000045,60578.94132000045,0.5,0.8402326703071594,0.5,0.5,8402327.0,277.4249572753906,473.1572265625,313.16363525390625,-150000000.0,0.0,0.0,-94361864.0,0.0,0.0,-0.0,-0.0,244361872.0,-0.0,0.0,0.85,1.0,-1.0,1.0,True,True,False,,0,0
27918000.0,26,0.03554247571750225,False,False,ok,,,True,1.0,0.0,1,0.0,1.0,0.0,0.0,396110.2751718533,5563.813300000038,0.03554247571750225,-5563.813300000038,-0.03554247571750225,156539.83544146415,0.0,0.0,0.03554247571750225,0.011277150623243748,0.00012717412617932686,0.05,1.0,0.0,0.0,-0.0,-278328.79079969006,0.0,-0.0,-1619999.9999999998,-60000.0,60000.0,0.0,0.0,-0.0,0.0,0.0,-0.0,3293224.9455500045,122180.93350000214,-122180.93350000214,-998785.8795784571,-56617.12019999977,56617.12019999977,0.5,0.838722825050354,0.5,0.5,8387228.5,276.92645263671875,473.1572265625,313.16363525390625,-150000000.0,0.0,0.0,-91765448.0,0.0,0.0,-0.0,-0.0,241765456.0,-0.0,0.0,0.85,1.0,-1.0,1.0,True,True,False,,0,0
27921600.0,27,0.03720110554337258,False,False,ok,,,True,1.0,0.0,1,0.0,1.0,0.0,0.0,401933.7301118534,5823.454940000083,0.03720110554337258,-5823.454940000083,-0.03720110554337258,156539.83544146415,0.0,0.0,0.03720110554337258,0.012266004189449453,0.00015045485877559153,0.05,1.0,0.0,0.0,-0.0,-278328.79079969006,0.0,-0.0,-1679999.9999999998,-60000.0,60000.0,0.0,0.0,-0.0,0.0,0.0,-0.0,3414107.6708500064,120882.72530000191,-120882.72530000191,-1053845.1499384567,-55059.27035999962,55059.27035999962,0.5,0.8377339839935303,0.5,0.5,8377340.0,276.5999755859375,473.1572265625,313.16363525390625,-150000000.0,0.0,0.0,-96475632.0,0.0,0.0,-0.0,-0.0,246475632.0,-0.0,0.0,0.85,1.0,-1.0,1.0,True,True,False,,0,0
27925200.0,28,0.03419217335258838,False,False,ok,,,True,1.0,0.0,1,0.0,1.0,0.0,0.0,407286.1673018536,5352.437190000201,0.03419217335258838,-5352.437190000201,-0.03419217335258838,156539.83544146415,0.0,0.0,0.03419217335258838,0.01242421816367778,0.0001543611969786609,0.05,1.0,0.0,0.0,-0.0,-278328.79079969006,0.0,-0.0,-1739999.9999999998,-60000.0,60000.0,0.0,0.0,-0.0,0.0,0.0,-0.0,3537345.4849000066,123237.81405000016,-123237.81405000016,-1111730.5267984578,-57885.376860001124,57885.376860001124,0.5,0.8375757932662964,0.5,0.5,8375758.0,276.5477294921875,473.1572265625,313.16363525390625,-150000000.0,0.0,0.0,-97850840.0,0.0,0.0,-0.0,-0.0,247850848.0,-0.0,0.0,0.85,1.0,-1.0,1.0,True,True,False,,0,0
27928800.0,29,0.044638228844319096,False,False,ok,,,True,1.0,0.0,1,0.0,1.0,0.0,0.0,414273.8282995417,6987.66099768813,0.044638228844319096,-6987.66099768813,-0.044638228844319096,156539.83544146415,0.0,0.0,0.044638228844319096,0.011878936367502035,0.00014110912922316246,0.05,1.0,0.0,0.0,-0.0,-279595.03734803875,-1266.2465483486885,1266.2465483486885,-1799999.9999999998,-60000.0,60000.0,0.0,0.0,-0.0,0.0,0.0,-0.0,3661270.905750005,123925.42084999848,-123925.42084999848,-1167402.0401024208,-55671.513303963,55671.513303963,0.5,0.8381210565567017,0.5,0.5,8381210.5,276.7277526855469,473.1572265625,313.16363525390625,-150000000.0,0.0,0.0,-70554072.0,0.0,0.0,-11234555.0,-11234555.0,231788624.0,-0.0,0.0,0.85,1.0,-1.0,1.0,True,True,False,,0,0
27932400.0,30,0.11532849854623253,False,False,ok,,,True,1.0,0.0,1,0.0,1.0,0.0,0.0,432327.3324836801,18053.50418413838,0.11532849854623253,-18053.50418413838,-0.11532849854623253,156539.83544146415,0.0,0.0,0.11532849854623253,0.00983102643083722,9.664908068382e-05,0.05,1.0,0.0,0.0,-0.0,-287618.1565724233,-8023.1192243845435,8023.1192243845435,-1859999.9999999998,-60000.0,60000.0,0.0,0.0,-0.0,0.0,0.0,-0.0,3777165.219400006,115894.31365000084,-115894.31365000084,-1197219.7303438978,-29817.690241476987,29817.690241476987,0.5,0.8401689529418945,0.5,0.5,8401690.0,277.4039306640625,473.1572265625,313.16363525390625,-150000000.0,0.0,0.0,-50395180.0,0.0,0.0,-57181132.0,-57181132.0,257576304.0,-0.0,0.0,0.85,1.0,-1.0,1.0,True,True,False,,0,0
27936000.0,31,0.20284641245814267,False,False,ok,,,True,1.0,0.0,1,0.0,1.0,0.0,0.0,464080.8765097691,31753.544026089017,0.20284641245814267,-31753.544026089017,-0.20284641245814267,156539.83544146415,0.0,0.0,0.20284641245814267,0.00505330455060693,2.55358868811847e-05,0.05,1.0,0.0,0.0,-0.0,-307268.99593391543,-19650.839361492137,19650.839361492137,-1919999.9999999998,-60000.0,60000.0,0.0,0.0,-0.0,0.0,0.0,-0.0,3905953.3748000045,128788.15539999865,-128788.15539999865,-1214603.5023563167,-17383.772012418834,17383.772012418834,0.5,0.8449466824531555,0.5,0.5,8449467.0,278.9814147949219,473.1572265625,313.16363525390625,-150000000.0,0.0,0.0,9666256.0,0.0,0.0,-104143680.0,-104143680.0,244477424.0,-0.0,0.0,0.85,1.0,-1.0,1.0,True,True,False,,0,0
27939600.0,32,0.22246651767545356,False,False,ok,,,True,1.0,0.0,1,0.0,1.0,0.0,0.0,498905.7485779202,34824.872068151075,0.22246651767545356,-34824.872068151075,-0.22246651767545356,156539.83544146415,0.0,0.0,0.22246651767545356,0.0026352230329950155,6.944400433627448e-06,0.05,1.0,0.0,0.0,-0.0,-337212.4930203303,-29943.497086414893,29943.497086414893,-1979999.9999999998,-60000.0,60000.0,0.0,0.0,-0.0,0.0,0.0,-0.0,4028192.087700006,122238.71290000156,-122238.71290000156,-1212073.8461017506,2529.6562545660418,-2529.6562545660418,0.5,0.8526352047920227,0.5,0.5,8526352.0,281.5199890136719,473.1572265625,313.16363525390625,-150000000.0,0.0,0.0,56088920.0,0.0,0.0,-138296432.0,-138296432.0,232207504.0,-0.0,0.0,0.85,1.0,-1.0,1.0,True,True,False,,0,0
27943200.0,33,0.16464812562259376,False,False,ok,,,True,1.0,0.0,1,0.0,1.0,0.0,0.0,524679.7390686265,25773.990490706346,0.16464812562259376,-25773.990490706346,-0.16464812562259376,156539.83544146415,0.0,0.0,0.16464812562259376,0.01112159545109237,0.00012368988537775848,0.05,1.0,0.0,0.0,-0.0,-374060.8446024864,-36848.35158215609,36848.35158215609,-2039999.9999999998,-60000.0,60000.0,0.0,0.0,-0.0,0.0,0.0,-0.0,4144295.839500006,116103.75179999974,-116103.75179999974,-1205555.2558288884,6518.590272862231,-6518.590272862231,0.5,0.8611215949058533,0.5,0.5,8611216.0,284.32196044921875,473.1572265625,313.16363525390625,-150000000.0,0.0,0.0,68054000.0,0.0,0.0,-158338160.0,-158338160.0,240284160.0,-0.0,0.0,0.85,1.0,-1.0,1.0,True,True,False,,0,0
27946800.0,34,0.17329727701812364,False,False,ok,,,True,1.0,0.0,1,0.0,1.0,0.0,0.0,551807.6662954974,27127.927226870903,0.17329727701812364,-27127.927226870903,-0.17329727701812364,156539.83544146415,0.0,0.0,0.17329727701812364,0.018020236324412187,0.00032472891718766445,0.05,1.0,0.0,0.0,-0.0,-414037.070424368,-39976.22582188161,39976.22582188161,-2099999.9999999995,-59999.99999999977,59999.99999999977,0.0,0.0,-0.0,0.0,0.0,-0.0,4264437.917900006,120142.07840000046,-120142.07840000046,-1198593.1811801358,6962.074648752576,-6962.074648752576,0.5,0.868020236492157,0.5,0.5,8680202.0,286.5997314453125,473.1572265625,313.16363525390625,-150000000.0,0.0,0.0,65581912.0,0.0,-0.0,-161803392.0,-161803392.0,246221472.0,-0.0,0.0,0.85,1.0,-1.0,1.0,True,True,False,,0,0
27950400.0,35,0.18979101509371554,False,False,ok,,,True,1.0,0.0,1,0.0,1.0,0.0,0.0,581517.5205665361,29709.85427103867,0.18979101509371554,-29709.85427103867,-0.18979101509371554,156539.83544146415,0.0,0.0,0.18979101509371554,0.023223794841958467,0.0005393446468613767,0.05,1.0,0.0,0.0,-0.0,-453668.2962393035,-39631.22581493546,39631.22581493546,-2159999.9999999995,-60000.0,60000.0,0.0,0.0,-0.0,0.0,0.0,-0.0,4387548.655100004,123110.73719999753,-123110.73719999753,-1192362.8382941617,6230.342885974096,-6230.342885974096,0.5,0.8732237815856934,0.5,0.5,8732238.0,288.31781005859375,473.1572265625,313.16363525390625,-150000000.0,0.0,0.0,56373412.0,0.0,0.0,-154526048.0,-154526048.0,248152640.0,-0.0,0.0,0.85,1.0,-1.0,1.0,True,True,False,,0,0
27954000.0,36,0.2072492646138217,False,False,ok,,,True,1.0,0.0,1,0.0,1.0,0.0,0.0,613960.2863445482,32442.765778012108,0.2072492646138217,-32442.765778012108,-0.2072492646138217,156539.83544146415,0.0,0.0,0.2072492646138217,0.02696630856182225,0.000727181797451408,0.05,1.0,0.0,0.0,-0.0,-490032.11420928314,-36363.81796997966,36363.81796997966,-2219999.9999999995,-60000.0,60000.0,0.0,0.0,-0.0,0.0,0.0,-0.0,4511624.975800007,124076.32070000283,-124076.32070000283,-1187632.5752461697,4730.263047992019,-4730.263047992019,0.5,0.8769662976264954,0.5,0.5,8769663.0,289.5534973144531,473.1572265625,313.16363525390625,-150000000.0,0.0,0.0,31021226.0,0.0,0.0,-134324768.0,-134324768.0,253303536.0,-0.0,0.0,0.85,1.0,-1.0,1.0,True,True,False,,0,0
27957600.0,37,0.24520710923034506,False,False,ok,,,True,1.0,0.0,1,0.0,1.0,0.0,0.0,652344.9668725436,38384.68052799534,0.24520710923034506,-38384.68052799534,-0.24520710923034506,156539.83544146415,0.0,0.0,0.24520710923034506,0.029290146359039704,0.0008579126737339668,0.05,1.0,0.0,0.0,-0.0,-519926.6705292908,-29894.556320007658,29894.556320007658,-2279999.9999999995,-60000.0,60000.0,0.0,0.0,-0.0,0.0,0.0,-0.0,4638276.743700006,126651.7678999994,-126651.7678999994,-1186005.1062981663,1627.4689480033703,-1627.4689480033703,0.5,0.8792901635169983,0.5,0.5,8792901.0,290.3207702636719,473.1572265625,313.16363525390625,-150000000.0,0.0,0.0,1527608.25,0.0,0.0,-101372072.0,-101372072.0,249844464.0,-0.0,0.0,0.85,1.0,-1.0,1.0,True,True,False,,0,0
27961200.0,38,0.21544766974187077,False,False,ok,,,True,1.0,0.0,1,0.0,1.0,0.0,0.0,686071.1096401829,33726.142767639365,0.21544766974187077,-33726.142767639365,-0.21544766974187077,156539.83544146415,0.0,0.0,0.21544766974187077,0.03014849150010479,0.0009089315397318908,0.05,1.0,0.0,0.0,-0.0,-540488.791602921,-20562.121073630173,20562.121073630173,-2339999.9999999995,-60000.0,60000.0,0.0,0.0,-0.0,0.0,0.0,-0.0,4763198.975300002,124922.23159999587,-124922.23159999587,-1196639.0740568968,-10633.96775873052,10633.96775873052,0.5,0.8801484704017639,0.5,0.5,8801485.0,290.60418701171875,473.1572265625,313.16363525390625,-150000000.0,0.0,0.0,-41144784.0,0.0,0.0,-58526620.0,-58526620.0,249671408.0,-0.0,0.0,0.85,1.0,-1.0,1.0,True,True,False,,0,0
27964800.0,39,0.11867490899627334,False,False,ok,,,True,1.0,0.0,1,0.0,1.0,0.0,0.0,704648.4603654903,18577.350725307362,0.11867490899627334,-18577.350725307362,-0.11867490899627334,156539.83544146415,0.0,0.0,0.11867490899627334,0.028806138148284588,0.0008297935950180566,0.05,1.0,0.0,0.0,-0.0,-550163.4281852833,-9674.63658236235,9674.63658236235,-2399999.9999999995,-60000.0,60000.0,0.0,0.0,-0.0,0.0,0.0,-0.0,4888034.677749998,124835.70244999602,-124835.70244999602,-1233222.789199227,-36583.715142330155,36583.715142330155,0.5,0.8788061141967773,0.5,0.5,8788061.0,290.16094970703125,473.1572265625,313.16363525390625,-150000000.0,0.0,0.0,-83344328.0,0.0,0.0,-13990274.0,-13990274.0,247334608.0,-0.0,0.0,0.85,1.0,-1.0,1.0,True,True,False,,0,0
27968400.0,40,0.050926115375698425,False,False,ok,,,True,1.0,0.0,1,0.0,1.0,0.0,0.0,712620.4260860751,7971.965720584849,0.050926115375698425,-7971.965720584849,-0.050926115375698425,156539.83544146415,0.0,0.0,0.050926115375698425,0.02526253773719167,0.0006381958129230333,0.05,1.0,0.0,0.0,-0.0,-552095.8752357011,-1932.4470504177734,1932.4470504177734,-2459999.9999999995,-60000.0,60000.0,0.0,0.0,-0.0,0.0,0.0,-0.0,5011701.9784999965,123667.30074999854,-123667.30074999854,-1286985.6771782248,-53762.88797899778,53762.88797899778,0.5,0.8752625584602356,0.5,0.5,8752625.0,288.9909362792969,473.1572265625,313.16363525390625,-150000000.0,0.0,0.0,-88623376.0,0.0,0.0,-0.0,-0.0,238623376.0,-0.0,0.0,0.85,1.0,-1.0,1.0,True,True,False,,0,0
27972000.0,41,0.03920831073247824,False,False,ok,,,True,1.0,0.0,1,0.0,1.0,0.0,0.0,718758.0885960751,6137.662509999936,0.03920831073247824,-6137.662509999936,-0.03920831073247824,156539.83544146415,0.0,0.0,0.03920831073247824,0.021278118887540165,0.0004527583433922935,0.05,1.0,0.0,0.0,-0.0,-552095.8752357011,0.0,-0.0,-2519999.9999999995,-60000.0,60000.0,0.0,0.0,-0.0,0.0,0.0,-0.0,5131013.665949996,119311.68744999915,-119311.68744999915,-1340159.7021182252,-53174.02494000038,53174.02494000038,0.5,0.8712781071662903,0.5,0.5,8712781.0,287.6753845214844,473.1572265625,313.16363525390625,-150000000.0,0.0,0.0,-103319592.0,0.0,0.0,-0.0,-0.0,253319600.0,-0.0,0.0,0.85,1.0,-1.0,1.0,True,True,False,,0,0
27975600.0,42,0.029820145056594857,False,False,ok,,,True,1.0,0.0,1,0.0,1.0,0.0,0.0,723426.129196075,4668.040599999949,0.029820145056594857,-4668.040599999949,-0.029820145056594857,156539.83544146415,0.0,0.0,0.029820145056594857,0.017851456074428174,0.0003186744839772385,0.05,1.0,0.0,0.0,-0.0,-552095.8752357011,0.0,-0.0,-2579999.9999999995,-60000.0,60000.0,0.0,0.0,-0.0,0.0,0.0,-0.0,5257673.462949996,126659.79700000025,-126659.79700000025,-1402151.4585182255,-61991.756400000304,61991.756400000304,0.5,0.8678514361381531,0.5,0.5,8678515.0,286.5439758300781,473.1572265625,313.16363525390625,-150000000.0,0.0,0.0,-95649320.0,0.0,0.0,-0.0,-0.0,245649328.0,-0.0,0.0,0.85,1.0,-1.0,1.0,True,True,False,,0,0
27979200.0,43,0.034720029152151055,False,False,ok,,,True,1.0,0.0,1,0.0,1.0,0.0,0.0,728861.1968460756,5435.067650000565,0.034720029152151055,-5435.067650000565,-0.034720029152151055,156539.83544146415,0.0,0.0,0.034720029152151055,0.014821907938300072,0.00021968895493144268,0.05,1.0,0.0,0.0,-0.0,-552095.8752357011,0.0,-0.0,-2639999.9999999995,-60000.0,60000.0,0.0,0.0,-0.0,0.0,0.0,-0.0,5380498.124699998,122824.66175000183,-122824.66175000183,-1459541.0526182244,-57389.59409999894,57389.59409999894,0.5,0.8648219108581543,0.5,0.5,8648219.0,285.543701171875,473.1572265625,313.16363525390625,-150000000.0,0.0,0.0,-94118128.0,0.0,0.0,-0.0,-0.0,244118128.0,-0.0,0.0,0.85,1.0,-1.0,1.0,True,True,False,,0,0
27982800.0,44,0.035698178832501586,False,False,ok,,,True,1.0,0.0,1,0.0,1.0,0.0,0.0,734449.3838860753,5588.187039999757,0.035698178832501586,-5588.187039999757,-0.035698178832501586,156539.83544146415,0.0,0.0,0.035698178832501586,0.012077658024068794,0.0001458698233463533,0.05,1.0,0.0,0.0,-0.0,-552095.8752357011,0.0,-0.0,-2699999.9999999995,-60000.0,60000.0,0.0,0.0,-0.0,0.0,0.0,-0.0,5502557.189500001,122059.06480000354,-122059.06480000354,-1516011.9303782235,-56470.87775999913,56470.87775999913,0.5,0.8620776534080505,0.5,0.5,8620777.0,284.6376037597656,473.1572265625,313.16363525390625,-150000000.0,0.0,0.0,-83708080.0,0.0,0.0,-0.0,-0.0,233708080.0,-0.0,0.0,0.85,1.0,-1.0,1.0,True,True,False,,0,0
27986400.0,45,0.04234827391573949,False,False,ok,,,True,1.0,0.0,1,0.0,1.0,0.0,0.0,741078.5757160753,6629.191829999909,0.04234827391573949,-6629.191829999909,-0.04234827391573949,156539.83544146415,0.0,0.0,0.04234827391573949,0.009548646729334975,9.117665436163952e-05,0.05,1.0,0.0,0.0,-0.0,-552095.8752357011,0.0,-0.0,-2759999.9999999995,-60000.0,60000.0,0.0,0.0,-0.0,0.0,0.0,-0.0,5619411.230350002,116854.04085000046,-116854.04085000046,-1566236.779398224,-50224.84902000055,50224.84902000055,0.5,0.8595486283302307,0.5,0.5,8595486.0,283.8025817871094,473.1572265625,313.16363525390625,-150000000.0,0.0,0.0,-105255584.0,0.0,0.0,-0.0,-0.0,255255584.0,-0.0,0.0,0.85,1.0,-1.0,1.0,True,True,False,,0,0
27990000.0,46,0.0285834073951904,False,False,ok,,,True,1.0,0.0,1,0.0,1.0,0.0,0.0,745553.0176060747,4474.441889999434,0.0285834073951904,-4474.441889999434,-0.0285834073951904,156539.83544146415,0.0,0.0,0.0285834073951904,0.007181516997677995,5.157418638793796e-05,0.05,1.0,0.0,0.0,-0.0,-552095.8752357011,0.0,-0.0,-2819999.9999999995,-60000.0,60000.0,0.0,0.0,-0.0,0.0,0.0,-0.0,5747039.020900005,127627.79055000283,-127627.79055000283,-1629390.1280582251,-63153.348660001066,63153.348660001066,0.5,0.8571814894676208,0.5,0.5,8571815.0,283.02099609375,473.1572265625,313.16363525390625,-150000000.0,0.0,0.0,-84660552.0,0.0,0.0,-0.0,-0.0,234660544.0,-0.0,0.0,0.85,1.0,-1.0,1.0,True,True,False,,0,0
27993600.0,47,0.041739823486932205,False,False,ok,,,True,1.0,0.0,1,0.0,1.0,0.0,0.0,752086.9627060748,6533.945100000128,0.041739823486932205,-6533.945100000128,-0.041739823486932205,156539.83544146415,0.0,0.0,0.041739823486932205,0.004945971199538546,2.4462631106664762e-05,0.05,1.0,0.0,0.0,-0.0,-552095.8752357011,0.0,-0.0,-2879999.9999999995,-60000.0,60000.0,0.0,0.0,-0.0,0.0,0.0,-0.0,5864369.295400004,117330.27449999936,-117330.27449999936,-1680186.4574582244,-50796.32939999923,50796.32939999923,0.5,0.854945957660675,0.5,0.5,8549460.0,282.2828674316406,473.1572265625,313.16363525390625,-150000000.0,0.0,0.0,-102999184.0,0.0,0.0,-0.0,-0.0,252999184.0,-0.0,0.0,0.85,1.0,-1.0,1.0,True,True,False,,0,0
27997200.0,48,0.030024825609050503,False,False,ok,,,True,1.0,0.0,1,0.0,1.0,0.0,0.0,756787.0439660742,4700.081259999424,0.030024825609050503,-4700.081259999424,-0.030024825609050503,156539.83544146415,0.0,0.0,0.030024825609050503,0.0027858711462188657,7.761078043334816e-06,0.05,1.0,0.0,0.0,-0.0,-552095.8752357011,0.0,-0.0,-2939999.9999999995,-60000.0,60000.0,0.0,0.0,-0.0,0.0,0.0,-0.0,5990868.889100007,126499.59370000288,-126499.59370000288,-1741985.9698982255,-61799.51244000113,61799.51244000113,0.5,0.8527858853340149,0.5,0.5,8527859.0,281.5696716308594,473.1572265625,313.16363525390625,-150000000.0,0.0,0.0,-81440528.0,0.0,0.0,-0.0,-0.0,231440528.0,-0.0,0.0,0.85,1.0,-1.0,1.0,True,True,False,,0,0
28000800.0,49,0.04379682213582005,False,False,ok,,,True,1.0,0.0,1,0.0,1.0,0.0,0.0,763642.9912960746,6855.947330000345,0.04379682213582005,-6855.947330000345,-0.04379682213582005,156539.83544146415,0.0,0.0,0.04379682213582005,0.0006043565472361179,3.6524683618716196e-07,0.05,1.0,0.0,0.0,-0.0,-552095.8752357011,0.0,-0.0,-2999999.9999999995,-60000.0,60000.0,0.0,0.0,-0.0,0.0,0.0,-0.0,6106589.152450007,115720.2633500006,-115720.2633500006,-1790850.2859182258,-48864.31602000026,48864.31602000026,0.5,0.8506043553352356,0.5,0.5,8506044.0,280.8493957519531,473.1572265625,313.16363525390625,-150000000.0,0.0,0.0,-102907704.0,0.0,0.0,-0.0,-0.0,252907712.0,-0.0,0.0,0.85,1.0,-1.0,1.0,True,True,False,,0,0
28004400.0,50,0.030083266005229644,False,False,ok,,,True,1.0,0.0,1,0.0,1.0,0.0,0.0,768352.220806075,4709.229510000441,0.030083266005229644,-4709.229510000441,-0.030083266005229644,156539.83544146415,0.0,0.0,0.030083266005229644,0.0015580829803826246,2.427622573758002e-06,0.05,1.0,0.0,0.0,-0.0,-552095.8752357011,0.0,-0.0,-3059999.9999999995,-60000.0,60000.0,0.0,0.0,-0.0,0.0,0.0,-0.0,6233043.0049000075,126453.85245000012,-126453.85245000012,-1852594.9088582254,-61744.62293999968,61744.62293999968,0.5,0.8484418988227844,0.5,0.5,8484419.0,280.1354064941406,473.1572265625,313.16363525390625,-150000000.0,0.0,0.0,-90515248.0,0.0,0.0,-0.0,-0.0,240515248.0,-0.0,0.0,0.85,1.0,-1.0,1.0,True,True,False,,0,0
28008000.0,51,0.037999755865490564,False,False,ok,,,True,1.0,0.0,1,0.0,1.0,0.0,0.0,774300.6963360747,5948.475529999705,0.037999755865490564,-5948.475529999705,-0.037999755865490564,156539.83544146415,0.0,0.0,0.037999755865490564,0.003515211861459311,1.2356714430944234e-05,0.05,1.0,0.0,0.0,-0.0,-552095.8752357011,0.0,-0.0,-3119999.9999999995,-60000.0,60000.0,0.0,0.0,-0.0,0.0,0.0,-0.0,6353300.6272500055,120257.62234999798,-120257.62234999798,-1906904.055678225,-54309.14681999944,54309.14681999944,0.5,0.8464847803115845,0.5,0.5,8464848.0,279.48919677734375,473.1572265625,313.16363525390625,-150000000.0,0.0,0.0,-93796432.0,0.0,0.0,-0.0,-0.0,243796432.0,-0.0,0.0,0.85,1.0,-1.0,1.0,True,True,False,,0,0
28011600.0,52,0.03590368332859031,False,False,ok,,,True,1.0,0.0,1,0.0,1.0,0.0,0.0,779921.0530160747,5620.356679999968,0.03590368332859031,-5620.356679999968,-0.03590368332859031,156539.83544146415,0.0,0.0,0.03590368332859031,0.005160133680738865,2.662697960309563e-05,0.05,1.0,0.0,0.0,-0.0,-552095.8752357011,0.0,-0.0,-3179999.9999999995,-60000.0,60000.0,0.0,0.0,-0.0,0.0,0.0,-0.0,6475198.8438500045,121898.216599999,-121898.216599999,-1963181.915598225,-56277.85992000019,56277.85992000019,0.5,0.844839870929718,0.5,0.5,8448399.0,278.9460754394531,473.1572265625,313.16363525390625,-150000000.0,0.0,0.0,-81456064.0,0.0,0.0,-0.0,-0.0,231456064.0,-0.0,0.0,0.85,1.0,-1.0,1.0,True,True,False,,0,0
28015200.0,53,0.053502593675152296,False,False,ok,,,True,1.0,0.0,1,0.0,1.0,0.0,0.0,788296.3402256746,8375.287209599861,0.053502593675152296,-8375.287209599861,-0.053502593675152296,156539.83544146415,0.0,0.0,0.053502593675152296,0.006322783642073171,3.9977592984468074e-05,0.05,1.0,0.0,0.0,-0.0,-553182.2280425582,-1086.3528068570886,1086.3528068570886,-3239999.9999999995,-60000.0,60000.0,0.0,0.0,-0.0,0.0,0.0,-0.0,6590926.877450007,115728.03360000253,-115728.03360000253,-2009448.3091817684,-46266.393583543366,46266.393583543366,0.5,0.8436772227287292,0.5,0.5,8436772.0,278.56219482421875,473.1572265625,313.16363525390625,-150000000.0,0.0,0.0,-79151360.0,0.0,0.0,-9647755.0,-9647755.0,238799120.0,-0.0,0.0,0.85,1.0,-1.0,1.0,True,True,False,,0,0
28018800.0,54,0.10496099871073558,False,False,ok,,,True,1.0,0.0,1,0.0,1.0,0.0,0.0,804726.9176916248,16430.57746595028,0.10496099871073558,-16430.57746595028,-0.10496099871073558,156539.83544146415,0.0,0.0,0.10496099871073558,0.005938571595175746,3.52666325910282e-05,0.05,1.0,0.0,0.0,-0.0,-560546.8630039513,-7364.63496139308,7364.63496139308,-3299999.9999999995,-60000.0,60000.0,0.0,0.0,-0.0,0.0,0.0,-0.0,6710326.434850008,119399.55740000121,-119399.55740000121,-2045052.6541544257,-35604.34497265727,35604.34497265727,0.5,0.8440614342689514,0.5,0.5,8440614.0,278.6890563964844,473.1572265625,313.16363525390625,-150000000.0,0.0,0.0,-49019028.0,0.0,0.0,-53341364.0,-53341364.0,252360384.0,-0.0,0.0,0.85,1.0,-1.0,1.0,True,True,False,,0,0
28022400.0,55,0.1958819261717419,False,False,ok,,,True,1.0,0.0,1,0.0,1.0,0.0,0.0,835390.2421805063,30663.32448888151,0.1958819261717419,-30663.32448888151,-0.1958819261717419,156539.83544146415,0.0,0.0,0.1958819261717419,0.0026003836881566267,6.76199532563106e-06,0.05,1.0,0.0,0.0,-0.0,-579046.4084674381,-18499.545463486807,18499.545463486807,-3359999.9999999995,-60000.0,60000.0,0.0,0.0,-0.0,0.0,0.0,-0.0,6836506.630650009,126180.1958000008,-126180.1958000008,-2062069.9800020573,-17017.325847631553,17017.325847631553,0.5,0.8473995923995972,0.5,0.5,8473996.0,279.791259765625,473.1572265625,313.16363525390625,-150000000.0,0.0,0.0,-9102608.0,0.0,0.0,-98678248.0,-98678248.0,257780864.0,-0.0,0.0,0.85,1.0,-1.0,1.0,True,True,False,,0,0
28026000.0,56,0.2564267402327324,False,False,ok,,,True,1.0,0.0,1,0.0,1.0,0.0,0.0,875531.2418993294,40140.999718823005,0.2564267402327324,-40140.999718823005,-0.2564267402327324,156539.83544146415,0.0,0.0,0.2564267402327324,0.003980244151291279,1.5842343503888435e-05,0.05,1.0,0.0,0.0,-0.0,-607600.7759536344,-28554.367486196337,28554.367486196337,-3419999.9999999995,-60000.0,60000.0,0.0,0.0,-0.0,0.0,0.0,-0.0,6965397.059900011,128890.42925000191,-128890.42925000191,-2062265.0420470377,-195.0620449804701,195.0620449804701,0.5,0.8539802432060242,0.5,0.5,8539802.0,281.9640197753906,473.1572265625,313.16363525390625,-150000000.0,0.0,0.0,30177556.0,0.0,-0.0,-132757088.0,-132757088.0,252579536.0,-0.0,0.0,0.85,1.0,-1.0,1.0,True,True,False,,0,0
28029600.0,57,0.22028165330814886,False,False,ok,,,True,1.0,0.0,1,0.0,1.0,0.0,0.0,910014.0956589606,34482.85375963128,0.22028165330814886,-34482.85375963128,-0.22028165330814886,156539.83544146415,0.0,0.0,0.22028165330814886,0.012017319061338405,0.00014441595742200738,0.05,1.0,-320.5277115107894,-320.5277115107894,320.5277115107894,-643134.1296786407,-35533.35372500634,35533.35372500634,-3479999.9999999995,-60000.0,60000.0,0.0,0.0,-0.0,0.0,0.0,-0.0,7091686.827850011,126289.76795000024,-126289.76795000024,-2058218.0748008892,4046.9672461485025,-4046.9672461485025,0.5,0.8620173335075378,0.5,0.5,8620173.0,284.6176452636719,473.1572265625,313.16363525390625,-150000000.0,0.0,0.0,73157440.0,-4117247.75,-4117247.75,-153396592.0,-153396592.0,234356400.0,-0.0,0.0,0.85,1.0,-1.0,1.0,True,True,False,,0,0
28033200.0,58,0.154236931039467,False,False,ok,,,True,1.0,0.0,1,0.0,1.0,0.0,0.0,934158.3194628753,24144.223803914618,0.154236931039467,-24144.223803914618,-0.154236931039467,156539.83544146415,0.0,0.0,0.154236931039467,0.019166634289115914,0.00036735986997271387,0.05,1.0,-2459.7637122302117,-2139.2360007194225,2139.2360007194225,-681584.6458141173,-38450.51613547653,38450.51613547653,-3539999.9999999995,-60000.0,60000.0,0.0,0.0,-0.0,0.0,0.0,-0.0,7208865.026850007,117178.19899999537,-117178.19899999537,-2050662.2978607784,7555.776940110838,-7555.776940110838,0.5,0.8691666126251221,0.5,0.5,8691666.0,286.9781799316406,473.1572265625,313.16363525390625,-150000000.0,0.0,0.0,72610368.0,-8727546.0,-8727546.0,-154292320.0,-154292320.0,240409504.0,-0.0,0.0,0.85,1.0,-1.0,1.0,True,True,False,,0,0
28036800.0,59,0.1665882389652885,False,False,ok,,,True,1.0,0.0,1,0.0,1.0,0.0,0.0,960236.0149769848,26077.695514109568,0.1665882389652885,-26077.695514109568,-0.1665882389652885,156539.83544146415,0.0,0.0,0.1665882389652885,0.024612538391323047,0.0006057770460643508,0.05,1.0,-6181.059593525171,-3721.2958812949596,3721.2958812949596,-718964.7075462028,-37380.06173208554,37380.06173208554,-3599999.9999999995,-60000.0,60000.0,0.0,0.0,-0.0,0.0,0.0,-0.0,7329069.778150008,120204.75130000152,-120204.75130000152,-2043687.9960332883,6974.301827490097,-6974.301827490097,0.5,0.8746125102043152,0.5,0.5,8746125.0,288.7762756347656,473.1572265625,313.16363525390625,-150000000.0,0.0,0.0,49955252.0,-13081150.0,-13081150.0,-143686624.0,-143686624.0,256812512.0,-0.0,0.0,0.85,1.0,-1.0,1.0,True,True,False,,0,0
28040400.0,60,0.21631505100605206,False,False,ok,,,True,1.0,0.0,1,0.0,1.0,0.0,0.0,994097.9374649841,33861.92248799931,0.21631505100605206,-33861.92248799931,-0.21631505100605206,156539.83544146415,0.0,0.0,0.21631505100605206,0.02837047489712674,0.0008048838458884985,0.05,1.0,-11111.480702158266,-4930.421108633094,4930.421108633094,-752866.9633273548,-33902.25578115194,33902.25578115194,-3659999.9999999995,-60000.0,60000.0,0.0,0.0,-0.0,0.0,0.0,-0.0,7457476.034800005,128406.25664999709,-128406.25664999709,-2039399.653305504,4288.3427277843,-4288.3427277843,0.5,0.878370463848114,0.5,0.5,8783705.0,290.0170593261719,473.1572265625,313.16363525390625,-150000000.0,0.0,0.0,56787088.0,-15343975.0,-15343975.0,-125696208.0,-125696208.0,234253088.0,-0.0,0.0,0.85,1.0,-1.0,1.0,True,True,False,,0,0
28044000.0,61,0.1811503817104064,False,False,ok,,,True,1.0,0.0,1,0.0,1.0,0.0,0.0,1022455.1884080896,28357.250943105435,0.1811503817104064,-28357.250943105435,-0.1811503817104064,156539.83544146415,0.0,0.0,0.1811503817104064,0.030669937194384267,0.0009406450475074754,0.05,1.0,-16377.241605755387,-5265.760903597122,5265.760903597122,-780504.8444417061,-27637.88111435133,27637.88111435133,-3719999.9999999995,-60000.0,60000.0,0.0,0.0,-0.0,0.0,0.0,-0.0,7574602.581550009,117126.54675000347,-117126.54675000347,-2035265.3070944499,4134.3462110541295,-4134.3462110541295,0.5,0.8806699514389038,0.5,0.5,8806699.0,290.7762756347656,473.1572265625,313.16363525390625,-150000000.0,0.0,0.0,1018505.875,-14681951.0,-14681951.0,-91872208.0,-91872208.0,255535648.0,-0.0,0.0,0.85,1.0,-1.0,1.0,True,True,False,,0,0
28047600.0,62,0.21574180630156672,False,False,ok,,,True,1.0,0.0,1,0.0,1.0,0.0,0.0,1056227.375264381,33772.18685629149,0.21574180630156672,-33772.18685629149,-0.21574180630156672,156539.83544146415,0.0,0.0,0.21574180630156672,0.03157921668060404,0.0009972469261605404,0.05,1.0,-20799.247997751787,-4422.0063919963995,4422.0063919963995,-799232.0595462697,-18727.215104563627,18727.215104563627,-3779999.9999999995,-60000.0,60000.0,0.0,0.0,-0.0,0.0,0.0,-0.0,7702370.406500013,127767.824950004,-127767.824950004,-2046111.7236915983,-10846.416597148404,10846.416597148404,0.5,0.8815792202949524,0.5,0.5,8815792.0,291.0765075683594,473.1572265625,313.16363525390625,-150000000.0,0.0,0.0,-30143778.0,-10247571.0,-10247571.0,-53934688.0,-53934688.0,244326032.0,-0.0,0.0,0.85,1.0,-1.0,1.0,True,True,False,,0,0
28051200.0,63,0.1176605152033006,False,False,ok,,,True,1.0,0.0,1,0.0,1.0,0.0,0.0,1074645.9329522636,18418.557687882567,0.1176605152033006,-18418.557687882567,-0.1176605152033006,156539.83544146415,0.0,0.0,0.1176605152033006,0.029719971901383424,0.0008832767298190202,0.05,1.0,-21734.13072868704,-934.8827309352528,934.8827309352528,-807934.4794381575,-8702.41989188781,8702.41989188781,-3839999.9999999995,-60000.0,60000.0,0.0,0.0,-0.0,0.0,0.0,-0.0,7824533.4242000105,122163.01769999787,-122163.01769999787,-2080218.8810808929,-34107.15738929459,34107.15738929459,0.5,0.8797199726104736,0.5,0.5,8797200.0,290.4626159667969,473.1572265625,313.16363525390625,-150000000.0,0.0,0.0,-96821144.0,0.0,0.0,-10958862.0,-10958862.0,257780000.0,-0.0,0.0,0.85,1.0,-1.0,1.0,True,True,False,,0,0
28054800.0,64,0.04053994679914855,False,False,ok,,,True,1.0,0.0,1,0.0,1.0,0.0,0.0,1080992.049553008,6346.116600744426,0.04053994679914855,-6346.116600744426,-0.04053994679914855,156539.83544146415,0.0,0.0,0.04053994679914855,0.02406401615187692,0.0005790768733577934,0.05,1.0,-21734.13072868704,0.0,-0.0,-809451.7060315462,-1517.2265933887102,1517.2265933887102,-3899999.9999999995,-60000.0,60000.0,0.0,0.0,-0.0,0.0,0.0,-0.0,7953423.4273500135,128890.00315000303,-128890.00315000303,-2141245.5410367604,-61026.659955867566,61026.659955867566,0.5,0.874064028263092,0.5,0.5,8740640.0,288.59515380859375,473.1572265625,313.16363525390625,-150000000.0,0.0,0.0,-96242280.0,0.0,0.0,-0.0,-0.0,246242288.0,-0.0,0.0,0.85,1.0,-1.0,1.0,True,True,False,,0,0
28058400.0,65,0.03434123758236286,False,False,ok,,,True,1.0,0.0,1,0.0,1.0,0.0,0.0,1086367.8212330074,5375.771679999307,0.03434123758236286,-5375.771679999307,-0.03434123758236286,156539.83544146415,0.0,0.0,0.03434123758236286,0.017532609849259972,0.0003073924081263678,0.05,1.0,-21734.13072868704,0.0,-0.0,-809451.7060315462,0.0,-0.0,-3959999.9999999995,-60000.0,60000.0,0.0,0.0,-0.0,0.0,0.0,-0.0,8076544.568950017,123121.14160000347,-123121.14160000347,-2198990.91095676,-57745.3699199995,57745.3699199995,0.5,0.8675326108932495,0.5,0.5,8675326.0,286.4386291503906,473.1572265625,313.16363525390625,-150000000.0,0.0,0.0,-95843016.0,0.0,0.0,-0.0,-0.0,245843024.0,-0.0,0.0,0.85,1.0,-1.0,1.0,True,True,False,,0,0
28062000.0,66,0.03459629298016346,False,False,ok,,,True,1.0,0.0,1,0.0,1.0,0.0,0.0,1091783.5192430068,5415.698009999469,0.03459629298016346,-5415.698009999469,-0.03459629298016346,156539.83544146415,0.0,0.0,0.03459629298016346,0.012628703571165523,0.00015948415388836884,0.05,1.0,-21734.13072868704,0.0,-0.0,-809451.7060315462,0.0,-0.0,-4019999.9999999995,-60000.0,60000.0,0.0,0.0,-0.0,0.0,0.0,-0.0,8199466.07890002,122921.50995000266,-122921.50995000266,-2256496.7228967585,-57505.81193999853,57505.81193999853,0.5,0.862628698348999,0.5,0.5,8626287.0,284.8194580078125,473.1572265625,313.16363525390625,-150000000.0,0.0,0.0,-105262264.0,0.0,0.0,-0.0,-0.0,255262272.0,-0.0,0.0,0.85,1.0,-1.0,1.0,True,True,False,,0,0
28065600.0,67,0.02857913608624602,False,False,ok,,,True,1.0,0.0,1,0.0,1.0,0.0,0.0,1096257.292503007,4473.773260000162,0.02857913608624602,-4473.773260000162,-0.02857913608624602,156539.83544146415,0.0,0.0,0.02857913608624602,0.009032296311637045,8.158237666121217e-05,0.05,1.0,-21734.13072868704,0.0,-0.0,-809451.7060315462,0.0,-0.0,-4079999.9999999995,-60000.0,60000.0,0.0,0.0,-0.0,0.0,0.0,-0.0,8327097.2126000235,127631.13370000385,-127631.13370000385,-2319654.0833367575,-63157.36043999903,63157.36043999903,0.5,0.8590322732925415,0.5,0.5,8590323.0,283.63201904296875,473.1572265625,313.16363525390625,-150000000.0,0.0,0.0,-85389376.0,0.0,0.0,-0.0,-0.0,235389376.0,-0.0,0.0,0.85,1.0,-1.0,1.0,True,True,False,,0,0
28069200.0,68,0.04127424033491742,False,False,ok,,,True,1.0,0.0,1,0.0,1.0,0.0,0.0,1102718.3552930064,6461.062789999414,0.04127424033491742,-6461.062789999414,-0.04127424033491742,156539.83544146415,0.0,0.0,0.04127424033491742,0.006282602913768809,3.947109937209633e-05,0.05,1.0,-21734.13072868704,0.0,-0.0,-809451.7060315462,0.0,-0.0,-4139999.9999999995,-60000.0,60000.0,0.0,0.0,-0.0,0.0,0.0,-0.0,8444791.898650024,117694.6860500006,-117694.6860500006,-2370887.7065967564,-51233.62325999886,51233.62325999886,0.5,0.8562825918197632,0.5,0.5,8562826.0,282.72412109375,473.1572265625,313.16363525390625,-150000000.0,0.0,0.0,-88285072.0,0.0,0.0,-0.0,-0.0,238285072.0,-0.0,0.0,0.85,1.0,-1.0,1.0,True,True,False,,0,0
28072800.0,69,0.03942442217724425,False,False,ok,,,True,1.0,0.0,1,0.0,1.0,0.0,0.0,1108889.847853007,6171.4925600006245,0.03942442217724425,-6171.4925600006245,-0.03942442217724425,156539.83544146415,0.0,0.0,0.03942442217724425,0.0037651776325240416,1.4176562604459347e-05,0.05,1.0,-21734.13072868704,0.0,-0.0,-809451.7060315462,0.0,-0.0,-4199999.999999999,-59999.999999999534,59999.999999999534,0.0,0.0,-0.0,0.0,0.0,-0.0,8563934.435850028,119142.53720000386,-119142.53720000386,-2423858.7512367573,-52971.04464000091,52971.04464000091,0.5,0.8537651896476746,0.5,0.5,8537652.0,281.8929443359375,473.1572265625,313.16363525390625,-150000000.0,0.0,0.0,-84689256.0,0.0,0.0,-0.0,-0.0,234689248.0,-0.0,0.0,0.85,1.0,-1.0,1.0,True,True,False,,0,0
28076400.0,70,0.04172148508768314,False,False,ok,,,True,1.0,0.0,1,0.0,1.0,0.0,0.0,1115420.9222630064,6531.074409999419,0.04172148508768314,-6531.074409999419,-0.04172148508768314,156539.83544146415,0.0,0.0,0.04172148508768314,0.0011007109530525305,1.21156460216981e-06,0.05,1.0,-21734.13072868704,0.0,-0.0,-809451.7060315462,0.0,-0.0,-4259999.999999999,-60000.0,60000.0,0.0,0.0,-0.0,0.0,0.0,-0.0,8681279.063800033,117344.62795000523,-117344.62795000523,-2474672.304776756,-50813.55353999883,50813.55353999883,0.5,0.8511006832122803,0.5,0.5,8511007.0,281.01318359375,473.1572265625,313.16363525390625,-150000000.0,0.0,0.0,-103523264.0,0.0,0.0,-0.0,-0.0,253523264.0,-0.0,0.0,0.85,1.0,-1.0,1.0,True,True,False,,0,0
28080000.0,71,0.02969003881276454,False,False,ok,,,True,1.0,0.0,1,0.0,1.0,0.0,0.0,1120068.5960530073,4647.673790000845,0.02969003881276454,-4647.673790000845,-0.02969003881276454,156539.83544146415,0.0,0.0,0.02969003881276454,0.0015848686199064765,2.5118085423642594e-06,0.05,1.0,-21734.13072868704,0.0,-0.0,-809451.7060315462,0.0,-0.0,-4319999.999999999,-60000.0,60000.0,0.0,0.0,-0.0,0.0,0.0,-0.0,8808040.694850031,126761.6310499981,-126761.6310499981,-2536786.2620367557,-62113.95725999959,62113.95725999959,0.5,0.8484151363372803,0.5,0.5,8484151.0,280.12646484375,473.1572265625,313.16363525390625,-150000000.0,0.0,0.0,-98407584.0,0.0,0.0,-0.0,-0.0,248407584.0,-0.0,0.0,0.85,1.0,-1.0,1.0,True,True,False,,0,0
28083600.0,72,0.03295800877424845,False,False,ok,,,True,1.0,0.0,1,0.0,1.0,0.0,0.0,1125227.8373230065,5159.241269999184,0.03295800877424845,-5159.241269999184,-0.03295800877424845,156539.83544146415,0.0,0.0,0.03295800877424845,0.004016271789736847,1.6130439089036018e-05,0.05,1.0,-21734.13072868704,0.0,-0.0,-809451.7060315462,0.0,-0.0,-4379999.999999999,-60000.0,60000.0,0.0,0.0,-0.0,0.0,0.0,-0.0,8932244.48850004,124203.79365000874,-124203.79365000874,-2595830.814416756,-59044.55238000024,59044.55238000024,0.5,0.8459837436676025,0.5,0.5,8459837.0,279.32366943359375,473.1572265625,313.16363525390625,-150000000.0,0.0,0.0,-98931592.0,0.0,0.0,-0.0,-0.0,248931600.0,-0.0,0.0,0.85,1.0,-1.0,1.0,True,True,False,,0,0
28087200.0,73,0.03262326541737334,False,False,ok,,,True,1.0,0.0,1,0.0,1.0,0.0,0.0,1130334.6779230053,5106.840599998832,0.03262326541737334,-5106.840599998832,-0.03262326541737334,156539.83544146415,0.0,0.0,0.03262326541737334,0.0061331566692786055,3.7615610729916636e-05,0.05,1.0,-21734.13072868704,0.0,-0.0,-809451.7060315462,0.0,-0.0,-4439999.999999999,-60000.0,60000.0,0.0,0.0,-0.0,0.0,0.0,-0.0,9056710.285500046,124465.79700000584,-124465.79700000584,-2655189.7708167536,-59358.956399997696,59358.956399997696,0.5,0.8438668251037598,0.5,0.5,8438668.0,278.6247253417969,473.1572265625,313.16363525390625,-150000000.0,0.0,0.0,-101939088.0,0.0,0.0,-0.0,-0.0,251939088.0,-0.0,0.0,0.85,1.0,-1.0,1.0,True,True,False,,0,0
28090800.0,74,0.03070203278574465,False,False,ok,,,True,1.0,0.0,1,0.0,1.0,0.0,0.0,1135140.7690830042,4806.091159998905,0.03070203278574465,-4806.091159998905,-0.03070203278574465,156539.83544146415,0.0,0.0,0.03070203278574465,0.008005044716438259,6.408074091217608e-05,0.05,1.0,-21734.13072868704,0.0,-0.0,-809451.7060315462,0.0,-0.0,-4499999.999999999,-60000.0,60000.0,0.0,0.0,-0.0,0.0,0.0,-0.0,9182679.829700049,125969.54420000315,-125969.54420000315,-2716353.2238567555,-61163.453040001914,61163.453040001914,0.5,0.8419949412345886,0.5,0.5,8419950.0,278.0066833496094,473.1572265625,313.16363525390625,-150000000.0,0.0,0.0,-83550736.0,0.0,0.0,-0.0,-0.0,233550736.0,-0.0,0.0,0.85,1.0,-1.0,1.0,True,True,False,,0,0
28094400.0,75,0.042448789352943356,False,False,ok,,,True,1.0,0.0,1,0.0,1.0,0.0,0.0,1141785.6955830033,6644.926499999128,0.042448789352943356,-6644.926499999128,-0.042448789352943356,156539.83544146415,0.0,0.0,0.042448789352943356,0.00973023225418157,9.467741972031536e-05,0.05,1.0,-21734.13072868704,0.0,-0.0,-809451.7060315462,0.0,-0.0,-4559999.999999999,-60000.0,60000.0,0.0,0.0,-0.0,0.0,0.0,-0.0,9299455.197200049,116775.3674999997,-116775.3674999997,-2766483.664856756,-50130.441000000574,50130.441000000574,0.5,0.8402697443962097,0.5,0.5,8402698.0,277.43707275390625,473.1572265625,313.16363525390625,-150000000.0,0.0,0.0,-109219288.0,0.0,0.0,-0.0,-0.0,259219296.0,-0.0,0.0,0.85,1.0,-1.0,1.0,True,True,False,,0,0
28098000.0,76,0.026051329736608,False,False,ok,,,True,1.0,0.0,1,0.0,1.0,0.0,0.0,1145863.7664530033,4078.0708699999377,0.026051329736608,-4078.0708699999377,-0.026051329736608,156539.83544146415,0.0,0.0,0.026051329736608,0.011384535844193522,0.0001296076563877271,0.05,1.0,-21734.13072868704,0.0,-0.0,-809451.7060315462,0.0,-0.0,-4619999.999999999,-60000.0,60000.0,0.0,0.0,-0.0,0.0,0.0,-0.0,9429064.842850044,129609.64564999565,-129609.64564999565,-2832015.2396367565,-65531.574780000374,65531.574780000374,0.5,0.8386154770851135,0.5,0.5,8386154.5,276.8908386230469,473.1572265625,313.16363525390625,-150000000.0,0.0,0.0,-83734016.0,0.0,0.0,-0.0,-0.0,233734016.0,-0.0,0.0,0.85,1.0,-1.0,1.0,True,True,False,,0,0
28101600.0,77,0.05173996633704997,False,False,ok,,,True,1.0,0.0,1,0.0,1.0,0.0,0.0,1153963.132269152,8099.3658161486965,0.05173996633704997,-8099.3658161486965,-0.05173996633704997,156539.83544146415,0.0,0.0,0.05173996633704997,0.012824684510757023,0.0001644725328004511,0.05,1.0,-21734.13072868704,0.0,-0.0,-810503.6829359381,-1051.9769043918932,1051.9769043918932,-4679999.999999999,-60000.0,60000.0,0.0,0.0,-0.0,0.0,0.0,-0.0,9545931.852100044,116867.00925000012,-116867.00925000012,-2879730.906166216,-47715.66652945941,47715.66652945941,0.5,0.8371753096580505,0.5,0.5,8371753.0,276.41534423828125,473.1572265625,313.16363525390625,-150000000.0,0.0,0.0,-97703952.0,0.0,0.0,-9347441.0,-9347441.0,257051392.0,-0.0,0.0,0.85,1.0,-1.0,1.0,True,True,False,,0,0
28105200.0,78,0.09417304740518159,False,False,ok,,,True,1.0,0.0,1,0.0,1.0,0.0,0.0,1168704.9656129803,14741.83334382833,0.09417304740518159,-14741.83334382833,-0.09417304740518159,156539.83544146415,0.0,0.0,0.09417304740518159,0.011398185647471637,0.0001299186360542284,0.05,1.0,-21734.13072868704,0.0,-0.0,-817965.8059886727,-7462.123052734532,7462.123052734532,-4739999.999999999,-60000.0,60000.0,0.0,0.0,-0.0,0.0,0.0,-0.0,9674457.546750046,128525.69465000182,-128525.69465000182,-2926052.644419653,-46321.73825343698,46321.73825343698,0.5,0.83860182762146,0.5,0.5,8386018.0,276.8863525390625,473.1572265625,313.16363525390625,-150000000.0,0.0,0.0,-27959234.0,0.0,0.0,-54416972.0,-54416972.0,232376208.0,-0.0,0.0,0.85,1.0,-1.0,1.0,True,True,False,,0,0
28108800.0,79,0.20199180954964652,False,False,ok,,,True,1.0,0.0,1,0.0,1.0,0.0,0.0,1200324.7302404055,31619.764627425233,0.20199180954964652,-31619.764627425233,-0.20199180954964652,156539.83544146415,0.0,0.0,0.20199180954964652,0.0058202102498284836,3.387484735220854e-05,0.05,1.0,-22010.270521402865,-276.139792715825,276.139792715825,-836868.9379375636,-18903.13194889098,18903.13194889098,-4799999.999999999,-60000.0,60000.0,0.0,0.0,-0.0,0.0,0.0,-0.0,9790645.65065004,116188.103899993,-116188.103899993,-2931441.711950621,-5389.0675309682265,5389.0675309682265,0.5,0.8441798090934753,0.5,0.5,8441798.0,278.7280578613281,473.1572265625,313.16363525390625,-150000000.0,0.0,0.0,-2128908.75,-3163320.75,-3163320.75,-100931056.0,-100931056.0,256223280.0,-0.0,0.0,0.85,1.0,-1.0,1.0,True,True,False,,0,0
28112400.0,80,0.24514103259229114,False,False,ok,,,True,1.0,0.0,1,0.0,1.0,0.0,0.0,1238699.0671423534,38374.336901947856,0.24514103259229114,-38374.336901947856,-0.24514103259229114,156539.83544146415,0.0,0.0,0.24514103259229114,0.002958500211606041,8.752723502072989e-06,0.05,1.0,-24248.716604136673,-2238.446082733808,2238.446082733808,-865885.0053485369,-29016.06741097325,29016.06741097325,-4859999.999999999,-60000.0,60000.0,0.0,0.0,-0.0,0.0,0.0,-0.0,9918757.291700039,128111.64104999974,-128111.64104999974,-2929924.502604965,1517.2093456559815,-1517.2093456559815,0.5,0.8529585003852844,0.5,0.5,8529585.0,281.6265563964844,473.1572265625,313.16363525390625,-150000000.0,0.0,0.0,46658360.0,-10821933.0,-10821933.0,-133982232.0,-133982232.0,248145808.0,-0.0,0.0,0.85,1.0,-1.0,1.0,True,True,False,,0,0
28116000.0,81,0.1738201456428089,False,False,ok,,,True,1.0,0.0,1,0.0,1.0,0.0,0.0,1265908.84413769,27209.776995336637,0.1738201456428089,-27209.776995336637,-0.1738201456428089,156539.83544146415,0.0,0.0,0.1738201456428089,0.01365837544861126,0.00018655121989522683,0.05,1.0,-32079.764029316524,-7831.047425179851,7831.047425179851,-901643.2386501422,-35758.23330160533,35758.23330160533,-4919999.999999999,-60000.0,60000.0,0.0,0.0,-0.0,0.0,0.0,-0.0,10042830.194550045,124072.90285000578,-124072.90285000578,-2923198.3477328434,6726.154872121755,-6726.154872121755,0.5,0.8636583685874939,0.5,0.5,8636584.0,285.15936279296875,473.1572265625,313.16363525390625,-150000000.0,0.0,0.0,88134136.0,-39687832.0,-39687832.0,-153872816.0,-153872816.0,255426512.0,-0.0,0.0,0.85,1.0,-1.0,1.0,True,True,False,,0,0
28119600.0,82,0.1450044336151336,False,False,ok,,,True,1.0,0.0,1,0.0,1.0,0.0,0.0,1288607.8143140858,22698.970176395727,0.1450044336151336,-22698.970176395727,-0.1450044336151336,156539.83544146415,0.0,0.0,0.1450044336151336,0.02299794659978771,0.0005289055478066871,0.05,1.0,-47599.75503749996,-15519.991008183439,15519.991008183439,-940619.7805178354,-38976.54186769319,38976.54186769319,-4979999.999999999,-60000.0,60000.0,0.0,0.0,-0.0,0.0,0.0,-0.0,10170543.448500037,127713.25394999236,-127713.25394999236,-2913716.098630571,9482.249102272559,-9482.249102272559,0.5,0.8729979395866394,0.5,0.5,8729979.0,288.2430725097656,473.1572265625,313.16363525390625,-150000000.0,0.0,0.0,107209344.0,-50290660.0,-50290660.0,-158374016.0,-158374016.0,251455344.0,-0.0,0.0,0.85,1.0,-1.0,1.0,True,True,False,,0,0
28123200.0,83,0.1222435778660753,False,False,ok,,,True,1.0,0.0,1,0.0,1.0,0.0,0.0,1307743.803877017,19135.989562931238,0.1222435778660753,-19135.989562931238,-0.1222435778660753,156539.83544146415,0.0,0.0,0.1222435778660753,0.02953362879364141,0.0008722352297206049,0.05,1.0,-65985.82271088126,-18386.067673381294,18386.067673381294,-979475.1835113056,-38855.4029934702,38855.4029934702,-5039999.999999999,-60000.0,60000.0,0.0,0.0,-0.0,0.0,0.0,-0.0,10296271.119550038,125727.67105000094,-125727.67105000094,-2903066.3094507875,10649.789179783314,-10649.789179783314,0.5,0.8795336484909058,0.5,0.5,8795336.0,290.4009704589844,473.1572265625,313.16363525390625,-150000000.0,0.0,0.0,98340736.0,-55321192.0,-55321192.0,-151816080.0,-151816080.0,258796528.0,-0.0,0.0,0.85,1.0,-1.0,1.0,True,True,False,,0,0
28126800.0,84,0.14781713852656095,False,False,ok,,,True,1.0,0.0,1,0.0,1.0,0.0,0.0,1330883.074417393,23139.27054037596,0.14781713852656095,-23139.27054037596,-0.14781713852656095,156539.83544146415,0.0,0.0,0.14781713852656095,0.0337527660768977,0.0011392492178417762,0.05,1.0,-85501.38518525177,-19515.562474370512,19515.562474370512,-1015207.9430078568,-35732.75949655124,35732.75949655124,-5099999.999999999,-60000.0,60000.0,0.0,0.0,-0.0,0.0,0.0,-0.0,10425669.386700038,129398.26714999974,-129398.26714999974,-2894076.984089489,8989.325361298397,-8989.325361298397,0.5,0.8837527632713318,0.5,0.5,8837528.0,291.7940368652344,473.1572265625,313.16363525390625,-150000000.0,0.0,0.0,102506544.0,-56295348.0,-56295348.0,-132019872.0,-132019872.0,235808688.0,-0.0,0.0,0.85,1.0,-1.0,1.0,True,True,False,,0,0
28130400.0,85,0.11844047000845283,False,False,ok,,,True,1.0,0.0,1,0.0,1.0,0.0,0.0,1349423.7261021258,18540.651684732875,0.11844047000845283,-18540.651684732875,-0.11844047000845283,156539.83544146415,0.0,0.0,0.11844047000845283,0.0358644441720849,0.0012862583557725943,0.05,1.0,-104002.36698669064,-18500.981801438873,18500.981801438873,-1044487.6666649221,-29279.723657065304,29279.723657065304,-5159999.999999999,-60000.0,60000.0,0.0,0.0,-0.0,0.0,0.0,-0.0,10543573.727800045,117904.3411000073,-117904.3411000073,-2885659.9680462517,8417.01604323741,-8417.01604323741,0.5,0.8858644366264343,0.5,0.5,8858644.0,292.4912414550781,473.1572265625,313.16363525390625,-150000000.0,0.0,0.0,65229588.0,-48774820.0,-48774820.0,-98709088.0,-98709088.0,232254320.0,-0.0,0.0,0.85,1.0,-1.0,1.0,True,True,False,,0,0
28134000.0,86,0.16320496564891881,False,False,ok,,,True,1.0,0.0,1,0.0,1.0,0.0,0.0,1374971.8045680374,25548.07846591156,0.16320496564891881,-25548.07846591156,-0.16320496564891881,156539.83544146415,0.0,0.0,0.16320496564891881,0.0358824336073823,0.0012875490415881988,0.05,1.0,-118459.51710566548,-14457.150118974838,14457.150118974838,-1064532.8563562895,-20045.189691367326,20045.189691367326,-5219999.999999999,-60000.0,60000.0,0.0,0.0,-0.0,0.0,0.0,-0.0,10659700.88790005,116127.16010000557,-116127.16010000557,-2881736.709869998,3923.258176253643,-3923.258176253643,0.5,0.8858824372291565,0.5,0.5,8858824.0,292.4971923828125,473.1572265625,313.16363525390625,-150000000.0,0.0,0.0,7501505.0,-32815878.0,-32815878.0,-57209596.0,-57209596.0,232523968.0,-0.0,0.0,0.85,1.0,-1.0,1.0,True,True,False,,0,0
28137600.0,87,0.1454995807759852,False,False,ok,,,True,1.0,0.0,1,0.0,1.0,0.0,0.0,1397748.2849995121,22776.480431474745,0.1454995807759852,-22776.480431474745,-0.1454995807759852,156539.83544146415,0.0,0.0,0.1454995807759852,0.033056599105055984,0.001092738744392388,0.05,1.0,-123111.50060474464,-4651.983499079157,4651.983499079157,-1073876.5044320028,-9343.64807571331,9343.64807571331,-5279999.999999999,-60000.0,60000.0,0.0,0.0,-0.0,0.0,0.0,-0.0,10775962.872800045,116261.98489999399,-116261.98489999399,-2901226.582763731,-19489.872893732972,19489.872893732972,0.5,0.8830565810203552,0.5,0.5,8830566.0,291.5641784667969,473.1572265625,313.16363525390625,-150000000.0,0.0,0.0,-96189632.0,0.0,0.0,-12642149.0,-12642149.0,258831792.0,-0.0,0.0,0.85,1.0,-1.0,1.0,True,True,False,,0,0
28141200.0,88,0.04196227151225442,False,False,ok,,,True,1.0,0.0,1,0.0,1.0,0.0,0.0,1404317.0520767905,6568.767077278346,0.04196227151225442,-6568.767077278346,-0.04196227151225442,156539.83544146415,0.0,0.0,0.04196227151225442,0.026603106985500058,0.000707725301281962,0.05,1.0,-123111.50060474464,0.0,-0.0,-1075627.8940729157,-1751.3896409128793,1751.3896409128793,-5339999.999999999,-60000.0,60000.0,0.0,0.0,-0.0,0.0,0.0,-0.0,10905378.764900044,129415.89209999889,-129415.89209999889,-2962322.318145539,-61095.73538180813,61095.73538180813,0.5,0.8766031265258789,0.5,0.5,8766031.0,289.4333801269531,473.1572265625,313.16363525390625,-150000000.0,0.0,0.0,-108957240.0,0.0,0.0,-0.0,-0.0,258957248.0,-0.0,0.0,0.85,1.0,-1.0,1.0,True,True,False,,0,0
28144800.0,89,0.02621873198234705,False,False,ok,,,True,1.0,0.0,1,0.0,1.0,0.0,0.0,1408421.328066791,4104.27599000046,0.02621873198234705,-4104.27599000046,-0.02621873198234705,156539.83544146415,0.0,0.0,0.02621873198234705,0.019271159470621524,0.00037137758734212566,0.05,1.0,-123111.50060474464,0.0,-0.0,-1075627.8940729157,0.0,-0.0,-5399999.999999999,-60000.0,60000.0,0.0,0.0,-0.0,0.0,0.0,-0.0,11034857.384950034,129478.62004999071,-129478.62004999071,-3027696.662205541,-65374.344060001895,65374.344060001895,0.5,0.8692711591720581,0.5,0.5,8692712.0,287.01251220703125,473.1572265625,313.16363525390625,-150000000.0,0.0,0.0,-107968456.0,0.0,0.0,-0.0,-0.0,257968464.0,-0.0,0.0,0.85,1.0,-1.0,1.0,True,True,False,,0,0
28148400.0,90,0.02685038065964133,False,False,ok,,,True,1.0,0.0,1,0.0,1.0,0.0,0.0,1412624.4822367919,4203.154170000926,0.02685038065964133,-4203.154170000926,-0.02685038065964133,156539.83544146415,0.0,0.0,0.02685038065964133,0.013759304894723545,0.0001893184711859633,0.05,1.0,-123111.50060474464,0.0,-0.0,-1075627.8940729157,0.0,-0.0,-5459999.999999999,-60000.0,60000.0,0.0,0.0,-0.0,0.0,0.0,-0.0,11163841.614100039,128984.22915000468,-128984.22915000468,-3092477.73718554,-64781.0749799991,64781.0749799991,0.5,0.8637592792510986,0.5,0.5,8637593.0,285.192626953125,473.1572265625,313.16363525390625,-150000000.0,0.0,0.0,-100607208.0,0.0,0.0,-0.0,-0.0,250607200.0,-0.0,0.0,0.85,1.0,-1.0,1.0,True,True,False,,0,0
28152000.0,91,0.03155285979488632,False,False,ok,,,True,1.0,0.0,1,0.0,1.0,0.0,0.0,1417563.761716791,4939.279479999095,0.03155285979488632,-4939.279479999095,-0.03155285979488632,156539.83544146415,0.0,0.0,0.03155285979488632,0.00970556235473774,9.419794062170239e-05,0.05,1.0,-123111.50060474464,0.0,-0.0,-1075627.8940729157,0.0,-0.0,-5519999.999999999,-60000.0,60000.0,0.0,0.0,-0.0,0.0,0.0,-0.0,11289145.216700044,125303.60260000452,-125303.60260000452,-3152842.060305541,-60364.32312000077,60364.32312000077,0.5,0.8597055673599243,0.5,0.5,8597056.0,283.85418701171875,473.1572265625,313.16363525390625,-150000000.0,0.0,0.0,-84148800.0,0.0,0.0,-0.0,-0.0,234148800.0,-0.0,0.0,0.85,1.0,-1.0,1.0,True,True,False,,0,0
28155600.0,92,0.04206673810170899,False,False,ok,,,True,1.0,0.0,1,0.0,1.0,0.0,0.0,1424148.8819767917,6585.1202600006945,0.04206673810170899,-6585.1202600006945,-0.04206673810170899,156539.83544146415,0.0,0.0,0.04206673810170899,0.006615682190678984,4.3767250848067087e-05,0.05,1.0,-123111.50060474464,0.0,-0.0,-1075627.8940729157,0.0,-0.0,-5579999.999999999,-60000.0,60000.0,0.0,0.0,-0.0,0.0,0.0,-0.0,11406219.615400042,117074.39869999886,-117074.39869999886,-3203331.3387455414,-50489.27844000049,50489.27844000049,0.5,0.8566156625747681,0.5,0.5,8566157.0,282.833984375,473.1572265625,313.16363525390625,-150000000.0,0.0,0.0,-99432496.0,0.0,0.0,-0.0,-0.0,249432496.0,-0.0,0.0,0.85,1.0,-1.0,1.0,True,True,False,,0,0
28159200.0,93,0.032303284053791174,False,False,ok,,,True,1.0,0.0,1,0.0,1.0,0.0,0.0,1429205.632746791,5056.750769999344,0.032303284053791174,-5056.750769999344,-0.032303284053791174,156539.83544146415,0.0,0.0,0.032303284053791174,0.0041355719750937325,1.7102955561180675e-05,0.05,1.0,-123111.50060474464,0.0,-0.0,-1075627.8940729157,0.0,-0.0,-5639999.999999999,-60000.0,60000.0,0.0,0.0,-0.0,0.0,0.0,-0.0,11530935.861550048,124716.24615000561,-124716.24615000561,-3262990.8341255407,-59659.49537999928,59659.49537999928,0.5,0.8541355729103088,0.5,0.5,8541356.0,282.0151062011719,473.1572265625,313.16363525390625,-150000000.0,0.0,0.0,-92224776.0,0.0,0.0,-0.0,-0.0,242224768.0,-0.0,0.0,0.85,1.0,-1.0,1.0,True,True,False,,0,0
28162800.0,94,0.03690768208427881,False,False,ok,,,True,1.0,0.0,1,0.0,1.0,0.0,0.0,1434983.1552267899,5777.522479998879,0.03690768208427881,-5777.522479998879,-0.03690768208427881,156539.83544146415,0.0,0.0,0.03690768208427881,0.0020557775694018954,4.226221414855965e-06,0.05,1.0,-123111.50060474464,0.0,-0.0,-1075627.8940729157,0.0,-0.0,-5699999.999999999,-60000.0,60000.0,0.0,0.0,-0.0,0.0,0.0,-0.0,11652048.249150049,121112.38760000095,-121112.38760000095,-3318325.6992455428,-55334.86512000207,55334.86512000207,0.5,0.8520557880401611,0.5,0.5,8520558.0,281.3283996582031,473.1572265625,313.16363525390625,-150000000.0,0.0,0.0,-101105088.0,0.0,0.0,-0.0,-0.0,251105088.0,-0.0,0.0,0.85,1.0,-1.0,1.0,True,True,False,,0,0
28166400.0,95,0.031234807077772972,False,False,ok,,,True,1.0,0.0,1,0.0,1.0,0.0,0.0,1439872.6467867903,4889.491560000461,0.031234807077772972,-4889.491560000461,-0.031234807077772972,156539.83544146415,0.0,0.0,0.031234807077772972,0.0002633939344304226,6.937636469473776e-08,0.05,1.0,-123111.50060474464,0.0,-0.0,-1075627.8940729157,0.0,-0.0,-5759999.999999999,-60000.0,60000.0,0.0,0.0,-0.0,0.0,0.0,-0.0,11777600.791350044,125552.54219999537,-125552.54219999537,-3378988.7498855446,-60663.05064000189,60663.05064000189,0.5,0.8502634167671204,0.5,0.5,8502634.0,280.7366027832031,473.1572265625,313.16363525390625,-150000000.0,0.0,0.0,-86741264.0,0.0,0.0,-0.0,-0.0,236741264.0,-0.0,0.0,0.85,1.0,-1.0,1.0,True,True,False,,0,0
28170000.0,96,0.0404106298065317,False,False,ok,,,True,1.0,0.0,1,0.0,1.0,0.0,0.0,1446198.5201267907,6325.8733400003985,0.0404106298065317,-6325.8733400003985,-0.0404106298065317,156539.83544146415,0.0,0.0,0.0404106298065317,0.0013257549073667496,1.7576260744070189e-06,0.05,1.0,-123111.50060474464,0.0,-0.0,-1075627.8940729157,0.0,-0.0,-5819999.999999999,-60000.0,60000.0,0.0,0.0,-0.0,0.0,0.0,-0.0,11895971.424650047,118370.63330000266,-118370.63330000266,-3431033.509845547,-52044.759960002266,52044.759960002266,0.5,0.8486742377281189,0.5,0.5,8486742.0,280.2119140625,473.1572265625,313.16363525390625,-150000000.0,0.0,0.0,-109867992.0,0.0,0.0,-0.0,-0.0,259868000.0,-0.0,0.0,0.85,1.0,-1.0,1.0,True,True,False,,0,0
28173600.0,97,0.02563692818944245,False,False,ok,,,True,1.0,0.0,1,0.0,1.0,0.0,0.0,1450211.7206467907,4013.200519999955,0.02563692818944245,-4013.200519999955,-0.02563692818944245,156539.83544146415,0.0,0.0,0.02563692818944245,0.002785530781340584,7.759181733795884e-06,0.05,1.0,-123111.50060474464,0.0,-0.0,-1075627.8940729157,0.0,-0.0,-5879999.999999999,-60000.0,60000.0,0.0,0.0,-0.0,0.0,0.0,-0.0,12025905.42205004,129933.99739999324,-129933.99739999324,-3496954.306725547,-65920.79688000027,65920.79688000027,0.5,0.8472144603729248,0.5,0.5,8472145.0,279.72991943359375,473.1572265625,313.16363525390625,-150000000.0,0.0,0.0,-83041552.0,0.0,0.0,-0.0,-0.0,233041552.0,-0.0,0.0,0.85,1.0,-1.0,1.0,True,True,False,,0,0
28177200.0,98,0.042774060935455424,False,False,ok,,,True,1.0,0.0,1,0.0,1.0,0.0,0.0,1456907.56510679,6695.844459999353,0.042774060935455424,-6695.844459999353,-0.042774060935455424,156539.83544146415,0.0,0.0,0.042774060935455424,0.004171454513497652,1.7401032758179936e-05,0.05,1.0,-123111.50060474464,0.0,-0.0,-1075627.8940729157,0.0,-0.0,-5939999.999999999,-60000.0,60000.0,0.0,0.0,-0.0,0.0,0.0,-0.0,12142426.199750043,116520.77770000324,-116520.77770000324,-3546779.2399655464,-49824.93323999923,49824.93323999923,0.5,0.8458285331726074,0.5,0.5,8458285.0,279.2723083496094,473.1572265625,313.16363525390625,-150000000.0,0.0,0.0,-104543368.0,0.0,0.0,-0.0,-0.0,254543376.0,-0.0,0.0,0.85,1.0,-1.0,1.0,True,True,False,,0,0
28180800.0,99,0.029038378615777342,False,False,ok,,,True,1.0,0.0,1,0.0,1.0,0.0,0.0,1461453.2281167908,4545.663010000717,0.029038378615777342,-4545.663010000717,-0.029038378615777342,156539.83544146415,0.0,0.0,0.029038378615777342,0.005392803593288309,2.9082330595783297e-05,0.05,1.0,-123111.50060474464,0.0,-0.0,-1075627.8940729157,0.0,-0.0,-5999999.999999999,-60000.0,60000.0,0.0,0.0,-0.0,0.0,0.0,-0.0,12269697.884700038,127271.68494999409,-127271.68494999409,-3609505.2619055468,-62726.021940000355,62726.021940000355,0.5,0.8446071743965149,0.5,0.5,8446072.0,278.8690490722656,473.1572265625,313.16363525390625,-150000000.0,0.0,0.0,-100575232.0,0.0,0.0,-0.0,-0.0,250575232.0,-0.0,0.0,0.85,1.0,-1.0,1.0,True,True,False,,0,0
28184400.0,100,0.031573283797447976,False,False,ok,,,True,1.0,0.0,1,0.0,1.0,0.0,0.0,1466395.70476679,4942.476649999153,0.031573283797447976,-4942.476649999153,-0.031573283797447976,156539.83544146415,0.0,0.0,0.031573283797447976,0.0062800907178570675,3.9439539424514496e-05,0.05,1.0,-123111.50060474464,0.0,-0.0,-1075627.8940729157,0.0,-0.0,-6059999.999999999,-60000.0,60000.0,0.0,0.0,-0.0,0.0,0.0,-0.0,12394985.50145004,125287.61675000191,-125287.61675000191,-3669850.402005547,-60345.140100000426,60345.140100000426,0.5,0.8437198996543884,0.5,0.5,8437199.0,278.57611083984375,473.1572265625,313.16363525390625,-150000000.0,0.0,0.0,-91855096.0,0.0,0.0,-0.0,-0.0,241855104.0,-0.0,0.0,0.85,1.0,-1.0,1.0,True,True,False,,0,0
28188000.0,101,0.04609151051491497,False,False,ok,,,True,1.0,0.0,1,0.0,1.0,0.0,0.0,1473610.8622380432,7215.157471253304,0.04609151051491497,-7215.157471253304,-0.04609151051491497,156539.83544146415,0.0,0.0,0.04609151051491497,0.006813538945373732,4.642431296012458e-05,0.05,1.0,-123111.50060474464,0.0,-0.0,-1076628.370595239,-1000.4765223234426,1000.4765223234426,-6119999.999999999,-60000.0,60000.0,0.0,0.0,-0.0,0.0,0.0,-0.0,12515913.049750049,120927.54830000922,-120927.54830000922,-3722562.3163119704,-52711.91430642316,52711.91430642316,0.5,0.8431864380836487,0.5,0.5,8431865.0,278.39996337890625,473.1572265625,313.16363525390625,-150000000.0,0.0,0.0,-97856352.0,0.0,0.0,-8885704.0,-8885704.0,256742048.0,-0.0,0.0,0.85,1.0,-1.0,1.0,True,True,False,,0,0
28191600.0,102,0.09063191364667783,False,False,ok,,,True,1.0,0.0,1,0.0,1.0,0.0,0.0,1487798.3670860392,14187.504847995937,0.09063191364667783,-14187.504847995937,-0.09063191364667783,156539.83544146415,0.0,0.0,0.09063191364667783,0.005406828927401963,2.9233799050190665e-05,0.05,1.0,-123111.50060474464,0.0,-0.0,-1083672.449272379,-7044.0786771399435,7044.0786771399435,-6179999.999999999,-60000.0,60000.0,0.0,0.0,-0.0,0.0,0.0,-0.0,12644284.076250046,128371.02649999782,-128371.02649999782,-3769701.759286835,-47139.442974864505,47139.442974864505,0.5,0.8445931673049927,0.5,0.5,8445932.0,278.8644104003906,473.1572265625,313.16363525390625,-150000000.0,0.0,0.0,-40113292.0,0.0,0.0,-51354592.0,-51354592.0,241467888.0,-0.0,0.0,0.85,1.0,-1.0,1.0,True,True,False,,0,0
28195200.0,103,0.19434803729635586,False,False,ok,,,True,1.0,0.0,1,0.0,1.0,0.0,0.0,1518221.5768627822,30423.209776743082,0.19434803729635586,-30423.209776743082,-0.19434803729635586,156539.83544146415,0.0,0.0,0.19434803729635586,0.00027670000532975525,7.656289294948659e-08,0.05,1.0,-123111.50060474464,0.0,-0.0,-1101222.4481129094,-17549.998840530403,17549.998840530403,-6239999.999999999,-60000.0,60000.0,0.0,0.0,-0.0,0.0,0.0,-0.0,12765018.019250054,120733.94300000742,-120733.94300000742,-3782462.493669561,-12760.734382726252,12760.734382726252,0.5,0.8497232794761658,0.5,0.5,8497233.0,280.5582580566406,473.1572265625,313.16363525390625,-150000000.0,0.0,0.0,-701324.3125,0.0,0.0,-92678264.0,-92678264.0,243379584.0,-0.0,0.0,0.85,1.0,-1.0,1.0,True,True,False,,0,0
28198800.0,104,0.23082906464713415,False,False,ok,,,True,1.0,0.0,1,0.0,1.0,0.0,0.0,1554355.5206577517,36133.94379496947,0.23082906464713415,-36133.94379496947,-0.23082906464713415,156539.83544146415,0.0,0.0,0.23082906464713415,0.007812944525479537,6.104210215822067e-05,0.05,1.0,-123111.50060474464,0.0,-0.0,-1128193.8240307379,-26971.37591782841,26971.37591782841,-6299999.999999999,-60000.0,60000.0,0.0,0.0,-0.0,0.0,0.0,-0.0,12886707.813700046,121689.79444999248,-121689.79444999248,-3781046.9684067634,1415.525262797717,-1415.525262797717,0.5,0.8578129410743713,0.5,0.5,8578129.0,283.229248046875,473.1572265625,313.16363525390625,-150000000.0,0.0,0.0,19825050.0,0.0,0.0,-125996600.0,-125996600.0,256171552.0,-0.0,0.0,0.85,1.0,-1.0,1.0,True,True,False,,0,0
28202400.0,105,0.22760149310942918,False,False,ok,,,True,1.0,0.0,1,0.0,1.0,0.0,0.0,1589984.2209353333,35628.70027758158,0.22760149310942918,-35628.70027758158,-0.22760149310942918,156539.83544146415,0.0,0.0,0.22760149310942918,0.017926954759275193,0.0003213757069410995,0.05,1.0,-125069.48387803602,-1957.9832732913783,1957.9832732913783,-1162262.7592998974,-34068.9352691595,34068.9352691595,-6359999.999999999,-60000.0,60000.0,0.0,0.0,-0.0,0.0,0.0,-0.0,13014793.58985005,128085.77615000308,-128085.77615000308,-3777477.12573673,3569.84267003322,-3569.84267003322,0.5,0.8679269552230835,0.5,0.5,8679270.0,286.5686340332031,473.1572265625,313.16363525390625,-150000000.0,0.0,0.0,56454236.0,-14518397.0,-14518397.0,-148486720.0,-148486720.0,256550880.0,-0.0,0.0,0.85,1.0,-1.0,1.0,True,True,False,,0,0
28206000.0,106,0.1942860088406598,False,False,ok,,,True,1.0,0.0,1,0.0,1.0,0.0,0.0,1620397.720787829,30413.499852495734,0.1942860088406598,-30413.499852495734,-0.1942860088406598,156539.83544146415,0.0,0.0,0.1942860088406598,0.027988874509621064,0.0007833770963153158,0.05,1.0,-131595.10540897129,-6525.62153093527,6525.62153093527,-1199838.9166184335,-37576.15731853619,37576.15731853619,-6419999.999999999,-60000.0,60000.0,0.0,0.0,-0.0,0.0,0.0,-0.0,13143069.030450042,128275.44059999287,-128275.44059999287,-3771237.2876347634,6239.838101966772,-6239.838101966772,0.5,0.877988874912262,0.5,0.5,8779889.0,289.89080810546875,473.1572265625,313.16363525390625,-150000000.0,0.0,0.0,90361040.0,-24096828.0,-24096828.0,-152497856.0,-152497856.0,236233632.0,-0.0,0.0,0.85,1.0,-1.0,1.0,True,True,False,,0,0
28209600.0,107,0.12943794917061624,False,False,ok,,,True,1.0,0.0,1,0.0,1.0,0.0,0.0,1640659.916050878,20262.195263048867,0.12943794917061624,-20262.195263048867,-0.12943794917061624,156539.83544146415,0.0,0.0,0.12943794917061624,0.035640657234171425,0.0012702564480836958,0.05,1.0,-141112.89653415116,-9517.79112517988,9517.79112517988,-1237226.979126234,-37388.062507800525,37388.062507800525,-6479999.999999999,-60000.0,60000.0,0.0,0.0,-0.0,0.0,0.0,-0.0,13261185.84920004,118116.81874999776,-118116.81874999776,-3762186.057488735,9051.230146028567,-9051.230146028567,0.5,0.8856406807899475,0.5,0.5,8856407.0,292.417236328125,473.1572265625,313.16363525390625,-150000000.0,0.0,0.0,73230496.0,-31148222.0,-31148222.0,-145957552.0,-145957552.0,253875280.0,-0.0,0.0,0.85,1.0,-1.0,1.0,True,True,False,,0,0
28213200.0,108,0.1785253437708088,False,False,ok,,,True,1.0,0.0,1,0.0,1.0,0.0,0.0,1668606.2439868911,27946.32793601323,0.1785253437708088,-27946.32793601323,-0.1785253437708088,156539.83544146415,0.0,0.0,0.1785253437708088,0.0407518354693065,0.0016607120941174271,0.05,1.0,-152313.8086953022,-11200.912161151035,11200.912161151035,-1271565.5324600795,-34338.553333845455,34338.553333845455,-6539999.999999999,-60000.0,60000.0,0.0,0.0,-0.0,0.0,0.0,-0.0,13388123.488550037,126937.63934999704,-126937.63934999704,-3755637.903407725,6548.154081009794,-6548.154081009794,0.5,0.890751838684082,0.5,0.5,8907518.0,294.1048278808594,473.1572265625,313.16363525390625,-150000000.0,0.0,0.0,59101780.0,-33057882.0,-33057882.0,-126786800.0,-126786800.0,250742896.0,-0.0,0.0,0.85,1.0,-1.0,1.0,True,True,False,,0,0
28216800.0,109,0.1955867367612455,False,False,ok,,,True,1.0,0.0,1,0.0,1.0,0.0,0.0,1699223.3595740295,30617.115587138338,0.1955867367612455,-30617.115587138338,-0.1955867367612455,156539.83544146415,0.0,0.0,0.1955867367612455,0.04359358162555527,0.0019004003589439497,0.05,1.0,-163285.0304276763,-10971.221732374106,10971.221732374106,-1299637.960895356,-28072.428435276495,28072.428435276495,-6599999.999999999,-60000.0,60000.0,0.0,0.0,-0.0,0.0,0.0,-0.0,13513494.938050043,125371.44950000569,-125371.44950000569,-3751348.587152936,4289.31625478901,-4289.31625478901,0.5,0.8935936093330383,0.5,0.5,8935936.0,295.0430908203125,473.1572265625,313.16363525390625,-150000000.0,0.0,0.0,25068898.0,-29298234.0,-29298234.0,-94375952.0,-94375952.0,248605296.0,-0.0,0.0,0.85,1.0,-1.0,1.0,True,True,False,,0,0
28220400.0,110,0.21826803826240612,False,False,ok,,,True,1.0,0.0,1,0.0,1.0,0.0,0.0,1733391.0023657577,34167.642791728256,0.21826803826240612,-34167.642791728256,-0.21826803826240612,156539.83544146415,0.0,0.0,0.21826803826240612,0.04429539604467514,0.001962082110754622,0.05,1.0,-171859.0674960216,-8574.037068345293,8574.037068345293,-1318630.5693263633,-18992.608431007247,18992.608431007247,-6659999.999999999,-60000.0,60000.0,0.0,0.0,-0.0,0.0,0.0,-0.0,13637797.582100034,124302.64404999092,-124302.64404999092,-3753916.9429118545,-2568.3557589184493,2568.3557589184493,0.5,0.8942953944206238,0.5,0.5,8942954.0,295.2748107910156,473.1572265625,313.16363525390625,-150000000.0,0.0,0.0,-19980224.0,-19028736.0,-19028736.0,-53132560.0,-53132560.0,242141520.0,-0.0,0.0,0.85,1.0,-1.0,1.0,True,True,False,,0,0
28224000.0,111,0.12426410392306837,False,False,ok,,,True,1.0,0.0,1,0.0,1.0,0.0,0.0,1752843.2847451558,19452.282379398122,0.12426410392306837,-19452.282379398122,-0.12426410392306837,156539.83544146415,0.0,0.0,0.12426410392306837,0.04123935247001442,0.0017006841921460847,0.05,1.0,-174031.4593438489,-2172.391847827297,2172.391847827297,-1327283.945045409,-8653.375719045755,8653.375719045755,-6719999.999999999,-60000.0,60000.0,0.0,0.0,-0.0,0.0,0.0,-0.0,13758868.342550043,121070.76045000926,-121070.76045000926,-3784709.653415584,-30792.710503729526,30792.710503729526,0.5,0.8912393450737,0.5,0.5,8912394.0,294.2657775878906,473.1572265625,313.16363525390625,-150000000.0,0.0,0.0,-72977784.0,0.0,-0.0,-11404051.0,-11404051.0,234381824.0,-0.0,0.0,0.85,1.0,-1.0,1.0,True,True,False,,0,0
28227600.0,112,0.05604823019487656,False,False,ok,,,True,1.0,0.0,1,0.0,1.0,0.0,0.0,1761617.065476647,8773.780731491279,0.05604823019487656,-8773.780731491279,-0.05604823019487656,156539.83544146415,0.0,0.0,0.05604823019487656,0.033896405821917774,0.0011489663276441412,0.05,1.0,-174031.4593438489,0.0,-0.0,-1328863.9192393313,-1579.974193922244,1579.974193922244,-6779999.999999999,-60000.0,60000.0,0.0,0.0,-0.0,0.0,0.0,-0.0,13876059.258250035,117190.91569999233,-117190.91569999233,-3831546.8141901703,-46837.16077458626,46837.16077458626,0.5,0.8838964104652405,0.5,0.5,8838964.0,291.84130859375,473.1572265625,313.16363525390625,-150000000.0,0.0,0.0,-81394928.0,0.0,0.0,-0.0,-0.0,231394928.0,-0.0,0.0,0.85,1.0,-1.0,1.0,True,True,False,,0,0
28231200.0,113,0.04382594935437276,False,False,ok,,,True,1.0,0.0,1,0.0,1.0,0.0,0.0,1768477.5723766466,6860.506899999455,0.04382594935437276,-6860.506899999455,-0.04382594935437276,156539.83544146415,0.0,0.0,0.04382594935437276,0.026010595803697578,0.0006765510940633301,0.05,1.0,-174031.4593438489,0.0,-0.0,-1328863.9192393313,0.0,-0.0,-6839999.999999999,-60000.0,60000.0,0.0,0.0,-0.0,0.0,0.0,-0.0,13991756.723750029,115697.46549999341,-115697.46549999341,-3880383.772790169,-48836.958599998616,48836.958599998616,0.5,0.8760105967521667,0.5,0.5,8760106.0,289.2375793457031,473.1572265625,313.16363525390625,-150000000.0,0.0,0.0,-87370488.0,0.0,0.0,-0.0,-0.0,237370480.0,-0.0,0.0,0.85,1.0,-1.0,1.0,True,True,False,,0,0
28234800.0,114,0.04000867403710413,False,False,ok,,,True,1.0,0.0,1,0.0,1.0,0.0,0.0,1774740.523626646,6262.95124999946,0.04000867403710413,-6262.95124999946,-0.04000867403710413,156539.83544146415,0.0,0.0,0.04000867403710413,0.020058909286712723,0.0004023598417725699,0.05,1.0,-174031.4593438489,0.0,-0.0,-1328863.9192393313,0.0,-0.0,-6899999.999999999,-60000.0,60000.0,0.0,0.0,-0.0,0.0,0.0,-0.0,14110441.96750002,118685.24374999106,-118685.24374999106,-3932806.0652901675,-52422.292499998584,52422.292499998584,0.5,0.8700588941574097,0.5,0.5,8700589.0,287.2724914550781,473.1572265625,313.16363525390625,-150000000.0,0.0,0.0,-85189376.0,0.0,0.0,-0.0,-0.0,235189376.0,-0.0,0.0,0.85,1.0,-1.0,1.0,True,True,False,,0,0
28238400.0,115,0.041402003021924316,False,False,ok,,,True,1.0,0.0,1,0.0,1.0,0.0,0.0,1781221.586366645,6481.0627399990335,0.041402003021924316,-6481.0627399990335,-0.041402003021924316,156539.83544146415,0.0,0.0,0.041402003021924316,0.0156556253644089,0.00024509860555072324,0.05,1.0,-174031.4593438489,0.0,-0.0,-1328863.9192393313,0.0,-0.0,-6959999.999999999,-60000.0,60000.0,0.0,0.0,-0.0,0.0,0.0,-0.0,14228036.65380001,117594.68629999086,-117594.68629999086,-3983919.6888501686,-51113.62356000114,51113.62356000114,0.5,0.8656556010246277,0.5,0.5,8656556.0,285.818603515625,473.1572265625,313.16363525390625,-150000000.0,0.0,0.0,-87804160.0,0.0,0.0,-0.0,-0.0,237804160.0,-0.0,0.0,0.85,1.0,-1.0,1.0,True,True,False,,0,0
28242000.0,116,0.04031384462032224,False,False,ok,,,True,1.0,0.0,1,0.0,1.0,0.0,0.0,1787532.308969523,6310.722602877999,0.04031384462032224,-6310.722602877999,-0.04031384462032224,156539.83544146415,0.0,0.0,0.04031384462032224,0.012397735554630529,0.00015370384688254994,0.05,1.0,-174159.0531078777,-127.59376402880298,127.59376402880298,-1328863.9192393313,0.0,-0.0,-7019999.999999999,-60000.0,60000.0,0.0,0.0,-0.0,0.0,0.0,-0.0,14346938.732800018,118902.07900000736,-118902.07900000736,-4036383.451483263,-52463.762633094564,52463.762633094564,0.5,0.8623977303504944,0.5,0.5,8623977.0,284.742919921875,473.1572265625,313.16363525390625,-150000000.0,0.0,0.0,-106826776.0,-1873430.875,-1873430.875,-0.0,-0.0,258700208.0,-0.0,0.0,0.85,1.0,-1.0,1.0,True,True,False,,0,0
28245600.0,117,0.03132475319091738,False,False,ok,,,True,1.0,0.0,1,0.0,1.0,0.0,0.0,1792435.8806792737,4903.571709750686,0.03132475319091738,-4903.571709750686,-0.03132475319091738,156539.83544146415,0.0,0.0,0.03132475319091738,0.00986728609549048,9.736333489025975e-05,0.05,1.0,-175242.08213152873,-1083.0290236510336,1083.0290236510336,-1328863.9192393313,0.0,-0.0,-7079999.999999999,-60000.0,60000.0,0.0,0.0,-0.0,0.0,0.0,-0.0,14476288.835050017,129350.1022499986,-129350.1022499986,-4099746.9529998614,-63363.50151659828,63363.50151659828,0.5,0.8598672747612,0.5,0.5,8598673.0,283.9074401855469,473.1572265625,313.16363525390625,-150000000.0,0.0,0.0,-93598408.0,-4669329.5,-4669329.5,-0.0,-0.0,248267744.0,-0.0,0.0,0.85,1.0,-1.0,1.0,True,True,False,,0,0
28249200.0,118,0.03994806152792893,False,False,ok,,,True,1.0,0.0,1,0.0,1.0,0.0,0.0,1798689.3436570612,6253.46297778748,0.03994806152792893,-6253.46297778748,-0.03994806152792893,156539.83544146415,0.0,0.0,0.03994806152792893,0.007700780026005272,5.9302013008921755e-05,0.05,1.0,-176754.41334043167,-1512.331208902935,1512.331208902935,-1328863.9192393313,0.0,-0.0,-7139999.999999999,-60000.0,60000.0,0.0,0.0,-0.0,0.0,0.0,-0.0,14600422.703050021,124133.86800000444,-124133.86800000444,-4156115.026813171,-56368.07381330943,56368.07381330943,0.5,0.857700765132904,0.5,0.5,8577008.0,283.1921081542969,473.1572265625,313.16363525390625,-150000000.0,0.0,0.0,-94355896.0,-3900869.75,-3900869.75,-0.0,-0.0,248256768.0,-0.0,0.0,0.85,1.0,-1.0,1.0,True,True,False,,0,0
28252800.0,119,0.03786668054189409,False,False,ok,,,True,1.0,0.0,1,0.0,1.0,0.0,0.0,1804616.9875978038,5927.643940742593,0.03786668054189409,-5927.643940742593,-0.03786668054189409,156539.83544146415,0.0,0.0,0.03786668054189409,0.005857838187389053,3.431426822963346e-05,0.05,1.0,-177809.0618034712,-1054.6484630395425,1054.6484630395425,-1328863.9192393313,0.0,-0.0,-7199999.999999999,-60000.0,60000.0,0.0,0.0,-0.0,0.0,0.0,-0.0,14724551.08500002,124128.38194999844,-124128.38194999844,-4213261.116359389,-57146.089546218514,57146.089546218514,0.5,0.8558578491210938,0.5,0.5,8558578.0,282.5836181640625,473.1572265625,313.16363525390625,-150000000.0,0.0,0.0,-85548344.0,-1969038.5,-1969038.5,-0.0,-0.0,237517376.0,-0.0,0.0,0.85,1.0,-1.0,1.0,True,True,False,,0,0
28256400.0,120,0.04192644828311942,False,False,ok,,,True,1.0,0.0,1,0.0,1.0,0.0,0.0,1811180.1469126884,6563.159314884571,0.04192644828311942,-6563.159314884571,-0.04192644828311942,156539.83544146415,0.0,0.0,0.04192644828311942,0.004247160632367075,1.8038373437128696e-05,0.05,1.0,-178249.9182683093,-440.85646483808523,440.85646483808523,-1328863.9192393313,0.0,-0.0,-7259999.999999999,-60000.0,60000.0,0.0,0.0,-0.0,0.0,0.0,-0.0,14843309.775800016,118758.69079999626,-118758.69079999626,-4265015.791379666,-51754.67502027657,51754.67502027657,0.5,0.8542471528053284,0.5,0.5,8542472.0,282.05181884765625,473.1572265625,313.16363525390625,-150000000.0,0.0,0.0,-103126824.0,-423214.28125,-423214.28125,-0.0,-0.0,253550032.0,-0.0,0.0,0.85,1.0,-1.0,1.0,True,True,False,,0,0
28260000.0,121,0.029947382287580603,False,False,ok,,,True,1.0,0.0,1,0.0,1.0,0.0,0.0,1815868.1052078889,4687.958295200486,0.029947382287580603,-4687.958295200486,-0.029947382287580603,156539.83544146415,0.0,0.0,0.029947382287580603,0.0025812107686364882,6.662649032124971e-06,0.05,1.0,-178310.06535558988,-60.14708728058031,60.14708728058031,-1328863.9192393313,0.0,-0.0,-7319999.999999999,-60000.0,60000.0,0.0,0.0,-0.0,0.0,0.0,-0.0,14970084.795350023,126775.01955000684,-126775.01955000684,-4327042.705547184,-62026.914167517796,62026.914167517796,0.5,0.8525812029838562,0.5,0.5,8525812.0,281.5017395019531,473.1572265625,313.16363525390625,-150000000.0,0.0,0.0,-80338552.0,0.0,0.0,-0.0,-0.0,230338544.0,-0.0,0.0,0.85,1.0,-1.0,1.0,True,True,False,,0,0
28263600.0,122,0.04460110403524583,False,False,ok,,,True,1.0,0.0,1,0.0,1.0,0.0,0.0,1822849.9546940739,6981.849486185005,0.04460110403524583,-6981.849486185005,-0.04460110403524583,156539.83544146415,0.0,0.0,0.04460110403524583,0.0008177277412971806,6.686786588869888e-07,0.05,1.0,-178332.05172024816,-21.986364658281673,21.986364658281673,-1328863.9192393313,0.0,-0.0,-7379999.999999999,-60000.0,60000.0,0.0,0.0,-0.0,0.0,0.0,-0.0,15085254.070650022,115169.27529999986,-115169.27529999986,-4375208.144996343,-48165.43944915943,48165.43944915943,0.5,0.8508177399635315,0.5,0.5,8508177.0,280.91949462890625,473.1572265625,313.16363525390625,-150000000.0,0.0,0.0,-83451952.0,-252248.8125,-252248.8125,-0.0,-0.0,233704208.0,-0.0,0.0,0.85,1.0,-1.0,1.0,True,True,False,,0,0
28267200.0,123,0.04293784188805932,False,False,ok,,,True,1.0,0.0,1,0.0,1.0,0.0,0.0,1829571.4373974423,6721.482703368412,0.04293784188805932,-6721.482703368412,-0.04293784188805932,156539.83544146415,0.0,0.0,0.04293784188805932,0.000910909005842564,8.297552169250882e-07,0.05,1.0,-178460.71616296403,-128.66444271587534,128.66444271587534,-1328863.9192393313,0.0,-0.0,-7439999.999999999,-60000.0,60000.0,0.0,0.0,-0.0,0.0,0.0,-0.0,15202106.173000019,116852.10234999657,-116852.10234999657,-4425210.10020026,-50001.95520391688,50001.95520391688,0.5,0.8490890860557556,0.5,0.5,8490891.0,280.3487243652344,473.1572265625,313.16363525390625,-150000000.0,0.0,0.0,-98798368.0,-509542.4375,-509542.4375,-0.0,-0.0,249307904.0,-0.0,0.0,0.85,1.0,-1.0,1.0,True,True,False,,0,0
28270800.0,124,0.03264588947361784,False,False,ok,,,True,1.0,0.0,1,0.0,1.0,0.0,0.0,1834681.8195634827,5110.382166040363,0.03264588947361784,-5110.382166040363,-0.03264588947361784,156539.83544146415,0.0,0.0,0.03264588947361784,0.0025607606669941774,6.557495193624464e-06,0.05,1.0,-178518.35832942085,-57.64216645681881,57.64216645681881,-1328863.9192393313,0.0,-0.0,-7499999.999999999,-60000.0,60000.0,0.0,0.0,-0.0,0.0,0.0,-0.0,15326760.12705002,124653.95405000076,-124653.95405000076,-4484696.029917763,-59485.92971750256,59485.92971750256,0.5,0.8474392294883728,0.5,0.5,8474392.0,279.8039855957031,473.1572265625,313.16363525390625,-150000000.0,0.0,0.0,-107044752.0,0.0,0.0,-0.0,-0.0,257044752.0,-0.0,0.0,0.85,1.0,-1.0,1.0,True,True,False,,0,0
28274400.0,125,0.03615216464989372,False,False,ok,,,True,1.0,0.0,1,0.0,1.0,0.0,0.0,1840341.0734686297,5659.253905147081,0.03615216464989372,-5659.253905147081,-0.03615216464989372,156539.83544146415,0.0,0.0,0.03615216464989372,0.003959681962793615,1.5679081246473098e-05,0.05,1.0,-178518.35832942085,0.0,-0.0,-1329838.0115287222,-974.0922893909737,974.0922893909737,-7559999.999999999,-60000.0,60000.0,0.0,0.0,-0.0,0.0,0.0,-0.0,15455282.503550015,128522.37649999559,-128522.37649999559,-4546585.060223224,-61889.03030546103,61889.03030546103,0.5,0.8460403084754944,0.5,0.5,8460403.0,279.34210205078125,473.1572265625,313.16363525390625,-150000000.0,0.0,0.0,-82903232.0,0.0,0.0,-8654775.0,-8654775.0,241558016.0,-0.0,0.0,0.85,1.0,-1.0,1.0,True,True,False,,0,0
28278000.0,126,0.10885212522584897,False,False,ok,,,True,1.0,0.0,1,0.0,1.0,0.0,0.0,1857380.7672389378,17039.693770308048,0.10885212522584897,-17039.693770308048,-0.10885212522584897,156539.83544146415,0.0,0.0,0.10885212522584897,0.0032107457007169993,1.0308887954672695e-05,0.05,1.0,-180169.2727473777,-1650.9144179568393,1650.9144179568393,-1336992.4901259032,-7154.478597180918,7154.478597180918,-7619999.999999999,-60000.0,60000.0,0.0,0.0,-0.0,0.0,0.0,-0.0,15576061.507800017,120779.00425000116,-120779.00425000116,-4581518.977687778,-34933.91746455431,34933.91746455431,0.5,0.8467892408370972,0.5,0.5,8467893.0,279.5893859863281,473.1572265625,313.16363525390625,-150000000.0,0.0,0.0,-36984452.0,-13395169.0,-13395169.0,-52639856.0,-52639856.0,253019472.0,-0.0,0.0,0.85,1.0,-1.0,1.0,True,True,False,,0,0
28281600.0,127,0.21240961717526768,False,False,ok,,,True,1.0,0.0,1,0.0,1.0,0.0,0.0,1890631.3337577386,33250.5665188008,0.21240961717526768,-33250.5665188008,-0.21240961717526768,156539.83544146415,0.0,0.0,0.21240961717526768,0.0008736848699244515,7.633252519349057e-07,0.05,1.0,-184236.88120421223,-4067.6084568345395,4067.6084568345395,-1355334.4363913275,-18341.94626542437,18341.94626542437,-7679999.999999999,-60000.0,60000.0,0.0,0.0,-0.0,0.0,0.0,-0.0,15702571.246150024,126509.73835000768,-126509.73835000768,-4592368.594796718,-10849.617108940147,10849.617108940147,0.5,0.8508737087249756,0.5,0.5,8508737.0,280.9379577636719,473.1572265625,313.16363525390625,-150000000.0,0.0,0.0,1063360.75,-9545921.0,-9545921.0,-98161328.0,-98161328.0,256643888.0,-0.0,0.0,0.85,1.0,-1.0,1.0,True,True,False,,0,0
28285200.0,128,0.22632408833815315,False,False,ok,,,True,1.0,0.0,1,0.0,1.0,0.0,0.0,1926060.0693026325,35428.73554489389,0.22632408833815315,-35428.73554489389,-0.22632408833815315,156539.83544146415,0.0,0.0,0.22632408833815315,0.00811065512363185,6.578272653449557e-05,0.05,1.0,-191592.64650277334,-7355.765298561106,7355.765298561106,-1383625.6054991703,-28291.169107842725,28291.169107842725,-7739999.999999999,-60000.0,60000.0,0.0,0.0,-0.0,0.0,0.0,-0.0,15830893.19000002,128321.94384999573,-128321.94384999573,-4589614.86869542,2753.726101297885,-2753.726101297885,0.5,0.8581106662750244,0.5,0.5,8581107.0,283.3274230957031,473.1572265625,313.16363525390625,-150000000.0,0.0,0.0,87123568.0,-38361596.0,-38361596.0,-131040936.0,-131040936.0,232278960.0,-0.0,0.0,0.85,1.0,-1.0,1.0,True,True,False,,0,0
28288800.0,129,0.09768494060143793,False,False,ok,,,True,1.0,0.0,1,0.0,1.0,0.0,0.0,1941351.6538294908,15291.584526858293,0.09768494060143793,-15291.584526858293,-0.09768494060143793,156539.83544146415,0.0,0.0,0.09768494060143793,0.01682407207720138,0.0002830494012588671,0.05,1.0,-207779.4504070899,-16186.803904316563,16186.803904316563,-1418722.2704397445,-35096.66494057421,35096.66494057421,-7799999.999999999,-60000.0,60000.0,0.0,0.0,-0.0,0.0,0.0,-0.0,15947032.672850024,116139.48285000399,-116139.48285000399,-4579179.298173671,10435.570521749556,-10435.570521749556,0.5,0.8668240904808044,0.5,0.5,8668241.0,286.2043762207031,473.1572265625,313.16363525390625,-150000000.0,0.0,0.0,117667552.0,-56622264.0,-56622264.0,-151623744.0,-151623744.0,240578448.0,-0.0,0.0,0.85,1.0,-1.0,1.0,True,True,False,,0,0
28292400.0,130,0.08540862030405454,False,False,ok,,,True,1.0,0.0,1,0.0,1.0,0.0,0.0,1954721.50519717,13369.851367679192,0.08540862030405454,-13369.851367679192,-0.08540862030405454,156539.83544146415,0.0,0.0,0.08540862030405454,0.02424370853351432,0.000587757403457995,0.05,1.0,-228490.0006039424,-20710.550196852506,20710.550196852506,-1457169.4028592636,-38447.13241951913,38447.13241951913,-7859999.999999999,-60000.0,60000.0,0.0,0.0,-0.0,0.0,0.0,-0.0,16067321.899050027,120289.22620000318,-120289.22620000318,-4566940.990389621,12238.307784049772,-12238.307784049772,0.5,0.8742437362670898,0.5,0.5,8742437.0,288.6541442871094,473.1572265625,313.16363525390625,-150000000.0,0.0,0.0,109842064.0,-62349720.0,-62349720.0,-156412224.0,-156412224.0,258919888.0,-0.0,0.0,0.85,1.0,-1.0,1.0,True,True,False,,0,0
28296000.0,131,0.12177958021847556,False,False,ok,,,True,1.0,0.0,1,0.0,1.0,0.0,0.0,1973784.8606447007,19063.355447530746,0.12177958021847556,-19063.355447530746,-0.12177958021847556,156539.83544146415,0.0,0.0,0.12177958021847556,0.029643512584608067,0.0008787378383538168,0.05,1.0,-251540.39256725178,-23050.391963309376,23050.391963309376,-1495569.4553665824,-38400.05250731879,38400.05250731879,-7919999.999999999,-60000.0,60000.0,0.0,0.0,-0.0,0.0,0.0,-0.0,16196781.839850023,129459.94079999626,-129459.94079999626,-4555887.131271462,11053.859118158929,-11053.859118158929,0.5,0.8796434998512268,0.5,0.5,8796435.0,290.43701171875,473.1572265625,313.16363525390625,-150000000.0,0.0,0.0,123591272.0,-70248744.0,-70248744.0,-150164576.0,-150164576.0,246822048.0,-0.0,0.0,0.85,1.0,-1.0,1.0,True,True,False,,0,0
28299600.0,132,0.09494446865390524,False,False,ok,,,True,1.0,0.0,1,0.0,1.0,0.0,0.0,1988647.4521438603,14862.591499159578,0.09494446865390524,-14862.591499159578,-0.09494446865390524,156539.83544146415,0.0,0.0,0.09494446865390524,0.03300033299703642,0.0010890219779152908,0.05,1.0,-276480.9147823597,-24940.522215107892,24940.522215107892,-1530655.4028595213,-35085.947492938954,35085.947492938954,-7979999.999999999,-60000.0,60000.0,0.0,0.0,-0.0,0.0,0.0,-0.0,16320192.86325002,123411.0233999975,-123411.0233999975,-4544409.093464256,11478.037807205692,-11478.037807205692,0.5,0.8830003142356873,0.5,0.5,8830003.0,291.54534912109375,473.1572265625,313.16363525390625,-150000000.0,0.0,0.0,95276328.0,-72500720.0,-72500720.0,-128262264.0,-128262264.0,255486656.0,-0.0,0.0,0.85,1.0,-1.0,1.0,True,True,False,,0,0
28303200.0,133,0.14717919999916673,False,False,ok,,,True,1.0,0.0,1,0.0,1.0,0.0,0.0,2011686.8598921362,23039.407748275902,0.14717919999916673,-23039.407748275902,-0.14717919999916673,156539.83544146415,0.0,0.0,0.14717919999916673,0.03439753618597097,0.001183190495665182,0.05,1.0,-300514.6836653633,-24033.76888300362,24033.76888300362,-1558969.199589772,-28313.796730250586,28313.796730250586,-8039999.999999999,-60000.0,60000.0,0.0,0.0,-0.0,0.0,0.0,-0.0,16447936.192700025,127743.3294500038,-127743.3294500038,-4536765.449552726,7643.643911530264,-7643.643911530264,0.5,0.8843975067138672,0.5,0.5,8843975.0,292.0066833496094,473.1572265625,313.16363525390625,-150000000.0,0.0,0.0,53258652.0,-64096128.0,-64096128.0,-94715952.0,-94715952.0,255553424.0,-0.0,0.0,0.85,1.0,-1.0,1.0,True,True,False,,0,0
28306800.0,134,0.2028565322689274,False,False,ok,,,True,1.0,0.0,1,0.0,1.0,0.0,0.0,2043441.9880717401,31755.128179603955,0.2028565322689274,-31755.128179603955,-0.2028565322689274,156539.83544146415,0.0,0.0,0.2028565322689274,0.033986777638493115,0.0011551010542483757,0.05,1.0,-320215.2656855073,-19700.58202014398,19700.58202014398,-1577959.8667235952,-18990.66713382327,18990.66713382327,-8099999.999999999,-60000.0,60000.0,0.0,0.0,-0.0,0.0,0.0,-0.0,16575712.908650022,127776.7159499973,-127776.7159499973,-4534095.788169156,2669.661383570172,-2669.661383570172,0.5,0.88398677110672,0.5,0.5,8839868.0,291.8710632324219,473.1572265625,313.16363525390625,-150000000.0,0.0,0.0,-1703555.75,-47285340.0,-47285340.0,-52727380.0,-52727380.0,251716272.0,-0.0,0.0,0.85,1.0,-1.0,1.0,True,True,False,,0,0
28310400.0,135,0.1453001261550252,False,False,ok,,,True,1.0,0.0,1,0.0,1.0,0.0,0.0,2066187.2459096718,22745.257837931626,0.1453001261550252,-22745.257837931626,-0.1453001261550252,156539.83544146415,0.0,0.0,0.1453001261550252,0.031179852006973374,0.0009721831711767615,0.05,1.0,-328560.6195524138,-8345.353866906546,8345.353866906546,-1586499.808502267,-8539.941778671928,8539.941778671928,-8159999.999999999,-60000.0,60000.0,0.0,0.0,-0.0,0.0,0.0,-0.0,16701571.047150027,125858.138500005,-125858.138500005,-4560323.373185645,-26227.58501648903,26227.58501648903,0.5,0.8811798691749573,0.5,0.5,8811799.0,290.94427490234375,473.1572265625,313.16363525390625,-150000000.0,0.0,0.0,-94048088.0,-3266816.5,-3266816.5,-11063117.0,-11063117.0,258378032.0,-0.0,0.0,0.85,1.0,-1.0,1.0,True,True,False,,0,0
28314000.0,136,0.04118903203478605,False,False,ok,,,True,1.0,0.0,1,0.0,1.0,0.0,0.0,2072634.9702063904,6447.724296718603,0.04118903203478605,-6447.724296718603,-0.04118903203478605,156539.83544146415,0.0,0.0,0.04118903203478605,0.024766649713165556,0.0006133869380146436,0.05,1.0,-328755.75854280236,-195.13899038854288,195.13899038854288,-1588032.766904827,-1532.9584025598597,1532.9584025598597,-8219999.999999999,-60000.0,60000.0,0.0,0.0,-0.0,0.0,0.0,-0.0,16830760.059450027,129189.0122999996,-129189.0122999996,-4621336.563795976,-61013.19061033148,61013.19061033148,0.5,0.8747666478157043,0.5,0.5,8747666.0,288.8267822265625,473.1572265625,313.16363525390625,-150000000.0,0.0,0.0,-100900584.0,0.0,0.0,-0.0,-0.0,250900592.0,-0.0,0.0,0.85,1.0,-1.0,1.0,True,True,False,,0,0
28317600.0,137,0.0313654429631486,False,False,ok,,,True,1.0,0.0,1,0.0,1.0,0.0,0.0,2077544.9114863903,4909.941279999912,0.0313654429631486,-4909.941279999912,-0.0313654429631486,156539.83544146415,0.0,0.0,0.0313654429631486,0.017113415736905502,0.0002928689981841649,0.05,1.0,-328755.75854280236,0.0,-0.0,-1588032.766904827,0.0,-0.0,-8279999.999999999,-60000.0,60000.0,0.0,0.0,-0.0,0.0,0.0,-0.0,16956210.353050027,125450.29360000044,-125450.29360000044,-4681876.916115977,-60540.35232000053,60540.35232000053,0.5,0.8671134114265442,0.5,0.5,8671134.0,286.29986572265625,473.1572265625,313.16363525390625,-150000000.0,0.0,0.0,-82016336.0,0.0,0.0,-0.0,-0.0,232016336.0,-0.0,0.0,0.85,1.0,-1.0,1.0,True,True,False,,0,0
28321200.0,138,0.04342898675488409,False,False,ok,,,True,1.0,0.0,1,0.0,1.0,0.0,0.0,2084343.2779263894,6798.366439999081,0.04342898675488409,-6798.366439999081,-0.04342898675488409,156539.83544146415,0.0,0.0,0.04342898675488409,0.011679374666686004,0.0001364077926048268,0.05,1.0,-328755.75854280236,0.0,-0.0,-1588032.766904827,0.0,-0.0,-8339999.999999999,-60000.0,60000.0,0.0,0.0,-0.0,0.0,0.0,-0.0,17072218.520850036,116008.16780000925,-116008.16780000925,-4731086.717475973,-49209.8013599962,49209.8013599962,0.5,0.8616793751716614,0.5,0.5,8616794.0,284.5056457519531,473.1572265625,313.16363525390625,-150000000.0,0.0,0.0,-88701720.0,0.0,0.0,-0.0,-0.0,238701712.0,-0.0,0.0,0.85,1.0,-1.0,1.0,True,True,False,,0,0
28324800.0,139,0.039158263279838845,False,False,ok,,,True,1.0,0.0,1,0.0,1.0,0.0,0.0,2090473.1060163889,6129.828089999501,0.039158263279838845,-6129.828089999501,-0.039158263279838845,156539.83544146415,0.0,0.0,0.039158263279838845,0.008519495912380215,7.258181060106319e-05,0.05,1.0,-328755.75854280236,0.0,-0.0,-1588032.766904827,0.0,-0.0,-8399999.999999998,-59999.99999999907,59999.99999999907,0.0,0.0,-0.0,0.0,0.0,-0.0,17191569.38040005,119350.85955001414,-119350.85955001414,-4784307.748935971,-53221.03145999834,53221.03145999834,0.5,0.8585194945335388,0.5,0.5,8585195.0,283.46234130859375,473.1572265625,313.16363525390625,-150000000.0,0.0,0.0,-85915560.0,0.0,0.0,-0.0,-0.0,235915552.0,-0.0,0.0,0.85,1.0,-1.0,1.0,True,True,False,,0,0
28328400.0,140,0.04093810480844708,False,False,ok,,,True,1.0,0.0,1,0.0,1.0,0.0,0.0,2096881.5502063886,6408.444189999718,0.04093810480844708,-6408.444189999718,-0.04093810480844708,156539.83544146415,0.0,0.0,0.04093810480844708,0.0060123902589666045,3.6148836626116516e-05,0.05,1.0,-328755.75854280236,0.0,-0.0,-1588032.766904827,0.0,-0.0,-8459999.999999998,-60000.0,60000.0,0.0,0.0,-0.0,0.0,0.0,-0.0,17309527.159450036,117957.77904998511,-117957.77904998511,-4835857.083795968,-51549.334859997034,51549.334859997034,0.5,0.8560124039649963,0.5,0.5,8560124.0,282.6345520019531,473.1572265625,313.16363525390625,-150000000.0,0.0,0.0,-84721424.0,0.0,0.0,-0.0,-0.0,234721424.0,-0.0,0.0,0.85,1.0,-1.0,1.0,True,True,False,,0,0
28332000.0,141,0.04170093804935987,False,False,ok,,,True,1.0,0.0,1,0.0,1.0,0.0,0.0,2103409.40818639,6527.857980001485,0.04170093804935987,-6527.857980001485,-0.04170093804935987,156539.83544146415,0.0,0.0,0.04170093804935987,0.0027976764366675066,7.826993444284597e-06,0.05,1.0,-328755.75854280236,0.0,-0.0,-1588032.766904827,0.0,-0.0,-8519999.999999998,-60000.0,60000.0,0.0,0.0,-0.0,0.0,0.0,-0.0,17426887.869550046,117360.71010001004,-117360.71010001004,-4886689.935915967,-50832.85211999901,50832.85211999901,0.5,0.8527976870536804,0.5,0.5,8527977.0,281.5731201171875,473.1572265625,313.16363525390625,-150000000.0,0.0,0.0,-88883384.0,0.0,0.0,-0.0,-0.0,238883392.0,-0.0,0.0,0.85,1.0,-1.0,1.0,True,True,False,,0,0
28335600.0,142,0.03904221294702453,False,False,ok,,,True,1.0,0.0,1,0.0,1.0,0.0,0.0,2109521.069776388,6111.661589997821,0.03904221294702453,-6111.661589997821,-0.03904221294702453,156539.83544146415,0.0,0.0,0.03904221294702453,0.000704168936125682,4.958538906043747e-07,0.05,1.0,-328755.75854280236,0.0,-0.0,-1588032.766904827,0.0,-0.0,-8579999.999999998,-60000.0,60000.0,0.0,0.0,-0.0,0.0,0.0,-0.0,17546329.561600033,119441.69204998761,-119441.69204998761,-4940019.966375971,-53330.03046000376,53330.03046000376,0.5,0.8492958545684814,0.5,0.5,8492958.0,280.4169006347656,473.1572265625,313.16363525390625,-150000000.0,0.0,0.0,-87724336.0,0.0,0.0,-0.0,-0.0,237724336.0,-0.0,0.0,0.85,1.0,-1.0,1.0,True,True,False,,0,0
28339200.0,143,0.03978263157385434,False,False,ok,,,True,1.0,0.0,1,0.0,1.0,0.0,0.0,2115748.6363763874,6227.5665999995545,0.03978263157385434,-6227.5665999995545,-0.03978263157385434,156539.83544146415,0.0,0.0,0.03978263157385434,0.0037392590452656194,1.3982058207600751e-05,0.05,1.0,-328755.75854280236,0.0,-0.0,-1588032.766904827,0.0,-0.0,-8639999.999999998,-60000.0,60000.0,0.0,0.0,-0.0,0.0,0.0,-0.0,17665191.72860002,118862.16699998826,-118862.16699998826,-4992654.566775974,-52634.60040000267,52634.60040000267,0.5,0.8462607264518738,0.5,0.5,8462607.0,279.414794921875,473.1572265625,313.16363525390625,-150000000.0,0.0,0.0,-86490448.0,0.0,0.0,-0.0,-0.0,236490448.0,-0.0,0.0,0.85,1.0,-1.0,1.0,True,True,False,,0,0
28342800.0,144,0.04057085707345682,False,False,ok,,,True,1.0,0.0,1,0.0,1.0,0.0,0.0,2122099.5916663855,6350.955289998092,0.04057085707345682,-6350.955289998092,-0.04057085707345682,156539.83544146415,0.0,0.0,0.04057085707345682,0.006253046592770151,3.910059169135439e-05,0.05,1.0,-328755.75854280236,0.0,-0.0,-1588032.766904827,0.0,-0.0,-8699999.999999998,-60000.0,60000.0,0.0,0.0,-0.0,0.0,0.0,-0.0,17783436.952150036,118245.2235500142,-118245.2235500142,-5044548.835035976,-51894.268260002136,51894.268260002136,0.5,0.8437469601631165,0.5,0.5,8437470.0,278.5848083496094,473.1572265625,313.16363525390625,-150000000.0,0.0,0.0,-95780776.0,0.0,0.0,-0.0,-0.0,245780784.0,-0.0,0.0,0.85,1.0,-1.0,1.0,True,True,False,,0,0
28346400.0,145,0.034636053849856886,False,False,ok,,,True,1.0,0.0,1,0.0,1.0,0.0,0.0,2127521.513836384,5421.922169998288,0.034636053849856886,-5421.922169998288,-0.034636053849856886,156539.83544146415,0.0,0.0,0.034636053849856886,0.00842313296071251,7.094916887384148e-05,0.05,1.0,-328755.75854280236,0.0,-0.0,-1588032.766904827,0.0,-0.0,-8759999.999999998,-60000.0,60000.0,0.0,0.0,-0.0,0.0,0.0,-0.0,17906327.341300044,122890.38915000856,-122890.38915000856,-5102017.302015977,-57468.46698000096,57468.46698000096,0.5,0.841576874256134,0.5,0.5,8415769.0,277.8682861328125,473.1572265625,313.16363525390625,-150000000.0,0.0,0.0,-89626696.0,0.0,0.0,-0.0,-0.0,239626704.0,-0.0,0.0,0.85,1.0,-1.0,1.0,True,True,False,,0,0
28350000.0,146,0.038567373684622486,False,False,ok,,,True,1.0,0.0,1,0.0,1.0,0.0,0.0,2133558.844166384,6037.330330000259,0.038567373684622486,-6037.330330000259,-0.038567373684622486,156539.83544146415,0.0,0.0,0.038567373684622486,0.01027437379255891,0.00010556275682922138,0.05,1.0,-328755.75854280236,0.0,-0.0,-1588032.766904827,0.0,-0.0,-8819999.999999998,-60000.0,60000.0,0.0,0.0,-0.0,0.0,0.0,-0.0,18026140.689650048,119813.34835000336,-119813.34835000336,-5155793.320035975,-53776.018019998446,53776.018019998446,0.5,0.8397256135940552,0.5,0.5,8397256.0,277.2570495605469,473.1572265625,313.16363525390625,-150000000.0,0.0,0.0,-88540440.0,0.0,0.0,-0.0,-0.0,238540448.0,-0.0,0.0,0.85,1.0,-1.0,1.0,True,True,False,,0,0
28353600.0,147,0.039261288940727695,False,False,ok,,,True,1.0,0.0,1,0.0,1.0,0.0,0.0,2139704.7998763854,6145.95571000129,0.039261288940727695,-6145.95571000129,-0.039261288940727695,156539.83544146415,0.0,0.0,0.039261288940727695,0.011581088892466451,0.00013412161993520981,0.05,1.0,-328755.75854280236,0.0,-0.0,-1588032.766904827,0.0,-0.0,-8879999.999999998,-60000.0,60000.0,0.0,0.0,-0.0,0.0,0.0,-0.0,18145410.91110004,119270.22144999355,-119270.22144999355,-5208917.585775977,-53124.265740001574,53124.265740001574,0.5,0.8384189009666443,0.5,0.5,8384189.0,276.8255920410156,473.1572265625,313.16363525390625,-150000000.0,0.0,0.0,-82294704.0,0.0,0.0,-0.0,-0.0,232294704.0,-0.0,0.0,0.85,1.0,-1.0,1.0,True,True,False,,0,0
28357200.0,148,0.043251162752972465,False,False,ok,,,True,1.0,0.0,1,0.0,1.0,0.0,0.0,2146475.3297763877,6770.529900002293,0.043251162752972465,-6770.529900002293,-0.043251162752972465,156539.83544146415,0.0,0.0,0.043251162752972465,0.012102764219572903,0.0001464769017545741,0.05,1.0,-328755.75854280236,0.0,-0.0,-1588032.766904827,0.0,-0.0,-8939999.999999998,-60000.0,60000.0,0.0,0.0,-0.0,0.0,0.0,-0.0,18261558.261600044,116147.3505000025,-116147.3505000025,-5258294.406375973,-49376.82059999555,49376.82059999555,0.5,0.8378972411155701,0.5,0.5,8378972.5,276.6533508300781,473.1572265625,313.16363525390625,-150000000.0,0.0,0.0,-106552704.0,0.0,0.0,-0.0,-0.0,256552704.0,-0.0,0.0,0.85,1.0,-1.0,1.0,True,True,False,,0,0
28360800.0,149,0.03654203127517418,False,False,ok,,,True,1.0,0.0,1,0.0,1.0,0.0,0.0,2152195.6133389003,5720.283562512603,0.03654203127517418,-5720.283562512603,-0.03654203127517418,156539.83544146415,0.0,0.0,0.03654203127517418,0.012043305864825493,0.0001450412161537401,0.05,1.0,-328755.75854280236,0.0,-0.0,-1589015.3052851937,-982.5383803667501,982.5383803667501,-8999999.999999998,-60000.0,60000.0,0.0,0.0,-0.0,0.0,0.0,-0.0,18389834.61245006,128276.35085001588,-128276.35085001588,-5319867.935283094,-61573.52890712116,61573.52890712116,0.5,0.8379566669464111,0.5,0.5,8379567.0,276.6730041503906,473.1572265625,313.16363525390625,-150000000.0,0.0,0.0,-75403800.0,0.0,0.0,-8724080.0,-8724080.0,234127888.0,-0.0,0.0,0.85,1.0,-1.0,1.0,True,True,False,,0,0
28364400.0,150,0.1074757915577046,False,False,ok,,,True,1.0,0.0,1,0.0,1.0,0.0,0.0,2169019.8560632844,16824.24272438418,0.1074757915577046,-16824.24272438418,-0.1074757915577046,156539.83544146415,0.0,0.0,0.1074757915577046,0.01008321114714883,0.00010167114703798641,0.05,1.0,-328755.75854280236,0.0,-0.0,-1596327.4701097538,-7312.164824560052,7312.164824560052,-9059999.999999998,-60000.0,60000.0,0.0,0.0,-0.0,0.0,0.0,-0.0,18506898.552600052,117063.9401499927,-117063.9401499927,-5352795.467884149,-32927.53260105569,32927.53260105569,0.5,0.8399167656898499,0.5,0.5,8399168.0,277.3201599121094,473.1572265625,313.16363525390625,-150000000.0,0.0,0.0,-46089596.0,0.0,0.0,-53897960.0,-53897960.0,249987552.0,-0.0,0.0,0.85,1.0,-1.0,1.0,True,True,False,,0,0
28368000.0,151,0.19873181863252454,False,False,ok,,,True,1.0,0.0,1,0.0,1.0,0.0,0.0,2200129.3022490027,31109.44618571829,0.19873181863252454,-31109.44618571829,-0.19873181863252454,156539.83544146415,0.0,0.0,0.19873181863252454,0.0044485020504111406,1.9789170492512123e-05,0.05,1.0,-328755.75854280236,0.0,-0.0,-1614976.1855781244,-18648.71546837059,18648.71546837059,-9119999.999999998,-60000.0,60000.0,0.0,0.0,-0.0,0.0,0.0,-0.0,18631892.329950053,124993.77735000104,-124993.77735000104,-5368031.083580061,-15235.61569591146,15235.61569591146,0.5,0.8455514907836914,0.5,0.5,8455515.0,279.18060302734375,473.1572265625,313.16363525390625,-150000000.0,0.0,0.0,19218876.0,0.0,-0.0,-99256984.0,-99256984.0,230038112.0,-0.0,0.0,0.85,1.0,-1.0,1.0,True,True,False,,0,0
28371600.0,152,0.19064528131680283,False,False,ok,,,True,1.0,0.0,1,0.0,1.0,0.0,0.0,2229972.8832140267,29843.580965023953,0.19064528131680283,-29843.580965023953,-0.19064528131680283,156539.83544146415,0.0,0.0,0.19064528131680283,0.004548872759382427,2.06922433810515e-05,0.05,1.0,-328820.44724365487,-64.68870085250819,64.68870085250819,-1643518.6102115936,-28542.4246334692,28542.4246334692,-9179999.999999998,-60000.0,60000.0,0.0,0.0,-0.0,0.0,0.0,-0.0,18746911.38240004,115019.05244998634,-115019.05244998634,-5364599.441730714,3431.641849346459,-3431.641849346459,0.5,0.8545488715171814,0.5,0.5,8545489.0,282.15130615234375,473.1572265625,313.16363525390625,-150000000.0,0.0,0.0,27319502.0,-2162042.25,-2162042.25,-131858168.0,-131858168.0,256700704.0,-0.0,0.0,0.85,1.0,-1.0,1.0,True,True,False,,0,0
28375200.0,153,0.22723421476980624,False,False,ok,,,True,1.0,0.0,1,0.0,1.0,0.0,0.0,2265544.0898007625,35571.20658673579,0.22723421476980624,-35571.20658673579,-0.22723421476980624,156539.83544146415,0.0,0.0,0.22723421476980624,0.014392754346843284,0.00020715137768857625,0.05,1.0,-330185.04502917646,-1364.5977855215897,1364.5977855215897,-1678742.5499937942,-35223.939782200614,35223.939782200614,-9239999.999999998,-60000.0,60000.0,0.0,0.0,-0.0,0.0,0.0,-0.0,18875261.73635004,128350.3539500013,-128350.3539500013,-5360790.051526257,3809.390204457566,-3809.390204457566,0.5,0.8643927574157715,0.5,0.5,8643928.0,285.4014892578125,473.1572265625,313.16363525390625,-150000000.0,0.0,0.0,62966136.0,-6180641.5,-6180641.5,-151735328.0,-151735328.0,244949824.0,-0.0,0.0,0.85,1.0,-1.0,1.0,True,True,False,,0,0
28378800.0,154,0.1783556213507888,False,False,ok,,,True,1.0,0.0,1,0.0,1.0,0.0,0.0,2293463.849417075,27919.75961631257,0.1783556213507888,-27919.75961631257,-0.1783556213507888,156539.83544146415,0.0,0.0,0.1783556213507888,0.022509793041097237,0.0005066907827530296,0.05,1.0,-332990.6327745002,-2805.587745323719,2805.587745323719,-1717169.5176221747,-38426.96762838052,38426.96762838052,-9299999.999999998,-60000.0,60000.0,0.0,0.0,-0.0,0.0,0.0,-0.0,18997736.650650036,122474.9142999947,-122474.9142999947,-5354112.650836241,6677.400690015405,-6677.400690015405,0.5,0.872509777545929,0.5,0.5,8725098.0,288.0815124511719,473.1572265625,313.16363525390625,-150000000.0,0.0,0.0,58366724.0,-10390069.0,-10390069.0,-156097952.0,-156097952.0,258121296.0,-0.0,0.0,0.85,1.0,-1.0,1.0,True,True,False,,0,0
28382400.0,155,0.20642299482263632,False,False,ok,,,True,1.0,0.0,1,0.0,1.0,0.0,0.0,2325777.2710579447,32313.421640869696,0.20642299482263632,-32313.421640869696,-0.20642299482263632,156539.83544146415,0.0,0.0,0.20642299482263632,0.028553527442160775,0.0008153039293902285,0.05,1.0,-337164.11991865485,-4173.487144154671,4173.487144154671,-1755426.24414435,-38256.72652217536,38256.72652217536,-9359999.999999998,-60000.0,60000.0,0.0,0.0,-0.0,0.0,0.0,-0.0,19126797.300400045,129060.64975000918,-129060.64975000918,-5348429.665279042,5682.985557199456,-5682.985557199456,0.5,0.8785535097122192,0.5,0.5,8785535.0,290.0770263671875,473.1572265625,313.16363525390625,-150000000.0,0.0,0.0,82642568.0,-13871931.0,-13871931.0,-149279360.0,-149279360.0,230508720.0,-0.0,0.0,0.85,1.0,-1.0,1.0,True,True,False,,0,0
28386000.0,156,0.14515888729565168,False,False,ok,,,True,1.0,0.0,1,0.0,1.0,0.0,0.0,2348500.419388072,22723.148330127355,0.14515888729565168,-22723.148330127355,-0.14515888729565168,156539.83544146415,0.0,0.0,0.14515888729565168,0.03275096836846114,0.0010726259290719422,0.05,1.0,-342146.3150243204,-4982.195105665538,4982.195105665538,-1790295.6218112025,-34869.37766685244,34869.37766685244,-9419999.999999998,-60000.0,60000.0,0.0,0.0,-0.0,0.0,0.0,-0.0,19242051.657550056,115254.35715001076,-115254.35715001076,-5341109.301326397,7320.363952645101,-7320.363952645101,0.5,0.8827509880065918,0.5,0.5,8827510.0,291.462890625,473.1572265625,313.16363525390625,-150000000.0,0.0,0.0,41201792.0,-14681951.0,-14681951.0,-127437992.0,-127437992.0,250918144.0,-0.0,0.0,0.85,1.0,-1.0,1.0,True,True,False,,0,0
28389600.0,157,0.22393890760915283,False,False,ok,,,True,1.0,0.0,1,0.0,1.0,0.0,0.0,2383555.77913415,35055.35974607803,0.22393890760915283,-35055.35974607803,-0.22393890760915283,156539.83544146415,0.0,0.0,0.22393890760915283,0.03518007397271283,0.001237637604725547,0.05,1.0,-346931.05620633473,-4784.741182014346,4784.741182014346,-1818452.6697129589,-28157.047901756363,28157.047901756363,-9479999.999999998,-60000.0,60000.0,0.0,0.0,-0.0,0.0,0.0,-0.0,19367510.733500067,125459.07595001161,-125459.07595001161,-5338571.228446548,2538.0728798490018,-2538.0728798490018,0.5,0.8851800560951233,0.5,0.5,8851801.0,292.2649230957031,473.1572265625,313.16363525390625,-150000000.0,0.0,0.0,3452353.0,-12462223.0,-12462223.0,-94339712.0,-94339712.0,253349584.0,-0.0,0.0,0.85,1.0,-1.0,1.0,True,True,False,,0,0
28393200.0,158,0.2130924221630853,False,False,ok,,,True,1.0,0.0,1,0.0,1.0,0.0,0.0,2416913.2318333825,33357.45269923238,0.2130924221630853,-33357.45269923238,-0.2130924221630853,156539.83544146415,0.0,0.0,0.2130924221630853,0.035768889863315056,0.0012794134820539626,0.05,1.0,-350386.22667396057,-3455.170467625838,3455.170467625838,-1837307.7054304508,-18855.03571749199,18855.03571749199,-9539999.999999998,-60000.0,60000.0,0.0,0.0,-0.0,0.0,0.0,-0.0,19494185.526300054,126674.7927999869,-126674.7927999869,-5349578.362362198,-11007.133915649727,11007.133915649727,0.5,0.8857688903808594,0.5,0.5,8857689.0,292.4593505859375,473.1572265625,313.16363525390625,-150000000.0,0.0,0.0,-40705576.0,-6915990.5,-6915990.5,-51953088.0,-51953088.0,249574656.0,-0.0,0.0,0.85,1.0,-1.0,1.0,True,True,False,,0,0
28396800.0,159,0.10932857132198784,False,False,ok,,,True,1.0,0.0,1,0.0,1.0,0.0,0.0,2434027.508397177,17114.276563794352,0.10932857132198784,-17114.276563794352,-0.10932857132198784,156539.83544146415,0.0,0.0,0.10932857132198784,0.033085907656458025,0.0010946772854516678,0.05,1.0,-350886.6732229102,-500.44654894963605,500.44654894963605,-1845675.0483683906,-8367.3429379398,8367.3429379398,-9599999.999999998,-60000.0,60000.0,0.0,0.0,-0.0,0.0,0.0,-0.0,19618972.85315005,124787.32684999704,-124787.32684999704,-5388383.623161516,-38805.26079931855,38805.26079931855,0.5,0.8830859065055847,0.5,0.5,8830859.0,291.573486328125,473.1572265625,313.16363525390625,-150000000.0,0.0,0.0,-86183040.0,0.0,0.0,-10364479.0,-10364479.0,246547520.0,-0.0,0.0,0.85,1.0,-1.0,1.0,True,True,False,,0,0
28400400.0,160,0.04697568603037182,False,False,ok,,,True,1.0,0.0,1,0.0,1.0,0.0,0.0,2441381.074558121,7353.5661609442905,0.04697568603037182,-7353.5661609442905,-0.04697568603037182,156539.83544146415,0.0,0.0,0.04697568603037182,0.026682392301637714,0.0007119500589384955,0.05,1.0,-350886.6732229102,0.0,-0.0,-1847109.5611047794,-1434.512736388715,1434.512736388715,-9659999.999999998,-60000.0,60000.0,0.0,0.0,-0.0,0.0,0.0,-0.0,19742246.611500066,123273.75835001469,-123273.75835001469,-5442869.302614182,-54485.67945266608,54485.67945266608,0.5,0.8766824007034302,0.5,0.5,8766824.0,289.4591979980469,473.1572265625,313.16363525390625,-150000000.0,0.0,0.0,-95521936.0,0.0,0.0,-0.0,-0.0,245521936.0,-0.0,0.0,0.85,1.0,-1.0,1.0,True,True,False,,0,0
28404000.0,161,0.034801404796644064,False,False,ok,,,True,1.0,0.0,1,0.0,1.0,0.0,0.0,2446828.8807381196,5447.8061799984425,0.034801404796644064,-5447.8061799984425,-0.034801404796644064,156539.83544146415,0.0,0.0,0.034801404796644064,0.019834809908910844,0.0003934196841226278,0.05,1.0,-350886.6732229102,0.0,-0.0,-1847109.5611047794,0.0,-0.0,-9719999.999999998,-60000.0,60000.0,0.0,0.0,-0.0,0.0,0.0,-0.0,19865007.580600064,122760.96909999847,-122760.96909999847,-5500182.465534182,-57313.16292000003,57313.16292000003,0.5,0.8698347806930542,0.5,0.5,8698348.0,287.1982727050781,473.1572265625,313.16363525390625,-150000000.0,0.0,0.0,-92148880.0,0.0,0.0,-0.0,-0.0,242148880.0,-0.0,0.0,0.85,1.0,-1.0,1.0,True,True,False,,0,0
28407600.0,162,0.03695616322635042,False,False,ok,,,True,1.0,0.0,1,0.0,1.0,0.0,0.0,2452613.9924481204,5785.111710000783,0.03695616322635042,-5785.111710000783,-0.03695616322635042,156539.83544146415,0.0,0.0,0.03695616322635042,0.01467905328183905,0.00021547460525106978,0.05,1.0,-350886.6732229102,0.0,-0.0,-1847109.5611047794,0.0,-0.0,-9779999.999999998,-60000.0,60000.0,0.0,0.0,-0.0,0.0,0.0,-0.0,19986082.02205008,121074.44145001471,-121074.44145001471,-5555471.795274187,-55289.329740004614,55289.329740004614,0.5,0.8646790385246277,0.5,0.5,8646791.0,285.4959716796875,473.1572265625,313.16363525390625,-150000000.0,0.0,0.0,-96218456.0,0.0,0.0,-0.0,-0.0,246218448.0,-0.0,0.0,0.85,1.0,-1.0,1.0,True,True,False,,0,0
28411200.0,163,0.03435645907529707,False,False,ok,,,True,1.0,0.0,1,0.0,1.0,0.0,0.0,2457992.146898119,5378.154449998401,0.03435645907529707,-5378.154449998401,-0.03435645907529707,156539.83544146415,0.0,0.0,0.03435645907529707,0.010905465158121075,0.00011892917031499273,0.05,1.0,-350886.6732229102,0.0,-0.0,-1847109.5611047794,0.0,-0.0,-9839999.999999998,-60000.0,60000.0,0.0,0.0,-0.0,0.0,0.0,-0.0,20109191.249800082,123109.22775000334,-123109.22775000334,-5613202.868574187,-57731.07330000028,57731.07330000028,0.5,0.8609054684638977,0.5,0.5,8609055.0,284.25,473.1572265625,313.16363525390625,-150000000.0,0.0,0.0,-88209552.0,0.0,0.0,-0.0,-0.0,238209552.0,-0.0,0.0,0.85,1.0,-1.0,1.0,True,True,False,,0,0
28414800.0,164,0.039472667277148994,False,False,ok,,,True,1.0,0.0,1,0.0,1.0,0.0,0.0,2464171.1917381193,6179.04484000057,0.039472667277148994,-6179.04484000057,-0.039472667277148994,156539.83544146415,0.0,0.0,0.039472667277148994,0.008254286380076192,6.813324364431133e-05,0.05,1.0,-350886.6732229102,0.0,-0.0,-1847109.5611047794,0.0,-0.0,-9899999.999999998,-60000.0,60000.0,0.0,0.0,-0.0,0.0,0.0,-0.0,20228296.02560008,119104.77579999715,-119104.77579999715,-5666128.599534184,-52925.73095999658,52925.73095999658,0.5,0.8582543134689331,0.5,0.5,8582543.0,283.3746643066406,473.1572265625,313.16363525390625,-150000000.0,0.0,0.0,-84656856.0,0.0,0.0,-0.0,-0.0,234656848.0,-0.0,0.0,0.85,1.0,-1.0,1.0,True,True,False,,0,0
28418400.0,165,0.041742184227876976,False,False,ok,,,True,1.0,0.0,1,0.0,1.0,0.0,0.0,2470705.5063881185,6534.314649999142,0.041742184227876976,-6534.314649999142,-0.041742184227876976,156539.83544146415,0.0,0.0,0.041742184227876976,0.006278539442737374,3.9420057534008935e-05,0.05,1.0,-350886.6732229102,0.0,-0.0,-1847109.5611047794,0.0,-0.0,-9959999.999999998,-60000.0,60000.0,0.0,0.0,-0.0,0.0,0.0,-0.0,20345624.452350084,117328.42675000429,-117328.42675000429,-5716922.71163418,-50794.11209999584,50794.11209999584,0.5,0.8562785387039185,0.5,0.5,8562785.0,282.7223205566406,473.1572265625,313.16363525390625,-150000000.0,0.0,0.0,-106473872.0,0.0,0.0,-0.0,-0.0,256473872.0,-0.0,0.0,0.85,1.0,-1.0,1.0,False,True,False,,0,0
28422000.0,166,0.027805142874509175,False,False,ok,,,True,1.0,0.0,1,0.0,1.0,0.0,0.0,2475058.1188781206,4352.612490002066,0.027805142874509175,-4352.612490002066,-0.027805142874509175,156539.83544146415,0.0,0.0,0.027805142874509175,0.004462842603411121,1.9916964102821354e-05,0.05,1.0,-350886.6732229102,0.0,-0.0,-1847109.5611047794,0.0,-0.0,-10019999.999999998,-60000.0,60000.0,0.0,0.0,-0.0,0.0,0.0,-0.0,20473861.389900092,128236.9375500083,-128236.9375500083,-5780807.0366941765,-63884.32505999692,63884.32505999692,0.5,0.8544628620147705,0.5,0.5,8544628.0,282.122802734375,473.1572265625,313.16363525390625,-150000000.0,0.0,0.0,-85639112.0,0.0,0.0,-0.0,-0.0,235639120.0,-0.0,0.0,0.85,1.0,-1.0,1.0,False,True,False,,0,0
28425600.0,167,11.871138039544876,False,True,ok,,,True,1.0,0.0,1,0.0,1.0,0.0,0.0,2481494.207428123,6436.088550002314,0.04111470113566715,-6436.088550002314,-0.04111470113566715,156539.83544146415,0.0,11.830023338409209,11.871138039544876,0.0025042758938690346,6.271397752613553e-06,0.05,1.0,-350886.6732229102,0.0,-0.0,-1847109.5611047794,0.0,-0.0,-10079999.999999998,-60000.0,60000.0,0.0,0.0,-0.0,0.0,0.0,-0.0,20591680.947150085,117819.55724999309,-117819.55724999309,-5832190.505394172,-51383.46869999543,51383.46869999543,0.5,0.8525042533874512,0.5,0.5,8525043.0,281.47613525390625,473.1572265625,313.16363525390625,-150000000.0,0.0,0.0,-93074112.0,0.0,0.0,-0.0,-0.0,243074112.0,-0.0,0.0,0.85,1.0,-1.0,1.0,False,True,False,,0,0
