time,step,reward,terminated,truncated,fmu_status,fmu_error,failure_type,transition_valid,requested_u_tp,requested_u_battery,requested_caes_mode,requested_caes_magnitude,decoded_u_tp,decoded_u_battery,decoded_u_caes,rt_economic_cashflow_total,rt_economic_cashflow_delta,rt_economic_reward,rt_raw_total_cost,rt_normalized_cost,rt_cost_reference,rt_cost_reference_missing,rt_terminal_soc_bonus,rt_reward,rt_terminal_soc_l1_error,rt_terminal_soc_l2_error,rt_terminal_soc_tolerance,rt_terminal_soc_satisfied,rt_economic_cashflow_wind,rt_economic_cashflow_delta_wind,rt_raw_wind_cost,rt_economic_cashflow_pv,rt_economic_cashflow_delta_pv,rt_raw_pv_cost,rt_economic_cashflow_thermal,rt_economic_cashflow_delta_thermal,rt_raw_thermal_cost,rt_economic_cashflow_battery,rt_economic_cashflow_delta_battery,rt_raw_battery_cost,rt_economic_cashflow_caes,rt_economic_cashflow_delta_caes,rt_raw_caes_cost,rt_economic_cashflow_load,rt_economic_cashflow_delta_load,rt_raw_load_cost,rt_economic_cashflow_grid,rt_economic_cashflow_delta_grid,rt_raw_grid_cost,obs_battery_soc,obs_caes_gas_soc,obs_caes_hot_soc,obs_caes_cold_soc,obs_caes_gas_pressure,obs_caes_gas_temperature,obs_caes_hot_temperature,obs_caes_cold_temperature,obs_p_thermal,obs_p_battery,obs_p_caes,obs_p_grid,obs_p_wind_available,obs_p_wind_actual,obs_p_pv_available,obs_p_pv_actual,obs_p_load_actual,obs_p_curtailment,obs_p_unserved,u_tp_dynamic_low,u_tp_dynamic_high,u_battery_dynamic_low,u_battery_dynamic_high,caes_discharge_allowed,caes_idle_allowed,caes_charge_allowed,caes_locked_mode,caes_locked_steps_completed,caes_locked_steps_remaining
11494800.0,0,0.04250360568756315,False,False,ok,,,True,1.0,0.0,1,0.0,1.0,0.0,0.0,6653.507440000016,6653.507440000016,0.04250360568756315,-6653.507440000016,-0.04250360568756315,156539.83544146415,0.0,0.0,0.04250360568756315,0.008116511324402054,6.587775607914678e-05,0.05,1.0,0.0,0.0,-0.0,0.0,0.0,-0.0,-59999.99999999999,-59999.99999999999,59999.99999999999,0.0,0.0,-0.0,0.0,0.0,-0.0,116732.46279999998,116732.46279999998,-116732.46279999998,-50078.955359999985,-50078.955359999985,50078.955359999985,0.5,0.8418834805488586,0.5,0.5,8418835.0,277.9700927734375,473.1572265625,313.16363525390625,-150000000.0,0.0,0.0,-108391760.0,0.0,0.0,-0.0,-0.0,258391760.0,-0.0,0.0,0.85,1.0,-1.0,1.0,True,True,False,,0,0
11498400.0,1,0.02657996827622759,False,False,ok,,,True,1.0,0.0,1,0.0,1.0,0.0,0.0,10814.33130000002,4160.823860000004,0.02657996827622759,-4160.823860000004,-0.02657996827622759,156539.83544146415,0.0,0.0,0.02657996827622759,0.014401891363466368,0.00020741447484508716,0.05,1.0,0.0,0.0,-0.0,0.0,0.0,-0.0,-119999.99999999999,-59999.99999999999,59999.99999999999,0.0,0.0,-0.0,0.0,0.0,-0.0,245928.34349999996,129195.88069999998,-129195.88069999998,-115114.01220000001,-65035.05684000003,65035.05684000003,0.5,0.8355981111526489,0.5,0.5,8355981.0,275.8948059082031,473.1572265625,313.16363525390625,-150000000.0,0.0,0.0,-117720624.0,0.0,0.0,-0.0,-0.0,267720624.0,-0.0,0.0,0.85,1.0,-1.0,1.0,True,True,False,,0,0
11502000.0,2,0.02062055080674385,False,False,ok,,,True,1.0,0.0,1,0.0,1.0,0.0,0.0,14042.268930000053,3227.937630000033,0.02062055080674385,-3227.937630000033,-0.02062055080674385,156539.83544146415,0.0,0.0,0.02062055080674385,0.019973376001500176,0.00039893574889730317,0.05,1.0,0.0,0.0,-0.0,0.0,0.0,-0.0,-179999.99999999997,-59999.999999999985,59999.999999999985,0.0,0.0,-0.0,0.0,0.0,-0.0,379788.6553499998,133860.31184999982,-133860.31184999982,-185746.38642000002,-70632.37422000001,70632.37422000001,0.5,0.8300266265869141,0.5,0.5,8300266.0,274.05523681640625,473.1572265625,313.16363525390625,-150000000.0,0.0,0.0,-75884368.0,0.0,0.0,-0.0,-0.0,225884368.0,-0.0,0.0,0.85,1.0,-1.0,1.0,True,True,False,,0,0
11505600.0,3,0.047346179450734424,False,False,ok,,,True,1.0,0.0,1,0.0,1.0,0.0,0.0,21453.83207000005,7411.563139999998,0.047346179450734424,-7411.563139999998,-0.047346179450734424,156539.83544146415,0.0,0.0,0.047346179450734424,0.024609501434653458,0.0006056275608622106,0.05,1.0,0.0,0.0,-0.0,0.0,0.0,-0.0,-239999.99999999997,-60000.0,60000.0,0.0,0.0,-0.0,0.0,0.0,-0.0,492730.83964999986,112942.18430000008,-112942.18430000008,-231277.0075799999,-45530.621159999864,45530.621159999864,0.5,0.8253905177116394,0.5,0.5,8253905.0,272.52447509765625,473.1572265625,313.16363525390625,-150000000.0,0.0,0.0,-71244408.0,0.0,0.0,-0.0,-0.0,221244416.0,-0.0,0.0,0.85,1.0,-1.0,1.0,True,True,False,,0,0
11509200.0,4,0.05737785379934557,False,False,ok,,,True,1.0,0.0,1,0.0,1.0,0.0,0.0,30435.751861733996,8981.919791733944,0.05737785379934557,-8981.919791733944,-0.05737785379934557,156539.83544146415,0.0,0.0,0.05737785379934557,0.027485263201665,0.0007554396932648002,0.05,1.0,0.0,0.0,-0.0,-790.2577798099637,-790.2577798099637,790.2577798099637,-299999.99999999994,-59999.99999999997,59999.99999999997,0.0,0.0,-0.0,0.0,0.0,-0.0,603353.0451499996,110622.20549999969,-110622.20549999969,-272127.035508456,-40850.02792845611,40850.02792845611,0.5,0.8225147128105164,0.5,0.5,8225147.5,271.5749816894531,473.1572265625,313.16363525390625,-150000000.0,0.0,0.0,-84084768.0,0.0,0.0,-7017241.5,-7017241.5,241102000.0,-0.0,0.0,0.85,1.0,-1.0,1.0,True,True,True,,0,0
11512800.0,5,0.09669240858964294,False,False,ok,,,True,1.0,0.0,1,0.0,1.0,0.0,0.0,45571.96559079552,15136.213729061521,0.09669240858964294,-15136.213729061521,-0.09669240858964294,156539.83544146415,0.0,0.0,0.09669240858964294,0.02669875303195446,0.0007128234134612974,0.05,1.0,0.0,0.0,-0.0,-7394.839421996756,-6604.581642186792,6604.581642186792,-359999.99999999994,-60000.0,60000.0,0.0,0.0,-0.0,0.0,0.0,-0.0,723904.0480000001,120551.00285000051,-120551.00285000051,-310937.2429872077,-38810.20747875172,38810.20747875172,0.5,0.8233012557029724,0.5,0.5,8233012.5,271.83465576171875,473.1572265625,313.16363525390625,-150000000.0,0.0,0.0,-23485010.0,0.0,0.0,-49734188.0,-49734188.0,223219200.0,-0.0,0.0,0.85,1.0,-1.0,1.0,True,True,True,,0,0
11516400.0,6,0.19039569325179587,False,False,ok,,,True,1.0,0.0,1,0.0,1.0,0.0,0.0,75376.47608119513,29804.51049039961,0.19039569325179587,-29804.51049039961,-0.19039569325179587,156539.83544146415,0.0,0.0,0.19039569325179587,0.02160485235307663,0.0004667696451982408,0.05,1.0,0.0,0.0,-0.0,-26892.924377293348,-19498.084955296592,19498.084955296592,-419999.99999999994,-60000.0,60000.0,0.0,0.0,-0.0,0.0,0.0,-0.0,835513.6470000002,111609.59900000016,-111609.59900000016,-313244.24654151156,-2307.0035543038393,2307.0035543038393,0.5,0.8283951282501221,0.5,0.5,8283951.5,273.51654052734375,473.1572265625,313.16363525390625,-150000000.0,0.0,0.0,35339892.0,0.0,0.0,-111620024.0,-111620024.0,226280128.0,-0.0,0.0,0.85,1.0,-1.0,1.0,True,True,True,,0,0
11520000.0,7,0.16310337484848889,False,False,ok,,,True,1.0,0.0,1,0.0,1.0,0.0,0.0,100908.65153992502,25532.175458729893,0.16310337484848889,-25532.175458729893,-0.16310337484848889,156539.83544146415,0.0,0.0,0.16310337484848889,0.013673381945655372,0.0001869613738317743,0.05,1.0,0.0,0.0,-0.0,-60192.7204794102,-33299.79610211685,33299.79610211685,-479999.99999999994,-60000.0,60000.0,0.0,0.0,-0.0,0.0,0.0,-0.0,948653.7134000006,113140.06640000036,-113140.06640000036,-307552.34138066485,5691.9051608467125,-5691.9051608467125,0.5,0.8363265991210938,0.5,0.5,8363266.0,276.13531494140625,473.1572265625,313.16363525390625,-150000000.0,0.0,0.0,84230928.0,0.0,0.0,-158851808.0,-158851808.0,224620880.0,-0.0,0.0,0.85,1.0,-1.0,1.0,True,True,False,,0,0
11523600.0,8,0.11932124018288373,False,False,ok,,,True,1.0,0.0,1,0.0,1.0,0.0,0.0,119587.17884282506,18678.52730290004,0.11932124018288373,-18678.52730290004,-0.11932124018288373,156539.83544146415,0.0,0.0,0.11932124018288373,0.004297950423620023,1.8472377843895534e-05,0.05,1.0,-3.5104071366895964,-3.5104071366895964,3.5104071366895964,-103804.921051795,-43612.2005723848,43612.2005723848,-539999.9999999999,-59999.99999999994,59999.99999999994,0.0,0.0,-0.0,0.0,0.0,-0.0,1060964.1572500006,112310.44385000004,-112310.44385000004,-297568.54694824334,9983.794432421506,-9983.794432421506,0.5,0.845702052116394,0.5,0.5,8457020.0,279.2308349609375,473.1572265625,313.16363525390625,-150000000.0,0.0,0.0,112452344.0,-1039463.9375,-1039463.9375,-193047344.0,-193047344.0,231634464.0,-0.0,0.0,0.85,1.0,-1.0,1.0,True,True,False,,0,0
11527200.0,9,0.10262306446698824,False,False,ok,,,True,1.0,0.0,1,0.0,1.0,0.0,0.0,135651.77646698616,16064.597624161106,0.10262306446698824,-16064.597624161106,-0.10262306446698824,156539.83544146415,0.0,0.0,0.10262306446698824,0.004873546772072634,2.3751458139579594e-05,0.05,1.0,-1972.8880567769734,-1969.3776496402838,1969.3776496402838,-154109.0702762404,-50304.14922444541,50304.14922444541,-599999.9999999999,-60000.0,60000.0,0.0,0.0,-0.0,0.0,0.0,-0.0,1176781.3891000007,115817.2318500001,-115817.2318500001,-285047.6542999965,12520.892648246838,-12520.892648246838,0.5,0.854873538017273,0.5,0.5,8548735.0,282.259033203125,473.1572265625,313.16363525390625,-150000000.0,0.0,0.0,142796464.0,-12309378.0,-12309378.0,-211046736.0,-211046736.0,230559648.0,-0.0,0.0,0.85,1.0,-1.0,1.0,True,True,False,,0,0
11530800.0,10,0.06292734131972523,False,False,ok,,,True,1.0,0.0,1,0.0,1.0,0.0,0.0,145502.4121219448,9850.635654958634,0.06292734131972523,-9850.635654958634,-0.06292734131972523,156539.83544146415,0.0,0.0,0.06292734131972523,0.012592423271218678,0.0001585691238415297,0.05,1.0,-8919.301692118695,-6946.413635341722,6946.413635341722,-208128.23954256918,-54019.16926632877,54019.16926632877,-659999.9999999999,-60000.0,60000.0,0.0,0.0,-0.0,0.0,0.0,-0.0,1292061.2156500001,115279.82654999942,-115279.82654999942,-269511.2622933674,15536.392006629088,-15536.392006629088,0.5,0.8625923991203308,0.5,0.5,8625924.0,284.8076171875,473.1572265625,313.16363525390625,-150000000.0,0.0,0.0,152147056.0,-30447534.0,-30447534.0,-222190080.0,-222190080.0,250490544.0,-0.0,0.0,0.85,1.0,-1.0,1.0,True,True,False,,0,0
11534400.0,11,0.0754953961463088,False,False,ok,,,True,1.0,0.0,1,0.0,1.0,0.0,0.0,157320.44901127613,11818.036889331328,0.0754953961463088,-11818.036889331328,-0.0754953961463088,156539.83544146415,0.0,0.0,0.0754953961463088,0.01835750123441371,0.00033699785157150083,0.05,1.0,-23031.50575012229,-14112.204058003595,14112.204058003595,-263624.96780082217,-55496.72825825299,55496.72825825299,-719999.9999999999,-60000.0,60000.0,0.0,0.0,-0.0,0.0,0.0,-0.0,1417306.4901499995,125245.27449999936,-125245.27449999936,-253329.5675877795,16181.694705587928,-16181.694705587928,0.5,0.8683574795722961,0.5,0.5,8683575.0,286.7110900878906,473.1572265625,313.16363525390625,-150000000.0,0.0,0.0,185735664.0,-53719440.0,-53719440.0,-221742576.0,-221742576.0,239726352.0,-0.0,0.0,0.85,1.0,-1.0,1.0,True,True,False,,0,0
11538000.0,12,0.023735308462652264,False,False,ok,,,True,1.0,0.0,1,0.0,1.0,0.0,0.0,161035.9702921721,3715.521280895977,0.023735308462652264,-3715.521280895977,-0.023735308462652264,156539.83544146415,0.0,0.0,0.023735308462652264,0.022162357049014814,0.0004911700699680166,0.05,1.0,-44751.99305452876,-21720.487304406466,21720.487304406466,-316392.277751226,-52767.30995040381,52767.30995040381,-779999.9999999999,-60000.0,60000.0,0.0,0.0,-0.0,0.0,0.0,-0.0,1537169.666449999,119863.17629999947,-119863.17629999947,-234989.42535207327,18340.14223570621,-18340.14223570621,0.5,0.8721623420715332,0.5,0.5,8721624.0,287.9673767089844,473.1572265625,313.16363525390625,-150000000.0,0.0,0.0,164453984.0,-72880184.0,-72880184.0,-197908736.0,-197908736.0,256334912.0,-0.0,0.0,0.85,1.0,-1.0,1.0,True,True,False,,0,0
11541600.0,13,0.0767680748756176,False,False,ok,,,True,1.0,0.0,1,0.0,1.0,0.0,0.0,173053.23210035928,12017.261808187177,0.0767680748756176,-12017.261808187177,-0.0767680748756176,156539.83544146415,0.0,0.0,0.0767680748756176,0.024107140366555924,0.0005811542166528301,0.05,1.0,-70500.43840416904,-25748.44534964028,25748.44534964028,-361600.54334038985,-45208.26558916387,45208.26558916387,-839999.9999999999,-60000.0,60000.0,0.0,0.0,-0.0,0.0,0.0,-0.0,1665337.1262499979,128167.4597999989,-128167.4597999989,-220182.91240508185,14806.512946991425,-14806.512946991425,0.5,0.8741071224212646,0.5,0.5,8741071.0,288.6094970703125,473.1572265625,313.16363525390625,-150000000.0,0.0,0.0,116059600.0,-74409904.0,-74409904.0,-159714608.0,-159714608.0,268064912.0,-0.0,0.0,0.85,1.0,-1.0,1.0,True,True,False,,0,0
11545200.0,14,0.15254217375807702,False,False,ok,,,True,1.0,0.0,1,0.0,1.0,0.0,0.0,196932.1588783319,23878.926777972607,0.15254217375807702,-23878.926777972607,-0.15254217375807702,156539.83544146415,0.0,0.0,0.15254217375807702,0.024410374534797885,0.0005958663849291091,0.05,1.0,-93879.73873438485,-23379.300330215818,23379.300330215818,-397679.77011732146,-36079.22677693161,36079.22677693161,-899999.9999999999,-60000.0,60000.0,0.0,0.0,-0.0,0.0,0.0,-0.0,1799369.580099998,134032.45385000017,-134032.45385000017,-210877.91236996185,9305.00003512,-9305.00003512,0.5,0.8744103908538818,0.5,0.5,8744104.0,288.7096252441406,473.1572265625,313.16363525390625,-150000000.0,0.0,0.0,75737224.0,-57940944.0,-57940944.0,-125307144.0,-125307144.0,257510864.0,-0.0,0.0,0.85,1.0,-1.0,1.0,True,True,False,,0,0
11548800.0,15,0.19532271244311109,False,False,ok,,,True,1.0,0.0,1,0.0,1.0,0.0,0.0,227507.94414215692,30575.785263825033,0.19532271244311109,-30575.785263825033,-0.19532271244311109,156539.83544146415,0.0,0.0,0.19532271244311109,0.023552627302790285,0.0005547262528641423,0.05,1.0,-111079.86567008629,-17200.12693570144,17200.12693570144,-422917.69322082563,-25237.923103504174,25237.923103504174,-959999.9999999999,-60000.0,60000.0,0.0,0.0,-0.0,0.0,0.0,-0.0,1928125.010199997,128755.43009999907,-128755.43009999907,-206619.50716693123,4258.405203030619,-4258.405203030619,0.5,0.8735526204109192,0.5,0.5,8735526.0,288.4263916015625,473.1572265625,313.16363525390625,-150000000.0,0.0,0.0,35993972.0,-39154364.0,-39154364.0,-70776600.0,-70776600.0,223936992.0,-0.0,0.0,0.85,1.0,-1.0,1.0,True,True,False,,0,0
11552400.0,16,0.1681749360219938,False,False,ok,,,True,1.0,0.0,1,0.0,1.0,0.0,0.0,253834.0209524186,26326.07681026167,0.1681749360219938,-26326.07681026167,-0.1681749360219938,156539.83544146415,0.0,0.0,0.1681749360219938,0.02147159448722158,0.0004610293698236841,0.05,1.0,-119804.39173060787,-8724.526060521574,8724.526060521574,-435380.62048411247,-12462.927263286838,12462.927263286838,-1019999.9999999999,-60000.0,60000.0,0.0,0.0,-0.0,0.0,0.0,-0.0,2040093.5044999965,111968.49429999944,-111968.49429999944,-211074.47133286114,-4454.964165929909,4454.964165929909,0.5,0.8714715838432312,0.5,0.5,8714716.0,287.7392883300781,473.1572265625,313.16363525390625,-150000000.0,0.0,0.0,-78812832.0,-10677248.0,-10677248.0,-23907574.0,-23907574.0,263397648.0,-0.0,0.0,0.85,1.0,-1.0,1.0,True,True,False,,0,0
11556000.0,17,0.05994185959883916,False,False,ok,,,True,1.0,0.0,1,0.0,1.0,0.0,0.0,263217.3097900762,9383.28883765763,0.05994185959883916,-9383.28883765763,-0.05994185959883916,156539.83544146415,0.0,0.0,0.05994185959883916,0.016218201716244773,0.0002630300669088049,0.05,1.0,-120923.06309976254,-1118.6713691546756,1118.6713691546756,-438897.7655696054,-3517.145085492928,3517.145085492928,-1079999.9999999998,-59999.99999999988,59999.99999999988,0.0,0.0,-0.0,0.0,0.0,-0.0,2171792.3307999955,131698.8262999989,-131698.8262999989,-268754.1923405559,-57679.72100769475,57679.72100769475,0.5,0.8662182092666626,0.5,0.5,8662182.0,286.0047302246094,473.1572265625,313.16363525390625,-150000000.0,0.0,0.0,-86326864.0,0.0,0.0,-1811681.0,-1811681.0,238138544.0,-0.0,0.0,0.85,1.0,-1.0,1.0,True,True,False,,0,0
11559600.0,18,0.04175069383650304,False,False,ok,,,True,1.0,0.0,1,0.0,1.0,0.0,0.0,269752.95653280936,6535.646742733137,0.04175069383650304,-6535.646742733137,-0.04175069383650304,156539.83544146415,0.0,0.0,0.04175069383650304,0.009260519698702896,8.575722509006437e-05,0.05,1.0,-120923.06309976254,0.0,-0.0,-439147.4091858435,-249.6436162380851,249.6436162380851,-1139999.9999999998,-60000.0,60000.0,0.0,0.0,-0.0,0.0,0.0,-0.0,2290861.602399995,119069.27159999963,-119069.27159999963,-321038.1735815846,-52283.9812410287,52283.9812410287,0.5,0.8592604994773865,0.5,0.5,8592605.0,283.70745849609375,473.1572265625,313.16363525390625,-150000000.0,0.0,0.0,-109850360.0,0.0,0.0,-0.0,-0.0,259850352.0,-0.0,0.0,0.85,1.0,-1.0,1.0,True,True,False,,0,0
11563200.0,19,0.025648195864503807,False,False,ok,,,True,1.0,0.0,1,0.0,1.0,0.0,0.0,273767.9208928092,4014.964359999867,0.025648195864503807,-4014.964359999867,-0.025648195864503807,156539.83544146415,0.0,0.0,0.025648195864503807,0.004546482347569825,2.0670501736764024e-05,0.05,1.0,-120923.06309976254,0.0,-0.0,-439147.4091858435,0.0,-0.0,-1199999.9999999998,-60000.0,60000.0,0.0,0.0,-0.0,0.0,0.0,-0.0,2420786.780599997,129925.17820000183,-129925.17820000183,-386948.3874215848,-65910.21384000021,65910.21384000021,0.5,0.8545464873313904,0.5,0.5,8545465.0,282.1510009765625,473.1572265625,313.16363525390625,-150000000.0,0.0,0.0,-109319360.0,0.0,0.0,-0.0,-0.0,259319360.0,-0.0,0.0,0.85,1.0,-1.0,1.0,True,True,False,,0,0
11566800.0,20,0.029836605409041535,False,False,ok,,,True,1.0,0.0,1,0.0,1.0,0.0,0.0,278438.5381936725,4670.617300863261,0.029836605409041535,-4670.617300863261,-0.029836605409041535,156539.83544146415,0.0,0.0,0.029836605409041535,0.0023503559579346467,5.524173128998891e-06,0.05,1.0,-121766.63763697118,-843.5745372086385,843.5745372086385,-439147.4091858435,0.0,-0.0,-1259999.9999999998,-60000.0,60000.0,0.0,0.0,-0.0,0.0,0.0,-0.0,2550446.460299998,129659.67970000114,-129659.67970000114,-451093.8752835129,-64145.48786192812,64145.48786192812,0.5,0.8523503541946411,0.5,0.5,8523504.0,281.4259033203125,473.1572265625,313.16363525390625,-150000000.0,0.0,0.0,-77974112.0,-8593628.0,-8593628.0,-0.0,-0.0,236567744.0,-0.0,0.0,0.85,1.0,-1.0,1.0,True,True,False,,0,0
11570400.0,21,0.07242991189526055,False,False,ok,,,True,1.0,0.0,1,0.0,1.0,0.0,0.0,289776.7046827963,11338.166489123832,0.07242991189526055,-11338.166489123832,-0.07242991189526055,156539.83544146415,0.0,0.0,0.07242991189526055,0.0015113394761741006,2.2841470122422046e-06,0.05,1.0,-128759.55395774457,-6992.916320773395,6992.916320773395,-439147.4091858435,0.0,-0.0,-1319999.9999999998,-60000.0,60000.0,0.0,0.0,-0.0,0.0,0.0,-0.0,2668730.3289999985,118283.86870000046,-118283.86870000046,-491046.66117361566,-39952.785890102736,39952.785890102736,0.5,0.8515113592147827,0.5,0.5,8515113.0,281.14886474609375,473.1572265625,313.16363525390625,-150000000.0,0.0,0.0,-80181208.0,-37318364.0,-37318364.0,-0.0,-0.0,267499568.0,-0.0,0.0,0.85,1.0,-1.0,1.0,True,True,False,,0,0
11574000.0,22,0.07655138055502053,False,False,ok,,,True,1.0,0.0,1,0.0,1.0,0.0,0.0,301760.04519769613,11983.340514899814,0.07655138055502053,-11983.340514899814,-0.07655138055502053,156539.83544146415,0.0,0.0,0.07655138055502053,0.0005384563407616616,2.899352309064386e-07,0.05,1.0,-140986.1708706043,-12226.61691285974,12226.61691285974,-439147.4091858435,0.0,-0.0,-1379999.9999999998,-60000.0,60000.0,0.0,0.0,-0.0,0.0,0.0,-0.0,2802480.115399997,133749.7863999987,-133749.7863999987,-540586.4901458562,-49539.8289722405,49539.8289722405,0.5,0.850538432598114,0.5,0.5,8505385.0,280.82763671875,473.1572265625,313.16363525390625,-150000000.0,0.0,0.0,-79328952.0,-32095532.0,-32095532.0,-0.0,-0.0,261424480.0,-0.0,0.0,0.85,1.0,-1.0,1.0,True,True,False,,0,0
11577600.0,23,0.06377355413969213,False,False,ok,,,True,1.0,0.0,1,0.0,1.0,0.0,0.0,311743.14686824084,9983.101670544711,0.06377355413969213,-9983.101670544711,-0.06377355413969213,156539.83544146415,0.0,0.0,0.06377355413969213,0.00149491399485302,2.234767852007415e-06,0.05,1.0,-149561.9407173669,-8575.769846762589,8575.769846762589,-439147.4091858435,0.0,-0.0,-1439999.9999999998,-60000.0,60000.0,0.0,0.0,-0.0,0.0,0.0,-0.0,2933192.3564999956,130712.24109999835,-130712.24109999835,-592739.8597285489,-52153.36958269274,52153.36958269274,0.5,0.8485050797462463,0.5,0.5,8485051.0,280.1562805175781,473.1572265625,313.16363525390625,-150000000.0,0.0,0.0,-85267280.0,-16189209.0,-16189209.0,-0.0,-0.0,251456480.0,-0.0,0.0,0.85,1.0,-1.0,1.0,True,True,False,,0,0
11581200.0,24,0.05356330569094306,False,False,ok,,,True,1.0,0.0,1,0.0,1.0,0.0,0.0,320127.9379268019,8384.791058561066,0.05356330569094306,-8384.791058561066,-0.05356330569094306,156539.83544146415,0.0,0.0,0.05356330569094306,0.004324760683217854,1.870355496710696e-05,0.05,1.0,-154504.55643535254,-4942.615717985638,4942.615717985638,-439147.4091858435,0.0,-0.0,-1499999.9999999998,-60000.0,60000.0,0.0,0.0,-0.0,0.0,0.0,-0.0,3058920.600199996,125728.24370000046,-125728.24370000046,-645140.6966520022,-52400.83692345326,52400.83692345326,0.5,0.8456752300262451,0.5,0.5,8456752.0,279.221923828125,473.1572265625,313.16363525390625,-150000000.0,0.0,0.0,-73075688.0,-11705491.0,-11705491.0,-0.0,-0.0,234781184.0,-0.0,0.0,0.85,1.0,-1.0,1.0,True,True,False,,0,0
11584800.0,25,0.058783223539069,False,False,ok,,,True,1.0,0.0,1,0.0,1.0,0.0,0.0,329329.8540663266,9201.916139524663,0.058783223539069,-9201.916139524663,-0.058783223539069,156539.83544146415,0.0,0.0,0.058783223539069,0.00769306694935612,5.918327908727548e-05,0.05,1.0,-158256.60445468704,-3752.0480193344993,3752.0480193344993,-439147.4091858435,0.0,-0.0,-1559999.9999999998,-60000.0,60000.0,0.0,0.0,-0.0,0.0,0.0,-0.0,3176311.1909999964,117390.59080000035,-117390.59080000035,-689577.3232931427,-44436.62664114055,44436.62664114055,0.5,0.842306911945343,0.5,0.5,8423069.0,278.10980224609375,473.1572265625,313.16363525390625,-150000000.0,0.0,0.0,-91304304.0,-9545921.0,-9545921.0,-0.0,-0.0,250850224.0,-0.0,0.0,0.85,1.0,-1.0,1.0,True,True,False,,0,0
11588400.0,26,0.044716008612137176,False,False,ok,,,True,1.0,0.0,1,0.0,1.0,0.0,0.0,336329.6906960696,6999.8366297430475,0.044716008612137176,-6999.8366297430475,-0.044716008612137176,156539.83544146415,0.0,0.0,0.044716008612137176,0.01145477346205237,0.00013121183506693924,0.05,1.0,-161175.4074043273,-2918.8029496402596,2918.8029496402596,-439147.4091858435,0.0,-0.0,-1619999.9999999998,-60000.0,60000.0,0.0,0.0,-0.0,0.0,0.0,-0.0,3301736.304099996,125425.11309999973,-125425.11309999973,-745083.7968137594,-55506.47352061665,55506.47352061665,0.5,0.8385452032089233,0.5,0.5,8385452.5,276.8677673339844,473.1572265625,313.16363525390625,-150000000.0,0.0,0.0,-112509184.0,-6915990.5,-6915990.5,-0.0,-0.0,269425184.0,-0.0,0.0,0.85,1.0,-1.0,1.0,True,True,False,,0,0
11592000.0,27,0.033803455545845774,False,False,ok,,,True,1.0,0.0,1,0.0,1.0,0.0,0.0,341621.27806456917,5291.587368499546,0.033803455545845774,-5291.587368499546,-0.033803455545845774,156539.83544146415,0.0,0.0,0.033803455545845774,0.015067613908445243,0.00022703298889397255,0.05,1.0,-164303.1537302266,-3127.746325899294,3127.746325899294,-439147.4091858435,0.0,-0.0,-1679999.9999999998,-60000.0,60000.0,0.0,0.0,-0.0,0.0,0.0,-0.0,3436448.889849995,134712.5857499987,-134712.5857499987,-811377.0488693605,-66293.2520556011,66293.2520556011,0.5,0.8349323868751526,0.5,0.5,8349324.0,275.6748962402344,473.1572265625,313.16363525390625,-150000000.0,0.0,0.0,-75644064.0,-11556383.0,-11556383.0,-0.0,-0.0,237200448.0,-0.0,0.0,0.85,1.0,-1.0,1.0,True,True,False,,0,0
11595600.0,28,0.07379986818542143,False,False,ok,,,True,1.0,0.0,1,0.0,1.0,0.0,0.0,353173.8972859168,11552.619221347617,0.07379986818542143,-11552.619221347617,-0.07379986818542143,156539.83544146415,0.0,0.0,0.07379986818542143,0.017714515116864837,0.00031380404582563283,0.05,1.0,-170381.0350443453,-6077.881314118713,6077.881314118713,-439812.63767552096,-665.22848967748,665.22848967748,-1739999.9999999998,-60000.0,60000.0,0.0,0.0,-0.0,0.0,0.0,-0.0,3555049.1121499925,118600.2222999977,-118600.2222999977,-851681.5421442168,-40304.49327485636,40304.49327485636,0.5,0.832285463809967,0.5,0.5,8322855.0,274.8009338378906,473.1572265625,313.16363525390625,-150000000.0,0.0,0.0,-50722032.0,-25349030.0,-25349030.0,-5911172.0,-5911172.0,231982240.0,-0.0,0.0,0.85,1.0,-1.0,1.0,True,True,False,,0,0
11599200.0,29,0.13866838488943758,False,False,ok,,,True,1.0,0.0,1,0.0,1.0,0.0,0.0,374881.02343744296,21707.126151526172,0.13866838488943758,-21707.126151526172,-0.13866838488943758,156539.83544146415,0.0,0.0,0.13866838488943758,0.017760428314796517,0.00031543281392502583,0.05,1.0,-182128.2239587338,-11747.188914388506,11747.188914388506,-444465.8521447802,-4653.214469259256,4653.214469259256,-1799999.9999999998,-60000.0,60000.0,0.0,0.0,-0.0,0.0,0.0,-0.0,3671040.2287999946,115991.11665000208,-115991.11665000208,-869565.1292590428,-17883.58711482596,17883.58711482596,0.5,0.83223956823349,0.5,0.5,8322395.5,274.7857666015625,473.1572265625,313.16363525390625,-150000000.0,0.0,0.0,8622561.0,-44669976.0,-44669976.0,-33972440.0,-33972440.0,220019856.0,-0.0,0.0,0.85,1.0,-1.0,1.0,True,True,False,,0,0
11602800.0,30,0.16458413337601965,False,False,ok,,,True,1.0,0.0,1,0.0,1.0,0.0,0.0,400644.99659240106,25763.973154958105,0.16458413337601965,-25763.973154958105,-0.16458413337601965,156539.83544146415,0.0,0.0,0.16458413337601965,0.013572873758536996,0.0001842229020651822,0.05,1.0,-195162.47202707917,-13034.248068345361,13034.248068345361,-457688.83843372465,-13222.986288944434,13222.986288944434,-1859999.9999999998,-60000.0,60000.0,0.0,0.0,-0.0,0.0,0.0,-0.0,3781050.1564499955,110009.9276500009,-110009.9276500009,-867553.849396795,2011.2798622477567,-2011.2798622477567,0.5,0.8364271521568298,0.5,0.5,8364271.5,276.16839599609375,473.1572265625,313.16363525390625,-150000000.0,0.0,0.0,-11109892.0,-28844948.0,-28844948.0,-75509648.0,-75509648.0,265464496.0,-0.0,0.0,0.85,1.0,-1.0,1.0,True,True,False,,0,0
11606400.0,31,0.23481890066808228,False,False,ok,,,True,1.0,0.0,1,0.0,1.0,0.0,0.0,437403.5086615282,36758.512069127115,0.23481890066808228,-36758.512069127115,-0.23481890066808228,156539.83544146415,0.0,0.0,0.23481890066808228,0.005041509337852301,2.541681640365195e-05,0.05,1.0,-209020.9835716835,-13858.51154460432,13858.51154460432,-480531.38255893515,-22842.544125210494,22842.544125210494,-1919999.9999999998,-60000.0,60000.0,0.0,0.0,-0.0,0.0,0.0,-0.0,3913782.402749996,132732.2463000007,-132732.2463000007,-866826.5279578533,727.3214389417553,-727.3214389417553,0.5,0.844958484172821,0.5,0.5,8449585.0,278.9852294921875,473.1572265625,313.16363525390625,-150000000.0,0.0,0.0,63206280.0,-54356876.0,-54356876.0,-110226424.0,-110226424.0,251377024.0,-0.0,0.0,0.85,1.0,-1.0,1.0,True,True,False,,0,0
11610000.0,32,0.14201725753699665,False,False,ok,,,True,1.0,0.0,1,0.0,1.0,0.0,0.0,459634.86678621767,22231.35812468949,0.14201725753699665,-22231.35812468949,-0.14201725753699665,156539.83544146415,0.0,0.0,0.14201725753699665,0.004619160073229711,2.1336639782119512e-05,0.05,1.0,-227596.94652680942,-18575.962955125928,18575.962955125928,-513949.5593378743,-33418.176778939145,33418.176778939145,-1979999.9999999998,-60000.0,60000.0,0.0,0.0,-0.0,0.0,0.0,-0.0,4039470.914199998,125688.51145000197,-125688.51145000197,-858289.5415490987,8536.986408754601,-8536.986408754601,0.5,0.8546191453933716,0.5,0.5,8546192.0,282.1749572753906,473.1572265625,313.16363525390625,-150000000.0,0.0,0.0,103930064.0,-51522468.0,-51522468.0,-161719056.0,-161719056.0,259311472.0,-0.0,0.0,0.85,1.0,-1.0,1.0,True,True,False,,0,0
11613600.0,33,0.13435855517383077,False,False,ok,,,True,1.0,0.0,1,0.0,1.0,0.0,0.0,480667.332903282,21032.466117064352,0.13435855517383077,-21032.466117064352,-0.13435855517383077,156539.83544146415,0.0,0.0,0.13435855517383077,0.011964274058219093,0.00014314385374017438,0.05,1.0,-245629.81044767273,-18032.86392086331,18032.86392086331,-555302.0639322154,-41352.50459434115,41352.50459434115,-2039999.9999999998,-60000.0,60000.0,0.0,0.0,-0.0,0.0,0.0,-0.0,4169126.646649999,129655.73245000094,-129655.73245000094,-847527.4393668299,10762.102182268747,-10762.102182268747,0.5,0.8619642853736877,0.5,0.5,8619643.0,284.6001281738281,473.1572265625,313.16363525390625,-150000000.0,0.0,0.0,113980184.0,-51522468.0,-51522468.0,-169893536.0,-169893536.0,257435824.0,-0.0,0.0,0.85,1.0,-1.0,1.0,True,True,False,,0,0
11617200.0,34,0.1173111488330185,False,False,ok,,,True,1.0,0.0,1,0.0,1.0,0.0,0.0,499031.20083705185,18363.867933769827,0.1173111488330185,-18363.867933769827,-0.1173111488330185,156539.83544146415,0.0,0.0,0.1173111488330185,0.017167666260431758,0.00029472876482956694,0.05,1.0,-264917.38130423747,-19287.570856564736,19287.570856564736,-598358.1013657363,-43056.03743352089,43056.03743352089,-2099999.9999999995,-59999.99999999977,59999.99999999977,0.0,0.0,-0.0,0.0,0.0,-0.0,4297844.555049999,128717.90839999961,-128717.90839999961,-835537.8715429745,11989.56782385544,-11989.56782385544,0.5,0.8671676516532898,0.5,0.5,8671677.0,286.3181457519531,473.1572265625,313.16363525390625,-150000000.0,0.0,0.0,133827936.0,-59614244.0,-59614244.0,-175058576.0,-175058576.0,250844880.0,-0.0,0.0,0.85,1.0,-1.0,1.0,True,True,False,,0,0
11620800.0,35,0.07728055162142894,False,False,ok,,,True,1.0,0.0,1,0.0,1.0,0.0,0.0,511128.6856706959,12097.484833644063,0.07728055162142894,-12097.484833644063,-0.07728055162142894,156539.83544146415,0.0,0.0,0.07728055162142894,0.021006650715927222,0.00044127937430096564,0.05,1.0,-287371.04947609,-22453.668171852536,22453.668171852536,-643694.9904288863,-45336.88906314992,45336.88906314992,-2159999.9999999995,-60000.0,60000.0,0.0,0.0,-0.0,0.0,0.0,-0.0,4423266.995899998,125422.44084999897,-125422.44084999897,-821072.2703243281,14465.601218646392,-14465.601218646392,0.5,0.8710066676139832,0.5,0.5,8710067.0,287.585693359375,473.1572265625,313.16363525390625,-150000000.0,0.0,0.0,179705008.0,-69877536.0,-69877536.0,-188997552.0,-188997552.0,229170080.0,-0.0,0.0,0.85,1.0,-1.0,1.0,True,True,False,,0,0
11624400.0,36,0.009015866365975846,False,False,ok,,,True,1.0,0.0,1,0.0,1.0,0.0,0.0,512540.027907988,1411.3422372920904,0.009015866365975846,-1411.3422372920904,-0.009015866365975846,156539.83544146415,0.0,0.0,0.009015866365975846,0.02366988463531905,0.0005602634386493128,0.05,1.0,-311422.4245869713,-24051.375110881287,24051.375110881287,-690490.2166823504,-46795.22625346412,46795.22625346412,-2219999.9999999995,-60000.0,60000.0,0.0,0.0,-0.0,0.0,0.0,-0.0,4537852.035449998,114585.0395500008,-114585.0395500008,-803399.3662726905,17672.904051637626,-17672.904051637626,0.5,0.8736698627471924,0.5,0.5,8736699.0,288.46502685546875,473.1572265625,313.16363525390625,-150000000.0,0.0,0.0,140093808.0,-67311728.0,-67311728.0,-184961744.0,-184961744.0,262179664.0,-0.0,0.0,0.85,1.0,-1.0,1.0,True,True,False,,0,0
11628000.0,37,0.1099196231862671,False,False,ok,,,True,1.0,0.0,1,0.0,1.0,0.0,0.0,529746.827633354,17206.799725366,0.1099196231862671,-17206.799725366,-0.1099196231862671,156539.83544146415,0.0,0.0,0.1099196231862671,0.02542003050509345,0.0006461779508798815,0.05,1.0,-335616.5361291476,-24194.11154217628,24194.11154217628,-732796.1449993878,-42305.92831703741,42305.92831703741,-2279999.9999999995,-60000.0,60000.0,0.0,0.0,-0.0,0.0,0.0,-0.0,4668941.866649998,131089.8311999999,-131089.8311999999,-790782.3578881108,12617.008384579676,-12617.008384579676,0.5,0.8754200339317322,0.5,0.5,8754200.0,289.0428771972656,473.1572265625,313.16363525390625,-150000000.0,0.0,0.0,115401840.0,-71369432.0,-71369432.0,-149832064.0,-149832064.0,255799648.0,-0.0,0.0,0.85,1.0,-1.0,1.0,True,True,False,,0,0
11631600.0,38,0.14998537863530306,False,False,ok,,,True,1.0,0.0,1,0.0,1.0,0.0,0.0,553225.51412355,23478.686490196036,0.14998537863530306,-23478.686490196036,-0.14998537863530306,156539.83544146415,0.0,0.0,0.14998537863530306,0.025875460358150915,0.0006695394487462394,0.05,1.0,-359267.0440767195,-23650.507947571925,23650.507947571925,-761042.7322448085,-28246.58724542067,28246.58724542067,-2339999.9999999995,-60000.0,60000.0,0.0,0.0,-0.0,0.0,0.0,-0.0,4796841.69015,127899.8235000018,-127899.8235000018,-783306.3997049219,7475.958183188923,-7475.958183188923,0.5,0.8758754730224609,0.5,0.5,8758755.0,289.1932373046875,473.1572265625,313.16363525390625,-150000000.0,0.0,0.0,27411496.0,-63044876.0,-63044876.0,-66956688.0,-66956688.0,252590064.0,-0.0,0.0,0.85,1.0,-1.0,1.0,True,True,False,,0,0
11635200.0,39,0.20581424872366347,False,False,ok,,,True,1.0,0.0,1,0.0,1.0,0.0,0.0,585443.6427502609,32218.12862671085,0.20581424872366347,-32218.12862671085,-0.20581424872366347,156539.83544146415,0.0,0.0,0.20581424872366347,0.02476198403911989,0.0006131558535536282,0.05,1.0,-378092.04468238493,-18825.00060566544,18825.00060566544,-774022.5680859056,-12979.83584109717,12979.83584109717,-2399999.9999999995,-60000.0,60000.0,0.0,0.0,-0.0,0.0,0.0,-0.0,4923136.723550003,126295.03340000287,-126295.03340000287,-785578.4680314485,-2272.0683265266707,2272.0683265266707,0.5,0.8747619986534119,0.5,0.5,8747620.0,288.82562255859375,473.1572265625,313.16363525390625,-150000000.0,0.0,0.0,-24037848.0,-43253080.0,-43253080.0,-33349428.0,-33349428.0,250640352.0,-0.0,0.0,0.85,1.0,-1.0,1.0,True,True,False,,0,0
11638800.0,40,0.12632386443938365,False,False,ok,,,True,1.0,0.0,1,0.0,1.0,0.0,0.0,605218.3597019318,19774.71695167094,0.12632386443938365,-19774.71695167094,-0.12632386443938365,156539.83544146415,0.0,0.0,0.12632386443938365,0.022466686068986608,0.0005047519829223969,0.05,1.0,-387102.3379125108,-9010.293230125855,9010.293230125855,-780024.5884972392,-6002.020411333535,6002.020411333535,-2459999.9999999995,-60000.0,60000.0,0.0,0.0,-0.0,0.0,0.0,-0.0,5048456.900349999,125320.17679999582,-125320.17679999582,-816111.6142383182,-30533.146206869627,30533.146206869627,0.5,0.8724666833877563,0.5,0.5,8724667.0,288.0677490234375,473.1572265625,313.16363525390625,-150000000.0,0.0,0.0,-92330472.0,-8862169.0,-8862169.0,-12496667.0,-12496667.0,263689312.0,-0.0,0.0,0.85,1.0,-1.0,1.0,True,True,False,,0,0
11642400.0,41,0.04376075397110259,False,False,ok,,,True,1.0,0.0,1,0.0,1.0,0.0,0.0,612068.6609273626,6850.301225430798,0.04376075397110259,-6850.301225430798,-0.04376075397110259,156539.83544146415,0.0,0.0,0.04376075397110259,0.018527802565191376,0.0003432794678947121,0.05,1.0,-387841.42860028055,-739.0906877697562,739.0906877697562,-781946.9527798073,-1922.3642825681018,1922.3642825681018,-2519999.9999999995,-60000.0,60000.0,0.0,0.0,-0.0,0.0,0.0,-0.0,5180301.553799998,131844.65344999917,-131844.65344999917,-878444.5114925496,-62332.897254231386,62332.897254231386,0.5,0.8685278296470642,0.5,0.5,8685278.0,286.7672119140625,473.1572265625,313.16363525390625,-150000000.0,0.0,0.0,-107881504.0,0.0,0.0,-1752362.625,-1752362.625,259633856.0,-0.0,0.0,0.85,1.0,-1.0,1.0,True,True,False,,0,0
11646000.0,42,0.02794358391414448,False,False,ok,,,True,1.0,0.0,1,0.0,1.0,0.0,0.0,616442.9449549275,4374.284027564921,0.02794358391414448,-4374.284027564921,-0.02794358391414448,156539.83544146415,0.0,0.0,0.02794358391414448,0.014156963473839546,0.00020041961479962705,0.05,1.0,-387841.42860028055,0.0,-0.0,-782188.1459137822,-241.1931339749135,241.1931339749135,-2579999.9999999995,-60000.0,60000.0,0.0,0.0,-0.0,0.0,0.0,-0.0,5310118.485600002,129816.9318000041,-129816.9318000041,-943645.9661310096,-65201.45463846007,65201.45463846007,0.5,0.86415696144104,0.5,0.5,8641570.0,285.3240661621094,473.1572265625,313.16363525390625,-150000000.0,0.0,0.0,-106221248.0,0.0,0.0,-0.0,-0.0,256221248.0,-0.0,0.0,0.85,1.0,-1.0,1.0,True,True,False,,0,0
11649600.0,43,0.027966524352432715,False,False,ok,,,True,1.0,0.0,1,0.0,1.0,0.0,0.0,620820.8200749271,4377.875119999517,0.027966524352432715,-4377.875119999517,-0.027966524352432715,156539.83544146415,0.0,0.0,0.027966524352432715,0.011927994615580362,0.0001422770555493141,0.05,1.0,-387841.42860028055,0.0,-0.0,-782188.1459137822,0.0,-0.0,-2639999.9999999995,-60000.0,60000.0,0.0,0.0,-0.0,0.0,0.0,-0.0,5438229.109999998,128110.62439999543,-128110.62439999543,-1007378.7154110102,-63732.74928000057,63732.74928000057,0.5,0.8619279861450195,0.5,0.5,8619280.0,284.588134765625,473.1572265625,313.16363525390625,-150000000.0,0.0,0.0,-90457720.0,0.0,0.0,-0.0,-0.0,240457728.0,-0.0,0.0,0.85,1.0,-1.0,1.0,True,True,False,,0,0
11653200.0,44,0.03803650255034247,False,False,ok,,,True,1.0,0.0,1,0.0,1.0,0.0,0.0,626775.0479249265,5954.227849999443,0.03803650255034247,-5954.227849999443,-0.03803650255034247,156539.83544146415,0.0,0.0,0.03803650255034247,0.011340162634503659,0.00012859928857699297,0.05,1.0,-387841.42860028055,0.0,-0.0,-782188.1459137822,0.0,-0.0,-2699999.9999999995,-60000.0,60000.0,0.0,0.0,-0.0,0.0,0.0,-0.0,5558457.97075,120228.86075000279,-120228.86075000279,-1061653.3483110103,-54274.632900000084,54274.632900000084,0.5,0.8613401651382446,0.5,0.5,8613402.0,284.39404296875,473.1572265625,313.16363525390625,-150000000.0,0.0,0.0,-119882672.0,0.0,0.0,-0.0,-0.0,269882656.0,-0.0,0.0,0.85,1.0,-1.0,1.0,True,True,False,,0,0
11656800.0,45,0.01923940306636108,False,False,ok,,,True,1.0,0.0,1,0.0,1.0,0.0,0.0,629786.7809149267,3011.732990000164,0.01923940306636108,-3011.732990000164,-0.01923940306636108,156539.83544146415,0.0,0.0,0.01923940306636108,0.00991064692936694,9.822092255857035e-05,0.05,1.0,-387841.42860028055,0.0,-0.0,-782188.1459137822,0.0,-0.0,-2759999.9999999995,-60000.0,60000.0,0.0,0.0,-0.0,0.0,0.0,-0.0,5693399.305799998,134941.33504999802,-134941.33504999802,-1133582.9503710093,-71929.60205999902,71929.60205999902,0.5,0.8599106669425964,0.5,0.5,8599106.0,283.9220275878906,473.1572265625,313.16363525390625,-150000000.0,0.0,0.0,-101190424.0,0.0,0.0,-0.0,-0.0,251190432.0,-0.0,0.0,0.85,1.0,-1.0,1.0,True,True,False,,0,0
11660400.0,46,0.031180290091877592,False,False,ok,,,True,1.0,0.0,1,0.0,1.0,0.0,0.0,634667.7383949263,4880.9574799996335,0.031180290091877592,-4880.9574799996335,-0.031180290091877592,156539.83544146415,0.0,0.0,0.031180290091877592,0.006399045813194504,4.094778731936211e-05,0.05,1.0,-387841.42860028055,0.0,-0.0,-782188.1459137822,0.0,-0.0,-2819999.9999999995,-60000.0,60000.0,0.0,0.0,-0.0,0.0,0.0,-0.0,5818994.518399997,125595.21259999834,-125595.21259999834,-1194297.2054910092,-60714.25511999987,60714.25511999987,0.5,0.8563990592956543,0.5,0.5,8563990.0,282.7626037597656,473.1572265625,313.16363525390625,-150000000.0,0.0,0.0,-87658264.0,0.0,0.0,-0.0,-0.0,237658256.0,-0.0,0.0,0.85,1.0,-1.0,1.0,True,True,False,,0,0
11664000.0,47,0.03982483891348306,False,False,ok,,,True,1.0,0.0,1,0.0,1.0,0.0,0.0,640901.9121249258,6234.173729999457,0.03982483891348306,-6234.173729999457,-0.03982483891348306,156539.83544146415,0.0,0.0,0.03982483891348306,0.0020943634377008635,4.386358209178179e-06,0.05,1.0,-387841.42860028055,0.0,-0.0,-782188.1459137822,0.0,-0.0,-2879999.9999999995,-60000.0,60000.0,0.0,0.0,-0.0,0.0,0.0,-0.0,5937823.649749992,118829.13134999573,-118829.13134999573,-1246892.16311101,-52594.95762000093,52594.95762000093,0.5,0.8520943522453308,0.5,0.5,8520944.0,281.3412780761719,473.1572265625,313.16363525390625,-150000000.0,0.0,0.0,-79136160.0,0.0,0.0,-0.0,-0.0,229136160.0,-0.0,0.0,0.85,1.0,-1.0,1.0,True,True,False,,0,0
11667600.0,48,0.045268888075778495,False,False,ok,,,True,1.0,0.0,1,0.0,1.0,0.0,0.0,647988.2964149262,7086.384290000424,0.045268888075778495,-7086.384290000424,-0.045268888075778495,156539.83544146415,0.0,0.0,0.045268888075778495,0.0013173829389825364,1.7354978079222653e-06,0.05,1.0,-387841.42860028055,0.0,-0.0,-782188.1459137822,0.0,-0.0,-2939999.9999999995,-60000.0,60000.0,0.0,0.0,-0.0,0.0,0.0,-0.0,6052391.72829999,114568.07854999788,-114568.07854999788,-1294373.85737101,-47481.694259999786,47481.694259999786,0.5,0.8486826419830322,0.5,0.5,8486826.0,280.2148132324219,473.1572265625,313.16363525390625,-150000000.0,0.0,0.0,-86045216.0,0.0,0.0,-0.0,-0.0,236045216.0,-0.0,0.0,0.85,1.0,-1.0,1.0,True,True,False,,0,0
11671200.0,49,0.04085527637079689,False,False,ok,,,True,1.0,0.0,1,0.0,1.0,0.0,0.0,654383.7746549263,6395.478240000084,0.04085527637079689,-6395.478240000084,-0.04085527637079689,156539.83544146415,0.0,0.0,0.04085527637079689,0.003632076443648269,1.3191979292504657e-05,0.05,1.0,-387841.42860028055,0.0,-0.0,-782188.1459137822,0.0,-0.0,-2999999.9999999995,-60000.0,60000.0,0.0,0.0,-0.0,0.0,0.0,-0.0,6170414.33709999,118022.60879999958,-118022.60879999958,-1346000.9879310094,-51627.130559999496,51627.130559999496,0.5,0.8463678956031799,0.5,0.5,8463679.0,279.4505310058594,473.1572265625,313.16363525390625,-150000000.0,0.0,0.0,-82780336.0,0.0,0.0,-0.0,-0.0,232780336.0,-0.0,0.0,0.85,1.0,-1.0,1.0,True,True,False,,0,0
11674800.0,50,0.04294093034557943,False,False,ok,,,True,1.0,0.0,1,0.0,1.0,0.0,0.0,661105.7408249266,6721.966170000378,0.04294093034557943,-6721.966170000378,-0.04294093034557943,156539.83544146415,0.0,0.0,0.04294093034557943,0.005343197759831164,2.854976230066477e-05,0.05,1.0,-387841.42860028055,0.0,-0.0,-782188.1459137822,0.0,-0.0,-3059999.9999999995,-60000.0,60000.0,0.0,0.0,-0.0,0.0,0.0,-0.0,6286804.50624999,116390.16915000044,-116390.16915000044,-1395669.1909110094,-49668.20298000006,49668.20298000006,0.5,0.8446568250656128,0.5,0.5,8446568.0,278.88555908203125,473.1572265625,313.16363525390625,-150000000.0,0.0,0.0,-117054240.0,0.0,0.0,-0.0,-0.0,267054240.0,-0.0,0.0,0.85,1.0,-1.0,1.0,True,True,False,,0,0
11678400.0,51,0.02104624839236162,False,False,ok,,,True,1.0,0.0,1,0.0,1.0,0.0,0.0,664400.3170849271,3294.5762600004673,0.02104624839236162,-3294.5762600004673,-0.02104624839236162,156539.83544146415,0.0,0.0,0.02104624839236162,0.007020679827321685,4.928994523776165e-05,0.05,1.0,-387841.42860028055,0.0,-0.0,-782188.1459137822,0.0,-0.0,-3119999.9999999995,-60000.0,60000.0,0.0,0.0,-0.0,0.0,0.0,-0.0,6420331.624949988,133527.11869999766,-133527.11869999766,-1465901.733351009,-70232.54243999952,70232.54243999952,0.5,0.8429793119430542,0.5,0.5,8429793.0,278.3316955566406,473.1572265625,313.16363525390625,-150000000.0,0.0,0.0,-114645336.0,0.0,0.0,-0.0,-0.0,264645328.0,-0.0,0.0,0.85,1.0,-1.0,1.0,True,True,False,,0,0
11682000.0,52,0.029076458663259575,False,False,ok,,,True,1.0,0.0,1,0.0,1.0,0.0,0.0,668951.9411392943,4551.624054367188,0.029076458663259575,-4551.624054367188,-0.029076458663259575,156539.83544146415,0.0,0.0,0.029076458663259575,0.008443407515097423,7.129113046600363e-05,0.05,1.0,-387841.42860028055,0.0,-0.0,-782913.972652616,-725.826738833799,725.826738833799,-3179999.9999999995,-60000.0,60000.0,0.0,0.0,-0.0,0.0,0.0,-0.0,6552654.291849988,132322.6668999996,-132322.6668999996,-1532946.9494578077,-67045.21610679873,67045.21610679873,0.5,0.8415566086769104,0.5,0.5,8415566.0,277.8619689941406,473.1572265625,313.16363525390625,-150000000.0,0.0,0.0,-112953952.0,0.0,0.0,-6448657.0,-6448657.0,269402592.0,-0.0,0.0,0.85,1.0,-1.0,1.0,True,True,False,,0,0
11685600.0,53,0.0669328468501509,False,False,ok,,,True,1.0,0.0,1,0.0,1.0,0.0,0.0,679429.5979708456,10477.656831551343,0.0669328468501509,-10477.656831551343,-0.0669328468501509,156539.83544146415,0.0,0.0,0.0669328468501509,0.006902155528276777,4.763975093652167e-05,0.05,1.0,-387841.42860028055,0.0,-0.0,-788212.4850608672,-5298.512408251176,5298.512408251176,-3239999.9999999995,-60000.0,60000.0,0.0,0.0,-0.0,0.0,0.0,-0.0,6687355.594549984,134701.30269999616,-134701.30269999616,-1591872.082918005,-58925.133460197365,58925.133460197365,0.5,0.8430978655815125,0.5,0.5,8430978.0,278.370849609375,473.1572265625,313.16363525390625,-150000000.0,0.0,0.0,-78726272.0,0.0,0.0,-38897332.0,-38897332.0,267623600.0,-0.0,0.0,0.85,1.0,-1.0,1.0,True,True,False,,0,0
11689200.0,54,0.15380119079744048,False,False,ok,,,True,1.0,0.0,1,0.0,1.0,0.0,0.0,703505.6110689782,24076.013098132564,0.15380119079744048,-24076.013098132564,-0.15380119079744048,156539.83544146415,0.0,0.0,0.15380119079744048,0.0017738630917513154,3.1465902682775358e-06,0.05,1.0,-387841.42860028055,0.0,-0.0,-803097.0371881048,-14884.552127237665,14884.552127237665,-3299999.9999999995,-60000.0,60000.0,0.0,0.0,-0.0,0.0,0.0,-0.0,6821167.3939499855,133811.79940000176,-133811.79940000176,-1626723.3170926354,-34851.23417463037,34851.23417463037,0.5,0.8482261300086975,0.5,0.5,8482261.0,280.0640869140625,473.1572265625,313.16363525390625,-150000000.0,0.0,0.0,-29480460.0,0.0,0.0,-84229888.0,-84229888.0,263710352.0,-0.0,0.0,0.85,1.0,-1.0,1.0,True,True,False,,0,0
11692800.0,55,0.25216295384036136,False,False,ok,,,True,1.0,0.0,1,0.0,1.0,0.0,0.0,742979.1583675819,39473.54729860369,0.25216295384036136,-39473.54729860369,-0.25216295384036136,156539.83544146415,0.0,0.0,0.25216295384036136,0.005916034380571533,3.4999462792104404e-05,0.05,1.0,-387841.42860028055,0.0,-0.0,-830338.2819435326,-27241.24475542782,27241.24475542782,-3359999.9999999995,-60000.0,60000.0,0.0,0.0,-0.0,0.0,0.0,-0.0,6953022.566899987,131855.17295000143,-131855.17295000143,-1631863.697988604,-5140.380895968527,5140.380895968527,0.5,0.8559160232543945,0.5,0.5,8559160.0,282.60308837890625,473.1572265625,313.16363525390625,-150000000.0,0.0,0.0,60052288.0,0.0,-0.0,-138164464.0,-138164464.0,228112176.0,-0.0,0.0,0.85,1.0,-1.0,1.0,True,True,False,,0,0
11696400.0,56,0.14368323596647548,False,False,ok,,,True,1.0,0.0,1,0.0,1.0,0.0,0.0,765471.308481471,22492.150113889133,0.14368323596647548,-22492.150113889133,-0.14368323596647548,156539.83544146415,0.0,0.0,0.14368323596647548,0.017126643028246402,0.0002933219014169811,0.05,1.0,-388891.5936949748,-1050.165094694239,1050.165094694239,-868675.9518790812,-38337.66993554856,38337.66993554856,-3419999.9999999995,-60000.0,60000.0,0.0,0.0,-0.0,0.0,0.0,-0.0,7067078.654399984,114056.08749999665,-114056.08749999665,-1624039.800344472,7823.89764413191,-7823.89764413191,0.5,0.8671266436576843,0.5,0.5,8671266.0,286.3045349121094,473.1572265625,313.16363525390625,-150000000.0,0.0,0.0,107911312.0,-14032388.0,-14032388.0,-171213344.0,-171213344.0,227334416.0,-0.0,0.0,0.85,1.0,-1.0,1.0,True,True,False,,0,0
11700000.0,57,0.07782174898892416,False,False,ok,,,True,1.0,0.0,1,0.0,1.0,0.0,0.0,777653.5122619641,12182.203780493117,0.07782174898892416,-12182.203780493117,-0.07782174898892416,156539.83544146415,0.0,0.0,0.07782174898892416,0.030158716072059444,0.0009095481551150966,0.05,1.0,-398201.02629254665,-9309.432597571868,9309.432597571868,-913845.9015240074,-45169.94964492624,45169.94964492624,-3479999.9999999995,-60000.0,60000.0,0.0,0.0,-0.0,0.0,0.0,-0.0,7180745.864749983,113667.21034999937,-113667.21034999937,-1611045.4246714811,12994.375672990922,-12994.375672990922,0.5,0.8801587224006653,0.5,0.5,8801587.0,290.60736083984375,473.1572265625,313.16363525390625,-150000000.0,0.0,0.0,134692992.0,-45243920.0,-45243920.0,-191939216.0,-191939216.0,252490160.0,-0.0,0.0,0.85,1.0,-1.0,1.0,True,True,False,,0,0
11703600.0,58,0.0710936071693094,False,False,ok,,,True,1.0,0.0,1,0.0,1.0,0.0,0.0,788782.4938291879,11128.98156722379,0.0710936071693094,-11128.98156722379,-0.0710936071693094,156539.83544146415,0.0,0.0,0.0710936071693094,0.041659632808219826,0.0017355250057157058,0.05,1.0,-419506.1971289675,-21305.170836420846,21305.170836420846,-963261.0702971813,-49415.16877317382,49415.16877317382,-3539999.9999999995,-60000.0,60000.0,0.0,0.0,-0.0,0.0,0.0,-0.0,7306990.942249982,126245.07749999873,-126245.07749999873,-1595441.1809946627,15604.243676818442,-15604.243676818442,0.5,0.8916596174240112,0.5,0.5,8916596.0,294.4046630859375,473.1572265625,313.16363525390625,-150000000.0,0.0,0.0,177430976.0,-82347264.0,-82347264.0,-204588016.0,-204588016.0,259504304.0,-0.0,0.0,0.85,1.0,-1.0,1.0,True,True,False,,0,0
11707200.0,59,0.020461092553880657,False,False,ok,,,True,1.0,0.0,1,0.0,1.0,0.0,0.0,791985.469890525,3202.9760613370454,0.020461092553880657,-3202.9760613370454,-0.020461092553880657,156539.83544146415,0.0,0.0,0.020461092553880657,0.05021804157625387,0.002521851699754362,0.05,0.0,-454867.5058934459,-35361.308764478425,35361.308764478425,-1013828.8454467646,-50567.77514958335,50567.77514958335,-3599999.9999999995,-60000.0,60000.0,0.0,0.0,-0.0,0.0,0.0,-0.0,7436743.090799985,129752.14855000377,-129752.14855000377,-1576061.269569264,19379.911425398663,-19379.911425398663,0.5,0.9002180695533752,0.5,0.5,9002180.0,297.2304382324219,473.1572265625,313.16363525390625,-150000000.0,0.0,0.0,251780272.0,-125956688.0,-125956688.0,-199438672.0,-199438672.0,223615088.0,-0.0,0.0,0.85,1.0,-1.0,1.0,True,True,False,,0,0
11710800.0,60,-0.13351715546518514,False,False,ok,,,True,1.0,0.0,1,0.0,1.0,0.0,0.0,771084.7163453925,-20900.753545132466,-0.13351715546518514,20900.753545132466,0.13351715546518514,156539.83544146415,0.0,0.0,-0.13351715546518514,0.05595883534014523,0.003131391252625487,0.05,0.0,-505917.1653402085,-51049.659446762584,51049.659446762584,-1061966.7509186964,-48137.905471931794,48137.905471931794,-3659999.9999999995,-60000.0,60000.0,0.0,0.0,-0.0,0.0,0.0,-0.0,7548550.631049987,111807.54025000148,-111807.54025000148,-1549581.998445702,26479.271123562008,-26479.271123562008,0.5,0.9059588313102722,0.5,0.5,9059588.0,299.1258850097656,473.1572265625,313.16363525390625,-150000000.0,0.0,0.0,273649792.0,-171822320.0,-171822320.0,-184053440.0,-184053440.0,232225968.0,-0.0,0.0,0.85,1.0,-1.0,1.0,True,True,False,,0,0
11714400.0,61,-0.147458961207195,False,False,ok,,,True,1.0,0.0,1,0.0,1.0,0.0,0.0,748001.514823649,-23083.201521743555,-0.147458961207195,23083.201521743555,0.147458961207195,156539.83544146415,0.0,0.0,-0.147458961207195,0.05921305612990635,0.00350618601624344,0.05,0.0,-569179.5157179062,-63262.35037769767,63262.35037769767,-1104943.7462433905,-42976.995324694086,42976.995324694086,-3719999.9999999995,-60000.0,60000.0,0.0,0.0,-0.0,0.0,0.0,-0.0,7664663.61704999,116112.9860000033,-116112.9860000033,-1522538.8402650533,27043.158180648694,-27043.158180648694,0.5,0.9092130661010742,0.5,0.5,9092131.0,300.2003479003906,473.1572265625,313.16363525390625,-150000000.0,0.0,0.0,278261088.0,-191920416.0,-191920416.0,-156876032.0,-156876032.0,220535360.0,-0.0,0.0,0.85,1.0,-1.0,1.0,True,True,False,,0,0
11718000.0,62,-0.15260260342062879,False,False,ok,,,True,1.0,0.0,1,0.0,1.0,0.0,0.0,724113.1283962447,-23888.386427404243,-0.15260260342062879,23888.386427404243,0.15260260342062879,156539.83544146415,0.0,0.0,-0.15260260342062879,0.06050528043858061,0.0036608889609512857,0.05,0.0,-633880.7731840033,-64701.25746609713,64701.25746609713,-1139755.9888484727,-34812.242605082225,34812.242605082225,-3779999.9999999995,-60000.0,60000.0,0.0,0.0,-0.0,0.0,0.0,-0.0,7774931.295849992,110267.67880000174,-110267.67880000174,-1497181.405421279,25357.43484377442,-25357.43484377442,0.5,0.9105052947998047,0.5,0.5,9105053.0,300.62701416015625,473.1572265625,313.16363525390625,-150000000.0,0.0,0.0,212180352.0,-176385536.0,-176385536.0,-117421880.0,-117421880.0,231627072.0,-0.0,0.0,0.85,1.0,-1.0,1.0,True,True,False,,0,0
11721600.0,63,-0.03609450152323471,False,False,ok,,,True,1.0,0.0,1,0.0,1.0,0.0,0.0,718462.9010674559,-5650.227328788838,-0.03609450152323471,5650.227328788838,0.03609450152323471,156539.83544146415,0.0,0.0,-0.03609450152323471,0.06026161637353056,0.0036314624079505664,0.05,0.0,-688279.2734560356,-54398.50027203234,54398.50027203234,-1163830.96195832,-24074.9731098474,24074.9731098474,-3839999.9999999995,-60000.0,60000.0,0.0,0.0,-0.0,0.0,0.0,-0.0,7890744.8310499955,115813.53520000353,-115813.53520000353,-1480171.6945681877,17009.71085309121,-17009.71085309121,0.5,0.9102616310119629,0.5,0.5,9102616.0,300.54656982421875,473.1572265625,313.16363525390625,-150000000.0,0.0,0.0,118696808.0,-131341672.0,-131341672.0,-70097880.0,-70097880.0,232742752.0,-0.0,0.0,0.85,1.0,-1.0,1.0,True,True,False,,0,0
11725200.0,64,0.11796104707828343,False,False,ok,,,True,1.0,0.0,1,0.0,1.0,0.0,0.0,736928.5039655932,18465.602898137295,0.11796104707828343,-18465.602898137295,-0.11796104707828343,156539.83544146415,0.0,0.0,0.11796104707828343,0.05815790630025752,0.0033823420652295336,0.05,0.0,-719244.9762704241,-30965.702814388438,30965.702814388438,-1176133.7621664577,-12302.800208137603,12302.800208137603,-3899999.9999999995,-60000.0,60000.0,0.0,0.0,-0.0,0.0,0.0,-0.0,8007116.203049993,116371.37199999765,-116371.37199999765,-1474808.9606475248,5362.733920662897,-5362.733920662897,0.5,0.9081578850746155,0.5,0.5,9081579.0,299.8519592285156,473.1572265625,313.16363525390625,-150000000.0,0.0,0.0,-46556856.0,-45821992.0,-45821992.0,-23230546.0,-23230546.0,265609392.0,-0.0,0.0,0.85,1.0,-1.0,1.0,True,True,False,,0,0
11728800.0,65,0.09305822088789699,False,False,ok,,,True,1.0,0.0,1,0.0,1.0,0.0,0.0,751495.82254986,14567.318584266817,0.09305822088789699,-14567.318584266817,-0.09305822088789699,156539.83544146415,0.0,0.0,0.09305822088789699,0.05295988168742338,0.0028047490683458824,0.05,0.0,-728037.3503711437,-8792.374100719579,8792.374100719579,-1179596.6130089343,-3462.8508424765896,3462.8508424765896,-3959999.9999999995,-60000.0,60000.0,0.0,0.0,-0.0,0.0,0.0,-0.0,8139920.902099995,132804.6990500018,-132804.6990500018,-1520791.1161700615,-45982.15552253672,45982.15552253672,0.5,0.9029598832130432,0.5,0.5,9029599.0,298.1357116699219,473.1572265625,313.16363525390625,-150000000.0,0.0,0.0,-80150448.0,-6060431.5,-6060431.5,-2166446.25,-2166446.25,238377328.0,-0.0,0.0,0.85,1.0,-1.0,1.0,True,True,False,,0,0
11732400.0,66,0.05180148776825622,False,False,ok,,,True,1.0,0.0,1,0.0,1.0,0.0,0.0,759604.8189207258,8108.996370865847,0.05180148776825622,-8108.996370865847,-0.05180148776825622,156539.83544146415,0.0,0.0,0.05180148776825622,0.0462843836341974,0.0021422441683975604,0.05,1.0,-730177.4152634996,-2140.0648923559347,2140.0648923559347,-1179895.2640450853,-298.65103615098633,298.65103615098633,-4019999.9999999995,-60000.0,60000.0,0.0,0.0,-0.0,0.0,0.0,-0.0,8259109.566399999,119188.66430000402,-119188.66430000402,-1569432.0681706883,-48640.95200062683,48640.95200062683,0.5,0.8962844014167786,0.5,0.5,8962844.0,295.9316101074219,473.1572265625,313.16363525390625,-150000000.0,0.0,0.0,-65721060.0,-6180641.5,-6180641.5,-0.0,-0.0,221901696.0,-0.0,0.0,0.85,1.0,-1.0,1.0,True,True,False,,0,0
11736000.0,67,0.06510653405853742,False,False,ok,,,True,1.0,0.0,1,0.0,1.0,0.0,0.0,769796.5850484134,10191.76612768753,0.06510653405853742,-10191.76612768753,-0.06510653405853742,156539.83544146415,0.0,0.0,0.06510653405853742,0.04118246455925223,0.0016959953871740659,0.05,1.0,-733512.1260102622,-3334.7107467625756,3334.7107467625756,-1179895.2640450853,0.0,-0.0,-4079999.9999999995,-60000.0,60000.0,0.0,0.0,-0.0,0.0,0.0,-0.0,8370060.417000003,110950.8506000042,-110950.8506000042,-1606856.4418962386,-37424.37372555025,37424.37372555025,0.5,0.8911824822425842,0.5,0.5,8911825.0,294.2470703125,473.1572265625,313.16363525390625,-150000000.0,0.0,0.0,-88509224.0,-14032388.0,-14032388.0,-0.0,-0.0,252541616.0,-0.0,0.0,0.85,1.0,-1.0,1.0,True,True,False,,0,0
11739600.0,68,0.06432700369676805,False,False,ok,,,True,1.0,0.0,1,0.0,1.0,0.0,0.0,779866.3236215479,10069.738573134528,0.06432700369676805,-10069.738573134528,-0.06432700369676805,156539.83544146415,0.0,0.0,0.06432700369676805,0.03772659661134148,0.0014232960918748824,0.05,1.0,-740965.5862246506,-7453.46021438844,7453.46021438844,-1179895.2640450853,0.0,-0.0,-4139999.9999999995,-60000.0,60000.0,0.0,0.0,-0.0,0.0,0.0,-0.0,8496331.224900004,126270.80790000036,-126270.80790000036,-1655604.0510087153,-48747.6091124767,48747.6091124767,0.5,0.8877266049385071,0.5,0.5,8877266.0,293.10601806640625,473.1572265625,313.16363525390625,-150000000.0,0.0,0.0,-79434696.0,-31383646.0,-31383646.0,-0.0,-0.0,260818336.0,-0.0,0.0,0.85,1.0,-1.0,1.0,True,True,False,,0,0
11743200.0,69,0.10215702467810091,False,False,ok,,,True,1.0,0.0,1,0.0,1.0,0.0,0.0,795857.9674538474,15991.643832299509,0.10215702467810091,-15991.643832299509,-0.10215702467810091,156539.83544146415,0.0,0.0,0.10215702467810091,0.03534036551587305,0.0012489414347955092,0.05,1.0,-757868.45563787,-16902.869413219392,16902.869413219392,-1179895.2640450853,0.0,-0.0,-4199999.999999999,-59999.999999999534,59999.999999999534,0.0,0.0,-0.0,0.0,0.0,-0.0,8626740.39650001,130409.17160000652,-130409.17160000652,-1693118.7093631965,-37514.65835448122,37514.65835448122,0.5,0.8853403925895691,0.5,0.5,8853404.0,292.3181457519531,473.1572265625,313.16363525390625,-150000000.0,0.0,0.0,-1686801.0,-72500720.0,-72500720.0,-0.0,-0.0,224187520.0,-0.0,0.0,0.85,1.0,-1.0,1.0,True,True,False,,0,0
11746800.0,70,0.15450594879579743,False,False,ok,,,True,1.0,0.0,1,0.0,1.0,0.0,0.0,820044.3032530688,24186.335799221415,0.15450594879579743,-24186.335799221415,-0.15450594879579743,156539.83544146415,0.0,0.0,0.15450594879579743,0.03334353949144875,0.0011117916258178023,0.05,1.0,-781115.5786127801,-23247.122974910075,23247.122974910075,-1179895.2640450853,0.0,-0.0,-4259999.999999999,-60000.0,60000.0,0.0,0.0,-0.0,0.0,0.0,-0.0,8738834.156700004,112093.76019999385,-112093.76019999385,-1697779.010789065,-4660.3014258684125,4660.3014258684125,0.5,0.883343517780304,0.5,0.5,8833435.0,291.6588439941406,473.1572265625,313.16363525390625,-150000000.0,0.0,0.0,-11296696.0,-59277356.0,-59277356.0,-0.0,-0.0,220574048.0,-0.0,0.0,0.85,1.0,-1.0,1.0,True,True,False,,0,0
11750400.0,71,0.10827559051641984,False,False,ok,,,True,1.0,0.0,1,0.0,1.0,0.0,0.0,836993.7463748365,16949.44312176772,0.10827559051641984,-16949.44312176772,-0.10827559051641984,156539.83544146415,0.0,0.0,0.10827559051641984,0.03025759594097155,0.000915522112127098,0.05,1.0,-793725.166319255,-12609.587706474937,12609.587706474937,-1179895.2640450853,0.0,-0.0,-4319999.999999999,-60000.0,60000.0,0.0,0.0,-0.0,0.0,0.0,-0.0,8849121.1829,110287.02619999647,-110287.02619999647,-1718507.0061608222,-20727.995371757308,20727.995371757308,0.5,0.8802576065063477,0.5,0.5,8802576.0,290.6399230957031,473.1572265625,313.16363525390625,-150000000.0,0.0,0.0,-74568520.0,-13712243.0,-13712243.0,-0.0,-0.0,238280768.0,-0.0,0.0,0.85,1.0,-1.0,1.0,True,True,False,,0,0
11754000.0,72,0.04947522998773784,False,False,ok,,,True,1.0,0.0,1,0.0,1.0,0.0,0.0,844738.5907355456,7744.844360709074,0.04947522998773784,-7744.844360709074,-0.04947522998773784,156539.83544146415,0.0,0.0,0.04947522998773784,0.025543052067040106,0.0006524475088995218,0.05,1.0,-795927.2556782478,-2202.089358992758,2202.089358992758,-1179895.2640450853,0.0,-0.0,-4379999.999999999,-60000.0,60000.0,0.0,0.0,-0.0,0.0,0.0,-0.0,8968261.565949995,119140.3830499947,-119140.3830499947,-1767700.4554911202,-49193.449330298,49193.449330298,0.5,0.8755430579185486,0.5,0.5,8755431.0,289.0832824707031,473.1572265625,313.16363525390625,-150000000.0,0.0,0.0,-90638272.0,0.0,0.0,-0.0,-0.0,240638272.0,-0.0,0.0,0.85,1.0,-1.0,1.0,True,True,False,,0,0
11757600.0,73,0.0379211641130141,False,False,ok,,,True,1.0,0.0,1,0.0,1.0,0.0,0.0,850674.7635255456,5936.172789999982,0.0379211641130141,-5936.172789999982,-0.0379211641130141,156539.83544146415,0.0,0.0,0.0379211641130141,0.020365352055775054,0.00041474756435566125,0.05,1.0,-795927.2556782478,0.0,-0.0,-1179895.2640450853,0.0,-0.0,-4439999.999999999,-60000.0,60000.0,0.0,0.0,-0.0,0.0,0.0,-0.0,9088580.702000003,120319.13605000824,-120319.13605000824,-1822083.4187511203,-54382.963260000106,54382.963260000106,0.5,0.8703653812408447,0.5,0.5,8703654.0,287.37371826171875,473.1572265625,313.16363525390625,-150000000.0,0.0,0.0,-90801048.0,0.0,0.0,-0.0,-0.0,240801056.0,-0.0,0.0,0.85,1.0,-1.0,1.0,True,True,False,,0,0
11761200.0,74,0.03781717946300722,False,False,ok,,,True,1.0,0.0,1,0.0,1.0,0.0,0.0,856594.6585755451,5919.895049999468,0.03781717946300722,-5919.895049999468,-0.03781717946300722,156539.83544146415,0.0,0.0,0.03781717946300722,0.015851541157568594,0.00025127135707009107,0.05,1.0,-795927.2556782478,0.0,-0.0,-1179895.2640450853,0.0,-0.0,-4499999.999999999,-60000.0,60000.0,0.0,0.0,-0.0,0.0,0.0,-0.0,9208981.226750001,120400.524749998,-120400.524749998,-1876564.0484511212,-54480.62970000086,54480.62970000086,0.5,0.8658515214920044,0.5,0.5,8658515.0,285.88336181640625,473.1572265625,313.16363525390625,-150000000.0,0.0,0.0,-93168800.0,0.0,0.0,-0.0,-0.0,243168800.0,-0.0,0.0,0.85,1.0,-1.0,1.0,True,True,False,,0,0
11764800.0,75,0.03630462440421393,False,False,ok,,,True,1.0,0.0,1,0.0,1.0,0.0,0.0,862277.7785055449,5683.119929999812,0.03630462440421393,-5683.119929999812,-0.03630462440421393,156539.83544146415,0.0,0.0,0.03630462440421393,0.012411993468401605,0.0001540575818596441,0.05,1.0,-795927.2556782478,0.0,-0.0,-1179895.2640450853,0.0,-0.0,-4559999.999999999,-60000.0,60000.0,0.0,0.0,-0.0,0.0,0.0,-0.0,9330565.627100006,121584.40035000443,-121584.40035000443,-1932465.3288711223,-55901.28042000113,55901.28042000113,0.5,0.8624119758605957,0.5,0.5,8624120.0,284.7477111816406,473.1572265625,313.16363525390625,-150000000.0,0.0,0.0,-93300328.0,0.0,0.0,-0.0,-0.0,243300320.0,-0.0,0.0,0.85,1.0,-1.0,1.0,True,True,False,,0,0
11768400.0,76,0.04267925970407359,False,False,ok,,,True,1.0,0.0,1,0.0,1.0,0.0,0.0,868958.7827963841,6681.0042908391915,0.04267925970407359,-6681.0042908391915,-0.04267925970407359,156539.83544146415,0.0,0.0,0.04267925970407359,0.01062110782275727,0.00011280793138263567,0.05,1.0,-795927.2556782478,0.0,-0.0,-1180617.4332242562,-722.1691791708581,722.1691791708581,-4619999.999999999,-60000.0,60000.0,0.0,0.0,-0.0,0.0,0.0,-0.0,9452215.789899997,121650.16279999167,-121650.16279999167,-1986712.3182011126,-54246.98932999023,54246.98932999023,0.5,0.8606210947036743,0.5,0.5,8606211.0,284.1564025878906,473.1572265625,313.16363525390625,-150000000.0,0.0,0.0,-91000784.0,0.0,0.0,-6407145.0,-6407145.0,247407920.0,-0.0,0.0,0.85,1.0,-1.0,1.0,True,True,False,,0,0
11772000.0,77,0.08390328095572037,False,False,ok,,,True,1.0,0.0,1,0.0,1.0,0.0,0.0,882092.9885901915,13134.2057938074,0.08390328095572037,-13134.2057938074,-0.08390328095572037,156539.83544146415,0.0,0.0,0.08390328095572037,0.012589444493678603,0.0001584941126594145,0.05,1.0,-796172.9140178305,-245.65833958273288,245.65833958273288,-1186117.0962322904,-5499.663008034229,5499.663008034229,-4679999.999999999,-60000.0,60000.0,0.0,0.0,-0.0,0.0,0.0,-0.0,9575919.753200006,123703.96330000833,-123703.96330000833,-2031536.7543596881,-44824.43615857558,44824.43615857558,0.5,0.862589418888092,0.5,0.5,8625894.0,284.8063049316406,473.1572265625,313.16363525390625,-150000000.0,0.0,0.0,-50607016.0,-5353092.5,-5353092.5,-40674436.0,-40674436.0,246634544.0,-0.0,0.0,0.85,1.0,-1.0,1.0,True,True,False,,0,0
11775600.0,78,0.1909455818285395,False,False,ok,,,True,1.0,0.0,1,0.0,1.0,0.0,0.0,911983.5785479057,29890.589957714197,0.1909455818285395,-29890.589957714197,-0.1909455818285395,156539.83544146415,0.0,0.0,0.1909455818285395,0.018490816205221083,0.00034191028393526664,0.05,1.0,-801772.3346969672,-5599.420679136645,5599.420679136645,-1201586.1293545947,-15469.033122304361,15469.033122304361,-4739999.999999999,-60000.0,60000.0,0.0,0.0,-0.0,0.0,0.0,-0.0,9699237.026250012,123317.27305000648,-123317.27305000648,-2043894.9836505332,-12358.229290845105,12358.229290845105,0.5,0.8684908151626587,0.5,0.5,8684908.0,286.7547912597656,473.1572265625,313.16363525390625,-150000000.0,0.0,0.0,24406580.0,-32574820.0,-32574820.0,-87216384.0,-87216384.0,245384624.0,-0.0,0.0,0.85,1.0,-1.0,1.0,True,True,False,,0,0
11779200.0,79,0.14536661447624946,False,False,ok,,,True,1.0,0.0,1,0.0,1.0,0.0,0.0,934739.2444567005,22755.66590879485,0.14536661447624946,-22755.66590879485,-0.14536661447624946,156539.83544146415,0.0,0.0,0.14536661447624946,0.025779192534670647,0.0006645667677396188,0.05,1.0,-822631.555648316,-20859.220951348892,20859.220951348892,-1227417.3654121403,-25831.236057545524,25831.236057545524,-4799999.999999999,-60000.0,60000.0,0.0,0.0,-0.0,0.0,0.0,-0.0,9821929.340100013,122692.3138500005,-122692.3138500005,-2037141.1745828441,6753.809067689115,-6753.809067689115,0.5,0.8757792115211487,0.5,0.5,8757792.0,289.1612243652344,473.1572265625,313.16363525390625,-150000000.0,0.0,0.0,114300400.0,-100635120.0,-100635120.0,-122719848.0,-122719848.0,259054560.0,-0.0,0.0,0.85,1.0,-1.0,1.0,True,True,False,,0,0
11782800.0,80,0.0704539260284767,False,False,ok,,,True,1.0,0.0,1,0.0,1.0,0.0,0.0,945768.0904434033,11028.845986702829,0.0704539260284767,-11028.845986702829,-0.0704539260284767,156539.83544146415,0.0,0.0,0.0704539260284767,0.0320896672186457,0.0010297467422034246,0.05,1.0,-862462.5878065896,-39831.032158273505,39831.032158273505,-1259321.104274453,-31903.73886231263,31903.73886231263,-4859999.999999999,-60000.0,60000.0,0.0,0.0,-0.0,0.0,0.0,-0.0,9951456.62330002,129527.28320000693,-129527.28320000693,-2023904.8407755555,13236.333807288669,-13236.333807288669,0.5,0.8820896744728088,0.5,0.5,8820897.0,291.2447814941406,473.1572265625,313.16363525390625,-150000000.0,0.0,0.0,179874576.0,-130796816.0,-130796816.0,-133576016.0,-133576016.0,234498256.0,-0.0,0.0,0.85,1.0,-1.0,1.0,True,True,False,,0,0
11786400.0,81,-0.0345446342376615,False,False,ok,,,True,1.0,0.0,1,0.0,1.0,0.0,0.0,940360.4790844542,-5407.6113589491,-0.0345446342376615,5407.6113589491,0.0345446342376615,156539.83544146415,0.0,0.0,-0.0345446342376615,0.03627091089902612,0.0013155789774450919,0.05,1.0,-909543.0284877946,-47080.440681205015,47080.440681205015,-1293617.8178046,-34296.713530147215,34296.713530147215,-4919999.999999999,-60000.0,60000.0,0.0,0.0,-0.0,0.0,0.0,-0.0,10068705.752000012,117249.12869999185,-117249.12869999185,-2005184.4266231523,18720.41415240313,-18720.41415240313,0.5,0.8862709403038025,0.5,0.5,8862709.0,292.6253356933594,473.1572265625,313.16363525390625,-150000000.0,0.0,0.0,183184480.0,-139119760.0,-139119760.0,-141589808.0,-141589808.0,247525088.0,-0.0,0.0,0.85,1.0,-1.0,1.0,True,True,False,,0,0
11790000.0,82,0.020624777592557878,False,False,ok,,,True,1.0,0.0,1,0.0,1.0,0.0,0.0,943589.07837481,3228.599290355807,0.020624777592557878,-3228.599290355807,-0.020624777592557878,156539.83544146415,0.0,0.0,0.020624777592557878,0.039525524458913885,0.0015622670837521998,0.05,1.0,-958234.945897866,-48691.91741007147,48691.91741007147,-1320286.9800420168,-26669.16223741672,26669.16223741672,-4979999.999999999,-60000.0,60000.0,0.0,0.0,-0.0,0.0,0.0,-0.0,10192468.299050018,123762.54705000669,-123762.54705000669,-1990357.294735308,14827.131887844298,-14827.131887844298,0.5,0.8895255327224731,0.5,0.5,8895255.0,293.6999206542969,473.1572265625,313.16363525390625,-150000000.0,0.0,0.0,103832856.0,-139119760.0,-139119760.0,-63446356.0,-63446356.0,248733264.0,-0.0,0.0,0.85,1.0,-1.0,1.0,True,True,False,,0,0
11793600.0,83,0.03965240492455314,False,False,ok,,,True,1.0,0.0,1,0.0,1.0,0.0,0.0,949796.2593165579,6207.180941747851,0.03965240492455314,-6207.180941747851,-0.03965240492455314,156539.83544146415,0.0,0.0,0.03965240492455314,0.043346959565647936,0.001878958903585917,0.05,1.0,-1006306.7687718768,-48071.82287401077,48071.82287401077,-1343535.4955748054,-23248.515532788588,23248.515532788588,-5039999.999999999,-60000.0,60000.0,0.0,0.0,-0.0,0.0,0.0,-0.0,10316834.932300024,124366.63325000554,-124366.63325000554,-1977196.4086367607,13160.886098547373,-13160.886098547373,0.5,0.8933469653129578,0.5,0.5,8933470.0,294.961669921875,473.1572265625,313.16363525390625,-150000000.0,0.0,0.0,183223104.0,-135195600.0,-135195600.0,-128222080.0,-128222080.0,230194576.0,-0.0,0.0,0.85,1.0,-1.0,1.0,True,True,False,,0,0
11797200.0,84,-0.032189044057568054,False,False,ok,,,True,1.0,0.0,1,0.0,1.0,0.0,0.0,944757.3916567682,-5038.867659789743,-0.032189044057568054,5038.867659789743,0.032189044057568054,156539.83544146415,0.0,0.0,-0.032189044057568054,0.04717265799747983,0.0022252596625471975,0.05,1.0,-1052243.4246236752,-45936.655851798365,45936.655851798365,-1375710.1635461235,-32174.667971318122,32174.667971318122,-5099999.999999999,-60000.0,60000.0,0.0,0.0,-0.0,0.0,0.0,-0.0,10431932.220000032,115097.2877000086,-115097.2877000086,-1959221.2401734337,17975.16846332699,-17975.16846332699,0.5,0.8971726298332214,0.5,0.5,8971727.0,296.22479248046875,473.1572265625,313.16363525390625,-150000000.0,0.0,0.0,158004288.0,-126488840.0,-126488840.0,-129277288.0,-129277288.0,247761856.0,-0.0,0.0,0.85,1.0,-1.0,1.0,True,True,False,,0,0
11800800.0,85,0.03172118503310416,False,False,ok,,,True,1.0,0.0,1,0.0,1.0,0.0,0.0,949723.0207418585,4965.629085090361,0.03172118503310416,-4965.629085090361,-0.03172118503310416,156539.83544146415,0.0,0.0,0.03172118503310416,0.04966302020900659,0.002466415576280197,0.05,1.0,-1094059.1924114448,-41815.76778776967,41815.76778776967,-1407828.004866485,-32117.841320361476,32117.841320361476,-5159999.999999999,-60000.0,60000.0,0.0,0.0,-0.0,0.0,0.0,-0.0,10555813.144300025,123880.92429999262,-123880.92429999262,-1944202.926280212,15018.313893221784,-15018.313893221784,0.5,0.8996630311012268,0.5,0.5,8996630.0,297.04705810546875,473.1572265625,313.16363525390625,-150000000.0,0.0,0.0,157907136.0,-111126560.0,-111126560.0,-127486384.0,-127486384.0,230705808.0,-0.0,0.0,0.85,1.0,-1.0,1.0,True,True,False,,0,0
11804400.0,86,0.028874173117845653,False,False,ok,,,True,1.0,0.0,1,0.0,1.0,0.0,0.0,954242.9790502344,4519.958308375906,0.028874173117845653,-4519.958308375906,-0.028874173117845653,156539.83544146415,0.0,0.0,0.028874173117845653,0.050558371645296196,0.0025561489434238905,0.05,0.0,-1128337.392622326,-34278.20021088119,34278.20021088119,-1438291.2272824284,-30463.222415943397,30463.222415943397,-5219999.999999999,-60000.0,60000.0,0.0,0.0,-0.0,0.0,0.0,-0.0,10671166.04490003,115352.90060000494,-115352.90060000494,-1930294.4459450112,13908.480335200671,-13908.480335200671,0.5,0.900558352470398,0.5,0.5,9005584.0,297.3426818847656,473.1572265625,313.16363525390625,-150000000.0,0.0,0.0,100237456.0,-82756928.0,-82756928.0,-114938368.0,-114938368.0,247457840.0,-0.0,0.0,0.85,1.0,-1.0,1.0,True,True,False,,0,0
11808000.0,87,0.14720587089583606,False,False,ok,,,True,1.0,0.0,1,0.0,1.0,0.0,0.0,977286.561856286,23043.582806051592,0.14720587089583606,-23043.582806051592,-0.14720587089583606,156539.83544146415,0.0,0.0,0.14720587089583606,0.0499770954478681,0.0024977100694053185,0.05,1.0,-1151752.967782758,-23415.57516043191,23415.57516043191,-1461981.461957543,-23690.23467511451,23690.23467511451,-5279999.999999999,-60000.0,60000.0,0.0,0.0,-0.0,0.0,0.0,-0.0,10794894.962950036,123728.91805000603,-123728.91805000603,-1923873.9713534138,6420.474591597449,-6420.474591597449,0.5,0.8999770879745483,0.5,0.5,8999771.0,297.1507568359375,473.1572265625,313.16363525390625,-150000000.0,0.0,0.0,45629480.0,-49377980.0,-49377980.0,-69739992.0,-69739992.0,223488496.0,-0.0,0.0,0.85,1.0,-1.0,1.0,True,True,False,,0,0
11811600.0,88,0.16231754296784437,False,False,ok,,,True,1.0,0.0,1,0.0,1.0,0.0,0.0,1002695.7233217352,25409.161465449142,0.16231754296784437,-25409.161465449142,-0.16231754296784437,156539.83544146415,0.0,0.0,0.16231754296784437,0.047344896428966554,0.00224153921786957,0.05,1.0,-1160571.4088707976,-8818.44108803966,8818.44108803966,-1474587.9132617237,-12606.45130418078,12606.45130418078,-5339999.999999999,-60000.0,60000.0,0.0,0.0,-0.0,0.0,0.0,-0.0,10906639.208700027,111744.24574999139,-111744.24574999139,-1928784.1632457445,-4910.191892330768,4910.191892330768,0.5,0.8973448872566223,0.5,0.5,8973449.0,296.28167724609375,473.1572265625,313.16363525390625,-150000000.0,0.0,0.0,-82742368.0,-3900869.75,-3900869.75,-26379138.0,-26379138.0,263022368.0,-0.0,0.0,0.85,1.0,-1.0,1.0,True,True,False,,0,0
11815200.0,89,0.06005461940354834,False,False,ok,,,True,1.0,0.0,1,0.0,1.0,0.0,0.0,1012096.6635606664,9400.940238931216,0.06005461940354834,-9400.940238931216,-0.06005461940354834,156539.83544146415,0.0,0.0,0.06005461940354834,0.04068186669456886,0.0016550142777546708,0.05,1.0,-1160831.4848082939,-260.0759374962654,260.0759374962654,-1478528.9198918296,-3941.006630105898,3941.006630105898,-5399999.999999999,-60000.0,60000.0,0.0,0.0,-0.0,0.0,0.0,-0.0,11038150.396550022,131511.18784999475,-131511.18784999475,-1986693.3282892115,-57909.16504346696,57909.16504346696,0.5,0.8906818628311157,0.5,0.5,8906819.0,294.0816955566406,473.1572265625,313.16363525390625,-150000000.0,0.0,0.0,-77949856.0,0.0,0.0,-2469278.25,-2469278.25,230419136.0,-0.0,0.0,0.85,1.0,-1.0,1.0,True,True,False,,0,0
11818800.0,90,0.047495173294243145,False,False,ok,,,True,1.0,0.0,1,0.0,1.0,0.0,0.0,1019531.550172411,7434.886611744645,0.047495173294243145,-7434.886611744645,-0.047495173294243145,156539.83544146415,0.0,0.0,0.047495173294243145,0.032034729620325386,0.0010262239018473526,0.05,1.0,-1160831.4848082939,0.0,-0.0,-1478869.4914287904,-340.57153696077876,340.57153696077876,-5459999.999999999,-60000.0,60000.0,0.0,0.0,-0.0,0.0,0.0,-0.0,11153359.964250013,115209.56769999117,-115209.56769999117,-2034127.4378405064,-47434.10955129494,47434.10955129494,0.5,0.8820347189903259,0.5,0.5,8820347.0,291.2265930175781,473.1572265625,313.16363525390625,-150000000.0,0.0,0.0,-81931608.0,0.0,0.0,-0.0,-0.0,231931600.0,-0.0,0.0,0.85,1.0,-1.0,1.0,True,True,False,,0,0
11822400.0,91,0.043483114063609975,False,False,ok,,,True,1.0,0.0,1,0.0,1.0,0.0,0.0,1026338.389692411,6806.839519999921,0.043483114063609975,-6806.839519999921,-0.043483114063609975,156539.83544146415,0.0,0.0,0.043483114063609975,0.024971663901273367,0.0006235839979981594,0.05,1.0,-1160831.4848082939,0.0,-0.0,-1478869.4914287904,0.0,-0.0,-5519999.999999999,-60000.0,60000.0,0.0,0.0,-0.0,0.0,0.0,-0.0,11269325.766650014,115965.8024000004,-115965.8024000004,-2083286.400720507,-49158.96288000047,49158.96288000047,0.5,0.8749716877937317,0.5,0.5,8749717.0,288.89453125,473.1572265625,313.16363525390625,-150000000.0,0.0,0.0,-89029264.0,0.0,0.0,-0.0,-0.0,239029264.0,-0.0,0.0,0.85,1.0,-1.0,1.0,True,True,False,,0,0
11826000.0,92,0.03894902471824832,False,False,ok,,,True,1.0,0.0,1,0.0,1.0,0.0,0.0,1032435.463612411,6097.073920000112,0.03894902471824832,-6097.073920000112,-0.03894902471824832,156539.83544146415,0.0,0.0,0.03894902471824832,0.019285186449243374,0.0003719184163820803,0.05,1.0,-1160831.4848082939,0.0,-0.0,-1478869.4914287904,0.0,-0.0,-5579999.999999999,-60000.0,60000.0,0.0,0.0,-0.0,0.0,0.0,-0.0,11388840.397050012,119514.63039999828,-119514.63039999828,-2136703.957200508,-53417.55648000119,53417.55648000119,0.5,0.8692851662635803,0.5,0.5,8692852.0,287.0169982910156,473.1572265625,313.16363525390625,-150000000.0,0.0,0.0,-84368320.0,0.0,0.0,-0.0,-0.0,234368320.0,-0.0,0.0,0.85,1.0,-1.0,1.0,True,True,False,,0,0
11829600.0,93,0.041926504020464744,False,False,ok,,,True,1.0,0.0,1,0.0,1.0,0.0,0.0,1038998.6316524105,6563.168039999437,0.041926504020464744,-6563.168039999437,-0.041926504020464744,156539.83544146415,0.0,0.0,0.041926504020464744,0.014425109910935596,0.00020808379594257237,0.05,1.0,-1160831.4848082939,0.0,-0.0,-1478869.4914287904,0.0,-0.0,-5639999.999999999,-60000.0,60000.0,0.0,0.0,-0.0,0.0,0.0,-0.0,11506024.556850012,117184.15980000049,-117184.15980000049,-2187324.948960507,-50620.991759998724,50620.991759998724,0.5,0.8644251227378845,0.5,0.5,8644251.0,285.41229248046875,473.1572265625,313.16363525390625,-150000000.0,0.0,0.0,-107526160.0,0.0,0.0,-0.0,-0.0,257526160.0,-0.0,0.0,0.85,1.0,-1.0,1.0,True,True,False,,0,0
11833200.0,94,0.027132929698190034,False,False,ok,,,True,1.0,0.0,1,0.0,1.0,0.0,0.0,1043246.01600241,4247.384349999484,0.027132929698190034,-4247.384349999484,-0.027132929698190034,156539.83544146415,0.0,0.0,0.027132929698190034,0.010082903456734349,0.00010166494211782548,0.05,1.0,-1160831.4848082939,0.0,-0.0,-1478869.4914287904,0.0,-0.0,-5699999.999999999,-60000.0,60000.0,0.0,0.0,-0.0,0.0,0.0,-0.0,11634787.635100003,128763.07824999094,-128763.07824999094,-2251840.6428605053,-64515.69389999844,64515.69389999844,0.5,0.8600829243659973,0.5,0.5,8600829.0,283.9786071777344,473.1572265625,313.16363525390625,-150000000.0,0.0,0.0,-85946952.0,0.0,0.0,-0.0,-0.0,235946944.0,-0.0,0.0,0.85,1.0,-1.0,1.0,True,True,False,,0,0
11836800.0,95,0.04091805208518394,False,False,ok,,,True,1.0,0.0,1,0.0,1.0,0.0,0.0,1049651.32114241,6405.305139999953,0.04091805208518394,-6405.305139999953,-0.04091805208518394,156539.83544146415,0.0,0.0,0.04091805208518394,0.005934450968588578,3.5217708298581914e-05,0.05,1.0,-1160831.4848082939,0.0,-0.0,-1478869.4914287904,0.0,-0.0,-5759999.999999999,-60000.0,60000.0,0.0,0.0,-0.0,0.0,0.0,-0.0,11752761.109400004,117973.47430000082,-117973.47430000082,-2303408.8120205062,-51568.16916000098,51568.16916000098,0.5,0.8559344410896301,0.5,0.5,8559345.0,282.60888671875,473.1572265625,313.16363525390625,-150000000.0,0.0,0.0,-75368480.0,0.0,0.0,-0.0,-0.0,225368480.0,-0.0,0.0,0.85,1.0,-1.0,1.0,True,True,False,,0,0
11840400.0,96,0.047675734415799066,False,False,ok,,,True,1.0,0.0,1,0.0,1.0,0.0,0.0,1057114.47276241,7463.151620000135,0.047675734415799066,-7463.151620000135,-0.047675734415799066,156539.83544146415,0.0,0.0,0.047675734415799066,0.0018237872360015173,3.326199882202054e-06,0.05,1.0,-1160831.4848082939,0.0,-0.0,-1478869.4914287904,0.0,-0.0,-5819999.999999999,-60000.0,60000.0,0.0,0.0,-0.0,0.0,0.0,-0.0,11865445.351300001,112684.241899997,-112684.241899997,-2348629.9023005054,-45221.09027999919,45221.09027999919,0.5,0.8518238067626953,0.5,0.5,8518238.0,281.25164794921875,473.1572265625,313.16363525390625,-150000000.0,0.0,0.0,-110306792.0,0.0,0.0,-0.0,-0.0,260306800.0,-0.0,0.0,0.85,1.0,-1.0,1.0,True,True,False,,0,0
11844000.0,97,0.025356617047709484,False,False,ok,,,True,1.0,0.0,1,0.0,1.0,0.0,0.0,1061083.7934224107,3969.320660000667,0.025356617047709484,-3969.320660000667,-0.025356617047709484,156539.83544146415,0.0,0.0,0.025356617047709484,0.0019553729945852583,3.823483547953321e-06,0.05,1.0,-1160831.4848082939,0.0,-0.0,-1478869.4914287904,0.0,-0.0,-5879999.999999999,-60000.0,60000.0,0.0,0.0,-0.0,0.0,0.0,-0.0,11995598.748000007,130153.39670000598,-130153.39670000598,-2414813.978340506,-66184.07604000065,66184.07604000065,0.5,0.8480446338653564,0.5,0.5,8480446.0,280.00384521484375,473.1572265625,313.16363525390625,-150000000.0,0.0,0.0,-82602920.0,0.0,0.0,-0.0,-0.0,232602928.0,-0.0,0.0,0.85,1.0,-1.0,1.0,True,True,False,,0,0
11847600.0,98,0.04305426609778564,False,False,ok,,,True,1.0,0.0,1,0.0,1.0,0.0,0.0,1067823.501152411,6739.707730000373,0.04305426609778564,-6739.707730000373,-0.04305426609778564,156539.83544146415,0.0,0.0,0.04305426609778564,0.004936133553850475,2.4365414461448517e-05,0.05,1.0,-1160831.4848082939,0.0,-0.0,-1478869.4914287904,0.0,-0.0,-5939999.999999999,-60000.0,60000.0,0.0,0.0,-0.0,0.0,0.0,-0.0,12111900.209350012,116301.46135000512,-116301.46135000512,-2464375.731960504,-49561.75361999776,49561.75361999776,0.5,0.8450638651847839,0.5,0.5,8450639.0,279.0196533203125,473.1572265625,313.16363525390625,-150000000.0,0.0,0.0,-95195240.0,0.0,0.0,-0.0,-0.0,245195248.0,-0.0,0.0,0.85,1.0,-1.0,1.0,True,True,False,,0,0
11851200.0,99,0.03501010285684771,False,False,ok,,,True,1.0,0.0,1,0.0,1.0,0.0,0.0,1073303.9768924108,5480.475739999674,0.03501010285684771,-5480.475739999674,-0.03501010285684771,156539.83544146415,0.0,0.0,0.03501010285684771,0.006682359668821802,4.4653930743496226e-05,0.05,1.0,-1160831.4848082939,0.0,-0.0,-1478869.4914287904,0.0,-0.0,-5999999.999999999,-60000.0,60000.0,0.0,0.0,-0.0,0.0,0.0,-0.0,12234497.83065001,122597.62129999697,-122597.62129999697,-2521492.877520506,-57117.145560001954,57117.145560001954,0.5,0.8433176279067993,0.5,0.5,8433176.0,278.443115234375,473.1572265625,313.16363525390625,-150000000.0,0.0,0.0,-71992544.0,0.0,0.0,-0.0,-0.0,221992544.0,-0.0,0.0,0.85,1.0,-1.0,1.0,True,True,False,,0,0
11854800.0,100,0.05845765003442315,False,False,ok,,,True,1.0,0.0,1,0.0,1.0,0.0,0.0,1082454.927809094,9150.950916683301,0.05845765003442315,-9150.950916683301,-0.05845765003442315,156539.83544146415,0.0,0.0,0.05845765003442315,0.006988960171726677,4.884556428198178e-05,0.05,1.0,-1160831.4848082939,0.0,-0.0,-1479833.92364785,-964.4322190596722,964.4322190596722,-6059999.999999999,-60000.0,60000.0,0.0,0.0,-0.0,0.0,0.0,-0.0,12345494.101600017,110996.27095000818,-110996.27095000818,-2562373.765334763,-40880.887814257294,40880.887814257294,0.5,0.8430110216140747,0.5,0.5,8430110.0,278.34185791015625,473.1572265625,313.16363525390625,-150000000.0,0.0,0.0,-92655240.0,0.0,0.0,-8554449.0,-8554449.0,251209680.0,-0.0,0.0,0.85,1.0,-1.0,1.0,True,True,False,,0,0
11858400.0,101,0.09427841808095157,False,False,ok,,,True,1.0,0.0,1,0.0,1.0,0.0,0.0,1097213.2558611678,14758.328052073717,0.09427841808095157,-14758.328052073717,-0.09427841808095157,156539.83544146415,0.0,0.0,0.09427841808095157,0.004884619505707177,2.385950771553503e-05,0.05,1.0,-1160831.4848082939,0.0,-0.0,-1486890.5642350456,-7056.640587195521,7056.640587195521,-6119999.999999999,-60000.0,60000.0,0.0,0.0,-0.0,0.0,0.0,-0.0,12471098.945450023,125604.84385000542,-125604.84385000542,-2606163.640545494,-43789.875210730825,43789.875210730825,0.5,0.8451153635978699,0.5,0.5,8451154.0,279.03668212890625,473.1572265625,313.16363525390625,-150000000.0,0.0,0.0,-37519972.0,0.0,0.0,-51852108.0,-51852108.0,239372080.0,-0.0,0.0,0.85,1.0,-1.0,1.0,True,True,False,,0,0
11862000.0,102,0.20062503560023254,False,False,ok,,,True,1.0,0.0,1,0.0,1.0,0.0,0.0,1128619.065919466,31405.810058298288,0.20062503560023254,-31405.810058298288,-0.20062503560023254,156539.83544146415,0.0,0.0,0.20062503560023254,0.0002270835371004365,5.1566932822045316e-08,0.05,1.0,-1160831.4848082939,0.0,-0.0,-1505152.4593731132,-18261.89513806766,18261.89513806766,-6179999.999999999,-60000.0,60000.0,0.0,0.0,-0.0,0.0,0.0,-0.0,12590784.985650018,119686.04019999504,-119686.04019999504,-2616181.9755491284,-10018.33500363445,10018.33500363445,0.5,0.8502270579338074,0.5,0.5,8502271.0,280.72442626953125,473.1572265625,313.16363525390625,-150000000.0,0.0,0.0,12928301.0,0.0,0.0,-98341992.0,-98341992.0,235413696.0,-0.0,0.0,0.85,1.0,-1.0,1.0,True,True,False,,0,0
11865600.0,103,0.2017292432231562,False,False,ok,,,True,1.0,0.0,1,0.0,1.0,0.0,0.0,1160197.72845735,31578.662537883967,0.2017292432231562,-31578.662537883967,-0.2017292432231562,156539.83544146415,0.0,0.0,0.2017292432231562,0.007835020469116105,6.138754575146835e-05,0.05,1.0,-1160831.4848082939,0.0,-0.0,-1534463.8168099732,-29311.35743685998,29311.35743685998,-6239999.999999999,-60000.0,60000.0,0.0,0.0,-0.0,0.0,0.0,-0.0,12708491.831900015,117706.84624999762,-117706.84624999762,-2612998.801824384,3183.173724744469,-3183.173724744469,0.5,0.8578349947929382,0.5,0.5,8578350.0,283.23638916015625,473.1572265625,313.16363525390625,-150000000.0,0.0,0.0,53119612.0,0.0,0.0,-139722112.0,-139722112.0,236602496.0,-0.0,0.0,0.85,1.0,-1.0,1.0,True,True,False,,0,0
11869200.0,104,0.159996586266592,False,False,ok,,,True,1.0,0.0,1,0.0,1.0,0.0,0.0,1185243.5677427184,25045.839285368333,0.159996586266592,-25045.839285368333,-0.159996586266592,156539.83544146415,0.0,0.0,0.159996586266592,0.017899179558098388,0.0003203806288530472,0.05,1.0,-1162301.7260061356,-1470.2411978417076,1470.2411978417076,-1573705.4629274046,-39241.646117431344,39241.646117431344,-6299999.999999999,-60000.0,60000.0,0.0,0.0,-0.0,0.0,0.0,-0.0,12826793.08095001,118301.2490499951,-118301.2490499951,-2605542.324273742,7456.477550642099,-7456.477550642099,0.5,0.8678991794586182,0.5,0.5,8678992.0,286.5592956542969,473.1572265625,313.16363525390625,-150000000.0,0.0,0.0,74781416.0,-14032388.0,-14032388.0,-177328688.0,-177328688.0,266579664.0,-0.0,0.0,0.85,1.0,-1.0,1.0,True,True,False,,0,0
11872800.0,105,0.1944687983907962,False,False,ok,,,True,1.0,0.0,1,0.0,1.0,0.0,0.0,1215685.681441313,30442.113698594505,0.1944687983907962,-30442.113698594505,-0.1944687983907962,156539.83544146415,0.0,0.0,0.1944687983907962,0.028720598850393908,0.0008248727983252479,0.05,1.0,-1167112.3451428264,-4810.619136690861,4810.619136690861,-1619961.454086068,-46255.99115866353,46255.99115866353,-6359999.999999999,-60000.0,60000.0,0.0,0.0,-0.0,0.0,0.0,-0.0,12960082.912100017,133289.8311500065,-133289.8311500065,-2597323.431429793,8218.892843948677,-8218.892843948677,0.5,0.8787205815315247,0.5,0.5,8787206.0,290.1322326660156,473.1572265625,313.16363525390625,-150000000.0,0.0,0.0,114140848.0,-13395169.0,-13395169.0,-194145152.0,-194145152.0,243399472.0,-0.0,0.0,0.85,1.0,-1.0,1.0,True,True,False,,0,0
11876400.0,106,0.12483698787952988,False,False,ok,,,True,1.0,0.0,1,0.0,1.0,0.0,0.0,1235227.6429809825,19541.96153966966,0.12483698787952988,-19541.96153966966,-0.12483698787952988,156539.83544146415,0.0,0.0,0.12483698787952988,0.03810856500598103,0.001452262726815082,0.05,1.0,-1171531.8960137798,-4419.550870953361,4419.550870953361,-1669396.466768817,-49435.01268274896,49435.01268274896,-6419999.999999999,-60000.0,60000.0,0.0,0.0,-0.0,0.0,0.0,-0.0,13081782.651100013,121699.73899999633,-121699.73899999633,-2585626.645336421,11696.78609337192,-11696.78609337192,0.5,0.8881085515022278,0.5,0.5,8881086.0,293.2319030761719,473.1572265625,313.16363525390625,-150000000.0,0.0,0.0,143726704.0,-11705491.0,-11705491.0,-202024752.0,-202024752.0,220003552.0,-0.0,0.0,0.85,1.0,-1.0,1.0,True,True,False,,0,0
11880000.0,107,0.06450097378296568,False,False,ok,,,True,1.0,0.0,1,0.0,1.0,0.0,0.0,1245324.6148027822,10096.971821799641,0.06450097378296568,-10096.971821799641,-0.06450097378296568,156539.83544146415,0.0,0.0,0.06450097378296568,0.0456129632431338,0.0020805424158194747,0.05,1.0,-1175676.052336801,-4144.156323021278,4144.156323021278,-1719303.694100315,-49907.22733149794,49907.22733149794,-6479999.999999999,-60000.0,60000.0,0.0,0.0,-0.0,0.0,0.0,-0.0,13191784.425950017,110001.77485000342,-110001.77485000342,-2571480.0647101016,14146.580626319628,-14146.580626319628,0.5,0.8956129550933838,0.5,0.5,8956130.0,295.70965576171875,473.1572265625,313.16363525390625,-150000000.0,0.0,0.0,102431136.0,-12005940.0,-12005940.0,-196714224.0,-196714224.0,256289024.0,-0.0,0.0,0.85,1.0,-1.0,1.0,True,True,False,,0,0
11883600.0,108,0.16539975401039578,False,False,ok,,,True,1.0,0.0,1,0.0,1.0,0.0,0.0,1271216.2650776282,25891.650274846004,0.16539975401039578,-25891.650274846004,-0.16539975401039578,156539.83544146415,0.0,0.0,0.16539975401039578,0.051197386456618865,0.0026211723799883808,0.05,0.0,-1180046.4102760998,-4370.35793929873,4370.35793929873,-1766807.4867049786,-47503.79260466364,47503.79260466364,-6539999.999999999,-60000.0,60000.0,0.0,0.0,-0.0,0.0,0.0,-0.0,13319928.938550021,128144.51260000467,-128144.51260000467,-2561858.776491293,9621.28821880836,-9621.28821880836,0.5,0.9011973738670349,0.5,0.5,9011974.0,297.5534973144531,473.1572265625,313.16363525390625,-150000000.0,0.0,0.0,104919928.0,-13081150.0,-13081150.0,-181812928.0,-181812928.0,239974144.0,-0.0,0.0,0.85,1.0,-1.0,1.0,True,True,False,,0,0
11887200.0,109,0.1396398495922319,False,False,ok,,,True,1.0,0.0,1,0.0,1.0,0.0,0.0,1293075.464153867,21859.199076238787,0.1396398495922319,-21859.199076238787,-0.1396398495922319,156539.83544146415,0.0,0.0,0.1396398495922319,0.054990007697821475,0.003023900946606465,0.05,0.0,-1185054.2324571249,-5007.822181025054,5007.822181025054,-1809396.5591719316,-42589.07246695296,42589.07246695296,-6599999.999999999,-60000.0,60000.0,0.0,0.0,-0.0,0.0,0.0,-0.0,13439916.01155002,119987.07299999893,-119987.07299999893,-2552389.7557670767,9469.020724216476,-9469.020724216476,0.5,0.904990017414093,0.5,0.5,9049900.0,298.80572509765625,473.1572265625,313.16363525390625,-150000000.0,0.0,0.0,100913272.0,-15848742.0,-15848742.0,-156210720.0,-156210720.0,221146176.0,-0.0,0.0,0.85,1.0,-1.0,1.0,True,True,False,,0,0
11890800.0,110,0.11604689834691481,False,False,ok,,,True,1.0,0.0,1,0.0,1.0,0.0,0.0,1311241.4265245853,18165.962370718364,0.11604689834691481,-18165.962370718364,-0.11604689834691481,156539.83544146415,0.0,0.0,0.11604689834691481,0.057161553626713935,0.003267443213019693,0.05,0.0,-1191094.5780046072,-6040.345547482371,6040.345547482371,-1844359.8554642082,-34963.29629227659,34963.29629227659,-6659999.999999999,-60000.0,60000.0,0.0,0.0,-0.0,0.0,0.0,-0.0,13550489.102400023,110573.09085000306,-110573.09085000306,-2543793.2424066,8596.513360476587,-8596.513360476587,0.5,0.90716153383255,0.5,0.5,9071616.0,299.522705078125,473.1572265625,313.16363525390625,-150000000.0,0.0,0.0,36675600.0,-19028736.0,-19028736.0,-119533984.0,-119533984.0,251887120.0,-0.0,0.0,0.85,1.0,-1.0,1.0,True,True,False,,0,0
11894400.0,111,0.22911246674970692,False,False,ok,,,True,1.0,0.0,1,0.0,1.0,0.0,0.0,1347106.6543671724,35865.227842587046,0.22911246674970692,-35865.227842587046,-0.22911246674970692,156539.83544146415,0.0,0.0,0.22911246674970692,0.05774567528150043,0.0033345630137164898,0.05,0.0,-1196430.9080773592,-5336.330072751967,5336.330072751967,-1868609.4534750269,-24249.598010818707,24249.598010818707,-6719999.999999999,-60000.0,60000.0,0.0,0.0,-0.0,0.0,0.0,-0.0,13676432.662150025,125943.55975000188,-125943.55975000188,-2544285.6462304415,-492.4038238413632,492.4038238413632,0.5,0.9077456593513489,0.5,0.5,9077457.0,299.715576171875,473.1572265625,313.16363525390625,-150000000.0,0.0,0.0,-12095076.0,-10967350.0,-10967350.0,-68905176.0,-68905176.0,241967600.0,-0.0,0.0,0.85,1.0,-1.0,1.0,True,True,False,,0,0
11898000.0,112,0.15042652170362764,False,False,ok,,,True,1.0,0.0,1,0.0,1.0,0.0,0.0,1370654.39732069,23547.742953517707,0.15042652170362764,-23547.742953517707,-0.15042652170362764,156539.83544146415,0.0,0.0,0.15042652170362764,0.05556445214435968,0.0030874083421028368,0.05,0.0,-1197435.1022665678,-1004.1941892085597,1004.1941892085597,-1880771.7545105962,-12162.301035569282,12162.301035569282,-6779999.999999999,-60000.0,60000.0,0.0,0.0,-0.0,0.0,0.0,-0.0,13797416.462450031,120983.80030000582,-120983.80030000582,-2568555.208352146,-24269.562121704686,24269.562121704686,0.5,0.9055644273757935,0.5,0.5,9055645.0,298.9953918457031,473.1572265625,313.16363525390625,-150000000.0,0.0,0.0,-76304824.0,0.0,0.0,-23283630.0,-23283630.0,249588464.0,-0.0,0.0,0.85,1.0,-1.0,1.0,True,True,False,,0,0
11901600.0,113,0.06337112584632532,False,False,ok,,,True,1.0,0.0,1,0.0,1.0,0.0,0.0,1380574.5029324142,9920.10561172408,0.06337112584632532,-9920.10561172408,-0.06337112584632532,156539.83544146415,0.0,0.0,0.06337112584632532,0.049398027812172174,0.0024401651517321358,0.05,1.0,-1197435.1022665678,0.0,-0.0,-1884256.7197189701,-3484.965208373964,3484.965208373964,-6839999.999999999,-60000.0,60000.0,0.0,0.0,-0.0,0.0,0.0,-0.0,13922210.690850023,124794.22839999199,-124794.22839999199,-2619944.3659320483,-51389.157579902094,51389.157579902094,0.5,0.8993980288505554,0.5,0.5,8993980.0,296.9593505859375,473.1572265625,313.16363525390625,-150000000.0,0.0,0.0,-98629920.0,0.0,0.0,-2269313.5,-2269313.5,250899232.0,-0.0,0.0,0.85,1.0,-1.0,1.0,True,True,False,,0,0
11905200.0,114,0.03416495786702412,False,False,ok,,,True,1.0,0.0,1,0.0,1.0,0.0,0.0,1385922.6798147827,5348.176882368512,0.03416495786702412,-5348.176882368512,-0.03416495786702412,156539.83544146415,0.0,0.0,0.03416495786702412,0.04177848175783361,0.0017454415379896356,0.05,1.0,-1197435.1022665678,0.0,-0.0,-1884569.6482420904,-312.9285231202375,312.9285231202375,-6899999.999999999,-60000.0,60000.0,0.0,0.0,-0.0,0.0,0.0,-0.0,14047660.30610003,125449.61525000632,-125449.61525000632,-2679732.875776559,-59788.509844510816,59788.509844510816,0.5,0.8917784690856934,0.5,0.5,8917785.0,294.4435729980469,473.1572265625,313.16363525390625,-150000000.0,0.0,0.0,-92704832.0,0.0,0.0,-0.0,-0.0,242704832.0,-0.0,0.0,0.85,1.0,-1.0,1.0,True,True,False,,0,0
11908800.0,115,0.036601013562090924,False,False,ok,,,True,1.0,0.0,1,0.0,1.0,0.0,0.0,1391652.1964547832,5729.516640000511,0.036601013562090924,-5729.516640000511,-0.036601013562090924,156539.83544146415,0.0,0.0,0.036601013562090924,0.03549139330658779,0.0012596389988429049,0.05,1.0,-1197435.1022665678,0.0,-0.0,-1884569.6482420904,0.0,-0.0,-6959999.999999999,-60000.0,60000.0,0.0,0.0,-0.0,0.0,0.0,-0.0,14169012.72290003,121352.41679999977,-121352.41679999977,-2735355.7759365607,-55622.90016000159,55622.90016000159,0.5,0.8854913711547852,0.5,0.5,8854914.0,292.3677062988281,473.1572265625,313.16363525390625,-150000000.0,0.0,0.0,-72454264.0,0.0,0.0,-0.0,-0.0,222454256.0,-0.0,0.0,0.85,1.0,-1.0,1.0,True,True,False,,0,0
11912400.0,116,0.04953738195859229,False,False,ok,,,True,1.0,0.0,1,0.0,1.0,0.0,0.0,1399406.7700747822,7754.5736199989915,0.04953738195859229,-7754.5736199989915,-0.04953738195859229,156539.83544146415,0.0,0.0,0.04953738195859229,0.030487635045347017,0.0009294958906582715,0.05,1.0,-1197435.1022665678,0.0,-0.0,-1884569.6482420904,0.0,-0.0,-7019999.999999999,-60000.0,60000.0,0.0,0.0,-0.0,0.0,0.0,-0.0,14280239.854800034,111227.13190000504,-111227.13190000504,-2778828.334216562,-43472.558280001394,43472.558280001394,0.5,0.8804876208305359,0.5,0.5,8804876.0,290.715576171875,473.1572265625,313.16363525390625,-150000000.0,0.0,0.0,-105984712.0,0.0,0.0,-0.0,-0.0,255984704.0,-0.0,0.0,0.85,1.0,-1.0,1.0,True,True,False,,0,0
11916000.0,117,0.028117629787886518,False,False,ok,,,True,1.0,0.0,1,0.0,1.0,0.0,0.0,1403808.299214782,4401.529139999766,0.028117629787886518,-4401.529139999766,-0.028117629787886518,156539.83544146415,0.0,0.0,0.028117629787886518,0.026265035952273252,0.0006898521135742065,0.05,1.0,-1197435.1022665678,0.0,-0.0,-1884569.6482420904,0.0,-0.0,-7079999.999999999,-60000.0,60000.0,0.0,0.0,-0.0,0.0,0.0,-0.0,14408232.209100038,127992.3543000035,-127992.3543000035,-2842419.1593765635,-63590.825160001405,63590.825160001405,0.5,0.8762650489807129,0.5,0.5,8762650.0,289.3213806152344,473.1572265625,313.16363525390625,-150000000.0,0.0,0.0,-107004640.0,0.0,0.0,-0.0,-0.0,257004640.0,-0.0,0.0,0.85,1.0,-1.0,1.0,True,True,False,,0,0
11919600.0,118,0.027466080297539563,False,False,ok,,,True,1.0,0.0,1,0.0,1.0,0.0,0.0,1408107.8349047808,4299.535689998884,0.027466080297539563,-4299.535689998884,-0.027466080297539563,156539.83544146415,0.0,0.0,0.027466080297539563,0.02232716382001254,0.000498502244245677,0.05,1.0,-1197435.1022665678,0.0,-0.0,-1884569.6482420904,0.0,-0.0,-7139999.999999999,-60000.0,60000.0,0.0,0.0,-0.0,0.0,0.0,-0.0,14536734.530650046,128502.32155000791,-128502.32155000791,-2906621.9452365655,-64202.78586000204,64202.78586000204,0.5,0.8723271489143372,0.5,0.5,8723272.0,288.02117919921875,473.1572265625,313.16363525390625,-150000000.0,0.0,0.0,-90239936.0,0.0,0.0,-0.0,-0.0,240239936.0,-0.0,0.0,0.85,1.0,-1.0,1.0,True,True,False,,0,0
11923200.0,119,0.03817562483790219,False,False,ok,,,True,1.0,0.0,1,0.0,1.0,0.0,0.0,1414083.8409347811,5976.006030000281,0.03817562483790219,-5976.006030000281,-0.03817562483790219,156539.83544146415,0.0,0.0,0.03817562483790219,0.01913604097855992,0.00036618806433312453,0.05,1.0,-1197435.1022665678,0.0,-0.0,-1884569.6482420904,0.0,-0.0,-7199999.999999999,-60000.0,60000.0,0.0,0.0,-0.0,0.0,0.0,-0.0,14656854.500500042,120119.96984999627,-120119.96984999627,-2960765.909056564,-54143.96381999832,54143.96381999832,0.5,0.8691360354423523,0.5,0.5,8691360.0,286.9675598144531,473.1572265625,313.16363525390625,-150000000.0,0.0,0.0,-72570624.0,0.0,0.0,-0.0,-0.0,222570624.0,-0.0,0.0,0.85,1.0,-1.0,1.0,True,True,False,,0,0
11926800.0,120,0.0494630478444334,False,False,ok,,,True,1.0,0.0,1,0.0,1.0,0.0,0.0,1421826.778304782,7742.937370000873,0.0494630478444334,-7742.937370000873,-0.0494630478444334,156539.83544146415,0.0,0.0,0.0494630478444334,0.016968395644934686,0.0002879264507630384,0.05,1.0,-1197435.1022665678,0.0,-0.0,-1884569.6482420904,0.0,-0.0,-7259999.999999999,-60000.0,60000.0,0.0,0.0,-0.0,0.0,0.0,-0.0,14768139.81365005,111285.31315000728,-111285.31315000728,-3004308.2848365633,-43542.37577999942,43542.37577999942,0.5,0.8669683933258057,0.5,0.5,8669684.0,286.2518615722656,473.1572265625,313.16363525390625,-150000000.0,0.0,0.0,-117400232.0,0.0,0.0,-0.0,-0.0,267400240.0,-0.0,0.0,0.85,1.0,-1.0,1.0,True,True,False,,0,0
11930400.0,121,0.02082522139368662,False,False,ok,,,True,1.0,0.0,1,0.0,1.0,0.0,0.0,1425086.7550347818,3259.976729999762,0.02082522139368662,-3259.976729999762,-0.02082522139368662,156539.83544146415,0.0,0.0,0.02082522139368662,0.01540390255342794,0.0002372802138755038,0.05,1.0,-1197435.1022665678,0.0,-0.0,-1884569.6482420904,0.0,-0.0,-7319999.999999999,-60000.0,60000.0,0.0,0.0,-0.0,0.0,0.0,-0.0,14901839.930000048,133700.11634999886,-133700.11634999886,-3074748.4244565647,-70440.13962000143,70440.13962000143,0.5,0.8654038906097412,0.5,0.5,8654039.0,285.73529052734375,473.1572265625,313.16363525390625,-150000000.0,0.0,0.0,-113869344.0,0.0,0.0,-0.0,-0.0,263869344.0,-0.0,0.0,0.85,1.0,-1.0,1.0,True,True,False,,0,0
11934000.0,122,0.023080807130090458,False,False,ok,,,True,1.0,0.0,1,0.0,1.0,0.0,0.0,1428699.8207847823,3613.0657500005327,0.023080807130090458,-3613.0657500005327,-0.023080807130090458,156539.83544146415,0.0,0.0,0.023080807130090458,0.014301772689697012,0.00020454070206776332,0.05,1.0,-1197435.1022665678,0.0,-0.0,-1884569.6482420904,0.0,-0.0,-7379999.999999999,-60000.0,60000.0,0.0,0.0,-0.0,0.0,0.0,-0.0,15033774.601250052,131934.67125000432,-131934.67125000432,-3143070.029956566,-68321.60550000146,68321.60550000146,0.5,0.8643018007278442,0.5,0.5,8643018.0,285.37139892578125,473.1572265625,313.16363525390625,-150000000.0,0.0,0.0,-111382496.0,0.0,0.0,-0.0,-0.0,261382496.0,-0.0,0.0,0.85,1.0,-1.0,1.0,True,True,False,,0,0
11937600.0,123,0.024669441162432828,False,False,ok,,,True,1.0,0.0,1,0.0,1.0,0.0,0.0,1432561.5710447824,3861.750260000117,0.024669441162432828,-3861.750260000117,-0.024669441162432828,156539.83544146415,0.0,0.0,0.024669441162432828,0.012293513725101235,0.00015113047970925244,0.05,1.0,-1197435.1022665678,0.0,-0.0,-1884569.6482420904,0.0,-0.0,-7439999.999999999,-60000.0,60000.0,0.0,0.0,-0.0,0.0,0.0,-0.0,15164465.849950057,130691.24870000407,-130691.24870000407,-3209899.5283965655,-66829.4984399993,66829.4984399993,0.5,0.862293541431427,0.5,0.5,8622935.0,284.70831298828125,473.1572265625,313.16363525390625,-150000000.0,0.0,0.0,-92431832.0,0.0,0.0,-0.0,-0.0,242431824.0,-0.0,0.0,0.85,1.0,-1.0,1.0,True,True,False,,0,0
11941200.0,124,0.044412263218216,False,False,ok,,,True,1.0,0.0,1,0.0,1.0,0.0,0.0,1439513.859420545,6952.288375762524,0.044412263218216,-6952.288375762524,-0.044412263218216,156539.83544146415,0.0,0.0,0.044412263218216,0.009213597222937464,8.489037378652095e-05,0.05,1.0,-1197435.1022665678,0.0,-0.0,-1885423.5563462065,-853.9081041160971,853.9081041160971,-7499999.999999999,-60000.0,60000.0,0.0,0.0,-0.0,0.0,0.0,-0.0,15285681.76480005,121215.91484999284,-121215.91484999284,-3263309.2467666874,-53409.718370121904,53409.718370121904,0.5,0.8592135906219482,0.5,0.5,8592136.0,283.69140625,473.1572265625,313.16363525390625,-150000000.0,0.0,0.0,-106626768.0,0.0,0.0,-7596965.5,-7596965.5,264223728.0,-0.0,0.0,0.85,1.0,-1.0,1.0,True,True,False,,0,0
11944800.0,125,0.07612886090463589,False,False,ok,,,True,1.0,0.0,1,0.0,1.0,0.0,0.0,1451431.0587789027,11917.199358357815,0.07612886090463589,-11917.199358357815,-0.07612886090463589,156539.83544146415,0.0,0.0,0.07612886090463589,0.009044105539194547,8.179584500408949e-05,0.05,1.0,-1197435.1022665678,0.0,-0.0,-1891380.3941521763,-5956.837805969873,5956.837805969873,-7559999.999999999,-60000.0,60000.0,0.0,0.0,-0.0,0.0,0.0,-0.0,15417793.632650044,132111.86784999445,-132111.86784999445,-3317547.0774523597,-54237.83068567235,54237.83068567235,0.5,0.8590441346168518,0.5,0.5,8590441.0,283.63543701171875,473.1572265625,313.16363525390625,-150000000.0,0.0,0.0,-69387184.0,0.0,0.0,-43298732.0,-43298732.0,262685920.0,-0.0,0.0,0.85,1.0,-1.0,1.0,True,True,False,,0,0
11948400.0,126,0.1777957684091751,False,False,ok,,,True,1.0,0.0,1,0.0,1.0,0.0,0.0,1479263.1791078637,27832.12032896094,0.1777957684091751,-27832.12032896094,-0.1777957684091751,156539.83544146415,0.0,0.0,0.1777957684091751,0.013692886689935624,0.00018749514590341617,0.05,1.0,-1199277.0991973304,-1841.9969307626598,1841.9969307626598,-1907655.3940990043,-16274.999946828,16274.999946828,-7619999.999999999,-60000.0,60000.0,0.0,0.0,-0.0,0.0,0.0,-0.0,15549136.591100045,131342.95845000073,-131342.95845000073,-3342940.918695808,-25393.8412434482,25393.8412434482,0.5,0.8636928796768188,0.5,0.5,8636929.0,285.17034912109375,473.1572265625,313.16363525390625,-150000000.0,0.0,0.0,5777574.0,-17054330.0,-17054330.0,-91110080.0,-91110080.0,252386832.0,-0.0,0.0,0.85,1.0,-1.0,1.0,True,True,False,,0,0
11952000.0,127,0.19371973008231713,False,False,ok,,,True,1.0,0.0,1,0.0,1.0,0.0,0.0,1509588.0337767145,30324.854668850778,0.19371973008231713,-30324.854668850778,-0.19371973008231713,156539.83544146415,0.0,0.0,0.19371973008231713,0.020861715780739143,0.0004352111853163406,0.05,1.0,-1211286.2027858198,-12009.10358848935,12009.10358848935,-1936075.309226527,-28419.915127522778,28419.915127522778,-7679999.999999999,-60000.0,60000.0,0.0,0.0,-0.0,0.0,0.0,-0.0,15675330.009700045,126193.41860000044,-126193.41860000044,-3338380.4639109457,4560.4547848622315,-4560.4547848622315,0.5,0.8708617091178894,0.5,0.5,8708617.0,287.53729248046875,473.1572265625,313.16363525390625,-150000000.0,0.0,0.0,105957736.0,-60631616.0,-60631616.0,-140665280.0,-140665280.0,245339168.0,-0.0,0.0,0.85,1.0,-1.0,1.0,True,True,False,,0,0
11955600.0,128,0.08414654637006769,False,False,ok,,,True,1.0,0.0,1,0.0,1.0,0.0,0.0,1522760.3202984524,13172.28652173793,0.08414654637006769,-13172.28652173793,-0.08414654637006769,156539.83544146415,0.0,0.0,0.08414654637006769,0.028092966484568827,0.0007892147659031073,0.05,1.0,-1236982.4250751182,-25696.22228929843,25696.22228929843,-1972090.199803037,-36014.89057650999,36014.89057650999,-7739999.999999999,-60000.0,60000.0,0.0,0.0,-0.0,0.0,0.0,-0.0,15797999.59140005,122669.58170000464,-122669.58170000464,-3326166.646223399,12213.817687546834,-12213.817687546834,0.5,0.8780929446220398,0.5,0.5,8780930.0,289.92486572265625,473.1572265625,313.16363525390625,-150000000.0,0.0,0.0,164717792.0,-90343320.0,-90343320.0,-148175616.0,-148175616.0,223801152.0,-0.0,0.0,0.85,1.0,-1.0,1.0,True,True,False,,0,0
11959200.0,129,-0.04605038626092669,False,False,ok,,,True,1.0,0.0,1,0.0,1.0,0.0,0.0,1515551.600411151,-7208.719887301326,-0.04605038626092669,7208.719887301326,0.04605038626092669,156539.83544146415,0.0,0.0,-0.04605038626092669,0.03322313849341296,0.001103776931352498,0.05,1.0,-1275024.4798201725,-38042.05474505434,38042.05474505434,-2013017.3361377607,-40927.13633472356,40927.13633472356,-7799999.999999999,-60000.0,60000.0,0.0,0.0,-0.0,0.0,0.0,-0.0,15909900.164100047,111900.57269999757,-111900.57269999757,-3306306.7477309224,19859.898492476437,-19859.898492476437,0.5,0.8832231163978577,0.5,0.5,8832231.0,291.61871337890625,473.1572265625,313.16363525390625,-150000000.0,0.0,0.0,227494064.0,-132984792.0,-132984792.0,-182629616.0,-182629616.0,238120352.0,-0.0,0.0,0.85,1.0,-1.0,1.0,True,True,False,,0,0
11962800.0,130,-0.114361474235483,False,False,ok,,,True,1.0,0.0,1,0.0,1.0,0.0,0.0,1497649.4740534853,-17902.12635766575,-0.114361474235483,17902.12635766575,0.114361474235483,156539.83544146415,0.0,0.0,-0.114361474235483,0.035440624480168936,0.0012560378635443497,0.05,1.0,-1335471.5748934634,-60447.09507329087,60447.09507329087,-2054640.282065666,-41622.945927905384,41622.945927905384,-7859999.999999999,-60000.0,60000.0,0.0,0.0,-0.0,0.0,0.0,-0.0,16028960.33620004,119060.17209999263,-119060.17209999263,-3281199.0051873913,25107.742543531116,-25107.742543531116,0.5,0.8854406476020813,0.5,0.5,8854406.0,292.35089111328125,473.1572265625,313.16363525390625,-150000000.0,0.0,0.0,291890496.0,-227097200.0,-227097200.0,-146347856.0,-146347856.0,231554560.0,-0.0,0.0,0.85,1.0,-1.0,1.0,True,True,False,,0,0
11966400.0,131,-0.26012687689378833,False,False,ok,,,True,1.0,0.0,1,0.0,1.0,0.0,0.0,1456929.2555506297,-40720.21850285563,-0.26012687689378833,40720.21850285563,0.26012687689378833,156539.83544146415,0.0,0.0,-0.26012687689378833,0.03532930911043497,0.0012481600822206633,0.05,1.0,-1430587.4373477942,-95115.86245433078,95115.86245433078,-2088643.8485152696,-34003.56644960353,34003.56644960353,-7919999.999999999,-60000.0,60000.0,0.0,0.0,-0.0,0.0,0.0,-0.0,16144737.615100037,115777.27889999747,-115777.27889999747,-3248577.073686313,32621.93150107842,-32621.93150107842,0.5,0.8853293061256409,0.5,0.5,8853293.0,292.3141174316406,473.1572265625,313.16363525390625,-150000000.0,0.0,0.0,310172096.0,-300000000.0,-300000000.0,-123181120.0,-123181120.0,263009024.0,-0.0,0.0,0.85,1.0,-1.0,1.0,True,True,False,,0,0
11970000.0,132,-0.20754383969591095,False,False,ok,,,True,1.0,0.0,1,0.0,1.0,0.0,0.0,1424440.3770377422,-32488.878512887517,-0.20754383969591095,32488.878512887517,0.20754383969591095,156539.83544146415,0.0,0.0,-0.20754383969591095,0.03401799169905073,0.0011572237592366846,0.05,1.0,-1535587.4373477942,-105000.0,105000.0,-2118131.3295034156,-29487.48098814604,29487.48098814604,-7979999.999999999,-60000.0,60000.0,0.0,0.0,-0.0,0.0,0.0,-0.0,16276242.127700042,131504.51260000467,-131504.51260000467,-3218082.983811055,30494.08987525804,-30494.08987525804,0.5,0.8840180039405823,0.5,0.5,8840180.0,291.88116455078125,473.1572265625,313.16363525390625,-150000000.0,0.0,0.0,309797088.0,-300000000.0,-300000000.0,-111516592.0,-111516592.0,251719504.0,-0.0,0.0,0.85,1.0,-1.0,1.0,True,True,False,,0,0
11973600.0,133,-0.2269280038315674,False,False,ok,,,True,1.0,0.0,1,0.0,1.0,0.0,0.0,1388917.1046608887,-35523.27237685351,-0.2269280038315674,35523.27237685351,0.2269280038315674,156539.83544146415,0.0,0.0,-0.2269280038315674,0.03219317014343981,0.0010364002038844643,0.05,1.0,-1640587.4373477942,-105000.0,105000.0,-2145149.785331505,-27018.455828089267,27018.455828089267,-8039999.999999999,-60000.0,60000.0,0.0,0.0,-0.0,0.0,0.0,-0.0,16402101.87910004,125859.75139999762,-125859.75139999762,-3187447.551759819,30635.43205123581,-30635.43205123581,0.5,0.8821931481361389,0.5,0.5,8821932.0,291.2786560058594,473.1572265625,313.16363525390625,-150000000.0,0.0,0.0,297266944.0,-300000000.0,-300000000.0,-103839800.0,-103839800.0,256572848.0,-0.0,0.0,0.85,1.0,-1.0,1.0,True,True,False,,0,0
11977200.0,134,-0.19851548396196975,False,False,ok,,,True,1.0,0.0,1,0.0,1.0,0.0,0.0,1357841.5234688993,-31075.58119198936,-0.19851548396196975,31075.58119198936,0.19851548396196975,156539.83544146415,0.0,0.0,-0.19851548396196975,0.028322737830955957,0.0008021774782410638,0.05,1.0,-1745587.4373477942,-105000.0,105000.0,-2167990.991118155,-22841.20578665007,22841.20578665007,-8099999.999999999,-60000.0,60000.0,0.0,0.0,-0.0,0.0,0.0,-0.0,16530388.306950036,128286.42784999683,-128286.42784999683,-3158968.35501516,28479.196744658984,-28479.196744658984,0.5,0.8783227205276489,0.5,0.5,8783227.0,290.000732421875,473.1572265625,313.16363525390625,-150000000.0,0.0,0.0,298006784.0,-300000000.0,-300000000.0,-75824536.0,-75824536.0,227817760.0,-0.0,0.0,0.85,1.0,-1.0,1.0,True,True,False,,0,0
11980800.0,135,-0.24224854724885223,False,False,ok,,,True,1.0,0.0,1,0.0,1.0,0.0,0.0,1319919.9757466302,-37921.54772226908,-0.24224854724885223,37921.54772226908,0.24224854724885223,156539.83544146415,0.0,0.0,-0.24224854724885223,0.022728611717719227,0.0005165897906148438,0.05,1.0,-1850587.4373477942,-105000.0,105000.0,-2183072.0801219363,-15081.089003781322,15081.089003781322,-8159999.999999999,-60000.0,60000.0,0.0,0.0,-0.0,0.0,0.0,-0.0,16644297.189050041,113908.8821000047,-113908.8821000047,-3130717.695833647,28250.659181512892,-28250.659181512892,0.5,0.8727285861968994,0.5,0.5,8727286.0,288.1536865234375,473.1572265625,313.16363525390625,-150000000.0,0.0,0.0,223705680.0,-300000000.0,-300000000.0,-41188024.0,-41188024.0,267482352.0,-0.0,0.0,0.85,1.0,-1.0,1.0,True,True,False,,0,0
11984400.0,136,-0.062257067145004306,False,False,ok,,,True,1.0,0.0,1,0.0,1.0,0.0,0.0,1310174.264700683,-9745.711045947159,-0.062257067145004306,9745.711045947159,0.062257067145004306,156539.83544146415,0.0,0.0,-0.062257067145004306,0.017754835368823496,0.00031523417897402577,0.05,1.0,-1945297.0017346716,-94709.56438687746,94709.56438687746,-2189887.0150522324,-6814.934930296149,6814.934930296149,-8219999.999999999,-60000.0,60000.0,0.0,0.0,-0.0,0.0,0.0,-0.0,16778038.362500038,133741.17344999686,-133741.17344999686,-3112680.0810124204,18037.6148212268,-18037.6148212268,0.5,0.8677548170089722,0.5,0.5,8677548.0,286.5114440917969,473.1572265625,313.16363525390625,-150000000.0,0.0,0.0,129871032.0,-209768128.0,-209768128.0,-10124049.0,-10124049.0,240021152.0,-0.0,0.0,0.85,1.0,-1.0,1.0,True,True,False,,0,0
11988000.0,137,0.04884216958884919,False,False,ok,,,True,1.0,0.0,1,0.0,1.0,0.0,0.0,1317820.0098907256,7645.745190042537,0.04884216958884919,-7645.745190042537,-0.04884216958884919,156539.83544146415,0.0,0.0,0.04884216958884919,0.013652890497254044,0.0001864014189300098,0.05,1.0,-2004641.6023771174,-59344.60064244573,59344.60064244573,-2191509.8707706784,-1622.8557184459642,1622.8557184459642,-8279999.999999999,-60000.0,60000.0,0.0,0.0,-0.0,0.0,0.0,-0.0,16898048.93635005,120010.57385001332,-120010.57385001332,-3104077.453311486,8602.627700934187,-8602.627700934187,0.5,0.8636528849601746,0.5,0.5,8636529.0,285.1570739746094,473.1572265625,313.16363525390625,-150000000.0,0.0,0.0,26889810.0,-125425928.0,-125425928.0,-2033215.75,-2033215.75,250569328.0,-0.0,0.0,0.85,1.0,-1.0,1.0,True,True,False,,0,0
11991600.0,138,0.15982222327892087,False,False,ok,,,True,1.0,0.0,1,0.0,1.0,0.0,0.0,1342838.5544226968,25018.544531971216,0.15982222327892087,-25018.544531971216,-0.15982222327892087,156539.83544146415,0.0,0.0,0.15982222327892087,0.01040289384289328,0.0001082202003065069,0.05,1.0,-2035952.92236138,-31311.319984262576,31311.319984262576,-2191789.6285359096,-279.7577652311884,279.7577652311884,-8339999.999999999,-60000.0,60000.0,0.0,0.0,-0.0,0.0,0.0,-0.0,17023333.603250053,125284.66690000147,-125284.66690000147,-3112752.4979300215,-8675.044618535321,8675.044618535321,0.5,0.8604028820991516,0.5,0.5,8604029.0,284.0840148925781,473.1572265625,313.16363525390625,-150000000.0,0.0,0.0,-57466896.0,-52457564.0,-52457564.0,-0.0,-0.0,259924464.0,-0.0,0.0,0.85,1.0,-1.0,1.0,True,True,False,,0,0
11995200.0,139,0.08109676299806813,False,False,ok,,,True,1.0,0.0,1,0.0,1.0,0.0,0.0,1355533.4283572498,12694.873934553005,0.08109676299806813,-12694.873934553005,-0.08109676299806813,156539.83544146415,0.0,0.0,0.08109676299806813,0.008096656692915483,6.555584960293308e-05,0.05,1.0,-2048115.1704937539,-12162.248132373905,12162.248132373905,-2191789.6285359096,0.0,-0.0,-8399999.999999998,-59999.99999999907,59999.99999999907,0.0,0.0,-0.0,0.0,0.0,-0.0,17153295.83405007,129962.23080001771,-129962.23080001771,-3157857.6066630944,-45105.10873307288,45105.10873307288,0.5,0.8580966591835022,0.5,0.5,8580967.0,283.3225402832031,473.1572265625,313.16363525390625,-150000000.0,0.0,0.0,-87438784.0,-16879704.0,-16879704.0,-0.0,-0.0,254318496.0,-0.0,0.0,0.85,1.0,-1.0,1.0,True,True,False,,0,0
11998800.0,140,0.047934182176892694,False,False,ok,,,True,1.0,0.0,1,0.0,1.0,0.0,0.0,1363037.0373472418,7503.608989991946,0.047934182176892694,-7503.608989991946,-0.047934182176892694,156539.83544146415,0.0,0.0,0.047934182176892694,0.006337636749282338,4.0165639565854005e-05,0.05,1.0,-2052224.8118197434,-4109.641325989505,4109.641325989505,-2191789.6285359096,0.0,-0.0,-8459999.999999998,-60000.0,60000.0,0.0,0.0,-0.0,0.0,0.0,-0.0,17280455.079550076,127159.24550000578,-127159.24550000578,-3213403.6018471126,-55545.99518401828,55545.99518401828,0.5,0.8563376665115356,0.5,0.5,8563376.0,282.74176025390625,473.1572265625,313.16363525390625,-150000000.0,0.0,0.0,-63821776.0,-6180641.5,-6180641.5,-0.0,-0.0,220002416.0,-0.0,0.0,0.85,1.0,-1.0,1.0,True,True,False,,0,0
12002400.0,141,0.057228112868241775,False,False,ok,,,True,1.0,0.0,1,0.0,1.0,0.0,0.0,1371995.5167182619,8958.479371020105,0.057228112868241775,-8958.479371020105,-0.057228112868241775,156539.83544146415,0.0,0.0,0.057228112868241775,0.004362887421833328,1.9034786655591464e-05,0.05,1.0,-2053567.0213471714,-1342.209527428029,1342.209527428029,-2191789.6285359096,0.0,-0.0,-8519999.999999998,-60000.0,60000.0,0.0,0.0,-0.0,0.0,0.0,-0.0,17390456.28815007,110001.2085999921,-110001.2085999921,-3253104.1215486648,-39700.51970155211,39700.51970155211,0.5,0.8543629050254822,0.5,0.5,8543629.0,282.0897521972656,473.1572265625,313.16363525390625,-150000000.0,0.0,0.0,-93912184.0,-1220702.125,-1220702.125,-0.0,-0.0,245132880.0,-0.0,0.0,0.85,1.0,-1.0,1.0,True,True,False,,0,0
12006000.0,142,0.03538907962652683,False,False,ok,,,True,1.0,0.0,1,0.0,1.0,0.0,0.0,1377535.3174194233,5539.800701161381,0.03538907962652683,-5539.800701161381,-0.03538907962652683,156539.83544146415,0.0,0.0,0.03538907962652683,0.0012920994848186762,1.6695210786686885e-06,0.05,1.0,-2053641.3459067973,-74.32455962593667,74.32455962593667,-2191789.6285359096,0.0,-0.0,-8579999.999999998,-60000.0,60000.0,0.0,0.0,-0.0,0.0,0.0,-0.0,17513022.72950005,122566.44134998322,-122566.44134998322,-3310056.437637877,-56952.31608921243,56952.31608921243,0.5,0.851292073726654,0.5,0.5,8512921.0,281.0758361816406,473.1572265625,313.16363525390625,-150000000.0,0.0,0.0,-119281000.0,0.0,0.0,-0.0,-0.0,269280992.0,-0.0,0.0,0.85,1.0,-1.0,1.0,True,True,False,,0,0
12009600.0,143,0.019623759098356067,False,False,ok,,,True,1.0,0.0,1,0.0,1.0,0.0,0.0,1380607.2174394228,3071.9000199995935,0.019623759098356067,-3071.9000199995935,-0.019623759098356067,156539.83544146415,0.0,0.0,0.019623759098356067,0.002825417798375862,7.982985735379104e-06,0.05,1.0,-2053641.3459067973,0.0,-0.0,-2191789.6285359096,0.0,-0.0,-8639999.999999998,-60000.0,60000.0,0.0,0.0,-0.0,0.0,0.0,-0.0,17647663.229400035,134640.4998999834,-134640.4998999834,-3381625.037517875,-71568.59987999778,71568.59987999778,0.5,0.8471745848655701,0.5,0.5,8471746.0,279.7163391113281,473.1572265625,313.16363525390625,-150000000.0,0.0,0.0,-70350184.0,0.0,0.0,-0.0,-0.0,220350192.0,-0.0,0.0,0.85,1.0,-1.0,1.0,True,True,False,,0,0
12013200.0,144,0.05088149848591599,False,False,ok,,,True,1.0,0.0,1,0.0,1.0,0.0,0.0,1388572.1988394232,7964.981400000397,0.05088149848591599,-7964.981400000397,-0.05088149848591599,156539.83544146415,0.0,0.0,0.05088149848591599,0.007050899176742842,4.971517920059289e-05,0.05,1.0,-2053641.3459067973,0.0,-0.0,-2191789.6285359096,0.0,-0.0,-8699999.999999998,-60000.0,60000.0,0.0,0.0,-0.0,0.0,0.0,-0.0,17757838.322400045,110175.09300000966,-110175.09300000966,-3423835.1491178772,-42210.111600002274,42210.111600002274,0.5,0.8429490923881531,0.5,0.5,8429491.0,278.3211975097656,473.1572265625,313.16363525390625,-150000000.0,0.0,0.0,-72046464.0,0.0,0.0,-0.0,-0.0,222046464.0,-0.0,0.0,0.85,1.0,-1.0,1.0,True,True,False,,0,0
12016800.0,145,0.04979788919552205,False,False,ok,,,True,1.0,0.0,1,0.0,1.0,0.0,0.0,1396367.5522194225,7795.353379999287,0.04979788919552205,-7795.353379999287,-0.04979788919552205,156539.83544146415,0.0,0.0,0.04979788919552205,0.010745949631278395,0.00011547543347797228,0.05,1.0,-2053641.3459067973,0.0,-0.0,-2191789.6285359096,0.0,-0.0,-8759999.999999998,-60000.0,60000.0,0.0,0.0,-0.0,0.0,0.0,-0.0,17868861.555500034,111023.2330999896,-111023.2330999896,-3467063.028837877,-43227.87971999962,43227.87971999962,0.5,0.8392540216445923,0.5,0.5,8392541.0,277.1011657714844,473.1572265625,313.16363525390625,-150000000.0,0.0,0.0,-75171144.0,0.0,0.0,-0.0,-0.0,225171152.0,-0.0,0.0,0.85,1.0,-1.0,1.0,True,True,False,,0,0
12020400.0,146,0.04780179702435585,False,False,ok,,,True,1.0,0.0,1,0.0,1.0,0.0,0.0,1403850.4376594215,7482.885439998936,0.04780179702435585,-7482.885439998936,-0.04780179702435585,156539.83544146415,0.0,0.0,0.04780179702435585,0.01386439971626574,0.00019222157949238955,0.05,1.0,-2053641.3459067973,0.0,-0.0,-2191789.6285359096,0.0,-0.0,-8819999.999999998,-60000.0,60000.0,0.0,0.0,-0.0,0.0,0.0,-0.0,17981447.128300037,112585.57280000299,-112585.57280000299,-3512165.7161978786,-45102.68736000173,45102.68736000173,0.5,0.8361356258392334,0.5,0.5,8361356.0,276.071533203125,473.1572265625,313.16363525390625,-150000000.0,0.0,0.0,-100170328.0,0.0,0.0,-0.0,-0.0,250170320.0,-0.0,0.0,0.85,1.0,-1.0,1.0,True,True,False,,0,0
12024000.0,147,0.031831943581307934,False,False,ok,,,True,1.0,0.0,1,0.0,1.0,0.0,0.0,1408833.4048694214,4982.967209999915,0.031831943581307934,-4982.967209999915,-0.031831943581307934,156539.83544146415,0.0,0.0,0.031831943581307934,0.016452356134991852,0.000270680022392604,0.05,1.0,-2053641.3459067973,0.0,-0.0,-2191789.6285359096,0.0,-0.0,-8879999.999999998,-60000.0,60000.0,0.0,0.0,-0.0,0.0,0.0,-0.0,18106532.292250026,125085.16394998878,-125085.16394998878,-3572267.912937879,-60102.19674000051,60102.19674000051,0.5,0.8335476517677307,0.5,0.5,8335476.5,275.217041015625,473.1572265625,313.16363525390625,-150000000.0,0.0,0.0,-72309512.0,0.0,0.0,-0.0,-0.0,222309520.0,-0.0,0.0,0.85,1.0,-1.0,1.0,True,True,False,,0,0
12027600.0,148,0.054992010819614315,False,False,ok,,,True,1.0,0.0,1,0.0,1.0,0.0,0.0,1417441.845193719,8608.44032429764,0.054992010819614315,-8608.44032429764,-0.054992010819614315,156539.83544146415,0.0,0.0,0.054992010819614315,0.0180337003863974,0.00032521434962634973,0.05,1.0,-2053641.3459067973,0.0,-0.0,-2192389.1940746945,-599.5655387849547,599.5655387849547,-8939999.999999998,-60000.0,60000.0,0.0,0.0,-0.0,0.0,0.0,-0.0,18217687.049400028,111154.75715000182,-111154.75715000182,-3614214.6642247974,-41946.7512869183,41946.7512869183,0.5,0.8319662809371948,0.5,0.5,8319663.0,274.6949157714844,473.1572265625,313.16363525390625,-150000000.0,0.0,0.0,-85769600.0,0.0,0.0,-5323994.0,-5323994.0,241093600.0,-0.0,0.0,0.85,1.0,-1.0,1.0,True,True,False,,0,0
12031200.0,149,0.07119576593345762,False,False,ok,,,True,1.0,0.0,1,0.0,1.0,0.0,0.0,1428586.8186770715,11144.973483352456,0.07119576593345762,-11144.973483352456,-0.07119576593345762,156539.83544146415,0.0,0.0,0.07119576593345762,0.01692566017509245,0.0002864779723627106,0.05,1.0,-2054240.2513333263,-598.9054265290033,598.9054265290033,-2195836.725226819,-3447.5311521245167,3447.5311521245167,-8999999.999999998,-60000.0,60000.0,0.0,0.0,-0.0,0.0,0.0,-0.0,18338233.848000024,120546.79859999567,-120546.79859999567,-3659570.052762792,-45355.388537994586,45355.388537994586,0.5,0.8330743312835693,0.5,0.5,8330743.5,275.060791015625,473.1572265625,313.16363525390625,-150000000.0,0.0,0.0,-55041820.0,-8727546.0,-8727546.0,-24023788.0,-24023788.0,237793152.0,-0.0,0.0,0.85,1.0,-1.0,1.0,True,True,False,,0,0
12034800.0,150,0.132232242581194,False,False,ok,,,True,1.0,0.0,1,0.0,1.0,0.0,0.0,1449286.4321707874,20699.61349371588,0.132232242581194,-20699.61349371588,-0.132232242581194,156539.83544146415,0.0,0.0,0.132232242581194,0.012421578073513517,0.00015429560183639177,0.05,1.0,-2056029.2374740639,-1788.9861407375429,1788.9861407375429,-2205266.0693484847,-9429.344121665694,9429.344121665694,-9059999.999999998,-60000.0,60000.0,0.0,0.0,-0.0,0.0,0.0,-0.0,18457130.42560004,118896.57760001719,-118896.57760001719,-3686548.686606673,-26978.633843881078,26978.633843881078,0.5,0.8375784158706665,0.5,0.5,8375784.0,276.54791259765625,473.1572265625,313.16363525390625,-150000000.0,0.0,0.0,-49486708.0,-1220702.125,-1220702.125,-54176112.0,-54176112.0,254883520.0,-0.0,0.0,0.85,1.0,-1.0,1.0,True,True,False,,0,0
12038400.0,151,0.17304376944829405,False,False,ok,,,True,1.0,0.0,1,0.0,1.0,0.0,0.0,1476374.675364394,27088.243193606613,0.17304376944829405,-27088.243193606613,-0.17304376944829405,156539.83544146415,0.0,0.0,0.17304376944829405,0.005945932751441951,3.535411628467005e-05,0.05,1.0,-2056131.2029698768,-101.96549581293948,101.96549581293948,-2221340.1857674834,-16074.116418998688,16074.116418998688,-9119999.999999998,-60000.0,60000.0,0.0,0.0,-0.0,0.0,0.0,-0.0,18584572.187050026,127441.7614499852,-127441.7614499852,-3710726.1229482545,-24177.4363415814,24177.4363415814,0.5,0.8440540432929993,0.5,0.5,8440541.0,278.6860046386719,473.1572265625,313.16363525390625,-150000000.0,0.0,0.0,-11679675.0,0.0,0.0,-76469208.0,-76469208.0,238148880.0,-0.0,0.0,0.85,1.0,-1.0,1.0,True,True,False,,0,0
12042000.0,152,0.22654171766887735,False,False,ok,,,True,1.0,0.0,1,0.0,1.0,0.0,0.0,1511837.4785689067,35462.80320451269,0.22654171766887735,-35462.80320451269,-0.22654171766887735,156539.83544146415,0.0,0.0,0.22654171766887735,0.0009180329511966345,8.427844994828023e-07,0.05,1.0,-2056131.2029698768,0.0,-0.0,-2242977.233151122,-21637.047383638564,21637.047383638564,-9179999.999999998,-60000.0,60000.0,0.0,0.0,-0.0,0.0,0.0,-0.0,18703646.63020004,119074.44315001369,-119074.44315001369,-3712700.7155101034,-1974.5925618489273,1974.5925618489273,0.5,0.8509180545806885,0.5,0.5,8509180.0,280.9523010253906,473.1572265625,313.16363525390625,-150000000.0,0.0,0.0,12462784.0,0.0,-0.0,-98690536.0,-98690536.0,236227760.0,-0.0,0.0,0.85,1.0,-1.0,1.0,True,True,False,,0,0
12045600.0,153,0.22462426669378263,False,False,ok,,,True,1.0,0.0,1,0.0,1.0,0.0,0.0,1547000.124313311,35162.64574440429,0.22462426669378263,-35162.64574440429,-0.22462426669378263,156539.83544146415,0.0,0.0,0.22462426669378263,0.007083038607122449,5.016943590998713e-05,0.05,1.0,-2056131.2029698768,0.0,-0.0,-2266857.9918437805,-23880.758692658506,23880.758692658506,-9239999.999999998,-60000.0,60000.0,0.0,0.0,-0.0,0.0,0.0,-0.0,18821760.506400023,118113.87619998306,-118113.87619998306,-3711771.18727304,929.5282370634377,-929.5282370634377,0.5,0.8570830225944519,0.5,0.5,8570830.0,282.9878234863281,473.1572265625,313.16363525390625,-150000000.0,0.0,0.0,-12204303.0,0.0,0.0,-91669488.0,-91669488.0,253873792.0,-0.0,0.0,0.85,1.0,-1.0,1.0,True,True,False,,0,0
12049200.0,154,0.24412040080331077,False,False,ok,,,True,1.0,0.0,1,0.0,1.0,0.0,0.0,1585214.6916829655,38214.56736965454,0.24412040080331077,-38214.56736965454,-0.24412040080331077,156539.83544146415,0.0,0.0,0.24412040080331077,0.012113948458479906,0.0001467477472547077,0.05,1.0,-2056131.2029698768,0.0,-0.0,-2295700.419548362,-28842.427704581525,28842.427704581525,-9299999.999999998,-60000.0,60000.0,0.0,0.0,-0.0,0.0,0.0,-0.0,18948697.400000025,126936.89360000193,-126936.89360000193,-3711651.0857988033,120.10147423669696,-120.10147423669696,0.5,0.8621139526367188,0.5,0.5,8621139.0,284.6488952636719,473.1572265625,313.16363525390625,-150000000.0,0.0,0.0,44575600.0,0.0,0.0,-143738224.0,-143738224.0,249162624.0,-0.0,0.0,0.85,1.0,-1.0,1.0,True,True,False,,0,0
12052800.0,155,0.21746288020206914,False,False,ok,,,True,1.0,0.0,1,0.0,1.0,0.0,0.0,1619256.2951644242,34041.60348145873,0.21746288020206914,-34041.60348145873,-0.21746288020206914,156539.83544146415,0.0,0.0,0.21746288020206914,0.016106494485091494,0.0002594191645982827,0.05,1.0,-2056131.2029698768,0.0,-0.0,-2330072.8260792643,-34372.406530902255,34372.406530902255,-9359999.999999998,-60000.0,60000.0,0.0,0.0,-0.0,0.0,0.0,-0.0,19073278.70925002,124581.30924999714,-124581.30924999714,-3707818.3850364424,3832.7007623608224,-3832.7007623608224,0.5,0.8661065101623535,0.5,0.5,8661065.0,285.9671325683594,473.1572265625,313.16363525390625,-150000000.0,0.0,0.0,47845552.0,0.0,0.0,-129868296.0,-129868296.0,232022736.0,-0.0,0.0,0.85,1.0,-1.0,1.0,True,True,False,,0,0
12056400.0,156,0.19700957046914394,False,False,ok,,,True,1.0,0.0,1,0.0,1.0,0.0,0.0,1650096.1409060576,30839.845741633326,0.19700957046914394,-30839.845741633326,-0.19700957046914394,156539.83544146415,0.0,0.0,0.19700957046914394,0.019059597668537487,0.0003632682632865196,0.05,1.0,-2056131.2029698768,0.0,-0.0,-2358354.909776542,-28282.083697277587,28282.083697277587,-9419999.999999998,-60000.0,60000.0,0.0,0.0,-0.0,0.0,0.0,-0.0,19189290.07920001,116011.36994998902,-116011.36994998902,-3704707.825547531,3110.5594889116473,-3110.5594889116473,0.5,0.8690596222877502,0.5,0.5,8690596.0,286.94219970703125,473.1572265625,313.16363525390625,-150000000.0,0.0,0.0,3719317.0,0.0,0.0,-92462648.0,-92462648.0,238743328.0,-0.0,0.0,0.85,1.0,-1.0,1.0,True,True,False,,0,0
12060000.0,157,0.21140722850080268,False,False,ok,,,True,1.0,0.0,1,0.0,1.0,0.0,0.0,1683189.7936667092,33093.65276065166,0.21140722850080268,-33093.65276065166,-0.21140722850080268,156539.83544146415,0.0,0.0,0.21140722850080268,0.02103382006571597,0.00044242158655691575,0.05,1.0,-2056131.2029698768,0.0,-0.0,-2377766.6912243483,-19411.781447806396,19411.781447806396,-9479999.999999998,-60000.0,60000.0,0.0,0.0,-0.0,0.0,0.0,-0.0,19308661.743349995,119371.66414998472,-119371.66414998472,-3711574.0554890726,-6866.229941541795,6866.229941541795,0.5,0.8710338473320007,0.5,0.5,8710338.0,287.5940246582031,473.1572265625,313.16363525390625,-150000000.0,0.0,0.0,-20859764.0,0.0,0.0,-59376968.0,-59376968.0,230236736.0,-0.0,0.0,0.85,1.0,-1.0,1.0,True,True,False,,0,0
12063600.0,158,0.1653231761182414,False,False,ok,,,True,1.0,0.0,1,0.0,1.0,0.0,0.0,1709069.456450919,25879.662784209708,0.1653231761182414,-25879.662784209708,-0.1653231761182414,156539.83544146415,0.0,0.0,0.1653231761182414,0.02195857183107497,0.00048217887686047913,0.05,1.0,-2056131.2029698768,0.0,-0.0,-2391269.0739702135,-13502.382745865267,13502.382745865267,-9539999.999999998,-60000.0,60000.0,0.0,0.0,-0.0,0.0,0.0,-0.0,19423780.108649995,115118.36529999971,-115118.36529999971,-3727310.375258998,-15736.319769925438,15736.319769925438,0.5,0.8719585537910461,0.5,0.5,8719586.0,287.89935302734375,473.1572265625,313.16363525390625,-150000000.0,0.0,0.0,-35517396.0,0.0,0.0,-47414708.0,-47414708.0,232932112.0,-0.0,0.0,0.85,1.0,-1.0,1.0,True,True,False,,0,0
12067200.0,159,0.1242442863793533,False,False,ok,,,True,1.0,0.0,1,0.0,1.0,0.0,0.0,1728518.636595285,19449.18014436611,0.1242442863793533,-19449.18014436611,-0.1242442863793533,156539.83544146415,0.0,0.0,0.1242442863793533,0.0215430669269826,0.0004641037326204516,0.05,1.0,-2056131.2029698768,0.0,-0.0,-2400370.7815161897,-9101.707545976155,9101.707545976155,-9599999.999999998,-60000.0,60000.0,0.0,0.0,-0.0,0.0,0.0,-0.0,19540246.160749983,116466.05209998786,-116466.05209998786,-3755225.539668657,-27915.16440965887,27915.16440965887,0.5,0.8715430498123169,0.5,0.5,8715431.0,287.7621765136719,473.1572265625,313.16363525390625,-150000000.0,0.0,0.0,-89541800.0,0.0,0.0,-22823922.0,-22823922.0,262365728.0,-0.0,0.0,0.85,1.0,-1.0,1.0,True,True,False,,0,0
12070800.0,160,0.05947529594607865,False,False,ok,,,True,1.0,0.0,1,0.0,1.0,0.0,0.0,1737828.8896355166,9310.253040231531,0.05947529594607865,-9310.253040231531,-0.05947529594607865,156539.83544146415,0.0,0.0,0.05947529594607865,0.020021662091768033,0.0004008669529169411,0.05,1.0,-2056131.2029698768,0.0,-0.0,-2404332.7997306404,-3962.0182144506834,3962.0182144506834,-9659999.999999998,-60000.0,60000.0,0.0,0.0,-0.0,0.0,0.0,-0.0,19671429.02305,131182.862300016,-131182.862300016,-3813136.1307139746,-57910.591045317706,57910.591045317706,0.5,0.870021641254425,0.5,0.5,8700217.0,287.25982666015625,473.1572265625,313.16363525390625,-150000000.0,0.0,0.0,-84088424.0,0.0,0.0,-7263625.5,-7263625.5,241352048.0,-0.0,0.0,0.85,1.0,-1.0,1.0,True,True,False,,0,0
12074400.0,161,0.04865143975886879,False,False,ok,,,True,1.0,0.0,1,0.0,1.0,0.0,0.0,1745444.7780093602,7615.888373843627,0.04865143975886879,-7615.888373843627,-0.04865143975886879,156539.83544146415,0.0,0.0,0.04865143975886879,0.01745582694164738,0.0003047058942167425,0.05,1.0,-2056131.2029698768,0.0,-0.0,-2405583.580504815,-1250.7807741747238,1250.7807741747238,-9719999.999999998,-60000.0,60000.0,0.0,0.0,-0.0,0.0,0.0,-0.0,19792105.046599995,120676.02354999632,-120676.02354999632,-3864945.485115958,-51809.35440198332,51809.35440198332,0.5,0.8674558401107788,0.5,0.5,8674558.0,286.41265869140625,473.1572265625,313.16363525390625,-150000000.0,0.0,0.0,-100626104.0,0.0,0.0,-2223046.5,-2223046.5,252849152.0,-0.0,0.0,0.85,1.0,-1.0,1.0,True,True,False,,0,0
12078000.0,162,0.032857944442872045,False,False,ok,,,True,1.0,0.0,1,0.0,1.0,0.0,0.0,1750588.3552253922,5143.577216031961,0.032857944442872045,-5143.577216031961,-0.032857944442872045,156539.83544146415,0.0,0.0,0.032857944442872045,0.014440723392815213,0.00020853449210780052,0.05,1.0,-2056131.2029698768,0.0,-0.0,-2405889.646244838,-306.0657400228083,306.0657400228083,-9779999.999999998,-60000.0,60000.0,0.0,0.0,-0.0,0.0,0.0,-0.0,19918529.620699998,126424.57410000265,-126424.57410000265,-3925920.4162599025,-60974.93114394462,60974.93114394462,0.5,0.8644407391548157,0.5,0.5,8644407.0,285.4171447753906,473.1572265625,313.16363525390625,-150000000.0,0.0,0.0,-96563584.0,0.0,0.0,-0.0,-0.0,246563584.0,-0.0,0.0,0.85,1.0,-1.0,1.0,True,True,False,,0,0
12081600.0,163,0.034135983629541095,False,False,ok,,,True,1.0,0.0,1,0.0,1.0,0.0,0.0,1755931.996485393,5343.641260000877,0.034135983629541095,-5343.641260000877,-0.034135983629541095,156539.83544146415,0.0,0.0,0.034135983629541095,0.011750186281473951,0.00013806687764933865,0.05,1.0,-2056131.2029698768,0.0,-0.0,-2405889.646244838,0.0,-0.0,-9839999.999999998,-60000.0,60000.0,0.0,0.0,-0.0,0.0,0.0,-0.0,20041811.414400008,123281.79370000958,-123281.79370000958,-3983858.568699902,-57938.152439999394,57938.152439999394,0.5,0.8617501854896545,0.5,0.5,8617502.0,284.5287780761719,473.1572265625,313.16363525390625,-150000000.0,0.0,0.0,-116850952.0,0.0,0.0,-0.0,-0.0,266850944.0,-0.0,0.0,0.85,1.0,-1.0,1.0,True,True,False,,0,0
12085200.0,164,0.021176110161676802,False,False,ok,,,True,1.0,0.0,1,0.0,1.0,0.0,0.0,1759246.9012853922,3314.9047999992035,0.021176110161676802,-3314.9047999992035,-0.021176110161676802,156539.83544146415,0.0,0.0,0.021176110161676802,0.009303666690180457,8.655821388197338e-05,0.05,1.0,-2056131.2029698768,0.0,-0.0,-2405889.646244838,0.0,-0.0,-9899999.999999998,-60000.0,60000.0,0.0,0.0,-0.0,0.0,0.0,-0.0,20175236.89040002,133425.47600001097,-133425.47600001097,-4053969.139899902,-70110.57120000012,70110.57120000012,0.5,0.8593036532402039,0.5,0.5,8593037.0,283.72100830078125,473.1572265625,313.16363525390625,-150000000.0,0.0,0.0,-86671120.0,0.0,0.0,-0.0,-0.0,236671120.0,-0.0,0.0,0.85,1.0,-1.0,1.0,True,True,False,,0,0
12088800.0,165,0.04045543987023759,False,False,ok,,,True,1.0,0.0,1,0.0,1.0,0.0,0.0,1765579.7891853913,6332.887899999041,0.04045543987023759,-6332.887899999041,-0.04045543987023759,156539.83544146415,0.0,0.0,0.04045543987023759,0.007067861369509987,4.9954664338611585e-05,0.05,1.0,-2056131.2029698768,0.0,-0.0,-2405889.646244838,0.0,-0.0,-9959999.999999998,-60000.0,60000.0,0.0,0.0,-0.0,0.0,0.0,-0.0,20293572.450900007,118335.5604999885,-118335.5604999885,-4105971.812499903,-52002.6726000011,52002.6726000011,0.5,0.857067883014679,0.5,0.5,8570679.0,282.9827880859375,473.1572265625,313.16363525390625,-150000000.0,0.0,0.0,-88045592.0,0.0,0.0,-0.0,-0.0,238045584.0,-0.0,0.0,0.85,1.0,-1.0,1.0,False,True,False,,0,0
12092400.0,166,0.03957740738980176,False,False,ok,,,True,1.0,0.0,1,0.0,1.0,0.0,0.0,1771775.2300253906,6195.440839999355,0.03957740738980176,-6195.440839999355,-0.03957740738980176,156539.83544146415,0.0,0.0,0.03957740738980176,0.004625185044637714,2.1392336697140374e-05,0.05,1.0,-2056131.2029698768,0.0,-0.0,-2405889.646244838,0.0,-0.0,-10019999.999999998,-60000.0,60000.0,0.0,0.0,-0.0,0.0,0.0,-0.0,20412595.246700015,119022.79580000788,-119022.79580000788,-4158799.1674599024,-52827.35495999921,52827.35495999921,0.5,0.8546251654624939,0.5,0.5,8546252.0,282.1763000488281,473.1572265625,313.16363525390625,-150000000.0,0.0,0.0,-107324680.0,0.0,0.0,-0.0,-0.0,257324672.0,-0.0,0.0,0.85,1.0,-1.0,1.0,False,True,False,,0,0
12096000.0,167,11.857284976240653,False,True,ok,,,True,1.0,0.0,1,0.0,1.0,0.0,0.0,1776042.7623253898,4267.532299999148,0.027261637831444703,-4267.532299999148,-0.027261637831444703,156539.83544146415,0.0,11.830023338409209,11.857284976240653,0.0018907799435742279,3.5750487950225605e-06,0.05,1.0,-2056131.2029698768,0.0,-0.0,-2405889.646244838,0.0,-0.0,-10079999.999999998,-60000.0,60000.0,0.0,0.0,-0.0,0.0,0.0,-0.0,20541257.5852,128662.33849998564,-128662.33849998564,-4223193.973659901,-64394.806199998595,64394.806199998595,0.5,0.8518908023834229,0.5,0.5,8518908.0,281.2734680175781,473.1572265625,313.16363525390625,-150000000.0,0.0,0.0,-113196472.0,0.0,0.0,-0.0,-0.0,263196480.0,-0.0,0.0,0.85,1.0,-1.0,1.0,False,True,False,,0,0
