time,step,reward,terminated,truncated,fmu_status,fmu_error,failure_type,transition_valid,requested_u_tp,requested_u_battery,requested_caes_mode,requested_caes_magnitude,decoded_u_tp,decoded_u_battery,decoded_u_caes,rt_economic_cashflow_total,rt_economic_cashflow_delta,rt_economic_reward,rt_raw_total_cost,rt_normalized_cost,rt_cost_reference,rt_cost_reference_missing,rt_terminal_soc_bonus,rt_reward,rt_terminal_soc_l1_error,rt_terminal_soc_l2_error,rt_terminal_soc_tolerance,rt_terminal_soc_satisfied,rt_economic_cashflow_wind,rt_economic_cashflow_delta_wind,rt_raw_wind_cost,rt_economic_cashflow_pv,rt_economic_cashflow_delta_pv,rt_raw_pv_cost,rt_economic_cashflow_thermal,rt_economic_cashflow_delta_thermal,rt_raw_thermal_cost,rt_economic_cashflow_battery,rt_economic_cashflow_delta_battery,rt_raw_battery_cost,rt_economic_cashflow_caes,rt_economic_cashflow_delta_caes,rt_raw_caes_cost,rt_economic_cashflow_load,rt_economic_cashflow_delta_load,rt_raw_load_cost,rt_economic_cashflow_grid,rt_economic_cashflow_delta_grid,rt_raw_grid_cost,obs_battery_soc,obs_caes_gas_soc,obs_caes_hot_soc,obs_caes_cold_soc,obs_caes_gas_pressure,obs_caes_gas_temperature,obs_caes_hot_temperature,obs_caes_cold_temperature,obs_p_thermal,obs_p_battery,obs_p_caes,obs_p_grid,obs_p_wind_available,obs_p_wind_actual,obs_p_pv_available,obs_p_pv_actual,obs_p_load_actual,obs_p_curtailment,obs_p_unserved,u_tp_dynamic_low,u_tp_dynamic_high,u_battery_dynamic_low,u_battery_dynamic_high,caes_discharge_allowed,caes_idle_allowed,caes_charge_allowed,caes_locked_mode,caes_locked_steps_completed,caes_locked_steps_remaining
15123600.0,0,0.03337339824886655,False,False,ok,,,True,1.0,0.0,1,0.0,1.0,0.0,0.0,5224.266270000017,5224.266270000017,0.03337339824886655,-5224.266270000017,-0.03337339824886655,156539.83544146415,0.0,0.0,0.03337339824886655,0.00682093750051016,4.652518838586579e-05,0.05,1.0,0.0,0.0,-0.0,0.0,0.0,-0.0,-59999.99999999999,-59999.99999999999,59999.99999999999,0.0,0.0,-0.0,0.0,0.0,-0.0,123878.66865000002,123878.66865000002,-123878.66865000002,-58654.402379999985,-58654.402379999985,58654.402379999985,0.5,0.8568209409713745,0.5,0.5,8568209.0,282.902099609375,473.1572265625,313.16363525390625,-150000000.0,0.0,0.0,-99564920.0,0.0,0.0,-0.0,-0.0,249564928.0,-0.0,0.0,0.85,1.0,-1.0,1.0,True,True,False,,0,0
15127200.0,1,0.03221868514028144,False,False,ok,,,True,1.0,0.0,1,0.0,1.0,0.0,0.0,10267.773940000021,5043.507670000004,0.03221868514028144,-5043.507670000004,-0.03221868514028144,156539.83544146415,0.0,0.0,0.03221868514028144,0.009966747139713017,9.933604854697761e-05,0.05,1.0,0.0,0.0,-0.0,0.0,0.0,-0.0,-119999.99999999999,-59999.99999999999,59999.99999999999,0.0,0.0,-0.0,0.0,0.0,-0.0,248661.13029999993,124782.46164999991,-124782.46164999991,-118393.35635999995,-59738.95397999996,59738.95397999996,0.5,0.8599667549133301,0.5,0.5,8599667.0,283.9407653808594,473.1572265625,313.16363525390625,-150000000.0,0.0,0.0,-94951840.0,0.0,0.0,-0.0,-0.0,244951840.0,-0.0,0.0,0.85,1.0,-1.0,1.0,True,True,False,,0,0
15130800.0,2,0.035165591904933784,False,False,ok,,,True,1.0,0.0,1,0.0,1.0,0.0,0.0,15772.589910000039,5504.815970000018,0.035165591904933784,-5504.815970000018,-0.035165591904933784,156539.83544146415,0.0,0.0,0.035165591904933784,0.01143158889775242,0.0001306812247272164,0.05,1.0,0.0,0.0,-0.0,0.0,0.0,-0.0,-179999.99999999997,-59999.999999999985,59999.999999999985,0.0,0.0,-0.0,0.0,0.0,-0.0,371137.0504499999,122475.92014999999,-122475.92014999999,-175364.4605399999,-56971.104179999966,56971.104179999966,0.5,0.8614315986633301,0.5,0.5,8614316.0,284.4244079589844,473.1572265625,313.16363525390625,-150000000.0,0.0,0.0,-93127984.0,0.0,0.0,-0.0,-0.0,243127984.0,-0.0,0.0,0.85,1.0,-1.0,1.0,True,True,False,,0,0
15134400.0,3,0.039122268991122984,False,False,ok,,,True,1.0,0.0,1,0.0,1.0,0.0,0.0,21896.783459967126,6124.193549967087,0.039122268991122984,-6124.193549967087,-0.039122268991122984,156539.83544146415,0.0,0.0,0.039122268991122984,0.01228188420885934,0.0001508446797198284,0.05,1.0,0.0,0.0,-0.0,-312.1371428336243,-312.1371428336243,312.1371428336243,-239999.99999999997,-60000.0,60000.0,0.0,0.0,-0.0,0.0,0.0,-0.0,492701.04269999993,121563.99225000001,-121563.99225000001,-230492.12209719923,-55127.66155719932,55127.66155719932,0.5,0.862281858921051,0.5,0.5,8622819.0,284.7051696777344,473.1572265625,313.16363525390625,-150000000.0,0.0,0.0,-74864904.0,0.0,0.0,-2773552.75,-2773552.75,227638448.0,-0.0,0.0,0.85,1.0,-1.0,1.0,True,True,False,,0,0
15138000.0,4,0.08112186640940032,False,False,ok,,,True,1.0,0.0,1,0.0,1.0,0.0,0.0,34595.58707839909,12698.803618431964,0.08112186640940032,-12698.803618431964,-0.08112186640940032,156539.83544146415,0.0,0.0,0.08112186640940032,0.013623720789157967,0.00018560576814093498,0.05,1.0,0.0,0.0,-0.0,-4214.029420285024,-3901.8922774513994,3901.8922774513994,-299999.99999999994,-59999.99999999997,59999.99999999997,0.0,0.0,-0.0,0.0,0.0,-0.0,606520.2705499995,113819.22784999962,-113819.22784999962,-267710.65405131585,-37218.531954116625,37218.531954116625,0.5,0.8636237382888794,0.5,0.5,8636237.0,285.1482238769531,473.1572265625,313.16363525390625,-150000000.0,0.0,0.0,-51804040.0,0.0,0.0,-31123900.0,-31123900.0,232927936.0,-0.0,0.0,0.85,1.0,-1.0,1.0,True,True,False,,0,0
15141600.0,5,0.1610622450118121,False,False,ok,,,True,1.0,0.0,1,0.0,1.0,0.0,0.0,59808.24440838094,25212.65732998185,0.1610622450118121,-25212.65732998185,-0.1610622450118121,156539.83544146415,0.0,0.0,0.1610622450118121,0.01730573308879768,0.00029948839774070695,0.05,1.0,0.0,0.0,-0.0,-17432.209034557767,-13218.179614272743,13218.179614272743,-359999.99999999994,-60000.0,60000.0,0.0,0.0,-0.0,0.0,0.0,-0.0,722984.2411999998,116463.97065000026,-116463.97065000026,-285743.7877570613,-18033.13370574545,18033.13370574545,0.5,0.8673057556152344,0.5,0.5,8673057.0,286.3639221191406,473.1572265625,313.16363525390625,-150000000.0,0.0,0.0,-27304274.0,0.0,0.0,-78814752.0,-78814752.0,256119024.0,-0.0,0.0,0.85,1.0,-1.0,1.0,True,True,False,,0,0
15145200.0,6,0.24185720176371556,False,False,ok,,,True,1.0,0.0,1,0.0,1.0,0.0,0.0,97668.53097280597,37860.28656442503,0.24185720176371556,-37860.28656442503,-0.24185720176371556,156539.83544146415,0.0,0.0,0.24185720176371556,0.024577281819816332,0.0006040427816506744,0.05,1.0,0.0,0.0,-0.0,-42713.32168526939,-25281.11265071162,25281.11265071162,-419999.99999999994,-60000.0,60000.0,0.0,0.0,-0.0,0.0,0.0,-0.0,851043.7520499993,128059.5108499995,-128059.5108499995,-290661.8993919247,-4918.111634863366,4918.111634863366,0.5,0.8745772838592529,0.5,0.5,8745773.0,288.7648010253906,473.1572265625,313.16363525390625,-150000000.0,0.0,0.0,7571158.0,0.0,0.0,-127388528.0,-127388528.0,269817376.0,-0.0,0.0,0.85,1.0,-1.0,1.0,True,True,False,,0,0
15148800.0,7,0.2635651802171648,False,False,ok,,,True,1.0,0.0,1,0.0,1.0,0.0,0.0,138926.9809121008,41258.44993929482,0.2635651802171648,-41258.44993929482,-0.2635651802171648,156539.83544146415,0.0,0.0,0.2635651802171648,0.033994359420280174,0.0011556164723951915,0.05,1.0,0.0,0.0,-0.0,-78827.48558644472,-36114.16390117533,36114.16390117533,-479999.99999999994,-60000.0,60000.0,0.0,0.0,-0.0,0.0,0.0,-0.0,985952.4373999995,134908.68535000016,-134908.68535000016,-288197.9709014545,2463.9284904701635,-2463.9284904701635,0.5,0.8839943408966064,0.5,0.5,8839944.0,291.87408447265625,473.1572265625,313.16363525390625,-150000000.0,0.0,0.0,66866252.0,0.0,0.0,-164631760.0,-164631760.0,247765520.0,-0.0,0.0,0.85,1.0,-1.0,1.0,True,True,False,,0,0
15152400.0,8,0.1744109495546185,False,False,ok,,,True,1.0,0.0,1,0.0,1.0,0.0,0.0,166229.24225457027,27302.261342469486,0.1744109495546185,-27302.261342469486,-0.1744109495546185,156539.83544146415,0.0,0.0,0.1744109495546185,0.042590273166622006,0.0018139313684074824,0.05,1.0,-148.6437906474801,-148.6437906474801,148.6437906474801,-123323.77018870089,-44496.28460225617,44496.28460225617,-539999.9999999999,-59999.99999999994,59999.99999999994,0.0,0.0,-0.0,0.0,0.0,-0.0,1109835.1951999997,123882.75780000025,-123882.75780000025,-280133.5389660813,8064.431935373228,-8064.431935373228,0.5,0.8925902843475342,0.5,0.5,8925903.0,294.71221923828125,473.1572265625,313.16363525390625,-150000000.0,0.0,0.0,93537816.0,-1778417.25,-1778417.25,-193943344.0,-193943344.0,252183936.0,-0.0,0.0,0.85,1.0,-1.0,1.0,True,True,False,,0,0
15156000.0,9,0.15904582575539364,False,False,ok,,,True,1.0,0.0,1,0.0,1.0,0.0,0.0,191126.24964597137,24897.0073914011,0.15904582575539364,-24897.0073914011,-0.15904582575539364,156539.83544146415,0.0,0.0,0.15904582575539364,0.04931003890497199,0.002431479936809851,0.05,1.0,-1146.4300812949582,-997.7862906474782,997.7862906474782,-173763.54424749973,-50439.77405879884,50439.77405879884,-599999.9999999999,-60000.0,60000.0,0.0,0.0,-0.0,0.0,0.0,-0.0,1235927.1655999997,126091.97039999999,-126091.97039999999,-269890.9416252339,10242.597340847366,-10242.597340847366,0.5,0.8993100523948669,0.5,0.5,8993100.0,296.9309387207031,473.1572265625,313.16363525390625,-150000000.0,0.0,0.0,111345376.0,-4226387.5,-4226387.5,-211159328.0,-211159328.0,254040336.0,-0.0,0.0,0.85,1.0,-1.0,1.0,True,True,False,,0,0
15159600.0,10,0.15111013707332835,False,False,ok,,,True,1.0,0.0,1,0.0,1.0,0.0,0.0,214781.00563696728,23654.75599099591,0.15111013707332835,-23654.75599099591,-0.15111013707332835,156539.83544146415,0.0,0.0,0.15111013707332835,0.05450880722198914,0.0029712100647639756,0.05,0.0,-2983.3283546762477,-1836.8982733812895,1836.8982733812895,-226512.39113705268,-52748.84688955295,52748.84688955295,-659999.9999999999,-60000.0,60000.0,0.0,0.0,-0.0,0.0,0.0,-0.0,1362947.3335,127020.16790000023,-127020.16790000023,-258670.60837130382,11220.33325393009,-11220.33325393009,0.5,0.9045088291168213,0.5,0.5,9045088.0,298.6474304199219,473.1572265625,313.16363525390625,-150000000.0,0.0,0.0,99698560.0,-6545286.0,-6545286.0,-210793760.0,-210793760.0,267640480.0,-0.0,0.0,0.85,1.0,-1.0,1.0,True,True,False,,0,0
15163200.0,11,0.1841015388905561,False,False,ok,,,True,1.0,0.0,1,0.0,1.0,0.0,0.0,243600.23023941525,28819.22460244797,0.1841015388905561,-28819.22460244797,-0.1841015388905561,156539.83544146415,0.0,0.0,0.1841015388905561,0.058514089272647896,0.0034238986434074075,0.05,0.0,-5591.705264028765,-2608.376909352517,2608.376909352517,-278802.12672660063,-52289.735589547956,52289.735589547956,-719999.9999999999,-60000.0,60000.0,0.0,0.0,-0.0,0.0,0.0,-0.0,1496767.5739000004,133820.24040000048,-133820.24040000048,-248773.5116699554,9897.096701348433,-9897.096701348433,0.5,0.9085140824317932,0.5,0.5,9085141.0,299.9698791503906,473.1572265625,313.16363525390625,-150000000.0,0.0,0.0,127438360.0,-8593628.0,-8593628.0,-207164688.0,-207164688.0,238319952.0,-0.0,0.0,0.85,1.0,-1.0,1.0,True,True,False,,0,0
15166800.0,12,0.11386713284251004,False,False,ok,,,True,1.0,0.0,1,0.0,1.0,0.0,0.0,261424.9724767731,17824.74223735786,0.11386713284251004,-17824.74223735786,-0.11386713284251004,156539.83544146415,0.0,0.0,0.11386713284251004,0.06149335795316757,0.003781433072356397,0.05,0.0,-8412.968855125882,-2821.2635910971176,2821.2635910971176,-329615.54386541236,-50813.417138811725,50813.417138811725,-779999.9999999999,-60000.0,60000.0,0.0,0.0,-0.0,0.0,0.0,-0.0,1615927.5498999993,119159.97599999886,-119159.97599999886,-236474.06470268863,12299.446967266762,-12299.446967266762,0.5,0.9114933609962463,0.5,0.5,9114934.0,300.95355224609375,473.1572265625,313.16363525390625,-150000000.0,0.0,0.0,112430696.0,-7419777.5,-7419777.5,-198472000.0,-198472000.0,243461088.0,-0.0,0.0,0.85,1.0,-1.0,1.0,True,True,False,,0,0
15170400.0,13,0.14580253724502856,False,False,ok,,,True,1.0,0.0,1,0.0,1.0,0.0,0.0,284248.8776640578,22823.90518728472,0.14580253724502856,-22823.90518728472,-0.14580253724502856,156539.83544146415,0.0,0.0,0.14580253724502856,0.06343960765370393,0.0040245838192558905,0.05,0.0,-10659.917934981991,-2246.949079856109,2246.949079856109,-376208.1554391567,-46592.61157374433,46592.61157374433,-839999.9999999999,-60000.0,60000.0,0.0,0.0,-0.0,0.0,0.0,-0.0,1737658.0946000002,121730.5447000009,-121730.5447000009,-226541.14356180347,9932.921140885155,-9932.921140885155,0.5,0.9134396314620972,0.5,0.5,9134396.0,301.5961608886719,473.1572265625,313.16363525390625,-150000000.0,0.0,0.0,100215256.0,-5237506.0,-5237506.0,-171404736.0,-171404736.0,226426992.0,-0.0,0.0,0.85,1.0,-1.0,1.0,True,True,False,,0,0
15174000.0,14,0.13607329287749725,False,False,ok,,,True,1.0,0.0,1,0.0,1.0,0.0,0.0,305549.7685390794,21300.890875021578,0.13607329287749725,-21300.890875021578,-0.13607329287749725,156539.83544146415,0.0,0.0,0.13607329287749725,0.06417342777175417,0.004118228831976549,0.05,0.0,-11977.163816276954,-1317.2458812949626,1317.2458812949626,-415089.84438876953,-38881.68894961284,38881.68894961284,-899999.9999999999,-60000.0,60000.0,0.0,0.0,-0.0,0.0,0.0,-0.0,1850871.587299999,113213.4926999989,-113213.4926999989,-218254.81055587405,8286.333005929424,-8286.333005929424,0.5,0.914173424243927,0.5,0.5,9141734.0,301.83843994140625,473.1572265625,313.16363525390625,-150000000.0,0.0,0.0,63846140.0,-2065241.625,-2065241.625,-135771232.0,-135771232.0,223990336.0,-0.0,0.0,0.85,1.0,-1.0,1.0,True,True,False,,0,0
15177600.0,15,0.17503655921478764,False,False,ok,,,True,1.0,0.0,1,0.0,1.0,0.0,0.0,332949.96271480236,27400.19417572295,0.17503655921478764,-27400.19417572295,-0.17503655921478764,156539.83544146415,0.0,0.0,0.17503655921478764,0.0634817923091302,0.004029937954779543,0.05,0.0,-12338.307950719396,-361.144134442442,361.144134442442,-443319.81066918065,-28229.966280411114,28229.966280411114,-959999.9999999999,-60000.0,60000.0,0.0,0.0,-0.0,0.0,0.0,-0.0,1962866.754849999,111995.1675499999,-111995.1675499999,-214258.6735152974,3996.1370405766356,-3996.1370405766356,0.5,0.9134817719459534,0.5,0.5,9134818.0,301.6100769042969,473.1572265625,313.16363525390625,-150000000.0,0.0,0.0,-12946394.0,0.0,0.0,-84254016.0,-84254016.0,247200400.0,-0.0,0.0,0.85,1.0,-1.0,1.0,True,True,False,,0,0
15181200.0,16,0.1828681417234768,False,False,ok,,,True,1.0,0.0,1,0.0,1.0,0.0,0.0,361576.11152768176,28626.1488128794,0.1828681417234768,-28626.1488128794,-0.1828681417234768,156539.83544146415,0.0,0.0,0.1828681417234768,0.06155689596741776,0.0037892514411434924,0.05,0.0,-12338.307950719396,0.0,-0.0,-459995.6602640945,-16675.84959491383,16675.84959491383,-1019999.9999999999,-60000.0,60000.0,0.0,0.0,-0.0,0.0,0.0,-0.0,2086466.9579499995,123600.20310000051,-123600.20310000051,-232556.8782075042,-18298.204692206782,18298.204692206782,0.5,0.9115568995475769,0.5,0.5,9115569.0,300.97454833984375,473.1572265625,313.16363525390625,-150000000.0,0.0,0.0,-58748400.0,0.0,0.0,-44866948.0,-44866948.0,253615344.0,-0.0,0.0,0.85,1.0,-1.0,1.0,True,True,False,,0,0
15184800.0,17,0.09643166965004475,False,False,ok,,,True,1.0,0.0,1,0.0,1.0,0.0,0.0,376671.5092260454,15095.397698363638,0.09643166965004475,-15095.397698363638,-0.09643166965004475,156539.83544146415,0.0,0.0,0.09643166965004475,0.05812901828673467,0.0033789827669795333,0.05,0.0,-12338.307950719396,0.0,-0.0,-467464.89775578276,-7469.237491688284,7469.237491688284,-1079999.9999999998,-59999.99999999988,59999.99999999988,0.0,0.0,-0.0,0.0,0.0,-0.0,2213274.6318999995,126807.67394999997,-126807.67394999997,-276799.91696745233,-44243.03875994813,44243.03875994813,0.5,0.9081290364265442,0.5,0.5,9081290.0,299.84271240234375,473.1572265625,313.16363525390625,-150000000.0,0.0,0.0,-100977016.0,0.0,0.0,-11198330.0,-11198330.0,262175344.0,-0.0,0.0,0.85,1.0,-1.0,1.0,True,True,False,,0,0
15188400.0,18,0.037993300585704194,False,False,ok,,,True,1.0,0.0,1,0.0,1.0,0.0,0.0,382618.9742476096,5947.465021564218,0.037993300585704194,-5947.465021564218,-0.037993300585704194,156539.83544146415,0.0,0.0,0.037993300585704194,0.05342973951470242,0.0028547370646089536,0.05,0.0,-12338.307950719396,0.0,-0.0,-469011.3261569001,-1546.4284011173295,1546.4284011173295,-1139999.9999999998,-60000.0,60000.0,0.0,0.0,-0.0,0.0,0.0,-0.0,2344362.3055999996,131087.67370000016,-131087.67370000016,-340393.6972447708,-63593.780277318496,63593.780277318496,0.5,0.9034297466278076,0.5,0.5,9034297.0,298.2911376953125,473.1572265625,313.16363525390625,-150000000.0,0.0,0.0,-99916240.0,0.0,0.0,-0.0,-0.0,249916240.0,-0.0,0.0,0.85,1.0,-1.0,1.0,True,True,False,,0,0
15192000.0,19,0.03199426028445386,False,False,ok,,,True,1.0,0.0,1,0.0,1.0,0.0,0.0,387627.3504876094,5008.3762399997795,0.03199426028445386,-5008.3762399997795,-0.03199426028445386,156539.83544146415,0.0,0.0,0.03199426028445386,0.04928208419957836,0.0024287238230543307,0.05,1.0,-12338.307950719396,0.0,-0.0,-469011.3261569001,0.0,-0.0,-1199999.9999999998,-60000.0,60000.0,0.0,0.0,-0.0,0.0,0.0,-0.0,2469320.424399999,124958.11879999936,-124958.11879999936,-400343.439804771,-59949.74256000016,59949.74256000016,0.5,0.8992820978164673,0.5,0.5,8992821.0,296.9216613769531,473.1572265625,313.16363525390625,-150000000.0,0.0,0.0,-73120056.0,0.0,0.0,-0.0,-0.0,223120048.0,-0.0,0.0,0.85,1.0,-1.0,1.0,True,True,False,,0,0
15195600.0,20,0.049112063956874584,False,False,ok,,,True,1.0,0.0,1,0.0,1.0,0.0,0.0,395315.3448976092,7687.99440999981,0.049112063956874584,-7687.99440999981,-0.049112063956874584,156539.83544146415,0.0,0.0,0.049112063956874584,0.04638441440076535,0.002151513899301928,0.05,1.0,-12338.307950719396,0.0,-0.0,-469011.3261569001,0.0,-0.0,-1259999.9999999998,-60000.0,60000.0,0.0,0.0,-0.0,0.0,0.0,-0.0,2580880.45235,111560.02795000095,-111560.02795000095,-444215.47334477096,-43872.033539999975,43872.033539999975,0.5,0.8963844180107117,0.5,0.5,8963844.0,295.9649353027344,473.1572265625,313.16363525390625,-150000000.0,0.0,0.0,-106882280.0,0.0,0.0,-0.0,-0.0,256882288.0,-0.0,0.0,0.85,1.0,-1.0,1.0,True,True,False,,0,0
15199200.0,21,0.03849258169127303,False,False,ok,,,True,1.0,0.0,1,0.0,1.0,0.0,0.0,401340.9673012782,6025.622403668996,0.03849258169127303,-6025.622403668996,-0.03849258169127303,156539.83544146415,0.0,0.0,0.03849258169127303,0.04420213120168637,0.0019538284027710955,0.05,1.0,-14737.698613856088,-2399.3906631366917,2399.3906631366917,-469011.3261569001,0.0,-0.0,-1319999.9999999998,-60000.0,60000.0,0.0,0.0,-0.0,0.0,0.0,-0.0,2709321.592700001,128441.14035000093,-128441.14035000093,-504231.6006279652,-60016.12728319422,60016.12728319422,0.5,0.8942021131515503,0.5,0.5,8942021.0,295.244384765625,473.1572265625,313.16363525390625,-150000000.0,0.0,0.0,-51477780.0,-26201490.0,-26201490.0,-0.0,-0.0,227679280.0,-0.0,0.0,0.85,1.0,-1.0,1.0,True,True,False,,0,0
15202800.0,22,0.11050481962311379,False,False,ok,,,True,1.0,0.0,1,0.0,1.0,0.0,0.0,418639.3735805691,17298.40627929091,0.11050481962311379,-17298.40627929091,-0.11050481962311379,156539.83544146415,0.0,0.0,0.11050481962311379,0.04175366057659036,0.0017433681715451157,0.05,1.0,-28830.56555486328,-14092.86694100719,14092.86694100719,-469011.3261569001,0.0,-0.0,-1379999.9999999998,-60000.0,60000.0,0.0,0.0,-0.0,0.0,0.0,-0.0,2823161.2289499994,113839.63624999858,-113839.63624999858,-526679.9636576672,-22448.363029701984,22448.363029701984,0.5,0.8917536735534668,0.5,0.5,8917537.0,294.4359436035156,473.1572265625,313.16363525390625,-150000000.0,0.0,0.0,-13963997.0,-60291372.0,-60291372.0,-0.0,-0.0,224255376.0,-0.0,0.0,0.85,1.0,-1.0,1.0,True,True,False,,0,0
15206400.0,23,0.13712055622111427,False,False,ok,,,True,1.0,0.0,1,0.0,1.0,0.0,0.0,440104.20288706437,21464.82930649526,0.13712055622111427,-21464.82930649526,-0.13712055622111427,156539.83544146415,0.0,0.0,0.13712055622111427,0.03841543206784648,0.0014757454209593276,0.05,1.0,-48277.0781879568,-19446.512633093524,19446.512633093524,-469011.3261569001,0.0,-0.0,-1439999.9999999998,-60000.0,60000.0,0.0,0.0,-0.0,0.0,0.0,-0.0,2935288.913250001,112127.68430000171,-112127.68430000171,-537896.3060180784,-11216.342360411189,11216.342360411189,0.5,0.8884154558181763,0.5,0.5,8884154.0,293.333740234375,473.1572265625,313.16363525390625,-150000000.0,0.0,0.0,-22464978.0,-49985372.0,-49985372.0,-0.0,-0.0,222450352.0,-0.0,0.0,0.85,1.0,-1.0,1.0,True,True,False,,0,0
15210000.0,24,0.11207722779374198,False,False,ok,,,True,1.0,0.0,1,0.0,1.0,0.0,0.0,457648.75368263223,17544.550795567862,0.11207722779374198,-17544.550795567862,-0.11207722779374198,156539.83544146415,0.0,0.0,0.11207722779374198,0.03466996241531817,0.0012020062938795744,0.05,1.0,-61982.49823175177,-13705.42004379497,13705.42004379497,-469011.3261569001,0.0,-0.0,-1499999.9999999998,-60000.0,60000.0,0.0,0.0,-0.0,0.0,0.0,-0.0,3046514.0880000023,111225.17475000117,-111225.17475000117,-557871.5099287156,-19975.203910637298,19975.203910637298,0.5,0.8846699595451355,0.5,0.5,8846700.0,292.0970764160156,473.1572265625,313.16363525390625,-150000000.0,0.0,0.0,-46733016.0,-27287144.0,-27287144.0,-0.0,-0.0,224020160.0,-0.0,0.0,0.85,1.0,-1.0,1.0,True,True,False,,0,0
15213600.0,25,0.07878185976425076,False,False,ok,,,True,1.0,0.0,1,0.0,1.0,0.0,0.0,469981.25304590055,12332.499363268318,0.07878185976425076,-12332.499363268318,-0.07878185976425076,156539.83544146415,0.0,0.0,0.07878185976425076,0.03121532282641437,0.0009743963791572661,0.05,1.0,-68610.81971232731,-6628.3214805755415,6628.3214805755415,-469011.3261569001,0.0,-0.0,-1559999.9999999998,-60000.0,60000.0,0.0,0.0,-0.0,0.0,0.0,-0.0,3158524.1679000007,112010.07989999838,-112010.07989999838,-590920.7689848717,-33049.259056156036,33049.259056156036,0.5,0.8812153339385986,0.5,0.5,8812153.0,290.9564514160156,473.1572265625,313.16363525390625,-150000000.0,0.0,0.0,-70558728.0,-10105798.0,-10105798.0,-0.0,-0.0,230664528.0,-0.0,0.0,0.85,1.0,-1.0,1.0,True,True,False,,0,0
15217200.0,26,0.05174400727416392,False,False,ok,,,True,1.0,0.0,1,0.0,1.0,0.0,0.0,478081.2514296801,8099.998383779544,0.05174400727416392,-8099.998383779544,-0.05174400727416392,156539.83544146415,0.0,0.0,0.05174400727416392,0.028421558128317148,0.0008077849664413105,0.05,1.0,-70243.85093561868,-1633.0312232913711,1633.0312232913711,-469011.3261569001,0.0,-0.0,-1619999.9999999998,-60000.0,60000.0,0.0,0.0,-0.0,0.0,0.0,-0.0,3273856.430350001,115332.26245000027,-115332.26245000027,-636520.0018278009,-45599.232842929196,45599.232842929196,0.5,0.8784215450286865,0.5,0.5,8784216.0,290.03399658203125,473.1572265625,313.16363525390625,-150000000.0,0.0,0.0,-89426912.0,0.0,0.0,-0.0,-0.0,239426912.0,-0.0,0.0,0.85,1.0,-1.0,1.0,True,True,False,,0,0
15220800.0,27,0.041409856875676915,False,False,ok,,,True,1.0,0.0,1,0.0,1.0,0.0,0.0,484563.54361065314,6482.292180973047,0.041409856875676915,-6482.292180973047,-0.041409856875676915,156539.83544146415,0.0,0.0,0.041409856875676915,0.026085289478480322,0.0006804423271761162,0.05,1.0,-70243.85093561868,0.0,-0.0,-469314.88584330934,-303.5596864092513,303.5596864092513,-1679999.9999999998,-60000.0,60000.0,0.0,0.0,-0.0,0.0,0.0,-0.0,3393569.8872499997,119713.45689999871,-119713.45689999871,-689447.6068604187,-52927.60503261781,52927.60503261781,0.5,0.8760852813720703,0.5,0.5,8760853.0,289.2626037597656,473.1572265625,313.16363525390625,-150000000.0,0.0,0.0,-81698816.0,0.0,0.0,-2700301.5,-2700301.5,234399120.0,-0.0,0.0,0.85,1.0,-1.0,1.0,True,True,False,,0,0
15224400.0,28,0.07219020846229378,False,False,ok,,,True,1.0,0.0,1,0.0,1.0,0.0,0.0,495864.1869638256,11300.643353172462,0.07219020846229378,-11300.643353172462,-0.07219020846229378,156539.83544146415,0.0,0.0,0.07219020846229378,0.02487137061279565,0.0006185850761590351,0.05,1.0,-70243.85093561868,0.0,-0.0,-472700.99673843244,-3386.1108951231,3386.1108951231,-1739999.9999999998,-60000.0,60000.0,0.0,0.0,-0.0,0.0,0.0,-0.0,3510769.4467499983,117199.55949999858,-117199.55949999858,-731960.4121121231,-42512.80525170441,42512.80525170441,0.5,0.8748713731765747,0.5,0.5,8748714.0,288.86181640625,473.1572265625,313.16363525390625,-150000000.0,0.0,0.0,-50792468.0,0.0,0.0,-26693102.0,-26693102.0,227485568.0,-0.0,0.0,0.85,1.0,-1.0,1.0,True,True,False,,0,0
15228000.0,29,0.14485703186335092,False,False,ok,,,True,1.0,0.0,1,0.0,1.0,0.0,0.0,518540.0828942535,22675.895930427883,0.14485703186335092,-22675.895930427883,-0.14485703186335092,156539.83544146415,0.0,0.0,0.14485703186335092,0.025768101151133482,0.0006639950369350467,0.05,1.0,-70243.85093561868,0.0,-0.0,-483718.4629101667,-11017.466171734268,11017.466171734268,-1799999.9999999998,-60000.0,60000.0,0.0,0.0,-0.0,0.0,0.0,-0.0,3624512.230299999,113742.78355000075,-113742.78355000075,-752009.8335599608,-20049.421447837725,20049.421447837725,0.5,0.8757681250572205,0.5,0.5,8757681.0,289.15789794921875,473.1572265625,313.16363525390625,-150000000.0,0.0,0.0,-36711376.0,0.0,0.0,-64979472.0,-64979472.0,251690848.0,-0.0,0.0,0.85,1.0,-1.0,1.0,True,True,False,,0,0
15231600.0,30,0.21896201764098544,False,False,ok,,,True,1.0,0.0,1,0.0,1.0,0.0,0.0,552816.3611037043,34276.27820945083,0.21896201764098544,-34276.27820945083,-0.21896201764098544,156539.83544146415,0.0,0.0,0.21896201764098544,0.02888360647097432,0.0008342627227701097,0.05,1.0,-70243.85093561868,0.0,-0.0,-504811.90812278975,-21093.445212623046,21093.445212623046,-1859999.9999999998,-60000.0,60000.0,0.0,0.0,-0.0,0.0,0.0,-0.0,3750357.6553999996,125845.42510000058,-125845.42510000058,-762485.5352378871,-10475.701677926234,10475.701677926234,0.5,0.8788836002349854,0.5,0.5,8788836.0,290.1865539550781,473.1572265625,313.16363525390625,-150000000.0,0.0,0.0,31828098.0,0.0,0.0,-107512640.0,-107512640.0,225684544.0,-0.0,0.0,0.85,1.0,-1.0,1.0,True,True,False,,0,0
15235200.0,31,0.16970218466230794,False,False,ok,,,True,1.0,0.0,1,0.0,1.0,0.0,0.0,579381.513164799,26565.152061094646,0.16970218466230794,-26565.152061094646,-0.16970218466230794,156539.83544146415,0.0,0.0,0.16970218466230794,0.0338542236698508,0.0011461084602882863,0.05,1.0,-70243.85093561868,0.0,-0.0,-535993.0186209653,-31181.11049817555,31181.11049817555,-1919999.9999999998,-60000.0,60000.0,0.0,0.0,-0.0,0.0,0.0,-0.0,3863199.9283500006,112842.27295000106,-112842.27295000106,-757581.5456286169,4903.989609270124,-4903.989609270124,0.5,0.8838542103767395,0.5,0.5,8838542.0,291.8277282714844,473.1572265625,313.16363525390625,-150000000.0,0.0,0.0,38439268.0,0.0,-0.0,-145163344.0,-145163344.0,256724064.0,-0.0,0.0,0.85,1.0,-1.0,1.0,True,True,False,,0,0
15238800.0,32,0.21965290693609701,False,False,ok,,,True,1.0,0.0,1,0.0,1.0,0.0,0.0,613765.9430708148,34384.42990601587,0.21965290693609701,-34384.42990601587,-0.21965290693609701,156539.83544146415,0.0,0.0,0.21965290693609701,0.03973271889037644,0.0015786889504216767,0.05,1.0,-70243.85093561868,0.0,-0.0,-574835.0163776053,-38841.99775663996,38841.99775663996,-1979999.9999999998,-60000.0,60000.0,0.0,0.0,-0.0,0.0,0.0,-0.0,3991561.9640499996,128362.03569999896,-128362.03569999896,-752717.153665961,4864.391962655936,-4864.391962655936,0.5,0.8897327184677124,0.5,0.5,8897327.0,293.7686462402344,473.1572265625,313.16363525390625,-150000000.0,0.0,0.0,53030872.0,0.0,0.0,-167531984.0,-167531984.0,264501120.0,-0.0,0.0,0.85,1.0,-1.0,1.0,True,True,False,,0,0
15242400.0,33,0.21809264693434147,False,False,ok,,,True,1.0,0.0,1,0.0,1.0,0.0,0.0,647906.13013291,34140.18706209515,0.21809264693434147,-34140.18706209515,-0.21809264693434147,156539.83544146415,0.0,0.0,0.21809264693434147,0.04574016571259598,0.002092162759415741,0.05,1.0,-70243.85093561868,0.0,-0.0,-619268.7848074464,-44433.76842984115,44433.76842984115,-2039999.9999999998,-60000.0,60000.0,0.0,0.0,-0.0,0.0,0.0,-0.0,4123812.5242000017,132250.56015000213,-132250.56015000213,-746393.7583240244,6323.395341936615,-6323.395341936615,0.5,0.8957401514053345,0.5,0.5,8957402.0,295.7521667480469,473.1572265625,313.16363525390625,-150000000.0,0.0,0.0,97714488.0,0.0,0.0,-189860000.0,-189860000.0,242145520.0,-0.0,0.0,0.85,1.0,-1.0,1.0,True,True,False,,0,0
15246000.0,34,0.15049345228206296,False,False,ok,,,True,1.0,0.0,1,0.0,1.0,0.0,0.0,671464.350388162,23558.220255251974,0.15049345228206296,-23558.220255251974,-0.15049345228206296,156539.83544146415,0.0,0.0,0.15049345228206296,0.05123420148026914,0.0026249434013208123,0.05,0.0,-70243.85093561868,0.0,-0.0,-666435.4277820265,-47166.642974580056,47166.642974580056,-2099999.9999999995,-59999.99999999977,59999.99999999977,0.0,0.0,-0.0,0.0,0.0,-0.0,4244885.281750002,121072.75755000021,-121072.75755000021,-736741.6526441923,9652.10567983205,-9652.10567983205,0.5,0.9012342095375061,0.5,0.5,9012342.0,297.566162109375,473.1572265625,313.16363525390625,-150000000.0,0.0,0.0,96805936.0,0.0,0.0,-187210256.0,-187210256.0,240404320.0,-0.0,0.0,0.85,1.0,-1.0,1.0,True,True,False,,0,0
15249600.0,35,0.14899738429163442,False,False,ok,,,True,1.0,0.0,1,0.0,1.0,0.0,0.0,694788.376406383,23324.026018221048,0.14899738429163442,-23324.026018221048,-0.14899738429163442,156539.83544146415,0.0,0.0,0.14899738429163442,0.055899997033543536,0.003124809668350176,0.05,0.0,-70243.85093561868,0.0,-0.0,-712831.5974849914,-46396.16970296495,46396.16970296495,-2159999.9999999995,-60000.0,60000.0,0.0,0.0,-0.0,0.0,0.0,-0.0,4365087.441550001,120202.15979999863,-120202.15979999863,-727223.6167230062,9518.035921186092,-9518.035921186092,0.5,0.9059000015258789,0.5,0.5,9059000.0,299.106689453125,473.1572265625,313.16363525390625,-150000000.0,0.0,0.0,92912888.0,0.0,-0.0,-183605568.0,-183605568.0,240692672.0,-0.0,0.0,0.85,1.0,-1.0,1.0,True,True,False,,0,0
15253200.0,36,0.16042320549081857,False,False,ok,,,True,1.0,0.0,1,0.0,1.0,0.0,0.0,719900.9985949079,25112.622188524925,0.16042320549081857,-25112.622188524925,-0.16042320549081857,156539.83544146415,0.0,0.0,0.16042320549081857,0.05987892698727182,0.003585485897147029,0.05,0.0,-70243.85093561868,0.0,-0.0,-756439.0104374499,-43607.412952458486,43607.412952458486,-2219999.9999999995,-60000.0,60000.0,0.0,0.0,-0.0,0.0,0.0,-0.0,4485433.778999998,120346.33744999766,-120346.33744999766,-718849.9190320229,8373.697690983303,-8373.697690983303,0.5,0.9098789095878601,0.5,0.5,9098789.0,300.4204406738281,473.1572265625,313.16363525390625,-150000000.0,0.0,0.0,49210220.0,0.0,0.0,-163145312.0,-163145312.0,263935088.0,-0.0,0.0,0.85,1.0,-1.0,1.0,True,True,False,,0,0
15256800.0,37,0.24421632935269788,False,False,ok,,,True,1.0,0.0,1,0.0,1.0,0.0,0.0,758130.5826038977,38229.58400898974,0.24421632935269788,-38229.58400898974,-0.24421632935269788,156539.83544146415,0.0,0.0,0.24421632935269788,0.06283288144353893,0.0039479709904978195,0.05,0.0,-70243.85093561868,0.0,-0.0,-793679.7666891335,-37240.756251683575,37240.756251683575,-2279999.9999999995,-60000.0,60000.0,0.0,0.0,-0.0,0.0,0.0,-0.0,4617401.326199994,131967.5471999962,-131967.5471999962,-715347.1259713494,3502.793060673517,-3502.793060673517,0.5,0.9128328561782837,0.5,0.5,9128329.0,301.395751953125,473.1572265625,313.16363525390625,-150000000.0,0.0,0.0,34962040.0,0.0,-0.0,-131322856.0,-131322856.0,246360816.0,-0.0,0.0,0.85,1.0,-1.0,1.0,True,True,False,,0,0
15260400.0,38,0.22893086400339951,False,False,ok,,,True,1.0,0.0,1,0.0,1.0,0.0,0.0,793967.382382462,35836.79977856437,0.22893086400339951,-35836.79977856437,-0.22893086400339951,156539.83544146415,0.0,0.0,0.22893086400339951,0.0643698535309164,0.00414347804359163,0.05,0.0,-70243.85093561868,0.0,-0.0,-823192.3087915265,-29512.542102392996,29512.542102392996,-2339999.9999999995,-60000.0,60000.0,0.0,0.0,-0.0,0.0,0.0,-0.0,4740581.732499992,123180.40629999712,-123180.40629999712,-713178.1903903922,2168.9355809572153,-2168.9355809572153,0.5,0.9143698811531067,0.5,0.5,9143699.0,301.9032287597656,473.1572265625,313.16363525390625,-150000000.0,0.0,0.0,25244630.0,-83525.484375,-83525.484375,-101548296.0,-101548296.0,226387184.0,-0.0,0.0,0.85,1.0,-1.0,1.0,True,True,False,,0,0
15264000.0,39,0.20577612020205824,False,False,ok,,,True,1.0,0.0,1,0.0,1.0,0.0,0.0,826179.5423766752,32212.159994213143,0.20577612020205824,-32212.159994213143,-0.20577612020205824,156539.83544146415,0.0,0.0,0.20577612020205824,0.06443522535321655,0.0041518982663198015,0.05,0.0,-70421.66410099638,-177.81316537769453,177.81316537769453,-844971.6415918772,-21779.332800350734,21779.332800350734,-2399999.9999999995,-60000.0,60000.0,0.0,0.0,-0.0,0.0,0.0,-0.0,4853775.327449991,113193.59494999982,-113193.59494999982,-712202.4793804506,975.7110099416459,-975.7110099416459,0.5,0.9144352078437805,0.5,0.5,9144352.0,301.9248046875,473.1572265625,313.16363525390625,-150000000.0,0.0,0.0,-10365912.0,-1039463.9375,-1039463.9375,-69171432.0,-69171432.0,230576800.0,-0.0,0.0,0.85,1.0,-1.0,1.0,True,True,False,,0,0
15267600.0,40,0.1612735279533435,False,False,ok,,,True,1.0,0.0,1,0.0,1.0,0.0,0.0,851425.2739035559,25245.731526880758,0.1612735279533435,-25245.731526880758,-0.1612735279533435,156539.83544146415,0.0,0.0,0.1612735279533435,0.06317137637995185,0.0039906227937375385,0.05,0.0,-70729.21002905394,-307.54592805755965,307.54592805755965,-857888.5962375792,-12916.954645702033,12916.954645702033,-2459999.9999999995,-60000.0,60000.0,0.0,0.0,-0.0,0.0,0.0,-0.0,4969063.730649996,115288.40320000425,-115288.40320000425,-729020.6504798103,-16818.17109935975,16818.17109935975,0.5,0.9131713509559631,0.5,0.5,9131714.0,301.50750732421875,473.1572265625,313.16363525390625,-150000000.0,0.0,0.0,-47848480.0,-683898.875,-683898.875,-29880000.0,-29880000.0,228412384.0,-0.0,0.0,0.85,1.0,-1.0,1.0,True,True,False,,0,0
15271200.0,41,0.09243951608892853,False,False,ok,,,True,1.0,0.0,1,0.0,1.0,0.0,0.0,865895.7405404054,14470.46663684945,0.09243951608892853,-14470.46663684945,-0.09243951608892853,156539.83544146415,0.0,0.0,0.09243951608892853,0.06069449589021958,0.0036838218313678815,0.05,0.0,-70757.53888202156,-28.32885296762106,28.32885296762106,-863096.7888674882,-5208.19262990891,5208.19262990891,-2519999.9999999995,-60000.0,60000.0,0.0,0.0,-0.0,0.0,0.0,-0.0,5083269.9203499975,114206.18970000185,-114206.18970000185,-763519.8520600841,-34499.2015802738,34499.2015802738,0.5,0.9106944799423218,0.5,0.5,9106945.0,300.689697265625,473.1572265625,313.16363525390625,-150000000.0,0.0,0.0,-78093320.0,0.0,0.0,-9642883.0,-9642883.0,237736208.0,-0.0,0.0,0.85,1.0,-1.0,1.0,True,True,False,,0,0
15274800.0,42,0.051698760961973525,False,False,ok,,,True,1.0,0.0,1,0.0,1.0,0.0,0.0,873988.6560739203,8092.915533514926,0.051698760961973525,-8092.915533514926,-0.051698760961973525,156539.83544146415,0.0,0.0,0.051698760961973525,0.05645821537321216,0.00318753008312801,0.05,0.0,-70757.53888202156,0.0,-0.0,-864430.0289199987,-1333.2400525105186,1333.2400525105186,-2579999.9999999995,-60000.0,60000.0,0.0,0.0,-0.0,0.0,0.0,-0.0,5202138.02305,118868.10270000249,-118868.10270000249,-812961.7991740584,-49441.94711397425,49441.94711397425,0.5,0.9064581990242004,0.5,0.5,9064582.0,299.2909851074219,473.1572265625,313.16363525390625,-150000000.0,0.0,0.0,-88227936.0,0.0,0.0,-0.0,-0.0,238227936.0,-0.0,0.0,0.85,1.0,-1.0,1.0,True,True,False,,0,0
15278400.0,43,0.03946092413205307,False,False,ok,,,True,1.0,0.0,1,0.0,1.0,0.0,0.0,880165.86264392,6177.206569999689,0.03946092413205307,-6177.206569999689,-0.03946092413205307,156539.83544146415,0.0,0.0,0.03946092413205307,0.05153015224067925,0.0026553565899475806,0.05,0.0,-70757.53888202156,0.0,-0.0,-864430.0289199987,0.0,-0.0,-2639999.9999999995,-60000.0,60000.0,0.0,0.0,-0.0,0.0,0.0,-0.0,5321251.990200003,119113.96715000272,-119113.96715000272,-865898.5597540579,-52936.760579999536,52936.760579999536,0.5,0.9015301465988159,0.5,0.5,9015302.0,297.6638488769531,473.1572265625,313.16363525390625,-150000000.0,0.0,0.0,-97583840.0,0.0,0.0,-0.0,-0.0,247583840.0,-0.0,0.0,0.85,1.0,-1.0,1.0,True,True,False,,0,0
15282000.0,44,0.03348423240141029,False,False,ok,,,True,1.0,0.0,1,0.0,1.0,0.0,0.0,885407.4788739205,5241.616230000509,0.03348423240141029,-5241.616230000509,-0.03348423240141029,156539.83544146415,0.0,0.0,0.03348423240141029,0.04747185007513377,0.002253576549555978,0.05,1.0,-70757.53888202156,0.0,-0.0,-864430.0289199987,0.0,-0.0,-2699999.9999999995,-60000.0,60000.0,0.0,0.0,-0.0,0.0,0.0,-0.0,5445043.909050004,123791.91885000095,-123791.91885000095,-924448.8623740583,-58550.30262000044,58550.30262000044,0.5,0.8974718451499939,0.5,0.5,8974719.0,296.3238830566406,473.1572265625,313.16363525390625,-150000000.0,0.0,0.0,-76567096.0,0.0,0.0,-0.0,-0.0,226567088.0,-0.0,0.0,0.85,1.0,-1.0,1.0,True,True,False,,0,0
15285600.0,45,0.04691004458571438,False,False,ok,,,True,1.0,0.0,1,0.0,1.0,0.0,0.0,892750.76953392,7343.290659999475,0.04691004458571438,-7343.290659999475,-0.04691004458571438,156539.83544146415,0.0,0.0,0.04691004458571438,0.04400363439803334,0.0019363198402357832,0.05,1.0,-70757.53888202156,0.0,-0.0,-864430.0289199987,0.0,-0.0,-2759999.9999999995,-60000.0,60000.0,0.0,0.0,-0.0,0.0,0.0,-0.0,5558327.455750006,113283.54670000263,-113283.54670000263,-970389.118414058,-45940.25603999966,45940.25603999966,0.5,0.8940036296844482,0.5,0.5,8940036.0,295.17877197265625,473.1572265625,313.16363525390625,-150000000.0,0.0,0.0,-105519384.0,0.0,0.0,-0.0,-0.0,255519392.0,-0.0,0.0,0.85,1.0,-1.0,1.0,True,True,False,,0,0
15289200.0,46,0.028414884604008612,False,False,ok,,,True,1.0,0.0,1,0.0,1.0,0.0,0.0,897198.8308939197,4448.061359999701,0.028414884604008612,-4448.061359999701,-0.028414884604008612,156539.83544146415,0.0,0.0,0.028414884604008612,0.04091702495878102,0.0016742029314775091,0.05,1.0,-70757.53888202156,0.0,-0.0,-864430.0289199987,0.0,-0.0,-2819999.9999999995,-60000.0,60000.0,0.0,0.0,-0.0,0.0,0.0,-0.0,5686087.148950008,127759.6932000015,-127759.6932000015,-1033700.7502540575,-63311.63183999946,63311.63183999946,0.5,0.8909170031547546,0.5,0.5,8909170.0,294.1596374511719,473.1572265625,313.16363525390625,-150000000.0,0.0,0.0,-87749392.0,0.0,0.0,-0.0,-0.0,237749392.0,-0.0,0.0,0.85,1.0,-1.0,1.0,True,True,False,,0,0
15292800.0,47,0.039766625105003256,False,False,ok,,,True,1.0,0.0,1,0.0,1.0,0.0,0.0,903423.8918439193,6225.060949999606,0.039766625105003256,-6225.060949999606,-0.039766625105003256,156539.83544146415,0.0,0.0,0.039766625105003256,0.03794754600367922,0.0014400162477013509,0.05,1.0,-70757.53888202156,0.0,-0.0,-864430.0289199987,0.0,-0.0,-2879999.9999999995,-60000.0,60000.0,0.0,0.0,-0.0,0.0,0.0,-0.0,5804961.844200009,118874.6952500008,-118874.6952500008,-1086350.3845540574,-52649.63429999992,52649.63429999992,0.5,0.8879475593566895,0.5,0.5,8879475.0,293.1791687011719,473.1572265625,313.16363525390625,-150000000.0,0.0,0.0,-102354008.0,0.0,0.0,-0.0,-0.0,252354016.0,-0.0,0.0,0.85,1.0,-1.0,1.0,True,True,False,,0,0
15296400.0,48,0.03043697437500828,False,False,ok,,,True,1.0,0.0,1,0.0,1.0,0.0,0.0,908188.4908039192,4764.5989599998575,0.03043697437500828,-4764.5989599998575,-0.03043697437500828,156539.83544146415,0.0,0.0,0.03043697437500828,0.035086643355461966,0.0012310725419533834,0.05,1.0,-70757.53888202156,0.0,-0.0,-864430.0289199987,0.0,-0.0,-2939999.9999999995,-60000.0,60000.0,0.0,0.0,-0.0,0.0,0.0,-0.0,5931138.849400013,126177.0052000042,-126177.0052000042,-1147762.7907940582,-61412.406240000855,61412.406240000855,0.5,0.8850866556167603,0.5,0.5,8850866.0,292.2345886230469,473.1572265625,313.16363525390625,-150000000.0,0.0,0.0,-91264152.0,0.0,0.0,-0.0,-0.0,241264144.0,-0.0,0.0,0.85,1.0,-1.0,1.0,True,True,False,,0,0
15300000.0,49,0.037521343199548716,False,False,ok,,,True,1.0,0.0,1,0.0,1.0,0.0,0.0,914062.0756939192,5873.5848900000565,0.037521343199548716,-5873.5848900000565,-0.037521343199548716,156539.83544146415,0.0,0.0,0.037521343199548716,0.03249779762409499,0.0010561068504166343,0.05,1.0,-70757.53888202156,0.0,-0.0,-864430.0289199987,0.0,-0.0,-2999999.9999999995,-60000.0,60000.0,0.0,0.0,-0.0,0.0,0.0,-0.0,6051770.92495001,120632.07554999739,-120632.07554999739,-1202521.281454058,-54758.49065999966,54758.49065999966,0.5,0.8824977874755859,0.5,0.5,8824978.0,291.3797912597656,473.1572265625,313.16363525390625,-150000000.0,0.0,0.0,-107866752.0,0.0,0.0,-0.0,-0.0,257866752.0,-0.0,0.0,0.85,1.0,-1.0,1.0,True,True,False,,0,0
15303600.0,50,0.027797140226918166,False,False,ok,,,True,1.0,0.0,1,0.0,1.0,0.0,0.0,918413.4354507843,4351.359756865073,0.027797140226918166,-4351.359756865073,-0.027797140226918166,156539.83544146415,0.0,0.0,0.027797140226918166,0.030366040451364595,0.0009220964126939109,0.05,1.0,-70950.78766763308,-193.24878561151854,193.24878561151854,-864430.0289199987,0.0,-0.0,-3059999.9999999995,-60000.0,60000.0,0.0,0.0,-0.0,0.0,0.0,-0.0,6180704.30040001,128933.37545000017,-128933.37545000017,-1266910.0483615815,-64388.76690752362,64388.76690752362,0.5,0.8803660273551941,0.5,0.5,8803660.0,290.6759338378906,473.1572265625,313.16363525390625,-150000000.0,0.0,0.0,-78881392.0,-3266816.5,-3266816.5,-0.0,-0.0,232148208.0,-0.0,0.0,0.85,1.0,-1.0,1.0,True,True,False,,0,0
15307200.0,51,0.05616251375176882,False,False,ok,,,True,1.0,0.0,1,0.0,1.0,0.0,0.0,927205.1061114651,8791.670660680858,0.05616251375176882,-8791.670660680858,-0.05616251375176882,156539.83544146415,0.0,0.0,0.05616251375176882,0.028945201866902637,0.0008378247111157439,0.05,1.0,-73252.32363085251,-2301.5359632194304,2301.5359632194304,-864688.9841494546,-258.9552294559544,258.9552294559544,-3119999.9999999995,-60000.0,60000.0,0.0,0.0,-0.0,0.0,0.0,-0.0,6296778.40500001,116074.10459999926,-116074.10459999926,-1311631.9911082247,-44721.94274664321,44721.94274664321,0.5,0.8789452314376831,0.5,0.5,8789452.0,290.2068176269531,473.1572265625,313.16363525390625,-150000000.0,0.0,0.0,-66007176.0,-11113502.0,-11113502.0,-2301531.25,-2301531.25,229422208.0,-0.0,0.0,0.85,1.0,-1.0,1.0,True,True,False,,0,0
15310800.0,52,0.10315739168248315,False,False,ok,,,True,1.0,0.0,1,0.0,1.0,0.0,0.0,943353.3472300117,16148.241118546575,0.10315739168248315,-16148.241118546575,-0.10315739168248315,156539.83544146415,0.0,0.0,0.10315739168248315,0.02884569635835832,0.0008320741983986064,0.05,1.0,-80347.20299200359,-7094.879361151077,7094.879361151077,-867562.3349539516,-2873.350804497022,2873.350804497022,-3179999.9999999995,-60000.0,60000.0,0.0,0.0,-0.0,0.0,0.0,-0.0,6411489.509900008,114711.10489999875,-114711.10489999875,-1340226.6247240296,-28594.633615804836,28594.633615804836,0.5,0.8788456916809082,0.5,0.5,8788457.0,290.1739501953125,473.1572265625,313.16363525390625,-150000000.0,0.0,0.0,-21454514.0,-33544730.0,-33544730.0,-22637552.0,-22637552.0,227636800.0,-0.0,0.0,0.85,1.0,-1.0,1.0,True,True,False,,0,0
15314400.0,53,0.1783952851470045,False,False,ok,,,True,1.0,0.0,1,0.0,1.0,0.0,0.0,971279.3158104569,27925.96858044516,0.1783952851470045,-27925.96858044516,-0.1783952851470045,156539.83544146415,0.0,0.0,0.1783952851470045,0.030608557744972953,0.0009368838072273438,0.05,1.0,-92917.24423903594,-12570.04124703235,12570.04124703235,-877357.2910280676,-9794.956074115937,9794.956074115937,-3239999.9999999995,-60000.0,60000.0,0.0,0.0,-0.0,0.0,0.0,-0.0,6525307.90790001,113818.39800000191,-113818.39800000191,-1343754.0568224366,-3527.4320984070655,3527.4320984070655,0.5,0.8806085586547852,0.5,0.5,8806086.0,290.7560119628906,473.1572265625,313.16363525390625,-150000000.0,0.0,0.0,-21557834.0,-38889120.0,-38889120.0,-59113740.0,-59113740.0,269560704.0,-0.0,0.0,0.85,1.0,-1.0,1.0,True,True,False,,0,0
15318000.0,54,0.24272651065232048,False,False,ok,,,True,1.0,0.0,1,0.0,1.0,0.0,0.0,1009275.6838452519,37996.36803479504,0.24272651065232048,-37996.36803479504,-0.24272651065232048,156539.83544146415,0.0,0.0,0.24272651065232048,0.034064582924729025,0.0011603958098357402,0.05,1.0,-106738.16380962945,-13820.919570593513,13820.919570593513,-896041.6277504714,-18684.336722403765,18684.336722403765,-3299999.9999999995,-60000.0,60000.0,0.0,0.0,-0.0,0.0,0.0,-0.0,6660088.2532000085,134780.3452999983,-134780.3452999983,-1348032.7777946447,-4278.720972208073,4278.720972208073,0.5,0.8840645551681519,0.5,0.5,8840646.0,291.8971252441406,473.1572265625,313.16363525390625,-150000000.0,0.0,0.0,14979266.0,-40225284.0,-40225284.0,-93489944.0,-93489944.0,268735968.0,-0.0,0.0,0.85,1.0,-1.0,1.0,True,True,False,,0,0
15321600.0,55,0.22607106116522646,False,False,ok,,,True,1.0,0.0,1,0.0,1.0,0.0,0.0,1044664.8105581336,35389.12671288173,0.22607106116522646,-35389.12671288173,-0.22607106116522646,156539.83544146415,0.0,0.0,0.22607106116522646,0.03925309776213448,0.0015408056839236871,0.05,1.0,-122597.38107581648,-15859.217266187028,15859.217266187028,-922337.0348073504,-26295.40705687902,26295.40705687902,-3359999.9999999995,-60000.0,60000.0,0.0,0.0,-0.0,0.0,0.0,-0.0,6794456.2323000105,134367.97910000198,-134367.97910000198,-1344857.0058586965,3175.7719359481707,-3175.7719359481707,0.5,0.8892530798912048,0.5,0.5,8892531.0,293.6102294921875,473.1572265625,313.16363525390625,-150000000.0,0.0,0.0,54910340.0,-51833092.0,-51833092.0,-119182304.0,-119182304.0,266105056.0,-0.0,0.0,0.85,1.0,-1.0,1.0,True,True,False,,0,0
15325200.0,56,0.18679282368696712,False,False,ok,,,True,1.0,0.0,1,0.0,1.0,0.0,0.0,1073905.328439738,29240.51788160426,0.18679282368696712,-29240.51788160426,-0.18679282368696712,156539.83544146415,0.0,0.0,0.18679282368696712,0.04527173596435752,0.002049530077226502,0.05,1.0,-138773.41180747116,-16176.030731654682,16176.030731654682,-956749.0322288971,-34411.99742154672,34411.99742154672,-3419999.9999999995,-60000.0,60000.0,0.0,0.0,-0.0,0.0,0.0,-0.0,6927508.762300006,133052.5299999956,-133052.5299999956,-1338080.9898238904,6776.016034806147,-6776.016034806147,0.5,0.8952717185020447,0.5,0.5,8952717.0,295.5974426269531,473.1572265625,313.16363525390625,-150000000.0,0.0,0.0,106742720.0,-39687832.0,-39687832.0,-159620032.0,-159620032.0,242565136.0,-0.0,0.0,0.85,1.0,-1.0,1.0,True,True,False,,0,0
15328800.0,57,0.11992806524786423,False,False,ok,,,True,1.0,0.0,1,0.0,1.0,0.0,0.0,1092678.8480384517,18773.519598713843,0.11992806524786423,-18773.519598713843,-0.11992806524786423,156539.83544146415,0.0,0.0,0.11992806524786423,0.05070745543397892,0.0025712460365889585,0.05,0.0,-150271.70149137403,-11498.289683902869,11498.289683902869,-998481.4824644898,-41732.45023559267,41732.45023559267,-3479999.9999999995,-60000.0,60000.0,0.0,0.0,-0.0,0.0,0.0,-0.0,7048791.329550008,121282.56725000218,-121282.56725000218,-1327359.297555681,10721.692268209299,-10721.692268209299,0.5,0.900707483291626,0.5,0.5,9007075.0,297.3921813964844,473.1572265625,313.16363525390625,-150000000.0,0.0,0.0,120738456.0,-25138130.0,-25138130.0,-175690384.0,-175690384.0,230090048.0,-0.0,0.0,0.85,1.0,-1.0,1.0,True,True,False,,0,0
15332400.0,58,0.09924771427845064,False,False,ok,,,True,1.0,0.0,1,0.0,1.0,0.0,0.0,1108215.0688995419,15536.220861090114,0.09924771427845064,-15536.220861090114,-0.09924771427845064,156539.83544146415,0.0,0.0,0.09924771427845064,0.05497929947545155,0.003022723370811387,0.05,0.0,-157095.4232067517,-6823.721715377673,6823.721715377673,-1042857.6730634129,-44376.19059892313,44376.19059892313,-3539999.9999999995,-60000.0,60000.0,0.0,0.0,-0.0,0.0,0.0,-0.0,7163836.35725001,115045.02770000137,-115045.02770000137,-1315668.1920802896,11691.105475391494,-11691.105475391494,0.5,0.9049792885780334,0.5,0.5,9049793.0,298.8026123046875,473.1572265625,313.16363525390625,-150000000.0,0.0,0.0,104148584.0,-13237778.0,-13237778.0,-179689168.0,-179689168.0,238778352.0,-0.0,0.0,0.85,1.0,-1.0,1.0,True,True,False,,0,0
15336000.0,59,0.14375008763902172,False,False,ok,,,True,1.0,0.0,1,0.0,1.0,0.0,0.0,1130717.6839632504,22502.61506370851,0.14375008763902172,-22502.61506370851,-0.14375008763902172,156539.83544146415,0.0,0.0,0.14375008763902172,0.058033393435204195,0.003367874753605201,0.05,0.0,-160542.45958660782,-3447.0363798561157,3447.0363798561157,-1085435.2719526424,-42577.59888922947,42577.59888922947,-3599999.9999999995,-60000.0,60000.0,0.0,0.0,-0.0,0.0,0.0,-0.0,7283225.53630001,119389.17905000038,-119389.17905000038,-1306530.120797496,9138.071282793535,-9138.071282793535,0.5,0.9080333709716797,0.5,0.5,9080334.0,299.8110046386719,473.1572265625,313.16363525390625,-150000000.0,0.0,0.0,57713264.0,-6060431.5,-6060431.5,-158811152.0,-158811152.0,257158320.0,-0.0,0.0,0.85,1.0,-1.0,1.0,True,True,False,,0,0
15339600.0,60,0.2202940665300186,False,False,ok,,,True,1.0,0.0,1,0.0,1.0,0.0,0.0,1165202.4808865904,34484.796923340065,0.2202940665300186,-34484.796923340065,-0.2202940665300186,156539.83544146415,0.0,0.0,0.2202940665300186,0.06022718204423472,0.0036273134569893887,0.05,0.0,-162160.51605279485,-1618.0564661870303,1618.0564661870303,-1122473.2297825667,-37037.9578299243,37037.9578299243,-3659999.9999999995,-60000.0,60000.0,0.0,0.0,-0.0,0.0,0.0,-0.0,7411804.694100014,128579.15780000389,-128579.15780000389,-1301968.4673780438,4561.653419452254,-4561.653419452254,0.5,0.9102271795272827,0.5,0.5,9102272.0,300.53533935546875,473.1572265625,313.16363525390625,-150000000.0,0.0,0.0,22948264.0,-2958181.25,-2958181.25,-135045120.0,-135045120.0,265055040.0,-0.0,0.0,0.85,1.0,-1.0,1.0,True,True,False,,0,0
15343200.0,61,0.26256817246544106,False,False,ok,,,True,1.0,0.0,1,0.0,1.0,0.0,0.0,1206304.8593964966,41102.37850990612,0.26256817246544106,-41102.37850990612,-0.26256817246544106,156539.83544146415,0.0,0.0,0.26256817246544106,0.061794514001884515,0.0038185619607291016,0.05,0.0,-163132.1369736582,-971.6209208633518,971.6209208633518,-1151492.754326489,-29019.524543922395,29019.524543922395,-3719999.9999999995,-60000.0,60000.0,0.0,0.0,-0.0,0.0,0.0,-0.0,7544332.213650011,132527.51954999752,-132527.51954999752,-1303402.4629533521,-1433.995575308334,1433.995575308334,0.5,0.9117945432662964,0.5,0.5,9117945.0,301.0528564453125,473.1572265625,313.16363525390625,-150000000.0,0.0,0.0,-17949626.0,-2555257.5,-2555257.5,-92517784.0,-92517784.0,263022672.0,-0.0,0.0,0.85,1.0,-1.0,1.0,True,True,False,,0,0
15346800.0,62,0.20949228575274093,False,False,ok,,,True,1.0,0.0,1,0.0,1.0,0.0,0.0,1239098.7473344868,32793.88793799025,0.20949228575274093,-32793.88793799025,-0.20949228575274093,156539.83544146415,0.0,0.0,0.20949228575274093,0.0627179539641829,0.003933541749453364,0.05,0.0,-164137.67997554666,-1005.5430018884654,1005.5430018884654,-1171762.6896169474,-20269.93529045838,20269.93529045838,-3779999.9999999995,-60000.0,60000.0,0.0,0.0,-0.0,0.0,0.0,-0.0,7675843.546000012,131511.33235000074,-131511.33235000074,-1320844.4290730145,-17441.966119662393,17441.966119662393,0.5,0.9127179384231567,0.5,0.5,9127180.0,301.35772705078125,473.1572265625,313.16363525390625,-150000000.0,0.0,0.0,-48438112.0,-3266816.5,-3266816.5,-66959520.0,-66959520.0,268664448.0,-0.0,0.0,0.85,1.0,-1.0,1.0,True,True,False,,0,0
15350400.0,63,0.15256524908548358,False,False,ok,,,True,1.0,0.0,1,0.0,1.0,0.0,0.0,1262981.2863204144,23882.53898592759,0.15256524908548358,-23882.53898592759,-0.15256524908548358,156539.83544146415,0.0,0.0,0.15256524908548358,0.06296909039893372,0.0039651063456690875,0.05,0.0,-165089.287020151,-951.607044604345,951.607044604345,-1186097.8785943424,-14335.188977394952,14335.188977394952,-3839999.9999999995,-60000.0,60000.0,0.0,0.0,-0.0,0.0,0.0,-0.0,7810175.770500015,134332.22450000234,-134332.22450000234,-1356007.3185650874,-35162.88949207286,35162.88949207286,0.5,0.9129691123962402,0.5,0.5,9129691.0,301.440673828125,473.1572265625,313.16363525390625,-150000000.0,0.0,0.0,-30030354.0,-2065241.625,-2065241.625,-45479664.0,-45479664.0,227575264.0,-0.0,0.0,0.85,1.0,-1.0,1.0,True,True,False,,0,0
15354000.0,64,0.1269800368761194,False,False,ok,,,True,1.0,0.0,1,0.0,1.0,0.0,0.0,1282858.7203973532,19877.434076938778,0.1269800368761194,-19877.434076938778,-0.1269800368761194,156539.83544146415,0.0,0.0,0.1269800368761194,0.06211271888768821,0.00385798984762098,0.05,0.0,-165199.97382955026,-110.68680939925252,110.68680939925252,-1195066.3770016455,-8968.498407303123,8968.498407303123,-3899999.9999999995,-60000.0,60000.0,0.0,0.0,-0.0,0.0,0.0,-0.0,7923963.39900001,113787.62849999592,-113787.62849999592,-1380838.3277714464,-24831.009206359042,24831.009206359042,0.5,0.9121127128601074,0.5,0.5,9121127.0,301.15789794921875,473.1572265625,313.16363525390625,-150000000.0,0.0,0.0,-52151548.0,0.0,0.0,-24006336.0,-24006336.0,226157888.0,-0.0,0.0,0.85,1.0,-1.0,1.0,True,True,False,,0,0
15357600.0,65,0.08380091004805397,False,False,ok,,,True,1.0,0.0,1,0.0,1.0,0.0,0.0,1295976.9010661205,13118.180668767309,0.08380091004805397,-13118.180668767309,-0.08380091004805397,156539.83544146415,0.0,0.0,0.08380091004805397,0.05943123489185875,0.003532071680771289,0.05,0.0,-165199.97382955026,0.0,-0.0,-1199162.0693293365,-4095.6923276910093,4095.6923276910093,-3959999.9999999995,-60000.0,60000.0,0.0,0.0,-0.0,0.0,0.0,-0.0,8037042.341950006,113078.9429499954,-113078.9429499954,-1416703.397724988,-35865.069953541504,35865.069953541504,0.5,0.9094312191009521,0.5,0.5,9094312.0,300.2725524902344,473.1572265625,313.16363525390625,-150000000.0,0.0,0.0,-72748960.0,0.0,0.0,-6941256.5,-6941256.5,229690208.0,-0.0,0.0,0.85,1.0,-1.0,1.0,True,True,False,,0,0
15361200.0,66,0.05348107487398958,False,False,ok,,,True,1.0,0.0,1,0.0,1.0,0.0,0.0,1304348.8197261274,8371.918660006952,0.05348107487398958,-8371.918660006952,-0.05348107487398958,156539.83544146415,0.0,0.0,0.05348107487398958,0.055366848363745946,0.0030654878977340373,0.05,0.0,-165199.97382955026,0.0,-0.0,-1200119.8835507694,-957.8142214328982,957.8142214328982,-4019999.9999999995,-60000.0,60000.0,0.0,0.0,-0.0,0.0,0.0,-0.0,8151887.448200007,114845.10625000112,-114845.10625000112,-1462218.7710935478,-45515.37336855987,45515.37336855987,0.5,0.905366837978363,0.5,0.5,9053668.0,298.9305725097656,473.1572265625,313.16363525390625,-150000000.0,0.0,0.0,-82881456.0,0.0,0.0,-0.0,-0.0,232881456.0,-0.0,0.0,0.85,1.0,-1.0,1.0,True,True,False,,0,0
15364800.0,67,0.04287633586091356,False,False,ok,,,True,1.0,0.0,1,0.0,1.0,0.0,0.0,1311060.6742861278,6711.854560000356,0.04287633586091356,-6711.854560000356,-0.04287633586091356,156539.83544146415,0.0,0.0,0.04287633586091356,0.05060660256706184,0.00256102822338055,0.05,0.0,-165199.97382955026,0.0,-0.0,-1200119.8835507694,0.0,-0.0,-4079999.9999999995,-60000.0,60000.0,0.0,0.0,-0.0,0.0,0.0,-0.0,8268328.175400003,116440.72719999589,-116440.72719999589,-1511947.643733548,-49728.87264000019,49728.87264000019,0.5,0.900606632232666,0.5,0.5,9006066.0,297.3588562011719,473.1572265625,313.16363525390625,-150000000.0,0.0,0.0,-106408856.0,0.0,0.0,-0.0,-0.0,256408848.0,-0.0,0.0,0.85,1.0,-1.0,1.0,True,True,False,,0,0
15368400.0,68,0.027846678883410473,False,False,ok,,,True,1.0,0.0,1,0.0,1.0,0.0,0.0,1315419.7888161282,4359.11453000037,0.027846678883410473,-4359.11453000037,-0.027846678883410473,156539.83544146415,0.0,0.0,0.027846678883410473,0.04574007313846595,0.0020921542907122144,0.05,1.0,-165199.97382955026,0.0,-0.0,-1200119.8835507694,0.0,-0.0,-4139999.9999999995,-60000.0,60000.0,0.0,0.0,-0.0,0.0,0.0,-0.0,8396532.60275,128204.42734999675,-128204.42734999675,-1575792.956553548,-63845.31282000011,63845.31282000011,0.5,0.8957400918006897,0.5,0.5,8957401.0,295.7520446777344,473.1572265625,313.16363525390625,-150000000.0,0.0,0.0,-81168312.0,0.0,0.0,-0.0,-0.0,231168304.0,-0.0,0.0,0.85,1.0,-1.0,1.0,True,True,False,,0,0
15372000.0,69,0.04397071729754572,False,False,ok,,,True,1.0,0.0,1,0.0,1.0,0.0,0.0,1322302.957666129,6883.168850000948,0.04397071729754572,-6883.168850000948,-0.04397071729754572,156539.83544146415,0.0,0.0,0.04397071729754572,0.04163165709533989,0.0017331948725039642,0.05,1.0,-165199.97382955026,0.0,-0.0,-1200119.8835507694,0.0,-0.0,-4199999.999999999,-59999.999999999534,59999.999999999534,0.0,0.0,-0.0,0.0,0.0,-0.0,8512116.758499995,115584.15574999526,-115584.15574999526,-1624493.943453547,-48700.98689999897,48700.98689999897,0.5,0.8916316628456116,0.5,0.5,8916317.0,294.3955383300781,473.1572265625,313.16363525390625,-150000000.0,0.0,0.0,-99852112.0,0.0,0.0,-0.0,-0.0,249852112.0,-0.0,0.0,0.85,1.0,-1.0,1.0,True,True,False,,0,0
15375600.0,70,0.03819704863816581,False,False,ok,,,True,1.0,0.0,1,0.0,1.0,0.0,0.0,1328282.3173742972,5979.359708168078,0.03819704863816581,-5979.359708168078,-0.03819704863816581,156539.83544146415,0.0,0.0,0.03819704863816581,0.038585344898802054,0.0014888288409595097,0.05,1.0,-166550.3727229855,-1350.3988934352528,1350.3988934352528,-1200119.8835507694,0.0,-0.0,-4259999.999999999,-60000.0,60000.0,0.0,0.0,-0.0,0.0,0.0,-0.0,8637042.81315,124926.05465000495,-124926.05465000495,-1682090.239501944,-57596.296048396965,57596.296048396965,0.5,0.8885853290557861,0.5,0.5,8885853.0,293.38970947265625,473.1572265625,313.16363525390625,-150000000.0,0.0,0.0,-68171136.0,-10533294.0,-10533294.0,-0.0,-0.0,228704432.0,-0.0,0.0,0.85,1.0,-1.0,1.0,True,True,False,,0,0
15379200.0,71,0.07628950246909322,False,False,ok,,,True,1.0,0.0,1,0.0,1.0,0.0,0.0,1340224.6635367202,11942.346162423026,0.07628950246909322,-11942.346162423026,-0.07628950246909322,156539.83544146415,0.0,0.0,0.07628950246909322,0.036576623661349505,0.0013378493984639926,0.05,1.0,-173288.2772703776,-6737.9045473921,6737.9045473921,-1200119.8835507694,0.0,-0.0,-4319999.999999999,-60000.0,60000.0,0.0,0.0,-0.0,0.0,0.0,-0.0,8751395.027150001,114352.21400000155,-114352.21400000155,-1717762.202792129,-35671.96329018497,35671.96329018497,0.5,0.8865766525268555,0.5,0.5,8865766.0,292.7264709472656,473.1572265625,313.16363525390625,-150000000.0,0.0,0.0,-66903768.0,-31857300.0,-31857300.0,-0.0,-0.0,248761072.0,-0.0,0.0,0.85,1.0,-1.0,1.0,True,True,False,,0,0
15382800.0,72,0.0872928930635506,False,False,ok,,,True,1.0,0.0,1,0.0,1.0,0.0,0.0,1353889.4786520978,13664.81511537754,0.0872928930635506,-13664.81511537754,-0.0872928930635506,156539.83544146415,0.0,0.0,0.0872928930635506,0.03491197060350093,0.001218845691419713,0.05,1.0,-185245.56767190644,-11957.290401528822,11957.290401528822,-1200119.8835507694,0.0,-0.0,-4379999.999999999,-60000.0,60000.0,0.0,0.0,-0.0,0.0,0.0,-0.0,8875775.560150009,124380.53300000727,-124380.53300000727,-1756520.6302752225,-38758.42748309346,38758.42748309346,0.5,0.8849119544029236,0.5,0.5,8849120.0,292.1768493652344,473.1572265625,313.16363525390625,-150000000.0,0.0,0.0,-55889132.0,-37060004.0,-37060004.0,-0.0,-0.0,242949136.0,-0.0,0.0,0.85,1.0,-1.0,1.0,True,True,False,,0,0
15386400.0,73,0.08907355108069234,False,False,ok,,,True,1.0,0.0,1,0.0,1.0,0.0,0.0,1367833.0376804562,13943.559028358432,0.08907355108069234,-13943.559028358432,-0.08907355108069234,156539.83544146415,0.0,0.0,0.08907355108069234,0.033033414434822994,0.0010912064692227721,0.05,1.0,-196779.42975760787,-11533.862085701432,11533.862085701432,-1200119.8835507694,0.0,-0.0,-4439999.999999999,-60000.0,60000.0,0.0,0.0,-0.0,0.0,0.0,-0.0,8997250.12960001,121474.56945000216,-121474.56945000216,-1792517.7786111624,-35997.14833593997,35997.14833593997,0.5,0.8830333948135376,0.5,0.5,8830334.0,291.55657958984375,473.1572265625,313.16363525390625,-150000000.0,0.0,0.0,-85975024.0,-28171872.0,-28171872.0,-0.0,-0.0,264146896.0,-0.0,0.0,0.85,1.0,-1.0,1.0,True,True,False,,0,0
15390000.0,74,0.0653834172203326,False,False,ok,,,True,1.0,0.0,1,0.0,1.0,0.0,0.0,1378068.1470527276,10235.109372271458,0.0653834172203326,-10235.109372271458,-0.0653834172203326,156539.83544146415,0.0,0.0,0.0653834172203326,0.031044207685529512,0.0009637428308222896,0.05,1.0,-206089.14868278764,-9309.718925179768,9309.718925179768,-1200119.8835507694,0.0,-0.0,-4499999.999999999,-60000.0,60000.0,0.0,0.0,-0.0,0.0,0.0,-0.0,9129323.578900017,132073.44930000603,-132073.44930000603,-1845046.3996137108,-52528.621002548374,52528.621002548374,0.5,0.8810442090034485,0.5,0.5,8810442.0,290.8997802734375,473.1572265625,313.16363525390625,-150000000.0,0.0,0.0,-45606124.0,-24718974.0,-24718974.0,-0.0,-0.0,220325104.0,-0.0,0.0,0.85,1.0,-1.0,1.0,True,True,False,,0,0
15393600.0,75,0.09487561094860417,False,False,ok,,,True,1.0,0.0,1,0.0,1.0,0.0,0.0,1392919.9595780305,14851.81252530287,0.09487561094860417,-14851.81252530287,-0.09487561094860417,156539.83544146415,0.0,0.0,0.09487561094860417,0.029321079642212422,0.0008597257113849637,0.05,1.0,-215278.01621228395,-9188.867529496318,9188.867529496318,-1200349.0590282832,-229.17547751381062,229.17547751381062,-4559999.999999999,-60000.0,60000.0,0.0,0.0,-0.0,0.0,0.0,-0.0,9239486.12865002,110162.54975000396,-110162.54975000396,-1870939.0938313978,-25892.694217687007,25892.694217687007,0.5,0.8793210983276367,0.5,0.5,8793211.0,290.33087158203125,473.1572265625,313.16363525390625,-150000000.0,0.0,0.0,-58161104.0,-28171872.0,-28171872.0,-2037582.75,-2037582.75,238370560.0,-0.0,0.0,0.85,1.0,-1.0,1.0,True,True,False,,0,0
15397200.0,76,0.11486339962703854,False,False,ok,,,True,1.0,0.0,1,0.0,1.0,0.0,0.0,1410900.6572538943,17980.697675863747,0.11486339962703854,-17980.697675863747,-0.11486339962703854,156539.83544146415,0.0,0.0,0.11486339962703854,0.028770256230612468,0.0008277276435750956,0.05,1.0,-227331.88105041342,-12053.864838129462,12053.864838129462,-1202640.3804783234,-2291.32145004021,2291.32145004021,-4619999.999999999,-60000.0,60000.0,0.0,0.0,-0.0,0.0,0.0,-0.0,9358671.407700025,119185.27905000374,-119185.27905000374,-1897798.4889173643,-26859.395085966447,26859.395085966447,0.5,0.8787702322006226,0.5,0.5,8787703.0,290.14898681640625,473.1572265625,313.16363525390625,-150000000.0,0.0,0.0,-17620842.0,-42693468.0,-42693468.0,-17822536.0,-17822536.0,228136848.0,-0.0,0.0,0.85,1.0,-1.0,1.0,True,True,False,,0,0
15400800.0,77,0.1687887525184952,False,False,ok,,,True,1.0,0.0,1,0.0,1.0,0.0,0.0,1437322.8207975095,26422.163543615257,0.1687887525184952,-26422.163543615257,-0.1687887525184952,156539.83544146415,0.0,0.0,0.1687887525184952,0.029918695997243394,0.0008951283701754679,0.05,1.0,-241542.6713010429,-14210.790250629478,14210.790250629478,-1209129.8688275234,-6489.4883491999935,6489.4883491999935,-4679999.999999999,-60000.0,60000.0,0.0,0.0,-0.0,0.0,0.0,-0.0,9472739.830750033,114068.42305000871,-114068.42305000871,-1904744.46982392,-6945.980906555662,6945.980906555662,0.5,0.8799186944961548,0.5,0.5,8799187.0,290.5281677246094,473.1572265625,313.16363525390625,-150000000.0,0.0,0.0,99419.4375,-38099312.0,-38099312.0,-35814692.0,-35814692.0,223814576.0,-0.0,0.0,0.85,1.0,-1.0,1.0,True,True,False,,0,0
15404400.0,78,0.16835581151674678,False,False,ok,,,True,1.0,0.0,1,0.0,1.0,0.0,0.0,1463677.2118279552,26354.391030445695,0.16835581151674678,-26354.391030445695,-0.16835581151674678,156539.83544146415,0.0,0.0,0.16835581151674678,0.03260225106351233,0.0010629067744082911,0.05,1.0,-256788.52586794939,-15245.854566906492,15245.854566906492,-1221265.7785114157,-12135.90968389227,12135.90968389227,-4739999.999999999,-60000.0,60000.0,0.0,0.0,-0.0,0.0,0.0,-0.0,9584647.121950027,111907.29119999334,-111907.29119999334,-1902915.6057426755,1828.86408124445,-1828.86408124445,0.5,0.8826022744178772,0.5,0.5,8826023.0,291.4142150878906,473.1572265625,313.16363525390625,-150000000.0,0.0,0.0,-562141.1875,-50597012.0,-50597012.0,-63898380.0,-63898380.0,265057536.0,-0.0,0.0,0.85,1.0,-1.0,1.0,True,True,False,,0,0
15408000.0,79,0.24307797240178272,False,False,ok,,,True,1.0,0.0,1,0.0,1.0,0.0,0.0,1501728.597627175,38051.38579921983,0.24307797240178272,-38051.38579921983,-0.24307797240178272,156539.83544146415,0.0,0.0,0.24307797240178272,0.03654166892340893,0.00133529356770803,0.05,1.0,-275790.48153917235,-19001.955671222968,19001.955671222968,-1236876.4780673408,-15610.699555925094,15610.699555925094,-4799999.999999999,-60000.0,60000.0,0.0,0.0,-0.0,0.0,0.0,-0.0,9717175.887600027,132528.76565000042,-132528.76565000042,-1902780.3303663076,135.27537636784837,-135.27537636784837,0.5,0.8865416646003723,0.5,0.5,8865417.0,292.71490478515625,473.1572265625,313.16363525390625,-150000000.0,0.0,0.0,28220302.0,-58941584.0,-58941584.0,-60673296.0,-60673296.0,241394576.0,-0.0,0.0,0.85,1.0,-1.0,1.0,True,True,False,,0,0
15411600.0,80,0.17379471894955079,False,False,ok,,,True,1.0,0.0,1,0.0,1.0,0.0,0.0,1528934.3943321332,27205.796704958193,0.17379471894955079,-27205.796704958193,-0.17379471894955079,156539.83544146415,0.0,0.0,0.17379471894955079,0.04126432803899038,0.001702744768509408,0.05,1.0,-297333.7325326076,-21543.25099343527,21543.25099343527,-1251816.4767859401,-14939.998718599323,14939.998718599323,-4859999.999999999,-60000.0,60000.0,0.0,0.0,-0.0,0.0,0.0,-0.0,9837873.178050026,120697.29044999927,-120697.29044999927,-1899788.574399315,2991.755966992583,-2991.755966992583,0.5,0.8912643194198608,0.5,0.5,8912643.0,294.27423095703125,473.1572265625,313.16363525390625,-150000000.0,0.0,0.0,26128156.0,-64802668.0,-64802668.0,-58649320.0,-58649320.0,247323840.0,-0.0,0.0,0.85,1.0,-1.0,1.0,True,True,False,,0,0
15415200.0,81,0.18227499092851265,False,False,ok,,,True,1.0,0.0,1,0.0,1.0,0.0,0.0,1557467.691417177,28533.29708504374,0.18227499092851265,-28533.29708504374,-0.18227499092851265,156539.83544146415,0.0,0.0,0.18227499092851265,0.04619700196112475,0.002134162990196164,0.05,1.0,-319847.7197291004,-22513.987196492788,22513.987196492788,-1267341.1708674233,-15524.694081483176,15524.694081483176,-4919999.999999999,-60000.0,60000.0,0.0,0.0,-0.0,0.0,0.0,-0.0,9961535.094250023,123661.91619999707,-123661.91619999707,-1896878.5122362953,2910.0621630197857,-2910.0621630197857,0.5,0.8961970210075378,0.5,0.5,8961970.0,295.9028625488281,473.1572265625,313.16363525390625,-150000000.0,0.0,0.0,55669412.0,-63744572.0,-63744572.0,-66276704.0,-66276704.0,224351872.0,-0.0,0.0,0.85,1.0,-1.0,1.0,True,True,False,,0,0
15418800.0,82,0.10665898106702468,False,False,ok,,,True,1.0,0.0,1,0.0,1.0,0.0,0.0,1574164.0707617633,16696.379344586283,0.10665898106702468,-16696.379344586283,-0.10665898106702468,156539.83544146415,0.0,0.0,0.10665898106702468,0.05068639795900287,0.0025691109380584103,0.05,0.0,-343402.23144205,-23554.511712949607,23554.511712949607,-1286040.6981872206,-18699.527319797315,18699.527319797315,-4979999.999999999,-60000.0,60000.0,0.0,0.0,-0.0,0.0,0.0,-0.0,10073711.027950022,112175.933699999,-112175.933699999,-1890104.0275589617,6774.484677333618,-6774.484677333618,0.5,0.9006863832473755,0.5,0.5,9006864.0,297.3851623535156,473.1572265625,313.16363525390625,-150000000.0,0.0,0.0,57414340.0,-71745344.0,-71745344.0,-85113784.0,-85113784.0,249444784.0,-0.0,0.0,0.85,1.0,-1.0,1.0,True,True,False,,0,0
15422400.0,83,0.15580462249782057,False,False,ok,,,True,1.0,0.0,1,0.0,1.0,0.0,0.0,1598553.7007285915,24389.629966828274,0.15580462249782057,-24389.629966828274,-0.15580462249782057,156539.83544146415,0.0,0.0,0.15580462249782057,0.05403645721697192,0.002919938708561637,0.05,0.0,-369293.9933380032,-25891.761895953154,25891.761895953154,-1305864.313575896,-19823.61538867536,19823.61538867536,-5039999.999999999,-60000.0,60000.0,0.0,0.0,-0.0,0.0,0.0,-0.0,10198433.42150002,124722.39354999736,-124722.39354999736,-1884721.4138575043,5382.613701457391,-5382.613701457391,0.5,0.9040364623069763,0.5,0.5,9040365.0,298.49127197265625,473.1572265625,313.16363525390625,-150000000.0,0.0,0.0,58504276.0,-76740328.0,-76740328.0,-72158216.0,-72158216.0,240394272.0,-0.0,0.0,0.85,1.0,-1.0,1.0,True,True,False,,0,0
15426000.0,84,0.14904552784350805,False,False,ok,,,True,1.0,0.0,1,0.0,1.0,0.0,0.0,1621885.2631305004,23331.562401908915,0.14904552784350805,-23331.562401908915,-0.14904552784350805,156539.83544146415,0.0,0.0,0.14904552784350805,0.055767825702038976,0.003110050383532999,0.05,0.0,-395061.1061876434,-25767.112849640253,25767.112849640253,-1321566.0864945708,-15701.772918674862,15701.772918674862,-5099999.999999999,-60000.0,60000.0,0.0,0.0,-0.0,0.0,0.0,-0.0,10318630.554950025,120197.1334500052,-120197.1334500052,-1880118.09913728,4603.314720224356,-4603.314720224356,0.5,0.9057677984237671,0.5,0.5,9057678.0,299.06292724609375,473.1572265625,313.16363525390625,-150000000.0,0.0,0.0,20541660.0,-69877536.0,-69877536.0,-51293024.0,-51293024.0,250628896.0,-0.0,0.0,0.85,1.0,-1.0,1.0,True,True,False,,0,0
15429600.0,85,0.20530874608495986,False,False,ok,,,True,1.0,0.0,1,0.0,1.0,0.0,0.0,1654024.2604573334,32138.997326832963,0.20530874608495986,-32138.997326832963,-0.20530874608495986,156539.83544146415,0.0,0.0,0.20530874608495986,0.05619408206068632,0.0031577748586431487,0.05,0.0,-417873.98953575495,-22812.88334811153,22812.88334811153,-1332816.7957110878,-11250.70921651693,11250.70921651693,-5159999.999999999,-60000.0,60000.0,0.0,0.0,-0.0,0.0,0.0,-0.0,10443945.003400028,125314.44845000282,-125314.44845000282,-1879229.9576958185,888.1414414613973,-888.1414414613973,0.5,0.9061940908432007,0.5,0.5,9061941.0,299.2036437988281,473.1572265625,313.16363525390625,-150000000.0,0.0,0.0,24872464.0,-59614244.0,-59614244.0,-37275552.0,-37275552.0,222017328.0,-0.0,0.0,0.85,1.0,-1.0,1.0,True,True,False,,0,0
15433200.0,86,0.15773400012729163,False,False,ok,,,True,1.0,0.0,1,0.0,1.0,0.0,0.0,1678715.9148807835,24691.65442345012,0.15773400012729163,-24691.65442345012,-0.15773400012729163,156539.83544146415,0.0,0.0,0.15773400012729163,0.05540495631131759,0.003069709183859011,0.05,0.0,-437244.027814262,-19370.03827850707,19370.03827850707,-1341616.024826163,-8799.229115075199,8799.229115075199,-5219999.999999999,-60000.0,60000.0,0.0,0.0,-0.0,0.0,0.0,-0.0,10554953.670300033,111008.66690000519,-111008.66690000519,-1877377.7027787864,1852.2549170320854,-1852.2549170320854,0.5,0.9054049849510193,0.5,0.5,9054050.0,298.943115234375,473.1572265625,313.16363525390625,-150000000.0,0.0,0.0,10534241.0,-50290660.0,-50290660.0,-32641984.0,-32641984.0,222398400.0,-0.0,0.0,0.85,1.0,-1.0,1.0,True,True,False,,0,0
15436800.0,87,0.17058380530982264,False,False,ok,,,True,1.0,0.0,1,0.0,1.0,0.0,0.0,1705419.075692962,26703.160812178394,0.17058380530982264,-26703.160812178394,-0.17058380530982264,156539.83544146415,0.0,0.0,0.17058380530982264,0.05310893667356109,0.002820559154596322,0.05,0.0,-453002.5815912405,-15758.553776978457,15758.553776978457,-1348021.3380018761,-6405.313175713178,6405.313175713178,-5279999.999999999,-60000.0,60000.0,0.0,0.0,-0.0,0.0,0.0,-0.0,10666152.871800039,111199.20150000602,-111199.20150000602,-1879709.8765139165,-2332.1737351301126,2332.1737351301126,0.5,0.9031089544296265,0.5,0.5,9031089.0,298.1850280761719,473.1572265625,313.16363525390625,-150000000.0,0.0,0.0,-37027396.0,-38889120.0,-38889120.0,-16954608.0,-16954608.0,242871120.0,-0.0,0.0,0.85,1.0,-1.0,1.0,True,True,False,,0,0
15440400.0,88,0.11784157551736085,False,False,ok,,,True,1.0,0.0,1,0.0,1.0,0.0,0.0,1723865.9765326125,18446.900839650538,0.11784157551736085,-18446.900839650538,-0.11784157551736085,156539.83544146415,0.0,0.0,0.11784157551736085,0.0493863321635839,0.0024390098045718417,0.05,1.0,-463211.535409316,-10208.953818075533,10208.953818075533,-1351908.4117801597,-3887.0737782835495,3887.0737782835495,-5339999.999999999,-60000.0,60000.0,0.0,0.0,-0.0,0.0,0.0,-0.0,10787588.433400031,121435.56159999222,-121435.56159999222,-1908602.5096779072,-28892.633163990686,28892.633163990686,0.5,0.8993863463401794,0.5,0.5,8993863.0,296.9559020996094,473.1572265625,313.16363525390625,-150000000.0,0.0,0.0,-78498112.0,-18662400.0,-18662400.0,-13815844.0,-13815844.0,260976352.0,-0.0,0.0,0.85,1.0,-1.0,1.0,True,True,False,,0,0
15444000.0,89,0.06230544439686112,False,False,ok,,,True,1.0,0.0,1,0.0,1.0,0.0,0.0,1733619.2605456044,9753.284012991935,0.06230544439686112,-9753.284012991935,-0.06230544439686112,156539.83544146415,0.0,0.0,0.06230544439686112,0.04466991172703716,0.0019954010137012918,0.05,1.0,-466465.6259129131,-3254.090503597108,3254.090503597108,-1354427.389946788,-2518.978166628396,2518.978166628396,-5399999.999999999,-60000.0,60000.0,0.0,0.0,-0.0,0.0,0.0,-0.0,10918076.612300027,130488.17889999598,-130488.17889999598,-1963564.33589469,-54961.826216782676,54961.826216782676,0.5,0.8946698904037476,0.5,0.5,8946699.0,295.3986511230469,473.1572265625,313.16363525390625,-150000000.0,0.0,0.0,-99138680.0,-337450.375,-337450.375,-5466467.5,-5466467.5,254942592.0,-0.0,0.0,0.85,1.0,-1.0,1.0,True,True,False,,0,0
15447600.0,90,0.03557779122761934,False,False,ok,,,True,1.0,0.0,1,0.0,1.0,0.0,0.0,1739188.6021297467,5569.3415841422975,0.03557779122761934,-5569.3415841422975,-0.03557779122761934,156539.83544146415,0.0,0.0,0.03557779122761934,0.03976545209225979,0.0015812911801018085,0.05,1.0,-466477.43667550304,-11.810762589913793,11.810762589913793,-1355181.0794147518,-753.6894679637626,753.6894679637626,-5459999.999999999,-60000.0,60000.0,0.0,0.0,-0.0,0.0,0.0,-0.0,11045547.911950026,127471.29964999855,-127471.29964999855,-2024700.793729994,-61136.457835304085,61136.457835304085,0.5,0.8897654414176941,0.5,0.5,8897655.0,293.779296875,473.1572265625,313.16363525390625,-150000000.0,0.0,0.0,-97497240.0,0.0,0.0,-0.0,-0.0,247497232.0,-0.0,0.0,0.85,1.0,-1.0,1.0,True,True,False,,0,0
15451200.0,91,0.03353955301660735,False,False,ok,,,True,1.0,0.0,1,0.0,1.0,0.0,0.0,1744438.8782397467,5250.276109999977,0.03353955301660735,-5250.276109999977,-0.03353955301660735,156539.83544146415,0.0,0.0,0.03353955301660735,0.035472314860408916,0.0012582851215559871,0.05,1.0,-466477.43667550304,0.0,-0.0,-1355181.0794147518,0.0,-0.0,-5519999.999999999,-60000.0,60000.0,0.0,0.0,-0.0,0.0,0.0,-0.0,11169296.531400021,123748.61944999546,-123748.61944999546,-2083199.1370699941,-58498.34334000014,58498.34334000014,0.5,0.885472297668457,0.5,0.5,8854723.0,292.36181640625,473.1572265625,313.16363525390625,-150000000.0,0.0,0.0,-80046288.0,0.0,0.0,-0.0,-0.0,230046288.0,-0.0,0.0,0.85,1.0,-1.0,1.0,True,True,False,,0,0
15454800.0,92,0.044687484564371854,False,False,ok,,,True,1.0,0.0,1,0.0,1.0,0.0,0.0,1751434.2497197464,6995.37147999974,0.044687484564371854,-6995.37147999974,-0.044687484564371854,156539.83544146415,0.0,0.0,0.044687484564371854,0.032133663361517906,0.0010325723210313582,0.05,1.0,-466477.43667550304,0.0,-0.0,-1355181.0794147518,0.0,-0.0,-5579999.999999999,-60000.0,60000.0,0.0,0.0,-0.0,0.0,0.0,-0.0,11284319.674000025,115023.14260000363,-115023.14260000363,-2131226.908189995,-48027.771120001096,48027.771120001096,0.5,0.8821336627006531,0.5,0.5,8821337.0,291.25946044921875,473.1572265625,313.16363525390625,-150000000.0,0.0,0.0,-101899360.0,0.0,0.0,-0.0,-0.0,251899360.0,-0.0,0.0,0.85,1.0,-1.0,1.0,True,True,False,,0,0
15458400.0,93,0.030727410798883022,False,False,ok,,,True,1.0,0.0,1,0.0,1.0,0.0,0.0,1756244.3135497458,4810.063829999417,0.030727410798883022,-4810.063829999417,-0.030727410798883022,156539.83544146415,0.0,0.0,0.030727410798883022,0.029665698393692153,0.0008800536611855091,0.05,1.0,-466477.43667550304,0.0,-0.0,-1355181.0794147518,0.0,-0.0,-5639999.999999999,-60000.0,60000.0,0.0,0.0,-0.0,0.0,0.0,-0.0,11410269.354850028,125949.68085000291,-125949.68085000291,-2192366.525209994,-61139.61701999884,61139.61701999884,0.5,0.8796656727790833,0.5,0.5,8796657.0,290.444580078125,473.1572265625,313.16363525390625,-150000000.0,0.0,0.0,-72266472.0,0.0,0.0,-0.0,-0.0,222266480.0,-0.0,0.0,0.85,1.0,-1.0,1.0,True,True,False,,0,0
15462000.0,94,0.049657343947486075,False,False,ok,,,True,1.0,0.0,1,0.0,1.0,0.0,0.0,1764017.6659997455,7773.3524499996565,0.049657343947486075,-7773.3524499996565,-0.049657343947486075,156539.83544146415,0.0,0.0,0.049657343947486075,0.0278264525655344,0.0007743114623819359,0.05,1.0,-466477.43667550304,0.0,-0.0,-1355181.0794147518,0.0,-0.0,-5699999.999999999,-60000.0,60000.0,0.0,0.0,-0.0,0.0,0.0,-0.0,11521402.592600036,111133.2377500087,-111133.2377500087,-2235726.410509996,-43359.88530000206,43359.88530000206,0.5,0.877826452255249,0.5,0.5,8778265.0,289.8373107910156,473.1572265625,313.16363525390625,-150000000.0,0.0,0.0,-106037280.0,0.0,0.0,-0.0,-0.0,256037280.0,-0.0,0.0,0.85,1.0,-1.0,1.0,True,True,False,,0,0
15465600.0,95,0.028084044279218755,False,False,ok,,,True,1.0,0.0,1,0.0,1.0,0.0,0.0,1768413.9376697452,4396.271669999696,0.028084044279218755,-4396.271669999696,-0.028084044279218755,156539.83544146415,0.0,0.0,0.028084044279218755,0.02626958439550442,0.0006900910643125293,0.05,1.0,-466477.43667550304,0.0,-0.0,-1355181.0794147518,0.0,-0.0,-5759999.999999999,-60000.0,60000.0,0.0,0.0,-0.0,0.0,0.0,-0.0,11649421.234250043,128018.64165000618,-128018.64165000618,-2299348.780489998,-63622.36998000182,63622.36998000182,0.5,0.8762695789337158,0.5,0.5,8762696.0,289.3232727050781,473.1572265625,313.16363525390625,-150000000.0,0.0,0.0,-91215224.0,0.0,0.0,-0.0,-0.0,241215216.0,-0.0,0.0,0.85,1.0,-1.0,1.0,True,True,False,,0,0
15469200.0,96,0.03755259920532667,False,False,ok,,,True,1.0,0.0,1,0.0,1.0,0.0,0.0,1774292.4153697463,5878.4777000010945,0.03755259920532667,-5878.4777000010945,-0.03755259920532667,156539.83544146415,0.0,0.0,0.03755259920532667,0.02472499343830703,0.0006113253005243257,0.05,1.0,-466477.43667550304,0.0,-0.0,-1355181.0794147518,0.0,-0.0,-5819999.999999999,-60000.0,60000.0,0.0,0.0,-0.0,0.0,0.0,-0.0,11770028.845750049,120607.61150000617,-120607.61150000617,-2354077.914289996,-54729.13379999809,54729.13379999809,0.5,0.8747249841690063,0.5,0.5,8747250.0,288.81329345703125,473.1572265625,313.16363525390625,-150000000.0,0.0,0.0,-95789552.0,0.0,0.0,-0.0,-0.0,245789552.0,-0.0,0.0,0.85,1.0,-1.0,1.0,True,True,False,,0,0
15472800.0,97,0.03463044843959965,False,False,ok,,,True,1.0,0.0,1,0.0,1.0,0.0,0.0,1779713.4600697453,5421.044699999038,0.03463044843959965,-5421.044699999038,-0.03463044843959965,156539.83544146415,0.0,0.0,0.03463044843959965,0.022896834510624853,0.0005242650306069412,0.05,1.0,-466477.43667550304,0.0,-0.0,-1355181.0794147518,0.0,-0.0,-5879999.999999999,-60000.0,60000.0,0.0,0.0,-0.0,0.0,0.0,-0.0,11892923.622250047,122894.77649999782,-122894.77649999782,-2411551.646089997,-57473.731800001115,57473.731800001115,0.5,0.8728968501091003,0.5,0.5,8728968.0,288.2096862792969,473.1572265625,313.16363525390625,-150000000.0,0.0,0.0,-115564040.0,0.0,0.0,-0.0,-0.0,265564032.0,-0.0,0.0,0.85,1.0,-1.0,1.0,True,True,False,,0,0
15476400.0,98,0.021998210936465604,False,False,ok,,,True,1.0,0.0,1,0.0,1.0,0.0,0.0,1783157.0563897463,3443.596320000943,0.021998210936465604,-3443.596320000943,-0.021998210936465604,156539.83544146415,0.0,0.0,0.021998210936465604,0.020870726852167842,0.0004355872393377998,0.05,1.0,-466477.43667550304,0.0,-0.0,-1355181.0794147518,0.0,-0.0,-5939999.999999999,-60000.0,60000.0,0.0,0.0,-0.0,0.0,0.0,-0.0,12025705.640650049,132782.01840000227,-132782.01840000227,-2480890.068169996,-69338.422079999,69338.422079999,0.5,0.8708707094192505,0.5,0.5,8708707.0,287.54071044921875,473.1572265625,313.16363525390625,-150000000.0,0.0,0.0,-107481688.0,0.0,0.0,-0.0,-0.0,257481696.0,-0.0,0.0,0.85,1.0,-1.0,1.0,True,True,False,,0,0
15480000.0,99,0.02994398248045323,False,False,ok,,,True,1.0,0.0,1,0.0,1.0,0.0,0.0,1787844.4824796985,4687.426089952234,0.02994398248045323,-4687.426089952234,-0.02994398248045323,156539.83544146415,0.0,0.0,0.02994398248045323,0.01913973037778538,0.0003663292789343205,0.05,1.0,-466477.43667550304,0.0,-0.0,-1355492.2186504318,-311.13923567999154,311.13923567999154,-5999999.999999999,-60000.0,60000.0,0.0,0.0,-0.0,0.0,0.0,-0.0,12154446.484850042,128740.84419999272,-128740.84419999272,-2544632.3470443636,-63742.278874367476,63742.278874367476,0.5,0.8691397309303284,0.5,0.5,8691397.0,286.96917724609375,473.1572265625,313.16363525390625,-150000000.0,0.0,0.0,-115337624.0,0.0,0.0,-2766124.0,-2766124.0,268103744.0,-0.0,0.0,0.85,1.0,-1.0,1.0,True,True,False,,0,0
15483600.0,100,0.06255227844666571,False,False,ok,,,True,1.0,0.0,1,0.0,1.0,0.0,0.0,1797636.4058542282,9791.923374529695,0.06255227844666571,-9791.923374529695,-0.06255227844666571,156539.83544146415,0.0,0.0,0.06255227844666571,0.018828903337031022,0.00035452760087525796,0.05,1.0,-467812.064556021,-1334.6278805179754,1334.6278805179754,-1359527.2130615665,-4034.9944111346267,4034.9944111346267,-6059999.999999999,-60000.0,60000.0,0.0,0.0,-0.0,0.0,0.0,-0.0,12288498.357000045,134051.8721500039,-134051.8721500039,-2603522.673528182,-58890.32648381824,58890.32648381824,0.5,0.8688288927078247,0.5,0.5,8688289.0,286.8665466308594,473.1572265625,313.16363525390625,-150000000.0,0.0,0.0,-63542452.0,-12005940.0,-12005940.0,-32320362.0,-32320362.0,257868752.0,-0.0,0.0,0.85,1.0,-1.0,1.0,True,True,False,,0,0
15487200.0,101,0.18478134861363046,False,False,ok,,,True,1.0,0.0,1,0.0,1.0,0.0,0.0,1826562.0477588577,28925.641904629534,0.18478134861363046,-28925.641904629534,-0.18478134861363046,156539.83544146415,0.0,0.0,0.18478134861363046,0.02089721206784312,0.00043669347220840805,0.05,1.0,-477356.48077967204,-9544.416223651031,9544.416223651031,-1372787.2318126033,-13260.018751036841,13260.018751036841,-6119999.999999999,-60000.0,60000.0,0.0,0.0,-0.0,0.0,0.0,-0.0,12417432.732900038,128934.37589999288,-128934.37589999288,-2620726.9725488643,-17204.29902068246,17204.29902068246,0.5,0.8708972334861755,0.5,0.5,8708972.0,287.5494384765625,473.1572265625,313.16363525390625,-150000000.0,0.0,0.0,36965480.0,-50904428.0,-50904428.0,-77965448.0,-77965448.0,241904400.0,-0.0,0.0,0.85,1.0,-1.0,1.0,True,True,False,,0,0
15490800.0,102,0.12713121731954313,False,False,ok,,,True,1.0,0.0,1,0.0,1.0,0.0,0.0,1846463.147597532,19901.0998386743,0.12713121731954313,-19901.0998386743,-0.12713121731954313,156539.83544146415,0.0,0.0,0.12713121731954313,0.025086761889182574,0.0006293456220845432,0.05,1.0,-500999.0589097979,-23642.578130125883,23642.578130125883,-1397742.4067360915,-24955.17492348817,24955.17492348817,-6179999.999999999,-60000.0,60000.0,0.0,0.0,-0.0,0.0,0.0,-0.0,12538384.93365004,120952.20075000077,-120952.20075000077,-2613180.3204065757,7546.652142288629,-7546.652142288629,0.5,0.875086784362793,0.5,0.5,8750868.0,288.9327392578125,473.1572265625,313.16363525390625,-150000000.0,0.0,0.0,123586552.0,-90343320.0,-90343320.0,-126018088.0,-126018088.0,242774864.0,-0.0,0.0,0.85,1.0,-1.0,1.0,True,True,False,,0,0
15494400.0,103,0.0440156429335547,False,False,ok,,,True,1.0,0.0,1,0.0,1.0,0.0,0.0,1853353.349099201,6890.2015016688965,0.0440156429335547,-6890.2015016688965,-0.0440156429335547,156539.83544146415,0.0,0.0,0.0440156429335547,0.030563469402294485,0.0009341256619049913,0.05,1.0,-534149.4944817405,-33150.435571942595,33150.435571942595,-1433643.8391809978,-35901.43244490633,35901.43244490633,-6239999.999999999,-60000.0,60000.0,0.0,0.0,-0.0,0.0,0.0,-0.0,12659772.363050032,121387.42939999327,-121387.42939999327,-2598625.6802880587,14554.640118516982,-14554.640118516982,0.5,0.880563497543335,0.5,0.5,8805635.0,290.7409973144531,473.1572265625,313.16363525390625,-150000000.0,0.0,0.0,169248272.0,-100173424.0,-100173424.0,-164653984.0,-164653984.0,245579136.0,-0.0,0.0,0.85,1.0,-1.0,1.0,True,True,False,,0,0
15498000.0,104,0.00248061062173773,False,False,ok,,,True,1.0,0.0,1,0.0,1.0,0.0,0.0,1853741.663477722,388.31437852117233,0.00248061062173773,-388.31437852117233,-0.00248061062173773,156539.83544146415,0.0,0.0,0.00248061062173773,0.036445320373345025,0.001328261377115758,0.05,1.0,-570613.5231267945,-36464.02864505397,36464.02864505397,-1478306.5189726846,-44662.67979168682,44662.67979168682,-6299999.999999999,-60000.0,60000.0,0.0,0.0,-0.0,0.0,0.0,-0.0,12782561.934300039,122789.57125000656,-122789.57125000656,-2579900.2287227963,18725.451565262396,-18725.451565262396,0.5,0.8864453434944153,0.5,0.5,8864453.0,292.68304443359375,473.1572265625,313.16363525390625,-150000000.0,0.0,0.0,222906688.0,-109171056.0,-109171056.0,-195416144.0,-195416144.0,231680512.0,-0.0,0.0,0.85,1.0,-1.0,1.0,True,True,False,,0,0
15501600.0,105,-0.06887051181818478,False,False,ok,,,True,1.0,0.0,1,0.0,1.0,0.0,0.0,1842960.684890934,-10780.978586788056,-0.06887051181818478,10780.978586788056,0.06887051181818478,156539.83544146415,0.0,0.0,-0.06887051181818478,0.042048047856996784,0.001768038328584292,0.05,1.0,-609830.2189020644,-39216.69577526988,39216.69577526988,-1529041.9438277243,-50735.42485503969,50735.42485503969,-6359999.999999999,-60000.0,60000.0,0.0,0.0,-0.0,0.0,0.0,-0.0,12898402.18665003,115840.25234999135,-115840.25234999135,-2556569.3390292744,23330.889693521895,-23330.889693521895,0.5,0.8920480608940125,0.5,0.5,8920480.0,294.5329284667969,473.1572265625,313.16363525390625,-150000000.0,0.0,0.0,235626144.0,-115605528.0,-115605528.0,-212004944.0,-212004944.0,241984336.0,-0.0,0.0,0.85,1.0,-1.0,1.0,True,True,False,,0,0
15505200.0,106,-0.06326203464657923,False,False,ok,,,True,1.0,0.0,1,0.0,1.0,0.0,0.0,1833057.6563976663,-9903.028493267717,-0.06326203464657923,9903.028493267717,0.06326203464657923,156539.83544146415,0.0,0.0,-0.06326203464657923,0.04682335278617944,0.002192426366139018,0.05,1.0,-651011.7967163629,-41181.577814298565,41181.577814298565,-1582844.193175672,-53802.24934794777,53802.24934794777,-6419999.999999999,-60000.0,60000.0,0.0,0.0,-0.0,0.0,0.0,-0.0,13019394.353950035,120992.16730000451,-120992.16730000451,-2532480.707660296,24088.631368978415,-24088.631368978415,0.5,0.8968233466148376,0.5,0.5,8968234.0,296.1095886230469,473.1572265625,313.16363525390625,-150000000.0,0.0,0.0,262073008.0,-120195088.0,-120195088.0,-219088816.0,-219088816.0,227210896.0,-0.0,0.0,0.85,1.0,-1.0,1.0,True,True,False,,0,0
15508800.0,107,-0.10760555889301572,False,False,ok,,,True,1.0,0.0,1,0.0,1.0,0.0,0.0,1816213.0999159669,-16844.55648169946,-0.10760555889301572,16844.55648169946,0.10760555889301572,156539.83544146415,0.0,0.0,-0.10760555889301572,0.050644527924551985,0.0025648682087007256,0.05,0.0,-693080.076176794,-42068.27946043108,42068.27946043108,-1637311.0951732285,-54466.901997556444,54466.901997556444,-6479999.999999999,-60000.0,60000.0,0.0,0.0,-0.0,0.0,0.0,-0.0,13132999.798650026,113605.4446999915,-113605.4446999915,-2506395.5273840073,26085.18027628865,-26085.18027628865,0.5,0.9006445407867432,0.5,0.5,9006445.0,297.3712463378906,473.1572265625,313.16363525390625,-150000000.0,0.0,0.0,240404224.0,-120195088.0,-120195088.0,-216378560.0,-216378560.0,246169408.0,-0.0,0.0,0.85,1.0,-1.0,1.0,True,True,False,,0,0
15512400.0,108,-0.048100682472559816,False,False,ok,,,True,1.0,0.0,1,0.0,1.0,0.0,0.0,1808683.4269970902,-7529.672918876633,-0.048100682472559816,7529.672918876633,0.048100682472559816,156539.83544146415,0.0,0.0,-0.048100682472559816,0.053557593701568984,0.002868415843102342,0.05,0.0,-734342.2992883049,-41262.22311151086,41262.22311151086,-1689851.797190986,-52540.702017757576,52540.702017757576,-6539999.999999999,-60000.0,60000.0,0.0,0.0,-0.0,0.0,0.0,-0.0,13256084.504650023,123084.70599999651,-123084.70599999651,-2483206.9811736154,23188.546210391913,-23188.546210391913,0.5,0.9035575985908508,0.5,0.5,9035576.0,298.33306884765625,473.1572265625,313.16363525390625,-150000000.0,0.0,0.0,227469792.0,-115102432.0,-115102432.0,-202557136.0,-202557136.0,240189760.0,-0.0,0.0,0.85,1.0,-1.0,1.0,True,True,False,,0,0
15516000.0,109,-0.03012360492591738,False,False,ok,,,True,1.0,0.0,1,0.0,1.0,0.0,0.0,1803967.8828390834,-4715.544158006785,-0.03012360492591738,4715.544158006785,0.03012360492591738,156539.83544146415,0.0,0.0,-0.03012360492591738,0.05549155058673272,0.003079312186519916,0.05,0.0,-772314.8384070101,-37972.5391187052,37972.5391187052,-1737632.1416082531,-47780.34441726701,47780.34441726701,-6599999.999999999,-60000.0,60000.0,0.0,0.0,-0.0,0.0,0.0,-0.0,13376179.385550015,120094.88089999184,-120094.88089999184,-2462264.5226956503,20942.45847796509,-20942.45847796509,0.5,0.9054915308952332,0.5,0.5,9054916.0,298.97161865234375,473.1572265625,313.16363525390625,-150000000.0,0.0,0.0,204945024.0,-100635120.0,-100635120.0,-177058080.0,-177058080.0,222748176.0,-0.0,0.0,0.85,1.0,-1.0,1.0,True,True,False,,0,0
15519600.0,110,-0.019008503001378595,False,False,ok,,,True,1.0,0.0,1,0.0,1.0,0.0,0.0,1800992.294907259,-2975.5879318243824,-0.019008503001378595,2975.5879318243824,0.019008503001378595,156539.83544146415,0.0,0.0,-0.019008503001378595,0.0563664329182616,0.003177174759928885,0.05,0.0,-804189.6621149238,-31874.823707913747,31874.823707913747,-1778144.024328063,-40511.88271980989,40511.88271980989,-6659999.999999999,-60000.0,60000.0,0.0,0.0,-0.0,0.0,0.0,-0.0,13487553.476700012,111374.09114999697,-111374.09114999697,-2444227.495349751,18037.027345899493,-18037.027345899493,0.5,0.9063664078712463,0.5,0.5,9063664.0,299.260498046875,473.1572265625,313.16363525390625,-150000000.0,0.0,0.0,135213840.0,-79915064.0,-79915064.0,-143514896.0,-143514896.0,238216112.0,-0.0,0.0,0.85,1.0,-1.0,1.0,True,True,False,,0,0
15523200.0,111,0.09452709847229719,False,False,ok,,,True,1.0,0.0,1,0.0,1.0,0.0,0.0,1815789.5513468715,14797.25643961248,0.09452709847229719,-14797.25643961248,-0.09452709847229719,156539.83544146415,0.0,0.0,0.09452709847229719,0.05618155152127613,0.003156366731337804,0.05,0.0,-827856.9220695103,-23667.25995458651,23667.25995458651,-1809117.3599922957,-30973.335664232727,30973.335664232727,-6719999.999999999,-60000.0,60000.0,0.0,0.0,-0.0,0.0,0.0,-0.0,13606661.531100005,119108.05439999327,-119108.05439999327,-2433897.697691319,10329.79765843181,-10329.79765843181,0.5,0.9061815738677979,0.5,0.5,9061816.0,299.1994323730469,473.1572265625,313.16363525390625,-150000000.0,0.0,0.0,78362576.0,-53719440.0,-53719440.0,-99571928.0,-99571928.0,224928800.0,-0.0,0.0,0.85,1.0,-1.0,1.0,True,True,False,,0,0
15526800.0,112,0.1490608169724083,False,False,ok,,,True,1.0,0.0,1,0.0,1.0,0.0,0.0,1839123.5071065025,23333.955759631004,0.1490608169724083,-23333.955759631004,-0.1490608169724083,156539.83544146415,0.0,0.0,0.1490608169724083,0.05491781688967312,0.0030159666119276662,0.05,0.0,-841898.0794503556,-14041.157380845281,14041.157380845281,-1828464.302710952,-19346.942718656268,19346.942718656268,-6779999.999999999,-60000.0,60000.0,0.0,0.0,-0.0,0.0,0.0,-0.0,13719125.930500004,112464.39939999953,-112464.39939999953,-2429640.041232187,4257.656459132209,-4257.656459132209,0.5,0.90491783618927,0.5,0.5,9049178.0,298.7821960449219,473.1572265625,313.16363525390625,-150000000.0,0.0,0.0,-25126322.0,-25560814.0,-25560814.0,-49811308.0,-49811308.0,250498448.0,-0.0,0.0,0.85,1.0,-1.0,1.0,True,True,False,,0,0
15530400.0,113,0.1203729975070881,False,False,ok,,,True,1.0,0.0,1,0.0,1.0,0.0,0.0,1857966.676327858,18843.169221355347,0.1203729975070881,-18843.169221355347,-0.1203729975070881,156539.83544146415,0.0,0.0,0.1203729975070881,0.05158621463507118,0.0026611375403756323,0.05,0.0,-845173.4543259816,-3275.3748756259447,3275.3748756259447,-1836716.774131499,-8252.471420546994,8252.471420546994,-6839999.999999999,-60000.0,60000.0,0.0,0.0,-0.0,0.0,0.0,-0.0,13844375.15175001,125249.22125000507,-125249.22125000507,-2464518.246964659,-34878.20573247224,34878.20573247224,0.5,0.9015862345695496,0.5,0.5,9015862.0,297.6821594238281,473.1572265625,313.16363525390625,-150000000.0,0.0,0.0,-69103152.0,0.0,0.0,-12066890.0,-12066890.0,231170048.0,-0.0,0.0,0.85,1.0,-1.0,1.0,True,True,False,,0,0
15534000.0,114,0.05888332942609612,False,False,ok,,,True,1.0,0.0,1,0.0,1.0,0.0,0.0,1867184.2630264645,9217.58669860661,0.05888332942609612,-9217.58669860661,-0.05888332942609612,156539.83544146415,0.0,0.0,0.05888332942609612,0.04622248555962927,0.0021365181713101362,0.05,1.0,-845173.4543259816,0.0,-0.0,-1838384.3390447893,-1667.56491329032,1667.56491329032,-6899999.999999999,-60000.0,60000.0,0.0,0.0,-0.0,0.0,0.0,-0.0,13959960.172650006,115585.02089999616,-115585.02089999616,-2509218.1162527613,-44699.86928810226,44699.86928810226,0.5,0.8962224721908569,0.5,0.5,8962225.0,295.91119384765625,473.1572265625,313.16363525390625,-150000000.0,0.0,0.0,-99033320.0,0.0,0.0,-0.0,-0.0,249033328.0,-0.0,0.0,0.85,1.0,-1.0,1.0,True,True,False,,0,0
15537600.0,115,0.03255828087225349,False,False,ok,,,True,1.0,0.0,1,0.0,1.0,0.0,0.0,1872280.930956464,5096.66792999953,0.03255828087225349,-5096.66792999953,-0.03255828087225349,156539.83544146415,0.0,0.0,0.03255828087225349,0.041200067964167864,0.001697445600252051,0.05,1.0,-845173.4543259816,0.0,-0.0,-1838384.3390447893,0.0,-0.0,-6959999.999999999,-60000.0,60000.0,0.0,0.0,-0.0,0.0,0.0,-0.0,14084476.833000008,124516.66035000235,-124516.66035000235,-2568638.1086727595,-59419.99241999816,59419.99241999816,0.5,0.891200065612793,0.5,0.5,8912001.0,294.2528991699219,473.1572265625,313.16363525390625,-150000000.0,0.0,0.0,-86525504.0,0.0,0.0,-0.0,-0.0,236525504.0,-0.0,0.0,0.85,1.0,-1.0,1.0,True,True,False,,0,0
15541200.0,116,0.040548460026800515,False,False,ok,,,True,1.0,0.0,1,0.0,1.0,0.0,0.0,1878628.3802164642,6347.4492600001395,0.040548460026800515,-6347.4492600001395,-0.040548460026800515,156539.83544146415,0.0,0.0,0.040548460026800515,0.037652288593992944,0.001417694836365331,0.05,1.0,-845173.4543259816,0.0,-0.0,-1838384.3390447893,0.0,-0.0,-7019999.999999999,-60000.0,60000.0,0.0,0.0,-0.0,0.0,0.0,-0.0,14202739.586700007,118262.7536999993,-118262.7536999993,-2620553.4131127587,-51915.30443999916,51915.30443999916,0.5,0.8876522779464722,0.5,0.5,8876523.0,293.0815124511719,473.1572265625,313.16363525390625,-150000000.0,0.0,0.0,-107324736.0,0.0,0.0,-0.0,-0.0,257324736.0,-0.0,0.0,0.85,1.0,-1.0,1.0,True,True,False,,0,0
15544800.0,117,0.03450874466664522,False,False,ok,,,True,1.0,0.0,1,0.0,1.0,0.0,0.0,1884030.3734278723,5401.993211408146,0.03450874466664522,-5401.993211408146,-0.03450874466664522,156539.83544146415,0.0,0.0,0.03450874466664522,0.035412929079982836,0.001254075546023894,0.05,1.0,-846761.7078619527,-1588.253535971162,1588.253535971162,-1838384.3390447893,0.0,-0.0,-7079999.999999999,-60000.0,60000.0,0.0,0.0,-0.0,0.0,0.0,-0.0,14331401.954700008,128662.36800000072,-128662.36800000072,-2682225.5343653797,-61672.12125262106,61672.12125262106,0.5,0.8854129314422607,0.5,0.5,8854129.0,292.3421325683594,473.1572265625,313.16363525390625,-150000000.0,0.0,0.0,-97074400.0,-12005940.0,-12005940.0,-0.0,-0.0,259080336.0,-0.0,0.0,0.85,1.0,-1.0,1.0,True,True,False,,0,0
15548400.0,118,0.04848750121905537,False,False,ok,,,True,1.0,0.0,1,0.0,1.0,0.0,0.0,1891620.598889671,7590.22546179872,0.04848750121905537,-7590.22546179872,-0.04848750121905537,156539.83544146415,0.0,0.0,0.04848750121905537,0.03398558129419893,0.0011550197359046041,0.05,1.0,-851659.2708144707,-4897.5629525179975,4897.5629525179975,-1838384.3390447893,0.0,-0.0,-7139999.999999999,-60000.0,60000.0,0.0,0.0,-0.0,0.0,0.0,-0.0,14460942.123650007,129540.16894999892,-129540.16894999892,-2739277.914901063,-57052.38053568313,57052.38053568313,0.5,0.8839855790138245,0.5,0.5,8839856.0,291.870849609375,473.1572265625,313.16363525390625,-150000000.0,0.0,0.0,-59423868.0,-16532858.0,-16532858.0,-0.0,-0.0,225956720.0,-0.0,0.0,0.85,1.0,-1.0,1.0,True,True,False,,0,0
15552000.0,119,0.07200211286150272,False,False,ok,,,True,1.0,0.0,1,0.0,1.0,0.0,0.0,1902891.7977884484,11271.198898777366,0.07200211286150272,-11271.198898777366,-0.07200211286150272,156539.83544146415,0.0,0.0,0.07200211286150272,0.032503376492096336,0.0010564694833869607,0.05,1.0,-857072.8909547586,-5413.620140287909,5413.620140287909,-1838384.3390447893,0.0,-0.0,-7199999.999999999,-60000.0,60000.0,0.0,0.0,-0.0,0.0,0.0,-0.0,14573920.486800011,112978.3631500043,-112978.3631500043,-2775571.459011999,-36293.54411093611,36293.54411093611,0.5,0.8825033903121948,0.5,0.5,8825034.0,291.3814697265625,473.1572265625,313.16363525390625,-150000000.0,0.0,0.0,-52085508.0,-14193617.0,-14193617.0,-0.0,-0.0,216279120.0,-0.0,0.0,0.85,1.0,-1.0,1.0,True,True,False,,0,0
15555600.0,120,0.0720883030012342,False,False,ok,,,True,1.0,0.0,1,0.0,1.0,0.0,0.0,1914176.488877516,11284.691089067608,0.0720883030012342,-11284.691089067608,-0.0720883030012342,156539.83544146415,0.0,0.0,0.0720883030012342,0.030883160955231692,0.0009537696305867472,0.05,1.0,-861150.536049453,-4077.645094694337,4077.645094694337,-1838384.3390447893,0.0,-0.0,-7259999.999999999,-60000.0,60000.0,0.0,0.0,-0.0,0.0,0.0,-0.0,14682060.049550004,108139.56274999306,-108139.56274999306,-2808348.6855782373,-32777.22656623833,32777.22656623833,0.5,0.8808831572532654,0.5,0.5,8808832.0,290.84649658203125,473.1572265625,313.16363525390625,-150000000.0,0.0,0.0,-69568640.0,-8727546.0,-8727546.0,-0.0,-0.0,228296192.0,-0.0,0.0,0.85,1.0,-1.0,1.0,True,True,False,,0,0
15559200.0,121,0.05538881090019642,False,False,ok,,,True,1.0,0.0,1,0.0,1.0,0.0,0.0,1922847.0442211311,8670.555343615124,0.05538881090019642,-8670.555343615124,-0.05538881090019642,156539.83544146415,0.0,0.0,0.05538881090019642,0.02923750042459783,0.0008548314310783582,0.05,1.0,-863250.7793605141,-2100.2433110611746,2100.2433110611746,-1838384.3390447893,0.0,-0.0,-7319999.999999999,-60000.0,60000.0,0.0,0.0,-0.0,0.0,0.0,-0.0,14796208.141800009,114148.09225000441,-114148.09225000441,-2851725.9791735616,-43377.29359532427,43377.29359532427,0.5,0.8792374730110168,0.5,0.5,8792375.0,290.3031311035156,473.1572265625,313.16363525390625,-150000000.0,0.0,0.0,-47802956.0,-2958181.25,-2958181.25,-0.0,-0.0,200761136.0,-0.0,0.0,0.85,1.0,-1.0,1.0,True,True,False,,0,0
15562800.0,122,0.06863938667846348,False,False,ok,,,True,1.0,0.0,1,0.0,1.0,0.0,0.0,1933591.8425165808,10744.798295449698,0.06863938667846348,-10744.798295449698,-0.06863938667846348,156539.83544146415,0.0,0.0,0.06863938667846348,0.027595403640875205,0.0007615063021028285,0.05,1.0,-864400.0559861439,-1149.2766256297473,1149.2766256297473,-1838384.3390447893,0.0,-0.0,-7379999.999999999,-60000.0,60000.0,0.0,0.0,-0.0,0.0,0.0,-0.0,14896588.709700007,100380.56789999828,-100380.56789999828,-2880212.4721524827,-28486.49297892116,28486.49297892116,0.5,0.8775954246520996,0.5,0.5,8775954.0,289.7609558105469,473.1572265625,313.16363525390625,-150000000.0,0.0,0.0,-73954664.0,-3687015.0,-3687015.0,-0.0,-0.0,227641680.0,-0.0,0.0,0.85,1.0,-1.0,1.0,True,True,False,,0,0
15566400.0,123,0.05089396352119581,False,False,ok,,,True,1.0,0.0,1,0.0,1.0,0.0,0.0,1941558.7751911527,7966.932674571872,0.05089396352119581,-7966.932674571872,-0.05089396352119581,156539.83544146415,0.0,0.0,0.05089396352119581,0.02566744507218588,0.0006588177365336792,0.05,1.0,-864904.5395149209,-504.48352877702564,504.48352877702564,-1838649.1640711278,-264.82502633845434,264.82502633845434,-7439999.999999999,-60000.0,60000.0,0.0,0.0,-0.0,0.0,0.0,-0.0,15010409.5484,113820.83869999275,-113820.83869999275,-2925297.0696227956,-45084.597470312845,45084.597470312845,0.5,0.8756674528121948,0.5,0.5,8756674.0,289.1243896484375,473.1572265625,313.16363525390625,-150000000.0,0.0,0.0,-94433512.0,0.0,0.0,-2357698.5,-2357698.5,246791216.0,-0.0,0.0,0.85,1.0,-1.0,1.0,True,True,False,,0,0
15570000.0,124,0.06016184223545902,False,False,ok,,,True,1.0,0.0,1,0.0,1.0,0.0,0.0,1950976.5000745468,9417.724883394083,0.06016184223545902,-9417.724883394083,-0.06016184223545902,156539.83544146415,0.0,0.0,0.06016184223545902,0.02377550246411475,0.0005652745174211266,0.05,1.0,-864904.5395149209,0.0,-0.0,-1841575.4826164092,-2926.3185452814214,2926.3185452814214,-7499999.999999999,-60000.0,60000.0,0.0,0.0,-0.0,0.0,0.0,-0.0,15133805.1538,123395.60539999977,-123395.60539999977,-2976348.63159412,-51051.561971324496,51051.561971324496,0.5,0.8737754821777344,0.5,0.5,8737755.0,288.4997253417969,473.1572265625,313.16363525390625,-150000000.0,0.0,0.0,-51004484.0,0.0,0.0,-23084132.0,-23084132.0,224088608.0,-0.0,0.0,0.85,1.0,-1.0,1.0,True,True,False,,0,0
15573600.0,125,0.14672218933063982,False,False,ok,,,True,1.0,0.0,1,0.0,1.0,0.0,0.0,1973944.3674479765,22967.867373429704,0.14672218933063982,-22967.867373429704,-0.14672218933063982,156539.83544146415,0.0,0.0,0.14672218933063982,0.023309509948370666,0.0005433332540331911,0.05,1.0,-866969.7135832662,-2065.174068345339,2065.174068345339,-1851505.2001513361,-9929.717534926953,9929.717534926953,-7559999.999999999,-60000.0,60000.0,0.0,0.0,-0.0,0.0,0.0,-0.0,15245849.461350005,112044.30755000561,-112044.30755000561,-2993430.1801674175,-17081.54857329745,17081.54857329745,0.5,0.8733094930648804,0.5,0.5,8733095.0,288.3458557128906,473.1572265625,313.16363525390625,-150000000.0,0.0,0.0,10812700.0,-17405998.0,-17405998.0,-59830484.0,-59830484.0,216423776.0,-0.0,0.0,0.85,1.0,-1.0,1.0,True,True,False,,0,0
15577200.0,126,0.12698778676403735,False,False,ok,,,True,1.0,0.0,1,0.0,1.0,0.0,0.0,1993823.0146910946,19878.647243118146,0.12698778676403735,-19878.647243118146,-0.12698778676403735,156539.83544146415,0.0,0.0,0.12698778676403735,0.024823542861125314,0.0006162082801781255,0.05,1.0,-880228.2182883022,-13258.504705035943,13258.504705035943,-1871872.7089734767,-20367.508822140517,20367.508822140517,-7619999.999999999,-60000.0,60000.0,0.0,0.0,-0.0,0.0,0.0,-0.0,15354061.352650013,108211.8913000077,-108211.8913000077,-2988137.4106971226,5292.7694702949375,-5292.7694702949375,0.5,0.8748235702514648,0.5,0.5,8748235.0,288.84576416015625,473.1572265625,313.16363525390625,-150000000.0,0.0,0.0,87283760.0,-69877536.0,-69877536.0,-107560304.0,-107560304.0,240154080.0,-0.0,0.0,0.85,1.0,-1.0,1.0,True,True,False,,0,0
15580800.0,127,0.051377404394500566,False,False,ok,,,True,1.0,0.0,1,0.0,1.0,0.0,0.0,2001865.6251204193,8042.610429324675,0.051377404394500566,-8042.610429324675,-0.051377404394500566,156539.83544146415,0.0,0.0,0.051377404394500566,0.028452786478012637,0.0008095610583633788,0.05,1.0,-913683.9999317375,-33455.78164343536,33455.78164343536,-1903742.7696443223,-31870.060670845676,31870.060670845676,-7679999.999999999,-60000.0,60000.0,0.0,0.0,-0.0,0.0,0.0,-0.0,15474138.394800007,120077.04214999452,-120077.04214999452,-2974846.000103517,13291.4105936056,-13291.4105936056,0.5,0.8784527778625488,0.5,0.5,8784528.0,290.0440368652344,473.1572265625,313.16363525390625,-150000000.0,0.0,0.0,225555168.0,-131341672.0,-131341672.0,-151386768.0,-151386768.0,207173280.0,-0.0,0.0,0.85,1.0,-1.0,1.0,True,True,False,,0,0
15584400.0,128,-0.15677578047292573,False,False,ok,,,True,1.0,0.0,1,0.0,1.0,0.0,0.0,1977323.9702439804,-24541.6548764389,-0.15677578047292573,24541.6548764389,0.15677578047292573,156539.83544146415,0.0,0.0,-0.15677578047292573,0.033591197736316025,0.001128368565360283,0.05,1.0,-965069.0596439677,-51385.05971223011,51385.05971223011,-1946588.3565047805,-42845.586860458134,42845.586860458134,-7739999.999999999,-60000.0,60000.0,0.0,0.0,-0.0,0.0,0.0,-0.0,15577725.033950016,103586.63915000856,-103586.63915000856,-2948743.6475572675,26102.352546249516,-26102.352546249516,0.5,0.8835911750793457,0.5,0.5,8835912.0,291.7406311035156,473.1572265625,313.16363525390625,-150000000.0,0.0,0.0,308115584.0,-166699968.0,-166699968.0,-195346768.0,-195346768.0,203931136.0,-0.0,0.0,0.85,1.0,-1.0,1.0,True,True,False,,0,0
15588000.0,129,-0.25200019119382844,False,False,ok,,,True,1.0,0.0,1,0.0,1.0,0.0,0.0,1937875.901783281,-39448.068460699404,-0.25200019119382844,39448.068460699404,0.25200019119382844,156539.83544146415,0.0,0.0,-0.25200019119382844,0.038692803116729735,0.0014971330130300103,0.05,1.0,-1027851.8061649209,-62782.74652095325,62782.74652095325,-1998547.8641000502,-51959.50759526971,51959.50759526971,-7799999.999999999,-60000.0,60000.0,0.0,0.0,-0.0,0.0,0.0,-0.0,15679690.602750007,101965.56879999116,-101965.56879999116,-2915415.0307017444,33328.61685552308,-33328.61685552308,0.5,0.8886927962303162,0.5,0.5,8886928.0,293.425048828125,473.1572265625,313.16363525390625,-150000000.0,0.0,0.0,346060096.0,-195408928.0,-195408928.0,-222921536.0,-222921536.0,222270400.0,-0.0,0.0,0.85,1.0,-1.0,1.0,True,True,False,,0,0
15591600.0,130,-0.26367707828978315,False,False,ok,,,True,1.0,0.0,1,0.0,1.0,0.0,0.0,1896599.9353381123,-41275.96644516871,-0.26367707828978315,41275.96644516871,0.26367707828978315,156539.83544146415,0.0,0.0,-0.26367707828978315,0.04286416228201173,0.001837336408138637,0.05,1.0,-1099864.6279965756,-72012.82183165464,72012.82183165464,-2054791.855909075,-56243.99180902471,56243.99180902471,-7859999.999999999,-60000.0,60000.0,0.0,0.0,-0.0,0.0,0.0,-0.0,15790825.800900005,111135.19814999774,-111135.19814999774,-2879569.381656233,35845.64904551115,-35845.64904551115,0.5,0.8928641676902771,0.5,0.5,8928642.0,294.80230712890625,473.1572265625,313.16363525390625,-150000000.0,0.0,0.0,372903456.0,-218699168.0,-218699168.0,-227479808.0,-227479808.0,223275520.0,-0.0,0.0,0.85,1.0,-1.0,1.0,True,True,False,,0,0
15595200.0,131,-0.2952113674249647,False,False,ok,,,True,1.0,0.0,1,0.0,1.0,0.0,0.0,1850387.5964609587,-46212.33887715358,-0.2952113674249647,46212.33887715358,0.2952113674249647,156539.83544146415,0.0,0.0,-0.2952113674249647,0.04603489221403745,0.0021192113011580457,0.05,1.0,-1179185.886556198,-79321.25855962234,79321.25855962234,-2111232.6955238283,-56440.83961475338,56440.83961475338,-7919999.999999999,-60000.0,60000.0,0.0,0.0,-0.0,0.0,0.0,-0.0,15902463.559299998,111637.75839999318,-111637.75839999318,-2841657.3807590115,37912.00089722173,-37912.00089722173,0.5,0.8960348963737488,0.5,0.5,8960349.0,295.8492126464844,473.1572265625,313.16363525390625,-150000000.0,0.0,0.0,373325312.0,-236492128.0,-236492128.0,-223667120.0,-223667120.0,236833936.0,-0.0,0.0,0.85,1.0,-1.0,1.0,True,True,False,,0,0
15598800.0,132,-0.251158730598697,False,False,ok,,,True,1.0,0.0,1,0.0,1.0,0.0,0.0,1811071.2501033517,-39316.34635760705,-0.251158730598697,39316.34635760705,0.251158730598697,156539.83544146415,0.0,0.0,-0.251158730598697,0.04836807645378027,0.0023394708198387335,0.05,1.0,-1262333.658301252,-83147.77174505405,83147.77174505405,-2160663.7848328715,-49431.08930904325,49431.08930904325,-7979999.999999999,-60000.0,60000.0,0.0,0.0,-0.0,0.0,0.0,-0.0,16020880.525249999,118416.96595000103,-118416.96595000103,-2806811.8320125216,34845.54874648992,-34845.54874648992,0.5,0.8983680605888367,0.5,0.5,8983681.0,296.61956787109375,473.1572265625,313.16363525390625,-150000000.0,0.0,0.0,319510400.0,-238879264.0,-238879264.0,-165582992.0,-165582992.0,234951856.0,-0.0,0.0,0.85,1.0,-1.0,1.0,True,True,False,,0,0
15602400.0,133,-0.22808180738747413,False,False,ok,,,True,1.0,0.0,1,0.0,1.0,0.0,0.0,1775367.3615077247,-35703.88859562692,-0.22808180738747413,35703.88859562692,0.22808180738747413,156539.83544146415,0.0,0.0,-0.22808180738747413,0.04983403880994597,0.002483431424111201,0.05,1.0,-1345065.4787200468,-82731.82041879487,82731.82041879487,-2203314.576888923,-42650.79205605155,42650.79205605155,-8039999.999999999,-60000.0,60000.0,0.0,0.0,-0.0,0.0,0.0,-0.0,16138356.455350008,117475.93010000885,-117475.93010000885,-2774609.038233303,32202.79377921857,-32202.79377921857,0.5,0.8998340368270874,0.5,0.5,8998340.0,297.1036071777344,473.1572265625,313.16363525390625,-150000000.0,0.0,0.0,333400768.0,-233333232.0,-233333232.0,-176722064.0,-176722064.0,226654512.0,-0.0,0.0,0.85,1.0,-1.0,1.0,True,True,False,,0,0
15606000.0,134,-0.21829449715481555,False,False,ok,,,True,1.0,0.0,1,0.0,1.0,0.0,0.0,1741195.5768453327,-34171.78466239199,-0.21829449715481555,34171.78466239199,0.21829449715481555,156539.83544146415,0.0,0.0,-0.21829449715481555,0.050266632272536915,0.0025267343200224496,0.05,0.0,-1423688.857427331,-78623.37870728411,78623.37870728411,-2242771.301827096,-39456.72493817285,39456.72493817285,-8099999.999999999,-60000.0,60000.0,0.0,0.0,-0.0,0.0,0.0,-0.0,16251683.713500008,113327.25815000013,-113327.25815000013,-2744027.977400239,30581.060833063908,-30581.060833063908,0.5,0.9002666473388672,0.5,0.5,9002666.0,297.2464294433594,473.1572265625,313.16363525390625,-150000000.0,0.0,0.0,288339136.0,-214203792.0,-214203792.0,-134451504.0,-134451504.0,210316160.0,-0.0,0.0,0.85,1.0,-1.0,1.0,True,True,False,,0,0
15609600.0,135,-0.1710378445260881,False,False,ok,,,True,1.0,0.0,1,0.0,1.0,0.0,0.0,1714421.3408089562,-26774.236036376562,-0.1710378445260881,26774.236036376562,0.1710378445260881,156539.83544146415,0.0,0.0,-0.1710378445260881,0.04971745502553049,0.002471825334215647,0.05,1.0,-1491491.4837222947,-67802.62629496376,67802.62629496376,-2271888.3889651475,-29117.087138051633,29117.087138051633,-8159999.999999999,-60000.0,60000.0,0.0,0.0,-0.0,0.0,0.0,-0.0,16356841.793000001,105158.07949999347,-105158.07949999347,-2719040.5795036,24987.39789663907,-24987.39789663907,0.5,0.8997174501419067,0.5,0.5,8997175.0,297.0650939941406,473.1572265625,313.16363525390625,-150000000.0,0.0,0.0,206299792.0,-169889888.0,-169889888.0,-94258264.0,-94258264.0,207848368.0,-0.0,0.0,0.85,1.0,-1.0,1.0,True,True,False,,0,0
15613200.0,136,-0.05755832855723645,False,False,ok,,,True,1.0,0.0,1,0.0,1.0,0.0,0.0,1705411.1695283207,-9010.17128063552,-0.05755832855723645,9010.17128063552,0.05755832855723645,156539.83544146415,0.0,0.0,-0.05755832855723645,0.04835462543616109,0.0023381698010714372,0.05,1.0,-1541590.8548014313,-50099.37107913662,50099.37107913662,-2290828.807538664,-18940.41857351642,18940.41857351642,-8219999.999999999,-60000.0,60000.0,0.0,0.0,-0.0,0.0,0.0,-0.0,16460765.974149995,103924.18114999309,-103924.18114999309,-2702935.1422815826,16105.437222017441,-16105.437222017441,0.5,0.8983546495437622,0.5,0.5,8983546.0,296.6151428222656,473.1572265625,313.16363525390625,-150000000.0,0.0,0.0,95887696.0,-113103648.0,-113103648.0,-52896020.0,-52896020.0,220111968.0,-0.0,0.0,0.85,1.0,-1.0,1.0,True,True,False,,0,0
15616800.0,137,0.11754827724519928,False,False,ok,,,True,1.0,0.0,1,0.0,1.0,0.0,0.0,1723812.1575047118,18400.9879763911,0.11754827724519928,-18400.9879763911,-0.11754827724519928,156539.83544146415,0.0,0.0,0.11754827724519928,0.04569428244706264,0.0020879674483519368,0.05,1.0,-1568106.6317691472,-26515.776967715938,26515.776967715938,-2299359.6796732787,-8530.872134614736,8530.872134614736,-8279999.999999999,-60000.0,60000.0,0.0,0.0,-0.0,0.0,0.0,-0.0,16570821.962149993,110055.98799999803,-110055.98799999803,-2699543.493202861,3391.649078721646,-3391.649078721646,0.5,0.8956942558288574,0.5,0.5,8956943.0,295.73675537109375,473.1572265625,313.16363525390625,-150000000.0,0.0,0.0,-22427122.0,-38624864.0,-38624864.0,-10826810.0,-10826810.0,221878800.0,-0.0,0.0,0.85,1.0,-1.0,1.0,True,True,False,,0,0
15620400.0,138,0.09815592512781801,False,False,ok,,,True,1.0,0.0,1,0.0,1.0,0.0,0.0,1739177.469871825,15365.312367113307,0.09815592512781801,-15365.312367113307,-0.09815592512781801,156539.83544146415,0.0,0.0,0.09815592512781801,0.040949792365827964,0.0016768854948044222,0.05,1.0,-1575747.1765690574,-7640.54479991016,7640.54479991016,-2300856.5794641203,-1496.8997908416204,1496.8997908416204,-8339999.999999999,-60000.0,60000.0,0.0,0.0,-0.0,0.0,0.0,-0.0,16681761.358849995,110939.39670000225,-110939.39670000225,-2725980.132944997,-26436.639742136,26436.639742136,0.5,0.8909497857093811,0.5,0.5,8909498.0,294.17022705078125,473.1572265625,313.16363525390625,-150000000.0,0.0,0.0,-92812288.0,-5940887.5,-5940887.5,-0.0,-0.0,248753168.0,-0.0,0.0,0.85,1.0,-1.0,1.0,True,True,False,,0,0
15624000.0,139,0.0408118055731296,False,False,ok,,,True,1.0,0.0,1,0.0,1.0,0.0,0.0,1745566.1432003118,6388.673328486737,0.0408118055731296,-6388.673328486737,-0.0408118055731296,156539.83544146415,0.0,0.0,0.0408118055731296,0.035509821565962274,0.0012609474276464793,0.05,1.0,-1577516.763504939,-1769.5869358815253,1769.5869358815253,-2300856.5794641203,0.0,-0.0,-8399999.999999998,-59999.99999999907,59999.99999999907,0.0,0.0,-0.0,0.0,0.0,-0.0,16806137.945550002,124376.58670000732,-124376.58670000732,-2782198.459380629,-56218.32643563207,56218.32643563207,0.5,0.8855098485946655,0.5,0.5,8855098.0,292.37408447265625,473.1572265625,313.16363525390625,-150000000.0,0.0,0.0,-92328464.0,-4008742.5,-4008742.5,-0.0,-0.0,246337216.0,-0.0,0.0,0.85,1.0,-1.0,1.0,True,True,False,,0,0
15627600.0,140,0.042548378118192995,False,False,ok,,,True,1.0,0.0,1,0.0,1.0,0.0,0.0,1752226.659309235,6660.516108923126,0.042548378118192995,-6660.516108923126,-0.042548378118192995,156539.83544146415,0.0,0.0,0.042548378118192995,0.03119638031555283,0.0009732141447926121,0.05,1.0,-1579328.6954014315,-1811.931896492606,1811.931896492606,-2300856.5794641203,0.0,-0.0,-8459999.999999998,-60000.0,60000.0,0.0,0.0,-0.0,0.0,0.0,-0.0,16929306.550349995,123168.60479999334,-123168.60479999334,-2836894.6161752134,-54696.156794584356,54696.156794584356,0.5,0.8811963796615601,0.5,0.5,8811964.0,290.9498596191406,473.1572265625,313.16363525390625,-150000000.0,0.0,0.0,-58735028.0,-6668178.5,-6668178.5,-0.0,-0.0,215403200.0,-0.0,0.0,0.85,1.0,-1.0,1.0,True,True,False,,0,0
15631200.0,141,0.0662414727137381,False,False,ok,,,True,1.0,0.0,1,0.0,1.0,0.0,0.0,1762596.0885472437,10369.4292380088,0.0662414727137381,-10369.4292380088,-0.0662414727137381,156539.83544146415,0.0,0.0,0.0662414727137381,0.027867191445256845,0.0007765803590465963,0.05,1.0,-1582002.3453986438,-2673.6499972122256,2673.6499972122256,-2300856.5794641203,0.0,-0.0,-8519999.999999998,-60000.0,60000.0,0.0,0.0,-0.0,0.0,0.0,-0.0,17037008.15414998,107701.60379998386,-107701.60379998386,-2871553.1407399927,-34658.52456477936,34658.52456477936,0.5,0.8778671622276306,0.5,0.5,8778672.0,289.85064697265625,473.1572265625,313.16363525390625,-150000000.0,0.0,0.0,-84266960.0,-8862169.0,-8862169.0,-0.0,-0.0,243129136.0,-0.0,0.0,0.85,1.0,-1.0,1.0,True,True,False,,0,0
15634800.0,142,0.048335983336497815,False,False,ok,,,True,1.0,0.0,1,0.0,1.0,0.0,0.0,1770162.5954246405,7566.506877396721,0.048335983336497815,-7566.506877396721,-0.048335983336497815,156539.83544146415,0.0,0.0,0.048335983336497815,0.024959557232102636,0.000622979497222607,0.05,1.0,-1584633.533241,-2631.187842356274,2631.187842356274,-2300856.5794641203,0.0,-0.0,-8579999.999999998,-60000.0,60000.0,0.0,0.0,-0.0,0.0,0.0,-0.0,17158572.719199985,121564.56505000591,-121564.56505000591,-2922920.0110702403,-51366.87033024756,51366.87033024756,0.5,0.8749595284461975,0.5,0.5,8749596.0,288.890625,473.1572265625,313.16363525390625,-150000000.0,0.0,0.0,-72070480.0,-5940887.5,-5940887.5,-0.0,-0.0,228011360.0,-0.0,0.0,0.85,1.0,-1.0,1.0,True,True,False,,0,0
15638400.0,143,0.054061985146592925,False,False,ok,,,True,1.0,0.0,1,0.0,1.0,0.0,0.0,1778625.449683127,8462.854258486535,0.054061985146592925,-8462.854258486535,-0.054061985146592925,156539.83544146415,0.0,0.0,0.054061985146592925,0.022161920562570048,0.0004911507230216651,0.05,1.0,-1586403.1201768816,-1769.5869358815253,1769.5869358815253,-2300856.5794641203,0.0,-0.0,-8639999.999999998,-60000.0,60000.0,0.0,0.0,-0.0,0.0,0.0,-0.0,17272578.401249975,114005.6820499897,-114005.6820499897,-2966693.251925872,-43773.240855631884,43773.240855631884,0.5,0.8721619248390198,0.5,0.5,8721619.0,287.9668884277344,473.1572265625,313.16363525390625,-150000000.0,0.0,0.0,-73199368.0,-4008742.5,-4008742.5,-0.0,-0.0,227208112.0,-0.0,0.0,0.85,1.0,-1.0,1.0,True,True,False,,0,0
15642000.0,144,0.05244131535642176,False,False,ok,,,True,1.0,0.0,1,0.0,1.0,0.0,0.0,1786834.6045593552,8209.15487622819,0.05244131535642176,-8209.15487622819,-0.05244131535642176,156539.83544146415,0.0,0.0,0.05244131535642176,0.019478964858601122,0.00037943007196261744,0.05,1.0,-1587705.0729776009,-1301.9528007193003,1301.9528007193003,-2300856.5794641203,0.0,-0.0,-8699999.999999998,-60000.0,60000.0,0.0,0.0,-0.0,0.0,0.0,-0.0,17386182.458299987,113604.05705001205,-113604.05705001205,-3010786.2012989246,-44092.949373052455,44092.949373052455,0.5,0.8694789409637451,0.5,0.5,8694790.0,287.0810546875,473.1572265625,313.16363525390625,-150000000.0,0.0,0.0,-88743048.0,-3370932.0,-3370932.0,-0.0,-0.0,242113984.0,-0.0,0.0,0.85,1.0,-1.0,1.0,True,True,False,,0,0
15645600.0,145,0.040916801731211795,False,False,ok,,,True,1.0,0.0,1,0.0,1.0,0.0,0.0,1793239.71396915,6405.10940979491,0.040916801731211795,-6405.10940979491,-0.040916801731211795,156539.83544146415,0.0,0.0,0.040916801731211795,0.01688785333085918,0.00028519959012461154,0.05,1.0,-1588568.1833373134,-863.1103597125039,863.1103597125039,-2300856.5794641203,0.0,-0.0,-8759999.999999998,-60000.0,60000.0,0.0,0.0,-0.0,0.0,0.0,-0.0,17507239.448250003,121056.98995001614,-121056.98995001614,-3064574.971479418,-53788.77018049359,53788.77018049359,0.5,0.8668878674507141,0.5,0.5,8668879.0,286.22552490234375,473.1572265625,313.16363525390625,-150000000.0,0.0,0.0,-87994280.0,-1404263.875,-1404263.875,-0.0,-0.0,239398544.0,-0.0,0.0,0.85,1.0,-1.0,1.0,True,True,False,,0,0
15649200.0,146,0.03986529680584055,False,False,ok,,,True,1.0,0.0,1,0.0,1.0,0.0,0.0,1799480.2209709615,6240.507001811406,0.03986529680584055,-6240.507001811406,-0.03986529680584055,156539.83544146415,0.0,0.0,0.03986529680584055,0.01440061361474021,0.00020737767248104108,0.05,1.0,-1588820.6892298495,-252.50589253613725,252.50589253613725,-2300856.5794641203,0.0,-0.0,-8819999.999999998,-60000.0,60000.0,0.0,0.0,-0.0,0.0,0.0,-0.0,17626938.720000006,119699.2717500031,-119699.2717500031,-3117781.2303350703,-53206.258855652064,53206.258855652064,0.5,0.8644006252288818,0.5,0.5,8644006.0,285.404296875,473.1572265625,313.16363525390625,-150000000.0,0.0,0.0,-76818560.0,0.0,0.0,-0.0,-0.0,226818560.0,-0.0,0.0,0.85,1.0,-1.0,1.0,True,True,False,,0,0
15652800.0,147,0.05012931993564374,False,False,ok,,,True,1.0,0.0,1,0.0,1.0,0.0,0.0,1807327.4564644797,7847.235493518179,0.05012931993564374,-7847.235493518179,-0.05012931993564374,156539.83544146415,0.0,0.0,0.05012931993564374,0.012057353502729962,0.00014537977348979446,0.05,1.0,-1588820.6892298495,0.0,-0.0,-2301234.5019880617,-377.92252394137904,377.92252394137904,-8879999.999999998,-60000.0,60000.0,0.0,0.0,-0.0,0.0,0.0,-0.0,17740348.00020001,113409.28020000458,-113409.28020000458,-3162965.352517611,-45184.122182540596,45184.122182540596,0.5,0.8620573282241821,0.5,0.5,8620574.0,284.630615234375,473.1572265625,313.16363525390625,-150000000.0,0.0,0.0,-46729408.0,0.0,0.0,-3362110.0,-3362110.0,200091520.0,-0.0,0.0,0.85,1.0,-1.0,1.0,True,True,False,,0,0
15656400.0,148,0.10814373587710067,False,False,ok,,,True,1.0,0.0,1,0.0,1.0,0.0,0.0,1824256.2590827062,16928.802618226502,0.10814373587710067,-16928.802618226502,-0.10814373587710067,156539.83544146415,0.0,0.0,0.10814373587710067,0.011417878941140325,0.0001303679595145357,0.05,1.0,-1589741.5878193171,-920.8985894676298,920.8985894676298,-2305720.337581964,-4485.835593902506,4485.835593902506,-8939999.999999998,-60000.0,60000.0,0.0,0.0,-0.0,0.0,0.0,-0.0,17840393.759800002,100045.75959999114,-100045.75959999114,-3180675.5753160142,-17710.222798403352,17710.222798403352,0.5,0.8614178895950317,0.5,0.5,8614179.0,284.4194641113281,473.1572265625,313.16363525390625,-150000000.0,0.0,0.0,-24358834.0,-8593628.0,-8593628.0,-35555160.0,-35555160.0,218507616.0,-0.0,0.0,0.85,1.0,-1.0,1.0,True,True,False,,0,0
15660000.0,149,0.17186510186967854,False,False,ok,,,True,1.0,0.0,1,0.0,1.0,0.0,0.0,1851159.9938475161,26903.734764809953,0.17186510186967854,-26903.734764809953,-0.17186510186967854,156539.83544146415,0.0,0.0,0.17186510186967854,0.014210432813842266,0.00020193640075672503,0.05,1.0,-1595054.7572070865,-5313.16938776942,5313.16938776942,-2320362.0390109685,-14641.701429004315,14641.701429004315,-8999999.999999998,-60000.0,60000.0,0.0,0.0,-0.0,0.0,0.0,-0.0,17949647.571450017,109253.81165001541,-109253.81165001541,-3183070.7813844304,-2395.206068416126,2395.206068416126,0.5,0.8642104268074036,0.5,0.5,8642104.0,285.34149169921875,473.1572265625,313.16363525390625,-150000000.0,0.0,0.0,38795172.0,-24510716.0,-24510716.0,-86090496.0,-86090496.0,221806048.0,-0.0,0.0,0.85,1.0,-1.0,1.0,True,True,False,,0,0
15663600.0,150,0.11033052463091558,False,False,ok,,,True,1.0,0.0,1,0.0,1.0,0.0,0.0,1868431.11601741,17271.122169893933,0.11033052463091558,-17271.122169893933,-0.11033052463091558,156539.83544146415,0.0,0.0,0.11033052463091558,0.02012357084788796,0.0004049581036699662,0.05,1.0,-1609791.1814351436,-14736.424228057032,14736.424228057032,-2346904.166618221,-26542.12760725245,26542.12760725245,-9059999.999999998,-60000.0,60000.0,0.0,0.0,-0.0,0.0,0.0,-0.0,18060550.59150002,110903.02005000412,-110903.02005000412,-3175424.127429227,7646.653955203481,-7646.653955203481,0.5,0.870123565196991,0.5,0.5,8701236.0,287.29388427734375,473.1572265625,313.16363525390625,-150000000.0,0.0,0.0,116532424.0,-68039000.0,-68039000.0,-130153552.0,-130153552.0,231660128.0,-0.0,0.0,0.85,1.0,-1.0,1.0,True,True,False,,0,0
15667200.0,151,0.0548766266613287,False,False,ok,,,True,1.0,0.0,1,0.0,1.0,0.0,0.0,1877021.4941245571,8590.378107147058,0.0548766266613287,-8590.378107147058,-0.0548766266613287,156539.83544146415,0.0,0.0,0.0548766266613287,0.026822155745053866,0.0007194280388119262,0.05,1.0,-1633092.4113902696,-23301.229955126066,23301.229955126066,-2384287.3937692544,-37383.22715103347,37383.22715103347,-9119999.999999998,-60000.0,60000.0,0.0,0.0,-0.0,0.0,0.0,-0.0,18176380.654100023,115830.0626000017,-115830.0626000017,-3161979.3548159203,13444.77261330653,-13444.77261330653,0.5,0.8768221735954285,0.5,0.5,8768222.0,289.5055847167969,473.1572265625,313.16363525390625,-150000000.0,0.0,0.0,180212768.0,-64802668.0,-64802668.0,-172748960.0,-172748960.0,207338864.0,-0.0,0.0,0.85,1.0,-1.0,1.0,True,True,False,,0,0
15670800.0,152,-0.03272548056156731,False,False,ok,,,True,1.0,0.0,1,0.0,1.0,0.0,0.0,1871898.6527827065,-5122.841341850581,-0.03272548056156731,5122.841341850581,0.03272548056156731,156539.83544146415,0.0,0.0,-0.03272548056156731,0.03257816824229265,0.0010613370460231253,0.05,1.0,-1653940.6218859535,-20848.21049568383,20848.21049568383,-2431232.077663192,-46944.68389393762,46944.68389393762,-9179999.999999998,-60000.0,60000.0,0.0,0.0,-0.0,0.0,0.0,-0.0,18280050.08900001,103669.43489998579,-103669.43489998579,-3142978.73666815,19000.61814777041,-19000.61814777041,0.5,0.8825781941413879,0.5,0.5,8825782.0,291.40606689453125,473.1572265625,313.16363525390625,-150000000.0,0.0,0.0,180885376.0,-53402352.0,-53402352.0,-205751376.0,-205751376.0,228268352.0,-0.0,0.0,0.85,1.0,-1.0,1.0,True,True,False,,0,0
15674400.0,153,0.008227374531295626,False,False,ok,,,True,1.0,0.0,1,0.0,1.0,0.0,0.0,1873186.5646379509,1287.9118552443106,0.008227374531295626,-1287.9118552443106,-0.008227374531295626,156539.83544146415,0.0,0.0,0.008227374531295626,0.03758866952932216,0.0014129080769845924,0.05,1.0,-1671943.9727283996,-18003.35084244609,18003.35084244609,-2484831.8985110633,-53599.82084787125,53599.82084787125,-9239999.999999998,-60000.0,60000.0,0.0,0.0,-0.0,0.0,0.0,-0.0,18394184.264850013,114134.17585000396,-114134.17585000396,-3124221.8289725888,18756.90769556118,-18756.90769556118,0.5,0.8875886797904968,0.5,0.5,8875887.0,293.0603942871094,473.1572265625,313.16363525390625,-150000000.0,0.0,0.0,203708080.0,-49075872.0,-49075872.0,-224788048.0,-224788048.0,220155840.0,-0.0,0.0,0.85,1.0,-1.0,1.0,True,True,False,,0,0
15678000.0,154,-0.021163954446959062,False,False,ok,,,True,1.0,0.0,1,0.0,1.0,0.0,0.0,1869873.5626915332,-3313.001946417615,-0.021163954446959062,3313.001946417615,0.021163954446959062,156539.83544146415,0.0,0.0,-0.021163954446959062,0.04181690226953949,0.001748653315420217,0.05,1.0,-1689215.7363406299,-17271.76361223031,17271.76361223031,-2541562.507007199,-56730.60849613557,56730.60849613557,-9299999.999999998,-60000.0,60000.0,0.0,0.0,-0.0,0.0,0.0,-0.0,18504262.186300002,110077.92144998908,-110077.92144998908,-3103610.3802606408,20611.448711948004,-20611.448711948004,0.5,0.8918169140815735,0.5,0.5,8918169.0,294.4564514160156,473.1572265625,313.16363525390625,-150000000.0,0.0,0.0,226486528.0,-49681148.0,-49681148.0,-229504464.0,-229504464.0,202699088.0,-0.0,0.0,0.85,1.0,-1.0,1.0,True,True,False,,0,0
15681600.0,155,-0.06948522067153781,False,False,ok,,,True,1.0,0.0,1,0.0,1.0,0.0,0.0,1858996.357681997,-10877.205009536352,-0.06948522067153781,10877.205009536352,0.06948522067153781,156539.83544146415,0.0,0.0,-0.06948522067153781,0.04519586525113961,0.002042666235799169,0.05,1.0,-1707038.9246594252,-17823.18831879529,17823.18831879529,-2598605.827624527,-57043.32061732793,57043.32061732793,-9359999.999999998,-60000.0,60000.0,0.0,0.0,-0.0,0.0,0.0,-0.0,18605611.731499985,101349.54519998282,-101349.54519998282,-3080970.6215340532,22639.75872658752,-22639.75872658752,0.5,0.8951958417892456,0.5,0.5,8951959.0,295.5721130371094,473.1572265625,313.16363525390625,-150000000.0,0.0,0.0,222207872.0,-52457564.0,-52457564.0,-226549552.0,-226549552.0,206799232.0,-0.0,0.0,0.85,1.0,-1.0,1.0,True,True,False,,0,0
15685200.0,156,-0.05716793679738098,False,False,ok,,,True,1.0,0.0,1,0.0,1.0,0.0,0.0,1850047.2982632068,-8949.059418790042,-0.05716793679738098,8949.059418790042,0.05716793679738098,156539.83544146415,0.0,0.0,-0.05716793679738098,0.04763601000992357,0.0022691894496655383,0.05,1.0,-1725897.9288500727,-18859.00419064751,18859.00419064751,-2653935.8885241193,-55330.06089959247,55330.06089959247,-9419999.999999998,-60000.0,60000.0,0.0,0.0,-0.0,0.0,0.0,-0.0,18709011.3495,103399.61800001562,-103399.61800001562,-3059130.233862601,21840.387671452016,-21840.387671452016,0.5,0.8976359963417053,0.5,0.5,8976360.0,296.3777770996094,473.1572265625,313.16363525390625,-150000000.0,0.0,0.0,201025072.0,-55644816.0,-55644816.0,-214905744.0,-214905744.0,219525488.0,-0.0,0.0,0.85,1.0,-1.0,1.0,True,True,False,,0,0
15688800.0,157,-0.008061221436877757,False,False,ok,,,True,1.0,0.0,1,0.0,1.0,0.0,0.0,1848785.3959860208,-1261.9022771860473,-0.008061221436877757,1261.9022771860473,0.008061221436877757,156539.83544146415,0.0,0.0,-0.008061221436877757,0.049040022800467375,0.00240492383627036,0.05,1.0,-1744818.5698679686,-18920.64101789589,18920.64101789589,-2704864.8080790783,-50928.91955495905,50928.91955495905,-9479999.999999998,-60000.0,60000.0,0.0,0.0,-0.0,0.0,0.0,-0.0,18818774.090800017,109762.74130001664,-109762.74130001664,-3040305.3168669334,18824.916995667852,-18824.916995667852,0.5,0.8990400433540344,0.5,0.5,8990400.0,296.84136962890625,473.1572265625,313.16363525390625,-150000000.0,0.0,0.0,169180608.0,-52144792.0,-52144792.0,-189913600.0,-189913600.0,222877776.0,-0.0,0.0,0.85,1.0,-1.0,1.0,True,True,False,,0,0
15692400.0,158,0.03878833536317925,False,False,ok,,,True,1.0,0.0,1,0.0,1.0,0.0,0.0,1854857.3156208212,6071.919634800404,0.03878833536317925,-6071.919634800404,-0.03878833536317925,156539.83544146415,0.0,0.0,0.03878833536317925,0.04941038331511194,0.0024413859793462923,0.05,1.0,-1761412.78135403,-16594.211486061336,16594.211486061336,-2748575.113813862,-43710.30573478388,43710.30573478388,-9539999.999999998,-60000.0,60000.0,0.0,0.0,-0.0,0.0,0.0,-0.0,18930212.97990001,111438.88909999281,-111438.88909999281,-3025367.7691112882,14937.547755645122,-14937.547755645122,0.5,0.8994103670120239,0.5,0.5,8994104.0,296.9636535644531,473.1572265625,313.16363525390625,-150000000.0,0.0,0.0,131462216.0,-41861664.0,-41861664.0,-156196096.0,-156196096.0,216595552.0,-0.0,0.0,0.85,1.0,-1.0,1.0,True,True,False,,0,0
15696000.0,159,0.07833717022930899,False,False,ok,,,True,1.0,0.0,1,0.0,1.0,0.0,0.0,1867120.2033574672,12262.887736645993,0.07833717022930899,-12262.887736645993,-0.07833717022930899,156539.83544146415,0.0,0.0,0.07833717022930899,0.04896766935362096,0.002397832641925549,0.05,1.0,-1773748.4510181486,-12335.669664118672,12335.669664118672,-2782848.6819574065,-34273.56814354425,34273.56814354425,-9599999.999999998,-60000.0,60000.0,0.0,0.0,-0.0,0.0,0.0,-0.0,19038510.756450027,108297.7765500173,-108297.7765500173,-3014793.420116979,10574.348994309083,-10574.348994309083,0.5,0.8989676833152771,0.5,0.5,8989677.0,296.8174743652344,473.1572265625,313.16363525390625,-150000000.0,0.0,0.0,48288560.0,-27727698.0,-27727698.0,-113427496.0,-113427496.0,242866640.0,-0.0,0.0,0.85,1.0,-1.0,1.0,True,True,False,,0,0
15699600.0,160,0.20866905070587172,False,False,ok,,,True,1.0,0.0,1,0.0,1.0,0.0,0.0,1899785.222216691,32665.018859223695,0.20866905070587172,-32665.018859223695,-0.20866905070587172,156539.83544146415,0.0,0.0,0.20866905070587172,0.04790530104939683,0.002294917868633341,0.05,1.0,-1780943.835442609,-7195.384424460353,7195.384424460353,-2805854.303094455,-23005.621137048583,23005.621137048583,-9659999.999999998,-60000.0,60000.0,0.0,0.0,-0.0,0.0,0.0,-0.0,19159944.073050015,121433.31659998745,-121433.31659998745,-3013360.712296246,1432.7078207330778,-1432.7078207330778,0.5,0.8979052901268005,0.5,0.5,8979053.0,296.4667053222656,473.1572265625,313.16363525390625,-150000000.0,0.0,0.0,-2130780.0,-12770173.0,-12770173.0,-65456836.0,-65456836.0,230357792.0,-0.0,0.0,0.85,1.0,-1.0,1.0,True,True,False,,0,0
15703200.0,161,0.1469017096428313,False,False,ok,,,True,1.0,0.0,1,0.0,1.0,0.0,0.0,1922781.1916702494,22995.96945355856,0.1469017096428313,-22995.96945355856,-0.1469017096428313,156539.83544146415,0.0,0.0,0.1469017096428313,0.045065475379850395,0.002030897071211902,0.05,1.0,-1782089.0729893714,-1145.2375467624515,1145.2375467624515,-2816721.2471761997,-10866.944081744645,10866.944081744645,-9719999.999999998,-60000.0,60000.0,0.0,0.0,-0.0,0.0,0.0,-0.0,19275122.968450032,115178.8954000175,-115178.8954000175,-3033531.4566141805,-20170.744317934383,20170.744317934383,0.5,0.8950654864311218,0.5,0.5,8950655.0,295.529052734375,473.1572265625,313.16363525390625,-150000000.0,0.0,0.0,-43857672.0,0.0,0.0,-15998244.0,-15998244.0,209855920.0,-0.0,0.0,0.85,1.0,-1.0,1.0,True,True,False,,0,0
15706800.0,162,0.0773946524250402,False,False,ok,,,True,1.0,0.0,1,0.0,1.0,0.0,0.0,1934896.5378249146,12115.346154665109,0.0773946524250402,-12115.346154665109,-0.0773946524250402,156539.83544146415,0.0,0.0,0.0773946524250402,0.039502888855748264,0.0015604782279496003,0.05,1.0,-1782089.0729893714,0.0,-0.0,-2818936.2027581036,-2214.9555819039233,2214.9555819039233,-9779999.999999998,-60000.0,60000.0,0.0,0.0,-0.0,0.0,0.0,-0.0,19380050.926750034,104927.95830000192,-104927.95830000192,-3064129.1131776115,-30597.656563431025,30597.656563431025,0.5,0.8895028829574585,0.5,0.5,8895029.0,293.6924133300781,473.1572265625,313.16363525390625,-150000000.0,0.0,0.0,-57176056.0,0.0,0.0,-0.0,-0.0,207176048.0,-0.0,0.0,0.85,1.0,-1.0,1.0,True,True,False,,0,0
15710400.0,163,0.059297331722769936,False,False,ok,,,True,1.0,0.0,1,0.0,1.0,0.0,0.0,1944178.9323749149,9282.394550000317,0.059297331722769936,-9282.394550000317,-0.059297331722769936,156539.83544146415,0.0,0.0,0.059297331722769936,0.03316690290297719,0.0011000434481755169,0.05,1.0,-1782089.0729893714,0.0,-0.0,-2818936.2027581036,0.0,-0.0,-9839999.999999998,-60000.0,60000.0,0.0,0.0,-0.0,0.0,0.0,-0.0,19483638.95400002,103588.02724998444,-103588.02724998444,-3098434.7458776096,-34305.632699998096,34305.632699998096,0.5,0.8831669092178345,0.5,0.5,8831669.0,291.60040283203125,473.1572265625,313.16363525390625,-150000000.0,0.0,0.0,-88369000.0,0.0,0.0,-0.0,-0.0,238368992.0,-0.0,0.0,0.85,1.0,-1.0,1.0,True,True,False,,0,0
15714000.0,164,0.03937081083942201,False,False,ok,,,True,1.0,0.0,1,0.0,1.0,0.0,0.0,1950342.032624915,6163.100250000134,0.03937081083942201,-6163.100250000134,-0.03937081083942201,156539.83544146415,0.0,0.0,0.03937081083942201,0.027810260113666274,0.0007734105675897772,0.05,1.0,-1782089.0729893714,0.0,-0.0,-2818936.2027581036,0.0,-0.0,-9899999.999999998,-60000.0,60000.0,0.0,0.0,-0.0,0.0,0.0,-0.0,19602823.452750027,119184.49875000864,-119184.49875000864,-3151456.144377609,-53021.398499999195,53021.398499999195,0.5,0.8778102397918701,0.5,0.5,8778103.0,289.831787109375,473.1572265625,313.16363525390625,-150000000.0,0.0,0.0,-82636152.0,0.0,0.0,-0.0,-0.0,232636160.0,-0.0,0.0,0.85,1.0,-1.0,1.0,True,True,False,,0,0
15717600.0,165,0.04303303648558063,False,False,ok,,,True,1.0,0.0,1,0.0,1.0,0.0,0.0,1957078.4170749143,6736.384449999314,0.04303303648558063,-6736.384449999314,-0.04303303648558063,156539.83544146415,0.0,0.0,0.04303303648558063,0.023332499959386133,0.0005444055543547539,0.05,1.0,-1782089.0729893714,0.0,-0.0,-2818936.2027581036,0.0,-0.0,-9959999.999999998,-60000.0,60000.0,0.0,0.0,-0.0,0.0,0.0,-0.0,19719141.53050001,116318.07774998248,-116318.07774998248,-3201037.8376776082,-49581.69329999946,49581.69329999946,0.5,0.8733325004577637,0.5,0.5,8733325.0,288.35333251953125,473.1572265625,313.16363525390625,-150000000.0,0.0,0.0,-67113992.0,0.0,0.0,-0.0,-0.0,217114000.0,-0.0,0.0,0.85,1.0,-1.0,1.0,False,True,False,,0,0
15721200.0,166,0.05294882658223019,False,False,ok,,,True,1.0,0.0,1,0.0,1.0,0.0,0.0,1965367.0176749153,8288.600600000937,0.05294882658223019,-8288.600600000937,-0.05294882658223019,156539.83544146415,0.0,0.0,0.05294882658223019,0.019487769381803077,0.0003797731554783415,0.05,1.0,-1782089.0729893714,0.0,-0.0,-2818936.2027581036,0.0,-0.0,-10019999.999999998,-60000.0,60000.0,0.0,0.0,-0.0,0.0,0.0,-0.0,19827698.527500026,108556.99700001627,-108556.99700001627,-3241306.2340776073,-40268.39639999904,40268.39639999904,0.5,0.8694877624511719,0.5,0.5,8694878.0,287.0838928222656,473.1572265625,313.16363525390625,-150000000.0,0.0,0.0,-52830552.0,0.0,0.0,-0.0,-0.0,202830560.0,-0.0,0.0,0.85,1.0,-1.0,1.0,False,True,False,,0,0
15724800.0,167,11.892096642450941,False,True,ok,,,True,1.0,0.0,1,0.0,1.0,0.0,0.0,1975083.962474916,9716.944800000638,0.06207330404173161,-9716.944800000638,-0.06207330404173161,156539.83544146415,0.0,11.830023338409209,11.892096642450941,0.016011930112958206,0.00025638190594225776,0.05,1.0,-1782089.0729893714,0.0,-0.0,-2818936.2027581036,0.0,-0.0,-10079999.999999998,-60000.0,60000.0,0.0,0.0,-0.0,0.0,0.0,-0.0,19929113.80350004,101415.27600001544,-101415.27600001544,-3273004.565277608,-31698.33120000083,31698.33120000083,0.5,0.866011917591095,0.5,0.5,8660119.0,285.9362487792969,473.1572265625,313.16363525390625,-150000000.0,0.0,0.0,-71018080.0,0.0,0.0,-0.0,-0.0,221018080.0,-0.0,0.0,0.85,1.0,-1.0,1.0,False,True,False,,0,0
