time,step,reward,terminated,truncated,fmu_status,fmu_error,failure_type,transition_valid,requested_u_tp,requested_u_battery,requested_caes_mode,requested_caes_magnitude,decoded_u_tp,decoded_u_battery,decoded_u_caes,rt_economic_cashflow_total,rt_economic_cashflow_delta,rt_economic_reward,rt_raw_total_cost,rt_normalized_cost,rt_cost_reference,rt_cost_reference_missing,rt_terminal_soc_bonus,rt_reward,rt_terminal_soc_l1_error,rt_terminal_soc_l2_error,rt_terminal_soc_tolerance,rt_terminal_soc_satisfied,rt_economic_cashflow_wind,rt_economic_cashflow_delta_wind,rt_raw_wind_cost,rt_economic_cashflow_pv,rt_economic_cashflow_delta_pv,rt_raw_pv_cost,rt_economic_cashflow_thermal,rt_economic_cashflow_delta_thermal,rt_raw_thermal_cost,rt_economic_cashflow_battery,rt_economic_cashflow_delta_battery,rt_raw_battery_cost,rt_economic_cashflow_caes,rt_economic_cashflow_delta_caes,rt_raw_caes_cost,rt_economic_cashflow_load,rt_economic_cashflow_delta_load,rt_raw_load_cost,rt_economic_cashflow_grid,rt_economic_cashflow_delta_grid,rt_raw_grid_cost,obs_battery_soc,obs_caes_gas_soc,obs_caes_hot_soc,obs_caes_cold_soc,obs_caes_gas_pressure,obs_caes_gas_temperature,obs_caes_hot_temperature,obs_caes_cold_temperature,obs_p_thermal,obs_p_battery,obs_p_caes,obs_p_grid,obs_p_wind_available,obs_p_wind_actual,obs_p_pv_available,obs_p_pv_actual,obs_p_load_actual,obs_p_curtailment,obs_p_unserved,u_tp_dynamic_low,u_tp_dynamic_high,u_battery_dynamic_low,u_battery_dynamic_high,caes_discharge_allowed,caes_idle_allowed,caes_charge_allowed,caes_locked_mode,caes_locked_steps_completed,caes_locked_steps_remaining
22381200.0,0,0.05957082734692817,False,False,ok,,,True,1.0,0.0,1,0.0,1.0,0.0,0.0,9325.207510000007,9325.207510000007,0.05957082734692817,-9325.207510000007,-0.05957082734692817,156539.83544146415,0.0,0.0,0.05957082734692817,0.014273450644533336,0.00020373139330192913,0.05,1.0,0.0,0.0,-0.0,0.0,0.0,-0.0,-59999.99999999999,-59999.99999999999,59999.99999999999,0.0,0.0,-0.0,0.0,0.0,-0.0,103373.96244999998,103373.96244999998,-103373.96244999998,-34048.75494,-34048.75494,34048.75494,0.5,0.8642734289169312,0.5,0.5,8642735.0,285.3627014160156,473.1572265625,313.16363525390625,-150000000.0,0.0,0.0,-78906672.0,0.0,0.0,-0.0,-0.0,228906672.0,-0.0,0.0,0.85,1.0,-1.0,1.0,True,True,False,,0,0
22384800.0,1,0.04559454809702144,False,False,ok,,,True,1.0,0.0,1,0.0,1.0,0.0,0.0,16462.570566135666,7137.363056135659,0.04559454809702144,-7137.363056135659,-0.04559454809702144,156539.83544146415,0.0,0.0,0.04559454809702144,0.021711026829130953,0.000471368685975244,0.05,1.0,-39.24191058992797,-39.24191058992797,39.24191058992797,0.0,0.0,-0.0,-119999.99999999999,-59999.99999999999,59999.99999999999,0.0,0.0,-0.0,0.0,0.0,-0.0,217827.2968499999,114453.33439999992,-114453.33439999992,-81325.4843732744,-47276.729433274406,47276.729433274406,0.5,0.871711015701294,0.5,0.5,8717110.0,287.81842041015625,473.1572265625,313.16363525390625,-150000000.0,0.0,0.0,-94268760.0,-949711.5,-949711.5,-0.0,-0.0,245218464.0,-0.0,0.0,0.85,1.0,-1.0,1.0,True,True,False,,0,0
22388400.0,2,0.037034780575675885,False,False,ok,,,True,1.0,0.0,1,0.0,1.0,0.0,0.0,22259.989023062702,5797.4184569270365,0.037034780575675885,-5797.4184569270365,-0.037034780575675885,156539.83544146415,0.0,0.0,0.037034780575675885,0.02534083095370343,0.0006421577134241739,0.05,1.0,-486.2137882877694,-446.9718776978414,446.9718776978414,0.0,0.0,-0.0,-179999.99999999997,-59999.999999999985,59999.999999999985,0.0,0.0,-0.0,0.0,0.0,-0.0,340436.5326999998,122609.23584999991,-122609.23584999991,-137690.32988864952,-56364.84551537511,56364.84551537511,0.5,0.8753408193588257,0.5,0.5,8753408.0,289.0168762207031,473.1572265625,313.16363525390625,-150000000.0,0.0,0.0,-86874320.0,-1683995.625,-1683995.625,-0.0,-0.0,238558320.0,-0.0,0.0,0.85,1.0,-1.0,1.0,True,True,False,,0,0
22392000.0,3,0.04101828684814307,False,False,ok,,,True,1.0,0.0,1,0.0,1.0,0.0,0.0,28680.98489636179,6420.995873299089,0.04101828684814307,-6420.995873299089,-0.04101828684814307,156539.83544146415,0.0,0.0,0.04101828684814307,0.02676762068198324,0.0007165055169745368,0.05,1.0,-873.7726149064741,-387.55882661870476,387.55882661870476,0.0,0.0,-0.0,-239999.99999999997,-60000.0,60000.0,0.0,0.0,-0.0,0.0,0.0,-0.0,459715.692,119279.15930000017,-119279.15930000017,-190160.93448873173,-52470.60460008221,52470.60460008221,0.5,0.876767635345459,0.5,0.5,8767676.0,289.48797607421875,473.1572265625,313.16363525390625,-150000000.0,0.0,0.0,-84783944.0,-423214.28125,-423214.28125,-0.0,-0.0,235207152.0,-0.0,0.0,0.85,1.0,-1.0,1.0,True,True,False,,0,0
22395600.0,4,0.05203122453011308,False,False,ok,,,True,1.0,0.0,1,0.0,1.0,0.0,0.0,36825.944222123566,8144.959325761774,0.05203122453011308,-8144.959325761774,-0.05203122453011308,156539.83544146415,0.0,0.0,0.05203122453011308,0.02777111559545531,0.0007712348614161411,0.05,1.0,-1008.3735310035953,-134.60091609712117,134.60091609712117,-1121.093845902727,-1121.093845902727,1121.093845902727,-299999.99999999994,-59999.99999999997,59999.99999999997,0.0,0.0,-0.0,0.0,0.0,-0.0,577319.2698499999,117603.57784999994,-117603.57784999994,-238363.85825097014,-48202.92376223841,48202.92376223841,0.5,0.8777711391448975,0.5,0.5,8777711.0,289.8193054199219,473.1572265625,313.16363525390625,-150000000.0,0.0,0.0,-60844592.0,-337450.375,-337450.375,-9938512.0,-9938512.0,221120560.0,-0.0,0.0,0.85,1.0,-1.0,1.0,True,True,False,,0,0
22399200.0,5,0.11109233378981047,False,False,ok,,,True,1.0,0.0,1,0.0,1.0,0.0,0.0,54216.3198723887,17390.375650265138,0.11109233378981047,-17390.375650265138,-0.11109233378981047,156539.83544146415,0.0,0.0,0.11109233378981047,0.03131790080425745,0.0009808109107853093,0.05,1.0,-2057.0837006978372,-1048.7101696942418,1048.7101696942418,-7373.488308493007,-6252.39446259028,6252.39446259028,-359999.99999999994,-60000.0,60000.0,0.0,0.0,-0.0,0.0,0.0,-0.0,687879.5463000002,110560.27645000024,-110560.27645000024,-264232.65441842045,-25868.796167450317,25868.796167450317,0.5,0.8813179135322571,0.5,0.5,8813179.0,290.9903564453125,473.1572265625,313.16363525390625,-150000000.0,0.0,0.0,-48195940.0,-6668178.5,-6668178.5,-43028708.0,-43028708.0,247892832.0,-0.0,0.0,0.85,1.0,-1.0,1.0,True,True,False,,0,0
22402800.0,6,0.17068047638653808,False,False,ok,,,True,1.0,0.0,1,0.0,1.0,0.0,0.0,80934.61355900808,26718.293686619378,0.17068047638653808,-26718.293686619378,-0.17068047638653808,156539.83544146415,0.0,0.0,0.17068047638653808,0.038717296309318416,0.0014990290335035615,0.05,1.0,-3358.5762450323673,-1301.49254433453,1301.49254433453,-22072.016112030047,-14698.52780353704,14698.52780353704,-419999.99999999994,-60000.0,60000.0,0.0,0.0,-0.0,0.0,0.0,-0.0,811825.9601499998,123946.41384999966,-123946.41384999966,-285460.75423392956,-21228.099815509107,21228.099815509107,0.5,0.8887172937393188,0.5,0.5,8887173.0,293.4334411621094,473.1572265625,313.16363525390625,-150000000.0,0.0,0.0,-9810382.0,-509542.4375,-509542.4375,-77459536.0,-77459536.0,237779456.0,-0.0,0.0,0.85,1.0,-1.0,1.0,True,True,False,,0,0
22406400.0,7,0.2238948460529993,False,False,ok,,,True,1.0,0.0,1,0.0,1.0,0.0,0.0,115983.07591633654,35048.46235732846,0.2238948460529993,-35048.46235732846,-0.2238948460529993,156539.83544146415,0.0,0.0,0.2238948460529993,0.04812647812908255,0.002316157897109061,0.05,1.0,-3704.7140694927975,-346.13782446043024,346.13782446043024,-45191.03644432173,-23119.020332291686,23119.020332291686,-479999.99999999994,-60000.0,60000.0,0.0,0.0,-0.0,0.0,0.0,-0.0,930715.69125,118889.73110000021,-118889.73110000021,-285836.864819849,-376.11058591946494,376.11058591946494,0.5,0.898126482963562,0.5,0.5,8981265.0,296.5401306152344,473.1572265625,313.16363525390625,-150000000.0,0.0,0.0,43554412.0,-1590164.0,-1590164.0,-110264424.0,-110264424.0,218300176.0,-0.0,0.0,0.85,1.0,-1.0,1.0,True,True,False,,0,0
22410000.0,8,0.1439056464543188,False,False,ok,,,True,1.0,0.0,1,0.0,1.0,0.0,0.0,138510.04213139313,22526.966215056585,0.1439056464543188,-22526.966215056585,-0.1439056464543188,156539.83544146415,0.0,0.0,0.1439056464543188,0.05702214718922216,0.0032515252700693166,0.05,0.0,-4442.319416255383,-737.6053467625852,737.6053467625852,-77301.44041593869,-32110.403971616957,32110.403971616957,-539999.9999999999,-59999.99999999994,59999.99999999994,0.0,0.0,-0.0,0.0,0.0,-0.0,1039865.7781999997,109150.08694999968,-109150.08694999968,-279611.976236413,6224.888583436026,-6224.888583436026,0.5,0.9070221185684204,0.5,0.5,9070221.0,299.47723388671875,473.1572265625,313.16363525390625,-150000000.0,0.0,0.0,75235216.0,-2755498.5,-2755498.5,-150010432.0,-150010432.0,227530704.0,-0.0,0.0,0.85,1.0,-1.0,1.0,True,True,False,,0,0
22413600.0,9,0.1401499876004669,False,False,ok,,,True,1.0,0.0,1,0.0,1.0,0.0,0.0,160449.09812749346,21939.05599610033,0.1401499876004669,-21939.05599610033,-0.1401499876004669,156539.83544146415,0.0,0.0,0.1401499876004669,0.0641930676811392,0.004120749938315317,0.05,0.0,-6018.361240715811,-1576.041824460428,1576.041824460428,-115547.24488855663,-38245.804472617936,38245.804472617936,-599999.9999999999,-60000.0,60000.0,0.0,0.0,-0.0,0.0,0.0,-0.0,1153631.1317500002,113765.35355000047,-113765.35355000047,-271616.4274932342,7995.548743178777,-7995.548743178777,0.5,0.9141930937767029,0.5,0.5,9141931.0,301.8448791503906,473.1572265625,313.16363525390625,-150000000.0,0.0,0.0,102297760.0,-6791746.0,-6791746.0,-156577488.0,-156577488.0,211071472.0,-0.0,0.0,0.85,1.0,-1.0,1.0,True,True,False,,0,0
22417200.0,10,0.10329951194588183,False,False,ok,,,True,1.0,0.0,1,0.0,1.0,0.0,0.0,176619.58672868536,16170.4886011919,0.10329951194588183,-16170.4886011919,-0.10329951194588183,156539.83544146415,0.0,0.0,0.10329951194588183,0.06974177796725656,0.004863915594034113,0.05,0.0,-8904.79897228056,-2886.437731564749,2886.437731564749,-150874.50995851686,-35327.26506996024,35327.26506996024,-659999.9999999999,-60000.0,60000.0,0.0,0.0,-0.0,0.0,0.0,-0.0,1259166.867850001,105535.7361000008,-105535.7361000008,-262767.97219051735,8848.455302716873,-8848.455302716873,0.5,0.9197417497634888,0.5,0.5,9197418.0,303.67694091796875,473.1572265625,313.16363525390625,-150000000.0,0.0,0.0,69733984.0,-10105798.0,-10105798.0,-122425424.0,-122425424.0,212797232.0,-0.0,0.0,0.85,1.0,-1.0,1.0,True,True,False,,0,0
22420800.0,11,0.12088652222229786,False,False,ok,,,True,1.0,0.0,1,0.0,1.0,0.0,0.0,195543.14302445477,18923.556295769406,0.12088652222229786,-18923.556295769406,-0.12088652222229786,156539.83544146415,0.0,0.0,0.12088652222229786,0.07390885424991511,0.005462518736535195,0.05,0.0,-12760.770339906454,-3855.9713676258943,3855.9713676258943,-181609.63382791795,-30735.123869401083,30735.123869401083,-719999.9999999999,-60000.0,60000.0,0.0,0.0,-0.0,0.0,0.0,-0.0,1365565.4877000018,106398.61985000083,-106398.61985000083,-255651.94050772092,7116.031682796427,-7116.031682796427,0.5,0.9239088296890259,0.5,0.5,9239089.0,305.05279541015625,473.1572265625,313.16363525390625,-150000000.0,0.0,0.0,48961864.0,-12157284.0,-12157284.0,-123567256.0,-123567256.0,236762672.0,-0.0,0.0,0.85,1.0,-1.0,1.0,True,True,False,,0,0
22424400.0,12,0.17766483307196773,False,False,ok,,,True,1.0,0.0,1,0.0,1.0,0.0,0.0,223354.7667572758,27811.623732821026,0.17766483307196773,-27811.623732821026,-0.17766483307196773,156539.83544146415,0.0,0.0,0.17766483307196773,0.07685190860734403,0.00590621585659156,0.05,0.0,-17136.235369133065,-4375.465029226611,4375.465029226611,-212889.82200032743,-31280.188172409486,31280.188172409486,-779999.9999999999,-60000.0,60000.0,0.0,0.0,-0.0,0.0,0.0,-0.0,1483946.8237000024,118381.33600000059,-118381.33600000059,-250565.99957326383,5085.940934457089,-5085.940934457089,0.5,0.9268519282341003,0.5,0.5,9268519.0,306.0245361328125,473.1572265625,313.16363525390625,-150000000.0,0.0,0.0,74161784.0,-12925283.0,-12925283.0,-127013760.0,-127013760.0,215777264.0,-0.0,0.0,0.85,1.0,-1.0,1.0,True,True,False,,0,0
22428000.0,13,0.13256619830035035,False,False,ok,,,True,1.0,0.0,1,0.0,1.0,0.0,0.0,244106.65762431314,20751.89086703735,0.13256619830035035,-20751.89086703735,-0.13256619830035035,156539.83544146415,0.0,0.0,0.13256619830035035,0.07858336745002537,0.006175345639785706,0.05,0.0,-21442.728023179818,-4306.492654046753,4306.492654046753,-242028.06765282855,-29138.245652501122,29138.245652501122,-839999.9999999999,-60000.0,60000.0,0.0,0.0,-0.0,0.0,0.0,-0.0,1591835.4542500032,107888.63055000082,-107888.63055000082,-244258.00094967856,6307.99862358527,-6307.99862358527,0.5,0.9285833835601807,0.5,0.5,9285834.0,306.5962219238281,473.1572265625,313.16363525390625,-150000000.0,0.0,0.0,44056584.0,-11556383.0,-11556383.0,-103620472.0,-103620472.0,221120272.0,-0.0,0.0,0.85,1.0,-1.0,1.0,True,True,False,,0,0
22431600.0,14,0.169211625272555,False,False,ok,,,True,1.0,0.0,1,0.0,1.0,0.0,0.0,270595.0175992616,26488.359974948457,0.169211625272555,-26488.359974948457,-0.169211625272555,156539.83544146415,0.0,0.0,0.169211625272555,0.07901955641164504,0.006244090295493153,0.05,0.0,-25122.02739440284,-3679.2993712230236,3679.2993712230236,-265914.1929288395,-23886.12527601092,23886.12527601092,-899999.9999999999,-60000.0,60000.0,0.0,0.0,-0.0,0.0,0.0,-0.0,1702395.5869000028,110560.13264999958,-110560.13264999958,-240764.34897749615,3493.651972182415,-3493.651972182415,0.5,0.929019570350647,0.5,0.5,9290196.0,306.740234375,473.1572265625,313.16363525390625,-150000000.0,0.0,0.0,7412598.0,-9270285.0,-9270285.0,-85564408.0,-85564408.0,237422096.0,-0.0,0.0,0.85,1.0,-1.0,1.0,True,True,False,,0,0
22435200.0,15,0.20901134610841024,False,False,ok,,,True,1.0,0.0,1,0.0,1.0,0.0,0.0,303313.61932447104,32718.601725209446,0.20901134610841024,-32718.601725209446,-0.20901134610841024,156539.83544146415,0.0,0.0,0.20901134610841024,0.07804750575103614,0.0060914131539580195,0.05,0.0,-27354.83200924097,-2232.804614838129,2232.804614838129,-284094.1955349148,-18180.002606075315,18180.002606075315,-959999.9999999999,-60000.0,60000.0,0.0,0.0,-0.0,0.0,0.0,-0.0,1821106.636200002,118711.04929999914,-118711.04929999914,-246343.9893313733,-5579.640353877156,5579.640353877156,0.5,0.9280474781990051,0.5,0.5,9280475.0,306.4192810058594,473.1572265625,313.16363525390625,-150000000.0,0.0,0.0,-7727368.0,-3163320.75,-3163320.75,-56763764.0,-56763764.0,217654448.0,-0.0,0.0,0.85,1.0,-1.0,1.0,True,True,False,,0,0
22438800.0,16,0.15041651420190785,False,False,ok,,,True,1.0,0.0,1,0.0,1.0,0.0,0.0,326859.79570531636,23546.17638084531,0.15041651420190785,-23546.17638084531,-0.15041651420190785,156539.83544146415,0.0,0.0,0.15041651420190785,0.07533228624839472,0.00567495335141008,0.05,0.0,-27547.504403687013,-192.67239444604274,192.67239444604274,-294932.76582916867,-10838.570294253877,10838.570294253877,-1019999.9999999999,-60000.0,60000.0,0.0,0.0,-0.0,0.0,0.0,-0.0,1929933.862050003,108827.22585000098,-108827.22585000098,-260593.79611182804,-14249.806780454732,14249.806780454732,0.5,0.9253323078155518,0.5,0.5,9253323.0,305.52276611328125,473.1572265625,313.16363525390625,-150000000.0,0.0,0.0,-45664076.0,0.0,0.0,-26658848.0,-26658848.0,222322928.0,-0.0,0.0,0.85,1.0,-1.0,1.0,True,True,False,,0,0
22442400.0,17,0.08727943125153176,False,False,ok,,,True,1.0,0.0,1,0.0,1.0,0.0,0.0,340522.5035108557,13662.707805539365,0.08727943125153176,-13662.707805539365,-0.08727943125153176,156539.83544146415,0.0,0.0,0.08727943125153176,0.06999028757271364,0.004898640354511153,0.05,0.0,-27547.504403687013,0.0,-0.0,-299143.48043312534,-4210.714603956672,4210.714603956672,-1079999.9999999998,-59999.99999999988,59999.99999999988,0.0,0.0,-0.0,0.0,0.0,-0.0,2041095.3252500035,111161.46320000058,-111161.46320000058,-293881.836902332,-33288.04079050399,33288.04079050399,0.5,0.9199903011322021,0.5,0.5,9199903.0,303.75897216796875,473.1572265625,313.16363525390625,-150000000.0,0.0,0.0,-47107684.0,0.0,0.0,-4589070.5,-4589070.5,201696752.0,-0.0,0.0,0.85,1.0,-1.0,1.0,True,True,False,,0,0
22446000.0,18,0.06845054046828293,False,False,ok,,,True,1.0,0.0,1,0.0,1.0,0.0,0.0,351237.73985164,10715.236340784293,0.06845054046828293,-10715.236340784293,-0.06845054046828293,156539.83544146415,0.0,0.0,0.06845054046828293,0.06405944421650067,0.004103612393326962,0.05,0.0,-27547.504403687013,0.0,-0.0,-299775.5602193999,-632.0797862745821,632.0797862745821,-1139999.9999999998,-60000.0,60000.0,0.0,0.0,-0.0,0.0,0.0,-0.0,2141943.7020500037,100848.3768000002,-100848.3768000002,-323382.89757527324,-29501.06067294121,29501.06067294121,0.5,0.9140594601631165,0.5,0.5,9140594.0,301.8007507324219,473.1572265625,313.16363525390625,-150000000.0,0.0,0.0,-86400720.0,0.0,0.0,-0.0,-0.0,236400720.0,-0.0,0.0,0.85,1.0,-1.0,1.0,True,True,False,,0,0
22449600.0,19,0.04062817449669621,False,False,ok,,,True,1.0,0.0,1,0.0,1.0,0.0,0.0,357597.6676016399,6359.927749999915,0.04062817449669621,-6359.927749999915,-0.04062817449669621,156539.83544146415,0.0,0.0,0.04062817449669621,0.059849113869115955,0.003581916430918408,0.05,0.0,-27547.504403687013,0.0,-0.0,-299775.5602193999,0.0,-0.0,-1199999.9999999998,-60000.0,60000.0,0.0,0.0,-0.0,0.0,0.0,-0.0,2260144.0633000047,118200.361250001,-118200.361250001,-375223.33107527316,-51840.43349999993,51840.43349999993,0.5,0.9098491072654724,0.5,0.5,9098491.0,300.41058349609375,473.1572265625,313.16363525390625,-150000000.0,0.0,0.0,-81068792.0,0.0,0.0,-0.0,-0.0,231068800.0,-0.0,0.0,0.85,1.0,-1.0,1.0,True,True,False,,0,0
22453200.0,20,0.04403429127519119,False,False,ok,,,True,1.0,0.0,1,0.0,1.0,0.0,0.0,364490.78831163986,6893.12070999993,0.04403429127519119,-6893.12070999993,-0.04403429127519119,156539.83544146415,0.0,0.0,0.04403429127519119,0.05614875144794673,0.0031526822891633,0.05,0.0,-27547.504403687013,0.0,-0.0,-299775.5602193999,0.0,-0.0,-1259999.9999999998,-60000.0,60000.0,0.0,0.0,-0.0,0.0,0.0,-0.0,2375678.4597500027,115534.39644999802,-115534.39644999802,-423864.606815273,-48641.27573999984,48641.27573999984,0.5,0.9061487317085266,0.5,0.5,9061488.0,299.1888122558594,473.1572265625,313.16363525390625,-150000000.0,0.0,0.0,-56289736.0,0.0,0.0,-0.0,-0.0,206289728.0,-0.0,0.0,0.85,1.0,-1.0,1.0,True,True,False,,0,0
22456800.0,21,0.059863525942598264,False,False,ok,,,True,1.0,0.0,1,0.0,1.0,0.0,0.0,373861.81481164,9371.026500000153,0.059863525942598264,-9371.026500000153,-0.059863525942598264,156539.83544146415,0.0,0.0,0.059863525942598264,0.05241615538397282,0.0027474533452367827,0.05,0.0,-27547.504403687013,0.0,-0.0,-299775.5602193999,0.0,-0.0,-1319999.9999999998,-60000.0,60000.0,0.0,0.0,-0.0,0.0,0.0,-0.0,2478823.3272500043,103144.86750000156,-103144.86750000156,-457638.44781527325,-33773.84100000025,33773.84100000025,0.5,0.9024161696434021,0.5,0.5,9024162.0,297.9563903808594,473.1572265625,313.16363525390625,-150000000.0,0.0,0.0,-60772796.0,0.0,0.0,-0.0,-0.0,210772800.0,-0.0,0.0,0.85,1.0,-1.0,1.0,True,True,False,,0,0
22460400.0,22,0.05699967905828341,False,False,ok,,,True,1.0,0.0,1,0.0,1.0,0.0,0.0,382784.53519163997,8922.720379999955,0.05699967905828341,-8922.720379999955,-0.05699967905828341,156539.83544146415,0.0,0.0,0.05699967905828341,0.04890031380211268,0.002391240689945092,0.05,1.0,-27547.504403687013,0.0,-0.0,-299775.5602193999,0.0,-0.0,-1379999.9999999998,-60000.0,60000.0,0.0,0.0,-0.0,0.0,0.0,-0.0,2584209.725350005,105386.3981000008,-105386.3981000008,-494102.1255352735,-36463.67772000027,36463.67772000027,0.5,0.8989003300666809,0.5,0.5,8989003.0,296.7955322265625,473.1572265625,313.16363525390625,-150000000.0,0.0,0.0,-65418864.0,0.0,0.0,-0.0,-0.0,215418864.0,-0.0,0.0,0.85,1.0,-1.0,1.0,True,True,False,,0,0
22464000.0,23,0.054031701426967275,False,False,ok,,,True,1.0,0.0,1,0.0,1.0,0.0,0.0,391242.64884163975,8458.113649999781,0.054031701426967275,-8458.113649999781,-0.054031701426967275,156539.83544146415,0.0,0.0,0.054031701426967275,0.04582360027294985,0.0020998023419750893,0.05,1.0,-27547.504403687013,0.0,-0.0,-299775.5602193999,0.0,-0.0,-1439999.9999999998,-60000.0,60000.0,0.0,0.0,-0.0,0.0,0.0,-0.0,2691919.1571000065,107709.43175000139,-107709.43175000139,-533353.4436352736,-39251.31810000009,39251.31810000009,0.5,0.89582359790802,0.5,0.5,8958236.0,295.7796630859375,473.1572265625,313.16363525390625,-150000000.0,0.0,0.0,-51547596.0,0.0,0.0,-0.0,-0.0,201547600.0,-0.0,0.0,0.85,1.0,-1.0,1.0,True,True,False,,0,0
22467600.0,24,0.06289287593943947,False,False,ok,,,True,1.0,0.0,1,0.0,1.0,0.0,0.0,401087.88929164,9845.240450000274,0.06289287593943947,-9845.240450000274,-0.06289287593943947,156539.83544146415,0.0,0.0,0.06289287593943947,0.04322184447232713,0.0018681278395900353,0.05,1.0,-27547.504403687013,0.0,-0.0,-299775.5602193999,0.0,-0.0,-1499999.9999999998,-60000.0,60000.0,0.0,0.0,-0.0,0.0,0.0,-0.0,2792692.9548500045,100773.79774999805,-100773.79774999805,-564282.0009352731,-30928.55729999952,30928.55729999952,0.5,0.8932218551635742,0.5,0.5,8932218.0,294.9206237792969,473.1572265625,313.16363525390625,-150000000.0,0.0,0.0,-60072756.0,0.0,0.0,-0.0,-0.0,210072752.0,-0.0,0.0,0.85,1.0,-1.0,1.0,True,True,False,,0,0
22471200.0,25,0.05744687615544927,False,False,ok,,,True,1.0,0.0,1,0.0,1.0,0.0,0.0,410080.6138316402,8992.7245400002,0.05744687615544927,-8992.7245400002,-0.05744687615544927,156539.83544146415,0.0,0.0,0.05744687615544927,0.0406845286112657,0.0016552308683208975,0.05,1.0,-27547.504403687013,0.0,-0.0,-299775.5602193999,0.0,-0.0,-1559999.9999999998,-60000.0,60000.0,0.0,0.0,-0.0,0.0,0.0,-0.0,2897729.3321500053,105036.37730000075,-105036.37730000075,-600325.6536952731,-36043.65275999997,36043.65275999997,0.5,0.8906845450401306,0.5,0.5,8906845.0,294.0828857421875,473.1572265625,313.16363525390625,-150000000.0,0.0,0.0,-53371488.0,0.0,0.0,-0.0,-0.0,203371488.0,-0.0,0.0,0.85,1.0,-1.0,1.0,True,True,False,,0,0
22474800.0,26,0.06172774503531057,False,False,ok,,,True,1.0,0.0,1,0.0,1.0,0.0,0.0,419743.4648816404,9662.851050000172,0.06172774503531057,-9662.851050000172,-0.06172774503531057,156539.83544146415,0.0,0.0,0.06172774503531057,0.0379635303907071,0.0014412296397261417,0.05,1.0,-27547.504403687013,0.0,-0.0,-299775.5602193999,0.0,-0.0,-1619999.9999999998,-60000.0,60000.0,0.0,0.0,-0.0,0.0,0.0,-0.0,2999415.0769000067,101685.74475000147,-101685.74475000147,-632348.5473952732,-32022.89370000013,32022.89370000013,0.5,0.8879635334014893,0.5,0.5,8879635.0,293.1844482421875,473.1572265625,313.16363525390625,-150000000.0,0.0,0.0,-50007612.0,0.0,0.0,-0.0,-0.0,200007616.0,-0.0,0.0,0.85,1.0,-1.0,1.0,True,True,False,,0,0
22478400.0,27,0.06387664022899052,False,False,ok,,,True,1.0,0.0,1,0.0,1.0,0.0,0.0,429742.7036316402,9999.238749999786,0.06387664022899052,-9999.238749999786,-0.06387664022899052,156539.83544146415,0.0,0.0,0.06387664022899052,0.035322225586600586,0.0012476596203907012,0.05,1.0,-27547.504403687013,0.0,-0.0,-299775.5602193999,0.0,-0.0,-1679999.9999999998,-60000.0,60000.0,0.0,0.0,-0.0,0.0,0.0,-0.0,3099418.883150009,100003.80625000224,-100003.80625000224,-662353.1148952733,-30004.56750000012,30004.56750000012,0.5,0.8853222131729126,0.5,0.5,8853222.0,292.3123779296875,473.1572265625,313.16363525390625,-150000000.0,0.0,0.0,-81821472.0,0.0,0.0,-0.0,-0.0,231821472.0,-0.0,0.0,0.85,1.0,-1.0,1.0,True,True,False,,0,0
22482000.0,28,0.05290207819866012,False,False,ok,,,True,1.0,0.0,1,0.0,1.0,0.0,0.0,438023.9862473699,8281.282615729724,0.05290207819866012,-8281.282615729724,-0.05290207819866012,156539.83544146415,0.0,0.0,0.05290207819866012,0.033445090075519324,0.001118574050159601,0.05,1.0,-27547.504403687013,0.0,-0.0,-300820.86726634967,-1045.307046949747,1045.307046949747,-1739999.9999999998,-60000.0,60000.0,0.0,0.0,-0.0,0.0,0.0,-0.0,3215329.619400011,115910.73625000194,-115910.73625000194,-708937.2614825938,-46584.14658732049,46584.14658732049,0.5,0.8834450840950012,0.5,0.5,8834451.0,291.69256591796875,473.1572265625,313.16363525390625,-150000000.0,0.0,0.0,-80859248.0,0.0,0.0,-9278451.0,-9278451.0,240137696.0,-0.0,0.0,0.85,1.0,-1.0,1.0,True,True,False,,0,0
22485600.0,29,0.09718090987068088,False,False,ok,,,True,1.0,0.0,1,0.0,1.0,0.0,0.0,453236.66988657805,15212.683639208146,0.09718090987068088,-15212.683639208146,-0.09718090987068088,156539.83544146415,0.0,0.0,0.09718090987068088,0.03435912489069537,0.001180549463254402,0.05,1.0,-27547.504403687013,0.0,-0.0,-307411.1910872127,-6590.3238208630355,6590.3238208630355,-1799999.9999999998,-60000.0,60000.0,0.0,0.0,-0.0,0.0,0.0,-0.0,3335398.4679500093,120068.84854999837,-120068.84854999837,-747203.1025725228,-38265.84108992899,38265.84108992899,0.5,0.8843591213226318,0.5,0.5,8843591.0,291.994384765625,473.1572265625,313.16363525390625,-150000000.0,0.0,0.0,-22917164.0,0.0,0.0,-46799740.0,-46799740.0,219716896.0,-0.0,0.0,0.85,1.0,-1.0,1.0,True,True,False,,0,0
22489200.0,30,0.1872346830496773,False,False,ok,,,True,1.0,0.0,1,0.0,1.0,0.0,0.0,482546.35636010923,29309.686473531183,0.1872346830496773,-29309.686473531183,-0.1872346830496773,156539.83544146415,0.0,0.0,0.1872346830496773,0.03910666262033102,0.0015293310613003956,0.05,1.0,-27547.504403687013,0.0,-0.0,-324691.9375834812,-17280.74649626849,17280.74649626849,-1859999.9999999998,-60000.0,60000.0,0.0,0.0,-0.0,0.0,0.0,-0.0,3445256.9196000076,109858.45164999831,-109858.45164999831,-750471.1212527233,-3268.0186802004464,3268.0186802004464,0.5,0.8891066908836365,0.5,0.5,8891067.0,293.5618896484375,473.1572265625,313.16363525390625,-150000000.0,0.0,0.0,32365776.0,0.0,0.0,-95502568.0,-95502568.0,213136800.0,-0.0,0.0,0.85,1.0,-1.0,1.0,True,True,False,,0,0
22492800.0,31,0.14879534086313956,False,False,ok,,,True,1.0,0.0,1,0.0,1.0,0.0,0.0,505838.75453328167,23292.398173172434,0.14879534086313956,-23292.398173172434,-0.14879534086313956,156539.83544146415,0.0,0.0,0.14879534086313956,0.04709843233131361,0.002218262328067327,0.05,1.0,-27547.504403687013,0.0,-0.0,-352962.46896152716,-28270.53137804597,28270.53137804597,-1919999.9999999998,-60000.0,60000.0,0.0,0.0,-0.0,0.0,0.0,-0.0,3551825.315850008,106568.39625000022,-106568.39625000022,-745476.5879515047,4994.533301218529,-4994.533301218529,0.5,0.8970984220504761,0.5,0.5,8970984.0,296.2005615234375,473.1572265625,313.16363525390625,-150000000.0,0.0,0.0,69421904.0,0.0,0.0,-133613320.0,-133613320.0,214191424.0,-0.0,0.0,0.85,1.0,-1.0,1.0,True,True,False,,0,0
22496400.0,32,0.1193834236666742,False,False,ok,,,True,1.0,0.0,1,0.0,1.0,0.0,0.0,524527.0160285014,18688.261495219776,0.1193834236666742,-18688.261495219776,-0.1193834236666742,156539.83544146415,0.0,0.0,0.1193834236666742,0.056301779557929255,0.0031698903813896606,0.05,0.0,-27547.504403687013,0.0,-0.0,-389609.6450028276,-36647.17604130041,36647.17604130041,-1979999.9999999998,-60000.0,60000.0,0.0,0.0,-0.0,0.0,0.0,-0.0,3658921.0247500087,107095.7089000009,-107095.7089000009,-737236.8593149848,8239.728636519983,-8239.728636519983,0.5,0.9063017964363098,0.5,0.5,9063018.0,299.2392578125,473.1572265625,313.16363525390625,-150000000.0,0.0,0.0,76358328.0,0.0,0.0,-162040544.0,-162040544.0,235682224.0,-0.0,0.0,0.85,1.0,-1.0,1.0,True,True,False,,0,0
22500000.0,33,0.15341513028091028,False,False,ok,,,True,1.0,0.0,1,0.0,1.0,0.0,0.0,548542.5952769059,24015.57924840448,0.15341513028091028,-24015.57924840448,-0.15341513028091028,156539.83544146415,0.0,0.0,0.15341513028091028,0.06428444968550295,0.004132490471367961,0.05,0.0,-27547.504403687013,0.0,-0.0,-431705.15698882,-42095.51198599243,42095.51198599243,-2039999.9999999998,-60000.0,60000.0,0.0,0.0,-0.0,0.0,0.0,-0.0,3776762.1328000105,117841.10805000179,-117841.10805000179,-728966.8761305879,8269.983184396871,-8269.983184396871,0.5,0.9142844676971436,0.5,0.5,9142844.0,301.87493896484375,473.1572265625,313.16363525390625,-150000000.0,0.0,0.0,116468688.0,-167607.8125,-167607.8125,-176008320.0,-176008320.0,209707232.0,-0.0,0.0,0.85,1.0,-1.0,1.0,True,True,False,,0,0
22503600.0,34,0.07232226824806838,False,False,ok,,,True,1.0,0.0,1,0.0,1.0,0.0,0.0,559863.911247212,11321.315970306052,0.07232226824806838,-11321.315970306052,-0.07232226824806838,156539.83544146415,0.0,0.0,0.07232226824806838,0.07082882382593436,0.005016722284565247,0.05,0.0,-28262.49494999996,-714.9905463129471,714.9905463129471,-476789.9407498421,-45084.78376102209,45084.78376102209,-2099999.9999999995,-59999.99999999977,59999.99999999977,0.0,0.0,-0.0,0.0,0.0,-0.0,3881615.75000001,104853.61719999928,-104853.61719999928,-716699.4030529469,12267.473077640985,-12267.473077640985,0.5,0.9208288192749023,0.5,0.5,9208288.0,304.0357360839844,473.1572265625,313.16363525390625,-150000000.0,0.0,0.0,111117536.0,-4557633.0,-4557633.0,-185563920.0,-185563920.0,229004016.0,-0.0,0.0,0.85,1.0,-1.0,1.0,True,True,False,,0,0
22507200.0,35,0.11332782345391659,False,False,ok,,,True,1.0,0.0,1,0.0,1.0,0.0,0.0,577604.2300816274,17740.318834415404,0.11332782345391659,-17740.318834415404,-0.11332782345391659,156539.83544146415,0.0,0.0,0.11332782345391659,0.07596165399890464,0.005770172878249306,0.05,0.0,-30054.527150989165,-1792.0322009892043,1792.0322009892043,-522758.7189579721,-45968.77820812998,45968.77820812998,-2159999.9999999995,-60000.0,60000.0,0.0,0.0,-0.0,0.0,0.0,-0.0,3996117.760950009,114502.0109499991,-114502.0109499991,-705700.2847594123,10999.118293534615,-10999.118293534615,0.5,0.9259616732597351,0.5,0.5,9259617.0,305.73046875,473.1572265625,313.16363525390625,-150000000.0,0.0,0.0,125265008.0,-5822008.0,-5822008.0,-181816624.0,-181816624.0,212373616.0,-0.0,0.0,0.85,1.0,-1.0,1.0,True,True,False,,0,0
22510800.0,36,0.0766242838352219,False,False,ok,,,True,1.0,0.0,1,0.0,1.0,0.0,0.0,589598.982864013,11994.75278238568,0.0766242838352219,-11994.75278238568,-0.0766242838352219,156539.83544146415,0.0,0.0,0.0766242838352219,0.07968432678431481,0.0063495919350694706,0.05,0.0,-31999.696065107873,-1945.168914118709,1945.168914118709,-567034.2022419495,-44275.48328397743,44275.48328397743,-2219999.9999999995,-60000.0,60000.0,0.0,0.0,-0.0,0.0,0.0,-0.0,4102304.572350009,106186.8114,-106186.8114,-693671.6911789302,12028.593580482062,-12028.593580482062,0.5,0.9296843409538269,0.5,0.5,9296843.0,306.9595947265625,473.1572265625,313.16363525390625,-150000000.0,0.0,0.0,79766760.0,-5237506.0,-5237506.0,-171324592.0,-171324592.0,246795344.0,-0.0,0.0,0.85,1.0,-1.0,1.0,True,True,False,,0,0
22514400.0,37,0.1820990016516916,False,False,ok,,,True,1.0,0.0,1,0.0,1.0,0.0,0.0,618104.7306166238,28505.74775261071,0.1820990016516916,-28505.74775261071,-0.1820990016516916,156539.83544146415,0.0,0.0,0.1820990016516916,0.08202399007008987,0.006727934947018201,0.05,0.0,-33654.52352913665,-1654.8274640287746,1654.8274640287746,-607084.816558993,-40050.61431704345,40050.61431704345,-2279999.9999999995,-60000.0,60000.0,0.0,0.0,-0.0,0.0,0.0,-0.0,4225702.242300009,123397.66995000048,-123397.66995000048,-686858.1715952475,6813.5195836827625,-6813.5195836827625,0.5,0.9320240020751953,0.5,0.5,9320240.0,307.7320861816406,473.1572265625,313.16363525390625,-150000000.0,0.0,0.0,72305040.0,-4117247.75,-4117247.75,-146415632.0,-146415632.0,228227840.0,-0.0,0.0,0.85,1.0,-1.0,1.0,True,True,False,,0,0
22518000.0,38,0.16130564223716207,False,False,ok,,,True,1.0,0.0,1,0.0,1.0,0.0,0.0,643355.4893082088,25250.75869158504,0.16130564223716207,-25250.75869158504,-0.16130564223716207,156539.83544146415,0.0,0.0,0.16130564223716207,0.08298931915103869,0.006887227093152957,0.05,0.0,-34943.85214343521,-1289.3286142985598,1289.3286142985598,-640617.1979893293,-33532.38143033639,33532.38143033639,-2339999.9999999995,-60000.0,60000.0,0.0,0.0,-0.0,0.0,0.0,-0.0,4339816.16300001,114113.9207000006,-114113.9207000006,-680899.6235590274,5958.548036220018,-5958.548036220018,0.5,0.9329892992973328,0.5,0.5,9329893.0,308.0508117675781,473.1572265625,313.16363525390625,-150000000.0,0.0,0.0,28029046.0,-3163320.75,-3163320.75,-118846176.0,-118846176.0,243980448.0,-0.0,0.0,0.85,1.0,-1.0,1.0,True,True,False,,0,0
22521600.0,39,0.23072931145565806,False,False,ok,,,True,1.0,0.0,1,0.0,1.0,0.0,0.0,679473.8177549999,36118.32844679104,0.23072931145565806,-36118.32844679104,-0.23072931145565806,156539.83544146415,0.0,0.0,0.23072931145565806,0.08250829652849845,0.006807618996034629,0.05,0.0,-35693.25785341721,-749.4057099820056,749.4057099820056,-666005.4130339592,-25388.215044629877,25388.215044629877,-2399999.9999999995,-60000.0,60000.0,0.0,0.0,-0.0,0.0,0.0,-0.0,4461806.390300013,121990.22730000317,-121990.22730000317,-680633.9016576245,265.72190140292514,-265.72190140292514,0.5,0.9325082898139954,0.5,0.5,9325083.0,307.8919982910156,473.1572265625,313.16363525390625,-150000000.0,0.0,0.0,-18776842.0,-949711.5,-949711.5,-79907256.0,-79907256.0,249633808.0,-0.0,0.0,0.85,1.0,-1.0,1.0,True,True,False,,0,0
22525200.0,40,0.16711882054551966,False,False,ok,,,True,1.0,0.0,1,0.0,1.0,0.0,0.0,705634.5704223671,26160.752667367226,0.16711882054551966,-26160.752667367226,-0.16711882054551966,156539.83544146415,0.0,0.0,0.16711882054551966,0.08001769877271248,0.006402832116880552,0.05,0.0,-35726.49775629491,-33.23990287769993,33.23990287769993,-681077.1205836717,-15071.707549712504,15071.707549712504,-2459999.9999999995,-60000.0,60000.0,0.0,0.0,-0.0,0.0,0.0,-0.0,4586623.293750009,124816.90344999544,-124816.90344999544,-704185.1049876671,-23551.20333004254,23551.20333004254,0.5,0.9300177097320557,0.5,0.5,9300177.0,307.0696716308594,473.1572265625,313.16363525390625,-150000000.0,0.0,0.0,-61650960.0,0.0,0.0,-35661684.0,-35661684.0,247312640.0,-0.0,0.0,0.85,1.0,-1.0,1.0,True,True,False,,0,0
22528800.0,41,0.08257871744768086,False,False,ok,,,True,1.0,0.0,1,0.0,1.0,0.0,0.0,718561.4292625942,12926.858840227127,0.08257871744768086,-12926.858840227127,-0.08257871744768086,156539.83544146415,0.0,0.0,0.08257871744768086,0.07436529832917249,0.005530197595586825,0.05,0.0,-35726.49775629491,0.0,-0.0,-686547.2087409768,-5470.088157305028,5470.088157305028,-2519999.9999999995,-60000.0,60000.0,0.0,0.0,-0.0,0.0,0.0,-0.0,4710279.6166500095,123656.32290000096,-123656.32290000096,-749444.4808901349,-45259.37590246787,45259.37590246787,0.5,0.9243652820587158,0.5,0.5,9243653.0,305.203369140625,473.1572265625,313.16363525390625,-150000000.0,0.0,0.0,-69347344.0,0.0,0.0,-4571467.5,-4571467.5,223918816.0,-0.0,0.0,0.85,1.0,-1.0,1.0,True,True,False,,0,0
22532400.0,42,0.05423257219693583,False,False,ok,,,True,1.0,0.0,1,0.0,1.0,0.0,0.0,727050.9871898699,8489.557927275659,0.05423257219693583,-8489.557927275659,-0.05423257219693583,156539.83544146415,0.0,0.0,0.05423257219693583,0.06799470199993551,0.004623279500060034,0.05,0.0,-35726.49775629491,0.0,-0.0,-687176.8082747449,-629.5995337681379,629.5995337681379,-2579999.9999999995,-60000.0,60000.0,0.0,0.0,-0.0,0.0,0.0,-0.0,4822239.023750007,111959.40709999762,-111959.40709999762,-792284.7305290912,-42840.24963895627,42840.24963895627,0.5,0.9179946780204773,0.5,0.5,9179947.0,303.09991455078125,473.1572265625,313.16363525390625,-150000000.0,0.0,0.0,-56249712.0,0.0,0.0,-0.0,-0.0,206249712.0,-0.0,0.0,0.85,1.0,-1.0,1.0,True,True,False,,0,0
22536000.0,43,0.059889093236629186,False,False,ok,,,True,1.0,0.0,1,0.0,1.0,0.0,0.0,736426.0159898703,9375.028800000437,0.059889093236629186,-9375.028800000437,-0.059889093236629186,156539.83544146415,0.0,0.0,0.059889093236629186,0.06392537406285093,0.004086453449075414,0.05,0.0,-35726.49775629491,0.0,-0.0,-687176.8082747449,0.0,-0.0,-2639999.9999999995,-60000.0,60000.0,0.0,0.0,-0.0,0.0,0.0,-0.0,4925363.87975001,103124.85600000247,-103124.85600000247,-826034.5577290909,-33749.82719999971,33749.82719999971,0.5,0.9139253497123718,0.5,0.5,9139254.0,301.7563171386719,473.1572265625,313.16363525390625,-150000000.0,0.0,0.0,-53207800.0,0.0,0.0,-0.0,-0.0,203207792.0,-0.0,0.0,0.85,1.0,-1.0,1.0,True,True,False,,0,0
22539600.0,44,0.06183231279567162,False,False,ok,,,True,1.0,0.0,1,0.0,1.0,0.0,0.0,746105.2360598699,9679.220069999574,0.06183231279567162,-9679.220069999574,-0.06183231279567162,156539.83544146415,0.0,0.0,0.06183231279567162,0.06141691639790148,0.0037720376198268194,0.05,0.0,-35726.49775629491,0.0,-0.0,-687176.8082747449,0.0,-0.0,-2699999.9999999995,-60000.0,60000.0,0.0,0.0,-0.0,0.0,0.0,-0.0,5026967.779400006,101603.89964999631,-101603.89964999631,-857959.2373090911,-31924.67958000023,31924.67958000023,0.5,0.9114168882369995,0.5,0.5,9114169.0,300.9281005859375,473.1572265625,313.16363525390625,-150000000.0,0.0,0.0,-69333248.0,0.0,0.0,-0.0,-0.0,219333248.0,-0.0,0.0,0.85,1.0,-1.0,1.0,True,True,False,,0,0
22543200.0,45,0.051531136322269515,False,False,ok,,,True,1.0,0.0,1,0.0,1.0,0.0,0.0,754171.9116598696,8066.675599999726,0.051531136322269515,-8066.675599999726,-0.051531136322269515,156539.83544146415,0.0,0.0,0.051531136322269515,0.05873888397114835,0.0034502564901760283,0.05,0.0,-35726.49775629491,0.0,-0.0,-687176.8082747449,0.0,-0.0,-2759999.9999999995,-60000.0,60000.0,0.0,0.0,-0.0,0.0,0.0,-0.0,5136634.401400007,109666.62200000137,-109666.62200000137,-899559.1837090916,-41599.94640000048,41599.94640000048,0.5,0.908738911151886,0.5,0.5,9087389.0,300.04388427734375,473.1572265625,313.16363525390625,-150000000.0,0.0,0.0,-77912288.0,0.0,0.0,-0.0,-0.0,227912288.0,-0.0,0.0,0.85,1.0,-1.0,1.0,True,True,False,,0,0
22546800.0,46,0.046050716226129475,False,False,ok,,,True,1.0,0.0,1,0.0,1.0,0.0,0.0,761380.6831998695,7208.771539999871,0.046050716226129475,-7208.771539999871,-0.046050716226129475,156539.83544146415,0.0,0.0,0.046050716226129475,0.05454697001859454,0.002975371938209452,0.05,0.0,-35726.49775629491,0.0,-0.0,-687176.8082747449,0.0,-0.0,-2819999.9999999995,-60000.0,60000.0,0.0,0.0,-0.0,0.0,0.0,-0.0,5250590.543700011,113956.14230000414,-113956.14230000414,-946306.5544690912,-46747.37075999961,46747.37075999961,0.5,0.9045469760894775,0.5,0.5,9045470.0,298.6597900390625,473.1572265625,313.16363525390625,-150000000.0,0.0,0.0,-96121464.0,0.0,0.0,-0.0,-0.0,246121456.0,-0.0,0.0,0.85,1.0,-1.0,1.0,True,True,False,,0,0
22550400.0,47,0.03441842049217123,False,False,ok,,,True,1.0,0.0,1,0.0,1.0,0.0,0.0,766768.5370798691,5387.853879999602,0.03441842049217123,-5387.853879999602,-0.03441842049217123,156539.83544146415,0.0,0.0,0.03441842049217123,0.04928173261929403,0.002428689169959589,0.05,1.0,-35726.49775629491,0.0,-0.0,-687176.8082747449,0.0,-0.0,-2879999.9999999995,-60000.0,60000.0,0.0,0.0,-0.0,0.0,0.0,-0.0,5373651.274300015,123060.73060000315,-123060.73060000315,-1003979.4311890913,-57672.87672000006,57672.87672000006,0.5,0.8992817401885986,0.5,0.5,8992817.0,296.92132568359375,473.1572265625,313.16363525390625,-150000000.0,0.0,0.0,-96715424.0,0.0,0.0,-0.0,-0.0,246715424.0,-0.0,0.0,0.85,1.0,-1.0,1.0,True,True,False,,0,0
22554000.0,48,0.0340389887019689,False,False,ok,,,True,1.0,0.0,1,0.0,1.0,0.0,0.0,772096.9947698691,5328.457690000068,0.0340389887019689,-5328.457690000068,-0.0340389887019689,156539.83544146415,0.0,0.0,0.0340389887019689,0.0442941082054662,0.001961968021717548,0.05,1.0,-35726.49775629491,0.0,-0.0,-687176.8082747449,0.0,-0.0,-2939999.9999999995,-60000.0,60000.0,0.0,0.0,-0.0,0.0,0.0,-0.0,5497008.985850012,123357.71154999733,-123357.71154999733,-1062008.685049091,-58029.253859999706,58029.253859999706,0.5,0.8942940831184387,0.5,0.5,8942941.0,295.2745361328125,473.1572265625,313.16363525390625,-150000000.0,0.0,0.0,-91240600.0,0.0,0.0,-0.0,-0.0,241240592.0,-0.0,0.0,0.85,1.0,-1.0,1.0,True,True,False,,0,0
22557600.0,49,0.037536389976579904,False,False,ok,,,True,1.0,0.0,1,0.0,1.0,0.0,0.0,777972.9350798696,5875.940310000442,0.037536389976579904,-5875.940310000442,-0.037536389976579904,156539.83544146415,0.0,0.0,0.037536389976579904,0.040343621828420995,0.001627607822234647,0.05,1.0,-35726.49775629491,0.0,-0.0,-687176.8082747449,0.0,-0.0,-2999999.9999999995,-60000.0,60000.0,0.0,0.0,-0.0,0.0,0.0,-0.0,5617629.284300014,120620.29845000245,-120620.29845000245,-1116753.0431890907,-54744.35813999968,54744.35813999968,0.5,0.8903436064720154,0.5,0.5,8903436.0,293.9701843261719,473.1572265625,313.16363525390625,-150000000.0,0.0,0.0,-59179108.0,0.0,0.0,-0.0,-0.0,209179104.0,-0.0,0.0,0.85,1.0,-1.0,1.0,True,True,False,,0,0
22561200.0,50,0.058017752122885645,False,False,ok,,,True,1.0,0.0,1,0.0,1.0,0.0,0.0,787055.0244498698,9082.089370000176,0.058017752122885645,-9082.089370000176,-0.058017752122885645,156539.83544146415,0.0,0.0,0.058017752122885645,0.03757573872529607,0.0014119361407517147,0.05,1.0,-35726.49775629491,0.0,-0.0,-687176.8082747449,0.0,-0.0,-3059999.9999999995,-60000.0,60000.0,0.0,0.0,-0.0,0.0,0.0,-0.0,5722218.837450018,104589.55315000378,-104589.55315000378,-1152260.5069690896,-35507.46377999894,35507.46377999894,0.5,0.8875757455825806,0.5,0.5,8875757.0,293.0562744140625,473.1572265625,313.16363525390625,-150000000.0,0.0,0.0,-69655408.0,0.0,0.0,-0.0,-0.0,219655408.0,-0.0,0.0,0.85,1.0,-1.0,1.0,True,True,False,,0,0
22564800.0,51,0.051325335224363694,False,False,ok,,,True,1.0,0.0,1,0.0,1.0,0.0,0.0,795089.4839798696,8034.459529999876,0.051325335224363694,-8034.459529999876,-0.051325335224363694,156539.83544146415,0.0,0.0,0.051325335224363694,0.035727777586605614,0.0012764740912779584,0.05,1.0,-35726.49775629491,0.0,-0.0,-687176.8082747449,0.0,-0.0,-3119999.9999999995,-60000.0,60000.0,0.0,0.0,-0.0,0.0,0.0,-0.0,5832046.53980002,109827.70235000178,-109827.70235000178,-1194053.7497890904,-41793.24282000074,41793.24282000074,0.5,0.8857277631759644,0.5,0.5,8857278.0,292.4461364746094,473.1572265625,313.16363525390625,-150000000.0,0.0,0.0,-95639104.0,0.0,0.0,-0.0,-0.0,245639104.0,-0.0,0.0,0.85,1.0,-1.0,1.0,True,True,False,,0,0
22568400.0,52,0.041935612988326945,False,False,ok,,,True,1.0,0.0,1,0.0,1.0,0.0,0.0,801654.0779361993,6564.593956329627,0.041935612988326945,-6564.593956329627,-0.041935612988326945,156539.83544146415,0.0,0.0,0.041935612988326945,0.03475799886996078,0.001208118485444195,0.05,1.0,-35726.49775629491,0.0,-0.0,-687982.8830578375,-806.0747830925975,806.0747830925975,-3179999.9999999995,-60000.0,60000.0,0.0,0.0,-0.0,0.0,0.0,-0.0,5954866.093500016,122819.55369999632,-122819.55369999632,-1249502.634749668,-55448.88496057759,55448.88496057759,0.5,0.8847579956054688,0.5,0.5,8847580.0,292.12591552734375,473.1572265625,313.16363525390625,-150000000.0,0.0,0.0,-69556224.0,0.0,0.0,-7152289.0,-7152289.0,226708512.0,-0.0,0.0,0.85,1.0,-1.0,1.0,True,True,False,,0,0
22572000.0,53,0.09198774702302387,False,False,ok,,,True,1.0,0.0,1,0.0,1.0,0.0,0.0,816053.8247178145,14399.746781615191,0.09198774702302387,-14399.746781615191,-0.09198774702302387,156539.83544146415,0.0,0.0,0.09198774702302387,0.03631698540520656,0.001318923428921986,0.05,1.0,-35726.49775629491,0.0,-0.0,-693033.3103732768,-5050.42731543933,5050.42731543933,-3239999.9999999995,-60000.0,60000.0,0.0,0.0,-0.0,0.0,0.0,-0.0,6068220.350800019,113354.2573000025,-113354.2573000025,-1283406.7179526135,-33904.083202945534,33904.083202945534,0.5,0.8863170146942139,0.5,0.5,8863170.0,292.6406555175781,473.1572265625,313.16363525390625,-150000000.0,0.0,0.0,-36702224.0,0.0,0.0,-35870856.0,-35870856.0,222573072.0,-0.0,0.0,0.85,1.0,-1.0,1.0,True,True,False,,0,0
22575600.0,54,0.16065459899808893,False,False,ok,,,True,1.0,0.0,1,0.0,1.0,0.0,0.0,841202.6692078897,25148.84449007525,0.16065459899808893,-25148.84449007525,-0.16065459899808893,156539.83544146415,0.0,0.0,0.16065459899808893,0.04137338794543355,0.001711757230083346,0.05,1.0,-35726.49775629491,0.0,-0.0,-705466.2764304734,-12432.966057196609,12432.966057196609,-3299999.9999999995,-60000.0,60000.0,0.0,0.0,-0.0,0.0,0.0,-0.0,6179506.890750017,111286.53994999826,-111286.53994999826,-1297111.4473553419,-13704.729402728379,13704.729402728379,0.5,0.8913733959197998,0.5,0.5,8913734.0,294.3101806640625,473.1572265625,313.16363525390625,-150000000.0,0.0,0.0,1994784.25,0.0,0.0,-66274612.0,-66274612.0,214279824.0,-0.0,0.0,0.85,1.0,-1.0,1.0,True,True,False,,0,0
22579200.0,55,0.1716449041676276,False,False,ok,,,True,1.0,0.0,1,0.0,1.0,0.0,0.0,868071.934260656,26869.265052766306,0.1716449041676276,-26869.265052766306,-0.1716449041676276,156539.83544146415,0.0,0.0,0.1716449041676276,0.04905402110638635,0.0024062969867057974,0.05,1.0,-37221.69417275174,-1495.1964164568271,1495.1964164568271,-726757.3900753187,-21291.113644845318,21291.113644845318,-3359999.9999999995,-60000.0,60000.0,0.0,0.0,-0.0,0.0,0.0,-0.0,6286646.804100016,107139.91334999911,-107139.91334999911,-1294595.7855912733,2515.661764068529,-2515.661764068529,0.5,0.8990540504455566,0.5,0.5,8990540.0,296.8460998535156,473.1572265625,313.16363525390625,-150000000.0,0.0,0.0,37815852.0,-11408016.0,-11408016.0,-107546544.0,-107546544.0,231138704.0,-0.0,0.0,0.85,1.0,-1.0,1.0,True,True,False,,0,0
22582800.0,56,0.15841533935022475,False,False,ok,,,True,1.0,0.0,1,0.0,1.0,0.0,0.0,892870.2454139439,24798.311153287883,0.15841533935022475,-24798.311153287883,-0.15841533935022475,156539.83544146415,0.0,0.0,0.15841533935022475,0.05777463935287985,0.003337908952355333,0.05,0.0,-43034.49174469419,-5812.79757194245,5812.79757194245,-757599.3443103839,-30841.954235065146,30841.954235065146,-3419999.9999999995,-60000.0,60000.0,0.0,0.0,-0.0,0.0,0.0,-0.0,6402216.156550014,115569.35244999826,-115569.35244999826,-1288712.0750809782,5883.710510295117,-5883.710510295117,0.5,0.9077746272087097,0.5,0.5,9077746.0,299.7254333496094,473.1572265625,313.16363525390625,-150000000.0,0.0,0.0,106762704.0,-23686434.0,-23686434.0,-142164896.0,-142164896.0,209088624.0,-0.0,0.0,0.85,1.0,-1.0,1.0,True,True,False,,0,0
22586400.0,57,0.05483555502360955,False,False,ok,,,True,1.0,0.0,1,0.0,1.0,0.0,0.0,901454.1941736811,8583.948759737192,0.05483555502360955,-8583.948759737192,-0.05483555502360955,156539.83544146415,0.0,0.0,0.05483555502360955,0.06561405096913953,0.00430520368458084,0.05,0.0,-53378.892546582676,-10344.400801888485,10344.400801888485,-795370.416384764,-37771.07207438012,37771.07207438012,-3479999.9999999995,-60000.0,60000.0,0.0,0.0,-0.0,0.0,0.0,-0.0,6506760.468700018,104544.31215000339,-104544.31215000339,-1276556.965594972,12155.1094860062,-12155.1094860062,0.5,0.9156140685081482,0.5,0.5,9156141.0,302.3138122558594,473.1572265625,313.16363525390625,-150000000.0,0.0,0.0,102780280.0,-37318364.0,-37318364.0,-161819216.0,-161819216.0,246357296.0,-0.0,0.0,0.85,1.0,-1.0,1.0,True,True,False,,0,0
22590000.0,58,0.11800491813332376,False,False,ok,,,True,1.0,0.0,1,0.0,1.0,0.0,0.0,919926.664639555,18472.47046587395,0.11800491813332376,-18472.47046587395,-0.11800491813332376,156539.83544146415,0.0,0.0,0.11800491813332376,0.07161183562618256,0.00512825500175139,0.05,0.0,-68649.3482630395,-15270.455716456825,15270.455716456825,-835642.0492601447,-40271.63287538069,40271.63287538069,-3539999.9999999995,-60000.0,60000.0,0.0,0.0,-0.0,0.0,0.0,-0.0,6629939.116900016,123178.64819999784,-123178.64819999784,-1265721.0547372606,10835.910857711453,-10835.910857711453,0.5,0.9216118454933167,0.5,0.5,9216118.0,304.29412841796875,473.1572265625,313.16363525390625,-150000000.0,0.0,0.0,126327656.0,-51833092.0,-51833092.0,-160193248.0,-160193248.0,235698688.0,-0.0,0.0,0.85,1.0,-1.0,1.0,True,True,False,,0,0
22593600.0,59,0.08316376371757069,False,False,ok,,,True,1.0,0.0,1,0.0,1.0,0.0,0.0,932945.1065265964,13018.441887041321,0.08316376371757069,-13018.441887041321,-0.08316376371757069,156539.83544146415,0.0,0.0,0.08316376371757069,0.07580310587265182,0.005746110859940461,0.05,0.0,-87336.52237392082,-18687.174110881315,18687.174110881315,-873830.464468788,-38188.4152086433,38188.4152086433,-3599999.9999999995,-60000.0,60000.0,0.0,0.0,-0.0,0.0,0.0,-0.0,6747788.457550017,117849.34065000154,-117849.34065000154,-1253676.364180694,12044.690556566464,-12044.690556566464,0.5,0.9258031249046326,0.5,0.5,9258031.0,305.677978515625,473.1572265625,313.16363525390625,-150000000.0,0.0,0.0,107311936.0,-55321192.0,-55321192.0,-143609136.0,-143609136.0,241618384.0,-0.0,0.0,0.85,1.0,-1.0,1.0,True,True,False,,0,0
22597200.0,60,0.1097235419164882,False,False,ok,,,True,1.0,0.0,1,0.0,1.0,0.0,0.0,950121.211722258,17176.105195661657,0.1097235419164882,-17176.105195661657,-0.1097235419164882,156539.83544146415,0.0,0.0,0.1097235419164882,0.07893744542276526,0.0062311202898720445,0.05,0.0,-108005.47393192443,-20668.95155800361,20668.95155800361,-906676.6534307761,-32846.18896198808,32846.18896198808,-3659999.9999999995,-60000.0,60000.0,0.0,0.0,-0.0,0.0,0.0,-0.0,6868597.6518000215,120809.19425000437,-120809.19425000437,-1243794.3127150408,9882.051465653349,-9882.051465653349,0.5,0.9289374351501465,0.5,0.5,9289374.0,306.7128601074219,473.1572265625,313.16363525390625,-150000000.0,0.0,0.0,105237440.0,-63744572.0,-63744572.0,-116317000.0,-116317000.0,224824128.0,-0.0,0.0,0.85,1.0,-1.0,1.0,True,True,False,,0,0
22600800.0,61,0.07298110799419454,False,False,ok,,,True,1.0,0.0,1,0.0,1.0,0.0,0.0,961545.662358005,11424.450635746936,0.07298110799419454,-11424.450635746936,-0.07298110799419454,156539.83544146415,0.0,0.0,0.07298110799419454,0.08120149328840642,0.006593682512267113,0.05,0.0,-132440.36659586328,-24434.892663938852,24434.892663938852,-933429.4978379371,-26752.844407161,26752.844407161,-3719999.9999999995,-60000.0,60000.0,0.0,0.0,-0.0,0.0,0.0,-0.0,6981009.716850018,112412.0650499966,-112412.0650499966,-1233594.1900581936,10200.122656847117,-10200.122656847117,0.5,0.9312015175819397,0.5,0.5,9312015.0,307.46038818359375,473.1572265625,313.16363525390625,-150000000.0,0.0,0.0,74885600.0,-77526744.0,-77526744.0,-95519696.0,-95519696.0,248160848.0,-0.0,0.0,0.85,1.0,-1.0,1.0,True,True,False,,0,0
22604400.0,62,0.1392755564518782,False,False,ok,,,True,1.0,0.0,1,0.0,1.0,0.0,0.0,983347.8350460003,21802.172687995364,0.1392755564518782,-21802.172687995364,-0.1392755564518782,156539.83544146415,0.0,0.0,0.1392755564518782,0.08196325828864914,0.006717975709291812,0.05,0.0,-158416.0337452338,-25975.667149370536,25975.667149370536,-956609.6929515515,-23180.195113614434,23180.195113614434,-3779999.9999999995,-60000.0,60000.0,0.0,0.0,-0.0,0.0,0.0,-0.0,7105090.139000017,124080.42214999907,-124080.42214999907,-1226716.5772572136,6877.612800979987,-6877.612800979987,0.5,0.9319632649421692,0.5,0.5,9319633.0,307.7118835449219,473.1572265625,313.16363525390625,-150000000.0,0.0,0.0,67362576.0,-70248744.0,-70248744.0,-89279544.0,-89279544.0,242165712.0,-0.0,0.0,0.85,1.0,-1.0,1.0,True,True,False,,0,0
22608000.0,63,0.13913283092139347,False,False,ok,,,True,1.0,0.0,1,0.0,1.0,0.0,0.0,1005127.6655029403,21779.83045693999,0.13913283092139347,-21779.83045693999,-0.13913283092139347,156539.83544146415,0.0,0.0,0.13913283092139347,0.08125990595084509,0.006603172315140189,0.05,0.0,-183356.55596034174,-24940.52221510792,24940.52221510792,-977062.6843148565,-20452.991363305016,20452.991363305016,-3839999.9999999995,-60000.0,60000.0,0.0,0.0,-0.0,0.0,0.0,-0.0,7226172.9940000195,121082.85500000231,-121082.85500000231,-1220626.0882218606,6090.4890353530645,-6090.4890353530645,0.5,0.9312599301338196,0.5,0.5,9312599.0,307.47967529296875,473.1572265625,313.16363525390625,-150000000.0,0.0,0.0,89387720.0,-72500720.0,-72500720.0,-72581880.0,-72581880.0,205694880.0,-0.0,0.0,0.85,1.0,-1.0,1.0,True,True,False,,0,0
22611600.0,64,0.07231586644604959,False,False,ok,,,True,1.0,0.0,1,0.0,1.0,0.0,0.0,1016447.9793362118,11320.313833271503,0.07231586644604959,-11320.313833271503,-0.07231586644604959,156539.83544146415,0.0,0.0,0.07231586644604959,0.07888746952413028,0.006223232847920584,0.05,0.0,-208553.32279478418,-25196.766834442446,25196.766834442446,-990329.2621326869,-13266.577817830374,13266.577817830374,-3899999.9999999995,-60000.0,60000.0,0.0,0.0,-0.0,0.0,0.0,-0.0,7329020.432900015,102847.43889999576,-102847.43889999576,-1213689.8686363166,6936.219585543964,-6936.219585543964,0.5,0.9288874864578247,0.5,0.5,9288875.0,306.69635009765625,473.1572265625,313.16363525390625,-150000000.0,0.0,0.0,3211215.5,-71369432.0,-71369432.0,-28650748.0,-28650748.0,246808960.0,-0.0,0.0,0.85,1.0,-1.0,1.0,True,True,False,,0,0
22615200.0,65,0.16765915303968645,False,False,ok,,,True,1.0,0.0,1,0.0,1.0,0.0,0.0,1042693.3155632996,26245.33622708777,0.16765915303968645,-26245.33622708777,-0.16765915303968645,156539.83544146415,0.0,0.0,0.16765915303968645,0.07421782492923179,0.0055082855372260995,0.05,0.0,-229369.85582212228,-20816.533027338097,20816.533027338097,-994770.5772662476,-4441.315133560682,4441.315133560682,-3959999.9999999995,-60000.0,60000.0,0.0,0.0,-0.0,0.0,0.0,-0.0,7452424.9146500155,123404.48175000027,-123404.48175000027,-1225591.1659983303,-11901.29736201372,11901.29736201372,0.5,0.9242178201675415,0.5,0.5,9242178.0,305.154541015625,473.1572265625,313.16363525390625,-150000000.0,0.0,0.0,-34086108.0,-46112584.0,-46112584.0,-4219524.0,-4219524.0,234418224.0,-0.0,0.0,0.85,1.0,-1.0,1.0,True,True,False,,0,0
22618800.0,66,0.1042691645872426,False,False,ok,,,True,1.0,0.0,1,0.0,1.0,0.0,0.0,1059015.5934294055,16322.277866105898,0.1042691645872426,-16322.277866105898,-0.1042691645872426,156539.83544146415,0.0,0.0,0.1042691645872426,0.0680430690086905,0.0046298592401214185,0.05,0.0,-241897.73295026977,-12527.877128147491,12527.877128147491,-995353.160068493,-582.5828022453934,582.5828022453934,-4019999.9999999995,-60000.0,60000.0,0.0,0.0,-0.0,0.0,0.0,-0.0,7569634.023250017,117209.10860000178,-117209.10860000178,-1253367.5368018313,-27776.37080350099,27776.37080350099,0.5,0.9180430769920349,0.5,0.5,9180431.0,303.1157531738281,473.1572265625,313.16363525390625,-150000000.0,0.0,0.0,-40844872.0,-24510716.0,-24510716.0,-0.0,-0.0,215355584.0,-0.0,0.0,0.85,1.0,-1.0,1.0,True,True,False,,0,0
22622400.0,67,0.08457452795063419,False,False,ok,,,True,1.0,0.0,1,0.0,1.0,0.0,0.0,1072254.8761173373,13239.282687931787,0.08457452795063419,-13239.282687931787,-0.08457452795063419,156539.83544146415,0.0,0.0,0.08457452795063419,0.061727587023180375,0.0038102949997043064,0.05,0.0,-248582.51125737408,-6684.778307104309,6684.778307104309,-995353.160068493,0.0,-0.0,-4079999.9999999995,-60000.0,60000.0,0.0,0.0,-0.0,0.0,0.0,-0.0,7677311.818050018,107677.79480000027,-107677.79480000027,-1281121.2706067953,-27753.733804963995,27753.733804963995,0.5,0.9117276072502136,0.5,0.5,9117276.0,301.0305480957031,473.1572265625,313.16363525390625,-150000000.0,0.0,0.0,-79951576.0,-13081150.0,-13081150.0,-0.0,-0.0,243032720.0,-0.0,0.0,0.85,1.0,-1.0,1.0,True,True,False,,0,0
22626000.0,68,0.052864304480934696,False,False,ok,,,True,1.0,0.0,1,0.0,1.0,0.0,0.0,1080530.2456415102,8275.369524172973,0.052864304480934696,-8275.369524172973,-0.052864304480934696,156539.83544146415,0.0,0.0,0.052864304480934696,0.05584400546394441,0.0031185529462570533,0.05,0.0,-252192.61045521576,-3610.099197841686,3610.099197841686,-995353.160068493,0.0,-0.0,-4139999.9999999995,-60000.0,60000.0,0.0,0.0,-0.0,0.0,0.0,-0.0,7798828.181850018,121516.3638000004,-121516.3638000004,-1330752.1656847808,-49630.89507798548,49630.89507798548,0.5,0.9058440327644348,0.5,0.5,9058440.0,299.0879211425781,473.1572265625,313.16363525390625,-150000000.0,0.0,0.0,-90256408.0,-7166518.5,-7166518.5,-0.0,-0.0,247422928.0,-0.0,0.0,0.85,1.0,-1.0,1.0,True,True,False,,0,0
22629600.0,69,0.0378490548266117,False,False,ok,,,True,1.0,0.0,1,0.0,1.0,0.0,0.0,1086455.130455683,5924.88481417275,0.0378490548266117,-5924.88481417275,-0.0378490548266117,156539.83544146415,0.0,0.0,0.0378490548266117,0.050282190270173,0.00252829865836588,0.05,0.0,-253126.65865305744,-934.0481978416792,934.0481978416792,-995353.160068493,0.0,-0.0,-4199999.999999999,-59999.999999999534,59999.999999999534,0.0,0.0,-0.0,0.0,0.0,-0.0,7922539.644200021,123711.46235000342,-123711.46235000342,-1387604.695022766,-56852.52933798521,56852.52933798521,0.5,0.9002822041511536,0.5,0.5,9002822.0,297.25152587890625,473.1572265625,313.16363525390625,-150000000.0,0.0,0.0,-84092064.0,0.0,0.0,-0.0,-0.0,234092064.0,-0.0,0.0,0.85,1.0,-1.0,1.0,True,True,False,,0,0
22633200.0,70,0.042102981911368444,False,False,ok,,,True,1.0,0.0,1,0.0,1.0,0.0,0.0,1093045.9243156835,6590.793860000558,0.042102981911368444,-6590.793860000558,-0.042102981911368444,156539.83544146415,0.0,0.0,0.042102981911368444,0.0449918162432803,0.0020242635288691014,0.05,1.0,-253126.65865305744,0.0,-0.0,-995353.160068493,0.0,-0.0,-4259999.999999999,-60000.0,60000.0,0.0,0.0,-0.0,0.0,0.0,-0.0,8039585.674900023,117046.03070000187,-117046.03070000187,-1438059.931862765,-50455.23683999898,50455.23683999898,0.5,0.8949918150901794,0.5,0.5,8949918.0,295.5047607421875,473.1572265625,313.16363525390625,-150000000.0,0.0,0.0,-78159752.0,0.0,0.0,-0.0,-0.0,228159760.0,-0.0,0.0,0.85,1.0,-1.0,1.0,True,True,False,,0,0
22636800.0,71,0.04589262835072832,False,False,ok,,,True,1.0,0.0,1,0.0,1.0,0.0,0.0,1100229.9488056828,7184.024489999283,0.04589262835072832,-7184.024489999283,-0.04589262835072832,156539.83544146415,0.0,0.0,0.04589262835072832,0.04038816530571321,0.001631203896761616,0.05,1.0,-253126.65865305744,0.0,-0.0,-995353.160068493,0.0,-0.0,-4319999.999999999,-60000.0,60000.0,0.0,0.0,-0.0,0.0,0.0,-0.0,8153665.55245002,114079.8775499966,-114079.8775499966,-1484955.7849227646,-46895.853059999645,46895.853059999645,0.5,0.8903881907463074,0.5,0.5,8903882.0,293.9847412109375,473.1572265625,313.16363525390625,-150000000.0,0.0,0.0,-57498704.0,0.0,0.0,-0.0,-0.0,207498704.0,-0.0,0.0,0.85,1.0,-1.0,1.0,True,True,False,,0,0
22640400.0,72,0.059091218052661175,False,False,ok,,,True,1.0,0.0,1,0.0,1.0,0.0,0.0,1109480.078355682,9250.129549999256,0.059091218052661175,-9250.129549999256,-0.059091218052661175,156539.83544146415,0.0,0.0,0.059091218052661175,0.036542074231550536,0.0013353231891441498,0.05,1.0,-253126.65865305744,0.0,-0.0,-995353.160068493,0.0,-0.0,-4379999.999999999,-60000.0,60000.0,0.0,0.0,-0.0,0.0,0.0,-0.0,8257414.904700017,103749.35224999674,-103749.35224999674,-1519455.0076227644,-34499.22269999981,34499.22269999981,0.5,0.8865420818328857,0.5,0.5,8865421.0,292.71484375,473.1572265625,313.16363525390625,-150000000.0,0.0,0.0,-99310512.0,0.0,0.0,-0.0,-0.0,249310512.0,-0.0,0.0,0.85,1.0,-1.0,1.0,True,True,False,,0,0
22644000.0,73,0.032381206136471954,False,False,ok,,,True,1.0,0.0,1,0.0,1.0,0.0,0.0,1114549.0270356815,5068.948679999448,0.032381206136471954,-5068.948679999448,-0.032381206136471954,156539.83544146415,0.0,0.0,0.032381206136471954,0.03323360554491828,0.0011044725375152229,0.05,1.0,-253126.65865305744,0.0,-0.0,-995353.160068493,0.0,-0.0,-4439999.999999999,-60000.0,60000.0,0.0,0.0,-0.0,0.0,0.0,-0.0,8382070.161300015,124655.2565999981,-124655.2565999981,-1579041.3155427654,-59586.30792000098,59586.30792000098,0.5,0.8832336068153381,0.5,0.5,8832336.0,291.6224670410156,473.1572265625,313.16363525390625,-150000000.0,0.0,0.0,-90751192.0,0.0,0.0,-0.0,-0.0,240751200.0,-0.0,0.0,0.85,1.0,-1.0,1.0,True,True,False,,0,0
22647600.0,74,0.03784902854465537,False,False,ok,,,True,1.0,0.0,1,0.0,1.0,0.0,0.0,1120473.9077356812,5924.88069999963,0.03784902854465537,-5924.88069999963,-0.03784902854465537,156539.83544146415,0.0,0.0,0.03784902854465537,0.03030370279572403,0.0009183144031315724,0.05,1.0,-253126.65865305744,0.0,-0.0,-995353.160068493,0.0,-0.0,-4499999.999999999,-60000.0,60000.0,0.0,0.0,-0.0,0.0,0.0,-0.0,8502445.757800017,120375.59650000185,-120375.59650000185,-1633492.0313427653,-54450.71579999989,54450.71579999989,0.5,0.880303680896759,0.5,0.5,8803037.0,290.65509033203125,473.1572265625,313.16363525390625,-150000000.0,0.0,0.0,-95611000.0,0.0,0.0,-0.0,-0.0,245610992.0,-0.0,0.0,0.85,1.0,-1.0,1.0,True,True,False,,0,0
22651200.0,75,0.03474451148272487,False,False,ok,,,True,1.0,0.0,1,0.0,1.0,0.0,0.0,1125912.807845681,5438.900109999813,0.03474451148272487,-5438.900109999813,-0.03474451148272487,156539.83544146415,0.0,0.0,0.03474451148272487,0.02775194604593334,0.0007701705093363951,0.05,1.0,-253126.65865305744,0.0,-0.0,-995353.160068493,0.0,-0.0,-4559999.999999999,-60000.0,60000.0,0.0,0.0,-0.0,0.0,0.0,-0.0,8625251.257250022,122805.49945000559,-122805.49945000559,-1690858.6306827664,-57366.59934000112,57366.59934000112,0.5,0.8777519464492798,0.5,0.5,8777519.0,289.81256103515625,473.1572265625,313.16363525390625,-150000000.0,0.0,0.0,-84198296.0,0.0,0.0,-0.0,-0.0,234198288.0,-0.0,0.0,0.85,1.0,-1.0,1.0,True,True,False,,0,0
22654800.0,76,0.05095020947882233,False,False,ok,,,True,1.0,0.0,1,0.0,1.0,0.0,0.0,1133888.545253204,7975.7374075229745,0.05095020947882233,-7975.7374075229745,-0.05095020947882233,156539.83544146415,0.0,0.0,0.05095020947882233,0.026344348100655335,0.0006940246768485024,0.05,1.0,-253126.65865305744,0.0,-0.0,-996349.9935810092,-996.8335125162266,996.8335125162266,-4619999.999999999,-60000.0,60000.0,0.0,0.0,-0.0,0.0,0.0,-0.0,8742350.40480002,117099.14754999802,-117099.14754999802,-1738985.2073127273,-48126.57662996091,48126.57662996091,0.5,0.8763443231582642,0.5,0.5,8763443.0,289.3478088378906,473.1572265625,313.16363525390625,-150000000.0,0.0,0.0,-56310928.0,0.0,0.0,-8840613.0,-8840613.0,215151536.0,-0.0,0.0,0.85,1.0,-1.0,1.0,True,True,False,,0,0
22658400.0,77,0.12196162426999323,False,False,ok,,,True,1.0,0.0,1,0.0,1.0,0.0,0.0,1152980.3978466024,19091.85259339842,0.12196162426999323,-19091.85259339842,-0.12196162426999323,156539.83544146415,0.0,0.0,0.12196162426999323,0.027765448467921283,0.0007709201286247924,0.05,1.0,-254209.9707311006,-1083.312078043149,1083.312078043149,-1003373.7165823943,-7023.723001385108,7023.723001385108,-4679999.999999999,-60000.0,60000.0,0.0,0.0,-0.0,0.0,0.0,-0.0,8849926.174550012,107575.7697499916,-107575.7697499916,-1759362.0893899002,-20376.882077172864,20376.882077172864,0.5,0.8777654767036438,0.5,0.5,8777654.0,289.8170166015625,473.1572265625,313.16363525390625,-150000000.0,0.0,0.0,-26145842.0,-9270285.0,-9270285.0,-51173744.0,-51173744.0,236589872.0,-0.0,0.0,0.85,1.0,-1.0,1.0,True,True,False,,0,0
22662000.0,78,0.20633829392364786,False,False,ok,,,True,1.0,0.0,1,0.0,1.0,0.0,0.0,1185280.5604226827,32300.1625760803,0.20633829392364786,-32300.1625760803,-0.20633829392364786,156539.83544146415,0.0,0.0,0.20633829392364786,0.032716808792612184,0.001070389577572346,0.05,1.0,-257077.26165412215,-2867.290923021559,2867.290923021559,-1021720.3294095593,-18346.612827164936,18346.612827164936,-4739999.999999999,-60000.0,60000.0,0.0,0.0,-0.0,0.0,0.0,-0.0,8968221.110000007,118294.9354499951,-118294.9354499951,-1764142.9585136338,-4780.8691237336025,4780.8691237336025,0.5,0.8827168345451355,0.5,0.5,8827168.0,291.4518127441406,473.1572265625,313.16363525390625,-150000000.0,0.0,0.0,42826060.0,-6915990.5,-6915990.5,-99720584.0,-99720584.0,213810512.0,-0.0,0.0,0.85,1.0,-1.0,1.0,True,True,False,,0,0
22665600.0,79,0.13634262591739424,False,False,ok,,,True,1.0,0.0,1,0.0,1.0,0.0,0.0,1206623.6126474487,21343.052224765997,0.13634262591739424,-21343.052224765997,-0.13634262591739424,156539.83544146415,0.0,0.0,0.13634262591739424,0.03990110488372889,0.0015920981709423333,0.05,1.0,-258992.32054701785,-1915.0588928957004,1915.0588928957004,-1051409.08875293,-29688.759343370795,29688.759343370795,-4799999.999999999,-60000.0,60000.0,0.0,0.0,-0.0,0.0,0.0,-0.0,9075126.368800003,106905.25879999623,-106905.25879999623,-1758101.3468526008,6041.611661033006,-6041.611661033006,0.5,0.8899011015892029,0.5,0.5,8899011.0,293.8238830566406,473.1572265625,313.16363525390625,-150000000.0,0.0,0.0,64282524.0,-3793628.0,-3793628.0,-141250832.0,-141250832.0,230761936.0,-0.0,0.0,0.85,1.0,-1.0,1.0,True,True,False,,0,0
22669200.0,80,0.14456220703284098,False,False,ok,,,True,1.0,0.0,1,0.0,1.0,0.0,0.0,1229253.3567474245,22629.744099975796,0.14456220703284098,-22629.744099975796,-0.14456220703284098,156539.83544146415,0.0,0.0,0.14456220703284098,0.04757818226451338,0.0022636834275952555,0.05,1.0,-260948.8913766042,-1956.5708295863587,1956.5708295863587,-1090204.8883987002,-38795.79964577011,38795.79964577011,-4859999.999999999,-60000.0,60000.0,0.0,0.0,-0.0,0.0,0.0,-0.0,9190507.336900003,115380.96810000017,-115380.96810000017,-1750100.2003772683,8001.146475332556,-8001.146475332556,0.5,0.8975781798362732,0.5,0.5,8975782.0,296.3586730957031,473.1572265625,313.16363525390625,-150000000.0,0.0,0.0,114944096.0,-7934545.0,-7934545.0,-171752160.0,-171752160.0,214742608.0,-0.0,0.0,0.85,1.0,-1.0,1.0,True,True,False,,0,0
22672800.0,81,0.07106274795804401,False,False,ok,,,True,1.0,0.0,1,0.0,1.0,0.0,0.0,1240377.507618795,11124.150871370453,0.07106274795804401,-11124.150871370453,-0.07106274795804401,156539.83544146415,0.0,0.0,0.07106274795804401,0.05463614644376058,0.002985108498224052,0.05,0.0,-264672.62433083076,-3723.7329542265506,3723.7329542265506,-1135393.3588580508,-45188.47045935062,45188.47045935062,-4919999.999999999,-60000.0,60000.0,0.0,0.0,-0.0,0.0,0.0,-0.0,9297878.639900006,107371.3030000031,-107371.3030000031,-1737435.1490923204,12665.051284947898,-12665.051284947898,0.5,0.9046361446380615,0.5,0.5,9046361.0,298.68902587890625,473.1572265625,313.16363525390625,-150000000.0,0.0,0.0,129827552.0,-14193617.0,-14193617.0,-191547712.0,-191547712.0,225913776.0,-0.0,0.0,0.85,1.0,-1.0,1.0,True,True,False,,0,0
22676400.0,82,0.07671229380720075,False,False,ok,,,True,1.0,0.0,1,0.0,1.0,0.0,0.0,1252386.0374677114,12008.529848916456,0.07671229380720075,-12008.529848916456,-0.07671229380720075,156539.83544146415,0.0,0.0,0.07671229380720075,0.06047771519220102,0.003657554034868982,0.05,0.0,-270411.5358807408,-5738.91154991003,5738.91154991003,-1184156.287217107,-48762.928359056124,48762.928359056124,-4979999.999999999,-60000.0,60000.0,0.0,0.0,-0.0,0.0,0.0,-0.0,9410835.52665,112956.88674999401,-112956.88674999401,-1723881.6660844379,13553.483007882489,-13553.483007882489,0.5,0.9104776978492737,0.5,0.5,9104777.0,300.6177673339844,473.1572265625,313.16363525390625,-150000000.0,0.0,0.0,131556776.0,-19213142.0,-19213142.0,-199289824.0,-199289824.0,236946192.0,-0.0,0.0,0.85,1.0,-1.0,1.0,True,True,False,,0,0
22680000.0,83,0.09458261412688931,False,False,ok,,,True,1.0,0.0,1,0.0,1.0,0.0,0.0,1267191.9843187581,14805.946851046756,0.09458261412688931,-14805.946851046756,-0.09458261412688931,156539.83544146415,0.0,0.0,0.09458261412688931,0.06491661085959788,0.004214166365496461,0.05,0.0,-277765.8121851472,-7354.276304406405,7354.276304406405,-1233688.7444267839,-49532.45720967697,49532.45720967697,-5039999.999999999,-60000.0,60000.0,0.0,0.0,-0.0,0.0,0.0,-0.0,9529308.621249992,118473.09459999204,-118473.09459999204,-1710662.0803193082,13219.585765129654,-13219.585765129654,0.5,0.9149166345596313,0.5,0.5,9149166.0,302.0833740234375,473.1572265625,313.16363525390625,-150000000.0,0.0,0.0,132792952.0,-23279516.0,-23279516.0,-196714496.0,-196714496.0,237201056.0,-0.0,0.0,0.85,1.0,-1.0,1.0,True,True,False,,0,0
22683600.0,84,0.0966959299193075,False,False,ok,,,True,1.0,0.0,1,0.0,1.0,0.0,0.0,1282328.7492761859,15136.764957427746,0.0966959299193075,-15136.764957427746,-0.0966959299193075,156539.83544146415,0.0,0.0,0.0966959299193075,0.06790569663214108,0.004611183635096376,0.05,0.0,-286237.06461320474,-8471.252428057545,8471.252428057545,-1281510.0147119544,-47821.270285170525,47821.270285170525,-5099999.999999999,-60000.0,60000.0,0.0,0.0,-0.0,0.0,0.0,-0.0,9647909.14839999,118600.52714999765,-118600.52714999765,-1697833.319798652,12828.760520656127,-12828.760520656127,0.5,0.9179056882858276,0.5,0.5,9179057.0,303.0702819824219,473.1572265625,313.16363525390625,-150000000.0,0.0,0.0,139783856.0,-25349030.0,-25349030.0,-184607808.0,-184607808.0,220172976.0,-0.0,0.0,0.85,1.0,-1.0,1.0,True,True,False,,0,0
22687200.0,85,0.06857390344673184,False,False,ok,,,True,1.0,0.0,1,0.0,1.0,0.0,0.0,1293063.2968373161,10734.547561130254,0.06857390344673184,-10734.547561130254,-0.06857390344673184,156539.83544146415,0.0,0.0,0.06857390344673184,0.06938513679755853,0.004814297208415912,0.05,0.0,-294976.783801694,-8739.719188489253,8739.719188489253,-1324996.6559047264,-43486.64119277196,43486.64119277196,-5159999.999999999,-60000.0,60000.0,0.0,0.0,-0.0,0.0,0.0,-0.0,9757995.634449992,110086.48605000228,-110086.48605000228,-1684958.89790626,12874.421892391983,-12874.421892391983,0.5,0.9193851351737976,0.5,0.5,9193851.0,303.55877685546875,473.1572265625,313.16363525390625,-150000000.0,0.0,0.0,127196416.0,-24510716.0,-24510716.0,-160732128.0,-160732128.0,208046416.0,-0.0,0.0,0.85,1.0,-1.0,1.0,True,True,False,,0,0
22690800.0,86,0.06856748275346787,False,False,ok,,,True,1.0,0.0,1,0.0,1.0,0.0,0.0,1303796.8393041794,10733.542466863291,0.06856748275346787,-10733.542466863291,-0.06856748275346787,156539.83544146415,0.0,0.0,0.06856748275346787,0.06939780666635875,0.004816055570101307,0.05,0.0,-303011.6296233667,-8034.845821672701,8034.845821672701,-1361239.739815105,-36243.08391037863,36243.08391037863,-5219999.999999999,-60000.0,60000.0,0.0,0.0,-0.0,0.0,0.0,-0.0,9862018.844949987,104023.21049999446,-104023.21049999446,-1673970.636207345,10988.261698915157,-10988.261698915157,0.5,0.9193978309631348,0.5,0.5,9193978.0,303.5629577636719,473.1572265625,313.16363525390625,-150000000.0,0.0,0.0,95315984.0,-21102978.0,-21102978.0,-125333056.0,-125333056.0,201120048.0,-0.0,0.0,0.85,1.0,-1.0,1.0,True,True,False,,0,0
22694400.0,87,0.09512737422087116,False,False,ok,,,True,1.0,0.0,1,0.0,1.0,0.0,0.0,1318688.0628106932,14891.22350651375,0.09512737422087116,-14891.22350651375,-0.09512737422087116,156539.83544146415,0.0,0.0,0.09512737422087116,0.0680399896586541,0.0046294401927497566,0.05,0.0,-309494.34106302494,-6482.711439658247,6482.711439658247,-1387783.5526189413,-26543.812803836307,26543.812803836307,-5279999.999999999,-60000.0,60000.0,0.0,0.0,-0.0,0.0,0.0,-0.0,9962578.869149994,100560.02420000732,-100560.02420000732,-1666612.9126573368,7357.723550008144,-7357.723550008144,0.5,0.9180399775505066,0.5,0.5,9180400.0,303.1146240234375,473.1572265625,313.16363525390625,-150000000.0,0.0,0.0,42461032.0,-15511442.0,-15511442.0,-82243520.0,-82243520.0,205293936.0,-0.0,0.0,0.85,1.0,-1.0,1.0,True,True,False,,0,0
22698000.0,88,0.15739339579710956,False,False,ok,,,True,1.0,0.0,1,0.0,1.0,0.0,0.0,1343326.399088346,24638.336277652765,0.15739339579710956,-24638.336277652765,-0.15739339579710956,156539.83544146415,0.0,0.0,0.15739339579710956,0.06528955126325642,0.004262725504157388,0.05,0.0,-313364.9364429709,-3870.5953799459385,3870.5953799459385,-1403301.9946085052,-15518.441989563871,15518.441989563871,-5339999.999999999,-60000.0,60000.0,0.0,0.0,-0.0,0.0,0.0,-0.0,10065225.83329999,102646.96414999664,-102646.96414999664,-1665232.5031601742,1380.40949716256,-1380.40949716256,0.5,0.915289580821991,0.5,0.5,9152896.0,302.2065124511719,473.1572265625,313.16363525390625,-150000000.0,0.0,0.0,-53542712.0,-6180641.5,-6180641.5,-36876596.0,-36876596.0,246599952.0,-0.0,0.0,0.85,1.0,-1.0,1.0,True,True,False,,0,0
22701600.0,89,0.08601477915200624,False,False,ok,,,True,1.0,0.0,1,0.0,1.0,0.0,0.0,1356791.1384623349,13464.739373988938,0.08601477915200624,-13464.739373988938,-0.08601477915200624,156539.83544146415,0.0,0.0,0.08601477915200624,0.060142671696206795,0.003617140958757714,0.05,0.0,-313788.20777954644,-423.2713365755626,423.2713365755626,-1408889.4216335102,-5587.4270250049885,5587.4270250049885,-5399999.999999999,-60000.0,60000.0,0.0,0.0,-0.0,0.0,0.0,-0.0,10188525.808949985,123299.97564999387,-123299.97564999387,-1709057.0410746054,-43824.53791443119,43824.53791443119,0.5,0.9101426601409912,0.5,0.5,9101427.0,300.5071105957031,473.1572265625,313.16363525390625,-150000000.0,0.0,0.0,-76590784.0,0.0,0.0,-4186688.5,-4186688.5,230777472.0,-0.0,0.0,0.85,1.0,-1.0,1.0,True,True,False,,0,0
22705200.0,90,0.04938682625457301,False,False,ok,,,True,1.0,0.0,1,0.0,1.0,0.0,0.0,1364522.144117202,7731.00565486704,0.04938682625457301,-7731.00565486704,-0.04938682625457301,156539.83544146415,0.0,0.0,0.04938682625457301,0.05348770764593369,0.0028609348692168733,0.05,0.0,-313788.20777954644,0.0,-0.0,-1409467.1023012723,-577.6806677621789,577.6806677621789,-5459999.999999999,-60000.0,60000.0,0.0,0.0,-0.0,0.0,0.0,-0.0,10303914.545349993,115388.7364000082,-115388.7364000082,-1756137.0911519767,-47080.0500773713,47080.0500773713,0.5,0.9034876823425293,0.5,0.5,9034877.0,298.3097839355469,473.1572265625,313.16363525390625,-150000000.0,0.0,0.0,-81664200.0,0.0,0.0,-0.0,-0.0,231664208.0,-0.0,0.0,0.85,1.0,-1.0,1.0,True,True,False,,0,0
22708800.0,91,0.04365393601397448,False,False,ok,,,True,1.0,0.0,1,0.0,1.0,0.0,0.0,1371355.7240772017,6833.57995999977,0.04365393601397448,-6833.57995999977,-0.04365393601397448,156539.83544146415,0.0,0.0,0.04365393601397448,0.04773740811862781,0.0022788601338844324,0.05,1.0,-313788.20777954644,0.0,-0.0,-1409467.1023012723,0.0,-0.0,-5519999.999999999,-60000.0,60000.0,0.0,0.0,-0.0,0.0,0.0,-0.0,10419746.645549994,115832.10020000115,-115832.10020000115,-1805135.6113919758,-48998.52023999905,48998.52023999905,0.5,0.8977373838424683,0.5,0.5,8977374.0,296.41119384765625,473.1572265625,313.16363525390625,-150000000.0,0.0,0.0,-50334356.0,0.0,0.0,-0.0,-0.0,200334352.0,-0.0,0.0,0.85,1.0,-1.0,1.0,True,True,False,,0,0
22712400.0,92,0.06366791054744743,False,False,ok,,,True,1.0,0.0,1,0.0,1.0,0.0,0.0,1381322.288317201,9966.56423999928,0.06366791054744743,-9966.56423999928,-0.06366791054744743,156539.83544146415,0.0,0.0,0.06366791054744743,0.04310003525173589,0.0018576130387008764,0.05,1.0,-313788.20777954644,0.0,-0.0,-1409467.1023012723,0.0,-0.0,-5579999.999999999,-60000.0,60000.0,0.0,0.0,-0.0,0.0,0.0,-0.0,10519913.824349988,100167.17879999429,-100167.17879999429,-1835336.2259519754,-30200.614559999667,30200.614559999667,0.5,0.8931000232696533,0.5,0.5,8931000.0,294.8800354003906,473.1572265625,313.16363525390625,-150000000.0,0.0,0.0,-60743284.0,0.0,0.0,-0.0,-0.0,210743280.0,-0.0,0.0,0.85,1.0,-1.0,1.0,True,True,False,,0,0
22716000.0,93,0.05701853195916152,False,False,ok,,,True,1.0,0.0,1,0.0,1.0,0.0,0.0,1390247.959927202,8925.671610001009,0.05701853195916152,-8925.671610001009,-0.05701853195916152,156539.83544146415,0.0,0.0,0.05701853195916152,0.03916967689074258,0.0015342635877251731,0.05,1.0,-313788.20777954644,0.0,-0.0,-1409467.1023012723,0.0,-0.0,-5639999.999999999,-60000.0,60000.0,0.0,0.0,-0.0,0.0,0.0,-0.0,10625285.46629998,105371.64194999263,-105371.64194999263,-1871782.1962919764,-36445.97034000093,36445.97034000093,0.5,0.8891696929931641,0.5,0.5,8891697.0,293.5823059082031,473.1572265625,313.16363525390625,-150000000.0,0.0,0.0,-54050160.0,0.0,0.0,-0.0,-0.0,204050160.0,-0.0,0.0,0.85,1.0,-1.0,1.0,True,True,False,,0,0
22719600.0,94,0.0612941992876215,False,False,ok,,,True,1.0,0.0,1,0.0,1.0,0.0,0.0,1399842.9437972025,9594.983870000578,0.0612941992876215,-9594.983870000578,-0.0612941992876215,156539.83544146415,0.0,0.0,0.0612941992876215,0.03576754551018979,0.0012793173118234979,0.05,1.0,-313788.20777954644,0.0,-0.0,-1409467.1023012723,0.0,-0.0,-5699999.999999999,-60000.0,60000.0,0.0,0.0,-0.0,0.0,0.0,-0.0,10727310.546949983,102025.08065000176,-102025.08065000176,-1904212.2930719752,-32430.096779998858,32430.096779998858,0.5,0.8857675194740295,0.5,0.5,8857675.0,292.4590148925781,473.1572265625,313.16363525390625,-150000000.0,0.0,0.0,-58073240.0,0.0,0.0,-0.0,-0.0,208073248.0,-0.0,0.0,0.85,1.0,-1.0,1.0,True,True,False,,0,0
22723200.0,95,0.0587241953722248,False,False,ok,,,True,1.0,0.0,1,0.0,1.0,0.0,0.0,1409035.619677203,9192.67588000046,0.0587241953722248,-9192.67588000046,-0.0587241953722248,156539.83544146415,0.0,0.0,0.0587241953722248,0.03268084982822972,0.0010680379454953025,0.05,1.0,-313788.20777954644,0.0,-0.0,-1409467.1023012723,0.0,-0.0,-5759999.999999999,-60000.0,60000.0,0.0,0.0,-0.0,0.0,0.0,-0.0,10831347.167549983,104036.62060000002,-104036.62060000002,-1939056.2377919748,-34843.94471999956,34843.94471999956,0.5,0.8826808333396912,0.5,0.5,8826808.0,291.4398498535156,473.1572265625,313.16363525390625,-150000000.0,0.0,0.0,-54590180.0,0.0,0.0,-0.0,-0.0,204590176.0,-0.0,0.0,0.85,1.0,-1.0,1.0,True,True,False,,0,0
22726800.0,96,0.060949228374320076,False,False,ok,,,True,1.0,0.0,1,0.0,1.0,0.0,0.0,1418576.6018572033,9540.982180000283,0.060949228374320076,-9540.982180000283,-0.060949228374320076,156539.83544146415,0.0,0.0,0.060949228374320076,0.0298065112956859,0.0008884281156198512,0.05,1.0,-313788.20777954644,0.0,-0.0,-1409467.1023012723,0.0,-0.0,-5819999.999999999,-60000.0,60000.0,0.0,0.0,-0.0,0.0,0.0,-0.0,10933642.256649986,102295.08910000324,-102295.08910000324,-1971810.3447119754,-32754.10692000063,32754.10692000063,0.5,0.8798065185546875,0.5,0.5,8798065.0,290.4908142089844,473.1572265625,313.16363525390625,-150000000.0,0.0,0.0,-56706664.0,0.0,0.0,-0.0,-0.0,206706672.0,-0.0,0.0,0.85,1.0,-1.0,1.0,True,True,False,,0,0
22730400.0,97,0.05959718472739256,False,False,ok,,,True,1.0,0.0,1,0.0,1.0,0.0,0.0,1427905.9353472039,9329.333490000572,0.05959718472739256,-9329.333490000572,-0.05959718472739256,156539.83544146415,0.0,0.0,0.05959718472739256,0.02729875282397254,0.0007452219057443487,0.05,1.0,-313788.20777954644,0.0,-0.0,-1409467.1023012723,0.0,-0.0,-5879999.999999999,-60000.0,60000.0,0.0,0.0,-0.0,0.0,0.0,-0.0,11036995.58919999,103353.33255000412,-103353.33255000412,-2005834.3437719743,-34023.999059998896,34023.999059998896,0.5,0.8772987723350525,0.5,0.5,8772988.0,289.6628112792969,473.1572265625,313.16363525390625,-150000000.0,0.0,0.0,-53589808.0,0.0,0.0,-0.0,-0.0,203589808.0,-0.0,0.0,0.85,1.0,-1.0,1.0,True,True,False,,0,0
22734000.0,98,0.06158827938467432,False,False,ok,,,True,1.0,0.0,1,0.0,1.0,0.0,0.0,1437546.9544672037,9641.019119999837,0.06158827938467432,-9641.019119999837,-0.06158827938467432,156539.83544146415,0.0,0.0,0.06158827938467432,0.0254477093675034,0.0006475859120529204,0.05,1.0,-313788.20777954644,0.0,-0.0,-1409467.1023012723,0.0,-0.0,-5939999.999999999,-60000.0,60000.0,0.0,0.0,-0.0,0.0,0.0,-0.0,11138790.493599989,101794.90439999849,-101794.90439999849,-2037988.2290519753,-32153.885280000977,32153.885280000977,0.5,0.875447690486908,0.5,0.5,8754477.0,289.0516357421875,473.1572265625,313.16363525390625,-150000000.0,0.0,0.0,-63442368.0,0.0,0.0,-0.0,-0.0,213442368.0,-0.0,0.0,0.85,1.0,-1.0,1.0,True,True,False,,0,0
22737600.0,99,0.05529431742144491,False,False,ok,,,True,1.0,0.0,1,0.0,1.0,0.0,0.0,1446202.7178172048,8655.76335000107,0.05529431742144491,-8655.76335000107,-0.05529431742144491,156539.83544146415,0.0,0.0,0.05529431742144491,0.02426568919739691,0.0005888236722246652,0.05,1.0,-313788.20777954644,0.0,-0.0,-1409467.1023012723,0.0,-0.0,-5999999.999999999,-60000.0,60000.0,0.0,0.0,-0.0,0.0,0.0,-0.0,11245511.676849995,106721.18325000629,-106721.18325000629,-2076053.6489519759,-38065.41990000056,38065.41990000056,0.5,0.8742656707763672,0.5,0.5,8742657.0,288.661376953125,473.1572265625,313.16363525390625,-150000000.0,0.0,0.0,-52003336.0,0.0,0.0,-0.0,-0.0,202003328.0,-0.0,0.0,0.85,1.0,-1.0,1.0,True,True,False,,0,0
22741200.0,100,0.0716490157132846,False,False,ok,,,True,1.0,0.0,1,0.0,1.0,0.0,0.0,1457418.6429465052,11215.925129300449,0.0716490157132846,-11215.925129300449,-0.0716490157132846,156539.83544146415,0.0,0.0,0.0716490157132846,0.023749962281573445,0.0005640607083761613,0.05,1.0,-313788.20777954644,0.0,-0.0,-1410478.715629344,-1011.6133280717768,1011.6133280717768,-6059999.999999999,-60000.0,60000.0,0.0,0.0,-0.0,0.0,0.0,-0.0,11346513.344500002,101001.66765000671,-101001.66765000671,-2104827.7781446036,-28774.129192627734,28774.129192627734,0.5,0.8737499713897705,0.5,0.5,8737500.0,288.4910888671875,473.1572265625,313.16363525390625,-150000000.0,0.0,0.0,-78227800.0,0.0,0.0,-8976209.0,-8976209.0,237204000.0,-0.0,0.0,0.85,1.0,-1.0,1.0,True,True,False,,0,0
22744800.0,101,0.10292452607669746,False,False,ok,,,True,1.0,0.0,1,0.0,1.0,0.0,0.0,1473530.4313214421,16111.788374936907,0.10292452607669746,-16111.788374936907,-0.10292452607669746,156539.83544146415,0.0,0.0,0.10292452607669746,0.024860413018920835,0.0006180401354713285,0.05,1.0,-313788.20777954644,0.0,-0.0,-1417501.7076971566,-7022.992067812476,7022.992067812476,-6119999.999999999,-60000.0,60000.0,0.0,0.0,-0.0,0.0,0.0,-0.0,11465115.347100005,118602.00260000303,-118602.00260000303,-2140295.0003018547,-35467.22215725109,35467.22215725109,0.5,0.874860405921936,0.5,0.5,8748604.0,288.85772705078125,473.1572265625,313.16363525390625,-150000000.0,0.0,0.0,-46200928.0,0.0,0.0,-51040728.0,-51040728.0,247241664.0,-0.0,0.0,0.85,1.0,-1.0,1.0,True,True,False,,0,0
22748400.0,102,0.19685408814368252,False,False,ok,,,True,1.0,0.0,1,0.0,1.0,0.0,0.0,1504345.9378854337,30815.50656399154,0.19685408814368252,-30815.50656399154,-0.19685408814368252,156539.83544146415,0.0,0.0,0.19685408814368252,0.028981627051773096,0.0008399347065680661,0.05,1.0,-313788.20777954644,0.0,-0.0,-1435744.3307285793,-18242.62303142273,18242.62303142273,-6179999.999999999,-60000.0,60000.0,0.0,0.0,-0.0,0.0,0.0,-0.0,11588736.175499998,123620.82839999348,-123620.82839999348,-2154857.699106441,-14562.698804586194,14562.698804586194,0.5,0.8789816498756409,0.5,0.5,8789816.0,290.21844482421875,473.1572265625,313.16363525390625,-150000000.0,0.0,0.0,37890528.0,0.0,0.0,-98958552.0,-98958552.0,211068032.0,-0.0,0.0,0.85,1.0,-1.0,1.0,True,True,False,,0,0
22752000.0,103,0.13914257111509462,False,False,ok,,,True,1.0,0.0,1,0.0,1.0,0.0,0.0,1526127.2930706928,21781.355185259134,0.13914257111509462,-21781.355185259134,-0.13914257111509462,156539.83544146415,0.0,0.0,0.13914257111509462,0.03662276310933965,0.0013412267777628093,0.05,1.0,-313788.20777954644,0.0,-0.0,-1465154.0900198137,-29409.759291234426,29409.759291234426,-6239999.999999999,-60000.0,60000.0,0.0,0.0,-0.0,0.0,0.0,-0.0,11694270.188949995,105534.01344999671,-105534.01344999671,-2149200.598079947,5657.101026494056,-5657.101026494056,0.5,0.8866227865219116,0.5,0.5,8866228.0,292.7413635253906,473.1572265625,313.16363525390625,-150000000.0,0.0,0.0,59532588.0,0.0,0.0,-139560864.0,-139560864.0,230028272.0,-0.0,0.0,0.85,1.0,-1.0,1.0,True,True,False,,0,0
22755600.0,104,0.15443858612692135,False,False,ok,,,True,1.0,0.0,1,0.0,1.0,0.0,0.0,1550303.0839288135,24175.790858120658,0.15443858612692135,-24175.790858120658,-0.15443858612692135,156539.83544146415,0.0,0.0,0.15443858612692135,0.046487056116992775,0.0021610463864244352,0.05,1.0,-313788.20777954644,0.0,-0.0,-1503213.2842562795,-38059.19423646573,38059.19423646573,-6299999.999999999,-60000.0,60000.0,0.0,0.0,-0.0,0.0,0.0,-0.0,11809284.323199999,115014.13425000384,-115014.13425000384,-2141979.74723536,7220.850844586734,-7220.850844586734,0.5,0.8964870572090149,0.5,0.5,8964871.0,295.998291015625,473.1572265625,313.16363525390625,-150000000.0,0.0,0.0,95313736.0,0.0,0.0,-167118400.0,-167118400.0,221804656.0,-0.0,0.0,0.85,1.0,-1.0,1.0,True,True,False,,0,0
22759200.0,105,0.11327477367299987,False,False,ok,,,True,1.0,0.0,1,0.0,1.0,0.0,0.0,1568035.098359254,17732.014430440497,0.11327477367299987,-17732.014430440497,-0.11327477367299987,156539.83544146415,0.0,0.0,0.11327477367299987,0.05604486297131017,0.003141026665472934,0.05,0.0,-313788.20777954644,0.0,-0.0,-1546529.7016722118,-43316.41741593229,43316.41741593229,-6359999.999999999,-60000.0,60000.0,0.0,0.0,-0.0,0.0,0.0,-0.0,11920186.654299993,110902.33109999448,-110902.33109999448,-2131833.6464889864,10146.100746373646,-10146.100746373646,0.5,0.9060448408126831,0.5,0.5,9060449.0,299.1540222167969,473.1572265625,313.16363525390625,-150000000.0,0.0,0.0,121900792.0,0.0,0.0,-180578816.0,-180578816.0,208678032.0,-0.0,0.0,0.85,1.0,-1.0,1.0,True,True,False,,0,0
22762800.0,106,0.06990943629711042,False,False,ok,,,True,1.0,0.0,1,0.0,1.0,0.0,0.0,1578978.7100130091,10943.611653755186,0.06990943629711042,-10943.611653755186,-0.06990943629711042,156539.83544146415,0.0,0.0,0.06990943629711042,0.06395105420873759,0.004089737334408894,0.05,0.0,-313788.20777954644,0.0,-0.0,-1592409.0339159523,-45879.33224374056,45879.33224374056,-6419999.999999999,-60000.0,60000.0,0.0,0.0,-0.0,0.0,0.0,-0.0,12024525.668049987,104339.01374999434,-104339.01374999434,-2119349.71634149,12483.930147496518,-12483.930147496518,0.5,0.91395103931427,0.5,0.5,9139511.0,301.7644348144531,473.1572265625,313.16363525390625,-150000000.0,0.0,0.0,127304088.0,0.0,0.0,-187048784.0,-187048784.0,209744704.0,-0.0,0.0,0.85,1.0,-1.0,1.0,True,True,False,,0,0
22766400.0,107,0.07052711959543326,False,False,ok,,,True,1.0,0.0,1,0.0,1.0,0.0,0.0,1590019.0137086387,11040.303695629584,0.07052711959543326,-11040.303695629584,-0.07052711959543326,156539.83544146415,0.0,0.0,0.07052711959543326,0.06998719590170888,0.004898207590184176,0.05,0.0,-313835.99740436295,-47.78962481650524,47.78962481650524,-1638781.4347460743,-46372.400830121944,46372.400830121944,-6479999.999999999,-60000.0,60000.0,0.0,0.0,-0.0,0.0,0.0,-0.0,12129398.017599985,104872.3495499976,-104872.3495499976,-2106761.571740922,12588.144600567874,-12588.144600567874,0.5,0.9199872016906738,0.5,0.5,9199872.0,303.7574157714844,473.1572265625,313.16363525390625,-150000000.0,0.0,0.0,125717248.0,-1590164.0,-1590164.0,-183583120.0,-183583120.0,209456048.0,-0.0,0.0,0.85,1.0,-1.0,1.0,True,True,False,,0,0
22770000.0,108,0.06913952124514709,False,False,ok,,,True,1.0,0.0,1,0.0,1.0,0.0,0.0,1600842.1029868557,10823.08927821694,0.06913952124514709,-10823.08927821694,-0.06913952124514709,156539.83544146415,0.0,0.0,0.06913952124514709,0.07390457461144873,0.005461886148499191,0.05,0.0,-316266.6220950104,-2430.62469064747,2430.62469064747,-1682486.712993513,-43705.27824743884,43705.27824743884,-6539999.999999999,-60000.0,60000.0,0.0,0.0,-0.0,0.0,0.0,-0.0,12234126.038499989,104728.02090000361,-104728.02090000361,-2094530.6004246178,12230.97131630429,-12230.97131630429,0.5,0.9239045977592468,0.5,0.5,9239046.0,305.0508117675781,473.1572265625,313.16363525390625,-150000000.0,0.0,0.0,82225624.0,-14846284.0,-14846284.0,-163873920.0,-163873920.0,246494576.0,-0.0,0.0,0.85,1.0,-1.0,1.0,True,True,False,,0,0
22773600.0,109,0.15872688628944762,False,False,ok,,,True,1.0,0.0,1,0.0,1.0,0.0,0.0,1625689.1836467418,24847.080659886124,0.15872688628944762,-24847.080659886124,-0.15872688628944762,156539.83544146415,0.0,0.0,0.15872688628944762,0.07548964580947681,0.0056986866244402605,0.05,0.0,-324816.8649547227,-8550.242859712278,8550.242859712278,-1720225.7731464268,-37739.06015291368,37739.06015291368,-6599999.999999999,-60000.0,60000.0,0.0,0.0,-0.0,0.0,0.0,-0.0,12357373.32984998,123247.29134999216,-123247.29134999216,-2086641.5081021066,7889.092322511133,-7889.092322511133,0.5,0.9254896640777588,0.5,0.5,9254896.0,305.5741882324219,473.1572265625,313.16363525390625,-150000000.0,0.0,0.0,98267016.0,-38099312.0,-38099312.0,-134694896.0,-134694896.0,224527184.0,-0.0,0.0,0.85,1.0,-1.0,1.0,True,True,False,,0,0
22777200.0,110,0.08689042965709272,False,False,ok,,,True,1.0,0.0,1,0.0,1.0,0.0,0.0,1639290.9972067012,13601.81355995941,0.08689042965709272,-13601.81355995941,-0.08689042965709272,156539.83544146415,0.0,0.0,0.08689042965709272,0.0747284486736508,0.0055843410411704625,0.05,0.0,-341974.40498925507,-17157.540034532372,17157.540034532372,-1751815.2343815751,-31589.461235148367,31589.461235148367,-6659999.999999999,-60000.0,60000.0,0.0,0.0,-0.0,0.0,0.0,-0.0,12469636.924899977,112263.59504999593,-112263.59504999593,-2076556.2883224662,10085.219779640436,-10085.219779640436,0.5,0.9247284531593323,0.5,0.5,9247284.0,305.3228454589844,473.1572265625,313.16363525390625,-150000000.0,0.0,0.0,89857880.0,-63744572.0,-63744572.0,-115929528.0,-115929528.0,239816224.0,-0.0,0.0,0.85,1.0,-1.0,1.0,True,True,False,,0,0
22780800.0,111,0.1226022379357782,False,False,ok,,,True,1.0,0.0,1,0.0,1.0,0.0,0.0,1658483.1313579232,19192.13415122195,0.1226022379357782,-19192.13415122195,-0.1226022379357782,156539.83544146415,0.0,0.0,0.1226022379357782,0.07186588045075692,0.0051647047729624865,0.05,0.0,-365356.00169725873,-23381.596708003664,23381.596708003664,-1776870.5904200103,-25055.35603843513,25055.35603843513,-6719999.999999999,-60000.0,60000.0,0.0,0.0,-0.0,0.0,0.0,-0.0,12589545.035249975,119908.11034999788,-119908.11034999788,-2068835.3117748054,7720.976547660772,-7720.976547660772,0.5,0.9218658804893494,0.5,0.5,9218659.0,304.377685546875,473.1572265625,313.16363525390625,-150000000.0,0.0,0.0,91938304.0,-70621136.0,-70621136.0,-80557128.0,-80557128.0,209239952.0,-0.0,0.0,0.85,1.0,-1.0,1.0,True,True,False,,0,0
22784400.0,112,0.0911582576159023,False,False,ok,,,True,1.0,0.0,1,0.0,1.0,0.0,0.0,1672753.030004247,14269.898646323942,0.0911582576159023,-14269.898646323942,-0.0911582576159023,156539.83544146415,0.0,0.0,0.0911582576159023,0.06738403817596961,0.00454060860090053,0.05,0.0,-387068.6695397048,-21712.66784244607,21712.66784244607,-1791732.3157113201,-14861.725291309878,14861.725291309878,-6779999.999999999,-60000.0,60000.0,0.0,0.0,-0.0,0.0,0.0,-0.0,12694165.013099976,104619.9778500013,-104619.9778500013,-2062610.9978447258,6224.313930079574,-6224.313930079574,0.5,0.9173840284347534,0.5,0.5,9173840.0,302.89788818359375,473.1572265625,313.16363525390625,-150000000.0,0.0,0.0,23810530.0,-52144792.0,-52144792.0,-33054964.0,-33054964.0,211389232.0,-0.0,0.0,0.85,1.0,-1.0,1.0,True,True,False,,0,0
22788000.0,113,0.1368941917140812,False,False,ok,,,True,1.0,0.0,1,0.0,1.0,0.0,0.0,1694182.4242480616,21429.394243814517,0.1368941917140812,-21429.394243814517,-0.1368941917140812,156539.83544146415,0.0,0.0,0.1368941917140812,0.06185200679218905,0.0038256707442210006,0.05,0.0,-398237.9504592192,-11169.280919514422,11169.280919514422,-1796699.8277942492,-4967.5120829290245,4967.5120829290245,-6839999.999999999,-60000.0,60000.0,0.0,0.0,-0.0,0.0,0.0,-0.0,12799859.625999976,105694.61290000007,-105694.61290000007,-2070739.4234984678,-8128.425653741928,8128.425653741928,0.5,0.9118520021438599,0.5,0.5,9118520.0,301.07135009765625,473.1572265625,313.16363525390625,-150000000.0,0.0,0.0,-76678896.0,-12309378.0,-12309378.0,-3502144.25,-3502144.25,242490416.0,-0.0,0.0,0.85,1.0,-1.0,1.0,True,True,False,,0,0
22791600.0,114,0.053674251305124376,False,False,ok,,,True,1.0,0.0,1,0.0,1.0,0.0,0.0,1702584.5827148096,8402.158466747962,0.053674251305124376,-8402.158466747962,-0.053674251305124376,156539.83544146415,0.0,0.0,0.053674251305124376,0.05620039811011257,0.0031584847477351447,0.05,0.0,-401003.27017144946,-2765.319712230237,2765.319712230237,-1797182.6649162988,-482.8371220496483,482.8371220496483,-6899999.999999999,-60000.0,60000.0,0.0,0.0,-0.0,0.0,0.0,-0.0,12921104.835349984,121245.20935000852,-121245.20935000852,-2120334.31754744,-49594.89404897229,49594.89404897229,0.5,0.9062004089355469,0.5,0.5,9062004.0,299.205322265625,473.1572265625,313.16363525390625,-150000000.0,0.0,0.0,-71551032.0,-3163320.75,-3163320.75,-0.0,-0.0,224714352.0,-0.0,0.0,0.85,1.0,-1.0,1.0,True,True,False,,0,0
22795200.0,115,0.05677642997525318,False,False,ok,,,True,1.0,0.0,1,0.0,1.0,0.0,0.0,1711472.3557200895,8887.773005279945,0.05677642997525318,-8887.773005279945,-0.05677642997525318,156539.83544146415,0.0,0.0,0.05677642997525318,0.05125406067830229,0.0026269787360150934,0.05,0.0,-402906.1618688417,-1902.8916973922169,1902.8916973922169,-1797182.6649162988,0.0,-0.0,-6959999.999999999,-60000.0,60000.0,0.0,0.0,-0.0,0.0,0.0,-0.0,13033462.012099989,112357.17675000429,-112357.17675000429,-2161900.829594767,-41566.51204732712,41566.51204732712,0.5,0.9012540578842163,0.5,0.5,9012541.0,297.5721435546875,473.1572265625,313.16363525390625,-150000000.0,0.0,0.0,-90826520.0,-8460413.0,-8460413.0,-0.0,-0.0,249286928.0,-0.0,0.0,0.85,1.0,-1.0,1.0,True,True,False,,0,0
22798800.0,116,0.04571753346385359,False,False,ok,,,True,1.0,0.0,1,0.0,1.0,0.0,0.0,1718628.9708853108,7156.615165221272,0.04571753346385359,-7156.615165221272,-0.04571753346385359,156539.83544146415,0.0,0.0,0.04571753346385359,0.04696608536336011,0.0022058131743584288,0.05,1.0,-405825.59383215103,-2919.4319633093546,2919.4319633093546,-1797182.6649162988,0.0,-0.0,-7019999.999999999,-60000.0,60000.0,0.0,0.0,-0.0,0.0,0.0,-0.0,13158105.47899998,124643.46689999104,-124643.46689999104,-2216468.249366237,-54567.419771469664,54567.419771469664,0.5,0.8969660997390747,0.5,0.5,8969661.0,296.1563415527344,473.1572265625,313.16363525390625,-150000000.0,0.0,0.0,-50415248.0,-8196084.0,-8196084.0,-0.0,-0.0,208611328.0,-0.0,0.0,0.85,1.0,-1.0,1.0,True,True,False,,0,0
22802400.0,117,0.0672895315759034,False,False,ok,,,True,1.0,0.0,1,0.0,1.0,0.0,0.0,1729162.463085136,10533.492199825123,0.0672895315759034,-10533.492199825123,-0.0672895315759034,156539.83544146415,0.0,0.0,0.0672895315759034,0.04316417980300413,0.0018631464180660698,0.05,1.0,-407778.06923790637,-1952.4754057553364,1952.4754057553364,-1797182.6649162988,0.0,-0.0,-7079999.999999999,-60000.0,60000.0,0.0,0.0,-0.0,0.0,0.0,-0.0,13262411.144449983,104305.665450003,-104305.665450003,-2248287.947210656,-31819.697844419163,31819.697844419163,0.5,0.8931641578674316,0.5,0.5,8931642.0,294.90106201171875,473.1572265625,313.16363525390625,-150000000.0,0.0,0.0,-94850080.0,-2655073.75,-2655073.75,-0.0,-0.0,247505152.0,-0.0,0.0,0.85,1.0,-1.0,1.0,True,True,False,,0,0
22806000.0,118,0.034944872266370205,False,False,ok,,,True,1.0,0.0,1,0.0,1.0,0.0,0.0,1734632.7276392365,5470.264554100577,0.034944872266370205,-5470.264554100577,-0.034944872266370205,156539.83544146415,0.0,0.0,0.034944872266370205,0.03971921614717788,0.0015776161313462362,0.05,1.0,-408087.1610616474,-309.09182374103693,309.09182374103693,-1797182.6649162988,0.0,-0.0,-7139999.999999999,-60000.0,60000.0,0.0,0.0,-0.0,0.0,0.0,-0.0,13386163.72104998,123752.57659999654,-123752.57659999654,-2306261.1674328134,-57973.220222157426,57973.220222157426,0.5,0.8897191882133484,0.5,0.5,8897192.0,293.76361083984375,473.1572265625,313.16363525390625,-150000000.0,0.0,0.0,-69116752.0,0.0,0.0,-0.0,-0.0,219116752.0,-0.0,0.0,0.85,1.0,-1.0,1.0,True,True,False,,0,0
22809600.0,119,0.05166943300527185,False,False,ok,,,True,1.0,0.0,1,0.0,1.0,0.0,0.0,1742721.0521792355,8088.324539999012,0.05166943300527185,-8088.324539999012,-0.05166943300527185,156539.83544146415,0.0,0.0,0.05166943300527185,0.03640084714409808,0.0013250216728079934,0.05,1.0,-408087.1610616474,0.0,-0.0,-1797182.6649162988,0.0,-0.0,-7199999.999999999,-60000.0,60000.0,0.0,0.0,-0.0,0.0,0.0,-0.0,13495722.098349977,109558.37729999796,-109558.37729999796,-2347731.2201928147,-41470.05276000127,41470.05276000127,0.5,0.8864008188247681,0.5,0.5,8864008.0,292.66796875,473.1572265625,313.16363525390625,-150000000.0,0.0,0.0,-72381664.0,0.0,0.0,-0.0,-0.0,222381664.0,-0.0,0.0,0.85,1.0,-1.0,1.0,True,True,False,,0,0
22813200.0,120,0.04958375731079132,False,False,ok,,,True,1.0,0.0,1,0.0,1.0,0.0,0.0,1750482.8853892363,7761.833210000768,0.04958375731079132,-7761.833210000768,-0.04958375731079132,156539.83544146415,0.0,0.0,0.04958375731079132,0.033089731384513765,0.0010949303230992752,0.05,1.0,-408087.1610616474,0.0,-0.0,-1797182.6649162988,0.0,-0.0,-7259999.999999999,-60000.0,60000.0,0.0,0.0,-0.0,0.0,0.0,-0.0,13606912.932299983,111190.83395000547,-111190.83395000547,-2391160.2209328148,-43429.00074000005,43429.00074000005,0.5,0.8830897212028503,0.5,0.5,8830897.0,291.57470703125,473.1572265625,313.16363525390625,-150000000.0,0.0,0.0,-67994568.0,0.0,0.0,-0.0,-0.0,217994560.0,-0.0,0.0,0.85,1.0,-1.0,1.0,True,True,False,,0,0
22816800.0,121,0.052386304398967666,False,False,ok,,,True,1.0,0.0,1,0.0,1.0,0.0,0.0,1758683.428859237,8200.543470000848,0.052386304398967666,-8200.543470000848,-0.052386304398967666,156539.83544146415,0.0,0.0,0.052386304398967666,0.02982113636371697,0.0008893001740234027,0.05,1.0,-408087.1610616474,0.0,-0.0,-1797182.6649162988,0.0,-0.0,-7319999.999999999,-60000.0,60000.0,0.0,0.0,-0.0,0.0,0.0,-0.0,13715910.214949988,108997.28265000507,-108997.28265000507,-2431956.9601128143,-40796.73917999957,40796.73917999957,0.5,0.8798211216926575,0.5,0.5,8798211.0,290.4954833984375,473.1572265625,313.16363525390625,-150000000.0,0.0,0.0,-57223352.0,0.0,0.0,-0.0,-0.0,207223344.0,-0.0,0.0,0.85,1.0,-1.0,1.0,True,True,False,,0,0
22820400.0,122,0.059650429677807926,False,False,ok,,,True,1.0,0.0,1,0.0,1.0,0.0,0.0,1768021.0973050138,9337.668445776682,0.059650429677807926,-9337.668445776682,-0.059650429677807926,156539.83544146415,0.0,0.0,0.059650429677807926,0.026995733329808536,0.0007287696180141354,0.05,1.0,-408171.16596973373,-84.00490808632458,84.00490808632458,-1797182.6649162988,0.0,-0.0,-7379999.999999999,-60000.0,60000.0,0.0,0.0,-0.0,0.0,0.0,-0.0,13819521.89024999,103611.6753000021,-103611.6753000021,-2466146.962058951,-34190.00194613682,34190.00194613682,0.5,0.8769957423210144,0.5,0.5,8769957.0,289.5626220703125,473.1572265625,313.16363525390625,-150000000.0,0.0,0.0,-88669904.0,-2162042.25,-2162042.25,-0.0,-0.0,240831952.0,-0.0,0.0,0.85,1.0,-1.0,1.0,True,True,False,,0,0
22824000.0,123,0.04386407037238387,False,False,ok,,,True,1.0,0.0,1,0.0,1.0,0.0,0.0,1774887.5716628996,6866.474357885774,0.04386407037238387,-6866.474357885774,-0.04386407037238387,156539.83544146415,0.0,0.0,0.04386407037238387,0.024925101594694965,0.0006212606895058655,0.05,1.0,-409500.70248277334,-1329.5365130396094,1329.5365130396094,-1797182.6649162988,0.0,-0.0,-7439999.999999999,-60000.0,60000.0,0.0,0.0,-0.0,0.0,0.0,-0.0,13939937.86314999,120415.97289999947,-120415.97289999947,-2518366.924088026,-52219.962029074784,52219.962029074784,0.5,0.8749250769615173,0.5,0.5,8749251.0,288.8789367675781,473.1572265625,313.16363525390625,-150000000.0,0.0,0.0,-53144688.0,-5940887.5,-5940887.5,-0.0,-0.0,209085568.0,-0.0,0.0,0.85,1.0,-1.0,1.0,True,True,False,,0,0
22827600.0,124,0.07499604684747961,False,False,ok,,,True,1.0,0.0,1,0.0,1.0,0.0,0.0,1786627.4404951644,11739.868832264794,0.07499604684747961,-11739.868832264794,-0.07499604684747961,156539.83544146415,0.0,0.0,0.07499604684747961,0.023770588786482416,0.0005650408912560436,0.05,1.0,-412111.53775210783,-2610.835269334493,2610.835269334493,-1797742.3391641737,-559.6742478748783,559.6742478748783,-7499999.999999999,-60000.0,60000.0,0.0,0.0,-0.0,0.0,0.0,-0.0,14044480.65039999,104542.78725000098,-104542.78725000098,-2547999.332988552,-29632.408900525887,29632.408900525887,0.5,0.8737705945968628,0.5,0.5,8737706.0,288.49774169921875,473.1572265625,313.16363525390625,-150000000.0,0.0,0.0,-77271432.0,-9407746.0,-9407746.0,-4969461.0,-4969461.0,241648640.0,-0.0,0.0,0.85,1.0,-1.0,1.0,True,True,False,,0,0
22831200.0,125,0.10086268312891748,False,False,ok,,,True,1.0,0.0,1,0.0,1.0,0.0,0.0,1802416.4683143497,15789.027819185285,0.10086268312891748,-15789.027819185285,-0.10086268312891748,156539.83544146415,0.0,0.0,0.10086268312891748,0.02472791775462857,0.0006114699164796748,0.05,1.0,-416971.62875705387,-4860.091004946036,4860.091004946036,-1802372.6235957623,-4630.284431588603,4630.284431588603,-7559999.999999999,-60000.0,60000.0,0.0,0.0,-0.0,0.0,0.0,-0.0,14165304.970199998,120824.31980000809,-120824.31980000809,-2583544.2495328323,-35544.91654428048,35544.91654428048,0.5,0.8747279047966003,0.5,0.5,8747279.0,288.8138427734375,473.1572265625,313.16363525390625,-150000000.0,0.0,0.0,-15499240.0,-19959050.0,-19959050.0,-34856492.0,-34856492.0,220314784.0,-0.0,0.0,0.85,1.0,-1.0,1.0,True,True,False,,0,0
22834800.0,126,0.1777877689747857,False,False,ok,,,True,1.0,0.0,1,0.0,1.0,0.0,0.0,1830247.3364131676,27830.868098818,0.1777877689747857,-27830.868098818,-0.1777877689747857,156539.83544146415,0.0,0.0,0.1777877689747857,0.028752368829305097,0.0008266987132963953,0.05,1.0,-425111.7598463525,-8140.131089298637,8140.131089298637,-1815223.3251208642,-12850.701525101904,12850.701525101904,-7619999.999999999,-60000.0,60000.0,0.0,0.0,-0.0,0.0,0.0,-0.0,14275462.36124999,110157.3910499923,-110157.3910499923,-2584879.9398696143,-1335.6903367820196,1335.6903367820196,0.5,0.8787523508071899,0.5,0.5,8787524.0,290.1426086425781,473.1572265625,313.16363525390625,-150000000.0,0.0,0.0,27639532.0,-27506970.0,-27506970.0,-71205104.0,-71205104.0,221072544.0,-0.0,0.0,0.85,1.0,-1.0,1.0,True,True,False,,0,0
22838400.0,127,0.15433905264674147,False,False,ok,,,True,1.0,0.0,1,0.0,1.0,0.0,0.0,1854407.54631668,24160.209903512383,0.15433905264674147,-24160.209903512383,-0.15433905264674147,156539.83544146415,0.0,0.0,0.15433905264674147,0.034456761276711156,0.0011872683976802613,0.05,1.0,-433706.3153027374,-8594.5554563849,8594.5554563849,-1837106.3885764566,-21883.063455592375,21883.063455592375,-7679999.999999999,-60000.0,60000.0,0.0,0.0,-0.0,0.0,0.0,-0.0,14385998.631449986,110536.27019999549,-110536.27019999549,-2580778.381254125,4101.558615489397,-4101.558615489397,0.5,0.8844567537307739,0.5,0.5,8844568.0,292.02606201171875,473.1572265625,313.16363525390625,-150000000.0,0.0,0.0,51518612.0,-21102978.0,-21102978.0,-107078344.0,-107078344.0,226662704.0,-0.0,0.0,0.85,1.0,-1.0,1.0,True,True,False,,0,0
22842000.0,128,0.14154489200127446,False,False,ok,,,True,1.0,0.0,1,0.0,1.0,0.0,0.0,1876564.9604181394,22157.41410145932,0.14154489200127446,-22157.41410145932,-0.14154489200127446,156539.83544146415,0.0,0.0,0.14154489200127446,0.03985612410441175,0.0015885106286262713,0.05,1.0,-439491.03388717974,-5784.718584442337,5784.718584442337,-1869399.2680639732,-32292.87948751659,32292.87948751659,-7739999.999999999,-60000.0,60000.0,0.0,0.0,-0.0,0.0,0.0,-0.0,14499329.98599998,113331.35454999283,-113331.35454999283,-2573874.7236307063,6903.657623418607,-6903.657623418607,0.5,0.8898561000823975,0.5,0.5,8898561.0,293.80877685546875,473.1572265625,313.16363525390625,-150000000.0,0.0,0.0,95393824.0,-11408016.0,-11408016.0,-155501680.0,-155501680.0,221515872.0,-0.0,0.0,0.85,1.0,-1.0,1.0,True,True,False,,0,0
22845600.0,129,0.09998734577059704,False,False,ok,,,True,1.0,0.0,1,0.0,1.0,0.0,0.0,1892216.9630712974,15652.002653158037,0.09998734577059704,-15652.002653158037,-0.09998734577059704,156539.83544146415,0.0,0.0,0.09998734577059704,0.04421671333328692,0.001955117737998073,0.05,1.0,-442966.98218025523,-3475.9482930754893,3475.9482930754893,-1911851.8124931427,-42452.5444291695,42452.5444291695,-7799999.999999999,-60000.0,60000.0,0.0,0.0,-0.0,0.0,0.0,-0.0,14610087.922899976,110757.9368999973,-110757.9368999973,-2563052.1651553023,10822.558475404046,-10822.558475404046,0.5,0.8942167162895203,0.5,0.5,8942167.0,295.24853515625,473.1572265625,313.16363525390625,-150000000.0,0.0,0.0,145051440.0,-8196084.0,-8196084.0,-186976432.0,-186976432.0,200121072.0,-0.0,0.0,0.85,1.0,-1.0,1.0,True,True,False,,0,0
22849200.0,130,0.030236627064888142,False,False,ok,,,True,1.0,0.0,1,0.0,1.0,0.0,0.0,1896950.19969634,4733.236625042511,0.030236627064888142,-4733.236625042511,-0.030236627064888142,156539.83544146415,0.0,0.0,0.030236627064888142,0.047637745319872526,0.002269354779161037,0.05,1.0,-445632.0097881688,-2665.0276079135947,2665.0276079135947,-1959204.4764705554,-47352.66397741274,47352.66397741274,-7859999.999999999,-60000.0,60000.0,0.0,0.0,-0.0,0.0,0.0,-0.0,14710148.455599967,100060.53269999102,-100060.53269999102,-2548361.7696449333,14690.39551036898,-14690.39551036898,0.5,0.8976377248764038,0.5,0.5,8976377.0,296.3780822753906,473.1572265625,313.16363525390625,-150000000.0,0.0,0.0,116041504.0,-6915990.5,-6915990.5,-192358480.0,-192358480.0,233232976.0,-0.0,0.0,0.85,1.0,-1.0,1.0,True,True,False,,0,0
22852800.0,131,0.11457575369890924,False,False,ok,,,True,1.0,0.0,1,0.0,1.0,0.0,0.0,1914885.8693259489,17935.66962960898,0.11457575369890924,-17935.66962960898,-0.11457575369890924,156539.83544146415,0.0,0.0,0.11457575369890924,0.05034080178374589,0.0025341963242303937,0.05,0.0,-447710.2550032767,-2078.2452151078614,2078.2452151078614,-2007326.2393746497,-48121.7629040943,48121.7629040943,-7919999.999999999,-60000.0,60000.0,0.0,0.0,-0.0,0.0,0.0,-0.0,14826764.940899976,116616.48530000821,-116616.48530000821,-2536842.577196122,11519.19244881114,-11519.19244881114,0.5,0.9003407955169678,0.5,0.5,9003408.0,297.27056884765625,473.1572265625,313.16363525390625,-150000000.0,0.0,0.0,134582992.0,-4781670.0,-4781670.0,-192640720.0,-192640720.0,212839392.0,-0.0,0.0,0.85,1.0,-1.0,1.0,True,True,False,,0,0
22856400.0,132,0.07016172603906222,False,False,ok,,,True,1.0,0.0,1,0.0,1.0,0.0,0.0,1925868.9743743928,10983.10504844389,0.07016172603906222,-10983.10504844389,-0.07016172603906222,156539.83544146415,0.0,0.0,0.07016172603906222,0.052322487353629876,0.0027376426828707584,0.05,0.0,-449124.8450235105,-1414.5900202338235,1414.5900202338235,-2054229.959355536,-46903.719980886206,46903.719980886206,-7979999.999999999,-60000.0,60000.0,0.0,0.0,-0.0,0.0,0.0,-0.0,14933184.638999972,106419.6980999969,-106419.6980999969,-2523960.8602465573,12881.71694956487,-12881.71694956487,0.5,0.9023224711418152,0.5,0.5,9023225.0,297.92486572265625,473.1572265625,313.16363525390625,-150000000.0,0.0,0.0,105025984.0,-3163320.75,-3163320.75,-181458832.0,-181458832.0,229596176.0,-0.0,0.0,0.85,1.0,-1.0,1.0,True,True,False,,0,0
22860000.0,133,0.1314640317988837,False,False,ok,,,True,1.0,0.0,1,0.0,1.0,0.0,0.0,1946448.3322786614,20579.35790426866,0.1314640317988837,-20579.35790426866,-0.1314640317988837,156539.83544146415,0.0,0.0,0.1314640317988837,0.05359947438387069,0.0028729036542272106,0.05,0.0,-450072.54853070475,-947.7035071942373,947.7035071942373,-2096866.9236541425,-42636.96429860662,42636.96429860662,-8039999.999999999,-60000.0,60000.0,0.0,0.0,-0.0,0.0,0.0,-0.0,15047982.723449964,114798.08444999158,-114798.08444999158,-2514594.918986488,9365.941260069143,-9365.941260069143,0.5,0.9035995006561279,0.5,0.5,9035995.0,298.34649658203125,473.1572265625,313.16363525390625,-150000000.0,0.0,0.0,91357912.0,-2162042.25,-2162042.25,-157088352.0,-157088352.0,217892480.0,-0.0,0.0,0.85,1.0,-1.0,1.0,True,True,False,,0,0
22863600.0,134,0.12905951172792018,False,False,ok,,,True,1.0,0.0,1,0.0,1.0,0.0,0.0,1966651.2870067058,20202.954728044337,0.12905951172792018,-20202.954728044337,-0.12905951172792018,156539.83544146415,0.0,0.0,0.12905951172792018,0.054201524705805304,0.0029378052804340227,0.05,0.0,-450708.8192645177,-636.2707338129403,636.2707338129403,-2132699.5213481,-35832.59769395762,35832.59769395762,-8099999.999999999,-60000.0,60000.0,0.0,0.0,-0.0,0.0,0.0,-0.0,15156928.963999964,108946.24055000022,-108946.24055000022,-2506869.3363806726,7725.582605815493,-7725.582605815493,0.5,0.9042015075683594,0.5,0.5,9042015.0,298.5452575683594,473.1572265625,313.16363525390625,-150000000.0,0.0,0.0,50298216.0,-1404263.875,-1404263.875,-126296640.0,-126296640.0,227402688.0,-0.0,0.0,0.85,1.0,-1.0,1.0,True,True,False,,0,0
22867200.0,135,0.19049760106982608,False,False,ok,,,True,1.0,0.0,1,0.0,1.0,0.0,0.0,1996471.75013017,29820.46312346426,0.19049760106982608,-29820.46312346426,-0.19049760106982608,156539.83544146415,0.0,0.0,0.19049760106982608,0.053945727586026115,0.002910141524785739,0.05,0.0,-451002.3031371796,-293.4838726618909,293.4838726618909,-2159251.1532463,-26551.631898199674,26551.631898199674,-8159999.999999999,-60000.0,60000.0,0.0,0.0,-0.0,0.0,0.0,-0.0,15270630.305999957,113701.34199999273,-113701.34199999273,-2503905.0994863454,2964.236894327216,-2964.236894327216,0.5,0.9039457440376282,0.5,0.5,9039457.0,298.4608154296875,473.1572265625,313.16363525390625,-150000000.0,0.0,0.0,-7692641.5,-167607.8125,-167607.8125,-81174176.0,-81174176.0,239034432.0,-0.0,0.0,0.85,1.0,-1.0,1.0,True,True,False,,0,0
22870800.0,136,0.17455899180433795,False,False,ok,,,True,1.0,0.0,1,0.0,1.0,0.0,0.0,2023797.185982049,27325.435851878952,0.17455899180433795,-27325.435851878952,-0.17455899180433795,156539.83544146415,0.0,0.0,0.17455899180433795,0.05261545923082678,0.0027683865500707948,0.05,0.0,-451008.16941056086,-5.866273381281644,5.866273381281644,-2174411.6450438774,-15160.49179757759,15160.49179757759,-8219999.999999999,-60000.0,60000.0,0.0,0.0,-0.0,0.0,0.0,-0.0,15390147.520299956,119517.21429999918,-119517.21429999918,-2520930.519863509,-17025.420377163682,17025.420377163682,0.5,0.902615487575531,0.5,0.5,9026155.0,298.0215759277344,473.1572265625,313.16363525390625,-150000000.0,0.0,0.0,-42877460.0,0.0,0.0,-35066560.0,-35066560.0,227944016.0,-0.0,0.0,0.85,1.0,-1.0,1.0,True,True,False,,0,0
22874400.0,137,0.09284486524060555,False,False,ok,,,True,1.0,0.0,1,0.0,1.0,0.0,0.0,2038331.1059083983,14533.919926349306,0.09284486524060555,-14533.919926349306,-0.09284486524060555,156539.83544146415,0.0,0.0,0.09284486524060555,0.04907192894042178,0.002408054209933805,0.05,1.0,-451008.16941056086,0.0,-0.0,-2179646.16049127,-5234.515447392594,5234.515447392594,-8279999.999999999,-60000.0,60000.0,0.0,0.0,-0.0,0.0,0.0,-0.0,15504119.528799962,113972.00850000605,-113972.00850000605,-2555134.092989768,-34203.573126258794,34203.573126258794,0.5,0.8990719318389893,0.5,0.5,8990719.0,296.8515930175781,473.1572265625,313.16363525390625,-150000000.0,0.0,0.0,-61763524.0,0.0,0.0,-3321094.5,-3321094.5,215084624.0,-0.0,0.0,0.85,1.0,-1.0,1.0,True,True,False,,0,0
22878000.0,138,0.05834104179081062,False,False,ok,,,True,1.0,0.0,1,0.0,1.0,0.0,0.0,2047463.8029898154,9132.697081417078,0.05834104179081062,-9132.697081417078,-0.05834104179081062,156539.83544146415,0.0,0.0,0.05834104179081062,0.04387993029810455,0.001925448282966514,0.05,1.0,-451008.16941056086,0.0,-0.0,-2180104.1310422816,-457.9705510116182,457.9705510116182,-8339999.999999999,-60000.0,60000.0,0.0,0.0,-0.0,0.0,0.0,-0.0,15611661.837249968,107542.30845000595,-107542.30845000595,-2593085.7338073384,-37951.6408175705,37951.6408175705,0.5,0.8938799500465393,0.5,0.5,8938799.0,295.1373291015625,473.1572265625,313.16363525390625,-150000000.0,0.0,0.0,-73030744.0,0.0,0.0,-0.0,-0.0,223030736.0,-0.0,0.0,0.85,1.0,-1.0,1.0,True,True,False,,0,0
22881600.0,139,0.04916911952982781,False,False,ok,,,True,1.0,0.0,1,0.0,1.0,0.0,0.0,2055160.7288698163,7696.925880000927,0.04916911952982781,-7696.925880000927,-0.04916911952982781,156539.83544146415,0.0,0.0,0.04916911952982781,0.039317022256270096,0.0015458282391000381,0.05,1.0,-451008.16941056086,0.0,-0.0,-2180104.1310422816,0.0,-0.0,-8399999.999999998,-59999.99999999907,59999.99999999907,0.0,0.0,-0.0,0.0,0.0,-0.0,15723177.207849968,111515.37060000002,-111515.37060000002,-2636904.1785273375,-43818.4447199991,43818.4447199991,0.5,0.8893170356750488,0.5,0.5,8893170.0,293.6307678222656,473.1572265625,313.16363525390625,-150000000.0,0.0,0.0,-96045920.0,0.0,0.0,-0.0,-0.0,246045920.0,-0.0,0.0,0.85,1.0,-1.0,1.0,True,True,False,,0,0
22885200.0,140,0.0344666799015301,False,False,ok,,,True,1.0,0.0,1,0.0,1.0,0.0,0.0,2060556.1372698154,5395.408399999142,0.0344666799015301,-5395.408399999142,-0.0344666799015301,156539.83544146415,0.0,0.0,0.0344666799015301,0.03579892524119188,0.0012815630484244451,0.05,1.0,-451008.16941056086,0.0,-0.0,-2180104.1310422816,0.0,-0.0,-8459999.999999998,-60000.0,60000.0,0.0,0.0,-0.0,0.0,0.0,-0.0,15846200.165849973,123022.95800000429,-123022.95800000429,-2694531.728127338,-57627.54960000049,57627.54960000049,0.5,0.8857989311218262,0.5,0.5,8857989.0,292.46917724609375,473.1572265625,313.16363525390625,-150000000.0,0.0,0.0,-94309048.0,0.0,0.0,-0.0,-0.0,244309056.0,-0.0,0.0,0.85,1.0,-1.0,1.0,True,True,False,,0,0
22888800.0,141,0.035576214861180074,False,False,ok,,,True,1.0,0.0,1,0.0,1.0,0.0,0.0,2066125.2320898147,5569.0948199993,0.035576214861180074,-5569.0948199993,-0.035576214861180074,156539.83544146415,0.0,0.0,0.035576214861180074,0.03302143430658566,0.0010904151236641524,0.05,1.0,-451008.16941056086,0.0,-0.0,-2180104.1310422816,0.0,-0.0,-8519999.999999998,-60000.0,60000.0,0.0,0.0,-0.0,0.0,0.0,-0.0,15968354.691749971,122154.52589999884,-122154.52589999884,-2751117.1592073375,-56585.431079999544,56585.431079999544,0.5,0.8830214142799377,0.5,0.5,8830214.0,291.5520935058594,473.1572265625,313.16363525390625,-150000000.0,0.0,0.0,-93973688.0,0.0,0.0,-0.0,-0.0,243973696.0,-0.0,0.0,0.85,1.0,-1.0,1.0,True,True,False,,0,0
22892400.0,142,0.035790448573043726,False,False,ok,,,True,1.0,0.0,1,0.0,1.0,0.0,0.0,2071727.8630198152,5602.6309300004505,0.035790448573043726,-5602.6309300004505,-0.035790448573043726,156539.83544146415,0.0,0.0,0.035790448573043726,0.030784142516294466,0.0009476634304635286,0.05,1.0,-451008.16941056086,0.0,-0.0,-2180104.1310422816,0.0,-0.0,-8579999.999999998,-60000.0,60000.0,0.0,0.0,-0.0,0.0,0.0,-0.0,16090341.537099976,121986.84535000473,-121986.84535000473,-2807501.3736273395,-56384.214420001954,56384.214420001954,0.5,0.8807841539382935,0.5,0.5,8807841.0,290.81341552734375,473.1572265625,313.16363525390625,-150000000.0,0.0,0.0,-98517152.0,0.0,0.0,-0.0,-0.0,248517152.0,-0.0,0.0,0.85,1.0,-1.0,1.0,True,True,False,,0,0
22896000.0,143,0.03288801553598521,False,False,ok,,,True,1.0,0.0,1,0.0,1.0,0.0,0.0,2076876.1475598146,5148.28453999944,0.03288801553598521,-5148.28453999944,-0.03288801553598521,156539.83544146415,0.0,0.0,0.03288801553598521,0.02875397729155893,0.0008267912100834866,0.05,1.0,-451008.16941056086,0.0,-0.0,-2180104.1310422816,0.0,-0.0,-8639999.999999998,-60000.0,60000.0,0.0,0.0,-0.0,0.0,0.0,-0.0,16214600.11439997,124258.57729999349,-124258.57729999349,-2866611.666387338,-59110.2927599987,59110.2927599987,0.5,0.8787539601325989,0.5,0.5,8787540.0,290.1430969238281,473.1572265625,313.16363525390625,-150000000.0,0.0,0.0,-87615256.0,0.0,0.0,-0.0,-0.0,237615264.0,-0.0,0.0,0.85,1.0,-1.0,1.0,True,True,False,,0,0
22899600.0,144,0.03985231038735925,False,False,ok,,,True,1.0,0.0,1,0.0,1.0,0.0,0.0,2083114.621669814,6238.47410999937,0.03985231038735925,-6238.47410999937,-0.03985231038735925,156539.83544146415,0.0,0.0,0.03985231038735925,0.02675587930530754,0.0007158770774001842,0.05,1.0,-451008.16941056086,0.0,-0.0,-2180104.1310422816,0.0,-0.0,-8699999.999999998,-60000.0,60000.0,0.0,0.0,-0.0,0.0,0.0,-0.0,16333407.74384997,118807.62945000082,-118807.62945000082,-2919180.8217273373,-52569.155339999124,52569.155339999124,0.5,0.8767558932304382,0.5,0.5,8767559.0,289.4833679199219,473.1572265625,313.16363525390625,-150000000.0,0.0,0.0,-50777164.0,0.0,0.0,-0.0,-0.0,200777168.0,-0.0,0.0,0.85,1.0,-1.0,1.0,True,True,False,,0,0
22903200.0,145,0.06338503884342322,False,False,ok,,,True,1.0,0.0,1,0.0,1.0,0.0,0.0,2093036.9052198143,9922.283550000284,0.06338503884342322,-9922.283550000284,-0.06338503884342322,156539.83544146415,0.0,0.0,0.06338503884342322,0.024964016045952442,0.000623202097142571,0.05,1.0,-451008.16941056086,0.0,-0.0,-2180104.1310422816,0.0,-0.0,-8759999.999999998,-60000.0,60000.0,0.0,0.0,-0.0,0.0,0.0,-0.0,16433796.326099962,100388.5822499916,-100388.5822499916,-2949647.1204273356,-30466.298699998297,30466.298699998297,0.5,0.8749639987945557,0.5,0.5,8749640.0,288.8917236328125,473.1572265625,313.16363525390625,-150000000.0,0.0,0.0,-99617096.0,0.0,0.0,-0.0,-0.0,249617088.0,-0.0,0.0,0.85,1.0,-1.0,1.0,True,True,False,,0,0
22906800.0,146,0.03218535643525885,False,False,ok,,,True,1.0,0.0,1,0.0,1.0,0.0,0.0,2098075.1956198146,5038.290400000289,0.03218535643525885,-5038.290400000289,-0.03218535643525885,156539.83544146415,0.0,0.0,0.03218535643525885,0.02340113405132671,0.0005476130748881625,0.05,1.0,-451008.16941056086,0.0,-0.0,-2180104.1310422816,0.0,-0.0,-8819999.999999998,-60000.0,60000.0,0.0,0.0,-0.0,0.0,0.0,-0.0,16558604.87409997,124808.54800000787,-124808.54800000787,-3009417.3780273367,-59770.25760000106,59770.25760000106,0.5,0.8734011054039001,0.5,0.5,8734011.0,288.3757019042969,473.1572265625,313.16363525390625,-150000000.0,0.0,0.0,-72788160.0,0.0,0.0,-0.0,-0.0,222788160.0,-0.0,0.0,0.85,1.0,-1.0,1.0,True,True,False,,0,0
22910400.0,147,0.04932408513286416,False,False,ok,,,True,1.0,0.0,1,0.0,1.0,0.0,0.0,2105796.379789814,7721.184169999324,0.04932408513286416,-7721.184169999324,-0.04932408513286416,156539.83544146415,0.0,0.0,0.04932408513286416,0.0219564356906915,0.0004820850682394715,0.05,1.0,-451008.16941056086,0.0,-0.0,-2180104.1310422816,0.0,-0.0,-8879999.999999998,-60000.0,60000.0,0.0,0.0,-0.0,0.0,0.0,-0.0,16669998.953249969,111394.07914999872,-111394.07914999872,-3053090.273007336,-43672.8949799994,43672.8949799994,0.5,0.8719564080238342,0.5,0.5,8719564.0,287.8987121582031,473.1572265625,313.16363525390625,-150000000.0,0.0,0.0,-76024912.0,0.0,0.0,-0.0,-0.0,226024912.0,-0.0,0.0,0.85,1.0,-1.0,1.0,True,True,False,,0,0
22914000.0,148,0.05598868207513004,False,False,ok,,,True,1.0,0.0,1,0.0,1.0,0.0,0.0,2114560.838868439,8764.45907862531,0.05598868207513004,-8764.45907862531,-0.05598868207513004,156539.83544146415,0.0,0.0,0.05598868207513004,0.02105493650637158,0.00044331035128733866,0.05,1.0,-451008.16941056086,0.0,-0.0,-2181080.524148442,-976.3931061602198,976.3931061602198,-8939999.999999998,-60000.0,60000.0,0.0,0.0,-0.0,0.0,0.0,-0.0,16783011.40959996,113012.45634999126,-113012.45634999126,-3096361.87717255,-43271.604165214114,43271.604165214114,0.5,0.8710549473762512,0.5,0.5,8710549.0,287.6010437011719,473.1572265625,313.16363525390625,-150000000.0,0.0,0.0,-45441812.0,-337450.375,-337450.375,-8665391.0,-8665391.0,204444656.0,-0.0,0.0,0.85,1.0,-1.0,1.0,True,True,False,,0,0
22917600.0,149,0.12947254062301491,False,False,ok,,,True,1.0,0.0,1,0.0,1.0,0.0,0.0,2134828.4490717542,20267.61020331504,0.12947254062301491,-20267.61020331504,-0.12947254062301491,156539.83544146415,0.0,0.0,0.12947254062301491,0.022343853924229773,0.0004992478081873183,0.05,1.0,-452321.1049673954,-1312.9355568345636,1312.9355568345636,-2188065.557514752,-6985.0333663099445,6985.0333663099445,-8999999.999999998,-60000.0,60000.0,0.0,0.0,-0.0,0.0,0.0,-0.0,16885233.735199973,102222.32560001314,-102222.32560001314,-3110018.6236460903,-13656.746473540086,13656.746473540086,0.5,0.8723438382148743,0.5,0.5,8723439.0,288.026611328125,473.1572265625,313.16363525390625,-150000000.0,0.0,0.0,-29581318.0,-8593628.0,-8593628.0,-51080284.0,-51080284.0,239255232.0,-0.0,0.0,0.85,1.0,-1.0,1.0,True,True,False,,0,0
22921200.0,150,0.20719519824597352,False,False,ok,,,True,1.0,0.0,1,0.0,1.0,0.0,0.0,2167262.7513094405,32434.302237686235,0.20719519824597352,-32434.302237686235,-0.20719519824597352,156539.83544146415,0.0,0.0,0.20719519824597352,0.02707525265316335,0.000733069306232629,0.05,1.0,-454882.8044688342,-2561.699501438765,2561.699501438765,-2206337.0864019007,-18271.528887148947,18271.528887148947,-9059999.999999998,-60000.0,60000.0,0.0,0.0,-0.0,0.0,0.0,-0.0,17004861.34964998,119627.61445000768,-119627.61445000768,-3116378.7074698154,-6360.0838237251155,6360.0838237251155,0.5,0.8770752549171448,0.5,0.5,8770753.0,289.58880615234375,473.1572265625,313.16363525390625,-150000000.0,0.0,0.0,19132446.0,-5822008.0,-5822008.0,-99195128.0,-99195128.0,235884688.0,-0.0,0.0,0.85,1.0,-1.0,1.0,True,True,False,,0,0
22924800.0,151,0.19596870233742242,False,False,ok,,,True,1.0,0.0,1,0.0,1.0,0.0,0.0,2197939.659725018,30676.908415577374,0.19596870233742242,-30676.908415577374,-0.19596870233742242,156539.83544146415,0.0,0.0,0.19596870233742242,0.034218460641484705,0.0011709030486728377,0.05,1.0,-456290.12674221554,-1407.3222733813454,1407.3222733813454,-2235789.9830504847,-29452.896648583934,29452.896648583934,-9119999.999999998,-60000.0,60000.0,0.0,0.0,-0.0,0.0,0.0,-0.0,17122803.695399977,117942.3457499966,-117942.3457499966,-3112783.925882273,3594.7815875425003,-3594.7815875425003,0.5,0.8842184543609619,0.5,0.5,8842185.0,291.9472961425781,473.1572265625,313.16363525390625,-150000000.0,0.0,0.0,64532988.0,-1969038.5,-1969038.5,-139834032.0,-139834032.0,227270080.0,-0.0,0.0,0.85,1.0,-1.0,1.0,True,True,False,,0,0
22928400.0,152,0.1447283752342889,False,False,ok,,,True,1.0,0.0,1,0.0,1.0,0.0,0.0,2220595.415767904,22655.75604288606,0.1447283752342889,-22655.75604288606,-0.1447283752342889,156539.83544146415,0.0,0.0,0.1447283752342889,0.04169262885590963,0.0017382753009166283,0.05,1.0,-456506.65981496737,-216.53307275183033,216.53307275183033,-2274285.9979114453,-38496.014860960655,38496.014860960655,-9179999.999999998,-60000.0,60000.0,0.0,0.0,-0.0,0.0,0.0,-0.0,17236438.734699965,113635.03929998726,-113635.03929998726,-3105050.6612056736,7733.264676599298,-7733.264676599298,0.5,0.8916926383972168,0.5,0.5,8916926.0,294.4150695800781,473.1572265625,313.16363525390625,-150000000.0,0.0,0.0,83566640.0,0.0,0.0,-170773424.0,-170773424.0,237206784.0,-0.0,0.0,0.85,1.0,-1.0,1.0,True,True,False,,0,0
22932000.0,153,0.1462000114691601,False,False,ok,,,True,1.0,0.0,1,0.0,1.0,0.0,0.0,2243481.5415048264,22886.12573692249,0.1462000114691601,-22886.12573692249,-0.1462000114691601,156539.83544146415,0.0,0.0,0.1462000114691601,0.0483417224560142,0.002336922130014308,0.05,1.0,-456506.65981496737,0.0,-0.0,-2319280.31128324,-44994.313371794764,44994.313371794764,-9239999.999999998,-60000.0,60000.0,0.0,0.0,-0.0,0.0,0.0,-0.0,17355042.12689995,118603.39219998568,-118603.39219998568,-3095773.614296955,9277.046908718534,-9277.046908718534,0.5,0.898341715335846,0.5,0.5,8983417.0,296.6104431152344,473.1572265625,313.16363525390625,-150000000.0,0.0,0.0,106571144.0,0.0,0.0,-190937312.0,-190937312.0,234366160.0,-0.0,0.0,0.85,1.0,-1.0,1.0,True,True,False,,0,0
22935600.0,154,0.12556839591233812,False,False,ok,,,True,1.0,0.0,1,0.0,1.0,0.0,0.0,2263137.9975375924,19656.45603276603,0.12556839591233812,-19656.45603276603,-0.12556839591233812,156539.83544146415,0.0,0.0,0.12556839591233812,0.053896684817942964,0.0029048526343646835,0.05,0.0,-456506.65981496737,0.0,-0.0,-2367763.6610286296,-48483.34974538954,48483.34974538954,-9299999.999999998,-60000.0,60000.0,0.0,0.0,-0.0,0.0,0.0,-0.0,17472225.20924996,117183.08235000819,-117183.08235000819,-3084816.8908687993,10956.723428155761,-10956.723428155761,0.5,0.903896689414978,0.5,0.5,9038967.0,298.4445495605469,473.1572265625,313.16363525390625,-150000000.0,0.0,0.0,116960448.0,0.0,-0.0,-197525136.0,-197525136.0,230564672.0,-0.0,0.0,0.85,1.0,-1.0,1.0,True,True,False,,0,0
22939200.0,155,0.11377930702379957,False,False,ok,,,True,1.0,0.0,1,0.0,1.0,0.0,0.0,2280948.991535742,17810.99399814941,0.11377930702379957,-17810.99399814941,-0.11377930702379957,156539.83544146415,0.0,0.0,0.11377930702379957,0.05828123458648471,0.0033967023049248615,0.05,0.0,-456506.65981496737,0.0,-0.0,-2416788.4560317146,-49024.79500308493,49024.79500308493,-9359999.999999998,-60000.0,60000.0,0.0,0.0,-0.0,0.0,0.0,-0.0,17587507.54799995,115282.33874998987,-115282.33874998987,-3073263.4406175655,11553.450251233764,-11553.450251233764,0.5,0.9082812070846558,0.5,0.5,9082812.0,299.8922119140625,473.1572265625,313.16363525390625,-150000000.0,0.0,0.0,140244528.0,0.0,0.0,-194361600.0,-194361600.0,204117072.0,-0.0,0.0,0.85,1.0,-1.0,1.0,True,True,False,,0,0
22942800.0,156,0.05352635939422405,False,False,ok,,,True,1.0,0.0,1,0.0,1.0,0.0,0.0,2289327.9990270943,8379.007491352502,0.05352635939422405,-8379.007491352502,-0.05352635939422405,156539.83544146415,0.0,0.0,0.05352635939422405,0.06151040743588887,0.0037835302229290526,0.05,0.0,-456506.65981496737,0.0,-0.0,-2463901.494279459,-47113.03824774455,47113.03824774455,-9419999.999999998,-60000.0,60000.0,0.0,0.0,-0.0,0.0,0.0,-0.0,17689566.086049967,102058.53805001825,-102058.53805001825,-3059829.932928467,13433.507689098362,-13433.507689098362,0.5,0.9115104079246521,0.5,0.5,9115104.0,300.9584045410156,473.1572265625,313.16363525390625,-150000000.0,0.0,0.0,112354672.0,0.0,0.0,-181204800.0,-181204800.0,218850128.0,-0.0,0.0,0.85,1.0,-1.0,1.0,True,True,False,,0,0
22946400.0,157,0.10836730102092038,False,False,ok,,,True,1.0,0.0,1,0.0,1.0,0.0,0.0,2306291.798496145,16963.799469050486,0.10836730102092038,-16963.799469050486,-0.10836730102092038,156539.83544146415,0.0,0.0,0.10836730102092038,0.06357999282370663,0.0040424154874625865,0.05,0.0,-456506.65981496737,0.0,-0.0,-2506528.5770310415,-42627.08275158238,42627.08275158238,-9479999.999999998,-60000.0,60000.0,0.0,0.0,-0.0,0.0,0.0,-0.0,17798991.147449978,109425.06140001118,-109425.06140001118,-3049664.112107834,10165.820820633322,-10165.820820633322,0.5,0.9135800004005432,0.5,0.5,9135800.0,301.6417236328125,473.1572265625,313.16363525390625,-150000000.0,0.0,0.0,86998976.0,0.0,-0.0,-157247456.0,-157247456.0,220248480.0,-0.0,0.0,0.85,1.0,-1.0,1.0,True,True,False,,0,0
22950000.0,158,0.13891362072173521,False,False,ok,,,True,1.0,0.0,1,0.0,1.0,0.0,0.0,2328037.313824503,21745.515328358393,0.13891362072173521,-21745.515328358393,-0.13891362072173521,156539.83544146415,0.0,0.0,0.13891362072173521,0.06443577926864308,0.004151969649957293,0.05,0.0,-456506.65981496737,0.0,-0.0,-2542118.3730837773,-35589.796052735765,35589.796052735765,-9539999.999999998,-60000.0,60000.0,0.0,0.0,-0.0,0.0,0.0,-0.0,17909115.388649993,110124.24120001495,-110124.24120001495,-3042453.0419267397,7211.07018109411,-7211.07018109411,0.5,0.9144358038902283,0.5,0.5,9144358.0,301.9242858886719,473.1572265625,313.16363525390625,-150000000.0,0.0,0.0,39413120.0,0.0,0.0,-123782024.0,-123782024.0,234368896.0,-0.0,0.0,0.85,1.0,-1.0,1.0,True,True,False,,0,0
22953600.0,159,0.2118524141354238,False,False,ok,,,True,1.0,0.0,1,0.0,1.0,0.0,0.0,2361200.6558711394,33163.34204663616,0.2118524141354238,-33163.34204663616,-0.2118524141354238,156539.83544146415,0.0,0.0,0.2118524141354238,0.06389833111613674,0.004082996719427449,0.05,0.0,-456506.65981496737,0.0,-0.0,-2567892.536975513,-25774.163891735952,25774.163891735952,-9599999.999999998,-60000.0,60000.0,0.0,0.0,-0.0,0.0,0.0,-0.0,18026299.838600002,117184.44995000958,-117184.44995000958,-3040699.985938367,1753.0559883727692,-1753.0559883727692,0.5,0.9138983488082886,0.5,0.5,9138983.0,301.746826171875,473.1572265625,313.16363525390625,-150000000.0,0.0,0.0,6898625.0,0.0,0.0,-77149360.0,-77149360.0,220250736.0,-0.0,0.0,0.85,1.0,-1.0,1.0,True,True,False,,0,0
22957200.0,160,0.1773702317481198,False,False,ok,,,True,1.0,0.0,1,0.0,1.0,0.0,0.0,2388966.1627612044,27765.506890065037,0.1773702317481198,-27765.506890065037,-0.1773702317481198,156539.83544146415,0.0,0.0,0.1773702317481198,0.06181154327054561,0.003820666881486532,0.05,0.0,-456506.65981496737,0.0,-0.0,-2582371.5280056344,-14478.991030121222,14478.991030121222,-9659999.999999998,-60000.0,60000.0,0.0,0.0,-0.0,0.0,0.0,-0.0,18136425.205649987,110125.36704998463,-110125.36704998463,-3048580.855068181,-7880.869129814208,7880.869129814208,0.5,0.9118115305900574,0.5,0.5,9118115.0,301.0578308105469,473.1572265625,313.16363525390625,-150000000.0,0.0,0.0,-43839960.0,0.0,0.0,-33883372.0,-33883372.0,227723328.0,-0.0,0.0,0.85,1.0,-1.0,1.0,True,True,False,,0,0
22960800.0,161,0.09146897300210374,False,False,ok,,,True,1.0,0.0,1,0.0,1.0,0.0,0.0,2403284.7007429535,14318.537981749047,0.09146897300210374,-14318.537981749047,-0.09146897300210374,156539.83544146415,0.0,0.0,0.09146897300210374,0.05729006541000048,0.0032821515946821335,0.05,0.0,-456506.65981496737,0.0,-0.0,-2587436.4361211685,-5064.908115534112,5064.908115534112,-9719999.999999998,-60000.0,60000.0,0.0,0.0,-0.0,0.0,0.0,-0.0,18250286.87254998,113861.66689999402,-113861.66689999402,-3083059.075870897,-34478.22080271598,34478.22080271598,0.5,0.9072900414466858,0.5,0.5,9072901.0,299.56494140625,473.1572265625,313.16363525390625,-150000000.0,0.0,0.0,-77674160.0,0.0,0.0,-3239114.5,-3239114.5,230913280.0,-0.0,0.0,0.85,1.0,-1.0,1.0,True,True,False,,0,0
22964400.0,162,0.04812669109243214,False,False,ok,,,True,1.0,0.0,1,0.0,1.0,0.0,0.0,2410818.445046905,7533.744303951506,0.04812669109243214,-7533.744303951506,-0.04812669109243214,156539.83544146415,0.0,0.0,0.04812669109243214,0.051528877782824445,0.0026552252455572588,0.05,0.0,-456506.65981496737,0.0,-0.0,-2587882.9159097066,-446.47978853806853,446.47978853806853,-9779999.999999998,-60000.0,60000.0,0.0,0.0,-0.0,0.0,0.0,-0.0,18365743.509549975,115456.63699999452,-115456.63699999452,-3130535.4887784095,-47476.41290751239,47476.41290751239,0.5,0.9015288949012756,0.5,0.5,9015289.0,297.6627197265625,473.1572265625,313.16363525390625,-150000000.0,0.0,0.0,-70873088.0,0.0,0.0,-0.0,-0.0,220873088.0,-0.0,0.0,0.85,1.0,-1.0,1.0,True,True,False,,0,0
22968000.0,163,0.050547461019656986,False,False,ok,,,True,1.0,0.0,1,0.0,1.0,0.0,0.0,2418731.136276906,7912.691230000928,0.050547461019656986,-7912.691230000928,-0.050547461019656986,156539.83544146415,0.0,0.0,0.050547461019656986,0.04669499797091248,0.0021804228355035205,0.05,1.0,-456506.65981496737,0.0,-0.0,-2587882.9159097066,0.0,-0.0,-9839999.999999998,-60000.0,60000.0,0.0,0.0,-0.0,0.0,0.0,-0.0,18476180.05339998,110436.54385000467,-110436.54385000467,-3173059.3413984086,-42523.85261999909,42523.85261999909,0.5,0.8966950178146362,0.5,0.5,8966950.0,296.0666809082031,473.1572265625,313.16363525390625,-150000000.0,0.0,0.0,-92243936.0,0.0,0.0,-0.0,-0.0,242243936.0,-0.0,0.0,0.85,1.0,-1.0,1.0,True,True,False,,0,0
22971600.0,164,0.03802113834968101,False,False,ok,,,True,1.0,0.0,1,0.0,1.0,0.0,0.0,2424682.959017462,5951.822740556207,0.03802113834968101,-5951.822740556207,-0.03802113834968101,156539.83544146415,0.0,0.0,0.03802113834968101,0.04293570787025858,0.0018434750103201844,0.05,1.0,-456753.3629437444,-246.7031287770369,246.7031287770369,-2587882.9159097066,0.0,-0.0,-9899999.999999998,-60000.0,60000.0,0.0,0.0,-0.0,0.0,0.0,-0.0,18597302.022299983,121121.96890000254,-121121.96890000254,-3227982.7844290766,-54923.44303066796,54923.44303066796,0.5,0.8929356932640076,0.5,0.5,8929357.0,294.8254699707031,473.1572265625,313.16363525390625,-150000000.0,0.0,0.0,-74308680.0,-3266816.5,-3266816.5,-0.0,-0.0,227575488.0,-0.0,0.0,0.85,1.0,-1.0,1.0,True,True,False,,0,0
22975200.0,165,0.04857666845617106,False,False,ok,,,True,1.0,0.0,1,0.0,1.0,0.0,0.0,2432287.1427038857,7604.183686423581,0.04857666845617106,-7604.183686423581,-0.04857666845617106,156539.83544146415,0.0,0.0,0.04857666845617106,0.03975763095328044,0.0015806692190172432,0.05,1.0,-457259.7895307372,-506.4265869928058,506.4265869928058,-2587882.9159097066,0.0,-0.0,-9959999.999999998,-60000.0,60000.0,0.0,0.0,-0.0,0.0,0.0,-0.0,18711089.770249978,113787.7479499951,-113787.7479499951,-3273659.9221056597,-45677.13767658314,45677.13767658314,0.5,0.8897576332092285,0.5,0.5,8897576.0,293.776123046875,473.1572265625,313.16363525390625,-150000000.0,0.0,0.0,-90657488.0,0.0,0.0,-0.0,-0.0,240657488.0,-0.0,0.0,0.85,1.0,-1.0,1.0,False,True,False,,0,0
22978800.0,166,0.03790888819619999,False,False,ok,,,True,1.0,0.0,1,0.0,1.0,0.0,0.0,2438221.3938238877,5934.251120002009,0.03790888819619999,-5934.251120002009,-0.03790888819619999,156539.83544146415,0.0,0.0,0.03790888819619999,0.03635336067187267,0.0013215668321392585,0.05,1.0,-457259.7895307372,0.0,-0.0,-2587882.9159097066,0.0,-0.0,-10019999.999999998,-60000.0,60000.0,0.0,0.0,-0.0,0.0,0.0,-0.0,18831418.514649972,120328.74439999461,-120328.74439999461,-3328054.4153856616,-54394.493280001916,54394.493280001916,0.5,0.8863533735275269,0.5,0.5,8863534.0,292.6521301269531,473.1572265625,313.16363525390625,-150000000.0,0.0,0.0,-65769752.0,0.0,0.0,-0.0,-0.0,215769744.0,-0.0,0.0,0.85,1.0,-1.0,1.0,False,True,False,,0,0
22982400.0,167,11.883830888201539,False,True,ok,,,True,1.0,0.0,1,0.0,1.0,0.0,0.0,2446644.4188138875,8423.02498999983,0.05380754979233066,-8423.02498999983,-0.05380754979233066,156539.83544146415,0.0,11.830023338409209,11.883830888201539,0.032713286796852814,0.0010701591330531447,0.05,1.0,-457259.7895307372,0.0,-0.0,-2587882.9159097066,0.0,-0.0,-10079999.999999998,-60000.0,60000.0,0.0,0.0,-0.0,0.0,0.0,-0.0,18939303.389699973,107884.87505000085,-107884.87505000085,-3367516.2654456627,-39461.850060001016,39461.850060001016,0.5,0.882713258266449,0.5,0.5,8827133.0,291.45025634765625,473.1572265625,313.16363525390625,-150000000.0,0.0,0.0,-92968152.0,0.0,0.0,-0.0,-0.0,242968144.0,-0.0,0.0,0.85,1.0,-1.0,1.0,False,True,False,,0,0
