time,step,reward,terminated,truncated,fmu_status,fmu_error,failure_type,transition_valid,requested_u_tp,requested_u_battery,requested_caes_mode,requested_caes_magnitude,decoded_u_tp,decoded_u_battery,decoded_u_caes,rt_economic_cashflow_total,rt_economic_cashflow_delta,rt_economic_reward,rt_raw_total_cost,rt_normalized_cost,rt_cost_reference,rt_cost_reference_missing,rt_terminal_soc_bonus,rt_reward,rt_terminal_soc_l1_error,rt_terminal_soc_l2_error,rt_terminal_soc_tolerance,rt_terminal_soc_satisfied,rt_economic_cashflow_wind,rt_economic_cashflow_delta_wind,rt_raw_wind_cost,rt_economic_cashflow_pv,rt_economic_cashflow_delta_pv,rt_raw_pv_cost,rt_economic_cashflow_thermal,rt_economic_cashflow_delta_thermal,rt_raw_thermal_cost,rt_economic_cashflow_battery,rt_economic_cashflow_delta_battery,rt_raw_battery_cost,rt_economic_cashflow_caes,rt_economic_cashflow_delta_caes,rt_raw_caes_cost,rt_economic_cashflow_load,rt_economic_cashflow_delta_load,rt_raw_load_cost,rt_economic_cashflow_grid,rt_economic_cashflow_delta_grid,rt_raw_grid_cost,obs_battery_soc,obs_caes_gas_soc,obs_caes_hot_soc,obs_caes_cold_soc,obs_caes_gas_pressure,obs_caes_gas_temperature,obs_caes_hot_temperature,obs_caes_cold_temperature,obs_p_thermal,obs_p_battery,obs_p_caes,obs_p_grid,obs_p_wind_available,obs_p_wind_actual,obs_p_pv_available,obs_p_pv_actual,obs_p_load_actual,obs_p_curtailment,obs_p_unserved,u_tp_dynamic_low,u_tp_dynamic_high,u_battery_dynamic_low,u_battery_dynamic_high,caes_discharge_allowed,caes_idle_allowed,caes_charge_allowed,caes_locked_mode,caes_locked_steps_completed,caes_locked_steps_remaining
28429200.0,0,0.036365113352432664,False,False,ok,,,True,1.0,0.0,1,0.0,1.0,0.0,0.0,5692.58886,5692.58886,0.036365113352432664,-5692.58886,-0.036365113352432664,156539.83544146415,0.0,0.0,0.036365113352432664,0.0010209941237805387,1.04242900079439e-06,0.05,1.0,0.0,0.0,-0.0,0.0,0.0,-0.0,-59999.99999999999,-59999.99999999999,59999.99999999999,0.0,0.0,-0.0,0.0,0.0,-0.0,121537.05569999997,121537.05569999997,-121537.05569999997,-55844.466840000016,-55844.466840000016,55844.466840000016,0.5,0.8489789962768555,0.5,0.5,8489790.0,280.3128967285156,473.1572265625,313.16363525390625,-150000000.0,0.0,0.0,-90891608.0,0.0,0.0,-0.0,-0.0,240891616.0,-0.0,0.0,0.85,1.0,-1.0,1.0,True,True,False,,0,0
28432800.0,1,0.03775932779877155,False,False,ok,,,True,1.0,0.0,1,0.0,1.0,0.0,0.0,11603.42782,5910.838960000001,0.03775932779877155,-5910.838960000001,-0.03775932779877155,156539.83544146415,0.0,0.0,0.03775932779877155,0.002481083144072027,6.155773567798335e-06,0.05,1.0,0.0,0.0,-0.0,0.0,0.0,-0.0,-119999.99999999999,-59999.99999999999,59999.99999999999,0.0,0.0,-0.0,0.0,0.0,-0.0,241982.86089999985,120445.80519999989,-120445.80519999989,-110379.43307999996,-54534.96623999994,54534.96623999994,0.5,0.8475189208984375,0.5,0.5,8475189.0,279.830810546875,473.1572265625,313.16363525390625,-150000000.0,0.0,0.0,-106430712.0,0.0,0.0,-0.0,-0.0,256430720.0,-0.0,0.0,0.85,1.0,-1.0,1.0,True,True,False,,0,0
28436400.0,2,0.027832713939636336,False,False,ok,,,True,1.0,0.0,1,0.0,1.0,0.0,0.0,15960.356280000018,4356.928460000017,0.027832713939636336,-4356.928460000017,-0.027832713939636336,156539.83544146415,0.0,0.0,0.027832713939636336,0.003972045746114872,1.5777147409229247e-05,0.05,1.0,0.0,0.0,-0.0,0.0,0.0,-0.0,-179999.99999999997,-59999.999999999985,59999.999999999985,0.0,0.0,-0.0,0.0,0.0,-0.0,370198.21859999996,128215.35770000011,-128215.35770000011,-174237.86231999993,-63858.42923999997,63858.42923999997,0.5,0.8460279703140259,0.5,0.5,8460280.0,279.3385009765625,473.1572265625,313.16363525390625,-150000000.0,0.0,0.0,-104037280.0,0.0,0.0,-0.0,-0.0,254037280.0,-0.0,0.0,0.85,1.0,-1.0,1.0,True,True,False,,0,0
28440000.0,3,0.029361678623449853,False,False,ok,,,True,1.0,0.0,1,0.0,1.0,0.0,0.0,20556.628620000014,4596.272339999996,0.029361678623449853,-4596.272339999996,-0.029361678623449853,156539.83544146415,0.0,0.0,0.029361678623449853,0.004892912338399502,2.3940591151262084e-05,0.05,1.0,0.0,0.0,-0.0,0.0,0.0,-0.0,-239999.99999999997,-60000.0,60000.0,0.0,0.0,-0.0,0.0,0.0,-0.0,497216.85689999984,127018.63829999988,-127018.63829999988,-236660.22827999995,-62422.365960000025,62422.365960000025,0.5,0.8451070785522461,0.5,0.5,8451071.0,279.0344543457031,473.1572265625,313.16363525390625,-150000000.0,0.0,0.0,-80178616.0,0.0,0.0,-0.0,-0.0,230178624.0,-0.0,0.0,0.85,1.0,-1.0,1.0,True,True,False,,0,0
28443600.0,4,0.04460294806308815,False,False,ok,,,True,1.0,0.0,1,0.0,1.0,0.0,0.0,27538.766770000006,6982.138149999992,0.04460294806308815,-6982.138149999992,-0.04460294806308815,156539.83544146415,0.0,0.0,0.04460294806308815,0.004766249595750671,2.2717135208993435e-05,0.05,1.0,0.0,0.0,-0.0,0.0,0.0,-0.0,-299999.99999999994,-59999.99999999997,59999.99999999997,0.0,0.0,-0.0,0.0,0.0,-0.0,612306.1661499998,115089.30924999999,-115089.30924999999,-284767.3993800001,-48107.17110000012,48107.17110000012,0.5,0.8452337384223938,0.5,0.5,8452338.0,279.0762939453125,473.1572265625,313.16363525390625,-150000000.0,0.0,0.0,-97686400.0,0.0,0.0,-0.0,-0.0,247686400.0,-0.0,0.0,0.85,1.0,-1.0,1.0,True,True,False,,0,0
28447200.0,5,0.041438780075380544,False,False,ok,,,True,1.0,0.0,1,0.0,1.0,0.0,0.0,34025.5865838951,6486.819813895094,0.041438780075380544,-6486.819813895094,-0.041438780075380544,156539.83544146415,0.0,0.0,0.041438780075380544,0.0038498626707466066,1.4821442583608194e-05,0.05,1.0,0.0,0.0,-0.0,-896.757145639345,-896.757145639345,896.757145639345,-359999.99999999994,-60000.0,60000.0,0.0,0.0,-0.0,0.0,0.0,-0.0,736149.3670999996,123843.20094999974,-123843.20094999974,-341227.0233704657,-56459.623990465596,56459.623990465596,0.5,0.8461501598358154,0.5,0.5,8461501.0,279.37884521484375,473.1572265625,313.16363525390625,-150000000.0,0.0,0.0,-84246856.0,0.0,0.0,-7956589.5,-7956589.5,242203440.0,-0.0,0.0,0.85,1.0,-1.0,1.0,True,True,False,,0,0
28450800.0,6,0.09553498221901206,False,False,ok,,,True,1.0,0.0,1,0.0,1.0,0.0,0.0,48980.61697936245,14955.03039546735,0.09553498221901206,-14955.03039546735,-0.09553498221901206,156539.83544146415,0.0,0.0,0.09553498221901206,0.002322508984401006,5.394047982623393e-06,0.05,1.0,0.0,0.0,-0.0,-7450.596228116026,-6553.839082476681,6553.839082476681,-419999.99999999994,-60000.0,60000.0,0.0,0.0,-0.0,0.0,0.0,-0.0,857251.0886999991,121101.72159999958,-121101.72159999958,-380819.8754925216,-39592.85212205595,39592.85212205595,0.5,0.84767746925354,0.5,0.5,8476775.0,279.8831481933594,473.1572265625,313.16363525390625,-150000000.0,0.0,0.0,-32647136.0,0.0,0.0,-48281180.0,-48281180.0,230928320.0,-0.0,0.0,0.85,1.0,-1.0,1.0,True,True,False,,0,0
28454400.0,7,0.1945582130993175,False,False,ok,,,True,1.0,0.0,1,0.0,1.0,0.0,0.0,79436.72764171493,30456.110662352476,0.1945582130993175,-30456.110662352476,-0.1945582130993175,156539.83544146415,0.0,0.0,0.1945582130993175,0.0006967594110003361,4.854736768175353e-07,0.05,1.0,0.0,0.0,-0.0,-24737.380722464302,-17286.784494348278,17286.784494348278,-479999.99999999994,-60000.0,60000.0,0.0,0.0,-0.0,0.0,0.0,-0.0,972715.247349999,115464.15864999988,-115464.15864999988,-388541.138985821,-7721.263493299368,7721.263493299368,0.5,0.8506967425346375,0.5,0.5,8506968.0,280.8800354003906,473.1572265625,313.16363525390625,-150000000.0,0.0,0.0,1204491.875,0.0,-0.0,-94175976.0,-94175976.0,242971488.0,-0.0,0.0,0.85,1.0,-1.0,1.0,True,True,False,,0,0
28458000.0,8,0.22780099896906114,False,False,ok,,,True,1.0,0.0,1,0.0,1.0,0.0,0.0,115096.6585337329,35659.930892017976,0.22780099896906114,-35659.930892017976,-0.22780099896906114,156539.83544146415,0.0,0.0,0.22780099896906114,0.006179056665108762,3.818074127062501e-05,0.05,1.0,0.0,0.0,-0.0,-52285.15250243433,-27547.771779970026,27547.771779970026,-539999.9999999999,-59999.99999999994,59999.99999999994,0.0,0.0,-0.0,0.0,0.0,-0.0,1094200.9897999992,121485.74245000014,-121485.74245000014,-386819.17876383296,1721.9602219880326,-1721.9602219880326,0.5,0.8561790585517883,0.5,0.5,8561791.0,282.6901550292969,473.1572265625,313.16363525390625,-150000000.0,0.0,0.0,36850964.0,0.0,0.0,-129247328.0,-129247328.0,242396368.0,-0.0,0.0,0.85,1.0,-1.0,1.0,True,True,False,,0,0
28461600.0,9,0.1993777199630798,False,False,ok,,,True,1.0,0.0,1,0.0,1.0,0.0,0.0,146307.21400744774,31210.555473714834,0.1993777199630798,-31210.555473714834,-0.1993777199630798,156539.83544146415,0.0,0.0,0.1993777199630798,0.014045308492704467,0.00019727069065523622,0.05,1.0,0.0,0.0,-0.0,-86865.13564624292,-34579.9831438086,34579.9831438086,-599999.9999999999,-60000.0,60000.0,0.0,0.0,-0.0,0.0,0.0,-0.0,1215399.1715000002,121198.181700001,-121198.181700001,-382226.8218463095,4592.35691752343,-4592.35691752343,0.5,0.8640453219413757,0.5,0.5,8640453.0,285.28741455078125,473.1572265625,313.16363525390625,-150000000.0,0.0,0.0,42528760.0,0.0,-0.0,-149092272.0,-149092272.0,256563520.0,-0.0,0.0,0.85,1.0,-1.0,1.0,True,True,False,,0,0
28465200.0,10,0.2241743058969953,False,False,ok,,,True,1.0,0.0,1,0.0,1.0,0.0,0.0,181399.42296276783,35092.20895532009,0.2241743058969953,-35092.20895532009,-0.2241743058969953,156539.83544146415,0.0,0.0,0.2241743058969953,0.022313588057701894,0.0004978962120088166,0.05,1.0,0.0,0.0,-0.0,-124420.46385404275,-37555.32820779983,37555.32820779983,-659999.9999999999,-60000.0,60000.0,0.0,0.0,-0.0,0.0,0.0,-0.0,1343680.9288500007,128281.75735000055,-128281.75735000055,-377861.0420331895,4365.779813120025,-4365.779813120025,0.5,0.8723135590553284,0.5,0.5,8723136.0,288.0173645019531,473.1572265625,313.16363525390625,-150000000.0,0.0,0.0,64781816.0,0.0,0.0,-151584304.0,-151584304.0,236802496.0,-0.0,0.0,0.85,1.0,-1.0,1.0,True,True,False,,0,0
28468800.0,11,0.1753406345925818,False,False,ok,,,True,1.0,0.0,1,0.0,1.0,0.0,0.0,208847.21704809248,27447.794085324655,0.1753406345925818,-27447.794085324655,-0.1753406345925818,156539.83544146415,0.0,0.0,0.1753406345925818,0.028848991866079587,0.0008322643316891262,0.05,1.0,0.0,0.0,-0.0,-161542.46731183503,-37122.00345779228,37122.00345779228,-719999.9999999999,-60000.0,60000.0,0.0,0.0,-0.0,0.0,0.0,-0.0,1462082.1740500014,118401.2452000007,-118401.2452000007,-371692.48969007266,6168.55234311684,-6168.55234311684,0.5,0.8788489699363708,0.5,0.5,8788490.0,290.1752014160156,473.1572265625,313.16363525390625,-150000000.0,0.0,0.0,35469824.0,0.0,0.0,-144710224.0,-144710224.0,259240400.0,-0.0,0.0,0.85,1.0,-1.0,1.0,True,True,False,,0,0
28472400.0,12,0.24527560405262022,False,False,ok,,,True,1.0,0.0,1,0.0,1.0,0.0,0.0,247242.61974429537,38395.40269620289,0.24527560405262022,-38395.40269620289,-0.24527560405262022,156539.83544146415,0.0,0.0,0.24527560405262022,0.03335977104192789,0.0011128743239698505,0.05,1.0,0.0,0.0,-0.0,-195377.06215149685,-33834.59483966182,33834.59483966182,-779999.9999999999,-60000.0,60000.0,0.0,0.0,-0.0,0.0,0.0,-0.0,1591702.3735500025,129620.19950000104,-129620.19950000104,-369082.691654208,2609.79803586466,-2609.79803586466,0.5,0.8833597898483276,0.5,0.5,8833598.0,291.66455078125,473.1572265625,313.16363525390625,-150000000.0,0.0,0.0,28531632.0,0.0,0.0,-123827096.0,-123827096.0,245295456.0,-0.0,0.0,0.85,1.0,-1.0,1.0,True,True,False,,0,0
28476000.0,13,0.2343948788000256,False,False,ok,,,True,1.0,0.0,1,0.0,1.0,0.0,0.0,283934.7554999733,36692.13575567794,0.2343948788000256,-36692.13575567794,-0.2343948788000256,156539.83544146415,0.0,0.0,0.2343948788000256,0.036097069570173335,0.0013029984315539337,0.05,1.0,0.0,0.0,-0.0,-222695.1310789692,-27318.06892747234,27318.06892747234,-839999.9999999999,-60000.0,60000.0,0.0,0.0,-0.0,0.0,0.0,-0.0,1714350.1041000024,122647.73054999998,-122647.73054999998,-367720.21752105776,1362.4741331502446,-1362.4741331502446,0.5,0.8860970735549927,0.5,0.5,8860971.0,292.5683288574219,473.1572265625,313.16363525390625,-150000000.0,0.0,0.0,-13355314.0,0.0,0.0,-91290328.0,-91290328.0,254645648.0,-0.0,0.0,0.85,1.0,-1.0,1.0,True,True,False,,0,0
28479600.0,14,0.1909560207254431,False,False,ok,,,True,1.0,0.0,1,0.0,1.0,0.0,0.0,313826.979560891,29892.22406091768,0.1909560207254431,-29892.22406091768,-0.1909560207254431,156539.83544146415,0.0,0.0,0.1909560207254431,0.0371274788774435,0.0013784496877950131,0.05,1.0,0.0,0.0,-0.0,-240807.12262248178,-18111.991543512588,18111.991543512588,-899999.9999999999,-60000.0,60000.0,0.0,0.0,-0.0,0.0,0.0,-0.0,1841672.9246000028,127322.82050000038,-127322.82050000038,-387038.82241662743,-19318.604895569675,19318.604895569675,0.5,0.8871274590492249,0.5,0.5,8871275.0,292.9085693359375,473.1572265625,313.16363525390625,-150000000.0,0.0,0.0,-37047744.0,0.0,-0.0,-49061308.0,-49061308.0,236109056.0,-0.0,0.0,0.85,1.0,-1.0,1.0,True,True,False,,0,0
28483200.0,15,0.11078689347694504,False,False,ok,,,True,1.0,0.0,1,0.0,1.0,0.0,0.0,331169.541634843,17342.562073951995,0.11078689347694504,-17342.562073951995,-0.11078689347694504,156539.83544146415,0.0,0.0,0.11078689347694504,0.03505987287207224,0.001229194685805867,0.05,1.0,0.0,0.0,-0.0,-248631.02807530467,-7823.905452822888,7823.905452822888,-959999.9999999999,-60000.0,60000.0,0.0,0.0,-0.0,0.0,0.0,-0.0,1959727.4524000022,118054.52779999934,-118054.52779999934,-419926.8826898525,-32888.06027322507,32888.06027322507,0.5,0.8850598931312561,0.5,0.5,8850599.0,292.22589111328125,473.1572265625,313.16363525390625,-150000000.0,0.0,0.0,-76671088.0,0.0,0.0,-9086838.0,-9086838.0,235757920.0,-0.0,0.0,0.85,1.0,-1.0,1.0,True,True,False,,0,0
28486800.0,16,0.05226411299136383,False,False,ok,,,True,1.0,0.0,1,0.0,1.0,0.0,0.0,339350.95728200517,8181.415647162183,0.05226411299136383,-8181.415647162183,-0.05226411299136383,156539.83544146415,0.0,0.0,0.05226411299136383,0.030085673246957545,0.000905147734722697,0.05,1.0,0.0,0.0,-0.0,-249886.1769304205,-1255.14885511584,1255.14885511584,-1019999.9999999999,-60000.0,60000.0,0.0,0.0,-0.0,0.0,0.0,-0.0,2077606.4161500023,117878.96375000011,-117878.96375000011,-468369.28193757444,-48442.39924772194,48442.39924772194,0.5,0.8800856471061707,0.5,0.5,8800857.0,290.58349609375,473.1572265625,313.16363525390625,-150000000.0,0.0,0.0,-106694616.0,0.0,0.0,-0.0,-0.0,256694624.0,-0.0,0.0,0.85,1.0,-1.0,1.0,True,True,False,,0,0
28490400.0,17,0.027664129694446482,False,False,ok,,,True,1.0,0.0,1,0.0,1.0,0.0,0.0,343681.49559200514,4330.538309999974,0.027664129694446482,-4330.538309999974,-0.027664129694446482,156539.83544146415,0.0,0.0,0.027664129694446482,0.024848346967537127,0.0006174403470191115,0.05,1.0,0.0,0.0,-0.0,-249886.1769304205,0.0,-0.0,-1079999.9999999998,-59999.99999999988,59999.99999999988,0.0,0.0,-0.0,0.0,0.0,-0.0,2205953.724600003,128347.30845000083,-128347.30845000083,-532386.0520775745,-64016.770140000095,64016.770140000095,0.5,0.8748483657836914,0.5,0.5,8748483.0,288.854248046875,473.1572265625,313.16363525390625,-150000000.0,0.0,0.0,-101975112.0,0.0,0.0,-0.0,-0.0,251975120.0,-0.0,0.0,0.85,1.0,-1.0,1.0,True,True,False,,0,0
28494000.0,18,0.030679018004944922,False,False,ok,,,True,1.0,0.0,1,0.0,1.0,0.0,0.0,348483.98402200494,4802.488429999794,0.030679018004944922,-4802.488429999794,-0.030679018004944922,156539.83544146415,0.0,0.0,0.030679018004944922,0.020348079883489967,0.00041404435494488904,0.05,1.0,0.0,0.0,-0.0,-249886.1769304205,0.0,-0.0,-1139999.9999999998,-60000.0,60000.0,0.0,0.0,-0.0,0.0,0.0,-0.0,2331941.2824500035,125987.55785000045,-125987.55785000045,-593571.1214975746,-61185.06942000007,61185.06942000007,0.5,0.8703480958938599,0.5,0.5,8703481.0,287.3683776855469,473.1572265625,313.16363525390625,-150000000.0,0.0,0.0,-102567832.0,0.0,0.0,-0.0,-0.0,252567824.0,-0.0,0.0,0.85,1.0,-1.0,1.0,True,True,False,,0,0
28497600.0,19,0.030300381986626473,False,False,ok,,,True,1.0,0.0,1,0.0,1.0,0.0,0.0,353227.20083200495,4743.216810000013,0.030300381986626473,-4743.216810000013,-0.030300381986626473,156539.83544146415,0.0,0.0,0.030300381986626473,0.016528357063212096,0.00027318658720903316,0.05,1.0,0.0,0.0,-0.0,-249886.1769304205,0.0,-0.0,-1199999.9999999998,-60000.0,60000.0,0.0,0.0,-0.0,0.0,0.0,-0.0,2458225.198400003,126283.91594999935,-126283.91594999935,-655111.8206375745,-61540.699139999924,61540.699139999924,0.5,0.866528332233429,0.5,0.5,8665284.0,286.107177734375,473.1572265625,313.16363525390625,-150000000.0,0.0,0.0,-92117040.0,0.0,0.0,-0.0,-0.0,242117040.0,-0.0,0.0,0.85,1.0,-1.0,1.0,True,True,False,,0,0
28501200.0,20,0.036976506227159034,False,False,ok,,,True,1.0,0.0,1,0.0,1.0,0.0,0.0,359015.4970320047,5788.29619999975,0.036976506227159034,-5788.29619999975,-0.036976506227159034,156539.83544146415,0.0,0.0,0.036976506227159034,0.013402710633770076,0.00017963265233257347,0.05,1.0,0.0,0.0,-0.0,-249886.1769304205,0.0,-0.0,-1259999.9999999998,-60000.0,60000.0,0.0,0.0,-0.0,0.0,0.0,-0.0,2579283.717400004,121058.51900000125,-121058.51900000125,-710382.0434375749,-55270.22280000034,55270.22280000034,0.5,0.8634027242660522,0.5,0.5,8634027.0,285.0751647949219,473.1572265625,313.16363525390625,-150000000.0,0.0,0.0,-101653488.0,0.0,0.0,-0.0,-0.0,251653488.0,-0.0,0.0,0.85,1.0,-1.0,1.0,True,True,False,,0,0
28504800.0,21,0.030884476442468656,False,False,ok,,,True,1.0,0.0,1,0.0,1.0,0.0,0.0,363850.1478920045,4834.65085999982,0.030884476442468656,-4834.65085999982,-0.030884476442468656,156539.83544146415,0.0,0.0,0.030884476442468656,0.010869393635113966,0.000118143717995056,0.05,1.0,0.0,0.0,-0.0,-249886.1769304205,0.0,-0.0,-1319999.9999999998,-60000.0,60000.0,0.0,0.0,-0.0,0.0,0.0,-0.0,2705110.463100002,125826.74569999799,-125826.74569999799,-771374.1382775748,-60992.09483999992,60992.09483999992,0.5,0.8608694076538086,0.5,0.5,8608694.0,284.2387390136719,473.1572265625,313.16363525390625,-150000000.0,0.0,0.0,-92505096.0,0.0,0.0,-0.0,-0.0,242505088.0,-0.0,0.0,0.85,1.0,-1.0,1.0,True,True,False,,0,0
28508400.0,22,0.03672861022107102,False,False,ok,,,True,1.0,0.0,1,0.0,1.0,0.0,0.0,369599.63849200465,5749.490600000136,0.03672861022107102,-5749.490600000136,-0.03672861022107102,156539.83544146415,0.0,0.0,0.03672861022107102,0.008772005422567952,7.694807913356156e-05,0.05,1.0,0.0,0.0,-0.0,-249886.1769304205,0.0,-0.0,-1379999.9999999998,-60000.0,60000.0,0.0,0.0,-0.0,0.0,0.0,-0.0,2826363.0101000015,121252.54699999932,-121252.54699999932,-826877.1946775751,-55503.05640000035,55503.05640000035,0.5,0.8587719798088074,0.5,0.5,8587720.0,283.5462341308594,473.1572265625,313.16363525390625,-150000000.0,0.0,0.0,-109597720.0,0.0,0.0,-0.0,-0.0,259597712.0,-0.0,0.0,0.85,1.0,-1.0,1.0,True,True,False,,0,0
28512000.0,23,0.02580958539151342,False,False,ok,,,True,1.0,0.0,1,0.0,1.0,0.0,0.0,373639.8667420046,4040.2282499999274,0.02580958539151342,-4040.2282499999274,-0.02580958539151342,156539.83544146415,0.0,0.0,0.02580958539151342,0.007053378261506205,4.975014489988829e-05,0.05,1.0,0.0,0.0,-0.0,-249886.1769304205,0.0,-0.0,-1439999.9999999998,-60000.0,60000.0,0.0,0.0,-0.0,0.0,0.0,-0.0,2956161.868850003,129798.85875000153,-129798.85875000153,-892635.8251775756,-65758.63050000044,65758.63050000044,0.5,0.8570533990859985,0.5,0.5,8570534.0,282.978759765625,473.1572265625,313.16363525390625,-150000000.0,0.0,0.0,-96171584.0,0.0,0.0,-0.0,-0.0,246171584.0,-0.0,0.0,0.85,1.0,-1.0,1.0,True,True,False,,0,0
28515600.0,24,0.03438639905823137,False,False,ok,,,True,1.0,0.0,1,0.0,1.0,0.0,0.0,379022.70799200464,5382.841250000056,0.03438639905823137,-5382.841250000056,-0.03438639905823137,156539.83544146415,0.0,0.0,0.03438639905823137,0.0055976142292978315,3.133328506003756e-05,0.05,1.0,0.0,0.0,-0.0,-249886.1769304205,0.0,-0.0,-1499999.9999999998,-60000.0,60000.0,0.0,0.0,-0.0,0.0,0.0,-0.0,3079247.662600005,123085.79375000205,-123085.79375000205,-950338.7776775752,-57702.952499999665,57702.952499999665,0.5,0.8555976152420044,0.5,0.5,8555976.0,282.49810791015625,473.1572265625,313.16363525390625,-150000000.0,0.0,0.0,-92711224.0,0.0,0.0,-0.0,-0.0,242711216.0,-0.0,0.0,0.85,1.0,-1.0,1.0,True,True,False,,0,0
28519200.0,25,0.03659693255613605,False,False,ok,,,True,1.0,0.0,1,0.0,1.0,0.0,0.0,384751.58579200454,5728.8777999999,0.03659693255613605,-5728.8777999999,-0.03659693255613605,156539.83544146415,0.0,0.0,0.03659693255613605,0.0041500685156002914,1.7223068684176806e-05,0.05,1.0,0.0,0.0,-0.0,-249886.1769304205,0.0,-0.0,-1559999.9999999998,-60000.0,60000.0,0.0,0.0,-0.0,0.0,0.0,-0.0,3200603.2736000055,121355.6110000005,-121355.6110000005,-1005965.5108775747,-55626.733199999435,55626.733199999435,0.5,0.8541500568389893,0.5,0.5,8541501.0,282.0201721191406,473.1572265625,313.16363525390625,-150000000.0,0.0,0.0,-82129344.0,0.0,0.0,-0.0,-0.0,232129344.0,-0.0,0.0,0.85,1.0,-1.0,1.0,True,True,False,,0,0
28522800.0,26,0.04335679356541692,False,False,ok,,,True,1.0,0.0,1,0.0,1.0,0.0,0.0,391538.65112200443,6787.065329999896,0.04335679356541692,-6787.065329999896,-0.04335679356541692,156539.83544146415,0.0,0.0,0.04335679356541692,0.0026925432920705816,7.249789379674286e-06,0.05,1.0,0.0,0.0,-0.0,-249886.1769304205,0.0,-0.0,-1619999.9999999998,-60000.0,60000.0,0.0,0.0,-0.0,0.0,0.0,-0.0,3316667.946950007,116064.67335000169,-116064.67335000169,-1055243.1188975743,-49277.60801999958,49277.60801999958,0.5,0.8526925444602966,0.5,0.5,8526925.0,281.5389404296875,473.1572265625,313.16363525390625,-150000000.0,0.0,0.0,-105371056.0,0.0,0.0,-0.0,-0.0,255371056.0,-0.0,0.0,0.85,1.0,-1.0,1.0,True,True,False,,0,0
28526400.0,27,0.028509642592980045,False,False,ok,,,True,1.0,0.0,1,0.0,1.0,0.0,0.0,396001.5458820045,4462.894760000054,0.028509642592980045,-4462.894760000054,-0.028509642592980045,156539.83544146415,0.0,0.0,0.028509642592980045,0.0015075542146708587,2.2727197101718693e-06,0.05,1.0,0.0,0.0,-0.0,-249886.1769304205,0.0,-0.0,-1679999.9999999998,-60000.0,60000.0,0.0,0.0,-0.0,0.0,0.0,-0.0,3444353.4731500093,127685.52620000206,-127685.52620000206,-1118465.750337574,-63222.63143999968,63222.63143999968,0.5,0.8515075445175171,0.5,0.5,8515076.0,281.1476745605469,473.1572265625,313.16363525390625,-150000000.0,0.0,0.0,-99724120.0,0.0,0.0,-0.0,-0.0,249724112.0,-0.0,0.0,0.85,1.0,-1.0,1.0,True,True,False,,0,0
28530000.0,28,0.03211699038664289,False,False,ok,,,True,1.0,0.0,1,0.0,1.0,0.0,0.0,401029.13427200465,5027.5883900001645,0.03211699038664289,-5027.5883900001645,-0.03211699038664289,156539.83544146415,0.0,0.0,0.03211699038664289,0.0006936618032500341,4.811666972880891e-07,0.05,1.0,0.0,0.0,-0.0,-249886.1769304205,0.0,-0.0,-1739999.9999999998,-60000.0,60000.0,0.0,0.0,-0.0,0.0,0.0,-0.0,3569215.5312000085,124862.05804999918,-124862.05804999918,-1178300.219997573,-59834.46965999901,59834.46965999901,0.5,0.8506936430931091,0.5,0.5,8506937.0,280.8789367675781,473.1572265625,313.16363525390625,-150000000.0,0.0,0.0,-91019136.0,0.0,0.0,-0.0,-0.0,241019136.0,-0.0,0.0,0.85,1.0,-1.0,1.0,True,True,False,,0,0
28533600.0,29,0.04395164394892472,False,False,ok,,,True,1.0,0.0,1,0.0,1.0,0.0,0.0,407909.31738315115,6880.1831111465,0.04395164394892472,-6880.1831111465,-0.04395164394892472,156539.83544146415,0.0,0.0,0.04395164394892472,2.336118144485866e-05,5.457447984996085e-10,0.05,1.0,0.0,0.0,-0.0,-250587.67444552528,-701.4975151047693,701.4975151047693,-1799999.9999999998,-60000.0,60000.0,0.0,0.0,-0.0,0.0,0.0,-0.0,3689725.0982500063,120509.56704999786,-120509.56704999786,-1231228.1064213216,-52927.886423748685,52927.886423748685,0.5,0.849976658821106,0.5,0.5,8499766.0,280.6422119140625,473.1572265625,313.16363525390625,-150000000.0,0.0,0.0,-94756448.0,0.0,0.0,-6234881.5,-6234881.5,250991328.0,-0.0,0.0,0.85,1.0,-1.0,1.0,True,True,False,,0,0
28537200.0,30,0.08363493698103133,False,False,ok,,,True,1.0,0.0,1,0.0,1.0,0.0,0.0,421001.516655319,13092.199272167869,0.08363493698103133,-13092.199272167869,-0.08363493698103133,156539.83544146415,0.0,0.0,0.08363493698103133,5.480176615280108e-06,3.003233573466294e-11,0.05,1.0,0.0,0.0,-0.0,-256438.6262970737,-5850.951851548423,5850.951851548423,-1859999.9999999998,-60000.0,60000.0,0.0,0.0,-0.0,0.0,0.0,-0.0,3815220.7648500064,125495.66660000011,-125495.66660000011,-1277780.6218976055,-46552.51547628385,46552.51547628385,0.5,0.8499945402145386,0.5,0.5,8499945.0,280.6481018066406,473.1572265625,313.16363525390625,-150000000.0,0.0,0.0,-44042684.0,0.0,0.0,-44164624.0,-44164624.0,238207312.0,-0.0,0.0,0.85,1.0,-1.0,1.0,True,True,False,,0,0
28540800.0,31,0.18412228454312304,False,False,ok,,,True,1.0,0.0,1,0.0,1.0,0.0,0.0,449823.98877880594,28822.47212348692,0.18412228454312304,-28822.47212348692,-0.18412228454312304,156539.83544146415,0.0,0.0,0.18412228454312304,0.0023634380348844797,5.5858393447386106e-06,0.05,1.0,0.0,0.0,-0.0,-272612.3427138501,-16173.716416776384,16173.716416776384,-1919999.9999999998,-60000.0,60000.0,0.0,0.0,-0.0,0.0,0.0,-0.0,3934324.419150004,119103.65429999772,-119103.65429999772,-1291888.0876573424,-14107.465759736951,14107.465759736951,0.5,0.8523634672164917,0.5,0.5,8523634.0,281.4302673339844,473.1572265625,313.16363525390625,-150000000.0,0.0,0.0,4928931.5,0.0,0.0,-89277416.0,-89277416.0,234348480.0,-0.0,0.0,0.85,1.0,-1.0,1.0,True,True,False,,0,0
28544400.0,32,0.21037513076669714,False,False,ok,,,True,1.0,0.0,1,0.0,1.0,0.0,0.0,482756.0771300012,32932.08835119527,0.21037513076669714,-32932.08835119527,-0.21037513076669714,156539.83544146415,0.0,0.0,0.21037513076669714,0.007773176001720117,6.0422265153717544e-05,0.05,1.0,0.0,0.0,-0.0,-298957.8523951913,-26345.50968134124,26345.50968134124,-1979999.9999999998,-60000.0,60000.0,0.0,0.0,-0.0,0.0,0.0,-0.0,4051498.6618500026,117174.24269999843,-117174.24269999843,-1289784.732324806,2103.35533253639,-2103.35533253639,0.5,0.8577731847763062,0.5,0.5,8577732.0,283.2164306640625,473.1572265625,313.16363525390625,-150000000.0,0.0,0.0,35459092.0,0.0,0.0,-124601584.0,-124601584.0,239142496.0,-0.0,0.0,0.85,1.0,-1.0,1.0,True,True,False,,0,0
28548000.0,33,0.19233387183315853,False,False,ok,,,True,1.0,0.0,1,0.0,1.0,0.0,0.0,512863.9897765835,30107.912646582292,0.19233387183315853,-30107.912646582292,-0.19233387183315853,156539.83544146415,0.0,0.0,0.19233387183315853,0.016030456952745853,0.00025697555011383784,0.05,1.0,-653.9208172661872,-653.9208172661872,653.9208172661872,-332427.8502874753,-33469.99789228395,33469.99789228395,-2039999.9999999998,-60000.0,60000.0,0.0,0.0,-0.0,0.0,0.0,-0.0,4171069.908950004,119571.2471000012,-119571.2471000012,-1285124.1480686737,4660.584256132366,-4660.584256132366,0.5,0.8660304546356201,0.5,0.5,8660305.0,285.9427795410156,473.1572265625,313.16363525390625,-150000000.0,0.0,0.0,71702224.0,-10105798.0,-10105798.0,-144953904.0,-144953904.0,233357472.0,-0.0,0.0,0.85,1.0,-1.0,1.0,True,True,False,,0,0
28551600.0,34,0.1427771329740109,False,False,ok,,,True,1.0,0.0,1,0.0,1.0,0.0,0.0,535214.2986771392,22350.308900555712,0.1427771329740109,-22350.308900555712,-0.1427771329740109,156539.83544146415,0.0,0.0,0.1427771329740109,0.02493936569338928,0.0006219719611886023,0.05,1.0,-6271.897422302155,-5617.976605035968,5617.976605035968,-369060.91953293484,-36633.06924545957,36633.06924545957,-2099999.9999999995,-59999.99999999977,59999.99999999977,0.0,0.0,-0.0,0.0,0.0,-0.0,4287748.647550002,116678.73859999795,-116678.73859999795,-1277201.5319176225,7922.61615105113,-7922.61615105113,0.5,0.8749393820762634,0.5,0.5,8749394.0,288.8842468261719,473.1572265625,313.16363525390625,-150000000.0,0.0,0.0,63249456.0,-24303336.0,-24303336.0,-148442288.0,-148442288.0,259496176.0,-0.0,0.0,0.85,1.0,-1.0,1.0,True,True,False,,0,0
28555200.0,35,0.18607767255503452,False,False,ok,,,True,1.0,0.0,1,0.0,1.0,0.0,0.0,564342.866918235,29128.568241095752,0.18607767255503452,-29128.568241095752,-0.18607767255503452,156539.83544146415,0.0,0.0,0.18607767255503452,0.03190660376398902,0.001018031363752198,0.05,1.0,-17203.10173597122,-10931.204313669066,10931.204313669066,-405497.41412912187,-36436.494596187025,36436.494596187025,-2159999.9999999995,-60000.0,60000.0,0.0,0.0,-0.0,0.0,0.0,-0.0,4417496.732650001,129748.08509999886,-129748.08509999886,-1270453.3498666708,6748.1820509517565,-6748.1820509517565,0.5,0.8819066286087036,0.5,0.5,8819066.0,291.1846618652344,473.1572265625,313.16363525390625,-150000000.0,0.0,0.0,78622288.0,-40495504.0,-40495504.0,-142451248.0,-142451248.0,254324464.0,-0.0,0.0,0.85,1.0,-1.0,1.0,True,True,False,,0,0
28558800.0,36,0.16208680199409958,False,False,ok,,,True,1.0,0.0,1,0.0,1.0,0.0,0.0,589715.9082296245,25373.041311389534,0.16208680199409958,-25373.041311389534,-0.16208680199409958,156539.83544146415,0.0,0.0,0.16208680199409958,0.036535533819580635,0.0013348452314817204,0.05,1.0,-33779.85113929856,-16576.74940332734,16576.74940332734,-438024.4339966541,-32527.019867532246,32527.019867532246,-2219999.9999999995,-60000.0,60000.0,0.0,0.0,-0.0,0.0,0.0,-0.0,4544658.968300002,127162.2356500011,-127162.2356500011,-1263138.7749344213,7314.574932249496,-7314.574932249496,0.5,0.8865355253219604,0.5,0.5,8865355.0,292.7130126953125,473.1572265625,313.16363525390625,-150000000.0,0.0,0.0,77150216.0,-56295348.0,-56295348.0,-114887824.0,-114887824.0,244032960.0,-0.0,0.0,0.85,1.0,-1.0,1.0,True,True,False,,0,0
28562400.0,37,0.14115308270016347,False,False,ok,,,True,1.0,0.0,1,0.0,1.0,0.0,0.0,611811.9885675635,22096.08033793897,0.14115308270016347,-22096.08033793897,-0.14115308270016347,156539.83544146415,0.0,0.0,0.14115308270016347,0.03886275051677568,0.0015103133777291484,0.05,1.0,-54533.36811771582,-20753.51697841726,20753.51697841726,-464179.7049353064,-26155.270938652277,26155.270938652277,-2279999.9999999995,-60000.0,60000.0,0.0,0.0,-0.0,0.0,0.0,-0.0,4666675.447800003,122016.4795000013,-122016.4795000013,-1256150.3861794127,6988.388755008578,-6988.388755008578,0.5,0.8888627290725708,0.5,0.5,8888628.0,293.4814147949219,473.1572265625,313.16363525390625,-150000000.0,0.0,0.0,63581296.0,-63044876.0,-63044876.0,-91948728.0,-91948728.0,241412304.0,-0.0,0.0,0.85,1.0,-1.0,1.0,True,True,False,,0,0
28566000.0,38,0.1670477906019149,False,False,ok,,,True,1.0,0.0,1,0.0,1.0,0.0,0.0,637961.6222192474,26149.633651683922,0.1670477906019149,-26149.633651683922,-0.1670477906019149,156539.83544146415,0.0,0.0,0.1670477906019149,0.038816883623370324,0.0015067504542302752,0.05,1.0,-74694.2801695144,-20160.91205179858,20160.91205179858,-482537.43627321575,-18357.731337909354,18357.731337909354,-2339999.9999999995,-60000.0,60000.0,0.0,0.0,-0.0,0.0,0.0,-0.0,4787381.602700001,120706.15489999764,-120706.15489999764,-1252188.2640380212,3962.1221413915046,-3962.1221413915046,0.5,0.8888168931007385,0.5,0.5,8888169.0,293.4662780761719,473.1572265625,313.16363525390625,-150000000.0,0.0,0.0,883702.8125,-51212916.0,-51212916.0,-50444460.0,-50444460.0,250773664.0,-0.0,0.0,0.85,1.0,-1.0,1.0,True,True,False,,0,0
28569600.0,39,0.14435456730722318,False,False,ok,,,True,1.0,0.0,1,0.0,1.0,0.0,0.0,660558.8624307439,22597.24021149648,0.14435456730722318,-22597.24021149648,-0.14435456730722318,156539.83544146415,0.0,0.0,0.14435456730722318,0.0354957790044681,0.0012599503271340383,0.05,1.0,-83707.58808318345,-9013.30791366905,9013.30791366905,-490595.0900802709,-8057.653807055147,8057.653807055147,-2399999.9999999995,-60000.0,60000.0,0.0,0.0,-0.0,0.0,0.0,-0.0,4912768.438000001,125386.83530000038,-125386.83530000038,-1277906.8974058006,-25718.633367779432,25718.633367779432,0.5,0.8854957818984985,0.5,0.5,8854958.0,292.3697204589844,473.1572265625,313.16363525390625,-150000000.0,0.0,0.0,-70061352.0,-3581029.5,-3581029.5,-9500917.0,-9500917.0,233143296.0,-0.0,0.0,0.85,1.0,-1.0,1.0,True,True,False,,0,0
28573200.0,40,0.05584307361686366,False,False,ok,,,True,1.0,0.0,1,0.0,1.0,0.0,0.0,669300.5279852733,8741.665554529405,0.05584307361686366,-8741.665554529405,-0.05584307361686366,156539.83544146415,0.0,0.0,0.05584307361686366,0.02854811313753669,0.000814994763713595,0.05,1.0,-84007.73625957193,-300.14817638848035,300.14817638848035,-491910.5216445323,-1315.4315642613801,1315.4315642613801,-2459999.9999999995,-60000.0,60000.0,0.0,0.0,-0.0,0.0,0.0,-0.0,5029340.088949997,116571.65094999596,-116571.65094999596,-1324121.3030606217,-46214.40565482108,46214.40565482108,0.5,0.8785480856895447,0.5,0.5,8785481.0,290.07574462890625,473.1572265625,313.16363525390625,-150000000.0,0.0,0.0,-80851800.0,0.0,0.0,-0.0,-0.0,230851792.0,-0.0,0.0,0.85,1.0,-1.0,1.0,True,True,False,,0,0
28576800.0,41,0.04417291100696097,False,False,ok,,,True,1.0,0.0,1,0.0,1.0,0.0,0.0,676215.3482052734,6914.820220000111,0.04417291100696097,-6914.820220000111,-0.04417291100696097,156539.83544146415,0.0,0.0,0.04417291100696097,0.02117331312109738,0.0004483091885240345,0.05,1.0,-84007.73625957193,0.0,-0.0,-491910.5216445323,0.0,-0.0,-2519999.9999999995,-60000.0,60000.0,0.0,0.0,-0.0,0.0,0.0,-0.0,5144765.987850001,115425.8989000041,-115425.8989000041,-1372632.381740621,-48511.07867999934,48511.07867999934,0.5,0.8711733222007751,0.5,0.5,8711733.0,287.6407470703125,473.1572265625,313.16363525390625,-150000000.0,0.0,0.0,-85973864.0,0.0,0.0,-0.0,-0.0,235973872.0,-0.0,0.0,0.85,1.0,-1.0,1.0,True,True,False,,0,0
28580400.0,42,0.04090085665379162,False,False,ok,,,True,1.0,0.0,1,0.0,1.0,0.0,0.0,682617.9615752728,6402.613369999453,0.04090085665379162,-6402.613369999453,-0.04090085665379162,156539.83544146415,0.0,0.0,0.04090085665379162,0.0157612434621629,0.00024841679547357276,0.05,1.0,-84007.73625957193,0.0,-0.0,-491910.5216445323,0.0,-0.0,-2579999.9999999995,-60000.0,60000.0,0.0,0.0,-0.0,0.0,0.0,-0.0,5262752.921000004,117986.93315000273,-117986.93315000273,-1424216.701520622,-51584.31978000095,51584.31978000095,0.5,0.8657612204551697,0.5,0.5,8657612.0,285.85382080078125,473.1572265625,313.16363525390625,-150000000.0,0.0,0.0,-87905080.0,0.0,0.0,-0.0,-0.0,237905088.0,-0.0,0.0,0.85,1.0,-1.0,1.0,True,True,False,,0,0
28584000.0,43,0.03966716709831976,False,False,ok,,,True,1.0,0.0,1,0.0,1.0,0.0,0.0,688827.4533852729,6209.491810000036,0.03966716709831976,-6209.491810000036,-0.03966716709831976,156539.83544146415,0.0,0.0,0.03966716709831976,0.011815871462657834,0.0001396148184220518,0.05,1.0,-84007.73625957193,0.0,-0.0,-491910.5216445323,0.0,-0.0,-2639999.9999999995,-60000.0,60000.0,0.0,0.0,-0.0,0.0,0.0,-0.0,5381705.461950006,118952.54095000215,-118952.54095000215,-1476959.7506606218,-52743.049139999785,52743.049139999785,0.5,0.861815869808197,0.5,0.5,8618159.0,284.5511474609375,473.1572265625,313.16363525390625,-150000000.0,0.0,0.0,-109621504.0,0.0,0.0,-0.0,-0.0,259621504.0,-0.0,0.0,0.85,1.0,-1.0,1.0,True,True,False,,0,0
28587600.0,44,0.02579438964282024,False,False,ok,,,True,1.0,0.0,1,0.0,1.0,0.0,0.0,692865.302895273,4037.8495100000873,0.02579438964282024,-4037.8495100000873,-0.02579438964282024,156539.83544146415,0.0,0.0,0.02579438964282024,0.008904677482757029,7.929328107192005e-05,0.05,1.0,-84007.73625957193,0.0,-0.0,-491910.5216445323,0.0,-0.0,-2699999.9999999995,-60000.0,60000.0,0.0,0.0,-0.0,0.0,0.0,-0.0,5511516.21440001,129810.75245000422,-129810.75245000422,-1542732.6536006213,-65772.90293999948,65772.90293999948,0.5,0.8589046597480774,0.5,0.5,8589047.0,283.5899353027344,473.1572265625,313.16363525390625,-150000000.0,0.0,0.0,-86199256.0,0.0,0.0,-0.0,-0.0,236199248.0,-0.0,0.0,0.85,1.0,-1.0,1.0,True,True,False,,0,0
28591200.0,45,0.04075687636956423,False,False,ok,,,True,1.0,0.0,1,0.0,1.0,0.0,0.0,699245.3776152726,6380.074719999684,0.04075687636956423,-6380.074719999684,-0.04075687636956423,156539.83544146415,0.0,0.0,0.04075687636956423,0.006572701703599915,4.320040768450522e-05,0.05,1.0,-84007.73625957193,0.0,-0.0,-491910.5216445323,0.0,-0.0,-2759999.9999999995,-60000.0,60000.0,0.0,0.0,-0.0,0.0,0.0,-0.0,5629615.840800006,118099.62639999576,-118099.62639999576,-1594452.2052806208,-51719.55167999957,51719.55167999957,0.5,0.856572687625885,0.5,0.5,8565727.0,282.8199768066406,473.1572265625,313.16363525390625,-150000000.0,0.0,0.0,-81605672.0,0.0,0.0,-0.0,-0.0,231605680.0,-0.0,0.0,0.85,1.0,-1.0,1.0,True,True,False,,0,0
28594800.0,46,0.04369132458017226,False,False,ok,,,True,1.0,0.0,1,0.0,1.0,0.0,0.0,706084.8103752724,6839.432759999763,0.04369132458017226,-6839.432759999763,-0.04369132458017226,156539.83544146415,0.0,0.0,0.04369132458017226,0.0044422734577345135,1.973379347329255e-05,0.05,1.0,-84007.73625957193,0.0,-0.0,-491910.5216445323,0.0,-0.0,-2819999.9999999995,-60000.0,60000.0,0.0,0.0,-0.0,0.0,0.0,-0.0,5745418.677000005,115802.83619999886,-115802.83619999886,-1643415.60872062,-48963.40343999909,48963.40343999909,0.5,0.854442298412323,0.5,0.5,8544423.0,282.1165466308594,473.1572265625,313.16363525390625,-150000000.0,0.0,0.0,-82584296.0,0.0,0.0,-0.0,-0.0,232584304.0,-0.0,0.0,0.85,1.0,-1.0,1.0,True,True,False,,0,0
28598400.0,47,0.043066164985974965,False,False,ok,,,True,1.0,0.0,1,0.0,1.0,0.0,0.0,712826.3807552719,6741.570379999466,0.043066164985974965,-6741.570379999466,-0.043066164985974965,156539.83544146415,0.0,0.0,0.043066164985974965,0.0023680040503429867,5.60744318244079e-06,0.05,1.0,-84007.73625957193,0.0,-0.0,-491910.5216445323,0.0,-0.0,-2879999.9999999995,-60000.0,60000.0,0.0,0.0,-0.0,0.0,0.0,-0.0,5861710.825100003,116292.14809999801,-116292.14809999801,-1692966.1864406208,-49550.577720000874,49550.577720000874,0.5,0.8523679971694946,0.5,0.5,8523680.0,281.4316711425781,473.1572265625,313.16363525390625,-150000000.0,0.0,0.0,-90742512.0,0.0,0.0,-0.0,-0.0,240742512.0,-0.0,0.0,0.85,1.0,-1.0,1.0,True,True,False,,0,0
28602000.0,48,0.03785457358690092,False,False,ok,,,True,1.0,0.0,1,0.0,1.0,0.0,0.0,718752.1294752721,5925.748720000265,0.03785457358690092,-5925.748720000265,-0.03785457358690092,156539.83544146415,0.0,0.0,0.03785457358690092,0.00029388701953869667,8.636958025333827e-08,0.05,1.0,-84007.73625957193,0.0,-0.0,-491910.5216445323,0.0,-0.0,-2939999.9999999995,-60000.0,60000.0,0.0,0.0,-0.0,0.0,0.0,-0.0,5982082.081500005,120371.25640000217,-120371.25640000217,-1747411.6941206215,-54445.50768000074,54445.50768000074,0.5,0.8502938747406006,0.5,0.5,8502939.0,280.7468566894531,473.1572265625,313.16363525390625,-150000000.0,0.0,0.0,-105037928.0,0.0,0.0,-0.0,-0.0,255037936.0,-0.0,0.0,0.85,1.0,-1.0,1.0,True,True,False,,0,0
28605600.0,49,0.02872244535916336,False,False,ok,,,True,1.0,0.0,1,0.0,1.0,0.0,0.0,723248.336345272,4496.206869999878,0.02872244535916336,-4496.206869999878,-0.02872244535916336,156539.83544146415,0.0,0.0,0.02872244535916336,0.0018452263061642382,3.404860120960519e-06,0.05,1.0,-84007.73625957193,0.0,-0.0,-491910.5216445323,0.0,-0.0,-2999999.9999999995,-60000.0,60000.0,0.0,0.0,-0.0,0.0,0.0,-0.0,6109601.047150001,127518.96564999595,-127518.96564999595,-1810434.4529006223,-63022.75878000073,63022.75878000073,0.5,0.8481547832489014,0.5,0.5,8481548.0,280.0405578613281,473.1572265625,313.16363525390625,-150000000.0,0.0,0.0,-80870936.0,0.0,0.0,-0.0,-0.0,230870944.0,-0.0,0.0,0.85,1.0,-1.0,1.0,True,True,False,,0,0
28609200.0,50,0.0441606830651418,False,False,ok,,,True,1.0,0.0,1,0.0,1.0,0.0,0.0,730161.242405272,6912.90605999995,0.0441606830651418,-6912.90605999995,-0.0441606830651418,156539.83544146415,0.0,0.0,0.0441606830651418,0.004008948219197617,1.6071665824207742e-05,0.05,1.0,-84007.73625957193,0.0,-0.0,-491910.5216445323,0.0,-0.0,-3059999.9999999995,-60000.0,60000.0,0.0,0.0,-0.0,0.0,0.0,-0.0,6225036.5168499965,115435.46969999559,-115435.46969999559,-1858957.0165406226,-48522.5636400003,48522.5636400003,0.5,0.8459910750389099,0.5,0.5,8459911.0,279.3261413574219,473.1572265625,313.16363525390625,-150000000.0,0.0,0.0,-83984376.0,0.0,0.0,-0.0,-0.0,233984368.0,-0.0,0.0,0.85,1.0,-1.0,1.0,True,True,False,,0,0
28612800.0,51,0.04217177500783225,False,False,ok,,,True,1.0,0.0,1,0.0,1.0,0.0,0.0,736762.8051252725,6601.562720000511,0.04217177500783225,-6601.562720000511,-0.04217177500783225,156539.83544146415,0.0,0.0,0.04217177500783225,0.006044651953462488,3.653781723849787e-05,0.05,1.0,-84007.73625957193,0.0,-0.0,-491910.5216445323,0.0,-0.0,-3119999.9999999995,-60000.0,60000.0,0.0,0.0,-0.0,0.0,0.0,-0.0,6342028.703249993,116992.18639999628,-116992.18639999628,-1909347.6402206218,-50390.62367999926,50390.62367999926,0.5,0.8439553380012512,0.5,0.5,8439553.0,278.6540222167969,473.1572265625,313.16363525390625,-150000000.0,0.0,0.0,-85590728.0,0.0,0.0,-0.0,-0.0,235590720.0,-0.0,0.0,0.85,1.0,-1.0,1.0,True,True,False,,0,0
28616400.0,52,0.04114561307564437,False,False,ok,,,True,1.0,0.0,1,0.0,1.0,0.0,0.0,743203.732625272,6440.927499999525,0.04114561307564437,-6440.927499999525,-0.04114561307564437,156539.83544146415,0.0,0.0,0.04114561307564437,0.007580691366372183,5.7466881592189754e-05,0.05,1.0,-84007.73625957193,0.0,-0.0,-491910.5216445323,0.0,-0.0,-3179999.9999999995,-60000.0,60000.0,0.0,0.0,-0.0,0.0,0.0,-0.0,6459824.065749992,117795.36249999888,-117795.36249999888,-1960702.0752206224,-51354.43500000052,51354.43500000052,0.5,0.8424193263053894,0.5,0.5,8424193.0,278.1468505859375,473.1572265625,313.16363525390625,-150000000.0,0.0,0.0,-108515368.0,0.0,0.0,-0.0,-0.0,258515360.0,-0.0,0.0,0.85,1.0,-1.0,1.0,True,True,False,,0,0
28620000.0,53,0.03285331815122441,False,False,ok,,,True,1.0,0.0,1,0.0,1.0,0.0,0.0,748346.5856423707,5142.853017098736,0.03285331815122441,-5142.853017098736,-0.03285331815122441,156539.83544146415,0.0,0.0,0.03285331815122441,0.00844625496419893,7.133922292025505e-05,0.05,1.0,-84007.73625957193,0.0,-0.0,-492620.79980674566,-710.2781622133916,710.2781622133916,-3239999.9999999995,-60000.0,60000.0,0.0,0.0,-0.0,0.0,0.0,-0.0,6589081.747799993,129257.68205000088,-129257.68205000088,-2024106.62609131,-63404.5508706877,63404.5508706877,0.5,0.8415537476539612,0.5,0.5,8415537.0,277.8610534667969,473.1572265625,313.16363525390625,-150000000.0,0.0,0.0,-103597232.0,0.0,0.0,-6309404.0,-6309404.0,259906640.0,-0.0,0.0,0.85,1.0,-1.0,1.0,True,True,False,,0,0
28623600.0,54,0.07866085172401976,False,False,ok,,,True,1.0,0.0,1,0.0,1.0,0.0,0.0,760660.1424269342,12313.556784563465,0.07866085172401976,-12313.556784563465,-0.07866085172401976,156539.83544146415,0.0,0.0,0.07866085172401976,0.006997163885480329,4.896030244027017e-05,0.05,1.0,-84007.73625957193,0.0,-0.0,-498552.38553143374,-5931.585724688077,5931.585724688077,-3299999.9999999995,-60000.0,60000.0,0.0,0.0,-0.0,0.0,0.0,-0.0,6719035.063949993,129953.31615000032,-129953.31615000032,-2075814.7997320588,-51708.17364074872,51708.17364074872,0.5,0.8430028557777405,0.5,0.5,8430028.0,278.3395080566406,473.1572265625,313.16363525390625,-150000000.0,0.0,0.0,-63850604.0,0.0,0.0,-44665488.0,-44665488.0,258516096.0,-0.0,0.0,0.85,1.0,-1.0,1.0,True,True,False,,0,0
28627200.0,55,0.17253193480972168,False,False,ok,,,True,1.0,0.0,1,0.0,1.0,0.0,0.0,787668.2631104455,27008.120683511253,0.17253193480972168,-27008.120683511253,-0.17253193480972168,156539.83544146415,0.0,0.0,0.17253193480972168,0.0017879675968546227,3.1968281274020947e-06,0.05,1.0,-84007.73625957193,0.0,-0.0,-514880.76394108456,-16328.378409650817,16328.378409650817,-3359999.9999999995,-60000.0,60000.0,0.0,0.0,-0.0,0.0,0.0,-0.0,6848293.109399995,129258.04545000196,-129258.04545000196,-2101736.3460888965,-25921.54635683773,25921.54635683773,0.5,0.8482120037078857,0.5,0.5,8482120.0,280.0594482421875,473.1572265625,313.16363525390625,-150000000.0,0.0,0.0,-18817056.0,0.0,0.0,-89965288.0,-89965288.0,258782352.0,-0.0,0.0,0.85,1.0,-1.0,1.0,True,True,False,,0,0
28630800.0,56,0.25336634216996073,False,False,ok,,,True,1.0,0.0,1,0.0,1.0,0.0,0.0,827330.1886201368,39661.925509691355,0.25336634216996073,-39661.925509691355,-0.25336634216996073,156539.83544146415,0.0,0.0,0.25336634216996073,0.006820529171971401,4.6519618185712885e-05,0.05,1.0,-84007.73625957193,0.0,-0.0,-541210.266017853,-26329.50207676849,26329.50207676849,-3419999.9999999995,-60000.0,60000.0,0.0,0.0,-0.0,0.0,0.0,-0.0,6977684.282499991,129391.17309999652,-129391.17309999652,-2105136.0916024363,-3399.7455135397613,3399.7455135397613,0.5,0.8568205237388611,0.5,0.5,8568205.0,282.9017639160156,473.1572265625,313.16363525390625,-150000000.0,0.0,0.0,36667616.0,0.0,0.0,-123470232.0,-123470232.0,236802608.0,-0.0,0.0,0.85,1.0,-1.0,1.0,True,True,False,,0,0
28634400.0,57,0.1831352219749207,False,False,ok,,,True,1.0,0.0,1,0.0,1.0,0.0,0.0,855998.1461316269,28667.957511490094,0.1831352219749207,-28667.957511490094,-0.1831352219749207,156539.83544146415,0.0,0.0,0.1831352219749207,0.017087051454789393,0.0002919673274186203,0.05,1.0,-85772.96693592085,-1765.2306763489178,1765.2306763489178,-574197.2818744779,-32987.015856624814,32987.015856624814,-3479999.9999999995,-60000.0,60000.0,0.0,0.0,-0.0,0.0,0.0,-0.0,7096085.590099992,118401.30760000087,-118401.30760000087,-2100117.195157972,5018.896444464102,-5018.896444464102,0.5,0.8670870661735535,0.5,0.5,8670871.0,286.29150390625,473.1572265625,313.16363525390625,-150000000.0,0.0,0.0,67689656.0,-13395169.0,-13395169.0,-142108736.0,-142108736.0,237814240.0,-0.0,0.0,0.85,1.0,-1.0,1.0,True,True,False,,0,0
28638000.0,58,0.14894723712313807,False,False,ok,,,True,1.0,0.0,1,0.0,1.0,0.0,0.0,879314.3221203437,23316.175988716772,0.14894723712313807,-23316.175988716772,-0.14894723712313807,156539.83544146415,0.0,0.0,0.14894723712313807,0.02589197885030603,0.0006703945687846947,0.05,1.0,-92830.42631721581,-7057.459381294961,7057.459381294961,-610478.080667932,-36280.79879345419,36280.79879345419,-3539999.9999999995,-60000.0,60000.0,0.0,0.0,-0.0,0.0,0.0,-0.0,7214992.712199988,118907.12209999561,-118907.12209999561,-2092369.8830945059,7747.312063466292,-7747.312063466292,0.5,0.8758919835090637,0.5,0.5,8758920.0,289.19866943359375,473.1572265625,313.16363525390625,-150000000.0,0.0,0.0,86807440.0,-29526250.0,-29526250.0,-148791344.0,-148791344.0,241510144.0,-0.0,0.0,0.85,1.0,-1.0,1.0,True,True,False,,0,0
28641600.0,59,0.1320610644849594,False,False,ok,,,True,1.0,0.0,1,0.0,1.0,0.0,0.0,899987.1394230438,20672.817302700132,0.1320610644849594,-20672.817302700132,-0.1320610644849594,156539.83544146415,0.0,0.0,0.1320610644849594,0.03182572167687403,0.0010128765602538496,0.05,1.0,-105577.17141002156,-12746.745092805751,12746.745092805751,-646855.4531577106,-36377.37248977856,36377.37248977856,-3599999.9999999995,-60000.0,60000.0,0.0,0.0,-0.0,0.0,0.0,-0.0,7335747.785599988,120755.07340000011,-120755.07340000011,-2083328.0216092211,9041.861485284753,-9041.861485284753,0.5,0.8818257451057434,0.5,0.5,8818257.0,291.1578369140625,473.1572265625,313.16363525390625,-150000000.0,0.0,0.0,80747776.0,-45532440.0,-45532440.0,-141484000.0,-141484000.0,256268672.0,-0.0,0.0,0.85,1.0,-1.0,1.0,True,True,False,,0,0
28645200.0,60,0.162273923617189,False,False,ok,,,True,1.0,0.0,1,0.0,1.0,0.0,0.0,925389.4727225193,25402.33329947549,0.162273923617189,-25402.33329947549,-0.162273923617189,156539.83544146415,0.0,0.0,0.162273923617189,0.03503422604838202,0.0012273969948091293,0.05,1.0,-122780.68426928415,-17203.512859262584,17203.512859262584,-679883.6355404153,-33028.18238270469,33028.18238270469,-3659999.9999999995,-60000.0,60000.0,0.0,0.0,-0.0,0.0,0.0,-0.0,7463882.11834999,128134.33275000192,-128134.33275000192,-2075828.3258177782,7499.6957914428785,-7499.6957914428785,0.5,0.8850342035293579,0.5,0.5,8850342.0,292.2171936035156,473.1572265625,313.16363525390625,-150000000.0,0.0,0.0,65497064.0,-53719440.0,-53719440.0,-120550688.0,-120550688.0,258773072.0,-0.0,0.0,0.85,1.0,-1.0,1.0,True,True,False,,0,0
28648800.0,61,0.18914021521334812,False,False,ok,,,True,1.0,0.0,1,0.0,1.0,0.0,0.0,954997.4508873799,29607.97816486063,0.18914021521334812,-29607.97816486063,-0.18914021521334812,156539.83544146415,0.0,0.0,0.18914021521334812,0.03587976169312879,0.001287357299155712,0.05,1.0,-140747.54620318703,-17966.86193390288,17966.86193390288,-706663.2628490961,-26779.627308680792,26779.627308680792,-3719999.9999999995,-60000.0,60000.0,0.0,0.0,-0.0,0.0,0.0,-0.0,7593268.652549993,129386.53420000337,-129386.53420000337,-2070860.3926103336,4967.933207444614,-4967.933207444614,0.5,0.8858797550201416,0.5,0.5,8858798.0,292.4963684082031,473.1572265625,313.16363525390625,-150000000.0,0.0,0.0,40057796.0,-48474824.0,-48474824.0,-90503072.0,-90503072.0,248920096.0,-0.0,0.0,0.85,1.0,-1.0,1.0,True,True,False,,0,0
28652400.0,62,0.20859966824411527,False,False,ok,,,True,1.0,0.0,1,0.0,1.0,0.0,0.0,987651.6086274578,32654.15774007782,0.20859966824411527,-32654.15774007782,-0.20859966824411527,156539.83544146415,0.0,0.0,0.20859966824411527,0.03475759093773256,0.0012080901277947487,0.05,1.0,-155109.16618852876,-14361.619985341735,14361.619985341735,-724809.9212530286,-18146.658403932466,18146.658403932466,-3779999.9999999995,-60000.0,60000.0,0.0,0.0,-0.0,0.0,0.0,-0.0,7717728.70284999,124460.05029999651,-124460.05029999651,-2070158.0067809816,702.3858293520752,-702.3858293520752,0.5,0.8847575783729553,0.5,0.5,8847576.0,292.1258544921875,473.1572265625,313.16363525390625,-150000000.0,0.0,0.0,-5413656.5,-32574820.0,-32574820.0,-50370192.0,-50370192.0,238358672.0,-0.0,0.0,0.85,1.0,-1.0,1.0,True,True,False,,0,0
28656000.0,63,0.1320794082054146,False,False,ok,,,True,1.0,0.0,1,0.0,1.0,0.0,0.0,1008327.2974531393,20675.688825681573,0.1320794082054146,-20675.688825681573,-0.1320794082054146,156539.83544146415,0.0,0.0,0.1320794082054146,0.03127098268384598,0.0009778743580133953,0.05,1.0,-159759.43912378055,-4650.272935251793,4650.272935251793,-732802.7300891011,-7992.808836072567,7992.808836072567,-3839999.9999999995,-60000.0,60000.0,0.0,0.0,-0.0,0.0,0.0,-0.0,7836908.038199993,119179.3353500031,-119179.3353500031,-2096018.5715339754,-25860.564752993872,25860.564752993872,0.5,0.8812710046768188,0.5,0.5,8812710.0,290.97467041015625,473.1572265625,313.16363525390625,-150000000.0,0.0,0.0,-73721336.0,0.0,0.0,-9069150.0,-9069150.0,232790496.0,-0.0,0.0,0.85,1.0,-1.0,1.0,True,True,False,,0,0
28659600.0,64,0.054156344874131665,False,False,ok,,,True,1.0,0.0,1,0.0,1.0,0.0,0.0,1016804.9227678471,8477.625314707751,0.054156344874131665,-8477.625314707751,-0.054156344874131665,156539.83544146415,0.0,0.0,0.054156344874131665,0.024962541707552077,0.000623128488501277,0.05,1.0,-159759.43912378055,0.0,-0.0,-734057.4974138924,-1254.7673247912899,1254.7673247912899,-3899999.9999999995,-60000.0,60000.0,0.0,0.0,-0.0,0.0,0.0,-0.0,7953303.282899989,116395.24469999596,-116395.24469999596,-2142681.4235944767,-46662.85206050123,46662.85206050123,0.5,0.874962568283081,0.5,0.5,8749625.0,288.8917541503906,473.1572265625,313.16363525390625,-150000000.0,0.0,0.0,-86068432.0,0.0,0.0,-0.0,-0.0,236068432.0,-0.0,0.0,0.85,1.0,-1.0,1.0,True,True,False,,0,0
28663200.0,65,0.04084044570489311,False,False,ok,,,True,1.0,0.0,1,0.0,1.0,0.0,0.0,1023198.0794178471,6393.156650000019,0.04084044570489311,-6393.156650000019,-0.04084044570489311,156539.83544146415,0.0,0.0,0.04084044570489311,0.01834396235994218,0.0003365009550629754,0.05,1.0,-159759.43912378055,0.0,-0.0,-734057.4974138924,0.0,-0.0,-3959999.9999999995,-60000.0,60000.0,0.0,0.0,-0.0,0.0,0.0,-0.0,8071337.499649992,118034.2167500034,-118034.2167500034,-2194322.483694479,-51641.060100002214,51641.060100002214,0.5,0.8683439493179321,0.5,0.5,8683440.0,286.7064514160156,473.1572265625,313.16363525390625,-150000000.0,0.0,0.0,-102307304.0,0.0,0.0,-0.0,-0.0,252307296.0,-0.0,0.0,0.85,1.0,-1.0,1.0,True,True,False,,0,0
28666800.0,66,0.030466812722463057,False,False,ok,,,True,1.0,0.0,1,0.0,1.0,0.0,0.0,1027967.3492678474,4769.269850000273,0.030466812722463057,-4769.269850000273,-0.030466812722463057,156539.83544146415,0.0,0.0,0.030466812722463057,0.013842155179423443,0.00019160526001123926,0.05,1.0,-159759.43912378055,0.0,-0.0,-734057.4974138924,0.0,-0.0,-4019999.9999999995,-60000.0,60000.0,0.0,0.0,-0.0,0.0,0.0,-0.0,8197491.1503999885,126153.6507499963,-126153.6507499963,-2255706.864594477,-61384.38089999836,61384.38089999836,0.5,0.8638421297073364,0.5,0.5,8638422.0,285.2200622558594,473.1572265625,313.16363525390625,-150000000.0,0.0,0.0,-100450784.0,0.0,0.0,-0.0,-0.0,250450784.0,-0.0,0.0,0.85,1.0,-1.0,1.0,True,True,False,,0,0
28670400.0,67,0.03165278535029716,False,False,ok,,,True,1.0,0.0,1,0.0,1.0,0.0,0.0,1032922.2710778469,4954.921809999505,0.03165278535029716,-4954.921809999505,-0.03165278535029716,156539.83544146415,0.0,0.0,0.03165278535029716,0.011433438355812675,0.00013072351263616845,0.05,1.0,-159759.43912378055,0.0,-0.0,-734057.4974138924,0.0,-0.0,-4079999.9999999995,-60000.0,60000.0,0.0,0.0,-0.0,0.0,0.0,-0.0,8322716.541349992,125225.39095000364,-125225.39095000364,-2315977.333734478,-60270.46914000064,60270.46914000064,0.5,0.8614334464073181,0.5,0.5,8614334.0,284.42474365234375,473.1572265625,313.16363525390625,-150000000.0,0.0,0.0,-95882912.0,0.0,0.0,-0.0,-0.0,245882912.0,-0.0,0.0,0.85,1.0,-1.0,1.0,True,True,False,,0,0
28674000.0,68,0.03457081084018515,False,False,ok,,,True,1.0,0.0,1,0.0,1.0,0.0,0.0,1038333.9801178474,5411.709040000569,0.03457081084018515,-5411.709040000569,-0.03457081084018515,156539.83544146415,0.0,0.0,0.03457081084018515,0.010492113159639938,0.00011008443855468955,0.05,1.0,-159759.43912378055,0.0,-0.0,-734057.4974138924,0.0,-0.0,-4139999.9999999995,-60000.0,60000.0,0.0,0.0,-0.0,0.0,0.0,-0.0,8445657.996149993,122941.45480000041,-122941.45480000041,-2373507.079494479,-57529.74576000124,57529.74576000124,0.5,0.8604921102523804,0.5,0.5,8604921.0,284.11395263671875,473.1572265625,313.16363525390625,-150000000.0,0.0,0.0,-105123392.0,0.0,0.0,-0.0,-0.0,255123392.0,-0.0,0.0,0.85,1.0,-1.0,1.0,True,True,False,,0,0
28677600.0,69,0.028667851907113896,False,False,ok,,,True,1.0,0.0,1,0.0,1.0,0.0,0.0,1042821.6409378473,4487.660819999874,0.028667851907113896,-4487.660819999874,-0.028667851907113896,156539.83544146415,0.0,0.0,0.028667851907113896,0.009673260208234002,9.357196305620334e-05,0.05,1.0,-159759.43912378055,0.0,-0.0,-734057.4974138924,0.0,-0.0,-4199999.999999999,-59999.999999999534,59999.999999999534,0.0,0.0,-0.0,0.0,0.0,-0.0,8573219.692049993,127561.69590000063,-127561.69590000063,-2436581.11457448,-63074.03508000076,63074.03508000076,0.5,0.859673261642456,0.5,0.5,8596733.0,283.8435974121094,473.1572265625,313.16363525390625,-150000000.0,0.0,0.0,-93988920.0,0.0,0.0,-0.0,-0.0,243988912.0,-0.0,0.0,0.85,1.0,-1.0,1.0,True,True,False,,0,0
28681200.0,70,0.03578072005892023,False,False,ok,,,True,1.0,0.0,1,0.0,1.0,0.0,0.0,1048422.7489678478,5601.108030000469,0.03578072005892023,-5601.108030000469,-0.03578072005892023,156539.83544146415,0.0,0.0,0.03578072005892023,0.0081688285456889,6.672975980886183e-05,0.05,1.0,-159759.43912378055,0.0,-0.0,-734057.4974138924,0.0,-0.0,-4259999.999999999,-60000.0,60000.0,0.0,0.0,-0.0,0.0,0.0,-0.0,8695214.151899999,121994.4598500058,-121994.4598500058,-2492974.4663944794,-56393.351819999516,56393.351819999516,0.5,0.8581688404083252,0.5,0.5,8581688.0,283.34686279296875,473.1572265625,313.16363525390625,-150000000.0,0.0,0.0,-89671216.0,0.0,0.0,-0.0,-0.0,239671216.0,-0.0,0.0,0.85,1.0,-1.0,1.0,True,True,False,,0,0
28684800.0,71,0.03853893613076461,False,False,ok,,,True,1.0,0.0,1,0.0,1.0,0.0,0.0,1054455.6276878468,6032.878719998989,0.03853893613076461,-6032.878719998989,-0.03853893613076461,156539.83544146415,0.0,0.0,0.03853893613076461,0.006166515395568339,3.8025912123781354e-05,0.05,1.0,-159759.43912378055,0.0,-0.0,-734057.4974138924,0.0,-0.0,-4319999.999999999,-60000.0,60000.0,0.0,0.0,-0.0,0.0,0.0,-0.0,8815049.758299997,119835.60639999807,-119835.60639999807,-2546777.194074481,-53802.72768000141,53802.72768000141,0.5,0.8561665415763855,0.5,0.5,8561665.0,282.68572998046875,473.1572265625,313.16363525390625,-150000000.0,0.0,0.0,-97617664.0,0.0,0.0,-0.0,-0.0,247617664.0,-0.0,0.0,0.85,1.0,-1.0,1.0,True,True,False,,0,0
28688400.0,72,0.03346262556893453,False,False,ok,,,True,1.0,0.0,1,0.0,1.0,0.0,0.0,1059693.8615878471,5238.233900000341,0.03346262556893453,-5238.233900000341,-0.03346262556893453,156539.83544146415,0.0,0.0,0.03346262556893453,0.003977324410846861,1.581910946911833e-05,0.05,1.0,-159759.43912378055,0.0,-0.0,-734057.4974138924,0.0,-0.0,-4379999.999999999,-60000.0,60000.0,0.0,0.0,-0.0,0.0,0.0,-0.0,8938858.5888,123808.83050000295,-123808.83050000295,-2605347.7906744787,-58570.59659999795,58570.59659999795,0.5,0.8539773225784302,0.5,0.5,8539773.0,281.9629211425781,473.1572265625,313.16363525390625,-150000000.0,0.0,0.0,-99186288.0,0.0,0.0,-0.0,-0.0,249186288.0,-0.0,0.0,0.85,1.0,-1.0,1.0,True,True,False,,0,0
28692000.0,73,0.03246056076186793,False,False,ok,,,True,1.0,0.0,1,0.0,1.0,0.0,0.0,1064775.2324278476,5081.370840000454,0.03246056076186793,-5081.370840000454,-0.03246056076186793,156539.83544146415,0.0,0.0,0.03246056076186793,0.0018553150221439774,3.442193831393107e-06,0.05,1.0,-159759.43912378055,0.0,-0.0,-734057.4974138924,0.0,-0.0,-4439999.999999999,-60000.0,60000.0,0.0,0.0,-0.0,0.0,0.0,-0.0,9063451.73459999,124593.14579999074,-124593.14579999074,-2664859.5656344807,-59511.77496000193,59511.77496000193,0.5,0.8518553376197815,0.5,0.5,8518553.0,281.2622985839844,473.1572265625,313.16363525390625,-150000000.0,0.0,0.0,-80524616.0,0.0,0.0,-0.0,-0.0,230524624.0,-0.0,0.0,0.85,1.0,-1.0,1.0,True,True,False,,0,0
28695600.0,74,0.0443819179342196,False,False,ok,,,True,1.0,0.0,1,0.0,1.0,0.0,0.0,1071722.7705578469,6947.538129999302,0.0443819179342196,-6947.538129999302,-0.0443819179342196,156539.83544146415,0.0,0.0,0.0443819179342196,0.00011525756785280006,1.3284306947342809e-08,0.05,1.0,-159759.43912378055,0.0,-0.0,-734057.4974138924,0.0,-0.0,-4499999.999999999,-60000.0,60000.0,0.0,0.0,-0.0,0.0,0.0,-0.0,9178714.04394999,115262.30934999883,-115262.30934999883,-2713174.33685448,-48314.77121999953,48314.77121999953,0.5,0.8501152396202087,0.5,0.5,8501153.0,280.6877746582031,473.1572265625,313.16363525390625,-150000000.0,0.0,0.0,-81102128.0,0.0,0.0,-0.0,-0.0,231102128.0,-0.0,0.0,0.85,1.0,-1.0,1.0,True,True,False,,0,0
28699200.0,75,0.04401299605668853,False,False,ok,,,True,1.0,0.0,1,0.0,1.0,0.0,0.0,1078612.5577178467,6889.7871599998325,0.04401299605668853,-6889.7871599998325,-0.04401299605668853,156539.83544146415,0.0,0.0,0.04401299605668853,0.0011717342162659294,1.372961073568332e-06,0.05,1.0,-159759.43912378055,0.0,-0.0,-734057.4974138924,0.0,-0.0,-4559999.999999999,-60000.0,60000.0,0.0,0.0,-0.0,0.0,0.0,-0.0,9294265.108149981,115551.06419999152,-115551.06419999152,-2761835.613894481,-48661.277040001005,48661.277040001005,0.5,0.8488282561302185,0.5,0.5,8488283.0,280.2628173828125,473.1572265625,313.16363525390625,-150000000.0,0.0,0.0,-81654120.0,0.0,0.0,-0.0,-0.0,231654128.0,-0.0,0.0,0.85,1.0,-1.0,1.0,True,True,False,,0,0
28702800.0,76,0.04366037316141548,False,False,ok,,,True,1.0,0.0,1,0.0,1.0,0.0,0.0,1085447.1453478476,6834.587630000897,0.04366037316141548,-6834.587630000897,-0.04366037316141548,156539.83544146415,0.0,0.0,0.04366037316141548,0.0022633146801398496,5.12259334133655e-06,0.05,1.0,-159759.43912378055,0.0,-0.0,-734057.4974138924,0.0,-0.0,-4619999.999999999,-60000.0,60000.0,0.0,0.0,-0.0,0.0,0.0,-0.0,9410092.169999981,115827.06185000017,-115827.06185000017,-2810828.0881144805,-48992.474219999276,48992.474219999276,0.5,0.847736656665802,0.5,0.5,8477367.0,279.90240478515625,473.1572265625,313.16363525390625,-150000000.0,0.0,0.0,-81919504.0,0.0,0.0,-0.0,-0.0,231919504.0,-0.0,0.0,0.85,1.0,-1.0,1.0,True,True,False,,0,0
28706400.0,77,0.0491470169095949,False,False,ok,,,True,1.0,0.0,1,0.0,1.0,0.0,0.0,1093140.6112873144,7693.4659394668415,0.0491470169095949,-7693.4659394668415,-0.0491470169095949,156539.83544146415,0.0,0.0,0.0491470169095949,0.003585998761879816,1.2859387120203574e-05,0.05,1.0,-159759.43912378055,0.0,-0.0,-734689.9379063688,-632.4404924763367,632.4404924763367,-4679999.999999999,-60000.0,60000.0,0.0,0.0,-0.0,0.0,0.0,-0.0,9526051.923749985,115959.75375000387,-115959.75375000387,-2858461.9354325375,-47633.84731805697,47633.84731805697,0.5,0.8464140295982361,0.5,0.5,8464140.0,279.4656982421875,473.1572265625,313.16363525390625,-150000000.0,0.0,0.0,-76515688.0,0.0,0.0,-5625516.5,-5625516.5,232141200.0,-0.0,0.0,0.85,1.0,-1.0,1.0,True,True,False,,0,0
28710000.0,78,0.08900485883395959,False,False,ok,,,True,1.0,0.0,1,0.0,1.0,0.0,0.0,1107073.4172426732,13932.805955358781,0.08900485883395959,-13932.805955358781,-0.08900485883395959,156539.83544146415,0.0,0.0,0.08900485883395959,0.00428539657823479,1.836462383274645e-05,0.05,1.0,-159759.43912378055,0.0,-0.0,-739794.8851244823,-5104.947218113579,5104.947218113579,-4739999.999999999,-60000.0,60000.0,0.0,0.0,-0.0,0.0,0.0,-0.0,9642122.524499984,116070.60074999928,-116070.60074999928,-2895494.783009066,-37032.84757652832,37032.84757652832,0.5,0.8457146286964417,0.5,0.5,8457146.0,279.2347717285156,473.1572265625,313.16363525390625,-150000000.0,0.0,0.0,-70595240.0,0.0,0.0,-38348024.0,-38348024.0,258943264.0,-0.0,0.0,0.85,1.0,-1.0,1.0,True,True,False,,0,0
28713600.0,79,0.1602850625606287,False,False,ok,,,True,1.0,0.0,1,0.0,1.0,0.0,0.0,1132164.4145596388,25090.9973169656,0.1602850625606287,-25090.9973169656,-0.1602850625606287,156539.83544146415,0.0,0.0,0.1602850625606287,0.0019548679481249387,3.821508694606208e-06,0.05,1.0,-159759.43912378055,0.0,-0.0,-754784.4017794578,-14989.51665497548,14989.51665497548,-4799999.999999999,-60000.0,60000.0,0.0,0.0,-0.0,0.0,0.0,-0.0,9771594.15449999,129471.63000000641,-129471.63000000641,-2924885.8990371246,-29391.11602805881,29391.11602805881,0.5,0.8480451107025146,0.5,0.5,8480451.0,280.0042419433594,473.1572265625,313.16363525390625,-150000000.0,0.0,0.0,3327413.75,0.0,0.0,-85822104.0,-85822104.0,232494688.0,-0.0,0.0,0.85,1.0,-1.0,1.0,True,True,False,,0,0
28717200.0,80,0.20492834962497186,False,False,ok,,,True,1.0,0.0,1,0.0,1.0,0.0,0.0,1164243.8646872228,32079.45012758393,0.20492834962497186,-32079.45012758393,-0.20492834962497186,156539.83544146415,0.0,0.0,0.20492834962497186,0.00410362413943377,1.6839731077743552e-05,0.05,1.0,-161089.07719537764,-1329.6380715970881,1329.6380715970881,-779732.2074339637,-24947.80565450585,24947.80565450585,-4859999.999999999,-60000.0,60000.0,0.0,0.0,-0.0,0.0,0.0,-0.0,9887841.49824999,116247.34375,-116247.34375,-2922776.3489334374,2109.5501036872156,-2109.5501036872156,0.5,0.8541036248207092,0.5,0.5,8541036.0,282.0046081542969,473.1572265625,313.16363525390625,-150000000.0,0.0,0.0,35925204.0,-13081150.0,-13081150.0,-116501992.0,-116501992.0,243657936.0,-0.0,0.0,0.85,1.0,-1.0,1.0,True,True,False,,0,0
28720800.0,81,0.1558515649496017,False,False,ok,,,True,1.0,0.0,1,0.0,1.0,0.0,0.0,1188640.843017728,24396.978330505313,0.1558515649496017,-24396.978330505313,-0.1558515649496017,156539.83544146415,0.0,0.0,0.1558515649496017,0.012812116070377466,0.00016415031820082453,0.05,1.0,-174153.3901025719,-13064.312907194253,13064.312907194253,-810956.4487555097,-31224.241321546026,31224.241321546026,-4919999.999999999,-60000.0,60000.0,0.0,0.0,-0.0,0.0,0.0,-0.0,10009670.467249991,121828.9690000005,-121828.9690000005,-2915919.785374192,6856.563559245318,-6856.563559245318,0.5,0.8628121018409729,0.5,0.5,8628121.0,284.87994384765625,473.1572265625,313.16363525390625,-150000000.0,0.0,0.0,103825208.0,-77526744.0,-77526744.0,-134984336.0,-134984336.0,258685872.0,-0.0,0.0,0.85,1.0,-1.0,1.0,True,True,False,,0,0
28724400.0,82,0.07390807974016232,False,False,ok,,,True,1.0,0.0,1,0.0,1.0,0.0,0.0,1200210.4016580477,11569.558640319621,0.07390807974016232,-11569.558640319621,-0.07390807974016232,156539.83544146415,0.0,0.0,0.07390807974016232,0.022227958237281076,0.0004940821273983116,0.05,1.0,-210429.67850185247,-36276.28839928057,36276.28839928057,-845945.0376701199,-34988.58891461021,34988.58891461021,-4979999.999999999,-60000.0,60000.0,0.0,0.0,-0.0,0.0,0.0,-0.0,10139013.400449993,129342.93320000172,-129342.93320000172,-2902428.282619982,13491.502754210029,-13491.502754210029,0.5,0.8722279667854309,0.5,0.5,8722280.0,287.9888000488281,473.1572265625,313.16363525390625,-150000000.0,0.0,0.0,190391680.0,-139686128.0,-139686128.0,-145964624.0,-145964624.0,245259072.0,-0.0,0.0,0.85,1.0,-1.0,1.0,True,True,False,,0,0
28728000.0,83,-0.04696852785691927,False,False,ok,,,True,1.0,0.0,1,0.0,1.0,0.0,0.0,1192857.9560363977,-7352.4456216499675,-0.04696852785691927,7352.4456216499675,0.04696852785691927,156539.83544146415,0.0,0.0,-0.04696852785691927,0.030172522330136453,0.0009103811037625829,0.05,1.0,-265337.7493004136,-54908.07079856112,54908.07079856112,-881338.4142888691,-35393.37661874923,35393.37661874923,-5039999.999999999,-60000.0,60000.0,0.0,0.0,-0.0,0.0,0.0,-0.0,10261642.939099984,122629.53864999115,-122629.53864999115,-2882108.8194743223,20319.46314565977,-20319.46314565977,0.5,0.8801725506782532,0.5,0.5,8801725.0,290.61187744140625,473.1572265625,313.16363525390625,-150000000.0,0.0,0.0,228935088.0,-179027360.0,-179027360.0,-136216976.0,-136216976.0,236309248.0,-0.0,0.0,0.85,1.0,-1.0,1.0,True,True,False,,0,0
28731600.0,84,-0.1067993235605611,False,False,ok,,,True,1.0,0.0,1,0.0,1.0,0.0,0.0,1176139.6075009678,-16718.34853542992,-0.1067993235605611,16718.34853542992,0.1067993235605611,156539.83544146415,0.0,0.0,-0.1067993235605611,0.03577697499706578,0.00127999193994067,0.05,1.0,-331203.6904694784,-65865.94116906478,65865.94116906478,-913329.9955895086,-31991.58130063943,31991.58130063943,-5099999.999999999,-60000.0,60000.0,0.0,0.0,-0.0,0.0,0.0,-0.0,10379797.565449977,118154.62634999305,-118154.62634999305,-2859124.2718900484,22984.547584273852,-22984.547584273852,0.5,0.8857769966125488,0.5,0.5,8857770.0,292.46234130859375,473.1572265625,313.16363525390625,-150000000.0,0.0,0.0,207539088.0,-199648352.0,-199648352.0,-117844328.0,-117844328.0,259953584.0,-0.0,0.0,0.85,1.0,-1.0,1.0,True,True,False,,0,0
28735200.0,85,-0.04318464465061313,False,False,ok,,,True,1.0,0.0,1,0.0,1.0,0.0,0.0,1169379.4903337627,-6760.117167205084,-0.04318464465061313,6760.117167205084,0.04318464465061313,156539.83544146415,0.0,0.0,-0.04318464465061313,0.038624846399099355,0.0014918787593540183,0.05,1.0,-401868.9293280216,-70665.23885854322,70665.23885854322,-938773.9661794419,-25443.970589933335,25443.970589933335,-5159999.999999999,-60000.0,60000.0,0.0,0.0,-0.0,0.0,0.0,-0.0,10509774.360199979,129976.79475000128,-129976.79475000128,-2839751.974358777,19372.297531271353,-19372.297531271353,0.5,0.8886248469352722,0.5,0.5,8886248.0,293.40264892578125,473.1572265625,313.16363525390625,-150000000.0,0.0,0.0,177473776.0,-204668176.0,-204668176.0,-81902928.0,-81902928.0,259097312.0,-0.0,0.0,0.85,1.0,-1.0,1.0,True,True,False,,0,0
28738800.0,86,0.010096441565702483,False,False,ok,,,True,1.0,0.0,1,0.0,1.0,0.0,0.0,1170959.9856350021,1580.4953012394253,0.010096441565702483,-1580.4953012394253,-0.010096441565702483,156539.83544146415,0.0,0.0,0.010096441565702483,0.038321600830967695,0.0014685450902480238,0.05,1.0,-468329.9692225359,-66461.03989451431,66461.03989451431,-954751.0672220024,-15977.101042560535,15977.101042560535,-5219999.999999999,-60000.0,60000.0,0.0,0.0,-0.0,0.0,0.0,-0.0,10639323.019299971,129548.65909999236,-129548.65909999236,-2825281.997220463,14469.97713831393,-14469.97713831393,0.5,0.888321578502655,0.5,0.5,8883216.0,293.3025207519531,473.1572265625,313.16363525390625,-150000000.0,0.0,0.0,113842504.0,-172469552.0,-172469552.0,-41567400.0,-41567400.0,250194448.0,-0.0,0.0,0.85,1.0,-1.0,1.0,True,True,False,,0,0
28742400.0,87,0.12239220408053224,False,False,ok,,,True,1.0,0.0,1,0.0,1.0,0.0,0.0,1190119.2411210868,19159.255486084614,0.12239220408053224,-19159.255486084614,-0.12239220408053224,156539.83544146415,0.0,0.0,0.12239220408053224,0.0352770056903422,0.001244467130476436,0.05,1.0,-513004.56458800344,-44674.59536546754,44674.59536546754,-961315.5810226251,-6564.5138006226625,6564.5138006226625,-5279999.999999999,-60000.0,60000.0,0.0,0.0,-0.0,0.0,0.0,-0.0,10764420.24184998,125097.22255000845,-125097.22255000845,-2819980.8551182887,5301.142102174461,-5301.142102174461,0.5,0.8852770328521729,0.5,0.5,8852770.0,292.2972412109375,473.1572265625,313.16363525390625,-150000000.0,0.0,0.0,5716134.5,-80720896.0,-80720896.0,-7290403.5,-7290403.5,232295168.0,-0.0,0.0,0.85,1.0,-1.0,1.0,True,True,False,,0,0
28746000.0,88,0.14802835832434455,False,False,ok,,,True,1.0,0.0,1,0.0,1.0,0.0,0.0,1213291.5759738497,23172.334852762986,0.14802835832434455,-23172.334852762986,-0.14802835832434455,156539.83544146415,0.0,0.0,0.14802835832434455,0.03073316908181889,0.0009445276818116686,0.05,1.0,-534409.1792177695,-21404.61462976609,21404.61462976609,-962321.5303428074,-1005.9493201823207,1005.9493201823207,-5339999.999999999,-60000.0,60000.0,0.0,0.0,-0.0,0.0,0.0,-0.0,10880567.825849986,116147.58400000632,-116147.58400000632,-2830545.540315577,-10564.68519728817,10564.68519728817,0.5,0.8807331919670105,0.5,0.5,8807332.0,290.7969970703125,473.1572265625,313.16363525390625,-150000000.0,0.0,0.0,-46125520.0,-40225284.0,-40225284.0,-0.0,-0.0,236350800.0,-0.0,0.0,0.85,1.0,-1.0,1.0,True,True,False,,0,0
28749600.0,89,0.09697863460964819,False,False,ok,,,True,1.0,0.0,1,0.0,1.0,0.0,0.0,1228472.595476982,15181.019503132207,0.09697863460964819,-15181.019503132207,-0.09697863460964819,156539.83544146415,0.0,0.0,0.09697863460964819,0.026171036026528705,0.0006849231267018633,0.05,1.0,-546751.7191241543,-12342.539906384773,12342.539906384773,-962321.5303428074,0.0,-0.0,-5399999.999999999,-60000.0,60000.0,0.0,0.0,-0.0,0.0,0.0,-0.0,10998743.22799999,118175.4021500051,-118175.4021500051,-2861197.38305606,-30651.842740483116,30651.842740483116,0.5,0.8761710524559021,0.5,0.5,8761710.0,289.2906799316406,473.1572265625,313.16363525390625,-150000000.0,0.0,0.0,-51846480.0,-29526250.0,-29526250.0,-0.0,-0.0,231372736.0,-0.0,0.0,0.85,1.0,-1.0,1.0,True,True,False,,0,0
28753200.0,90,0.08535002731610063,False,False,ok,,,True,1.0,0.0,1,0.0,1.0,0.0,0.0,1241833.2747079688,13360.679230986862,0.08535002731610063,-13360.679230986862,-0.08535002731610063,156539.83544146415,0.0,0.0,0.08535002731610063,0.022374495404284822,0.0005006180445963626,0.05,1.0,-555848.8525975355,-9097.133473381167,9097.133473381167,-962321.5303428074,0.0,-0.0,-5459999.999999999,-60000.0,60000.0,0.0,0.0,-0.0,0.0,0.0,-0.0,11114429.594249984,115686.36624999344,-115686.36624999344,-2894425.936601692,-33228.553545631934,33228.553545631934,0.5,0.8723744750022888,0.5,0.5,8723745.0,288.0371398925781,473.1572265625,313.16363525390625,-150000000.0,0.0,0.0,-73288832.0,-21882482.0,-21882482.0,-0.0,-0.0,245171312.0,-0.0,0.0,0.85,1.0,-1.0,1.0,True,True,False,,0,0
28756800.0,91,0.061817723291980244,False,False,ok,,,True,1.0,0.0,1,0.0,1.0,0.0,0.0,1251510.2109394614,9676.936231492553,0.061817723291980244,-9676.936231492553,-0.061817723291980244,156539.83544146415,0.0,0.0,0.061817723291980244,0.01924938917315233,0.0003705389835394742,0.05,1.0,-561720.5471976255,-5871.694600090035,5871.694600090035,-962321.5303428074,0.0,-0.0,-5519999.999999999,-60000.0,60000.0,0.0,0.0,-0.0,0.0,0.0,-0.0,11237015.250949988,122585.65670000389,-122585.65670000389,-2941462.962470109,-47037.02586841723,47037.02586841723,0.5,0.8692494034767151,0.5,0.5,8692494.0,287.00531005859375,473.1572265625,313.16363525390625,-150000000.0,0.0,0.0,-97391280.0,-11113502.0,-11113502.0,-0.0,-0.0,258504784.0,-0.0,0.0,0.85,1.0,-1.0,1.0,True,True,False,,0,0
28760400.0,92,0.036298058694811675,False,False,ok,,,True,1.0,0.0,1,0.0,1.0,0.0,0.0,1257192.3030743918,5682.092134930426,0.036298058694811675,-5682.092134930426,-0.036298058694811675,156539.83544146415,0.0,0.0,0.036298058694811675,0.01642002499686801,0.0002696172208977703,0.05,1.0,-563866.1461565285,-2145.5989589029923,2145.5989589029923,-962321.5303428074,0.0,-0.0,-5579999.999999999,-60000.0,60000.0,0.0,0.0,-0.0,0.0,0.0,-0.0,11366267.64369998,129252.39274999127,-129252.39274999127,-3002887.664126276,-61424.70165616693,61424.70165616693,0.5,0.8664200305938721,0.5,0.5,8664200.0,286.07110595703125,473.1572265625,313.16363525390625,-150000000.0,0.0,0.0,-96377120.0,-949711.5,-949711.5,-0.0,-0.0,247326832.0,-0.0,0.0,0.85,1.0,-1.0,1.0,True,True,False,,0,0
28764000.0,93,0.03411941991877118,False,False,ok,,,True,1.0,0.0,1,0.0,1.0,0.0,0.0,1262533.3514538344,5341.048379442655,0.03411941991877118,-5341.048379442655,-0.03411941991877118,156539.83544146415,0.0,0.0,0.03411941991877118,0.01358279367847448,0.00018449228411200632,0.05,1.0,-563969.3706197479,-103.22446321940515,103.22446321940515,-962321.5303428074,0.0,-0.0,-5639999.999999999,-60000.0,60000.0,0.0,0.0,-0.0,0.0,0.0,-0.0,11489931.06059998,123663.41690000147,-123663.41690000147,-3061106.808183614,-58219.144057338126,58219.144057338126,0.5,0.8635827898979187,0.5,0.5,8635828.0,285.13433837890625,473.1572265625,313.16363525390625,-150000000.0,0.0,0.0,-93183392.0,0.0,0.0,-0.0,-0.0,243183392.0,-0.0,0.0,0.85,1.0,-1.0,1.0,True,True,False,,0,0
28767600.0,94,0.03629530492336148,False,False,ok,,,True,1.0,0.0,1,0.0,1.0,0.0,0.0,1268215.0125138352,5681.66106000077,0.03629530492336148,-5681.66106000077,-0.03629530492336148,156539.83544146415,0.0,0.0,0.03629530492336148,0.010786520902766106,0.00011634903318581013,0.05,1.0,-563969.3706197479,0.0,-0.0,-962321.5303428074,0.0,-0.0,-5699999.999999999,-60000.0,60000.0,0.0,0.0,-0.0,0.0,0.0,-0.0,11611522.755299972,121591.6946999915,-121591.6946999915,-3117016.841823614,-55910.03364000004,55910.03364000004,0.5,0.860786497592926,0.5,0.5,8607865.0,284.2110595703125,473.1572265625,313.16363525390625,-150000000.0,0.0,0.0,-98060120.0,0.0,0.0,-0.0,-0.0,248060128.0,-0.0,0.0,0.85,1.0,-1.0,1.0,True,True,False,,0,0
28771200.0,95,0.03317997438385782,False,False,ok,,,True,1.0,0.0,1,0.0,1.0,0.0,0.0,1273409.0002438363,5193.987730001099,0.03317997438385782,-5193.987730001099,-0.03317997438385782,156539.83544146415,0.0,0.0,0.03317997438385782,0.00804615426799149,6.474059850431767e-05,0.05,1.0,-563969.3706197479,0.0,-0.0,-962321.5303428074,0.0,-0.0,-5759999.999999999,-60000.0,60000.0,0.0,0.0,-0.0,0.0,0.0,-0.0,11735552.816649972,124030.06134999916,-124030.06134999916,-3175852.9154436123,-58836.07361999806,58836.07361999806,0.5,0.8580461740493774,0.5,0.5,8580462.0,283.3062744140625,473.1572265625,313.16363525390625,-150000000.0,0.0,0.0,-86436392.0,0.0,0.0,-0.0,-0.0,236436400.0,-0.0,0.0,0.85,1.0,-1.0,1.0,True,True,False,,0,0
28774800.0,96,0.0406053875173313,False,False,ok,,,True,1.0,0.0,1,0.0,1.0,0.0,0.0,1279765.3609238362,6356.360679999925,0.0406053875173313,-6356.360679999925,-0.0406053875173313,156539.83544146415,0.0,0.0,0.0406053875173313,0.005479497950646839,3.0024897791142908e-05,0.05,1.0,-563969.3706197479,0.0,-0.0,-962321.5303428074,0.0,-0.0,-5819999.999999999,-60000.0,60000.0,0.0,0.0,-0.0,0.0,0.0,-0.0,11853771.013249977,118218.19660000503,-118218.19660000503,-3227714.7513636127,-51861.83592000045,51861.83592000045,0.5,0.8554794788360596,0.5,0.5,8554795.0,282.45880126953125,473.1572265625,313.16363525390625,-150000000.0,0.0,0.0,-100177008.0,0.0,0.0,-0.0,-0.0,250177008.0,-0.0,0.0,0.85,1.0,-1.0,1.0,True,True,False,,0,0
28778400.0,97,0.0318276774467601,False,False,ok,,,True,1.0,0.0,1,0.0,1.0,0.0,0.0,1284747.660313836,4982.2993899998255,0.0318276774467601,-4982.2993899998255,-0.0318276774467601,156539.83544146415,0.0,0.0,0.0318276774467601,0.0030850618335058755,9.517606516554633e-06,0.05,1.0,-563969.3706197479,0.0,-0.0,-962321.5303428074,0.0,-0.0,-5879999.999999999,-60000.0,60000.0,0.0,0.0,-0.0,0.0,0.0,-0.0,11978859.51629998,125088.5030500032,-125088.5030500032,-3287820.9550236138,-60106.20366000105,60106.20366000105,0.5,0.8530850410461426,0.5,0.5,8530851.0,281.668212890625,473.1572265625,313.16363525390625,-150000000.0,0.0,0.0,-89715736.0,0.0,0.0,-0.0,-0.0,239715744.0,-0.0,0.0,0.85,1.0,-1.0,1.0,True,True,False,,0,0
28782000.0,98,0.038510491933239306,False,False,ok,,,True,1.0,0.0,1,0.0,1.0,0.0,0.0,1290776.0863838352,6028.426069999114,0.038510491933239306,-6028.426069999114,-0.038510491933239306,156539.83544146415,0.0,0.0,0.038510491933239306,0.0006272914538126839,3.9349456802643056e-07,0.05,1.0,-563969.3706197479,0.0,-0.0,-962321.5303428074,0.0,-0.0,-5939999.999999999,-60000.0,60000.0,0.0,0.0,-0.0,0.0,0.0,-0.0,12098717.385949975,119857.86964999512,-119857.86964999512,-3341650.3986036144,-53829.44358000066,53829.44358000066,0.5,0.8506273031234741,0.5,0.5,8506273.0,280.8567199707031,473.1572265625,313.16363525390625,-150000000.0,0.0,0.0,-99024288.0,0.0,0.0,-0.0,-0.0,249024288.0,-0.0,0.0,0.85,1.0,-1.0,1.0,True,True,False,,0,0
28785600.0,99,0.03256405352429533,False,False,ok,,,True,1.0,0.0,1,0.0,1.0,0.0,0.0,1295873.6579638354,5097.571580000222,0.03256405352429533,-5097.571580000222,-0.03256405352429533,156539.83544146415,0.0,0.0,0.03256405352429533,0.0016946770867587446,2.8719304283851055e-06,0.05,1.0,-563969.3706197479,0.0,-0.0,-962321.5303428074,0.0,-0.0,-5999999.999999999,-60000.0,60000.0,0.0,0.0,-0.0,0.0,0.0,-0.0,12223229.528049974,124512.14209999889,-124512.14209999889,-3401064.969123613,-59414.57051999867,59414.57051999867,0.5,0.848305344581604,0.5,0.5,8483053.0,280.0900573730469,473.1572265625,313.16363525390625,-150000000.0,0.0,0.0,-90667424.0,0.0,0.0,-0.0,-0.0,240667424.0,-0.0,0.0,0.85,1.0,-1.0,1.0,True,True,False,,0,0
28789200.0,100,0.03790254310199212,False,False,ok,,,True,1.0,0.0,1,0.0,1.0,0.0,0.0,1301806.9158238342,5933.257859998848,0.03790254310199212,-5933.257859998848,-0.03790254310199212,156539.83544146415,0.0,0.0,0.03790254310199212,0.0035355184484393565,1.2499890699255034e-05,0.05,1.0,-563969.3706197479,0.0,-0.0,-962321.5303428074,0.0,-0.0,-6059999.999999999,-60000.0,60000.0,0.0,0.0,-0.0,0.0,0.0,-0.0,12343563.238749968,120333.71069999412,-120333.71069999412,-3455465.4219636153,-54400.452840002254,54400.452840002254,0.5,0.8464644551277161,0.5,0.5,8464645.0,279.4822692871094,473.1572265625,313.16363525390625,-150000000.0,0.0,0.0,-84577464.0,0.0,0.0,-0.0,-0.0,234577456.0,-0.0,0.0,0.85,1.0,-1.0,1.0,True,True,False,,0,0
28792800.0,101,0.046861377000541396,False,False,ok,,,True,1.0,0.0,1,0.0,1.0,0.0,0.0,1309142.5880680594,7335.672244225163,0.046861377000541396,-7335.672244225163,-0.046861377000541396,156539.83544146415,0.0,0.0,0.046861377000541396,0.004983473018787987,2.4835003328987854e-05,0.05,1.0,-563969.3706197479,0.0,-0.0,-962888.2577101109,-566.7273673034506,566.7273673034506,-6119999.999999999,-60000.0,60000.0,0.0,0.0,-0.0,0.0,0.0,-0.0,12460851.969099974,117288.73035000637,-117288.73035000637,-3504851.7527020867,-49386.330738471355,49386.330738471355,0.5,0.8450165390968323,0.5,0.5,8450165.0,279.0041809082031,473.1572265625,313.16363525390625,-150000000.0,0.0,0.0,-77496640.0,0.0,0.0,-5037930.5,-5037930.5,232534576.0,-0.0,0.0,0.85,1.0,-1.0,1.0,True,True,False,,0,0
28796400.0,102,0.08945205463484164,False,False,ok,,,True,1.0,0.0,1,0.0,1.0,0.0,0.0,1323145.3979804984,14002.80991243897,0.08945205463484164,-14002.80991243897,-0.08945205463484164,156539.83544146415,0.0,0.0,0.08945205463484164,0.00431528292518224,1.862166672436939e-05,0.05,1.0,-563997.6262447551,-28.255625007208437,28.255625007208437,-968056.889440931,-5168.631730820169,5168.631730820169,-6179999.999999999,-60000.0,60000.0,0.0,0.0,-0.0,0.0,0.0,-0.0,12577119.254599975,116267.28550000116,-116267.28550000116,-3541919.34093382,-37067.588231733534,37067.588231733534,0.5,0.8456847071647644,0.5,0.5,8456847.0,279.22479248046875,473.1572265625,313.16363525390625,-150000000.0,0.0,0.0,-60965152.0,-1683995.625,-1683995.625,-39514836.0,-39514836.0,252163984.0,-0.0,0.0,0.85,1.0,-1.0,1.0,True,True,False,,0,0
28800000.0,103,0.1678406627630782,False,False,ok,,,True,1.0,0.0,1,0.0,1.0,0.0,0.0,1349419.147709817,26273.749729318544,0.1678406627630782,-26273.749729318544,-0.1678406627630782,156539.83544146415,0.0,0.0,0.1678406627630782,0.0001928919417040209,3.72073011743474e-08,0.05,1.0,-564499.1301994313,-501.50395467621274,501.50395467621274,-983151.1259186709,-15094.236477739876,15094.236477739876,-6239999.999999999,-60000.0,60000.0,0.0,0.0,-0.0,0.0,0.0,-0.0,12703201.246849967,126081.99224999174,-126081.99224999174,-3566131.8430220857,-24212.502088265494,24212.502088265494,0.5,0.84980708360672,0.5,0.5,8498071.0,280.5859069824219,473.1572265625,313.16363525390625,-150000000.0,0.0,0.0,-18654628.0,-1129793.5,-1129793.5,-85337968.0,-85337968.0,255122384.0,-0.0,0.0,0.85,1.0,-1.0,1.0,True,True,False,,0,0
28803600.0,104,0.24317647595534575,False,False,ok,,,True,1.0,0.0,1,0.0,1.0,0.0,0.0,1387485.953239102,38066.80552928499,0.24317647595534575,-38066.80552928499,-0.24317647595534575,156539.83544146415,0.0,0.0,0.24317647595534575,0.007362699853606491,5.420934913429705e-05,0.05,1.0,-566489.2513552767,-1990.1211558453506,1990.1211558453506,-1008214.6647293221,-25063.538810651167,25063.538810651167,-6299999.999999999,-60000.0,60000.0,0.0,0.0,-0.0,0.0,0.0,-0.0,12830762.441949973,127561.19510000572,-127561.19510000572,-3568572.572626304,-2440.729604218155,2440.729604218155,0.5,0.857362687587738,0.5,0.5,8573627.0,283.08056640625,473.1572265625,313.16363525390625,-150000000.0,0.0,0.0,39248344.0,-12309378.0,-12309378.0,-117963184.0,-117963184.0,241024224.0,-0.0,0.0,0.85,1.0,-1.0,1.0,True,True,False,,0,0
28807200.0,105,0.18007688190748625,False,False,ok,,,True,1.0,0.0,1,0.0,1.0,0.0,0.0,1415675.1586997118,28189.205460609868,0.18007688190748625,-28189.205460609868,-0.18007688190748625,156539.83544146415,0.0,0.0,0.18007688190748625,0.017066185934384026,0.00029125470234696717,0.05,1.0,-572640.017369935,-6150.76601465838,6150.76601465838,-1039593.1290013315,-31378.46427200944,31378.46427200944,-6359999.999999999,-60000.0,60000.0,0.0,0.0,-0.0,0.0,0.0,-0.0,12951274.552349968,120512.110399995,-120512.110399995,-3563366.247279027,5206.32534727687,-5206.32534727687,0.5,0.8670662045478821,0.5,0.5,8670662.0,286.284423828125,473.1572265625,313.16363525390625,-150000000.0,0.0,0.0,75458520.0,-24718974.0,-24718974.0,-134550992.0,-134550992.0,233811440.0,-0.0,0.0,0.85,1.0,-1.0,1.0,True,True,False,,0,0
28810800.0,106,0.13270908227062597,False,False,ok,,,True,1.0,0.0,1,0.0,1.0,0.0,0.0,1436449.4165999433,20774.257900231518,0.13270908227062597,-20774.257900231518,-0.13270908227062597,156539.83544146415,0.0,0.0,0.13270908227062597,0.02595502416025497,0.0006736632791594191,0.05,1.0,-582751.1202282083,-10111.102858273196,10111.102858273196,-1073806.633688716,-34213.50468738447,34213.50468738447,-6419999.999999999,-60000.0,60000.0,0.0,0.0,-0.0,0.0,0.0,-0.0,13068180.27364997,116905.72130000219,-116905.72130000219,-3555173.103133138,8193.144145889208,-8193.144145889208,0.5,0.8759550452232361,0.5,0.5,8759550.0,289.2192687988281,473.1572265625,313.16363525390625,-150000000.0,0.0,0.0,91721688.0,-34282140.0,-34282140.0,-139639392.0,-139639392.0,232199856.0,-0.0,0.0,0.85,1.0,-1.0,1.0,True,True,False,,0,0
28814400.0,107,0.10591780531388942,False,False,ok,,,True,1.0,0.0,1,0.0,1.0,0.0,0.0,1453029.7724141006,16580.355814157287,0.10591780531388942,-16580.355814157287,-0.10591780531388942,156539.83544146415,0.0,0.0,0.10591780531388942,0.0328432000079073,0.0010786757867594023,0.05,1.0,-597625.2049965535,-14874.08476834523,14874.08476834523,-1108265.3648932797,-34458.73120456375,34458.73120456375,-6479999.999999999,-60000.0,60000.0,0.0,0.0,-0.0,0.0,0.0,-0.0,13184280.199649965,116099.92599999532,-116099.92599999532,-3545359.85734607,9813.245787067804,-9813.245787067804,0.5,0.8828431963920593,0.5,0.5,8828432.0,291.49359130859375,473.1572265625,313.16363525390625,-150000000.0,0.0,0.0,82269904.0,-53402352.0,-53402352.0,-135634064.0,-135634064.0,256766528.0,-0.0,0.0,0.85,1.0,-1.0,1.0,True,True,False,,0,0
28818000.0,108,0.14418873429959247,False,False,ok,,,True,1.0,0.0,1,0.0,1.0,0.0,0.0,1475601.0531538718,22571.280739771202,0.14418873429959247,-22571.280739771202,-0.14418873429959247,156539.83544146415,0.0,0.0,0.14418873429959247,0.03773141752274134,0.001423659868275432,0.05,1.0,-620077.9606620208,-22452.755665467354,22452.755665467354,-1140094.7726300093,-31829.407736729598,31829.407736729598,-6539999.999999999,-60000.0,60000.0,0.0,0.0,-0.0,0.0,0.0,-0.0,13312663.45964996,128383.25999999419,-128383.25999999419,-3536889.673204102,8470.184141967911,-8470.184141967911,0.5,0.8877314329147339,0.5,0.5,8877314.0,293.1075439453125,473.1572265625,313.16363525390625,-150000000.0,0.0,0.0,108371216.0,-78318000.0,-78318000.0,-117097400.0,-117097400.0,237044192.0,-0.0,0.0,0.85,1.0,-1.0,1.0,True,True,False,,0,0
28821600.0,109,0.07925718543689045,False,False,ok,,,True,1.0,0.0,1,0.0,1.0,0.0,0.0,1488007.9599197162,12406.90676584444,0.07925718543689045,-12406.90676584444,-0.07925718543689045,156539.83544146415,0.0,0.0,0.07925718543689045,0.040473330614925196,0.001638090491065041,0.05,1.0,-650768.1697447547,-30690.20908273384,30690.20908273384,-1165910.089959872,-25815.31732986262,25815.31732986262,-6599999.999999999,-60000.0,60000.0,0.0,0.0,-0.0,0.0,0.0,-0.0,13431185.553499961,118522.0938500017,-118522.0938500017,-3526499.333875662,10390.339328439906,-10390.339328439906,0.5,0.8904733061790466,0.5,0.5,8904733.0,294.0128479003906,473.1572265625,313.16363525390625,-150000000.0,0.0,0.0,82846536.0,-99713040.0,-99713040.0,-86149504.0,-86149504.0,253016000.0,-0.0,0.0,0.85,1.0,-1.0,1.0,True,True,False,,0,0
28825200.0,110,0.1436806100764589,False,False,ok,,,True,1.0,0.0,1,0.0,1.0,0.0,0.0,1510499.6989772143,22491.739057498053,0.1436806100764589,-22491.739057498053,-0.1436806100764589,156539.83544146415,0.0,0.0,0.1436806100764589,0.04068556712943816,0.0016553153726440188,0.05,1.0,-683690.8183404383,-32922.648595683626,32922.648595683626,-1182907.5640501329,-16997.47409026092,16997.47409026092,-6659999.999999999,-60000.0,60000.0,0.0,0.0,-0.0,0.0,0.0,-0.0,13557693.554849958,126508.00134999678,-126508.00134999678,-3520595.47348222,5903.8603934422135,-5903.8603934422135,0.5,0.8906855583190918,0.5,0.5,8906856.0,294.0829162597656,473.1572265625,313.16363525390625,-150000000.0,0.0,0.0,38182924.0,-87344936.0,-87344936.0,-45449840.0,-45449840.0,244611840.0,-0.0,0.0,0.85,1.0,-1.0,1.0,True,True,False,,0,0
28828800.0,111,0.15833301531417993,False,False,ok,,,True,1.0,0.0,1,0.0,1.0,0.0,0.0,1535285.1231394468,24785.42416223255,0.15833301531417993,-24785.42416223255,-0.15833301531417993,156539.83544146415,0.0,0.0,0.15833301531417993,0.03790953394177299,0.0014371327636824383,0.05,1.0,-702067.6464365714,-18376.828096133075,18376.828096133075,-1190028.8822472368,-7121.318197103916,7121.318197103916,-6719999.999999999,-60000.0,60000.0,0.0,0.0,-0.0,0.0,0.0,-0.0,13679999.477899967,122305.92305000871,-122305.92305000871,-3532617.826076751,-12022.352594531141,12022.352594531141,0.5,0.8879095315933228,0.5,0.5,8879095.0,293.1663513183594,473.1572265625,313.16363525390625,-150000000.0,0.0,0.0,-76732304.0,-19771326.0,-19771326.0,-7389203.0,-7389203.0,253892832.0,-0.0,0.0,0.85,1.0,-1.0,1.0,True,True,False,,0,0
28832400.0,112,0.053075345868218625,False,False,ok,,,True,1.0,0.0,1,0.0,1.0,0.0,0.0,1543593.5290476566,8308.405908209737,0.053075345868218625,-8308.405908209737,-0.053075345868218625,156539.83544146415,0.0,0.0,0.053075345868218625,0.03203406409121179,0.0010261812621998646,0.05,1.0,-705240.8651416075,-3173.2187050360953,3173.2187050360953,-1191051.0997750214,-1022.21752778464,1022.21752778464,-6779999.999999999,-60000.0,60000.0,0.0,0.0,-0.0,0.0,0.0,-0.0,13806945.894999968,126946.41710000113,-126946.41710000113,-3587060.401035721,-54442.57495896984,54442.57495896984,0.5,0.8820340633392334,0.5,0.5,8820341.0,291.2264099121094,473.1572265625,313.16363525390625,-150000000.0,0.0,0.0,-89258136.0,0.0,0.0,-0.0,-0.0,239258144.0,-0.0,0.0,0.85,1.0,-1.0,1.0,True,True,False,,0,0
28836000.0,113,0.03880281420298447,False,False,ok,,,True,1.0,0.0,1,0.0,1.0,0.0,0.0,1549667.7151976575,6074.186150000896,0.03880281420298447,-6074.186150000896,-0.03880281420298447,156539.83544146415,0.0,0.0,0.03880281420298447,0.025482944311159494,0.000649380450765656,0.05,1.0,-705240.8651416075,0.0,-0.0,-1191051.0997750214,0.0,-0.0,-6839999.999999999,-60000.0,60000.0,0.0,0.0,-0.0,0.0,0.0,-0.0,13926574.96424997,119629.0692500025,-119629.0692500025,-3640615.28413572,-53554.88309999928,53554.88309999928,0.5,0.8754829168319702,0.5,0.5,8754829.0,289.0633850097656,473.1572265625,313.16363525390625,-150000000.0,0.0,0.0,-95257800.0,0.0,0.0,-0.0,-0.0,245257808.0,-0.0,0.0,0.85,1.0,-1.0,1.0,True,True,False,,0,0
28839600.0,114,0.03497013846068216,False,False,ok,,,True,1.0,0.0,1,0.0,1.0,0.0,0.0,1555141.9349176579,5474.219720000401,0.03497013846068216,-5474.219720000401,-0.03497013846068216,156539.83544146415,0.0,0.0,0.03497013846068216,0.020341266416341486,0.000413767119420582,0.05,1.0,-705240.8651416075,0.0,-0.0,-1191051.0997750214,0.0,-0.0,-6899999.999999999,-60000.0,60000.0,0.0,0.0,-0.0,0.0,0.0,-0.0,14049203.865649978,122628.90140000731,-122628.90140000731,-3697769.9658157225,-57154.68168000225,57154.68168000225,0.5,0.8703412413597107,0.5,0.5,8703413.0,287.3656921386719,473.1572265625,313.16363525390625,-150000000.0,0.0,0.0,-104213672.0,0.0,0.0,-0.0,-0.0,254213680.0,-0.0,0.0,0.85,1.0,-1.0,1.0,True,True,False,,0,0
28843200.0,115,0.029248992673890226,False,False,ok,,,True,1.0,0.0,1,0.0,1.0,0.0,0.0,1559720.5674176572,4578.632499999367,0.029248992673890226,-4578.632499999367,-0.029248992673890226,156539.83544146415,0.0,0.0,0.029248992673890226,0.016136624787019382,0.00026039065951704833,0.05,1.0,-705240.8651416075,0.0,-0.0,-1191051.0997750214,0.0,-0.0,-6959999.999999999,-60000.0,60000.0,0.0,0.0,-0.0,0.0,0.0,-0.0,14176310.703149976,127106.83749999851,-127106.83749999851,-3760298.1708157216,-62528.20499999914,62528.20499999914,0.5,0.8661366105079651,0.5,0.5,8661366.0,285.9774169921875,473.1572265625,313.16363525390625,-150000000.0,0.0,0.0,-102509392.0,0.0,0.0,-0.0,-0.0,252509392.0,-0.0,0.0,0.85,1.0,-1.0,1.0,True,True,False,,0,0
28846800.0,116,0.030337713251114607,False,False,ok,,,True,1.0,0.0,1,0.0,1.0,0.0,0.0,1564469.628057657,4749.060639999807,0.030337713251114607,-4749.060639999807,-0.030337713251114607,156539.83544146415,0.0,0.0,0.030337713251114607,0.012442032212969356,0.00015480416558856714,0.05,1.0,-705240.8651416075,0.0,-0.0,-1191051.0997750214,0.0,-0.0,-7019999.999999999,-60000.0,60000.0,0.0,0.0,-0.0,0.0,0.0,-0.0,14302565.399949977,126254.69680000097,-126254.69680000097,-3821803.806975723,-61505.63616000116,61505.63616000116,0.5,0.8624420166015625,0.5,0.5,8624420.0,284.757568359375,473.1572265625,313.16363525390625,-150000000.0,0.0,0.0,-105852520.0,0.0,0.0,-0.0,-0.0,255852528.0,-0.0,0.0,0.85,1.0,-1.0,1.0,True,True,False,,0,0
28850400.0,117,0.028202071808427293,False,False,ok,,,True,1.0,0.0,1,0.0,1.0,0.0,0.0,1568884.3757376566,4414.747679999564,0.028202071808427293,-4414.747679999564,-0.028202071808427293,156539.83544146415,0.0,0.0,0.028202071808427293,0.009045223600915309,8.181606999055531e-05,0.05,1.0,-705240.8651416075,0.0,-0.0,-1191051.0997750214,0.0,-0.0,-7079999.999999999,-60000.0,60000.0,0.0,0.0,-0.0,0.0,0.0,-0.0,14430491.661549972,127926.2615999952,-127926.2615999952,-3885315.3208957207,-63511.51391999796,63511.51391999796,0.5,0.8590452075004578,0.5,0.5,8590452.0,283.6360168457031,473.1572265625,313.16363525390625,-150000000.0,0.0,0.0,-96598856.0,0.0,0.0,-0.0,-0.0,246598848.0,-0.0,0.0,0.85,1.0,-1.0,1.0,True,True,False,,0,0
28854000.0,118,0.034113453773224875,False,False,ok,,,True,1.0,0.0,1,0.0,1.0,0.0,0.0,1574224.4901776572,5340.114440000616,0.034113453773224875,-5340.114440000616,-0.034113453773224875,156539.83544146415,0.0,0.0,0.034113453773224875,0.005889884182496252,3.4690735683219546e-05,0.05,1.0,-705240.8651416075,0.0,-0.0,-1191051.0997750214,0.0,-0.0,-7139999.999999999,-60000.0,60000.0,0.0,0.0,-0.0,0.0,0.0,-0.0,14553791.089349965,123299.42779999226,-123299.42779999226,-3943274.6342557217,-57959.31336000096,57959.31336000096,0.5,0.8558898568153381,0.5,0.5,8558899.0,282.5942077636719,473.1572265625,313.16363525390625,-150000000.0,0.0,0.0,-103869272.0,0.0,0.0,-0.0,-0.0,253869280.0,-0.0,0.0,0.85,1.0,-1.0,1.0,True,True,False,,0,0
28857600.0,119,0.029469000187656667,False,False,ok,,,True,1.0,0.0,1,0.0,1.0,0.0,0.0,1578837.5626176575,4613.072440000251,0.029469000187656667,-4613.072440000251,-0.029469000187656667,156539.83544146415,0.0,0.0,0.029469000187656667,0.0030148952491380054,9.089593363274915e-06,0.05,1.0,-705240.8651416075,0.0,-0.0,-1191051.0997750214,0.0,-0.0,-7199999.999999999,-60000.0,60000.0,0.0,0.0,-0.0,0.0,0.0,-0.0,14680725.727149973,126934.63780000806,-126934.63780000806,-4005596.19961572,-62321.565359998494,62321.565359998494,0.5,0.8530148863792419,0.5,0.5,8530149.0,281.6449279785156,473.1572265625,313.16363525390625,-150000000.0,0.0,0.0,-108495816.0,0.0,0.0,-0.0,-0.0,258495808.0,-0.0,0.0,0.85,1.0,-1.0,1.0,True,True,False,,0,0
28861200.0,120,0.02651349714463608,False,False,ok,,,True,1.0,0.0,1,0.0,1.0,0.0,0.0,1582987.9810976565,4150.418479999062,0.02651349714463608,-4150.418479999062,-0.02651349714463608,156539.83544146415,0.0,0.0,0.02651349714463608,0.0005720102789400494,3.2719575921307314e-07,0.05,1.0,-705240.8651416075,0.0,-0.0,-1191051.0997750214,0.0,-0.0,-7259999.999999999,-60000.0,60000.0,0.0,0.0,-0.0,0.0,0.0,-0.0,14809973.634749966,129247.90759999305,-129247.90759999305,-4070693.688735721,-65097.48912000097,65097.48912000097,0.5,0.8505719900131226,0.5,0.5,8505720.0,280.8383483886719,473.1572265625,313.16363525390625,-150000000.0,0.0,0.0,-102375128.0,0.0,0.0,-0.0,-0.0,252375120.0,-0.0,0.0,0.85,1.0,-1.0,1.0,True,True,False,,0,0
28864800.0,121,0.03042348605113453,False,False,ok,,,True,1.0,0.0,1,0.0,1.0,0.0,0.0,1587750.4685976568,4762.487500000279,0.03042348605113453,-4762.487500000279,-0.03042348605113453,156539.83544146415,0.0,0.0,0.03042348605113453,0.0013056970764206977,1.7048448553735571e-06,0.05,1.0,-705240.8651416075,0.0,-0.0,-1191051.0997750214,0.0,-0.0,-7319999.999999999,-60000.0,60000.0,0.0,0.0,-0.0,0.0,0.0,-0.0,14936161.197249962,126187.56249999627,-126187.56249999627,-4132118.7637357195,-61425.07499999832,61425.07499999832,0.5,0.8486943244934082,0.5,0.5,8486943.0,280.2183837890625,473.1572265625,313.16363525390625,-150000000.0,0.0,0.0,-81859488.0,0.0,0.0,-0.0,-0.0,231859488.0,-0.0,0.0,0.85,1.0,-1.0,1.0,True,True,False,,0,0
28868400.0,122,0.043529182273538004,False,False,ok,,,True,1.0,0.0,1,0.0,1.0,0.0,0.0,1594564.519627658,6814.051030001137,0.043529182273538004,-6814.051030001137,-0.043529182273538004,156539.83544146415,0.0,0.0,0.043529182273538004,0.0026134639983743657,6.830194070798927e-06,0.05,1.0,-705240.8651416075,0.0,-0.0,-1191051.0997750214,0.0,-0.0,-7379999.999999999,-60000.0,60000.0,0.0,0.0,-0.0,0.0,0.0,-0.0,15052090.942099968,115929.74485000595,-115929.74485000595,-4181234.4575557173,-49115.69381999783,49115.69381999783,0.5,0.8473865389823914,0.5,0.5,8473865.0,279.7865905761719,473.1572265625,313.16363525390625,-150000000.0,0.0,0.0,-85710544.0,0.0,0.0,-0.0,-0.0,235710544.0,-0.0,0.0,0.85,1.0,-1.0,1.0,True,True,False,,0,0
28872000.0,123,0.041069068533709625,False,False,ok,,,True,1.0,0.0,1,0.0,1.0,0.0,0.0,1600993.464857659,6428.945230001118,0.041069068533709625,-6428.945230001118,-0.041069068533709625,156539.83544146415,0.0,0.0,0.041069068533709625,0.0033299176110643813,1.1088351296476717e-05,0.05,1.0,-705240.8651416075,0.0,-0.0,-1191051.0997750214,0.0,-0.0,-7439999.999999999,-60000.0,60000.0,0.0,0.0,-0.0,0.0,0.0,-0.0,15169946.21594997,117855.2738500014,-117855.2738500014,-4232660.786175716,-51426.328619998414,51426.328619998414,0.5,0.8466700911521912,0.5,0.5,8466701.0,279.550048828125,473.1572265625,313.16363525390625,-150000000.0,0.0,0.0,-102393520.0,0.0,0.0,-0.0,-0.0,252393520.0,-0.0,0.0,0.85,1.0,-1.0,1.0,True,True,False,,0,0
28875600.0,124,0.030411735815189817,False,False,ok,,,True,1.0,0.0,1,0.0,1.0,0.0,0.0,1605754.1129776582,4760.648119999096,0.030411735815189817,-4760.648119999096,-0.030411735815189817,156539.83544146415,0.0,0.0,0.030411735815189817,0.003461198261606846,1.1979893406150253e-05,0.05,1.0,-705240.8651416075,0.0,-0.0,-1191051.0997750214,0.0,-0.0,-7499999.999999999,-60000.0,60000.0,0.0,0.0,-0.0,0.0,0.0,-0.0,15296142.975349965,126196.75939999521,-126196.75939999521,-4294096.897455712,-61436.11127999611,61436.11127999611,0.5,0.846538782119751,0.5,0.5,8465388.0,279.5066833496094,473.1572265625,313.16363525390625,-150000000.0,0.0,0.0,-83276744.0,0.0,0.0,-0.0,-0.0,233276736.0,-0.0,0.0,0.85,1.0,-1.0,1.0,True,True,False,,0,0
28879200.0,125,0.04794479087242781,False,False,ok,,,True,1.0,0.0,1,0.0,1.0,0.0,0.0,1613259.3826511034,7505.269673445262,0.04794479087242781,-7505.269673445262,-0.04794479087242781,156539.83544146415,0.0,0.0,0.04794479087242781,0.00324373037403336,1.0521786739426601e-05,0.05,1.0,-705240.8651416075,0.0,-0.0,-1191646.0596774826,-594.9599024611525,594.9599024611525,-7559999.999999999,-60000.0,60000.0,0.0,0.0,-0.0,0.0,0.0,-0.0,15412781.346299963,116638.3709499985,-116638.3709499985,-4342635.038829805,-48538.14137409348,48538.14137409348,0.5,0.8467562794685364,0.5,0.5,8467563.0,279.5784912109375,473.1572265625,313.16363525390625,-150000000.0,0.0,0.0,-104017880.0,0.0,0.0,-5284276.0,-5284276.0,259302160.0,-0.0,0.0,0.85,1.0,-1.0,1.0,True,True,False,,0,0
28882800.0,126,0.07638540978091288,False,False,ok,,,True,1.0,0.0,1,0.0,1.0,0.0,0.0,1625216.7421283363,11957.359477232909,0.07638540978091288,-11957.359477232909,-0.07638540978091288,156539.83544146415,0.0,0.0,0.07638540978091288,0.0019015974073305353,3.6160726995662137e-06,0.05,1.0,-705240.8651416075,0.0,-0.0,-1197280.0418112203,-5633.982133737765,5633.982133737765,-7619999.999999999,-60000.0,60000.0,0.0,0.0,-0.0,0.0,0.0,-0.0,15542432.42384996,129651.07754999772,-129651.07754999772,-4394694.774768834,-52059.73593902867,52059.73593902867,0.5,0.8480983972549438,0.5,0.5,8480984.0,280.0216369628906,473.1572265625,313.16363525390625,-150000000.0,0.0,0.0,-59854916.0,0.0,0.0,-43344848.0,-43344848.0,253199760.0,-0.0,0.0,0.85,1.0,-1.0,1.0,True,True,False,,0,0
28886400.0,127,0.17205476734930017,False,False,ok,,,True,1.0,0.0,1,0.0,1.0,0.0,0.0,1652150.1670961152,26933.424967778847,0.17205476734930017,-26933.424967778847,-0.17205476734930017,156539.83544146415,0.0,0.0,0.17205476734930017,0.0023001633457575554,5.2907514171665916e-06,0.05,1.0,-705240.8651416075,0.0,-0.0,-1213175.3286596332,-15895.286848412827,15895.286848412827,-7679999.999999999,-60000.0,60000.0,0.0,0.0,-0.0,0.0,0.0,-0.0,15669032.30694996,126599.88309999928,-126599.88309999928,-4418465.9460526435,-23771.171283809468,23771.171283809468,0.5,0.8523001670837402,0.5,0.5,8523002.0,281.408935546875,473.1572265625,313.16363525390625,-150000000.0,0.0,0.0,-22088874.0,0.0,0.0,-87740096.0,-87740096.0,259828976.0,-0.0,0.0,0.85,1.0,-1.0,1.0,True,True,False,,0,0
28890000.0,128,0.25123923137340887,False,False,ok,,,True,1.0,0.0,1,0.0,1.0,0.0,0.0,1691479.1150317485,39328.94793563336,0.25123923137340887,-39328.94793563336,-0.25123923137340887,156539.83544146415,0.0,0.0,0.25123923137340887,0.009519923698035115,9.062894721641059e-05,0.05,1.0,-705240.8651416075,0.0,-0.0,-1238899.748315132,-25724.419655498816,25724.419655498816,-7739999.999999999,-60000.0,60000.0,0.0,0.0,-0.0,0.0,0.0,-0.0,15798946.792099958,129914.48514999822,-129914.48514999822,-4423327.063611512,-4861.117558868602,4861.117558868602,0.5,0.859519898891449,0.5,0.5,8595199.0,283.792724609375,473.1572265625,313.16363525390625,-150000000.0,0.0,0.0,31444364.0,0.0,0.0,-120962520.0,-120962520.0,239518160.0,-0.0,0.0,0.85,1.0,-1.0,1.0,True,True,False,,0,0
28893600.0,129,0.1958380582618685,False,False,ok,,,True,1.0,0.0,1,0.0,1.0,0.0,0.0,1722135.5724452373,30656.457413488766,0.1958380582618685,-30656.457413488766,-0.1958380582618685,156539.83544146415,0.0,0.0,0.1958380582618685,0.01895578753280791,0.0003593218809889558,0.05,1.0,-706235.0664259527,-994.2012843452394,994.2012843452394,-1271300.852001764,-32401.103686632123,32401.103686632123,-7799999.999999999,-60000.0,60000.0,0.0,0.0,-0.0,0.0,0.0,-0.0,15918705.871349962,119759.07925000414,-119759.07925000414,-4419034.380477045,4292.683134467341,-4292.683134467341,0.5,0.8689557909965515,0.5,0.5,8689558.0,286.908203125,473.1572265625,313.16363525390625,-150000000.0,0.0,0.0,47981580.0,-10105798.0,-10105798.0,-139895008.0,-139895008.0,252019232.0,-0.0,0.0,0.85,1.0,-1.0,1.0,True,True,False,,0,0
28897200.0,130,0.19569666138695932,False,False,ok,,,True,1.0,0.0,1,0.0,1.0,0.0,0.0,1752769.8956151959,30634.323169958545,0.19569666138695932,-30634.323169958545,-0.19569666138695932,156539.83544146415,0.0,0.0,0.19569666138695932,0.028782331408380046,0.0008284226013018205,0.05,1.0,-711654.660047805,-5419.593621852342,5419.593621852342,-1306804.5656829611,-35503.71368119703,35503.71368119703,-7859999.999999999,-60000.0,60000.0,0.0,0.0,-0.0,0.0,0.0,-0.0,16044715.483449956,126009.61209999397,-126009.61209999397,-4413486.362104037,5548.018373007886,-5548.018373007886,0.5,0.878782331943512,0.5,0.5,8787823.0,290.1526794433594,473.1572265625,313.16363525390625,-150000000.0,0.0,0.0,62979196.0,-22876062.0,-22876062.0,-144568752.0,-144568752.0,254465616.0,-0.0,0.0,0.85,1.0,-1.0,1.0,True,True,False,,0,0
28900800.0,131,0.17951347630914297,False,False,ok,,,True,1.0,0.0,1,0.0,1.0,0.0,0.0,1780870.9056561543,28101.010040958412,0.17951347630914297,-28101.010040958412,-0.17951347630914297,156539.83544146415,0.0,0.0,0.17951347630914297,0.036812278298426815,0.0013551438335208258,0.05,1.0,-722093.980461474,-10439.32041366899,10439.32041366899,-1342185.5286841388,-35380.963001177646,35380.963001177646,-7919999.999999999,-60000.0,60000.0,0.0,0.0,-0.0,0.0,0.0,-0.0,16171948.290049953,127232.80659999698,-127232.80659999698,-4406797.875248231,6688.4868558058515,-6688.4868558058515,0.5,0.8868122696876526,0.5,0.5,8868123.0,292.803955078125,473.1572265625,313.16363525390625,-150000000.0,0.0,0.0,84501760.0,-39154364.0,-39154364.0,-137809744.0,-137809744.0,242462352.0,-0.0,0.0,0.85,1.0,-1.0,1.0,True,True,False,,0,0
28904400.0,132,0.1363599787703692,False,False,ok,,,True,1.0,0.0,1,0.0,1.0,0.0,0.0,1802216.6742936694,21345.76863751514,0.1363599787703692,-21345.76863751514,-0.1363599787703692,156539.83544146415,0.0,0.0,0.1363599787703692,0.04243276730957446,0.0018005397415484909,0.05,1.0,-737923.3734974454,-15829.393035971327,15829.393035971327,-1374406.3035026002,-32220.77481846139,32220.77481846139,-7979999.999999999,-60000.0,60000.0,0.0,0.0,-0.0,0.0,0.0,-0.0,16293179.468599947,121231.17854999378,-121231.17854999378,-4398633.117306285,8164.757941946387,-8164.757941946387,0.5,0.8924327492713928,0.5,0.5,8924328.0,294.6596984863281,473.1572265625,313.16363525390625,-150000000.0,0.0,0.0,77591976.0,-53086344.0,-53086344.0,-117905088.0,-117905088.0,243399456.0,-0.0,0.0,0.85,1.0,-1.0,1.0,True,True,False,,0,0
28908000.0,133,0.1483715069192417,False,False,ok,,,True,1.0,0.0,1,0.0,1.0,0.0,0.0,1825442.7255710096,23226.051277340157,0.1483715069192417,-23226.051277340157,-0.1483715069192417,156539.83544146415,0.0,0.0,0.1483715069192417,0.04566329944035985,0.0020851369157799684,0.05,1.0,-757005.8657096754,-19082.49221222999,19082.49221222999,-1400245.2683400924,-25838.96483749221,25838.96483749221,-8039999.999999999,-60000.0,60000.0,0.0,0.0,-0.0,0.0,0.0,-0.0,16414879.195799956,121699.72720000893,-121699.72720000893,-4392185.336179222,6447.781127062626,-6447.781127062626,0.5,0.895663321018219,0.5,0.5,8956633.0,295.726318359375,473.1572265625,313.16363525390625,-150000000.0,0.0,0.0,44383996.0,-56295348.0,-56295348.0,-85373952.0,-85373952.0,247285312.0,-0.0,0.0,0.85,1.0,-1.0,1.0,True,True,False,,0,0
28911600.0,134,0.20055891242423543,False,False,ok,,,True,1.0,0.0,1,0.0,1.0,0.0,0.0,1856838.1847182184,31395.459147208836,0.20055891242423543,-31395.459147208836,-0.20055891242423543,156539.83544146415,0.0,0.0,0.20055891242423543,0.04656234339922405,0.002168051822827263,0.05,1.0,-772511.0241089556,-15505.158399280277,15505.158399280277,-1416948.2187896904,-16702.95044959802,16702.95044959802,-8099999.999999999,-60000.0,60000.0,0.0,0.0,-0.0,0.0,0.0,-0.0,16538521.850099953,123642.6542999968,-123642.6542999968,-4392224.422483135,-39.0863039130345,39.0863039130345,0.5,0.8965623378753662,0.5,0.5,8965623.0,296.0231628417969,473.1572265625,313.16363525390625,-150000000.0,0.0,0.0,-27935004.0,-31148222.0,-31148222.0,-43797040.0,-43797040.0,252880272.0,-0.0,0.0,0.85,1.0,-1.0,1.0,True,True,False,,0,0
28915200.0,135,0.11139477844159117,False,False,ok,,,True,1.0,0.0,1,0.0,1.0,0.0,0.0,1874275.9050045034,17437.72028628504,0.11139477844159117,-17437.72028628504,-0.11139477844159117,156539.83544146415,0.0,0.0,0.11139477844159117,0.043438270562654924,0.0018868833494744134,0.05,1.0,-776925.4769168404,-4414.45280788478,4414.45280788478,-1423785.766046279,-6837.547256588703,6837.547256588703,-8159999.999999999,-60000.0,60000.0,0.0,0.0,-0.0,0.0,0.0,-0.0,16664961.982349956,126440.13225000352,-126440.13225000352,-4429974.834382376,-37750.41189924069,37750.41189924069,0.5,0.8934382796287537,0.5,0.5,8934383.0,294.9916687011719,473.1572265625,313.16363525390625,-150000000.0,0.0,0.0,-91814264.0,0.0,0.0,-6753935.5,-6753935.5,248568192.0,-0.0,0.0,0.85,1.0,-1.0,1.0,True,True,False,,0,0
28918800.0,136,0.04120800652576742,False,False,ok,,,True,1.0,0.0,1,0.0,1.0,0.0,0.0,1880726.5995649179,6450.694560414413,0.04120800652576742,-6450.694560414413,-0.04120800652576742,156539.83544146415,0.0,0.0,0.04120800652576742,0.036543185332807315,0.0013354043942679038,0.05,1.0,-776925.4769168404,0.0,-0.0,-1424719.7048608605,-933.9388145813718,933.9388145813718,-8219999.999999999,-60000.0,60000.0,0.0,0.0,-0.0,0.0,0.0,-0.0,16789246.081249956,124284.09889999963,-124284.09889999963,-4486874.299907379,-56899.46552500315,56899.46552500315,0.5,0.8865432143211365,0.5,0.5,8865432.0,292.715087890625,473.1572265625,313.16363525390625,-150000000.0,0.0,0.0,-89443480.0,0.0,0.0,-0.0,-0.0,239443488.0,-0.0,0.0,0.85,1.0,-1.0,1.0,True,True,False,,0,0
28922400.0,137,0.03868441437236632,False,False,ok,,,True,1.0,0.0,1,0.0,1.0,0.0,0.0,1886782.2514249175,6055.651859999634,0.03868441437236632,-6055.651859999634,-0.03868441437236632,156539.83544146415,0.0,0.0,0.03868441437236632,0.029991245260683863,0.0008994747922864923,0.05,1.0,-776925.4769168404,0.0,-0.0,-1424719.7048608605,0.0,-0.0,-8279999.999999999,-60000.0,60000.0,0.0,0.0,-0.0,0.0,0.0,-0.0,16908967.821949963,119721.74070000648,-119721.74070000648,-4540540.388747381,-53666.088840002194,53666.088840002194,0.5,0.8799912333488464,0.5,0.5,8799912.0,290.5517578125,473.1572265625,313.16363525390625,-150000000.0,0.0,0.0,-104047832.0,0.0,0.0,-0.0,-0.0,254047824.0,-0.0,0.0,0.85,1.0,-1.0,1.0,True,True,False,,0,0
28926000.0,138,0.037964407141525186,False,False,ok,,,True,1.0,0.0,1,0.0,1.0,0.0,0.0,1892725.1934714846,5942.942046567099,0.037964407141525186,-5942.942046567099,-0.037964407141525186,156539.83544146415,0.0,0.0,0.037964407141525186,0.025639582815345063,0.0006573882069449379,0.05,1.0,-778812.2920240347,-1886.8151071942411,1886.8151071942411,-1424719.7048608605,0.0,-0.0,-8339999.999999999,-60000.0,60000.0,0.0,0.0,-0.0,0.0,0.0,-0.0,17035991.73709998,127023.91515001655,-127023.91515001655,-4599734.546743619,-59194.15799623821,59194.15799623821,0.5,0.8756395578384399,0.5,0.5,8756396.0,289.1149597167969,473.1572265625,313.16363525390625,-150000000.0,0.0,0.0,-89343496.0,-13553323.0,-13553323.0,-0.0,-0.0,252896816.0,-0.0,0.0,0.85,1.0,-1.0,1.0,True,True,False,,0,0
28929600.0,139,0.05348397023199126,False,False,ok,,,True,1.0,0.0,1,0.0,1.0,0.0,0.0,1901097.5653703567,8372.37189887208,0.05348397023199126,-8372.37189887208,-0.05348397023199126,156539.83544146415,0.0,0.0,0.05348397023199126,0.022369652305327614,0.000500401344261249,0.05,1.0,-783939.1668104555,-5126.874786420842,5126.874786420842,-1424719.7048608605,0.0,-0.0,-8399999.999999998,-59999.99999999907,59999.99999999907,0.0,0.0,-0.0,0.0,0.0,-0.0,17162440.14469998,126448.4076000005,-126448.4076000005,-4652683.707658327,-52949.16091470793,52949.16091470793,0.5,0.872369647026062,0.5,0.5,8723697.0,288.0353088378906,473.1572265625,313.16363525390625,-150000000.0,0.0,0.0,-71353464.0,-16018578.0,-16018578.0,-0.0,-0.0,237372032.0,-0.0,0.0,0.85,1.0,-1.0,1.0,True,True,False,,0,0
28933200.0,140,0.06969307918408535,False,False,ok,,,True,1.0,0.0,1,0.0,1.0,0.0,0.0,1912007.3085172423,10909.743146885652,0.06969307918408535,-10909.743146885652,-0.06969307918408535,156539.83544146415,0.0,0.0,0.06969307918408535,0.019461215649635766,0.000378738914561628,0.05,1.0,-790444.8927600958,-6505.725949640269,6505.725949640269,-1424719.7048608605,0.0,-0.0,-8459999.999999998,-60000.0,60000.0,0.0,0.0,-0.0,0.0,0.0,-0.0,17281126.164499987,118686.01980000734,-118686.01980000734,-4693954.2583618015,-41270.55070347432,41270.55070347432,0.5,0.8694612383842468,0.5,0.5,8694612.0,287.07501220703125,473.1572265625,313.16363525390625,-150000000.0,0.0,0.0,-73341720.0,-21882482.0,-21882482.0,-0.0,-0.0,245224208.0,-0.0,0.0,0.85,1.0,-1.0,1.0,True,True,False,,0,0
28936800.0,141,0.0760640684419365,False,False,ok,,,True,1.0,0.0,1,0.0,1.0,0.0,0.0,1923914.3652741513,11907.056756909005,0.0760640684419365,-11907.056756909005,-0.0760640684419365,156539.83544146415,0.0,0.0,0.0760640684419365,0.017083243061376985,0.0002918371934940849,0.05,1.0,-799446.1606817683,-9001.267921672552,9001.267921672552,-1424719.7048608605,0.0,-0.0,-8519999.999999998,-60000.0,60000.0,0.0,0.0,-0.0,0.0,0.0,-0.0,17403738.26615,122612.10165001452,-122612.10165001452,-4735658.035333219,-41703.77697141748,41703.77697141748,0.5,0.8670832514762878,0.5,0.5,8670832.0,286.28985595703125,473.1572265625,313.16363525390625,-150000000.0,0.0,0.0,-53730412.0,-30680166.0,-30680166.0,-0.0,-0.0,234410576.0,-0.0,0.0,0.85,1.0,-1.0,1.0,True,True,False,,0,0
28940400.0,142,0.09398129184977634,False,False,ok,,,True,1.0,0.0,1,0.0,1.0,0.0,0.0,1938626.1812348915,14711.815960740205,0.09398129184977634,-14711.815960740205,-0.09398129184977634,156539.83544146415,0.0,0.0,0.09398129184977634,0.014986079943871133,0.00022458259208409662,0.05,1.0,-810860.1840868042,-11414.023405035841,11414.023405035841,-1424719.7048608605,0.0,-0.0,-8579999.999999998,-60000.0,60000.0,0.0,0.0,-0.0,0.0,0.0,-0.0,17520943.555649985,117205.28949998319,-117205.28949998319,-4766737.485467443,-31079.45013422426,31079.45013422426,0.5,0.8649860620498657,0.5,0.5,8649861.0,285.597412109375,473.1572265625,313.16363525390625,-150000000.0,0.0,0.0,-48862800.0,-35028160.0,-35028160.0,-0.0,-0.0,233890960.0,-0.0,0.0,0.85,1.0,-1.0,1.0,True,True,False,,0,0
28944000.0,143,0.10771990923138883,False,False,ok,,,True,1.0,0.0,1,0.0,1.0,0.0,0.0,1955488.6380997426,16862.45686485106,0.10771990923138883,-16862.45686485106,-0.10771990923138883,156539.83544146415,0.0,0.0,0.10771990923138883,0.012910772905626033,0.00016668805702064728,0.05,1.0,-825212.3580975955,-14352.17401079135,14352.17401079135,-1424719.7048608605,0.0,-0.0,-8639999.999999998,-60000.0,60000.0,0.0,0.0,-0.0,0.0,0.0,-0.0,17637889.03564999,116945.48000000417,-116945.48000000417,-4792468.3345918,-25730.849124357104,25730.849124357104,0.5,0.8629107475280762,0.5,0.5,8629108.0,284.9122009277344,473.1572265625,313.16363525390625,-150000000.0,0.0,0.0,-51044820.0,-48774820.0,-48774820.0,-0.0,-0.0,249819632.0,-0.0,0.0,0.85,1.0,-1.0,1.0,True,True,False,,0,0
28947600.0,144,0.10781532004434588,False,False,ok,,,True,1.0,0.0,1,0.0,1.0,0.0,0.0,1972366.0305575533,16877.392457810696,0.10781532004434588,-16877.392457810696,-0.10781532004434588,156539.83544146415,0.0,0.0,0.10781532004434588,0.01072713081180754,0.00011507133545363068,0.05,1.0,-841815.4569285307,-16603.098830935196,16603.098830935196,-1424719.7048608605,0.0,-0.0,-8699999.999999998,-60000.0,60000.0,0.0,0.0,-0.0,0.0,0.0,-0.0,17762798.854899984,124909.81924999505,-124909.81924999505,-4823897.662553054,-31429.327961253934,31429.327961253934,0.5,0.8607271313667297,0.5,0.5,8607271.0,284.19122314453125,473.1572265625,313.16363525390625,-150000000.0,0.0,0.0,-36374944.0,-45821992.0,-45821992.0,-0.0,-0.0,232196944.0,-0.0,0.0,0.85,1.0,-1.0,1.0,True,True,False,,0,0
28951200.0,145,0.11142722948512251,False,False,ok,,,True,1.0,0.0,1,0.0,1.0,0.0,0.0,1989808.8307248526,17442.80016729934,0.11142722948512251,-17442.80016729934,-0.11142722948512251,156539.83544146415,0.0,0.0,0.11142722948512251,0.007982799246959438,6.372508381725617e-05,0.05,1.0,-856742.94821675,-14927.491288219346,14927.491288219346,-1424719.7048608605,0.0,-0.0,-8759999.999999998,-60000.0,60000.0,0.0,0.0,-0.0,0.0,0.0,-0.0,17878897.322949972,116098.46804998815,-116098.46804998815,-4847625.839147534,-23728.17659447994,23728.17659447994,0.5,0.8579828143119812,0.5,0.5,8579828.0,283.28509521484375,473.1572265625,313.16363525390625,-150000000.0,0.0,0.0,-47157804.0,-38889120.0,-38889120.0,-0.0,-0.0,236046928.0,-0.0,0.0,0.85,1.0,-1.0,1.0,True,True,False,,0,0
28954800.0,146,0.0981651210877716,False,False,ok,,,True,1.0,0.0,1,0.0,1.0,0.0,0.0,2005175.5826260238,15366.75190117117,0.0981651210877716,-15366.75190117117,-0.0981651210877716,156539.83544146415,0.0,0.0,0.0981651210877716,0.00449492178277433,2.0204321833259165e-05,0.05,1.0,-869302.9702663902,-12560.022049640189,12560.022049640189,-1424719.7048608605,0.0,-0.0,-8819999.999999998,-60000.0,60000.0,0.0,0.0,-0.0,0.0,0.0,-0.0,17996920.785049964,118023.46209999174,-118023.46209999174,-4877722.527296723,-30096.688149188645,30096.688149188645,0.5,0.8544949293136597,0.5,0.5,8544949.0,282.13348388671875,473.1572265625,313.16363525390625,-150000000.0,0.0,0.0,-73187712.0,-32334706.0,-32334706.0,-0.0,-0.0,255522416.0,-0.0,0.0,0.85,1.0,-1.0,1.0,True,True,False,,0,0
28958400.0,147,0.07381215557865357,False,False,ok,,,True,1.0,0.0,1,0.0,1.0,0.0,0.0,2016730.125313886,11554.54268786218,0.07381215557865357,-11554.54268786218,-0.07381215557865357,156539.83544146415,0.0,0.0,0.07381215557865357,0.0006505421162057434,4.23205044957447e-07,0.05,1.0,-879252.4685073975,-9949.498241007212,9949.498241007212,-1424719.7048608605,0.0,-0.0,-8879999.999999998,-60000.0,60000.0,0.0,0.0,-0.0,0.0,0.0,-0.0,18124681.99389996,127761.20884999633,-127761.20884999633,-4923979.6952178525,-46257.167921129614,46257.167921129614,0.5,0.8506505489349365,0.5,0.5,8506505.0,280.8641662597656,473.1572265625,313.16363525390625,-150000000.0,0.0,0.0,-73982672.0,-23891196.0,-23891196.0,-0.0,-0.0,247873872.0,-0.0,0.0,0.85,1.0,-1.0,1.0,True,True,False,,0,0
28962000.0,148,0.06586624760014115,False,False,ok,,,True,1.0,0.0,1,0.0,1.0,0.0,0.0,2027040.8168743588,10310.691560472827,0.06586624760014115,-10310.691560472827,-0.06586624760014115,156539.83544146415,0.0,0.0,0.06586624760014115,0.0029182538223359034,8.516205371578111e-06,0.05,1.0,-886389.7776800592,-7137.309172661742,7137.309172661742,-1424719.7048608605,0.0,-0.0,-8939999.999999998,-60000.0,60000.0,0.0,0.0,-0.0,0.0,0.0,-0.0,18248618.925999943,123936.9320999831,-123936.9320999831,-4970468.626584718,-46488.93136686552,46488.93136686552,0.5,0.84708172082901,0.5,0.5,8470817.0,279.6858215332031,473.1572265625,313.16363525390625,-150000000.0,0.0,0.0,-83958728.0,-16360634.0,-16360634.0,-0.0,-0.0,250319360.0,-0.0,0.0,0.85,1.0,-1.0,1.0,True,True,False,,0,0
28965600.0,149,0.060944447882721006,False,False,ok,,,True,1.0,0.0,1,0.0,1.0,0.0,0.0,2036581.0507169908,9540.233842632035,0.060944447882721006,-9540.233842632035,-0.060944447882721006,156539.83544146415,0.0,0.0,0.060944447882721006,0.005835904418199478,3.405778037836019e-05,0.05,1.0,-891928.5046769117,-5538.726996852551,5538.726996852551,-1425159.6597561832,-439.95489532267675,439.95489532267675,-8999999.999999998,-60000.0,60000.0,0.0,0.0,-0.0,0.0,0.0,-0.0,18373778.608899955,125159.68290001154,-125159.68290001154,-5020109.393749911,-49640.767165193334,49640.767165193334,0.5,0.8441640734672546,0.5,0.5,8441641.0,278.7225036621094,473.1572265625,313.16363525390625,-150000000.0,0.0,0.0,-89858504.0,-15177294.0,-15177294.0,-3912840.75,-3912840.75,258948640.0,-0.0,0.0,0.85,1.0,-1.0,1.0,True,True,False,,0,0
28969200.0,150,0.10298780390823424,False,False,ok,,,True,1.0,0.0,1,0.0,1.0,0.0,0.0,2052702.7445932636,16121.693876272766,0.10298780390823424,-16121.693876272766,-0.10298780390823424,156539.83544146415,0.0,0.0,0.10298780390823424,0.007020121169806215,4.928210123876138e-05,0.05,1.0,-900032.1973286204,-8103.69265170861,8103.69265170861,-1429608.3780506083,-4448.718294425169,4448.718294425169,-9059999.999999998,-60000.0,60000.0,0.0,0.0,-0.0,0.0,0.0,-0.0,18503252.92704994,129474.31814998388,-129474.31814998388,-5060909.607077504,-40800.21332759224,40800.21332759224,0.5,0.842979907989502,0.5,0.5,8429799.0,278.33148193359375,473.1572265625,313.16363525390625,-150000000.0,0.0,0.0,-35258416.0,-34282140.0,-34282140.0,-34622700.0,-34622700.0,254163264.0,-0.0,0.0,0.85,1.0,-1.0,1.0,True,True,False,,0,0
28972800.0,151,0.18724388156464128,False,False,ok,,,True,1.0,0.0,1,0.0,1.0,0.0,0.0,2082013.8710008136,29311.12640754995,0.18724388156464128,-29311.12640754995,-0.18724388156464128,156539.83544146415,0.0,0.0,0.18724388156464128,0.005212746388880918,2.717272491479105e-05,0.05,1.0,-921182.7576509225,-21150.56032230216,21150.56032230216,-1442847.8707254727,-13239.492674864363,13239.492674864363,-9119999.999999998,-60000.0,60000.0,0.0,0.0,-0.0,0.0,0.0,-0.0,18630334.555199947,127081.62815000862,-127081.62815000862,-5064290.055822789,-3380.448745285161,3380.448745285161,0.5,0.8447872400283813,0.5,0.5,8447873.0,278.9282531738281,473.1572265625,313.16363525390625,-150000000.0,0.0,0.0,72248104.0,-99713040.0,-99713040.0,-75066776.0,-75066776.0,252531712.0,-0.0,0.0,0.85,1.0,-1.0,1.0,True,True,False,,0,0
28976400.0,152,0.08866013082551473,False,False,ok,,,True,1.0,0.0,1,0.0,1.0,0.0,0.0,2095892.7132904583,13878.84228964476,0.08866013082551473,-13878.84228964476,-0.08866013082551473,156539.83544146415,0.0,0.0,0.08866013082551473,0.0009417874097542578,8.869635251716343e-07,0.05,1.0,-960746.2313751131,-39563.47372419061,39563.47372419061,-1465971.567628219,-23123.696902746335,23123.696902746335,-9179999.999999998,-60000.0,60000.0,0.0,0.0,-0.0,0.0,0.0,-0.0,18756600.410849955,126265.85565000772,-126265.85565000772,-5053989.898556208,10300.1572665805,-10300.1572665805,0.5,0.849058210849762,0.5,0.5,8490582.0,280.3384094238281,473.1572265625,313.16363525390625,-150000000.0,0.0,0.0,139782512.0,-130253368.0,-130253368.0,-113482336.0,-113482336.0,253953184.0,-0.0,0.0,0.85,1.0,-1.0,1.0,True,True,False,,0,0
28980000.0,153,0.04401648677631005,False,False,ok,,,True,1.0,0.0,1,0.0,1.0,0.0,0.0,2102783.0468871333,6890.333596674958,0.04401648677631005,-6890.333596674958,-0.04401648677631005,156539.83544146415,0.0,0.0,0.04401648677631005,0.004027836588453515,1.622346758328485e-05,0.05,1.0,-1004241.7257838361,-43495.49440872297,43495.49440872297,-1497009.4545471848,-31037.886918965727,31037.886918965727,-9239999.999999998,-60000.0,60000.0,0.0,0.0,-0.0,0.0,0.0,-0.0,18883577.00589994,126976.59504998475,-126976.59504998475,-5039542.778681844,14447.119874364696,-14447.119874364696,0.5,0.8540278077125549,0.5,0.5,8540278.0,281.979248046875,473.1572265625,313.16363525390625,-150000000.0,0.0,0.0,165948528.0,-117123032.0,-117123032.0,-137041696.0,-137041696.0,238216192.0,-0.0,0.0,0.85,1.0,-1.0,1.0,True,True,False,,0,0
28983600.0,154,0.019703795111286497,False,False,ok,,,True,1.0,0.0,1,0.0,1.0,0.0,0.0,2105867.4757314264,3084.428844293114,0.019703795111286497,-3084.428844293114,-0.019703795111286497,156539.83544146415,0.0,0.0,0.019703795111286497,0.008428120337592881,7.103321242494674e-05,0.05,1.0,-1039751.2071258324,-35509.48134199635,35509.48134199635,-1533406.3465328903,-36396.89198570559,36396.89198570559,-9299999.999999998,-60000.0,60000.0,0.0,0.0,-0.0,0.0,0.0,-0.0,19002685.104999933,119108.0990999937,-119108.0990999937,-5023660.075609847,15882.70307199657,-15882.70307199657,0.5,0.8584281206130981,0.5,0.5,8584281.0,283.4320983886719,473.1572265625,313.16363525390625,-150000000.0,0.0,0.0,147112512.0,-83579952.0,-83579952.0,-155918784.0,-155918784.0,242386224.0,-0.0,0.0,0.85,1.0,-1.0,1.0,True,True,False,,0,0
28987200.0,155,0.07236563476709458,False,False,ok,,,True,1.0,0.0,1,0.0,1.0,0.0,0.0,2117195.5802894845,11328.104558058083,0.07236563476709458,-11328.104558058083,-0.07236563476709458,156539.83544146415,0.0,0.0,0.07236563476709458,0.011950483994286554,0.0001428140676976991,0.05,1.0,-1064522.2890517318,-24771.081925899372,24771.081925899372,-1571627.6007576764,-38221.25422478607,38221.25422478607,-9359999.999999998,-60000.0,60000.0,0.0,0.0,-0.0,0.0,0.0,-0.0,19123878.21379995,121193.10880001634,-121193.10880001634,-5010532.743701104,13127.331908742897,-13127.331908742897,0.5,0.8619504570960999,0.5,0.5,8619505.0,284.5951232910156,473.1572265625,313.16363525390625,-150000000.0,0.0,0.0,117282144.0,-56295348.0,-56295348.0,-149189472.0,-149189472.0,238202672.0,-0.0,0.0,0.85,1.0,-1.0,1.0,True,True,False,,0,0
28990800.0,156,0.1059262605381271,False,False,ok,,,True,1.0,0.0,1,0.0,1.0,0.0,0.0,2133777.2596830525,16581.679393568076,0.1059262605381271,-16581.679393568076,-0.1059262605381271,156539.83544146415,0.0,0.0,0.1059262605381271,0.014581804487148298,0.00021262902210141823,0.05,1.0,-1082350.312422235,-17828.023370503215,17828.023370503215,-1606569.4140225598,-34941.813264883356,34941.813264883356,-9419999.999999998,-60000.0,60000.0,0.0,0.0,-0.0,0.0,0.0,-0.0,19242979.550999943,119101.33719999343,-119101.33719999343,-5000282.564872149,10250.178828954697,-10250.178828954697,0.5,0.864581823348999,0.5,0.5,8645818.0,285.4638977050781,473.1572265625,313.16363525390625,-150000000.0,0.0,0.0,86456936.0,-44669976.0,-44669976.0,-128232592.0,-128232592.0,236445632.0,-0.0,0.0,0.85,1.0,-1.0,1.0,True,True,False,,0,0
28994400.0,157,0.14049956253249007,False,False,ok,,,True,1.0,0.0,1,0.0,1.0,0.0,0.0,2155771.0380814862,21993.7783984337,0.14049956253249007,-21993.7783984337,-0.14049956253249007,156539.83544146415,0.0,0.0,0.14049956253249007,0.016134665222210076,0.00026032742183279534,0.05,1.0,-1097320.7321052386,-14970.419683003565,14970.419683003565,-1634721.6086311196,-28152.194608559832,28152.194608559832,-9479999.999999998,-60000.0,60000.0,0.0,0.0,-0.0,0.0,0.0,-0.0,19361202.366099935,118222.81509999186,-118222.81509999186,-4993388.987282154,6893.577589995228,-6893.577589995228,0.5,0.8661346435546875,0.5,0.5,8661347.0,285.97662353515625,473.1572265625,313.16363525390625,-150000000.0,0.0,0.0,45316120.0,-40495504.0,-40495504.0,-93358944.0,-93358944.0,238538320.0,-0.0,0.0,0.85,1.0,-1.0,1.0,True,True,False,,0,0
28998000.0,158,0.19179121551799552,False,False,ok,,,True,1.0,0.0,1,0.0,1.0,0.0,0.0,2185794.0033977916,30022.965316305403,0.19179121551799552,-30022.965316305403,-0.19179121551799552,156539.83544146415,0.0,0.0,0.19179121551799552,0.01626713032348659,0.0002646195289612969,0.05,1.0,-1110378.8704510117,-13058.138345773099,13058.138345773099,-1653076.7139880778,-18355.10535695823,18355.10535695823,-9539999.999999998,-60000.0,60000.0,0.0,0.0,-0.0,0.0,0.0,-0.0,19480471.52904993,119269.1629499942,-119269.1629499942,-4991221.941213116,2167.0460690381005,-2167.0460690381005,0.5,0.8662671446800232,0.5,0.5,8662671.0,286.0203552246094,473.1572265625,313.16363525390625,-150000000.0,0.0,0.0,-18234594.0,-33544730.0,-33544730.0,-48756728.0,-48756728.0,250536048.0,-0.0,0.0,0.85,1.0,-1.0,1.0,True,True,False,,0,0
29001600.0,159,0.12688907255190154,False,False,ok,,,True,1.0,0.0,1,0.0,1.0,0.0,0.0,2205657.1979343863,19863.194536594674,0.12688907255190154,-19863.194536594674,-0.12688907255190154,156539.83544146415,0.0,0.0,0.12688907255190154,0.01426841354696673,0.00020358762514726368,0.05,1.0,-1116414.5770121627,-6035.706561150961,6035.706561150961,-1660652.1290268945,-7575.415038816631,7575.415038816631,-9599999.999999998,-60000.0,60000.0,0.0,0.0,-0.0,0.0,0.0,-0.0,19605739.556499925,125268.02744999528,-125268.02744999528,-5023015.652526553,-31793.71131343674,31793.71131343674,0.5,0.86426842212677,0.5,0.5,8642684.0,285.3604431152344,473.1572265625,313.16363525390625,-150000000.0,0.0,0.0,-83274368.0,-2357443.75,-2357443.75,-7411011.0,-7411011.0,243042816.0,-0.0,0.0,0.85,1.0,-1.0,1.0,True,True,False,,0,0
29005200.0,160,0.046073214675214275,False,False,ok,,,True,1.0,0.0,1,0.0,1.0,0.0,0.0,2212869.4913779036,7212.293443517294,0.046073214675214275,-7212.293443517294,-0.046073214675214275,156539.83544146415,0.0,0.0,0.046073214675214275,0.009344491342312633,8.731951844655576e-05,0.05,1.0,-1116529.3889766554,-114.81196449277923,114.81196449277923,-1661676.8196179313,-1024.6905910368077,1024.6905910368077,-9659999.999999998,-60000.0,60000.0,0.0,0.0,-0.0,0.0,0.0,-0.0,19727260.966149922,121521.40964999795,-121521.40964999795,-5076185.266177506,-53169.6136509534,53169.6136509534,0.5,0.859344482421875,0.5,0.5,8593445.0,283.7346496582031,473.1572265625,313.16363525390625,-150000000.0,0.0,0.0,-96792864.0,0.0,0.0,-0.0,-0.0,246792864.0,-0.0,0.0,0.85,1.0,-1.0,1.0,True,True,False,,0,0
29008800.0,161,0.03398951950468965,False,False,ok,,,True,1.0,0.0,1,0.0,1.0,0.0,0.0,2218190.205167902,5320.713789998554,0.03398951950468965,-5320.713789998554,-0.03398951950468965,156539.83544146415,0.0,0.0,0.03398951950468965,0.003500134947117761,1.2250944648035054e-05,0.05,1.0,-1116529.3889766554,0.0,-0.0,-1661676.8196179313,0.0,-0.0,-9719999.999999998,-60000.0,60000.0,0.0,0.0,-0.0,0.0,0.0,-0.0,19850657.397199925,123396.43105000257,-123396.43105000257,-5134260.983437506,-58075.717259999365,58075.717259999365,0.5,0.8535001277923584,0.5,0.5,8535001.0,281.80499267578125,473.1572265625,313.16363525390625,-150000000.0,0.0,0.0,-86021944.0,0.0,0.0,-0.0,-0.0,236021952.0,-0.0,0.0,0.85,1.0,-1.0,1.0,True,True,False,,0,0
29012400.0,162,0.04087014249094463,False,False,ok,,,True,1.0,0.0,1,0.0,1.0,0.0,0.0,2224588.010547904,6397.805380001664,0.04087014249094463,-6397.805380001664,-0.04087014249094463,156539.83544146415,0.0,0.0,0.04087014249094463,0.001075349047407692,1.1563755737606308e-06,0.05,1.0,-1116529.3889766554,0.0,-0.0,-1661676.8196179313,0.0,-0.0,-9779999.999999998,-60000.0,60000.0,0.0,0.0,-0.0,0.0,0.0,-0.0,19968668.370299917,118010.97309999168,-118010.97309999168,-5185874.151157505,-51613.16771999933,51613.16771999933,0.5,0.8489246368408203,0.5,0.5,8489247.0,280.2942810058594,473.1572265625,313.16363525390625,-150000000.0,0.0,0.0,-98297176.0,0.0,0.0,-0.0,-0.0,248297168.0,-0.0,0.0,0.85,1.0,-1.0,1.0,True,True,False,,0,0
29016000.0,163,0.033028542002879836,False,False,ok,,,True,1.0,0.0,1,0.0,1.0,0.0,0.0,2229758.293077906,5170.282530002296,0.033028542002879836,-5170.282530002296,-0.033028542002879836,156539.83544146415,0.0,0.0,0.033028542002879836,0.004645223331220971,2.1578099796919656e-05,0.05,1.0,-1116529.3889766554,0.0,-0.0,-1661676.8196179313,0.0,-0.0,-9839999.999999998,-60000.0,60000.0,0.0,0.0,-0.0,0.0,0.0,-0.0,20092816.957649905,124148.58734998852,-124148.58734998852,-5244852.4559775,-58978.30481999554,58978.30481999554,0.5,0.8453547954559326,0.5,0.5,8453548.0,279.1156005859375,473.1572265625,313.16363525390625,-150000000.0,0.0,0.0,-103660856.0,0.0,0.0,-0.0,-0.0,253660864.0,-0.0,0.0,0.85,1.0,-1.0,1.0,True,True,False,,0,0
29019600.0,164,0.029602139972444937,False,False,ok,,,True,1.0,0.0,1,0.0,1.0,0.0,0.0,2234392.207197908,4633.914120001718,0.029602139972444937,-4633.914120001718,-0.029602139972444937,156539.83544146415,0.0,0.0,0.029602139972444937,0.007490994139016771,5.6114993190783615e-05,0.05,1.0,-1116529.3889766554,0.0,-0.0,-1661676.8196179313,0.0,-0.0,-9899999.999999998,-60000.0,60000.0,0.0,0.0,-0.0,0.0,0.0,-0.0,20219647.387049887,126830.4293999821,-126830.4293999821,-5307048.971257499,-62196.515279999,62196.515279999,0.5,0.8425090312957764,0.5,0.5,8425090.0,278.1759948730469,473.1572265625,313.16363525390625,-150000000.0,0.0,0.0,-81842888.0,0.0,0.0,-0.0,-0.0,231842880.0,-0.0,0.0,0.85,1.0,-1.0,1.0,True,True,False,,0,0
29023200.0,165,0.0435397886472625,False,False,ok,,,True,1.0,0.0,1,0.0,1.0,0.0,0.0,2241207.9185479064,6815.711349998601,0.0435397886472625,-6815.711349998601,-0.0435397886472625,156539.83544146415,0.0,0.0,0.0435397886472625,0.009812136893038836,9.627803040773383e-05,0.05,1.0,-1116529.3889766554,0.0,-0.0,-1661676.8196179313,0.0,-0.0,-9959999.999999998,-60000.0,60000.0,0.0,0.0,-0.0,0.0,0.0,-0.0,20335568.83029988,115921.44324999303,-115921.44324999303,-5356154.7031574985,-49105.73189999908,49105.73189999908,0.5,0.8401878476142883,0.5,0.5,8401879.0,277.40960693359375,473.1572265625,313.16363525390625,-150000000.0,0.0,0.0,-109669528.0,0.0,0.0,-0.0,-0.0,259669536.0,-0.0,0.0,0.85,1.0,-1.0,1.0,False,True,False,,0,0
29026800.0,166,0.025763711764645893,False,False,ok,,,True,1.0,0.0,1,0.0,1.0,0.0,0.0,2245240.9657479054,4033.0471999989823,0.025763711764645893,-4033.0471999989823,-0.025763711764645893,156539.83544146415,0.0,0.0,0.025763711764645893,0.011755622361664275,0.00013819465711006115,0.05,1.0,-1116529.3889766554,0.0,-0.0,-1661676.8196179313,0.0,-0.0,-10019999.999999998,-60000.0,60000.0,0.0,0.0,-0.0,0.0,0.0,-0.0,20465403.59429987,129834.76399999112,-129834.76399999112,-5421956.419957495,-65801.7167999968,65801.7167999968,0.5,0.8382443785667419,0.5,0.5,8382444.0,276.7679138183594,473.1572265625,313.16363525390625,-150000000.0,0.0,0.0,-98646016.0,0.0,0.0,-0.0,-0.0,248646016.0,-0.0,0.0,0.85,1.0,-1.0,1.0,False,True,False,,0,0
29030400.0,167,11.862829035984626,False,True,ok,,,True,1.0,0.0,1,0.0,1.0,0.0,0.0,2250376.3642479037,5135.398499998264,0.032805697575417306,-5135.398499998264,-0.032805697575417306,156539.83544146415,0.0,11.830023338409209,11.862829035984626,0.013514656625918997,0.00018264594371649625,0.05,1.0,-1116529.3889766554,0.0,-0.0,-1661676.8196179313,0.0,-0.0,-10079999.999999998,-60000.0,60000.0,0.0,0.0,-0.0,0.0,0.0,-0.0,20589726.601799857,124323.0074999854,-124323.0074999854,-5481144.028957496,-59187.6090000011,59187.6090000011,0.5,0.8364853262901306,0.5,0.5,8364853.5,276.1871032714844,473.1572265625,313.16363525390625,-150000000.0,0.0,0.0,-109231504.0,0.0,0.0,-0.0,-0.0,259231504.0,-0.0,0.0,0.85,1.0,-1.0,1.0,False,True,False,,0,0
