time,step,reward,terminated,truncated,fmu_status,fmu_error,failure_type,transition_valid,requested_u_tp,requested_u_battery,requested_caes_mode,requested_caes_magnitude,decoded_u_tp,decoded_u_battery,decoded_u_caes,rt_economic_cashflow_total,rt_economic_cashflow_delta,rt_economic_reward,rt_raw_total_cost,rt_normalized_cost,rt_cost_reference,rt_cost_reference_missing,rt_terminal_soc_bonus,rt_reward,rt_terminal_soc_l1_error,rt_terminal_soc_l2_error,rt_terminal_soc_tolerance,rt_terminal_soc_satisfied,rt_economic_cashflow_wind,rt_economic_cashflow_delta_wind,rt_raw_wind_cost,rt_economic_cashflow_pv,rt_economic_cashflow_delta_pv,rt_raw_pv_cost,rt_economic_cashflow_thermal,rt_economic_cashflow_delta_thermal,rt_raw_thermal_cost,rt_economic_cashflow_battery,rt_economic_cashflow_delta_battery,rt_raw_battery_cost,rt_economic_cashflow_caes,rt_economic_cashflow_delta_caes,rt_raw_caes_cost,rt_economic_cashflow_load,rt_economic_cashflow_delta_load,rt_raw_load_cost,rt_economic_cashflow_grid,rt_economic_cashflow_delta_grid,rt_raw_grid_cost,obs_battery_soc,obs_caes_gas_soc,obs_caes_hot_soc,obs_caes_cold_soc,obs_caes_gas_pressure,obs_caes_gas_temperature,obs_caes_hot_temperature,obs_caes_cold_temperature,obs_p_thermal,obs_p_battery,obs_p_caes,obs_p_grid,obs_p_wind_available,obs_p_wind_actual,obs_p_pv_available,obs_p_pv_actual,obs_p_load_actual,obs_p_curtailment,obs_p_unserved,u_tp_dynamic_low,u_tp_dynamic_high,u_battery_dynamic_low,u_battery_dynamic_high,caes_discharge_allowed,caes_idle_allowed,caes_charge_allowed,caes_locked_mode,caes_locked_steps_completed,caes_locked_steps_remaining
19357200.0,0,0.062458488876764064,False,False,ok,,,True,1.0,0.0,1,0.0,1.0,0.0,0.0,9777.241570691165,9777.241570691165,0.062458488876764064,-9777.241570691165,-0.062458488876764064,156539.83544146415,0.0,0.0,0.062458488876764064,0.014722083295243604,0.00021673973655209078,0.05,1.0,-3815.217602967625,-3815.217602967625,3815.217602967625,0.0,0.0,-0.0,-59999.99999999999,-59999.99999999999,59999.99999999999,0.0,0.0,-0.0,0.0,0.0,-0.0,114739.56929999999,114739.56929999999,-114739.56929999999,-41147.110126341206,-41147.110126341206,41147.110126341206,0.5,0.8647220730781555,0.5,0.5,8647221.0,285.5108337402344,473.1572265625,313.16363525390625,-150000000.0,0.0,0.0,-78143600.0,-12615821.0,-12615821.0,-0.0,-0.0,240759424.0,-0.0,0.0,0.85,1.0,-1.0,1.0,True,True,False,,0,0
19360800.0,1,0.0569022206909606,False,False,ok,,,True,1.0,0.0,1,0.0,1.0,0.0,0.0,18684.705833908014,8907.464263216849,0.0569022206909606,-8907.464263216849,-0.0569022206909606,156539.83544146415,0.0,0.0,0.0569022206909606,0.022169436883028415,0.0004914839317105807,0.05,1.0,-7991.986973471223,-4176.769370503598,4176.769370503598,0.0,0.0,-0.0,-119999.99999999999,-59999.99999999999,59999.99999999999,0.0,0.0,-0.0,0.0,0.0,-0.0,235119.28144999998,120379.71214999999,-120379.71214999999,-88442.58864262074,-47295.47851627954,47295.47851627954,0.5,0.8721694350242615,0.5,0.5,8721694.0,287.9697570800781,473.1572265625,313.16363525390625,-150000000.0,0.0,0.0,-66642888.0,-11113502.0,-11113502.0,-0.0,-0.0,227756384.0,-0.0,0.0,0.85,1.0,-1.0,1.0,True,True,False,,0,0
19364400.0,2,0.06255819979156896,False,False,ok,,,True,1.0,0.0,1,0.0,1.0,0.0,0.0,28477.556134794457,9792.850300886443,0.06255819979156896,-9792.850300886443,-0.06255819979156896,156539.83544146415,0.0,0.0,0.06255819979156896,0.025751588345246268,0.0006631443023030234,0.05,1.0,-11587.871784712233,-3595.8848112410105,3595.8848112410105,0.0,0.0,-0.0,-179999.99999999997,-59999.999999999985,59999.999999999985,0.0,0.0,-0.0,0.0,0.0,-0.0,348997.47569999995,113878.19424999997,-113878.19424999997,-128932.0477804933,-40489.45913787256,40489.45913787256,0.5,0.8757516145706177,0.5,0.5,8757516.0,289.1524963378906,473.1572265625,313.16363525390625,-150000000.0,0.0,0.0,-81458416.0,-9270285.0,-9270285.0,-0.0,-0.0,240728704.0,-0.0,0.0,0.85,1.0,-1.0,1.0,True,True,False,,0,0
19368000.0,3,0.05836773576089467,False,False,ok,,,True,1.0,0.0,1,0.0,1.0,0.0,0.0,37614.43188589577,9136.875751101314,0.05836773576089467,-9136.875751101314,-0.05836773576089467,156539.83544146415,0.0,0.0,0.05836773576089467,0.02743507155086866,0.000752683151001283,0.05,1.0,-15681.184183003597,-4093.312398291364,4093.312398291364,-204.25086492369786,-204.25086492369786,204.25086492369786,-239999.99999999997,-60000.0,60000.0,0.0,0.0,-0.0,0.0,0.0,-0.0,469361.8258499999,120364.35014999995,-120364.35014999995,-175861.95891617693,-46929.91113568362,46929.91113568362,0.5,0.8774350881576538,0.5,0.5,8774351.0,289.7083435058594,473.1572265625,313.16363525390625,-150000000.0,0.0,0.0,-35255792.0,-14846284.0,-14846284.0,-1815621.0,-1815621.0,201917696.0,-0.0,0.0,0.85,1.0,-1.0,1.0,True,True,False,,0,0
19371600.0,4,0.12557902563593,False,False,ok,,,True,1.0,0.0,1,0.0,1.0,0.0,0.0,57272.55189384366,19658.120007947888,0.12557902563593,-19658.120007947888,-0.12557902563593,156539.83544146415,0.0,0.0,0.12557902563593,0.029007084736265232,0.0008414109648968714,0.05,1.0,-26397.686213309345,-10716.502030305748,10716.502030305748,-2870.677023358861,-2666.426158435163,2666.426158435163,-299999.99999999994,-59999.99999999997,59999.99999999997,0.0,0.0,-0.0,0.0,0.0,-0.0,570320.67375,100958.84790000005,-100958.84790000005,-183779.75861948813,-7917.799703311204,7917.799703311204,0.5,0.87900710105896,0.5,0.5,8790071.0,290.2273864746094,473.1572265625,313.16363525390625,-150000000.0,0.0,0.0,-16344706.0,-54677224.0,-54677224.0,-21402340.0,-21402340.0,242424272.0,-0.0,0.0,0.85,1.0,-1.0,1.0,True,True,False,,0,0
19375200.0,5,0.14944401714605896,False,False,ok,,,True,1.0,0.0,1,0.0,1.0,0.0,0.0,80666.49374559907,23393.941851755415,0.14944401714605896,-23393.941851755415,-0.14944401714605896,156539.83544146415,0.0,0.0,0.14944401714605896,0.03184035681644082,0.0010138083221982693,0.05,1.0,-56592.54200800358,-30194.85579469423,30194.85579469423,-12657.90743446116,-9787.230411102299,9787.230411102299,-359999.99999999994,-60000.0,60000.0,0.0,0.0,-0.0,0.0,0.0,-0.0,691532.8094500002,121212.13570000022,-121212.13570000022,-181615.86626193617,2163.8923575519584,-2163.8923575519584,0.5,0.8818403482437134,0.5,0.5,8818404.0,291.1628723144531,473.1572265625,313.16363525390625,-150000000.0,0.0,0.0,137259040.0,-132435664.0,-132435664.0,-60547672.0,-60547672.0,205724288.0,-0.0,0.0,0.85,1.0,-1.0,1.0,True,True,False,,0,0
19378800.0,6,-0.0607745904084349,False,False,ok,,,True,1.0,0.0,1,0.0,1.0,0.0,0.0,71152.84936404029,-9513.644381558785,-0.0607745904084349,9513.644381558785,0.0607745904084349,156539.83544146415,0.0,0.0,-0.0607745904084349,0.036027104039711544,0.0012979522254882,0.05,1.0,-104790.44733561148,-48197.9053276079,48197.9053276079,-33285.051280383064,-20627.143845921906,20627.143845921906,-419999.99999999994,-60000.0,60000.0,0.0,0.0,-0.0,0.0,0.0,-0.0,794394.9558999997,102862.14644999953,-102862.14644999953,-165166.6079199651,16449.258341971057,-16449.258341971057,0.5,0.8860270977020264,0.5,0.5,8860271.0,292.54522705078125,473.1572265625,313.16363525390625,-150000000.0,0.0,0.0,195545792.0,-144269376.0,-144269376.0,-108835128.0,-108835128.0,207558720.0,-0.0,0.0,0.85,1.0,-1.0,1.0,True,True,False,,0,0
19382400.0,7,-0.10225366503351659,False,False,ok,,,True,1.0,0.0,1,0.0,1.0,0.0,0.0,55146.077466407005,-16006.771897633284,-0.10225366503351659,16006.771897633284,0.10225366503351659,156539.83544146415,0.0,0.0,-0.10225366503351659,0.04090575340636482,0.001673280661742327,0.05,1.0,-154022.85383417262,-49232.40649856115,49232.40649856115,-64725.47210672287,-31440.420826339803,31440.420826339803,-479999.99999999994,-60000.0,60000.0,0.0,0.0,-0.0,0.0,0.0,-0.0,898174.3124500001,103779.35655000038,-103779.35655000038,-144279.90904269743,20886.698877267685,-20886.698877267685,0.5,0.8909057378768921,0.5,0.5,8909058.0,294.1560363769531,473.1572265625,313.16363525390625,-150000000.0,0.0,0.0,195962096.0,-136309584.0,-136309584.0,-146054224.0,-146054224.0,236401728.0,-0.0,0.0,0.85,1.0,-1.0,1.0,True,True,False,,0,0
19386000.0,8,-0.03951727084434197,False,False,ok,,,True,1.0,0.0,1,0.0,1.0,0.0,0.0,48960.05039133794,-6186.0270750690615,-0.03951727084434197,6186.0270750690615,0.03951727084434197,156539.83544146415,0.0,0.0,-0.03951727084434197,0.045983974965984054,0.0021145259536722483,0.05,1.0,-198326.3836543165,-44303.529820143885,44303.529820143885,-104894.36956023809,-40168.89745351522,40168.89745351522,-539999.9999999999,-59999.99999999994,59999.99999999994,0.0,0.0,-0.0,0.0,0.0,-0.0,1016375.1747500002,118200.86230000015,-118200.86230000015,-124194.3711441074,20085.53789859003,-20085.53789859003,0.5,0.8959839940071106,0.5,0.5,8959840.0,295.8327331542969,473.1572265625,313.16363525390625,-150000000.0,0.0,0.0,233145808.0,-115102432.0,-115102432.0,-178142080.0,-178142080.0,210098704.0,-0.0,0.0,0.85,1.0,-1.0,1.0,True,True,False,,0,0
19389600.0,9,-0.10043366903019998,False,False,ok,,,True,1.0,0.0,1,0.0,1.0,0.0,0.0,33238.18036856796,-15721.870022769981,-0.10043366903019998,15721.870022769981,0.10043366903019998,156539.83544146415,0.0,0.0,-0.10043366903019998,0.05108618226405126,0.0026097980183158657,0.05,0.0,-235628.2680126798,-37301.884358363284,37301.884358363284,-151756.28200966035,-46861.91244942226,46861.91244942226,-599999.9999999999,-60000.0,60000.0,0.0,0.0,-0.0,0.0,0.0,-0.0,1121424.5254499996,105049.35069999937,-105049.35069999937,-100801.79505909183,23392.576085015564,-23392.576085015564,0.5,0.9010862112045288,0.5,0.5,9010862.0,297.5173645019531,473.1572265625,313.16363525390625,-150000000.0,0.0,0.0,208193408.0,-96526736.0,-96526736.0,-198567088.0,-198567088.0,236900416.0,-0.0,0.0,0.85,1.0,-1.0,1.0,True,True,False,,0,0
19393200.0,10,-0.019075371955879567,False,False,ok,,,True,1.0,0.0,1,0.0,1.0,0.0,0.0,30252.124781609855,-2986.0555869581076,-0.019075371955879567,2986.0555869581076,0.019075371955879567,156539.83544146415,0.0,0.0,-0.019075371955879567,0.05592430734408238,0.0031275281519153866,0.05,0.0,-266873.5162656474,-31245.248252967634,31245.248252967634,-202469.93241058144,-50713.65040092109,50713.65040092109,-659999.9999999999,-60000.0,60000.0,0.0,0.0,-0.0,0.0,0.0,-0.0,1239874.7368500005,118450.21140000084,-118450.21140000084,-80279.16339216122,20522.63166693061,-20522.63166693061,0.5,0.9059243202209473,0.5,0.5,9059243.0,299.1147766113281,473.1572265625,313.16363525390625,-150000000.0,0.0,0.0,195351184.0,-80720896.0,-80720896.0,-207988848.0,-207988848.0,243358560.0,-0.0,0.0,0.85,1.0,-1.0,1.0,True,True,False,,0,0
19396800.0,11,0.01901452202542997,False,False,ok,,,True,1.0,0.0,1,0.0,1.0,0.0,0.0,33228.65493046876,2976.530148858903,0.01901452202542997,-2976.530148858903,-0.01901452202542997,156539.83544146415,0.0,0.0,0.01901452202542997,0.06016472774738546,0.0036197944649170137,0.05,0.0,-292499.81716969423,-25626.300904046802,25626.300904046802,-254240.58848623716,-51770.656075655716,51770.656075655716,-719999.9999999999,-60000.0,60000.0,0.0,0.0,-0.0,0.0,0.0,-0.0,1361554.0174000007,121679.28055000026,-121679.28055000026,-61584.95681359987,18694.206578561352,-18694.206578561352,0.5,0.9101647138595581,0.5,0.5,9101647.0,300.5148620605469,473.1572265625,313.16363525390625,-150000000.0,0.0,0.0,209969376.0,-64448828.0,-64448828.0,-205972496.0,-205972496.0,210451952.0,-0.0,0.0,0.85,1.0,-1.0,1.0,True,True,False,,0,0
19400400.0,12,-0.032907582069441686,False,False,ok,,,True,1.0,0.0,1,0.0,1.0,0.0,0.0,28077.30744854188,-5151.347481926878,-0.032907582069441686,5151.347481926878,0.032907582069441686,156539.83544146415,0.0,0.0,-0.032907582069441686,0.06348075258241581,0.004029805948429892,0.05,0.0,-312768.0801275179,-20268.262957823696,20268.262957823696,-303998.58228251565,-49757.99379627849,49757.99379627849,-779999.9999999999,-60000.0,60000.0,0.0,0.0,-0.0,0.0,0.0,-0.0,1466779.9917499996,105225.97434999887,-105225.97434999887,-41936.02189142457,19648.9349221753,-19648.9349221753,0.5,0.9134807586669922,0.5,0.5,9134808.0,301.6097412109375,473.1572265625,313.16363525390625,-150000000.0,0.0,0.0,154403776.0,-50290660.0,-50290660.0,-190551104.0,-190551104.0,236437984.0,-0.0,0.0,0.85,1.0,-1.0,1.0,True,True,False,,0,0
19404000.0,13,0.06825469680784622,False,False,ok,,,True,1.0,0.0,1,0.0,1.0,0.0,0.0,38761.886454949155,10684.579006407275,0.06825469680784622,-10684.579006407275,-0.06825469680784622,156539.83544146415,0.0,0.0,0.06825469680784622,0.0655749940811362,0.004300079848741049,0.05,0.0,-329244.06951312954,-16475.98938561161,16475.98938561161,-349202.0034603947,-45203.421177879034,45203.421177879034,-839999.9999999999,-60000.0,60000.0,0.0,0.0,-0.0,0.0,0.0,-0.0,1584998.9862000006,118218.99445000105,-118218.99445000105,-27791.02677152685,14144.995119897721,-14144.995119897721,0.5,0.9155749678611755,0.5,0.5,9155750.0,302.30120849609375,473.1572265625,313.16363525390625,-150000000.0,0.0,0.0,131403736.0,-43253080.0,-43253080.0,-168815664.0,-168815664.0,230664992.0,-0.0,0.0,0.85,1.0,-1.0,1.0,True,True,False,,0,0
19407600.0,14,0.08654006186813663,False,False,ok,,,True,1.0,0.0,1,0.0,1.0,0.0,0.0,52308.85349888139,13546.967043932236,0.08654006186813663,-13546.967043932236,-0.08654006186813663,156539.83544146415,0.0,0.0,0.08654006186813663,0.06625105844215196,0.004389202744705434,0.05,0.0,-344250.41499091726,-15006.34547778772,15006.34547778772,-387535.6939231412,-38333.69046274654,38333.69046274654,-899999.9999999999,-60000.0,60000.0,0.0,0.0,-0.0,0.0,0.0,-0.0,1700331.4856000007,115332.49940000009,-115332.49940000009,-16236.523187060302,11554.503584466547,-11554.503584466547,0.5,0.9162510633468628,0.5,0.5,9162511.0,302.5244140625,473.1572265625,313.16363525390625,-150000000.0,0.0,0.0,100837992.0,-42415188.0,-42415188.0,-134071408.0,-134071408.0,225648608.0,-0.0,0.0,0.85,1.0,-1.0,1.0,True,True,False,,0,0
19411200.0,15,0.11316920888717101,False,False,ok,,,True,1.0,0.0,1,0.0,1.0,0.0,0.0,70024.34283511982,17715.489336238432,0.11316920888717101,-17715.489336238432,-0.11316920888717101,156539.83544146415,0.0,0.0,0.11316920888717101,0.06557655293965603,0.00430028429544751,0.05,0.0,-357706.2795539569,-13455.86456303962,13455.86456303962,-417423.3979781729,-29887.704055031703,29887.704055031703,-959999.9999999999,-60000.0,60000.0,0.0,0.0,-0.0,0.0,0.0,-0.0,1813155.7901000017,112824.30450000102,-112824.30450000102,-8001.769732750605,8234.753454309697,-8234.753454309697,0.5,0.9155765771865845,0.5,0.5,9155766.0,302.3017272949219,473.1572265625,313.16363525390625,-150000000.0,0.0,0.0,37347876.0,-33789580.0,-33789580.0,-101525056.0,-101525056.0,247966768.0,-0.0,0.0,0.85,1.0,-1.0,1.0,True,True,False,,0,0
19414800.0,16,0.21491640658201744,False,False,ok,,,True,1.0,0.0,1,0.0,1.0,0.0,0.0,103667.32175513964,33642.978920019814,0.21491640658201744,-33642.978920019814,-0.21491640658201744,156539.83544146415,0.0,0.0,0.21491640658201744,0.06392715211106148,0.004086680777030793,0.05,0.0,-367118.0360633094,-9411.756509352534,9411.756509352534,-437719.7120912497,-20296.314113076776,20296.314113076776,-1019999.9999999999,-60000.0,60000.0,0.0,0.0,-0.0,0.0,0.0,-0.0,1937139.171850001,123983.38174999924,-123983.38174999924,-8634.10194030143,-632.3322075508258,632.3322075508258,0.5,0.9139271378517151,0.5,0.5,9139272.0,301.7571105957031,473.1572265625,313.16363525390625,-150000000.0,0.0,0.0,15866868.0,-19213142.0,-19213142.0,-55875904.0,-55875904.0,209222176.0,-0.0,0.0,0.85,1.0,-1.0,1.0,True,True,False,,0,0
19418400.0,17,0.14613191041443976,False,False,ok,,,True,1.0,0.0,1,0.0,1.0,0.0,0.0,126542.78696416282,22875.465209023183,0.14613191041443976,-22875.465209023183,-0.14613191041443976,156539.83544146415,0.0,0.0,0.14613191041443976,0.06116052565317809,0.0037406098981730552,0.05,0.0,-369595.99780282023,-2477.9617395108216,2477.9617395108216,-447219.77910459857,-9500.06701334886,9500.06701334886,-1079999.9999999998,-59999.99999999988,59999.99999999988,0.0,0.0,-0.0,0.0,0.0,-0.0,2041750.260550002,104611.08870000113,-104611.08870000113,-18391.696678418593,-9757.594738117163,9757.594738117163,0.5,0.9111605286598206,0.5,0.5,9111605.0,300.8436584472656,473.1572265625,313.16363525390625,-150000000.0,0.0,0.0,-44272896.0,0.0,0.0,-15763990.0,-15763990.0,210036880.0,-0.0,0.0,0.85,1.0,-1.0,1.0,True,True,False,,0,0
19422000.0,18,0.0769909492246958,False,False,ok,,,True,1.0,0.0,1,0.0,1.0,0.0,0.0,138594.93748627882,12052.150522116004,0.0769909492246958,-12052.150522116004,-0.0769909492246958,156539.83544146415,0.0,0.0,0.0769909492246958,0.05632515153358586,0.0031725226952814094,0.05,0.0,-369595.99780282023,0.0,-0.0,-449402.5212775386,-2182.742172940052,2182.742172940052,-1139999.9999999998,-60000.0,60000.0,0.0,0.0,-0.0,0.0,0.0,-0.0,2146768.7031500023,105018.44260000018,-105018.44260000018,-49175.24658336256,-30783.549904943968,30783.549904943968,0.5,0.9063251614570618,0.5,0.5,9063252.0,299.2471008300781,473.1572265625,313.16363525390625,-150000000.0,0.0,0.0,-82956032.0,0.0,0.0,-0.0,-0.0,232956032.0,-0.0,0.0,0.85,1.0,-1.0,1.0,True,True,False,,0,0
19425600.0,19,0.042828692908054605,False,False,ok,,,True,1.0,0.0,1,0.0,1.0,0.0,0.0,145299.3340262787,6704.396539999871,0.042828692908054605,-6704.396539999871,-0.042828692908054605,156539.83544146415,0.0,0.0,0.042828692908054605,0.050972668892432016,0.0025982129740175063,0.05,0.0,-369595.99780282023,0.0,-0.0,-449402.5212775386,0.0,-0.0,-1199999.9999999998,-60000.0,60000.0,0.0,0.0,-0.0,0.0,0.0,-0.0,2263246.720450002,116478.01729999948,-116478.01729999948,-98948.86734336258,-49773.62076000002,49773.62076000002,0.5,0.9009726643562317,0.5,0.5,9009727.0,297.4798583984375,473.1572265625,313.16363525390625,-150000000.0,0.0,0.0,-86955256.0,0.0,0.0,-0.0,-0.0,236955248.0,-0.0,0.0,0.85,1.0,-1.0,1.0,True,True,False,,0,0
19429200.0,20,0.040273930480509854,False,False,ok,,,True,1.0,0.0,1,0.0,1.0,0.0,0.0,151603.80847627867,6304.47444999998,0.040273930480509854,-6304.47444999998,-0.040273930480509854,156539.83544146415,0.0,0.0,0.040273930480509854,0.04697051893913118,0.002206229649411281,0.05,1.0,-369595.99780282023,0.0,-0.0,-449402.5212775386,0.0,-0.0,-1259999.9999999998,-60000.0,60000.0,0.0,0.0,-0.0,0.0,0.0,-0.0,2381724.3482000036,118477.62775000185,-118477.62775000185,-151122.0206433626,-52173.15330000002,52173.15330000002,0.5,0.8969705104827881,0.5,0.5,8969705.0,296.1584167480469,473.1572265625,313.16363525390625,-150000000.0,0.0,0.0,-68718392.0,0.0,0.0,-0.0,-0.0,218718400.0,-0.0,0.0,0.85,1.0,-1.0,1.0,True,True,False,,0,0
19432800.0,21,0.05192391276685156,False,False,ok,,,True,1.0,0.0,1,0.0,1.0,0.0,0.0,159731.96923627856,8128.160759999882,0.05192391276685156,-8128.160759999882,-0.05192391276685156,156539.83544146415,0.0,0.0,0.05192391276685156,0.04345900031113459,0.0018886847080431962,0.05,1.0,-369595.99780282023,0.0,-0.0,-449402.5212775386,0.0,-0.0,-1319999.9999999998,-60000.0,60000.0,0.0,0.0,-0.0,0.0,0.0,-0.0,2491083.544400002,109359.19619999826,-109359.19619999826,-192353.05608336272,-41231.03544000012,41231.03544000012,0.5,0.8934590220451355,0.5,0.5,8934590.0,294.9989929199219,473.1572265625,313.16363525390625,-150000000.0,0.0,0.0,-98803984.0,0.0,0.0,-0.0,-0.0,248803984.0,-0.0,0.0,0.85,1.0,-1.0,1.0,True,True,False,,0,0
19436400.0,22,0.03270478402869197,False,False,ok,,,True,1.0,0.0,1,0.0,1.0,0.0,0.0,164851.57074627862,5119.601510000066,0.03270478402869197,-5119.601510000066,-0.03270478402869197,156539.83544146415,0.0,0.0,0.03270478402869197,0.03987526752900128,0.0015900369605094237,0.05,1.0,-369595.99780282023,0.0,-0.0,-449402.5212775386,0.0,-0.0,-1379999.9999999998,-60000.0,60000.0,0.0,0.0,-0.0,0.0,0.0,-0.0,2615485.53685,124401.99244999792,-124401.99244999792,-251635.44702336262,-59282.390939999896,59282.390939999896,0.5,0.8898752927780151,0.5,0.5,8898753.0,293.81573486328125,473.1572265625,313.16363525390625,-150000000.0,0.0,0.0,-51760564.0,0.0,0.0,-0.0,-0.0,201760560.0,-0.0,0.0,0.85,1.0,-1.0,1.0,True,True,False,,0,0
19440000.0,23,0.06275682909909197,False,False,ok,,,True,1.0,0.0,1,0.0,1.0,0.0,0.0,174675.51444627857,9823.943699999945,0.06275682909909197,-9823.943699999945,-0.06275682909909197,156539.83544146415,0.0,0.0,0.06275682909909197,0.0364301595548574,0.0013271565251923678,0.05,1.0,-369595.99780282023,0.0,-0.0,-449402.5212775386,0.0,-0.0,-1439999.9999999998,-60000.0,60000.0,0.0,0.0,-0.0,0.0,0.0,-0.0,2716365.8183500012,100880.28150000144,-100880.28150000144,-282691.7848233625,-31056.337799999863,31056.337799999863,0.5,0.8864301443099976,0.5,0.5,8864302.0,292.6782531738281,473.1572265625,313.16363525390625,-150000000.0,0.0,0.0,-66412324.0,0.0,0.0,-0.0,-0.0,216412320.0,-0.0,0.0,0.85,1.0,-1.0,1.0,True,True,False,,0,0
19443600.0,24,0.05339706367026153,False,False,ok,,,True,1.0,0.0,1,0.0,1.0,0.0,0.0,183034.2820062787,8358.767560000124,0.05339706367026153,-8358.767560000124,-0.05339706367026153,156539.83544146415,0.0,0.0,0.05339706367026153,0.033337529601155436,0.0011113908799079148,0.05,1.0,-369595.99780282023,0.0,-0.0,-449402.5212775386,0.0,-0.0,-1499999.9999999998,-60000.0,60000.0,0.0,0.0,-0.0,0.0,0.0,-0.0,2824571.9805500032,108206.162200002,-108206.162200002,-322539.1794633623,-39847.39463999984,39847.39463999984,0.5,0.8833375573158264,0.5,0.5,8833375.0,291.6571350097656,473.1572265625,313.16363525390625,-150000000.0,0.0,0.0,-82547968.0,0.0,0.0,-0.0,-0.0,232547968.0,-0.0,0.0,0.85,1.0,-1.0,1.0,True,True,False,,0,0
19447200.0,25,0.04308937262504193,False,False,ok,,,True,1.0,0.0,1,0.0,1.0,0.0,0.0,189779.4853062787,6745.203299999994,0.04308937262504193,-6745.203299999994,-0.04308937262504193,156539.83544146415,0.0,0.0,0.04308937262504193,0.030557219345444087,0.0009337436541255824,0.05,1.0,-369595.99780282023,0.0,-0.0,-449402.5212775386,0.0,-0.0,-1559999.9999999998,-60000.0,60000.0,0.0,0.0,-0.0,0.0,0.0,-0.0,2940845.9640500024,116273.98349999916,-116273.98349999916,-372067.95966336236,-49528.78020000004,49528.78020000004,0.5,0.8805572390556335,0.5,0.5,8805572.0,290.7391357421875,473.1572265625,313.16363525390625,-150000000.0,0.0,0.0,-51967516.0,0.0,0.0,-0.0,-0.0,201967520.0,-0.0,0.0,0.85,1.0,-1.0,1.0,True,True,False,,0,0
19450800.0,26,0.0626246236451801,False,False,ok,,,True,1.0,0.0,1,0.0,1.0,0.0,0.0,199582.7335862788,9803.248280000116,0.0626246236451801,-9803.248280000116,-0.0626246236451801,156539.83544146415,0.0,0.0,0.0626246236451801,0.028007411085017253,0.0007844150756851473,0.05,1.0,-369595.99780282023,0.0,-0.0,-449402.5212775386,0.0,-0.0,-1619999.9999999998,-60000.0,60000.0,0.0,0.0,-0.0,0.0,0.0,-0.0,3041829.7226500027,100983.75860000029,-100983.75860000029,-403248.46998336224,-31180.510319999885,31180.510319999885,0.5,0.8780074119567871,0.5,0.5,8780074.0,289.8972473144531,473.1572265625,313.16363525390625,-150000000.0,0.0,0.0,-56781100.0,0.0,0.0,-0.0,-0.0,206781104.0,-0.0,0.0,0.85,1.0,-1.0,1.0,True,True,False,,0,0
19454400.0,27,0.06161561268353097,False,False,ok,,,True,1.0,0.0,1,0.0,1.0,0.0,0.0,209228.03145638373,9645.297870104929,0.06161561268353097,-9645.297870104929,-0.06161561268353097,156539.83544146415,0.0,0.0,0.06161561268353097,0.025789220954970826,0.0006650839174643064,0.05,1.0,-369595.99780282023,0.0,-0.0,-449633.5269490422,-231.0056715036044,231.0056715036044,-1679999.9999999998,-60000.0,60000.0,0.0,0.0,-0.0,0.0,0.0,-0.0,3145220.2730000047,103390.55035000201,-103390.55035000201,-436762.71679175366,-33514.246808391414,33514.246808391414,0.5,0.875789225101471,0.5,0.5,8757892.0,289.16485595703125,473.1572265625,313.16363525390625,-150000000.0,0.0,0.0,-59882496.0,0.0,0.0,-2054473.75,-2054473.75,211936976.0,-0.0,0.0,0.85,1.0,-1.0,1.0,True,True,False,,0,0
19458000.0,28,0.0881446991241425,False,False,ok,,,True,1.0,0.0,1,0.0,1.0,0.0,0.0,223026.18815231437,13798.156695930636,0.0881446991241425,-13798.156695930636,-0.0881446991241425,156539.83544146415,0.0,0.0,0.0881446991241425,0.026008050319784703,0.0006764186814364532,0.05,1.0,-369595.99780282023,0.0,-0.0,-453199.1366032783,-3565.609654236061,3565.609654236061,-1739999.9999999998,-60000.0,60000.0,0.0,0.0,-0.0,0.0,0.0,-0.0,3251188.7571000056,105968.48410000093,-105968.48410000093,-465367.43454158696,-28604.717749833304,28604.717749833304,0.5,0.8760080337524414,0.5,0.5,8760081.0,289.2370910644531,473.1572265625,313.16363525390625,-150000000.0,0.0,0.0,-64015596.0,0.0,0.0,-28952376.0,-28952376.0,242967968.0,-0.0,0.0,0.85,1.0,-1.0,1.0,True,True,False,,0,0
19461600.0,29,0.14922472582618865,False,False,ok,,,True,1.0,0.0,1,0.0,1.0,0.0,0.0,246385.80217694354,23359.614024629176,0.14922472582618865,-23359.614024629176,-0.14922472582618865,156539.83544146415,0.0,0.0,0.14922472582618865,0.030104926303150203,0.0009063065877181049,0.05,1.0,-369595.99780282023,0.0,-0.0,-465810.8589851563,-12611.722381878004,12611.722381878004,-1799999.9999999998,-60000.0,60000.0,0.0,0.0,-0.0,0.0,0.0,-0.0,3372672.743650007,121483.98655000143,-121483.98655000143,-490880.08468507975,-25512.650143492792,25512.650143492792,0.5,0.8801048994064331,0.5,0.5,8801049.0,290.58978271484375,473.1572265625,313.16363525390625,-150000000.0,0.0,0.0,-19515700.0,-167607.8125,-167607.8125,-76040608.0,-76040608.0,245723920.0,-0.0,0.0,0.85,1.0,-1.0,1.0,True,True,False,,0,0
19465200.0,30,0.23144097086093968,False,False,ok,,,True,1.0,0.0,1,0.0,1.0,0.0,0.0,282615.53366992774,36229.731492984196,0.23144097086093968,-36229.731492984196,-0.23144097086093968,156539.83544146415,0.0,0.0,0.23144097086093968,0.03731885608490293,0.0013926970194856963,0.05,1.0,-369601.8640762015,-5.866273381281644,5.866273381281644,-489816.62909383024,-24005.770108673954,24005.770108673954,-1859999.9999999998,-60000.0,60000.0,0.0,0.0,-0.0,0.0,0.0,-0.0,3495534.7005500067,122861.95689999964,-122861.95689999964,-493500.67371004034,-2620.5890249605873,2620.5890249605873,0.5,0.8873188495635986,0.5,0.5,8873189.0,292.9716491699219,473.1572265625,313.16363525390625,-150000000.0,0.0,0.0,69170880.0,0.0,0.0,-119551256.0,-119551256.0,200380384.0,-0.0,0.0,0.85,1.0,-1.0,1.0,True,True,False,,0,0
19468800.0,31,0.09387998119699698,False,False,ok,,,True,1.0,0.0,1,0.0,1.0,0.0,0.0,297311.4904777534,14695.956807825656,0.09387998119699698,-14695.956807825656,-0.09387998119699698,156539.83544146415,0.0,0.0,0.09387998119699698,0.04557083440358978,0.002076700948239402,0.05,1.0,-369601.8640762015,0.0,-0.0,-523910.2880807878,-34093.65898695757,34093.65898695757,-1919999.9999999998,-60000.0,60000.0,0.0,0.0,-0.0,0.0,0.0,-0.0,3595724.890800005,100190.19024999812,-100190.19024999812,-484901.24816525733,8599.425544783007,-8599.425544783007,0.5,0.8955708146095276,0.5,0.5,8955708.0,295.69622802734375,473.1572265625,313.16363525390625,-150000000.0,0.0,0.0,94032968.0,0.0,0.0,-156342048.0,-156342048.0,212309072.0,-0.0,0.0,0.85,1.0,-1.0,1.0,True,True,False,,0,0
19472400.0,32,0.09305933621553429,False,False,ok,,,True,1.0,0.0,1,0.0,1.0,0.0,0.0,311878.983655225,14567.493177471624,0.09305933621553429,-14567.493177471624,-0.09305933621553429,156539.83544146415,0.0,0.0,0.09305933621553429,0.052781545872142344,0.0027858915846530664,0.05,0.0,-369601.8640762015,0.0,-0.0,-566170.5180516685,-42260.229970880726,42260.229970880726,-1979999.9999999998,-60000.0,60000.0,0.0,0.0,-0.0,0.0,0.0,-0.0,3701879.429750003,106154.5389499981,-106154.5389499981,-474228.06396690506,10673.184198352275,-10673.184198352275,0.5,0.9027815461158752,0.5,0.5,9027815.0,298.0770263671875,473.1572265625,313.16363525390625,-150000000.0,0.0,0.0,103656080.0,0.0,0.0,-184142576.0,-184142576.0,230486480.0,-0.0,0.0,0.85,1.0,-1.0,1.0,True,True,False,,0,0
19476000.0,33,0.11716388150917045,False,False,ok,,,True,1.0,0.0,1,0.0,1.0,0.0,0.0,330219.79838635377,18340.814731128747,0.11716388150917045,-18340.814731128747,-0.11716388150917045,156539.83544146415,0.0,0.0,0.11716388150917045,0.058876990043433164,0.003466499956574528,0.05,0.0,-369601.8640762015,0.0,-0.0,-614260.1500331206,-48089.63198145211,48089.63198145211,-2039999.9999999998,-60000.0,60000.0,0.0,0.0,-0.0,0.0,0.0,-0.0,3817122.672150003,115243.24239999987,-115243.24239999987,-463040.85965432413,11187.204312580929,-11187.204312580929,0.5,0.9088770151138306,0.5,0.5,9088770.0,300.089599609375,473.1572265625,313.16363525390625,-150000000.0,0.0,0.0,102928504.0,0.0,0.0,-202154192.0,-202154192.0,249225680.0,-0.0,0.0,0.85,1.0,-1.0,1.0,True,True,False,,0,0
19479600.0,34,0.15405371806968637,False,False,ok,,,True,1.0,0.0,1,0.0,1.0,0.0,0.0,354335.3420621282,24115.543675774417,0.15405371806968637,-24115.543675774417,-0.15405371806968637,156539.83544146415,0.0,0.0,0.15405371806968637,0.06397207806019956,0.004092426771340266,0.05,0.0,-369601.8640762015,0.0,-0.0,-665218.0299734962,-50957.87994037557,50957.87994037557,-2099999.9999999995,-59999.99999999977,59999.99999999977,0.0,0.0,-0.0,0.0,0.0,-0.0,3941735.5117000015,124612.83954999875,-124612.83954999875,-452580.2755881737,10460.584066150419,-10460.584066150419,0.5,0.9139720797538757,0.5,0.5,9139721.0,301.7718505859375,473.1572265625,313.16363525390625,-150000000.0,0.0,0.0,106873952.0,0.0,0.0,-205839504.0,-205839504.0,248965552.0,-0.0,0.0,0.85,1.0,-1.0,1.0,True,True,False,,0,0
19483200.0,35,0.1523556391915543,False,False,ok,,,True,1.0,0.0,1,0.0,1.0,0.0,0.0,378185.0687497532,23849.726687624992,0.1523556391915543,-23849.726687624992,-0.1523556391915543,156539.83544146415,0.0,0.0,0.1523556391915543,0.06813203573798576,0.004641974293802169,0.05,0.0,-369601.8640762015,0.0,-0.0,-716445.5251607877,-51227.495187291526,51227.495187291526,-2159999.9999999995,-60000.0,60000.0,0.0,0.0,-0.0,0.0,0.0,-0.0,4066218.2914500013,124482.77974999975,-124482.77974999975,-441985.8334632572,10594.442124916532,-10594.442124916532,0.5,0.9181320071220398,0.5,0.5,9181320.0,303.1453552246094,473.1572265625,313.16363525390625,-150000000.0,0.0,0.0,122815256.0,0.0,0.0,-203774992.0,-203774992.0,230959728.0,-0.0,0.0,0.85,1.0,-1.0,1.0,True,True,False,,0,0
19486800.0,36,0.11166756727407728,False,False,ok,,,True,1.0,0.0,1,0.0,1.0,0.0,0.0,395665.49135498586,17480.422605232685,0.11166756727407728,-17480.422605232685,-0.11166756727407728,156539.83544146415,0.0,0.0,0.11166756727407728,0.07136242387563008,0.005092595541405098,0.05,0.0,-369601.8640762015,0.0,-0.0,-766284.6420854001,-49839.11692461232,49839.11692461232,-2219999.9999999995,-60000.0,60000.0,0.0,0.0,-0.0,0.0,0.0,-0.0,4181698.1574000027,115479.8659500014,-115479.8659500014,-430146.1598834123,11839.673579844879,-11839.673579844879,0.5,0.9213624000549316,0.5,0.5,9213624.0,304.21197509765625,473.1572265625,313.16363525390625,-150000000.0,0.0,0.0,96536472.0,0.0,-0.0,-193952368.0,-193952368.0,247415904.0,-0.0,0.0,0.85,1.0,-1.0,1.0,True,True,False,,0,0
19490400.0,37,0.16763583043614572,False,False,ok,,,True,1.0,0.0,1,0.0,1.0,0.0,0.0,421907.1766655533,26241.685310567438,0.16763583043614572,-26241.685310567438,-0.16763583043614572,156539.83544146415,0.0,0.0,0.16763583043614572,0.07358830496103341,0.0054152386270380545,0.05,0.0,-369601.8640762015,0.0,-0.0,-812492.4321677878,-46207.79008238774,46207.79008238774,-2279999.9999999995,-60000.0,60000.0,0.0,0.0,-0.0,0.0,0.0,-0.0,4305406.106600004,123707.94920000155,-123707.94920000155,-421404.6336904573,8741.526192954974,-8741.526192954974,0.5,0.9235882759094238,0.5,0.5,9235883.0,304.9468994140625,473.1572265625,313.16363525390625,-150000000.0,0.0,0.0,104870096.0,0.0,0.0,-173558128.0,-173558128.0,218688032.0,-0.0,0.0,0.85,1.0,-1.0,1.0,True,True,False,,0,0
19494000.0,38,0.11722128387046697,False,False,ok,,,True,1.0,0.0,1,0.0,1.0,0.0,0.0,440256.97715287335,18349.800487320055,0.11722128387046697,-18349.800487320055,-0.11722128387046697,156539.83544146415,0.0,0.0,0.11722128387046697,0.07473431615775616,0.005585218011567454,0.05,0.0,-369601.8640762015,0.0,-0.0,-852701.4565555876,-40209.024387799785,40209.024387799785,-2339999.9999999995,-60000.0,60000.0,0.0,0.0,-0.0,0.0,0.0,-0.0,4414750.1255000075,109344.01890000328,-109344.01890000328,-412189.82771533745,9214.805975119874,-9214.805975119874,0.5,0.9247342944145203,0.5,0.5,9247343.0,305.3252868652344,473.1572265625,313.16363525390625,-150000000.0,0.0,0.0,83619496.0,0.0,0.0,-144997760.0,-144997760.0,211378272.0,-0.0,0.0,0.85,1.0,-1.0,1.0,True,True,False,,0,0
19497600.0,39,0.12930479345270673,False,False,ok,,,True,1.0,0.0,1,0.0,1.0,0.0,0.0,460498.3282417526,20241.351088879223,0.12930479345270673,-20241.351088879223,-0.12930479345270673,156539.83544146415,0.0,0.0,0.12930479345270673,0.0747827689896079,0.00559246253775306,0.05,0.0,-369601.8640762015,0.0,-0.0,-884884.7172741222,-32183.260718534584,32183.260718534584,-2399999.9999999995,-60000.0,60000.0,0.0,0.0,-0.0,0.0,0.0,-0.0,4520439.25990001,105689.13440000266,-105689.13440000266,-405454.3503079237,6735.477407413768,-6735.477407413768,0.5,0.9247827529907227,0.5,0.5,9247828.0,305.3412780761719,473.1572265625,313.16363525390625,-150000000.0,0.0,0.0,29981614.0,0.0,0.0,-108390776.0,-108390776.0,228409168.0,-0.0,0.0,0.85,1.0,-1.0,1.0,True,True,False,,0,0
19501200.0,40,0.20656072943159318,False,False,ok,,,True,1.0,0.0,1,0.0,1.0,0.0,0.0,492833.310835643,32334.982593890396,0.20656072943159318,-32334.982593890396,-0.20656072943159318,156539.83544146415,0.0,0.0,0.20656072943159318,0.07371127483293505,0.005433352037496484,0.05,0.0,-369601.8640762015,0.0,-0.0,-907233.5915845907,-22348.874310468556,22348.874310468556,-2459999.9999999995,-60000.0,60000.0,0.0,0.0,-0.0,0.0,0.0,-0.0,4634643.842150007,114204.58224999718,-114204.58224999718,-404975.0756535646,479.2746543590911,-479.2746543590911,0.5,0.9237112998962402,0.5,0.5,9237113.0,304.98748779296875,473.1572265625,313.16363525390625,-150000000.0,0.0,0.0,-12403276.0,0.0,0.0,-65600788.0,-65600788.0,228004064.0,-0.0,0.0,0.85,1.0,-1.0,1.0,True,True,False,,0,0
19504800.0,41,0.1503517564313953,False,False,ok,,,True,1.0,0.0,1,0.0,1.0,0.0,0.0,516369.3500457487,23536.039210105722,0.1503517564313953,-23536.039210105722,-0.1503517564313953,156539.83544146415,0.0,0.0,0.1503517564313953,0.070098863327555,0.004913850639815235,0.05,0.0,-369601.8640762015,0.0,-0.0,-918902.4812775234,-11668.889692932717,11668.889692932717,-2519999.9999999995,-60000.0,60000.0,0.0,0.0,-0.0,0.0,0.0,-0.0,4748645.873950009,114002.03180000186,-114002.03180000186,-423772.1785505262,-18797.102896961616,18797.102896961616,0.5,0.9200988411903381,0.5,0.5,9200989.0,303.7947692871094,473.1572265625,313.16363525390625,-150000000.0,0.0,0.0,-41219772.0,0.0,0.0,-22835354.0,-22835354.0,214055120.0,-0.0,0.0,0.85,1.0,-1.0,1.0,True,True,False,,0,0
19508400.0,42,0.08323578355286496,False,False,ok,,,True,1.0,0.0,1,0.0,1.0,0.0,0.0,529399.0659059555,13029.715860206808,0.08323578355286496,-13029.715860206808,-0.08323578355286496,156539.83544146415,0.0,0.0,0.08323578355286496,0.06346267618696877,0.004027511268812053,0.05,0.0,-369601.8640762015,0.0,-0.0,-922070.5016062426,-3168.020328719169,3168.020328719169,-2579999.9999999995,-60000.0,60000.0,0.0,0.0,-0.0,0.0,0.0,-0.0,4855673.436950005,107027.56299999543,-107027.56299999543,-454602.0053616002,-30829.82681107399,30829.82681107399,0.5,0.9134626984596252,0.5,0.5,9134627.0,301.6036376953125,473.1572265625,313.16363525390625,-150000000.0,0.0,0.0,-93609952.0,0.0,0.0,-0.0,-0.0,243609952.0,-0.0,0.0,0.85,1.0,-1.0,1.0,True,True,False,,0,0
19512000.0,43,0.036022807958737316,False,False,ok,,,True,1.0,0.0,1,0.0,1.0,0.0,0.0,535038.0703359557,5639.004430000205,0.036022807958737316,-5639.004430000205,-0.036022807958737316,156539.83544146415,0.0,0.0,0.036022807958737316,0.05642779258779107,0.003184095776330769,0.05,0.0,-369601.8640762015,0.0,-0.0,-922070.5016062426,0.0,-0.0,-2639999.9999999995,-60000.0,60000.0,0.0,0.0,-0.0,0.0,0.0,-0.0,4977478.414800006,121804.9778500013,-121804.9778500013,-510767.97878160013,-56165.97341999994,56165.97341999994,0.5,0.906427800655365,0.5,0.5,9064278.0,299.2808837890625,473.1572265625,313.16363525390625,-150000000.0,0.0,0.0,-92281832.0,0.0,0.0,-0.0,-0.0,242281824.0,-0.0,0.0,0.85,1.0,-1.0,1.0,True,True,False,,0,0
19515600.0,44,0.03687123449263414,False,False,ok,,,True,1.0,0.0,1,0.0,1.0,0.0,0.0,540809.8873159563,5771.816980000585,0.03687123449263414,-5771.816980000585,-0.03687123449263414,156539.83544146415,0.0,0.0,0.03687123449263414,0.05067703647863331,0.002568162026256731,0.05,0.0,-369601.8640762015,0.0,-0.0,-922070.5016062426,0.0,-0.0,-2699999.9999999995,-60000.0,60000.0,0.0,0.0,-0.0,0.0,0.0,-0.0,5098619.329900003,121140.91509999707,-121140.91509999707,-566137.0769016001,-55369.09811999998,55369.09811999998,0.5,0.9006770253181458,0.5,0.5,9006770.0,297.3821105957031,473.1572265625,313.16363525390625,-150000000.0,0.0,0.0,-82398936.0,0.0,0.0,-0.0,-0.0,232398928.0,-0.0,0.0,0.85,1.0,-1.0,1.0,True,True,False,,0,0
19519200.0,45,0.043184576123616036,False,False,ok,,,True,1.0,0.0,1,0.0,1.0,0.0,0.0,547569.9937559565,6760.106440000236,0.043184576123616036,-6760.106440000236,-0.043184576123616036,156539.83544146415,0.0,0.0,0.043184576123616036,0.04600590976631713,0.002116543733426514,0.05,1.0,-369601.8640762015,0.0,-0.0,-922070.5016062426,0.0,-0.0,-2759999.9999999995,-60000.0,60000.0,0.0,0.0,-0.0,0.0,0.0,-0.0,5214818.797700002,116199.46779999882,-116199.46779999882,-615576.4382615999,-49439.36135999975,49439.36135999975,0.5,0.8960059285163879,0.5,0.5,8960059.0,295.8398132324219,473.1572265625,313.16363525390625,-150000000.0,0.0,0.0,-86183424.0,0.0,0.0,-0.0,-0.0,236183424.0,-0.0,0.0,0.85,1.0,-1.0,1.0,True,True,False,,0,0
19522800.0,46,0.04076698644791146,False,False,ok,,,True,1.0,0.0,1,0.0,1.0,0.0,0.0,553951.651105957,6381.65735000046,0.04076698644791146,-6381.65735000046,-0.04076698644791146,156539.83544146415,0.0,0.0,0.04076698644791146,0.04203767134819669,0.0017671658123789972,0.05,1.0,-369601.8640762015,0.0,-0.0,-922070.5016062426,0.0,-0.0,-2819999.9999999995,-60000.0,60000.0,0.0,0.0,-0.0,0.0,0.0,-0.0,5332910.510950002,118091.71325000003,-118091.71325000003,-667286.4941615994,-51710.05589999957,51710.05589999957,0.5,0.8920376896858215,0.5,0.5,8920377.0,294.5295715332031,473.1572265625,313.16363525390625,-150000000.0,0.0,0.0,-63337012.0,0.0,0.0,-0.0,-0.0,213337008.0,-0.0,0.0,0.85,1.0,-1.0,1.0,True,True,False,,0,0
19526400.0,47,0.055361619140327264,False,False,ok,,,True,1.0,0.0,1,0.0,1.0,0.0,0.0,562617.9498559568,8666.298749999842,0.055361619140327264,-8666.298749999842,-0.055361619140327264,156539.83544146415,0.0,0.0,0.055361619140327264,0.03845846204466241,0.0014790533028407394,0.05,1.0,-369601.8640762015,0.0,-0.0,-922070.5016062426,0.0,-0.0,-2879999.9999999995,-60000.0,60000.0,0.0,0.0,-0.0,0.0,0.0,-0.0,5439579.0172000015,106668.50624999963,-106668.50624999963,-705288.7016615992,-38002.207499999786,38002.207499999786,0.5,0.8884584903717041,0.5,0.5,8884585.0,293.3478088378906,473.1572265625,313.16363525390625,-150000000.0,0.0,0.0,-56099552.0,0.0,0.0,-0.0,-0.0,206099552.0,-0.0,0.0,0.85,1.0,-1.0,1.0,True,True,False,,0,0
19530000.0,48,0.05998501808513631,False,False,ok,,,True,1.0,0.0,1,0.0,1.0,0.0,0.0,572007.9947159573,9390.04486000049,0.05998501808513631,-9390.04486000049,-0.05998501808513631,156539.83544146415,0.0,0.0,0.05998501808513631,0.0351339392151192,0.001234393684771691,0.05,1.0,-369601.8640762015,0.0,-0.0,-922070.5016062426,0.0,-0.0,-2939999.9999999995,-60000.0,60000.0,0.0,0.0,-0.0,0.0,0.0,-0.0,5542628.792900003,103049.77570000105,-103049.77570000105,-738948.4325015998,-33659.73084000056,33659.73084000056,0.5,0.8851339221000671,0.5,0.5,8851339.0,292.2501220703125,473.1572265625,313.16363525390625,-150000000.0,0.0,0.0,-57542636.0,0.0,0.0,-0.0,-0.0,207542640.0,-0.0,0.0,0.85,1.0,-1.0,1.0,True,True,False,,0,0
19533600.0,49,0.05906315318350484,False,False,ok,,,True,1.0,0.0,1,0.0,1.0,0.0,0.0,581253.7309959572,9245.736279999837,0.05906315318350484,-9245.736279999837,-0.05906315318350484,156539.83544146415,0.0,0.0,0.05906315318350484,0.03205851851740016,0.0010277486095304888,0.05,1.0,-369601.8640762015,0.0,-0.0,-922070.5016062426,0.0,-0.0,-2999999.9999999995,-60000.0,60000.0,0.0,0.0,-0.0,0.0,0.0,-0.0,5646400.111500003,103771.31860000081,-103771.31860000081,-773474.0148215996,-34525.58231999981,34525.58231999981,0.5,0.8820585012435913,0.5,0.5,8820585.0,291.23468017578125,473.1572265625,313.16363525390625,-150000000.0,0.0,0.0,-83395296.0,0.0,0.0,-0.0,-0.0,233395296.0,-0.0,0.0,0.85,1.0,-1.0,1.0,True,True,False,,0,0
19537200.0,50,0.04254808580331701,False,False,ok,,,True,1.0,0.0,1,0.0,1.0,0.0,0.0,587914.2013459577,6660.470350000542,0.04254808580331701,-6660.470350000542,-0.04254808580331701,156539.83544146415,0.0,0.0,0.04254808580331701,0.0293003824761372,0.0008585124132479278,0.05,1.0,-369601.8640762015,0.0,-0.0,-922070.5016062426,0.0,-0.0,-3059999.9999999995,-60000.0,60000.0,0.0,0.0,-0.0,0.0,0.0,-0.0,5763097.759750008,116697.64825000428,-116697.64825000428,-823511.1927215998,-50037.17790000024,50037.17790000024,0.5,0.8793003559112549,0.5,0.5,8793004.0,290.3240051269531,473.1572265625,313.16363525390625,-150000000.0,0.0,0.0,-66827528.0,0.0,0.0,-0.0,-0.0,216827536.0,-0.0,0.0,0.85,1.0,-1.0,1.0,True,True,False,,0,0
19540800.0,51,0.0552171750261551,False,False,ok,,,True,1.0,0.0,1,0.0,1.0,0.0,0.0,596557.8888380945,8643.687492136844,0.0552171750261551,-8643.687492136844,-0.0552171750261551,156539.83544146415,0.0,0.0,0.0552171750261551,0.027040540429917215,0.0007311908267419874,0.05,1.0,-369601.8640762015,0.0,-0.0,-922303.6733434834,-233.17173724074382,233.17173724074382,-3119999.9999999995,-60000.0,60000.0,0.0,0.0,-0.0,0.0,0.0,-0.0,5871511.524450003,108413.76469999552,-108413.76469999552,-863048.0981922223,-39536.90547062247,39536.90547062247,0.5,0.8770405650138855,0.5,0.5,8770405.0,289.577880859375,473.1572265625,313.16363525390625,-150000000.0,0.0,0.0,-78810880.0,0.0,0.0,-2073379.625,-2073379.625,230884256.0,-0.0,0.0,0.85,1.0,-1.0,1.0,True,True,False,,0,0
19544400.0,52,0.07533909990806528,False,False,ok,,,True,1.0,0.0,1,0.0,1.0,0.0,0.0,608351.4591400111,11793.570301916567,0.07533909990806528,-11793.570301916567,-0.07533909990806528,156539.83544146415,0.0,0.0,0.07533909990806528,0.02710141429058055,0.0007344866565496837,0.05,1.0,-369601.8640762015,0.0,-0.0,-925790.8137305664,-3487.1403870830545,3487.1403870830545,-3179999.9999999995,-60000.0,60000.0,0.0,0.0,-0.0,0.0,0.0,-0.0,5986953.655650008,115442.13120000437,-115442.13120000437,-903209.5187032226,-40161.420511000324,40161.420511000324,0.5,0.8771014213562012,0.5,0.5,8771014.0,289.59796142578125,473.1572265625,313.16363525390625,-150000000.0,0.0,0.0,-60518652.0,0.0,0.0,-28247628.0,-28247628.0,238766288.0,-0.0,0.0,0.85,1.0,-1.0,1.0,True,True,False,,0,0
19548000.0,53,0.15086002309931335,False,False,ok,,,True,1.0,0.0,1,0.0,1.0,0.0,0.0,631967.0623306731,23615.60319066199,0.15086002309931335,-23615.60319066199,-0.15086002309931335,156539.83544146415,0.0,0.0,0.15086002309931335,0.030628840832833792,0.0009381258907630667,0.05,1.0,-369601.8640762015,0.0,-0.0,-938285.2646381821,-12494.450907615712,12494.450907615712,-3239999.9999999995,-60000.0,60000.0,0.0,0.0,-0.0,0.0,0.0,-0.0,6106336.796050004,119383.14039999619,-119383.14039999619,-926482.605004945,-23273.08630172233,23273.08630172233,0.5,0.8806288242340088,0.5,0.5,8806288.0,290.76263427734375,473.1572265625,313.16363525390625,-150000000.0,0.0,0.0,-10764734.0,0.0,0.0,-75882080.0,-75882080.0,236646816.0,-0.0,0.0,0.85,1.0,-1.0,1.0,True,True,False,,0,0
19551600.0,54,0.21912259118114302,False,False,ok,,,True,1.0,0.0,1,0.0,1.0,0.0,0.0,666268.4766956765,34301.41436500335,0.21912259118114302,-34301.41436500335,-0.21912259118114302,156539.83544146415,0.0,0.0,0.21912259118114302,0.036850201369018176,0.001357937340937189,0.05,1.0,-369601.8640762015,0.0,-0.0,-962347.6495315315,-24062.384893349372,24062.384893349372,-3299999.9999999995,-60000.0,60000.0,0.0,0.0,-0.0,0.0,0.0,-0.0,6224660.20305,118323.40699999593,-118323.40699999593,-926442.2127465922,40.39225835271645,-40.39225835271645,0.5,0.8868501782417297,0.5,0.5,8868502.0,292.8167724609375,473.1572265625,313.16363525390625,-150000000.0,0.0,0.0,33477900.0,0.0,0.0,-120292080.0,-120292080.0,236814176.0,-0.0,0.0,0.85,1.0,-1.0,1.0,True,True,False,,0,0
19555200.0,55,0.1869098930205136,False,False,ok,,,True,1.0,0.0,1,0.0,1.0,0.0,0.0,695527.3205914893,29258.843895812868,0.1869098930205136,-29258.843895812868,-0.1869098930205136,156539.83544146415,0.0,0.0,0.1869098930205136,0.045447774620128056,0.0020655002179219557,0.05,1.0,-369601.8640762015,0.0,-0.0,-996459.0283051768,-34111.378773645265,34111.378773645265,-3359999.9999999995,-60000.0,60000.0,0.0,0.0,-0.0,0.0,0.0,-0.0,6343067.291999997,118407.08894999698,-118407.08894999698,-921479.0790271342,4963.133719458012,-4963.133719458012,0.5,0.8954477906227112,0.5,0.5,8954478.0,295.65545654296875,473.1572265625,313.16363525390625,-150000000.0,0.0,0.0,102328808.0,0.0,0.0,-155323840.0,-155323840.0,202995040.0,-0.0,0.0,0.85,1.0,-1.0,1.0,True,True,False,,0,0
19558800.0,56,0.07071180925250378,False,False,ok,,,True,1.0,0.0,1,0.0,1.0,0.0,0.0,706596.5355756445,11069.214984155144,0.07071180925250378,-11069.214984155144,-0.07071180925250378,156539.83544146415,0.0,0.0,0.07071180925250378,0.054529751950365135,0.00297349384776835,0.05,0.0,-369601.8640762015,0.0,-0.0,-1038340.3581982511,-41881.32989307435,41881.32989307435,-3419999.9999999995,-60000.0,60000.0,0.0,0.0,-0.0,0.0,0.0,-0.0,6444564.808149996,101497.51614999957,-101497.51614999957,-910026.0502999042,11453.028727230034,-11453.028727230034,0.5,0.9045297503471375,0.5,0.5,9045298.0,298.65411376953125,473.1572265625,313.16363525390625,-150000000.0,0.0,0.0,120621864.0,0.0,0.0,-181974400.0,-181974400.0,211352528.0,-0.0,0.0,0.85,1.0,-1.0,1.0,True,True,False,,0,0
19562400.0,57,0.07063449493763609,False,False,ok,,,True,1.0,0.0,1,0.0,1.0,0.0,0.0,717653.647789673,11057.112214028486,0.07063449493763609,-11057.112214028486,-0.07063449493763609,156539.83544146415,0.0,0.0,0.07063449493763609,0.062157419139266756,0.003863544754054485,0.05,0.0,-369601.8640762015,0.0,-0.0,-1085813.5249082036,-47473.16670995252,47473.16670995252,-3479999.9999999995,-60000.0,60000.0,0.0,0.0,-0.0,0.0,0.0,-0.0,6550241.073449996,105676.26530000009,-105676.26530000009,-897172.0366759234,12854.013623980805,-12854.013623980805,0.5,0.912157416343689,0.5,0.5,9121574.0,301.17254638671875,473.1572265625,313.16363525390625,-150000000.0,0.0,0.0,126014992.0,0.0,-0.0,-199328976.0,-199328976.0,223313968.0,-0.0,0.0,0.85,1.0,-1.0,1.0,True,True,False,,0,0
19566000.0,58,0.09079583408507064,False,False,ok,,,True,1.0,0.0,1,0.0,1.0,0.0,0.0,731866.8127161204,14213.16492644744,0.09079583408507064,-14213.16492644744,-0.09079583408507064,156539.83544146415,0.0,0.0,0.09079583408507064,0.06838755744540381,0.0046768580133484065,0.05,0.0,-369601.8640762015,0.0,-0.0,-1136000.8990307911,-50187.3741225875,50187.3741225875,-3539999.9999999995,-60000.0,60000.0,0.0,0.0,-0.0,0.0,0.0,-0.0,6661898.060199997,111656.98675000109,-111656.98675000109,-884428.4843768883,12743.552299035131,-12743.552299035131,0.5,0.9183875322341919,0.5,0.5,9183876.0,303.2295837402344,473.1572265625,313.16363525390625,-150000000.0,0.0,0.0,107494160.0,0.0,-0.0,-202442064.0,-202442064.0,244947904.0,-0.0,0.0,0.85,1.0,-1.0,1.0,True,True,False,,0,0
19569600.0,59,0.14561814993891975,False,False,ok,,,True,1.0,0.0,1,0.0,1.0,0.0,0.0,754661.8539448493,22795.04122872895,0.14561814993891975,-22795.04122872895,-0.14561814993891975,156539.83544146415,0.0,0.0,0.14561814993891975,0.07346922766885178,0.005397727414257576,0.05,0.0,-369601.8640762015,0.0,-0.0,-1186307.7609829097,-50306.861952118576,50306.861952118576,-3599999.9999999995,-60000.0,60000.0,0.0,0.0,-0.0,0.0,0.0,-0.0,6784372.008199996,122473.94799999893,-122473.94799999893,-873800.5291960407,10627.955180847552,-10627.955180847552,0.5,0.9234692454338074,0.5,0.5,9234692.0,304.9074401855469,473.1572265625,313.16363525390625,-150000000.0,0.0,0.0,122534152.0,0.0,0.0,-199746176.0,-199746176.0,227212032.0,-0.0,0.0,0.85,1.0,-1.0,1.0,True,True,False,,0,0
19573200.0,60,0.1060416427312696,False,False,ok,,,True,1.0,0.0,1,0.0,1.0,0.0,0.0,771261.5952479448,16599.741303095478,0.1060416427312696,-16599.741303095478,-0.1060416427312696,156539.83544146415,0.0,0.0,0.1060416427312696,0.07740877472154839,0.005992118403891429,0.05,0.0,-369601.8640762015,0.0,-0.0,-1235116.213411084,-48808.452428174205,48808.452428174205,-3659999.9999999995,-60000.0,60000.0,0.0,0.0,-0.0,0.0,0.0,-0.0,6897978.02415,113606.01595000364,-113606.01595000364,-861998.351414771,11802.177781269653,-11802.177781269653,0.5,0.927408754825592,0.5,0.5,9274088.0,306.2081604003906,473.1572265625,313.16363525390625,-150000000.0,0.0,0.0,136862480.0,0.0,0.0,-189719328.0,-189719328.0,202856848.0,-0.0,0.0,0.85,1.0,-1.0,1.0,True,True,False,,0,0
19576800.0,61,0.057835418859095204,False,False,ok,,,True,1.0,0.0,1,0.0,1.0,0.0,0.0,780315.1421988357,9053.546950890915,0.057835418859095204,-9053.546950890915,-0.057835418859095204,156539.83544146415,0.0,0.0,0.057835418859095204,0.08015717971678094,0.006425173460148317,0.05,0.0,-369601.8640762015,0.0,-0.0,-1280264.8673595986,-45148.65394851472,45148.65394851472,-3719999.9999999995,-60000.0,60000.0,0.0,0.0,-0.0,0.0,0.0,-0.0,6999406.448300003,101428.42415000312,-101428.42415000312,-849224.5746653649,12773.776749406126,-12773.776749406126,0.5,0.9301571846008301,0.5,0.5,9301572.0,307.1156311035156,473.1572265625,313.16363525390625,-150000000.0,0.0,0.0,79593344.0,0.0,-0.0,-169317984.0,-169317984.0,239724640.0,-0.0,0.0,0.85,1.0,-1.0,1.0,True,True,False,,0,0
19580400.0,62,0.17487407000791433,False,False,ok,,,True,1.0,0.0,1,0.0,1.0,0.0,0.0,807689.9003408537,27374.758142017992,0.17487407000791433,-27374.758142017992,-0.17487407000791433,156539.83544146415,0.0,0.0,0.17487407000791433,0.08168023232205701,0.006671660352185207,0.05,0.0,-369601.8640762015,0.0,-0.0,-1319456.6925229016,-39191.82516330294,39191.82516330294,-3779999.9999999995,-60000.0,60000.0,0.0,0.0,-0.0,0.0,0.0,-0.0,7119268.764850001,119862.31654999778,-119862.31654999778,-842520.3079100436,6704.266755321296,-6704.266755321296,0.5,0.9316802620887756,0.5,0.5,9316802.0,307.6184997558594,473.1572265625,313.16363525390625,-150000000.0,0.0,0.0,52371792.0,0.0,-0.0,-141114240.0,-141114240.0,238742448.0,-0.0,0.0,0.85,1.0,-1.0,1.0,True,True,False,,0,0
19584000.0,63,0.2026586296497414,False,False,ok,,,True,1.0,0.0,1,0.0,1.0,0.0,0.0,839414.0488770169,31724.14853616315,0.2026586296497414,-31724.14853616315,-0.2026586296497414,156539.83544146415,0.0,0.0,0.2026586296497414,0.08186148255143144,0.006701302325518315,0.05,0.0,-369601.8640762015,0.0,-0.0,-1350744.7486292962,-31288.056106394622,31288.056106394622,-3839999.9999999995,-60000.0,60000.0,0.0,0.0,-0.0,0.0,0.0,-0.0,7238639.992599997,119371.22774999589,-119371.22774999589,-838879.3310174857,3640.9768925579265,-3640.9768925579265,0.5,0.9318614602088928,0.5,0.5,9318615.0,307.6783447265625,473.1572265625,313.16363525390625,-150000000.0,0.0,0.0,29670676.0,0.0,0.0,-105121736.0,-105121736.0,225451056.0,-0.0,0.0,0.85,1.0,-1.0,1.0,True,True,False,,0,0
19587600.0,64,0.20198821946584397,False,False,ok,,,True,1.0,0.0,1,0.0,1.0,0.0,0.0,871033.2515133144,31619.20263629756,0.20198821946584397,-31619.20263629756,-0.20198821946584397,156539.83544146415,0.0,0.0,0.20198821946584397,0.08060088831891454,0.0064965031977981345,0.05,0.0,-369601.8640762015,0.0,-0.0,-1372351.9741791459,-21607.22554984968,21607.22554984968,-3899999.9999999995,-60000.0,60000.0,0.0,0.0,-0.0,0.0,0.0,-0.0,7351365.522800001,112725.53020000458,-112725.53020000458,-838378.4330313385,500.8979861472035,-500.8979861472035,0.5,0.9306008815765381,0.5,0.5,9306009.0,307.2621154785156,473.1572265625,313.16363525390625,-150000000.0,0.0,0.0,11647700.0,0.0,0.0,-62935288.0,-62935288.0,201287584.0,-0.0,0.0,0.85,1.0,-1.0,1.0,True,True,False,,0,0
19591200.0,65,0.15527285793183074,False,False,ok,,,True,1.0,0.0,1,0.0,1.0,0.0,0.0,895339.6391424891,24306.387629174627,0.15527285793183074,-24306.387629174627,-0.15527285793183074,156539.83544146415,0.0,0.0,0.15527285793183074,0.07647967118818422,0.005849140105052775,0.05,0.0,-369601.8640762015,0.0,-0.0,-1383482.5871618728,-11130.612982726889,11130.612982726889,-3959999.9999999995,-60000.0,60000.0,0.0,0.0,-0.0,0.0,0.0,-0.0,7452009.317799999,100643.79499999806,-100643.79499999806,-843585.2274194375,-5206.7943880989915,5206.7943880989915,0.5,0.926479697227478,0.5,0.5,9264797.0,305.9013977050781,473.1572265625,313.16363525390625,-150000000.0,0.0,0.0,-77505184.0,0.0,0.0,-21271190.0,-21271190.0,248776384.0,-0.0,0.0,0.85,1.0,-1.0,1.0,True,True,False,,0,0
19594800.0,66,0.05912729900680655,False,False,ok,,,True,1.0,0.0,1,0.0,1.0,0.0,0.0,904595.4167991128,9255.777656623744,0.05912729900680655,-9255.777656623744,-0.05912729900680655,156539.83544146415,0.0,0.0,0.05912729900680655,0.0690794348420225,0.004771968318093233,0.05,0.0,-369601.8640762015,0.0,-0.0,-1386435.0266594612,-2952.439497588435,2952.439497588435,-4019999.9999999995,-60000.0,60000.0,0.0,0.0,-0.0,0.0,0.0,-0.0,7576397.505999996,124388.18819999695,-124388.18819999695,-895765.1984652255,-52179.97104578803,52179.97104578803,0.5,0.9190794229507446,0.5,0.5,9190794.0,303.4580078125,473.1572265625,313.16363525390625,-150000000.0,0.0,0.0,-62118420.0,0.0,0.0,-0.0,-0.0,212118416.0,-0.0,0.0,0.85,1.0,-1.0,1.0,True,True,False,,0,0
19598400.0,67,0.05614007370849978,False,False,ok,,,True,1.0,0.0,1,0.0,1.0,0.0,0.0,913383.574699113,8788.157900000224,0.05614007370849978,-8788.157900000224,-0.05614007370849978,156539.83544146415,0.0,0.0,0.05614007370849978,0.06138499549360654,0.0037681176717500953,0.05,0.0,-369601.8640762015,0.0,-0.0,-1386435.0266594612,0.0,-0.0,-4079999.9999999995,-60000.0,60000.0,0.0,0.0,-0.0,0.0,0.0,-0.0,7682456.716499996,106059.21050000004,-106059.21050000004,-933036.2510652253,-37271.05259999982,37271.05259999982,0.5,0.9113849997520447,0.5,0.5,9113850.0,300.9174499511719,473.1572265625,313.16363525390625,-150000000.0,0.0,0.0,-95050592.0,0.0,0.0,-0.0,-0.0,245050592.0,-0.0,0.0,0.85,1.0,-1.0,1.0,True,True,False,,0,0
19602000.0,68,0.03510251000650096,False,False,ok,,,True,1.0,0.0,1,0.0,1.0,0.0,0.0,918878.515839113,5494.94114000001,0.03510251000650096,-5494.94114000001,-0.03510251000650096,156539.83544146415,0.0,0.0,0.03510251000650096,0.05517324317667416,0.0030440867626324217,0.05,0.0,-369601.8640762015,0.0,-0.0,-1386435.0266594612,0.0,-0.0,-4139999.9999999995,-60000.0,60000.0,0.0,0.0,-0.0,0.0,0.0,-0.0,7804982.0107999975,122525.29430000111,-122525.29430000111,-990066.6042252253,-57030.35315999994,57030.35315999994,0.5,0.9051732420921326,0.5,0.5,9051732.0,298.8664855957031,473.1572265625,313.16363525390625,-150000000.0,0.0,0.0,-72419192.0,0.0,0.0,-0.0,-0.0,222419184.0,-0.0,0.0,0.85,1.0,-1.0,1.0,True,True,False,,0,0
19605600.0,69,0.04955978820420304,False,False,ok,,,True,1.0,0.0,1,0.0,1.0,0.0,0.0,926636.5969291128,7758.08108999976,0.04955978820420304,-7758.08108999976,-0.04955978820420304,156539.83544146415,0.0,0.0,0.04955978820420304,0.049960345288979635,0.0024960361013940694,0.05,1.0,-369601.8640762015,0.0,-0.0,-1386435.0266594612,0.0,-0.0,-4199999.999999999,-59999.999999999534,59999.999999999534,0.0,0.0,-0.0,0.0,0.0,-0.0,7916191.60535,111209.59455000237,-111209.59455000237,-1033518.1176852256,-43451.51346000028,43451.51346000028,0.5,0.8999603390693665,0.5,0.5,8999603.0,297.1452941894531,473.1572265625,313.16363525390625,-150000000.0,0.0,0.0,-53139696.0,0.0,0.0,-0.0,-0.0,203139696.0,-0.0,0.0,0.85,1.0,-1.0,1.0,True,True,False,,0,0
19609200.0,70,0.06187581795192569,False,False,ok,,,True,1.0,0.0,1,0.0,1.0,0.0,0.0,936322.6272891132,9686.03036000044,0.06187581795192569,-9686.03036000044,-0.06187581795192569,156539.83544146415,0.0,0.0,0.06187581795192569,0.045402562459678,0.0020613926779049618,0.05,1.0,-369601.8640762015,0.0,-0.0,-1386435.0266594612,0.0,-0.0,-4259999.999999999,-60000.0,60000.0,0.0,0.0,-0.0,0.0,0.0,-0.0,8017761.453549999,101569.84819999896,-101569.84819999896,-1065401.9355252252,-31883.817839999683,31883.817839999683,0.5,0.8954025506973267,0.5,0.5,8954026.0,295.6404113769531,473.1572265625,313.16363525390625,-150000000.0,0.0,0.0,-54962956.0,0.0,0.0,-0.0,-0.0,204962960.0,-0.0,0.0,0.85,1.0,-1.0,1.0,True,True,False,,0,0
19612800.0,71,0.060711092056528526,False,False,ok,,,True,1.0,0.0,1,0.0,1.0,0.0,0.0,945826.3316491138,9503.704360000556,0.060711092056528526,-9503.704360000556,-0.060711092056528526,156539.83544146415,0.0,0.0,0.060711092056528526,0.04140743764013188,0.0017145758919214107,0.05,1.0,-369601.8640762015,0.0,-0.0,-1386435.0266594612,0.0,-0.0,-4319999.999999999,-60000.0,60000.0,0.0,0.0,-0.0,0.0,0.0,-0.0,8120242.931749995,102481.47819999605,-102481.47819999605,-1098379.7093652242,-32977.77383999899,32977.77383999899,0.5,0.8914074301719666,0.5,0.5,8914074.0,294.3213195800781,473.1572265625,313.16363525390625,-150000000.0,0.0,0.0,-68424904.0,0.0,0.0,-0.0,-0.0,218424912.0,-0.0,0.0,0.85,1.0,-1.0,1.0,True,True,False,,0,0
19616400.0,72,0.05211139514101982,False,False,ok,,,True,1.0,0.0,1,0.0,1.0,0.0,0.0,953983.8408691142,8157.509220000356,0.05211139514101982,-8157.509220000356,-0.05211139514101982,156539.83544146415,0.0,0.0,0.05211139514101982,0.038038108433792406,0.001446897693220949,0.05,1.0,-369601.8640762015,0.0,-0.0,-1386435.0266594612,0.0,-0.0,-4379999.999999999,-60000.0,60000.0,0.0,0.0,-0.0,0.0,0.0,-0.0,8229455.385649993,109212.45389999822,-109212.45389999822,-1139434.6540452244,-41054.94468000019,41054.94468000019,0.5,0.8880380988121033,0.5,0.5,8880381.0,293.2088623046875,473.1572265625,313.16363525390625,-150000000.0,0.0,0.0,-75676528.0,0.0,0.0,-0.0,-0.0,225676528.0,-0.0,0.0,0.85,1.0,-1.0,1.0,True,True,False,,0,0
19620000.0,73,0.047478949106087256,False,False,ok,,,True,1.0,0.0,1,0.0,1.0,0.0,0.0,961416.1877491147,7432.34688000055,0.047478949106087256,-7432.34688000055,-0.047478949106087256,156539.83544146415,0.0,0.0,0.047478949106087256,0.035480172737591964,0.001258842657489364,0.05,1.0,-369601.8640762015,0.0,-0.0,-1386435.0266594612,0.0,-0.0,-4439999.999999999,-60000.0,60000.0,0.0,0.0,-0.0,0.0,0.0,-0.0,8342293.651249993,112838.26559999958,-112838.26559999958,-1184840.5727652234,-45405.91871999903,45405.91871999903,0.5,0.8854801654815674,0.5,0.5,8854802.0,292.3642883300781,473.1572265625,313.16363525390625,-150000000.0,0.0,0.0,-69003568.0,0.0,0.0,-0.0,-0.0,219003568.0,-0.0,0.0,0.85,1.0,-1.0,1.0,True,True,False,,0,0
19623600.0,74,0.05174173805126251,False,False,ok,,,True,1.0,0.0,1,0.0,1.0,0.0,0.0,969515.8309091147,8099.643159999978,0.05174173805126251,-8099.643159999978,-0.05174173805126251,156539.83544146415,0.0,0.0,0.05174173805126251,0.03373773719815987,0.0011382349112521,0.05,1.0,-369601.8640762015,0.0,-0.0,-1386435.0266594612,0.0,-0.0,-4499999.999999999,-60000.0,60000.0,0.0,0.0,-0.0,0.0,0.0,-0.0,8451795.435449991,109501.78419999871,-109501.78419999871,-1226242.7138052236,-41402.14104000013,41402.14104000013,0.5,0.8837377429008484,0.5,0.5,8837377.0,291.7889709472656,473.1572265625,313.16363525390625,-150000000.0,0.0,0.0,-50084832.0,0.0,0.0,-0.0,-0.0,200084832.0,-0.0,0.0,0.85,1.0,-1.0,1.0,True,True,False,,0,0
19627200.0,75,0.06570636100195178,False,False,ok,,,True,1.0,0.0,1,0.0,1.0,0.0,0.0,979801.4938478176,10285.662938702968,0.06570636100195178,-10285.662938702968,-0.06570636100195178,156539.83544146415,0.0,0.0,0.06570636100195178,0.032598343330326296,0.0010626519878818288,0.05,1.0,-369601.8640762015,0.0,-0.0,-1386645.1309156776,-210.10425621643662,210.10425621643662,-4559999.999999999,-60000.0,60000.0,0.0,0.0,-0.0,0.0,0.0,-0.0,8551837.850549992,100042.4151000008,-100042.4151000008,-1255789.3617103042,-29546.64790508058,29546.64790508058,0.5,0.882598340511322,0.5,0.5,8825983.0,291.41278076171875,473.1572265625,313.16363525390625,-150000000.0,0.0,0.0,-84011496.0,0.0,0.0,-1867344.0,-1867344.0,235878848.0,-0.0,0.0,0.85,1.0,-1.0,1.0,True,True,False,,0,0
19630800.0,76,0.06692232262879447,False,False,ok,,,True,1.0,0.0,1,0.0,1.0,0.0,0.0,990277.5032194897,10476.009371672058,0.06692232262879447,-10476.009371672058,-0.06692232262879447,156539.83544146415,0.0,0.0,0.06692232262879447,0.03238319720072713,0.0010486714609411816,0.05,1.0,-369601.8640762015,0.0,-0.0,-1389547.9120311576,-2902.78111548,2902.78111548,-4619999.999999999,-60000.0,60000.0,0.0,0.0,-0.0,0.0,0.0,-0.0,8669777.271499995,117939.42095000297,-117939.42095000297,-1300349.9921731518,-44560.63046284765,44560.63046284765,0.5,0.8823831677436829,0.5,0.5,8823832.0,291.34173583984375,473.1572265625,313.16363525390625,-150000000.0,0.0,0.0,-43833572.0,0.0,0.0,-23420224.0,-23420224.0,217253792.0,-0.0,0.0,0.85,1.0,-1.0,1.0,True,True,False,,0,0
19634400.0,77,0.14990586586053828,False,False,ok,,,True,1.0,0.0,1,0.0,1.0,0.0,0.0,1013743.7427930086,23466.239573518862,0.14990586586053828,-23466.239573518862,-0.14990586586053828,156539.83544146415,0.0,0.0,0.14990586586053828,0.03420382833947222,0.0011699018730760829,0.05,1.0,-369601.8640762015,0.0,-0.0,-1400399.068740814,-10851.156709656352,10851.156709656352,-4679999.999999999,-60000.0,60000.0,0.0,0.0,-0.0,0.0,0.0,-0.0,8778404.170599997,108626.8991000019,-108626.8991000019,-1314659.4949899765,-14309.502816824708,14309.502816824708,0.5,0.8842038512229919,0.5,0.5,8842038.0,291.94287109375,473.1572265625,313.16363525390625,-150000000.0,0.0,0.0,-15504781.0,0.0,0.0,-67314560.0,-67314560.0,232819344.0,-0.0,0.0,0.85,1.0,-1.0,1.0,True,True,False,,0,0
19638000.0,78,0.21271812615829505,False,False,ok,,,True,1.0,0.0,1,0.0,1.0,0.0,0.0,1047042.6032572447,33298.86046423612,0.21271812615829505,-33298.86046423612,-0.21271812615829505,156539.83544146415,0.0,0.0,0.21271812615829505,0.03911408076544687,0.0015299113141259008,0.05,1.0,-369601.8640762015,0.0,-0.0,-1422199.3610424902,-21800.292301676236,21800.292301676236,-4739999.999999999,-60000.0,60000.0,0.0,0.0,-0.0,0.0,0.0,-0.0,8894813.841099989,116409.67049999163,-116409.67049999163,-1315970.0127240643,-1310.5177340877708,1310.5177340877708,0.5,0.8891140818595886,0.5,0.5,8891141.0,293.5640869140625,473.1572265625,313.16363525390625,-150000000.0,0.0,0.0,52218192.0,0.0,0.0,-110684944.0,-110684944.0,208466752.0,-0.0,0.0,0.85,1.0,-1.0,1.0,True,True,False,,0,0
19641600.0,79,0.12296285796122546,False,False,ok,,,True,1.0,0.0,1,0.0,1.0,0.0,0.0,1066291.188807907,19248.585550662363,0.12296285796122546,-19248.585550662363,-0.12296285796122546,156539.83544146415,0.0,0.0,0.12296285796122546,0.047169418386837636,0.0022249540309525364,0.05,1.0,-369601.8640762015,0.0,-0.0,-1454096.2182580533,-31896.857215563068,31896.857215563068,-4799999.999999999,-60000.0,60000.0,0.0,0.0,-0.0,0.0,0.0,-0.0,8999047.215949994,104233.37485000491,-104233.37485000491,-1309057.9448078389,6912.067916225409,-6912.067916225409,0.5,0.8971694111824036,0.5,0.5,8971694.0,296.2237548828125,473.1572265625,313.16363525390625,-150000000.0,0.0,0.0,66424236.0,0.0,0.0,-147481776.0,-147481776.0,231057536.0,-0.0,0.0,0.85,1.0,-1.0,1.0,True,True,False,,0,0
19645200.0,80,0.1495166259307013,False,False,ok,,,True,1.0,0.0,1,0.0,1.0,0.0,0.0,1089696.496826862,23405.308018954936,0.1495166259307013,-23405.308018954936,-0.1495166259307013,156539.83544146415,0.0,0.0,0.1495166259307013,0.057093638690184134,0.0032596835788852906,0.05,0.0,-369601.8640762015,0.0,-0.0,-1494125.732826462,-40029.51456840872,40029.51456840872,-4859999.999999999,-60000.0,60000.0,0.0,0.0,-0.0,0.0,0.0,-0.0,9114575.986900002,115528.77095000818,-115528.77095000818,-1301151.893170475,7906.051637363853,-7906.051637363853,0.5,0.9070936441421509,0.5,0.5,9070936.0,299.50048828125,473.1572265625,313.16363525390625,-150000000.0,0.0,0.0,104112416.0,-423214.28125,-423214.28125,-174919760.0,-174919760.0,221230560.0,-0.0,0.0,0.85,1.0,-1.0,1.0,True,True,False,,0,0
19648800.0,81,0.10076648327023427,False,False,ok,,,True,1.0,0.0,1,0.0,1.0,0.0,0.0,1105470.4655359995,15773.968709137524,0.10076648327023427,-15773.968709137524,-0.10076648327023427,156539.83544146415,0.0,0.0,0.10076648327023427,0.06655075420195744,0.004429002884849356,0.05,0.0,-370047.19798384537,-445.33390764385695,445.33390764385695,-1539792.6680973712,-45666.93527090922,45666.93527090922,-4919999.999999999,-60000.0,60000.0,0.0,0.0,-0.0,0.0,0.0,-0.0,9225191.268800002,110615.28189999983,-110615.28189999983,-1289880.9371827843,11270.955987690715,-11270.955987690715,0.5,0.9165507555007935,0.5,0.5,9165508.0,302.6229553222656,473.1572265625,313.16363525390625,-150000000.0,0.0,0.0,110379824.0,-2357443.75,-2357443.75,-191876544.0,-191876544.0,233854176.0,-0.0,0.0,0.85,1.0,-1.0,1.0,True,True,False,,0,0
19652400.0,82,0.11920458939598447,False,False,ok,,,True,1.0,0.0,1,0.0,1.0,0.0,0.0,1124130.7323439142,18660.26680791471,0.11920458939598447,-18660.26680791471,-0.11920458939598447,156539.83544146415,0.0,0.0,0.11920458939598447,0.0741596129219041,0.005499648188726645,0.05,0.0,-371095.0158766511,-1047.8178928057314,1047.8178928057314,-1588347.6034308402,-48554.93533346895,48554.93533346895,-4979999.999999999,-60000.0,60000.0,0.0,0.0,-0.0,0.0,0.0,-0.0,9342118.355499998,116927.08669999614,-116927.08669999614,-1278545.003848595,11335.933334189234,-11335.933334189234,0.5,0.924159586429596,0.5,0.5,9241596.0,305.1352233886719,473.1572265625,313.16363525390625,-150000000.0,0.0,0.0,141881520.0,-3793628.0,-3793628.0,-197028400.0,-197028400.0,208940512.0,-0.0,0.0,0.85,1.0,-1.0,1.0,True,True,False,,0,0
19656000.0,83,0.05369126799905948,False,False,ok,,,True,1.0,0.0,1,0.0,1.0,0.0,0.0,1132535.5546011305,8404.822257216321,0.05369126799905948,-8404.822257216321,-0.05369126799905948,156539.83544146415,0.0,0.0,0.05369126799905948,0.08000501383641978,0.00640080223896572,0.05,0.0,-372490.65301621944,-1395.6371395683382,1395.6371395683382,-1636971.766416946,-48624.16298610577,48624.16298610577,-5039999.999999999,-60000.0,60000.0,0.0,0.0,-0.0,0.0,0.0,-0.0,9446588.610150002,104470.25465000421,-104470.25465000421,-1264590.6361157044,13954.367732890649,-13954.367732890649,0.5,0.9300050139427185,0.5,0.5,9300050.0,307.0652160644531,473.1572265625,313.16363525390625,-150000000.0,0.0,0.0,101265248.0,-4226387.5,-4226387.5,-191411648.0,-191411648.0,244372784.0,-0.0,0.0,0.85,1.0,-1.0,1.0,True,True,False,,0,0
19659600.0,84,0.15177814553089716,False,False,ok,,,True,1.0,0.0,1,0.0,1.0,0.0,0.0,1156294.8805261478,23759.32592501724,0.15177814553089716,-23759.32592501724,-0.15177814553089716,156539.83544146415,0.0,0.0,0.15177814553089716,0.08421336269879898,0.007091890457039467,0.05,0.0,-373884.4814717051,-1393.8284554856364,1393.8284554856364,-1683628.7582187199,-46656.9918017739,46656.9918017739,-5099999.999999999,-60000.0,60000.0,0.0,0.0,-0.0,0.0,0.0,-0.0,9568775.001100011,122186.39095000923,-122186.39095000923,-1254966.8808834276,9623.75523227686,-9623.75523227686,0.5,0.9342133402824402,0.5,0.5,9342134.0,308.4547119140625,473.1572265625,313.16363525390625,-150000000.0,0.0,0.0,126455520.0,-3687015.0,-3687015.0,-180765232.0,-180765232.0,207996736.0,-0.0,0.0,0.85,1.0,-1.0,1.0,True,True,False,,0,0
19663200.0,85,0.07407587369457615,False,False,ok,,,True,1.0,0.0,1,0.0,1.0,0.0,0.0,1167890.7056044794,11595.825078331633,0.07407587369457615,-11595.825078331633,-0.07407587369457615,156539.83544146415,0.0,0.0,0.07407587369457615,0.0869149488718024,0.007554208337388025,0.05,0.0,-374962.5276259317,-1078.046154226642,1078.046154226642,-1726683.4809426595,-43054.72272393969,43054.72272393969,-5159999.999999999,-60000.0,60000.0,0.0,0.0,-0.0,0.0,0.0,-0.0,9672773.36570001,103998.36459999904,-103998.36459999904,-1243236.6515269293,11730.229356498225,-11730.229356498225,0.5,0.9369149208068848,0.5,0.5,9369149.0,309.3467102050781,473.1572265625,313.16363525390625,-150000000.0,0.0,0.0,109122920.0,-2357443.75,-2357443.75,-161657760.0,-161657760.0,204892272.0,-0.0,0.0,0.85,1.0,-1.0,1.0,True,True,False,,0,0
19666800.0,86,0.09003984250389613,False,False,ok,,,True,1.0,0.0,1,0.0,1.0,0.0,0.0,1181985.5277332147,14094.82212873525,0.09003984250389613,-14094.82212873525,-0.09003984250389613,156539.83544146415,0.0,0.0,0.09003984250389613,0.08820409259525519,0.007779961950552351,0.05,0.0,-375489.836546795,-527.3089208632591,527.3089208632591,-1764159.2136127872,-37475.73267012765,37475.73267012765,-5219999.999999999,-60000.0,60000.0,0.0,0.0,-0.0,0.0,0.0,-0.0,9775219.504400015,102446.13870000467,-102446.13870000467,-1233584.926507203,9651.725019726437,-9651.725019726437,0.5,0.9382041096687317,0.5,0.5,9382041.0,309.7723388671875,473.1572265625,313.16363525390625,-150000000.0,0.0,0.0,47717040.0,-509542.4375,-509542.4375,-135279440.0,-135279440.0,238071952.0,-0.0,0.0,0.85,1.0,-1.0,1.0,True,True,False,,0,0
19670400.0,87,0.20659541829021222,False,False,ok,,,True,1.0,0.0,1,0.0,1.0,0.0,0.0,1214325.940515325,32340.412782110274,0.20659541829021222,-32340.412782110274,-0.20659541829021222,156539.83544146415,0.0,0.0,0.20659541829021222,0.08810219652051632,0.007761997031739677,0.05,0.0,-375515.0155751223,-25.179028327343985,25.179028327343985,-1793943.1812088813,-29783.967596094124,29783.967596094124,-5279999.999999999,-60000.0,60000.0,0.0,0.0,-0.0,0.0,0.0,-0.0,9894255.477350008,119035.97294999287,-119035.97294999287,-1230471.340050672,3113.5864565309603,-3113.5864565309603,0.5,0.9381021857261658,0.5,0.5,9381022.0,309.73870849609375,473.1572265625,313.16363525390625,-150000000.0,0.0,0.0,4229699.5,0.0,0.0,-98933504.0,-98933504.0,244703808.0,-0.0,0.0,0.85,1.0,-1.0,1.0,True,True,False,,0,0
19674000.0,88,0.21420910983352212,False,False,ok,,,True,1.0,0.0,1,0.0,1.0,0.0,0.0,1247858.199318727,33532.258803402074,0.21420910983352212,-33532.258803402074,-0.21420910983352212,156539.83544146415,0.0,0.0,0.21420910983352212,0.08664686915889463,0.007507679935038606,0.05,0.0,-375515.0155751223,0.0,-0.0,-1814105.0337888887,-20161.8525800074,20161.8525800074,-5339999.999999999,-60000.0,60000.0,0.0,0.0,-0.0,0.0,0.0,-0.0,10016607.381150004,122351.90379999578,-122351.90379999578,-1239129.1324672622,-8657.792416590266,8657.792416590266,0.5,0.9366468787193298,0.5,0.5,9366469.0,309.2581787109375,473.1572265625,313.16363525390625,-150000000.0,0.0,0.0,-4661266.0,0.0,0.0,-57725096.0,-57725096.0,212386368.0,-0.0,0.0,0.85,1.0,-1.0,1.0,True,True,False,,0,0
19677600.0,89,0.14381599028761716,False,False,ok,,,True,1.0,0.0,1,0.0,1.0,0.0,0.0,1270371.1307722018,22512.931453474797,0.14381599028761716,-22512.931453474797,-0.14381599028761716,156539.83544146415,0.0,0.0,0.14381599028761716,0.08244689500869706,0.006797490496575117,0.05,0.0,-375515.0155751223,0.0,-0.0,-1823927.5821627986,-9822.5483739099,9822.5483739099,-5399999.999999999,-60000.0,60000.0,0.0,0.0,-0.0,0.0,0.0,-0.0,10122800.562500011,106193.18135000765,-106193.18135000765,-1252986.833989878,-13857.701522615738,13857.701522615738,0.5,0.9324468970298767,0.5,0.5,9324469.0,307.8714599609375,473.1572265625,313.16363525390625,-150000000.0,0.0,0.0,-63848228.0,0.0,0.0,-16013437.0,-16013437.0,229861664.0,-0.0,0.0,0.85,1.0,-1.0,1.0,True,True,False,,0,0
19681200.0,90,0.06466200512255729,False,False,ok,,,True,1.0,0.0,1,0.0,1.0,0.0,0.0,1280493.310413402,10122.17964120023,0.06466200512255729,-10122.17964120023,-0.06466200512255729,156539.83544146415,0.0,0.0,0.06466200512255729,0.07518215921778304,0.00565235706464808,0.05,0.0,-375515.0155751223,0.0,-0.0,-1826147.8292636562,-2220.247100857552,2220.247100857552,-5459999.999999999,-60000.0,60000.0,0.0,0.0,-0.0,0.0,0.0,-0.0,10237731.394000005,114930.8314999938,-114930.8314999938,-1295575.23874782,-42588.40475794207,42588.40475794207,0.5,0.9251821637153625,0.5,0.5,9251822.0,305.4727783203125,473.1572265625,313.16363525390625,-150000000.0,0.0,0.0,-53830864.0,0.0,0.0,-0.0,-0.0,203830864.0,-0.0,0.0,0.85,1.0,-1.0,1.0,True,True,False,,0,0
19684800.0,91,0.061434289188300906,False,False,ok,,,True,1.0,0.0,1,0.0,1.0,0.0,0.0,1290110.223933402,9616.913519999944,0.061434289188300906,-9616.913519999944,-0.061434289188300906,156539.83544146415,0.0,0.0,0.061434289188300906,0.06779930147024094,0.004596745279852614,0.05,0.0,-375515.0155751223,0.0,-0.0,-1826147.8292636562,0.0,-0.0,-5519999.999999999,-60000.0,60000.0,0.0,0.0,-0.0,0.0,0.0,-0.0,10339646.8264,101915.43239999563,-101915.43239999563,-1327873.7576278204,-32298.518880000338,32298.518880000338,0.5,0.9177992939949036,0.5,0.5,9177993.0,303.0351257324219,473.1572265625,313.16363525390625,-150000000.0,0.0,0.0,-63327376.0,0.0,0.0,-0.0,-0.0,213327376.0,-0.0,0.0,0.85,1.0,-1.0,1.0,True,True,False,,0,0
19688400.0,92,0.055367774506446345,False,False,ok,,,True,1.0,0.0,1,0.0,1.0,0.0,0.0,1298777.4862434012,8667.262309999205,0.055367774506446345,-8667.262309999205,-0.055367774506446345,156539.83544146415,0.0,0.0,0.055367774506446345,0.061940376990612056,0.0038366103017391435,0.05,0.0,-375515.0155751223,0.0,-0.0,-1826147.8292636562,0.0,-0.0,-5579999.999999999,-60000.0,60000.0,0.0,0.0,-0.0,0.0,0.0,-0.0,10446310.51485001,106663.68845000863,-106663.68845000863,-1365870.1837678205,-37996.42614000011,37996.42614000011,0.5,0.9119403958320618,0.5,0.5,9119404.0,301.10064697265625,473.1572265625,313.16363525390625,-150000000.0,0.0,0.0,-92316400.0,0.0,0.0,-0.0,-0.0,242316400.0,-0.0,0.0,0.85,1.0,-1.0,1.0,True,True,False,,0,0
19692000.0,93,0.036849148357241616,False,False,ok,,,True,1.0,0.0,1,0.0,1.0,0.0,0.0,1304545.845863402,5768.359620000701,0.036849148357241616,-5768.359620000701,-0.036849148357241616,156539.83544146415,0.0,0.0,0.036849148357241616,0.05721376324600169,0.003273414704769534,0.05,0.0,-375515.0155751223,0.0,-0.0,-1826147.8292636562,0.0,-0.0,-5639999.999999999,-60000.0,60000.0,0.0,0.0,-0.0,0.0,0.0,-0.0,10567468.716750003,121158.20189999416,-121158.20189999416,-1421260.026047821,-55389.84228000045,55389.84228000045,0.5,0.9072137475013733,0.5,0.5,9072138.0,299.5400390625,473.1572265625,313.16363525390625,-150000000.0,0.0,0.0,-84202824.0,0.0,0.0,-0.0,-0.0,234202816.0,-0.0,0.0,0.85,1.0,-1.0,1.0,True,True,False,,0,0
19695600.0,94,0.04203222746110254,False,False,ok,,,True,1.0,0.0,1,0.0,1.0,0.0,0.0,1311125.563833401,6579.717969999183,0.04203222746110254,-6579.717969999183,-0.04203222746110254,156539.83544146415,0.0,0.0,0.04203222746110254,0.053264944607995135,0.00283715432409279,0.05,0.0,-375515.0155751223,0.0,-0.0,-1826147.8292636562,0.0,-0.0,-5699999.999999999,-60000.0,60000.0,0.0,0.0,-0.0,0.0,0.0,-0.0,10684570.12690001,117101.41015000641,-117101.41015000641,-1471781.7182278212,-50521.692180000246,50521.692180000246,0.5,0.9032649397850037,0.5,0.5,9032649.0,298.2362060546875,473.1572265625,313.16363525390625,-150000000.0,0.0,0.0,-74370968.0,0.0,0.0,-0.0,-0.0,224370976.0,-0.0,0.0,0.85,1.0,-1.0,1.0,True,True,False,,0,0
19699200.0,95,0.04831296148147721,False,False,ok,,,True,1.0,0.0,1,0.0,1.0,0.0,0.0,1318688.4668734013,7562.9030400002375,0.04831296148147721,-7562.9030400002375,-0.04831296148147721,156539.83544146415,0.0,0.0,0.04831296148147721,0.049749154284051134,0.0024749783519783233,0.05,1.0,-375515.0155751223,0.0,-0.0,-1826147.8292636562,0.0,-0.0,-5759999.999999999,-60000.0,60000.0,0.0,0.0,-0.0,0.0,0.0,-0.0,10796755.611700013,112185.48480000347,-112185.48480000347,-1516404.299987822,-44622.5817600009,44622.5817600009,0.5,0.8997491598129272,0.5,0.5,8997492.0,297.07537841796875,473.1572265625,313.16363525390625,-150000000.0,0.0,0.0,-67839168.0,0.0,0.0,-0.0,-0.0,217839168.0,-0.0,0.0,0.85,1.0,-1.0,1.0,True,True,False,,0,0
19702800.0,96,0.05248557197489024,False,False,ok,,,True,1.0,0.0,1,0.0,1.0,0.0,0.0,1326904.5496734018,8216.08280000044,0.05248557197489024,-8216.08280000044,-0.05248557197489024,156539.83544146415,0.0,0.0,0.05248557197489024,0.046415741792871223,0.0021544210861824922,0.05,1.0,-375515.0155751223,0.0,-0.0,-1826147.8292636562,0.0,-0.0,-5819999.999999999,-60000.0,60000.0,0.0,0.0,-0.0,0.0,0.0,-0.0,10905675.197700009,108919.58599999547,-108919.58599999547,-1557107.8031878218,-40703.503199999686,40703.503199999686,0.5,0.8964157700538635,0.5,0.5,8964157.0,295.9747619628906,473.1572265625,313.16363525390625,-150000000.0,0.0,0.0,-60666728.0,0.0,0.0,-0.0,-0.0,210666720.0,-0.0,0.0,0.85,1.0,-1.0,1.0,True,True,False,,0,0
19706400.0,97,0.057067437529914944,False,False,ok,,,True,1.0,0.0,1,0.0,1.0,0.0,0.0,1335837.8769534007,8933.32727999892,0.057067437529914944,-8933.32727999892,-0.057067437529914944,156539.83544146415,0.0,0.0,0.057067437529914944,0.04328953087001319,0.0018739834829458251,0.05,1.0,-375515.0155751223,0.0,-0.0,-1826147.8292636562,0.0,-0.0,-5879999.999999999,-60000.0,60000.0,0.0,0.0,-0.0,0.0,0.0,-0.0,11011008.56130001,105333.36360000074,-105333.36360000074,-1593507.8395078212,-36400.03631999949,36400.03631999949,0.5,0.8932895064353943,0.5,0.5,8932895.0,294.94256591796875,473.1572265625,313.16363525390625,-150000000.0,0.0,0.0,-61441916.0,0.0,0.0,-0.0,-0.0,211441920.0,-0.0,0.0,0.85,1.0,-1.0,1.0,True,True,False,,0,0
19710000.0,98,0.05657223456908838,False,False,ok,,,True,1.0,0.0,1,0.0,1.0,0.0,0.0,1344693.6852434017,8855.808290001005,0.05657223456908838,-8855.808290001005,-0.05657223456908838,156539.83544146415,0.0,0.0,0.05657223456908838,0.04054717548806075,0.0016440734400595945,0.05,1.0,-375515.0155751223,0.0,-0.0,-1826147.8292636562,0.0,-0.0,-5939999.999999999,-60000.0,60000.0,0.0,0.0,-0.0,0.0,0.0,-0.0,11116729.519850004,105720.95854999498,-105720.95854999498,-1630372.9897678222,-36865.150260000955,36865.150260000955,0.5,0.8905471563339233,0.5,0.5,8905472.0,294.037109375,473.1572265625,313.16363525390625,-150000000.0,0.0,0.0,-88239104.0,0.0,0.0,-0.0,-0.0,238239104.0,-0.0,0.0,0.85,1.0,-1.0,1.0,True,True,False,,0,0
19713600.0,99,0.04134792885945306,False,False,ok,,,True,1.0,0.0,1,0.0,1.0,0.0,0.0,1351166.2832229058,6472.597979504149,0.04134792885945306,-6472.597979504149,-0.04134792885945306,156539.83544146415,0.0,0.0,0.04134792885945306,0.03839356482916734,0.001474065820291475,0.05,1.0,-375515.0155751223,0.0,-0.0,-1826359.6208490164,-211.79158536018804,211.79158536018804,-5999999.999999999,-60000.0,60000.0,0.0,0.0,-0.0,0.0,0.0,-0.0,11235849.071049996,119119.55119999126,-119119.55119999126,-1682808.1514029577,-52435.16163513553,52435.16163513553,0.5,0.8883935809135437,0.5,0.5,8883936.0,293.3260498046875,473.1572265625,313.16363525390625,-150000000.0,0.0,0.0,-67924120.0,0.0,0.0,-1883054.25,-1883054.25,219807184.0,-0.0,0.0,0.85,1.0,-1.0,1.0,True,True,False,,0,0
19717200.0,100,0.07802841965406905,False,False,ok,,,True,1.0,0.0,1,0.0,1.0,0.0,0.0,1363380.8391953113,12214.555972405476,0.07802841965406905,-12214.555972405476,-0.07802841965406905,156539.83544146415,0.0,0.0,0.07802841965406905,0.0386055116166264,0.0014903855271814757,0.05,1.0,-375515.0155751223,0.0,-0.0,-1829356.244936449,-2996.624087432632,2996.624087432632,-6059999.999999999,-60000.0,60000.0,0.0,0.0,-0.0,0.0,0.0,-0.0,11345752.659800004,109903.5887500085,-109903.5887500085,-1717500.5600931197,-34692.408690162,34692.408690162,0.5,0.888605535030365,0.5,0.5,8886055.0,293.3960266113281,473.1572265625,313.16363525390625,-150000000.0,0.0,0.0,-66978804.0,0.0,0.0,-24154156.0,-24154156.0,241132960.0,-0.0,0.0,0.85,1.0,-1.0,1.0,True,True,False,,0,0
19720800.0,101,0.13578671797002753,False,False,ok,,,True,1.0,0.0,1,0.0,1.0,0.0,0.0,1384636.869681476,21256.030486164615,0.13578671797002753,-21256.030486164615,-0.13578671797002753,156539.83544146415,0.0,0.0,0.13578671797002753,0.04236089655901942,0.0017944455572839436,0.05,1.0,-375515.0155751223,0.0,-0.0,-1840334.335455138,-10978.090518689016,10978.090518689016,-6119999.999999999,-60000.0,60000.0,0.0,0.0,-0.0,0.0,0.0,-0.0,11466319.140999995,120566.48119999096,-120566.48119999096,-1745832.9202882661,-28332.360195146408,28332.360195146408,0.5,0.8923609256744385,0.5,0.5,8923609.0,294.6359558105469,473.1572265625,313.16363525390625,-150000000.0,0.0,0.0,-8791698.0,0.0,0.0,-67459696.0,-67459696.0,226251392.0,-0.0,0.0,0.85,1.0,-1.0,1.0,True,True,False,,0,0
19724400.0,102,0.20300746025128288,False,False,ok,,,True,1.0,0.0,1,0.0,1.0,0.0,0.0,1416415.6241026013,31778.7544211254,0.20300746025128288,-31778.7544211254,-0.20300746025128288,156539.83544146415,0.0,0.0,0.20300746025128288,0.04867511287087256,0.0023692666129921836,0.05,1.0,-375594.73489610077,-79.71932097844547,79.71932097844547,-1862000.8245199153,-21666.48906477727,21666.48906477727,-6179999.999999999,-60000.0,60000.0,0.0,0.0,-0.0,0.0,0.0,-0.0,11579444.838850003,113125.69785000756,-113125.69785000756,-1745433.6553313849,399.26495688129216,-399.26495688129216,0.5,0.8986750841140747,0.5,0.5,8986751.0,296.7207336425781,473.1572265625,313.16363525390625,-150000000.0,0.0,0.0,55969840.0,-1683995.625,-1683995.625,-109422792.0,-109422792.0,205136944.0,-0.0,0.0,0.85,1.0,-1.0,1.0,True,True,False,,0,0
19728000.0,103,0.10920702973400598,False,False,ok,,,True,1.0,0.0,1,0.0,1.0,0.0,0.0,1433510.8745662137,17095.250463612378,0.10920702973400598,-17095.250463612378,-0.10920702973400598,156539.83544146415,0.0,0.0,0.10920702973400598,0.05664811584874596,0.0032090090292129433,0.05,0.0,-377184.3056155253,-1589.5707194245188,1589.5707194245188,-1893374.3591193412,-31373.53459942597,31373.53459942597,-6239999.999999999,-60000.0,60000.0,0.0,0.0,-0.0,0.0,0.0,-0.0,11682013.312450003,102568.47360000014,-102568.47360000014,-1737943.7731489218,7489.882182463072,-7489.882182463072,0.5,0.9066480994224548,0.5,0.5,9066481.0,299.35321044921875,473.1572265625,313.16363525390625,-150000000.0,0.0,0.0,100527072.0,-8460413.0,-8460413.0,-144485792.0,-144485792.0,202419120.0,-0.0,0.0,0.85,1.0,-1.0,1.0,True,True,False,,0,0
19731600.0,104,0.061993074503312595,False,False,ok,,,True,1.0,0.0,1,0.0,1.0,0.0,0.0,1443215.2602474727,9704.38568125898,0.061993074503312595,-9704.38568125898,-0.061993074503312595,156539.83544146415,0.0,0.0,0.061993074503312595,0.06514530937607532,0.004243911333704567,0.05,0.0,-381135.76050185616,-3951.4548863308737,3951.4548863308737,-1932442.3546906586,-39067.995571317384,39067.995571317384,-6299999.999999999,-60000.0,60000.0,0.0,0.0,-0.0,0.0,0.0,-0.0,11783222.875950009,101209.56350000575,-101209.56350000575,-1726429.5005100146,11514.27263890719,-11514.27263890719,0.5,0.9151453375816345,0.5,0.5,9151453.0,302.15875244140625,473.1572265625,313.16363525390625,-150000000.0,0.0,0.0,88307760.0,-15011398.0,-15011398.0,-170240384.0,-170240384.0,246944032.0,-0.0,0.0,0.85,1.0,-1.0,1.0,True,True,False,,0,0
19735200.0,105,0.14218210488588415,False,False,ok,,,True,1.0,0.0,1,0.0,1.0,0.0,0.0,1465472.42354903,22257.163301557302,0.14218210488588415,-22257.163301557302,-0.14218210488588415,156539.83544146415,0.0,0.0,0.14218210488588415,0.07297109078811481,0.005324780090807294,0.05,0.0,-387853.8394313527,-6718.078929496522,6718.078929496522,-1976978.7231767583,-44536.36848609964,44536.36848609964,-6359999.999999999,-60000.0,60000.0,0.0,0.0,-0.0,0.0,0.0,-0.0,11906694.891200017,123472.01525000855,-123472.01525000855,-1716389.9050428614,10039.595467153238,-10039.595467153238,0.5,0.9229710698127747,0.5,0.5,9229711.0,304.7426452636719,473.1572265625,313.16363525390625,-150000000.0,0.0,0.0,131589840.0,-24718974.0,-24718974.0,-187607632.0,-187607632.0,230736768.0,-0.0,0.0,0.85,1.0,-1.0,1.0,True,True,False,,0,0
19738800.0,106,0.07696687037834825,False,False,ok,,,True,1.0,0.0,1,0.0,1.0,0.0,0.0,1477520.804772501,12048.381223471137,0.07696687037834825,-12048.381223471137,-0.07696687037834825,156539.83544146415,0.0,0.0,0.07696687037834825,0.07941460212551876,0.006306679030754449,0.05,0.0,-397567.21353773755,-9713.374106384872,9713.374106384872,-2024159.0599348,-47180.336758041754,47180.336758041754,-6419999.999999999,-60000.0,60000.0,0.0,0.0,-0.0,0.0,0.0,-0.0,12022063.275750026,115368.38455000892,-115368.38455000892,-1702816.197504963,13573.707537898328,-13573.707537898328,0.5,0.9294146299362183,0.5,0.5,9294146.0,306.8701171875,473.1572265625,313.16363525390625,-150000000.0,0.0,0.0,122094216.0,-31620004.0,-31620004.0,-190069088.0,-190069088.0,249594864.0,-0.0,0.0,0.85,1.0,-1.0,1.0,True,True,False,,0,0
19742400.0,107,0.1169944888689601,False,False,ok,,,True,1.0,0.0,1,0.0,1.0,0.0,0.0,1495835.1028076063,18314.298035105225,0.1169944888689601,-18314.298035105225,-0.1169944888689601,156539.83544146415,0.0,0.0,0.1169944888689601,0.08428907656242568,0.007104648427746458,0.05,0.0,-409011.90787226986,-11444.694334532309,11444.694334532309,-2071407.1724304196,-47248.11249561957,47248.11249561957,-6479999.999999999,-60000.0,60000.0,0.0,0.0,-0.0,0.0,0.0,-0.0,12146860.709750026,124797.43400000036,-124797.43400000036,-1690606.526639706,12209.670865257038,-12209.670865257038,0.5,0.9342890977859497,0.5,0.5,9342891.0,308.47955322265625,473.1572265625,313.16363525390625,-150000000.0,0.0,0.0,147876048.0,-34035384.0,-34035384.0,-187679552.0,-187679552.0,223838896.0,-0.0,0.0,0.85,1.0,-1.0,1.0,True,True,False,,0,0
19746000.0,108,0.056816875128493344,False,False,ok,,,True,1.0,0.0,1,0.0,1.0,0.0,0.0,1504729.207090519,8894.104282912565,0.056816875128493344,-8894.104282912565,-0.056816875128493344,156539.83544146415,0.0,0.0,0.056816875128493344,0.08763772024875327,0.007680370010398739,0.05,0.0,-420885.55082667636,-11873.642954406503,11873.642954406503,-2116674.3049274627,-45267.132497043116,45267.132497043116,-6539999.999999999,-60000.0,60000.0,0.0,0.0,-0.0,0.0,0.0,-0.0,12258780.156400025,111919.44664999843,-111919.44664999843,-1676491.093555344,14115.433084361954,-14115.433084361954,0.5,0.9376377463340759,0.5,0.5,9376377.0,309.5851745605469,473.1572265625,313.16363525390625,-150000000.0,0.0,0.0,107588096.0,-33789580.0,-33789580.0,-172931392.0,-172931392.0,249132880.0,-0.0,0.0,0.85,1.0,-1.0,1.0,True,True,False,,0,0
19749600.0,109,0.13888417994919294,False,False,ok,,,True,1.0,0.0,1,0.0,1.0,0.0,0.0,1526470.1137651883,21740.906674669357,0.13888417994919294,-21740.906674669357,-0.13888417994919294,156539.83544146415,0.0,0.0,0.13888417994919294,0.08954946110361262,0.008019105983947429,0.05,0.0,-432367.9871524857,-11482.436325809336,11482.436325809336,-2157858.4790151445,-41184.17408768181,41184.17408768181,-6599999.999999999,-60000.0,60000.0,0.0,0.0,-0.0,0.0,0.0,-0.0,12383346.595600031,124566.43920000643,-124566.43920000643,-1666650.0156671824,9841.077888161642,-9841.077888161642,0.5,0.939549446105957,0.5,0.5,9395495.0,310.21636962890625,473.1572265625,313.16363525390625,-150000000.0,0.0,0.0,107625632.0,-31620004.0,-31620004.0,-154608960.0,-154608960.0,228603328.0,-0.0,0.0,0.85,1.0,-1.0,1.0,True,True,False,,0,0
19753200.0,110,0.11145297363092067,False,False,ok,,,True,1.0,0.0,1,0.0,1.0,0.0,0.0,1543916.9439168344,17446.830151646165,0.11145297363092067,-17446.830151646165,-0.11145297363092067,156539.83544146415,0.0,0.0,0.11145297363092067,0.09013383814677034,0.008124108779068192,0.05,0.0,-442601.51546030946,-10233.528307823755,10233.528307823755,-2193999.8787007057,-36141.39968556119,36141.39968556119,-6659999.999999999,-60000.0,60000.0,0.0,0.0,-0.0,0.0,0.0,-0.0,12497648.26190003,114301.66629999876,-114301.66629999876,-1657129.9238221513,9520.09184503113,-9520.09184503113,0.5,0.940133810043335,0.5,0.5,9401338.0,310.4093322753906,473.1572265625,313.16363525390625,-150000000.0,0.0,0.0,96904488.0,-26416830.0,-26416830.0,-132112512.0,-132112512.0,211624848.0,-0.0,0.0,0.85,1.0,-1.0,1.0,True,True,False,,0,0
19756800.0,111,0.10608621575912838,False,False,ok,,,True,1.0,0.0,1,0.0,1.0,0.0,0.0,1560523.662674376,16606.718757541617,0.10608621575912838,-16606.718757541617,-0.10608621575912838,156539.83544146415,0.0,0.0,0.10608621575912838,0.08947911376167217,0.00800651179957427,0.05,0.0,-451153.1434526656,-8551.627992356138,8551.627992356138,-2222224.7372567602,-28224.858556054533,28224.858556054533,-6719999.999999999,-60000.0,60000.0,0.0,0.0,-0.0,0.0,0.0,-0.0,12603460.686400037,105812.42450000718,-105812.42450000718,-1649559.143016199,7570.7808059521485,-7570.7808059521485,0.5,0.9394791126251221,0.5,0.5,9394791.0,310.1931457519531,473.1572265625,313.16363525390625,-150000000.0,0.0,0.0,55044684.0,-22079484.0,-22079484.0,-88816064.0,-88816064.0,205850864.0,-0.0,0.0,0.85,1.0,-1.0,1.0,True,True,False,,0,0
19760400.0,112,0.1382538371816983,False,False,ok,,,True,1.0,0.0,1,0.0,1.0,0.0,0.0,1582165.89559595,21642.232921574032,0.1382538371816983,-21642.232921574032,-0.1382538371816983,156539.83544146415,0.0,0.0,0.1382538371816983,0.08761044475195257,0.007675590029634933,0.05,0.0,-458334.93205626274,-7181.788603597146,7181.788603597146,-2239838.5102498536,-17613.772993093356,17613.772993093356,-6779999.999999999,-60000.0,60000.0,0.0,0.0,-0.0,0.0,0.0,-0.0,12706386.118550029,102925.4321499914,-102925.4321499914,-1646046.780647934,3512.362368265167,-3512.362368265167,0.5,0.9376104474067688,0.5,0.5,9376104.0,309.576171875,473.1572265625,313.16363525390625,-150000000.0,0.0,0.0,9624646.0,-18662400.0,-18662400.0,-47481068.0,-47481068.0,206518816.0,-0.0,0.0,0.85,1.0,-1.0,1.0,True,True,False,,0,0
19764000.0,113,0.14471693530794374,False,False,ok,,,True,1.0,0.0,1,0.0,1.0,0.0,0.0,1604819.8608346486,22653.965238698525,0.14471693530794374,-22653.965238698525,-0.14471693530794374,156539.83544146415,0.0,0.0,0.14471693530794374,0.08389246315379739,0.007037945374011253,0.05,0.0,-461874.2563750577,-3539.324318794941,3539.324318794941,-2248030.548347649,-8192.038097795565,8192.038097795565,-6839999.999999999,-60000.0,60000.0,0.0,0.0,-0.0,0.0,0.0,-0.0,12809645.528600037,103259.41005000845,-103259.41005000845,-1654920.8630426447,-8874.082394710742,8874.082394710742,0.5,0.9338924884796143,0.5,0.5,9338925.0,308.34857177734375,473.1572265625,313.16363525390625,-150000000.0,0.0,0.0,-71023656.0,-1683995.625,-1683995.625,-14383551.0,-14383551.0,237091200.0,-0.0,0.0,0.85,1.0,-1.0,1.0,True,True,False,,0,0
19767600.0,114,0.059282051655007106,False,False,ok,,,True,1.0,0.0,1,0.0,1.0,0.0,0.0,1614099.8634453558,9280.00261070719,0.059282051655007106,-9280.00261070719,-0.059282051655007106,156539.83544146415,0.0,0.0,0.059282051655007106,0.07788694789041095,0.006066376651683591,0.05,0.0,-462153.8447323814,-279.58835732372245,279.58835732372245,-2250022.9891770706,-1992.4408294213936,1992.4408294213936,-6899999.999999999,-60000.0,60000.0,0.0,0.0,-0.0,0.0,0.0,-0.0,12928191.131200034,118545.60259999707,-118545.60259999707,-1701914.4338451922,-46993.5708025475,46993.5708025475,0.5,0.927886962890625,0.5,0.5,9278869.0,306.3656921386719,473.1572265625,313.16363525390625,-150000000.0,0.0,0.0,-56915664.0,0.0,0.0,-0.0,-0.0,206915664.0,-0.0,0.0,0.85,1.0,-1.0,1.0,True,True,False,,0,0
19771200.0,115,0.0660635544753598,False,False,ok,,,True,1.0,0.0,1,0.0,1.0,0.0,0.0,1624441.4413916068,10341.577946251025,0.0660635544753598,-10341.577946251025,-0.0660635544753598,156539.83544146415,0.0,0.0,0.0660635544753598,0.07178708159531744,0.0051533850839727635,0.05,0.0,-463600.2467051333,-1446.4019727518898,1446.4019727518898,-2250022.9891770706,0.0,-0.0,-6959999.999999999,-60000.0,60000.0,0.0,0.0,-0.0,0.0,0.0,-0.0,13031648.962800026,103457.83159999177,-103457.83159999177,-1733584.285526189,-31669.851680996828,31669.851680996828,0.5,0.9217870831489563,0.5,0.5,9217871.0,304.3516540527344,473.1572265625,313.16363525390625,-150000000.0,0.0,0.0,-48824312.0,-10533294.0,-10533294.0,-0.0,-0.0,209357600.0,-0.0,0.0,0.85,1.0,-1.0,1.0,True,True,False,,0,0
19774800.0,116,0.08019224423478685,False,False,ok,,,True,1.0,0.0,1,0.0,1.0,0.0,0.0,1636994.722107802,12553.280716195237,0.08019224423478685,-12553.280716195237,-0.08019224423478685,156539.83544146415,0.0,0.0,0.08019224423478685,0.06701545920686913,0.0044910717727075404,0.05,0.0,-468484.9043518059,-4884.657646672626,4884.657646672626,-2250022.9891770706,0.0,-0.0,-7019999.999999999,-60000.0,60000.0,0.0,0.0,-0.0,0.0,0.0,-0.0,13136327.765100028,104678.80230000243,-104678.80230000243,-1760825.1494633215,-27240.863937132526,27240.863937132526,0.5,0.9170154333114624,0.5,0.5,9170155.0,302.77618408203125,473.1572265625,313.16363525390625,-150000000.0,0.0,0.0,-51343320.0,-18480464.0,-18480464.0,-0.0,-0.0,219823792.0,-0.0,0.0,0.85,1.0,-1.0,1.0,True,True,False,,0,0
19778400.0,117,0.08034207428722243,False,False,ok,,,True,1.0,0.0,1,0.0,1.0,0.0,0.0,1649571.4571957497,12576.735087947687,0.08034207428722243,-12576.735087947687,-0.08034207428722243,156539.83544146415,0.0,0.0,0.08034207428722243,0.06274348745546099,0.003936745218073591,0.05,0.0,-474867.6635569318,-6382.759205125854,6382.759205125854,-2250022.9891770706,0.0,-0.0,-7079999.999999999,-60000.0,60000.0,0.0,0.0,-0.0,0.0,0.0,-0.0,13246239.658250034,109911.89315000549,-109911.89315000549,-1791777.5483202487,-30952.398856927175,30952.398856927175,0.5,0.9127435088157654,0.5,0.5,9127435.0,301.36566162109375,473.1572265625,313.16363525390625,-150000000.0,0.0,0.0,-48860208.0,-17939568.0,-17939568.0,-0.0,-0.0,216799776.0,-0.0,0.0,0.85,1.0,-1.0,1.0,True,True,False,,0,0
19782000.0,118,0.07660040835611755,False,False,ok,,,True,1.0,0.0,1,0.0,1.0,0.0,0.0,1661562.4725145653,11991.015318815596,0.07660040835611755,-11991.015318815596,-0.07660040835611755,156539.83544146415,0.0,0.0,0.07660040835611755,0.05872444504349272,0.003448560445666197,0.05,0.0,-480007.0535172735,-5139.389960341738,5139.389960341738,-2250022.9891770706,0.0,-0.0,-7139999.999999999,-60000.0,60000.0,0.0,0.0,-0.0,0.0,0.0,-0.0,13354639.545800041,108399.88755000755,-108399.88755000755,-1823047.0305910911,-31269.482270842418,31269.482270842418,0.5,0.9087244272232056,0.5,0.5,9087244.0,300.0386657714844,473.1572265625,313.16363525390625,-150000000.0,0.0,0.0,-61968552.0,-10967350.0,-10967350.0,-0.0,-0.0,222935904.0,-0.0,0.0,0.85,1.0,-1.0,1.0,True,True,False,,0,0
19785600.0,119,0.06011314570565252,False,False,ok,,,True,1.0,0.0,1,0.0,1.0,0.0,0.0,1670972.574451197,9410.101936631603,0.06011314570565252,-9410.101936631603,-0.06011314570565252,156539.83544146415,0.0,0.0,0.06011314570565252,0.05488902335209145,0.0030128048845464404,0.05,0.0,-482392.22242455767,-2385.1689072841546,2385.1689072841546,-2250022.9891770706,0.0,-0.0,-7199999.999999999,-60000.0,60000.0,0.0,0.0,-0.0,0.0,0.0,-0.0,13466107.496500041,111467.95069999993,-111467.95069999993,-1862719.7104471754,-39672.67985608429,39672.67985608429,0.5,0.9048890471458435,0.5,0.5,9048890.0,298.7723083496094,473.1572265625,313.16363525390625,-150000000.0,0.0,0.0,-52788328.0,-2357443.75,-2357443.75,-0.0,-0.0,205145776.0,-0.0,0.0,0.85,1.0,-1.0,1.0,True,True,False,,0,0
19789200.0,120,0.061414134364535286,False,False,ok,,,True,1.0,0.0,1,0.0,1.0,0.0,0.0,1680586.3329384013,9613.758487204323,0.061414134364535286,-9613.758487204323,-0.061414134364535286,156539.83544146415,0.0,0.0,0.061414134364535286,0.05114613311002503,0.0026159269321083985,0.05,0.0,-482571.89235864405,-179.66993408638518,179.66993408638518,-2250022.9891770706,0.0,-0.0,-7259999.999999999,-60000.0,60000.0,0.0,0.0,-0.0,0.0,0.0,-0.0,13568680.382400032,102572.8858999908,-102572.8858999908,-1895499.167925885,-32779.45747870952,32779.45747870952,0.5,0.9011461138725281,0.5,0.5,9011461.0,297.5364990234375,473.1572265625,313.16363525390625,-150000000.0,0.0,0.0,-58523380.0,0.0,0.0,-0.0,-0.0,208523376.0,-0.0,0.0,0.85,1.0,-1.0,1.0,True,True,False,,0,0
19792800.0,121,0.05843663904592161,False,False,ok,,,True,1.0,0.0,1,0.0,1.0,0.0,0.0,1689733.994798402,9147.661860000808,0.05843663904592161,-9147.661860000808,-0.05843663904592161,156539.83544146415,0.0,0.0,0.05843663904592161,0.04751350572796953,0.002257533226561793,0.05,1.0,-482571.89235864405,0.0,-0.0,-2250022.9891770706,0.0,-0.0,-7319999.999999999,-60000.0,60000.0,0.0,0.0,-0.0,0.0,0.0,-0.0,13672942.07310003,104261.69069999829,-104261.69069999829,-1930613.1967658848,-35114.02883999981,35114.02883999981,0.5,0.8975135087966919,0.5,0.5,8975135.0,296.3370666503906,473.1572265625,313.16363525390625,-150000000.0,0.0,0.0,-82069928.0,0.0,0.0,-0.0,-0.0,232069936.0,-0.0,0.0,0.85,1.0,-1.0,1.0,True,True,False,,0,0
19796400.0,122,0.04339474863279287,False,False,ok,,,True,1.0,0.0,1,0.0,1.0,0.0,0.0,1696527.0016084032,6793.006810001098,0.04339474863279287,-6793.006810001098,-0.04339474863279287,156539.83544146415,0.0,0.0,0.04339474863279287,0.044183341584860036,0.0019521676736044221,0.05,1.0,-482571.89235864405,0.0,-0.0,-2250022.9891770706,0.0,-0.0,-7379999.999999999,-60000.0,60000.0,0.0,0.0,-0.0,0.0,0.0,-0.0,13788977.039050039,116034.96595000848,-116034.96595000848,-1979855.1559058852,-49241.9591400004,49241.9591400004,0.5,0.894183337688446,0.5,0.5,8941833.0,295.237548828125,473.1572265625,313.16363525390625,-150000000.0,0.0,0.0,-89384128.0,0.0,0.0,-0.0,-0.0,239384128.0,-0.0,0.0,0.85,1.0,-1.0,1.0,True,True,False,,0,0
19800000.0,123,0.03872233251622743,False,False,ok,,,True,1.0,0.0,1,0.0,1.0,0.0,0.0,1702588.589168403,6061.587559999898,0.03872233251622743,-6061.587559999898,-0.03872233251622743,156539.83544146415,0.0,0.0,0.03872233251622743,0.04142086737983308,0.0017156882544977204,0.05,1.0,-482571.89235864405,0.0,-0.0,-2250022.9891770706,0.0,-0.0,-7439999.999999999,-60000.0,60000.0,0.0,0.0,-0.0,0.0,0.0,-0.0,13908669.10125003,119692.0621999912,-119692.0621999912,-2033485.6305458858,-53630.47464000061,53630.47464000061,0.5,0.891420841217041,0.5,0.5,8914209.0,294.325439453125,473.1572265625,313.16363525390625,-150000000.0,0.0,0.0,-68617984.0,0.0,0.0,-0.0,-0.0,218617984.0,-0.0,0.0,0.85,1.0,-1.0,1.0,True,True,False,,0,0
19803600.0,124,0.07665028723904352,False,False,ok,,,True,1.0,0.0,1,0.0,1.0,0.0,0.0,1714587.412519344,11998.823350940831,0.07665028723904352,-11998.823350940831,-0.07665028723904352,156539.83544146415,0.0,0.0,0.07665028723904352,0.04089676517222418,0.0016725454015520487,0.05,1.0,-482571.89235864405,0.0,-0.0,-2252780.576163457,-2757.586986386217,2757.586986386217,-7499999.999999999,-60000.0,60000.0,0.0,0.0,-0.0,0.0,0.0,-0.0,14017978.093400028,109308.9921499975,-109308.9921499975,-2068038.2123585586,-34552.58181267278,34552.58181267278,0.5,0.890896737575531,0.5,0.5,8908968.0,294.15240478515625,473.1572265625,313.16363525390625,-150000000.0,0.0,0.0,-41003284.0,0.0,0.0,-24326568.0,-24326568.0,215329856.0,-0.0,0.0,0.85,1.0,-1.0,1.0,True,True,False,,0,0
19807200.0,125,0.14971669758706446,False,False,ok,,,True,1.0,0.0,1,0.0,1.0,0.0,0.0,1738024.0397224624,23436.62720311852,0.14971669758706446,-23436.62720311852,-0.14971669758706446,156539.83544146415,0.0,0.0,0.14971669758706446,0.0439501461036923,0.0019316153425358994,0.05,1.0,-482571.89235864405,0.0,-0.0,-2263473.1563299703,-10692.580166513566,10692.580166513566,-7559999.999999999,-60000.0,60000.0,0.0,0.0,-0.0,0.0,0.0,-0.0,14125643.018550023,107664.92514999583,-107664.92514999583,-2081573.9301389265,-13535.717780367937,13535.717780367937,0.5,0.8939501643180847,0.5,0.5,8939501.0,295.1605529785156,473.1572265625,313.16363525390625,-150000000.0,0.0,0.0,-30115892.0,0.0,0.0,-64766004.0,-64766004.0,244881888.0,-0.0,0.0,0.85,1.0,-1.0,1.0,True,True,False,,0,0
19810800.0,126,0.21776457675616148,False,False,ok,,,True,1.0,0.0,1,0.0,1.0,0.0,0.0,1772112.870732852,34088.83101038961,0.21776457675616148,-34088.83101038961,-0.21776457675616148,156539.83544146415,0.0,0.0,0.21776457675616148,0.05038990955869205,0.0025391429853331643,0.05,0.0,-483141.3204621369,-569.4281034928281,569.4281034928281,-2284430.1431541266,-20956.98682415625,20956.98682415625,-7619999.999999999,-60000.0,60000.0,0.0,0.0,-0.0,0.0,0.0,-0.0,14248083.965750027,122440.94720000401,-122440.94720000401,-2088399.6314008876,-6825.701261961134,6825.701261961134,0.5,0.9003899097442627,0.5,0.5,9003899.0,297.2867736816406,473.1572265625,313.16363525390625,-150000000.0,0.0,0.0,26932978.0,-6791746.0,-6791746.0,-106360904.0,-106360904.0,236219680.0,-0.0,0.0,0.85,1.0,-1.0,1.0,True,True,False,,0,0
19814400.0,127,0.1853770224860688,False,False,ok,,,True,1.0,0.0,1,0.0,1.0,0.0,0.0,1801131.7593274498,29018.88859459781,0.1853770224860688,-29018.88859459781,-0.1853770224860688,156539.83544146415,0.0,0.0,0.1853770224860688,0.05850141626782268,0.0034224157053410684,0.05,0.0,-486070.3892366873,-2929.0687745503965,2929.0687745503965,-2315058.1240600944,-30627.980905967765,30627.980905967765,-7679999.999999999,-60000.0,60000.0,0.0,0.0,-0.0,0.0,0.0,-0.0,14366193.80215003,118109.83640000224,-118109.83640000224,-2083933.5295257715,4466.101875116117,-4466.101875116117,0.5,0.908501386642456,0.5,0.5,9085014.0,299.9649963378906,473.1572265625,313.16363525390625,-150000000.0,0.0,0.0,81715112.0,-10390069.0,-10390069.0,-141660224.0,-141660224.0,220335168.0,-0.0,0.0,0.85,1.0,-1.0,1.0,True,True,False,,0,0
19818000.0,128,0.11169385988384443,False,False,ok,,,True,1.0,0.0,1,0.0,1.0,0.0,0.0,1818616.2977734888,17484.53844603896,0.11169385988384443,-17484.53844603896,-0.11169385988384443,156539.83544146415,0.0,0.0,0.11169385988384443,0.06599660994852052,0.0043555525246971585,0.05,0.0,-489662.0569136657,-3591.6676769784535,3591.6676769784535,-2353531.5455964846,-38473.421536390204,38473.421536390204,-7739999.999999999,-60000.0,60000.0,0.0,0.0,-0.0,0.0,0.0,-0.0,14476361.387500025,110167.58534999564,-110167.58534999564,-2074551.4872163648,9382.04230940668,-9382.04230940668,0.5,0.9159966111183167,0.5,0.5,9159966.0,302.439697265625,473.1572265625,313.16363525390625,-150000000.0,0.0,0.0,119229240.0,-10105798.0,-10105798.0,-168441584.0,-168441584.0,209318144.0,-0.0,0.0,0.85,1.0,-1.0,1.0,True,True,False,,0,0
19821600.0,129,0.06077285230494197,False,False,ok,,,True,1.0,0.0,1,0.0,1.0,0.0,0.0,1828129.6700726128,9513.372299124021,0.06077285230494197,-9513.372299124021,-0.06077285230494197,156539.83544146415,0.0,0.0,0.06077285230494197,0.07243617637054311,0.005246999647184429,0.05,0.0,-493635.4319175326,-3973.3750038668513,3973.3750038668513,-2397491.1506266748,-43959.6050301902,43959.6050301902,-7799999.999999999,-60000.0,60000.0,0.0,0.0,-0.0,0.0,0.0,-0.0,14581020.462900016,104659.07539999112,-104659.07539999112,-2061764.2102831842,12787.276933180634,-12787.276933180634,0.5,0.9224361777305603,0.5,0.5,9224362.0,304.5658874511719,473.1572265625,313.16363525390625,-150000000.0,0.0,0.0,145033488.0,-12925283.0,-12925283.0,-184687424.0,-184687424.0,202579216.0,-0.0,0.0,0.85,1.0,-1.0,1.0,True,True,False,,0,0
19825200.0,130,0.026097859863196623,False,False,ok,,,True,1.0,0.0,1,0.0,1.0,0.0,0.0,1832215.024760972,4085.3546883591916,0.026097859863196623,-4085.3546883591916,-0.026097859863196623,156539.83544146415,0.0,0.0,0.026097859863196623,0.07792278079917847,0.0060719597674768165,0.05,0.0,-499036.50942041026,-5401.077502877684,5401.077502877684,-2444305.1799093173,-46814.02928264253,46814.02928264253,-7859999.999999999,-60000.0,60000.0,0.0,0.0,-0.0,0.0,0.0,-0.0,14682310.068850022,101289.60595000535,-101289.60595000535,-2046753.3547593052,15010.855523878941,-15010.855523878941,0.5,0.927922785282135,0.5,0.5,9279228.0,306.3774108886719,473.1572265625,313.16363525390625,-150000000.0,0.0,0.0,111823752.0,-18662400.0,-18662400.0,-190359552.0,-190359552.0,247198208.0,-0.0,0.0,0.85,1.0,-1.0,1.0,True,True,False,,0,0
19828800.0,131,0.12799254215832243,False,False,ok,,,True,1.0,0.0,1,0.0,1.0,0.0,0.0,1852250.9562481705,20035.931487198453,0.12799254215832243,-20035.931487198453,-0.12799254215832243,156539.83544146415,0.0,0.0,0.12799254215832243,0.08242406975676286,0.006793727275267711,0.05,0.0,-506530.0373628563,-7493.5279424460605,7493.5279424460605,-2491789.8942991695,-47484.71438985225,47484.71438985225,-7919999.999999999,-60000.0,60000.0,0.0,0.0,-0.0,0.0,0.0,-0.0,14805909.168950029,123599.10010000691,-123599.10010000691,-2035338.2810398082,11415.073719497072,-11415.073719497072,0.5,0.9324240684509277,0.5,0.5,9324241.0,307.8636169433594,473.1572265625,313.16363525390625,-150000000.0,0.0,0.0,143323792.0,-24928112.0,-24928112.0,-189426688.0,-189426688.0,221031008.0,-0.0,0.0,0.85,1.0,-1.0,1.0,True,True,False,,0,0
19832400.0,132,0.056197470822069336,False,False,ok,,,True,1.0,0.0,1,0.0,1.0,0.0,0.0,1861048.0990828837,8797.142834713217,0.056197470822069336,-8797.142834713217,-0.056197470822069336,156539.83544146415,0.0,0.0,0.056197470822069336,0.08583113314653468,0.007366983417218163,0.05,0.0,-515967.62288075197,-9437.58551789564,9437.58551789564,-2538246.770053344,-46456.87575417431,46456.87575417431,-7979999.999999999,-60000.0,60000.0,0.0,0.0,-0.0,0.0,0.0,-0.0,14916424.669950034,110515.50100000575,-110515.50100000575,-2021162.1779330256,14176.103106782539,-14176.103106782539,0.5,0.9358311295509338,0.5,0.5,9358311.0,308.9885559082031,473.1572265625,313.16363525390625,-150000000.0,0.0,0.0,131131992.0,-29526250.0,-29526250.0,-181412960.0,-181412960.0,229807216.0,-0.0,0.0,0.85,1.0,-1.0,1.0,True,True,False,,0,0
19836000.0,133,0.08514047089695526,False,False,ok,,,True,1.0,0.0,1,0.0,1.0,0.0,0.0,1874375.9743865018,13327.875303618144,0.08514047089695526,-13327.875303618144,-0.08514047089695526,156539.83544146415,0.0,0.0,0.08514047089695526,0.08804199408761915,0.007751392722924365,0.05,0.0,-526740.2731713994,-10772.650290647405,10772.650290647405,-2581413.868334639,-43167.09828129504,43167.09828129504,-8039999.999999999,-60000.0,60000.0,0.0,0.0,-0.0,0.0,0.0,-0.0,15031328.275550034,114903.60559999943,-114903.60559999943,-2008798.1596574655,12364.018275560113,-12364.018275560113,0.5,0.9380419850349426,0.5,0.5,9380420.0,309.718505859375,473.1572265625,313.16363525390625,-150000000.0,0.0,0.0,118501936.0,-32334706.0,-32334706.0,-161844448.0,-161844448.0,225677216.0,-0.0,0.0,0.85,1.0,-1.0,1.0,True,True,False,,0,0
19839600.0,134,0.0936051761946901,False,False,ok,,,True,1.0,0.0,1,0.0,1.0,0.0,0.0,1889028.9132644879,14652.938877986046,0.0936051761946901,-14652.938877986046,-0.0936051761946901,156539.83544146415,0.0,0.0,0.0936051761946901,0.08895370869823327,0.00791276229117014,0.05,0.0,-538209.1482591692,-11468.875087769818,11468.875087769818,-2618790.3537477935,-37376.48541315459,37376.48541315459,-8099999.999999999,-60000.0,60000.0,0.0,0.0,-0.0,0.0,0.0,-0.0,15144166.88025004,112838.60470000654,-112838.60470000654,-1998138.4649785552,10659.69467891031,-10659.69467891031,0.5,0.938953697681427,0.5,0.5,9389537.0,310.01953125,473.1572265625,313.16363525390625,-150000000.0,0.0,0.0,72645624.0,-33300832.0,-33300832.0,-134136168.0,-134136168.0,244791376.0,-0.0,0.0,0.85,1.0,-1.0,1.0,True,True,False,,0,0
19843200.0,135,0.17341588666351973,False,False,ok,,,True,1.0,0.0,1,0.0,1.0,0.0,0.0,1916175.4076257308,27146.494361242978,0.17341588666351973,-27146.494361242978,-0.17341588666351973,156539.83544146415,0.0,0.0,0.17341588666351973,0.08846112308136578,0.007825370296816545,0.05,0.0,-549411.1450044927,-11201.99674532353,11201.99674532353,-2648404.7360012894,-29614.382253495976,29614.382253495976,-8159999.999999999,-60000.0,60000.0,0.0,0.0,-0.0,0.0,0.0,-0.0,15266562.567700043,122395.68745000288,-122395.68745000288,-1992571.2790684928,5567.185910062399,-5567.185910062399,0.5,0.9384611248970032,0.5,0.5,9384611.0,309.8569030761719,473.1572265625,313.16363525390625,-150000000.0,0.0,0.0,70017488.0,-30447534.0,-30447534.0,-98861584.0,-98861584.0,209291632.0,-0.0,0.0,0.85,1.0,-1.0,1.0,True,True,False,,0,0
19846800.0,136,0.12512809868097274,False,False,ok,,,True,1.0,0.0,1,0.0,1.0,0.0,0.0,1935762.9396023536,19587.531976622762,0.12512809868097274,-19587.531976622762,-0.12512809868097274,156539.83544146415,0.0,0.0,0.12512809868097274,0.0865108056926277,0.007484119501587586,0.05,0.0,-559250.9352124964,-9839.790208003717,9839.790208003717,-2668572.5687450087,-20167.83274371922,20167.83274371922,-8219999.999999999,-60000.0,60000.0,0.0,0.0,-0.0,0.0,0.0,-0.0,15371208.384200044,104645.81650000066,-104645.81650000066,-1987621.940640147,4949.338428345742,-4949.338428345742,0.5,0.9365108013153076,0.5,0.5,9365108.0,309.21295166015625,473.1572265625,313.16363525390625,-150000000.0,0.0,0.0,28569742.0,-25349030.0,-25349030.0,-57895796.0,-57895796.0,204675088.0,-0.0,0.0,0.85,1.0,-1.0,1.0,True,True,False,,0,0
19850400.0,137,0.1469325443861494,False,False,ok,,,True,1.0,0.0,1,0.0,1.0,0.0,0.0,1958763.735921557,23000.79631920345,0.1469325443861494,-23000.79631920345,-0.1469325443861494,156539.83544146415,0.0,0.0,0.1469325443861494,0.0824742888575537,0.006802008322559207,0.05,0.0,-563984.4319751763,-4733.49676267989,4733.49676267989,-2678364.5355314817,-9791.966786473058,9791.966786473058,-8279999.999999999,-60000.0,60000.0,0.0,0.0,-0.0,0.0,0.0,-0.0,15473545.926950041,102337.54274999723,-102337.54274999723,-1992433.2235217912,-4811.282881644089,4811.282881644089,0.5,0.9324743151664734,0.5,0.5,9324743.0,307.88018798828125,473.1572265625,313.16363525390625,-150000000.0,0.0,0.0,-34890472.0,-2259442.5,-2259442.5,-15677878.0,-15677878.0,202827792.0,-0.0,0.0,0.85,1.0,-1.0,1.0,True,True,False,,0,0
19854000.0,138,0.08276322033724329,False,False,ok,,,True,1.0,0.0,1,0.0,1.0,0.0,0.0,1971719.4768137548,12955.740892197704,0.08276322033724329,-12955.740892197704,-0.08276322033724329,156539.83544146415,0.0,0.0,0.08276322033724329,0.07594970088181996,0.005768357064037923,0.05,0.0,-564259.3421613886,-274.91018621227704,274.91018621227704,-2680537.503962536,-2172.968431054149,2172.968431054149,-8339999.999999999,-60000.0,60000.0,0.0,0.0,-0.0,0.0,0.0,-0.0,15574959.823600043,101413.8966500014,-101413.8966500014,-2018443.5006623273,-26010.277140536113,26010.277140536113,0.5,0.9259496927261353,0.5,0.5,9259497.0,305.7259216308594,473.1572265625,313.16363525390625,-150000000.0,0.0,0.0,-52381840.0,0.0,0.0,-0.0,-0.0,202381840.0,-0.0,0.0,0.85,1.0,-1.0,1.0,True,True,False,,0,0
19857600.0,139,0.0667334802890069,False,False,ok,,,True,1.0,0.0,1,0.0,1.0,0.0,0.0,1982165.924836632,10446.448022877332,0.0667334802890069,-10446.448022877332,-0.0667334802890069,156539.83544146415,0.0,0.0,0.0667334802890069,0.06932482512627303,0.004805931378788336,0.05,0.0,-565217.8267134173,-958.4845520287054,958.4845520287054,-2680537.503962536,0.0,-0.0,-8399999.999999998,-59999.99999999907,59999.99999999907,0.0,0.0,-0.0,0.0,0.0,-0.0,15676150.742600046,101190.91900000349,-101190.91900000349,-2048229.4870874204,-29785.986425093142,29785.986425093142,0.5,0.9193248152732849,0.5,0.5,9193248.0,303.5385437011719,473.1572265625,313.16363525390625,-150000000.0,0.0,0.0,-75939896.0,-8196084.0,-8196084.0,-0.0,-0.0,234135984.0,-0.0,0.0,0.85,1.0,-1.0,1.0,True,True,False,,0,0
19861200.0,140,0.05814432195715009,False,False,ok,,,True,1.0,0.0,1,0.0,1.0,0.0,0.0,1991267.8274276599,9101.902591027785,0.05814432195715009,-9101.902591027785,-0.05814432195715009,156539.83544146415,0.0,0.0,0.05814432195715009,0.06421350682864158,0.004123374459231998,0.05,0.0,-568739.5274148562,-3521.7007014389383,3521.7007014389383,-2680537.503962536,0.0,-0.0,-8459999.999999998,-60000.0,60000.0,0.0,0.0,-0.0,0.0,0.0,-0.0,15793218.732150037,117067.98954999074,-117067.98954999074,-2092673.8733449536,-44444.38625753322,44444.38625753322,0.5,0.9142134785652161,0.5,0.5,9142135.0,301.85089111328125,473.1572265625,313.16363525390625,-150000000.0,0.0,0.0,-61313036.0,-12462223.0,-12462223.0,-0.0,-0.0,223775264.0,-0.0,0.0,0.85,1.0,-1.0,1.0,True,True,False,,0,0
19864800.0,141,0.06484943028904736,False,False,ok,,,True,1.0,0.0,1,0.0,1.0,0.0,0.0,2001419.34657358,10151.519145920174,0.06484943028904736,-10151.519145920174,-0.06484943028904736,156539.83544146415,0.0,0.0,0.06484943028904736,0.059773009180543624,0.003572812626497352,0.05,0.0,-572280.1902551439,-3540.6628402876668,3540.6628402876668,-2680537.503962536,0.0,-0.0,-8519999.999999998,-60000.0,60000.0,0.0,0.0,-0.0,0.0,0.0,-0.0,15905106.360850044,111887.62870000675,-111887.62870000675,-2130869.3200587453,-38195.446713791694,38195.446713791694,0.5,0.9097729921340942,0.5,0.5,9097730.0,300.3847351074219,473.1572265625,313.16363525390625,-150000000.0,0.0,0.0,-88930928.0,-7419777.5,-7419777.5,-0.0,-0.0,246350704.0,-0.0,0.0,0.85,1.0,-1.0,1.0,True,True,False,,0,0
19868400.0,142,0.04051925271480592,False,False,ok,,,True,1.0,0.0,1,0.0,1.0,0.0,0.0,2007762.2237257669,6342.877152186818,0.04051925271480592,-6342.877152186818,-0.04051925271480592,156539.83544146415,0.0,0.0,0.04051925271480592,0.05572858982214279,0.0031056757235646375,0.05,0.0,-573649.3170662051,-1369.1268110611709,1369.1268110611709,-2680537.503962536,0.0,-0.0,-8579999.999999998,-60000.0,60000.0,0.0,0.0,-0.0,0.0,0.0,-0.0,16028281.713700041,123175.35284999758,-123175.35284999758,-2186332.668945498,-55463.3488867525,55463.3488867525,0.5,0.9057285785675049,0.5,0.5,9057286.0,299.04937744140625,473.1572265625,313.16363525390625,-150000000.0,0.0,0.0,-70400544.0,-167607.8125,-167607.8125,-0.0,-0.0,220568144.0,-0.0,0.0,0.85,1.0,-1.0,1.0,True,True,False,,0,0
19872000.0,143,0.05076902746741814,False,False,ok,,,True,1.0,0.0,1,0.0,1.0,0.0,0.0,2015709.5989310397,7947.375205272809,0.05076902746741814,-7947.375205272809,-0.05076902746741814,156539.83544146415,0.0,0.0,0.05076902746741814,0.05204665375625994,0.002708854167224007,0.05,0.0,-573655.1833395864,-5.866273381281644,5.866273381281644,-2680537.503962536,0.0,-0.0,-8639999.999999998,-60000.0,60000.0,0.0,0.0,-0.0,0.0,0.0,-0.0,16138565.788650036,110284.07494999468,-110284.07494999468,-2228663.502416845,-42330.83347134711,42330.83347134711,0.5,0.9020466804504395,0.5,0.5,9020467.0,297.83367919921875,473.1572265625,313.16363525390625,-150000000.0,0.0,0.0,-93500288.0,0.0,0.0,-0.0,-0.0,243500288.0,-0.0,0.0,0.85,1.0,-1.0,1.0,True,True,False,,0,0
19875600.0,144,0.03609286539790931,False,False,ok,,,True,1.0,0.0,1,0.0,1.0,0.0,0.0,2021359.5701410393,5649.9712099996395,0.03609286539790931,-5649.9712099996395,-0.03609286539790931,156539.83544146415,0.0,0.0,0.03609286539790931,0.04877921986596945,0.002379412290732588,0.05,1.0,-573655.1833395864,0.0,-0.0,-2680537.503962536,0.0,-0.0,-8699999.999999998,-60000.0,60000.0,0.0,0.0,-0.0,0.0,0.0,-0.0,16260315.93260004,121750.14395000413,-121750.14395000413,-2284763.675156847,-56100.17274000216,56100.17274000216,0.5,0.8987792134284973,0.5,0.5,8987792.0,296.7548522949219,473.1572265625,313.16363525390625,-150000000.0,0.0,0.0,-85500008.0,0.0,0.0,-0.0,-0.0,235500016.0,-0.0,0.0,0.85,1.0,-1.0,1.0,True,True,False,,0,0
19879200.0,145,0.04120356394786278,False,False,ok,,,True,1.0,0.0,1,0.0,1.0,0.0,0.0,2027809.5692610396,6449.999120000284,0.04120356394786278,-6449.999120000284,-0.04120356394786278,156539.83544146415,0.0,0.0,0.04120356394786278,0.04596311446875634,0.0021126078916679984,0.05,1.0,-573655.1833395864,0.0,-0.0,-2680537.503962536,0.0,-0.0,-8759999.999999998,-60000.0,60000.0,0.0,0.0,-0.0,0.0,0.0,-0.0,16378065.937000036,117750.00439999625,-117750.00439999625,-2336063.6804368454,-51300.005279998295,51300.005279998295,0.5,0.8959631323814392,0.5,0.5,8959631.0,295.8250427246094,473.1572265625,313.16363525390625,-150000000.0,0.0,0.0,-97118336.0,0.0,0.0,-0.0,-0.0,247118336.0,-0.0,0.0,0.85,1.0,-1.0,1.0,True,True,False,,0,0
19882800.0,146,0.03378160150154174,False,False,ok,,,True,1.0,0.0,1,0.0,1.0,0.0,0.0,2033097.73560104,5288.166340000462,0.03378160150154174,-5288.166340000462,-0.03378160150154174,156539.83544146415,0.0,0.0,0.03378160150154174,0.04354170738498364,0.001895880281999539,0.05,1.0,-573655.1833395864,0.0,-0.0,-2680537.503962536,0.0,-0.0,-8819999.999999998,-60000.0,60000.0,0.0,0.0,-0.0,0.0,0.0,-0.0,16501625.105300032,123559.16829999536,-123559.16829999536,-2394334.6823968473,-58271.001960001886,58271.001960001886,0.5,0.893541693687439,0.5,0.5,8935417.0,295.0255432128906,473.1572265625,313.16363525390625,-150000000.0,0.0,0.0,-74008560.0,0.0,0.0,-0.0,-0.0,224008560.0,-0.0,0.0,0.85,1.0,-1.0,1.0,True,True,False,,0,0
19886400.0,147,0.048544472201393636,False,False,ok,,,True,1.0,0.0,1,0.0,1.0,0.0,0.0,2040696.879291039,7599.143689998891,0.048544472201393636,-7599.143689998891,-0.048544472201393636,156539.83544146415,0.0,0.0,0.048544472201393636,0.04159113974613238,0.0017298229053823123,0.05,1.0,-573655.1833395864,0.0,-0.0,-2680537.503962536,0.0,-0.0,-8879999.999999998,-60000.0,60000.0,0.0,0.0,-0.0,0.0,0.0,-0.0,16613629.386850026,112004.2815499939,-112004.2815499939,-2438739.8202568493,-44405.137860001996,44405.137860001996,0.5,0.8915911316871643,0.5,0.5,8915911.0,294.38153076171875,473.1572265625,313.16363525390625,-150000000.0,0.0,0.0,-71730560.0,0.0,0.0,-0.0,-0.0,221730560.0,-0.0,0.0,0.85,1.0,-1.0,1.0,True,True,False,,0,0
19890000.0,148,0.0596445090885357,False,False,ok,,,True,1.0,0.0,1,0.0,1.0,0.0,0.0,2050033.6209287453,9336.741637706291,0.0596445090885357,-9336.741637706291,-0.0596445090885357,156539.83544146415,0.0,0.0,0.0596445090885357,0.041417698356467136,0.0017154257371473005,0.05,1.0,-573655.1833395864,0.0,-0.0,-2681615.930810898,-1078.4268483622,1078.4268483622,-8939999.999999998,-60000.0,60000.0,0.0,0.0,-0.0,0.0,0.0,-0.0,16724494.66660003,110865.27975000441,-110865.27975000441,-2479189.9315207815,-40450.111263932195,40450.111263932195,0.5,0.8914176821708679,0.5,0.5,8914177.0,294.3242492675781,473.1572265625,313.16363525390625,-150000000.0,0.0,0.0,-66062168.0,0.0,0.0,-9541461.0,-9541461.0,225603632.0,-0.0,0.0,0.85,1.0,-1.0,1.0,True,True,False,,0,0
19893600.0,149,0.09207733804288523,False,False,ok,,,True,1.0,0.0,1,0.0,1.0,0.0,0.0,2064447.3922738666,14413.77134512132,0.09207733804288523,-14413.77134512132,-0.09207733804288523,156539.83544146415,0.0,0.0,0.09207733804288523,0.04399256007623897,0.0019353453420614952,0.05,1.0,-573655.1833395864,0.0,-0.0,-2686597.455157413,-4981.524346515071,4981.524346515071,-8999999.999999998,-60000.0,60000.0,0.0,0.0,-0.0,0.0,0.0,-0.0,16837296.480300035,112801.81370000541,-112801.81370000541,-2512596.449529145,-33406.51800836343,33406.51800836343,0.5,0.89399254322052,0.5,0.5,8939926.0,295.1744079589844,473.1572265625,313.16363525390625,-150000000.0,0.0,0.0,-43800944.0,0.0,0.0,-32423556.0,-32423556.0,226224496.0,-0.0,0.0,0.85,1.0,-1.0,1.0,True,True,False,,0,0
19897200.0,150,0.14504131317862906,False,False,ok,,,True,1.0,0.0,1,0.0,1.0,0.0,0.0,2087152.135571063,22704.74329719646,0.14504131317862906,-22704.74329719646,-0.14504131317862906,156539.83544146415,0.0,0.0,0.14504131317862906,0.048428570008843264,0.0023453263931014334,0.05,1.0,-573655.1833395864,0.0,-0.0,-2697545.450248267,-10947.995090853889,10947.995090853889,-9059999.999999998,-60000.0,60000.0,0.0,0.0,-0.0,0.0,0.0,-0.0,16950408.72945005,113112.24915001541,-113112.24915001541,-2532055.9602910937,-19459.510761948768,19459.510761948768,0.5,0.8984285593032837,0.5,0.5,8984286.0,296.6390686035156,473.1572265625,313.16363525390625,-150000000.0,0.0,0.0,-16003938.0,0.0,0.0,-57448612.0,-57448612.0,223452544.0,-0.0,0.0,0.85,1.0,-1.0,1.0,True,True,False,,0,0
19900800.0,151,0.1992945736295768,False,False,ok,,,True,1.0,0.0,1,0.0,1.0,0.0,0.0,2118349.6753314137,31197.539760350715,0.1992945736295768,-31197.539760350715,-0.1992945736295768,156539.83544146415,0.0,0.0,0.1992945736295768,0.05312317669092237,0.0028220719017349578,0.05,0.0,-573655.1833395864,0.0,-0.0,-2715633.225600909,-18087.77535264194,18087.77535264194,-9119999.999999998,-60000.0,60000.0,0.0,0.0,-0.0,0.0,0.0,-0.0,17062135.005250033,111726.27579998225,-111726.27579998225,-2534496.9209781014,-2440.960687007755,2440.960687007755,0.5,0.9031231999397278,0.5,0.5,9031232.0,298.1891174316406,473.1572265625,313.16363525390625,-150000000.0,0.0,0.0,-7679074.0,0.0,0.0,-90248064.0,-90248064.0,247927136.0,-0.0,0.0,0.85,1.0,-1.0,1.0,True,True,False,,0,0
19904400.0,152,0.19020144474716866,False,False,ok,,,True,1.0,0.0,1,0.0,1.0,0.0,0.0,2148123.7781928643,29774.10286145052,0.19020144474716866,-29774.10286145052,-0.19020144474716866,156539.83544146415,0.0,0.0,0.19020144474716866,0.05711223792508102,0.003261807720811063,0.05,0.0,-573655.1833395864,0.0,-0.0,-2733180.9520876594,-17547.726486750413,17547.726486750413,-9179999.999999998,-60000.0,60000.0,0.0,0.0,-0.0,0.0,0.0,-0.0,17186098.576350044,123963.57110001147,-123963.57110001147,-2551138.6627299003,-16641.741751798894,16641.741751798894,0.5,0.9071122407913208,0.5,0.5,9071122.0,299.5061950683594,473.1572265625,313.16363525390625,-150000000.0,0.0,0.0,-47438992.0,0.0,0.0,-45365928.0,-45365928.0,242804912.0,-0.0,0.0,0.85,1.0,-1.0,1.0,True,True,False,,0,0
19908000.0,153,0.15036627492678112,False,False,ok,,,True,1.0,0.0,1,0.0,1.0,0.0,0.0,2171662.0901258485,23538.311932984274,0.15036627492678112,-23538.311932984274,-0.15036627492678112,156539.83544146415,0.0,0.0,0.15036627492678112,0.060303101333835984,0.0036364640304788914,0.05,0.0,-573655.1833395864,0.0,-0.0,-2745908.6690612184,-12727.716973559,12727.716973559,-9239999.999999998,-60000.0,60000.0,0.0,0.0,-0.0,0.0,0.0,-0.0,17307501.03550004,121402.45914999396,-121402.45914999396,-2576275.092973356,-25136.430243455805,25136.430243455805,0.5,0.9103031158447266,0.5,0.5,9103031.0,300.5597229003906,473.1572265625,313.16363525390625,-150000000.0,0.0,0.0,-7637874.0,0.0,-0.0,-57638832.0,-57638832.0,215276704.0,-0.0,0.0,0.85,1.0,-1.0,1.0,True,True,False,,0,0
19911600.0,154,0.19344560407012987,False,False,ok,,,True,1.0,0.0,1,0.0,1.0,0.0,0.0,2201944.0331538613,30281.943028012756,0.19344560407012987,-30281.943028012756,-0.19344560407012987,156539.83544146415,0.0,0.0,0.19344560407012987,0.06262872102489114,0.003922356697213642,0.05,0.0,-573655.1833395864,0.0,-0.0,-2761898.348411193,-15989.67934997473,15989.67934997473,-9299999.999999998,-60000.0,60000.0,0.0,0.0,-0.0,0.0,0.0,-0.0,17415139.388700034,107638.35319999605,-107638.35319999605,-2577641.8237953694,-1366.7308220132254,1366.7308220132254,0.5,0.912628710269928,0.5,0.5,9126287.0,301.3276062011719,473.1572265625,313.16363525390625,-150000000.0,0.0,0.0,-14390537.0,0.0,0.0,-71625584.0,-71625584.0,236016112.0,-0.0,0.0,0.85,1.0,-1.0,1.0,True,True,False,,0,0
19915200.0,155,0.21146690793363482,False,False,ok,,,True,1.0,0.0,1,0.0,1.0,0.0,0.0,2235047.0281231077,33102.99496924644,0.21146690793363482,-33102.99496924644,-0.21146690793363482,156539.83544146415,0.0,0.0,0.21146690793363482,0.06455938849845533,0.004167914643294486,0.05,0.0,-573655.1833395864,0.0,-0.0,-2787141.273499191,-25242.92508799769,25242.92508799769,-9359999.999999998,-60000.0,60000.0,0.0,0.0,-0.0,0.0,0.0,-0.0,17533147.44865002,118008.05994998664,-118008.05994998664,-2577303.9636881268,337.8601072425954,-337.8601072425954,0.5,0.9145593643188477,0.5,0.5,9145594.0,301.9650573730469,473.1572265625,313.16363525390625,-150000000.0,0.0,0.0,42904656.0,0.0,-0.0,-135635568.0,-135635568.0,242730912.0,-0.0,0.0,0.85,1.0,-1.0,1.0,True,True,False,,0,0
19918800.0,156,0.1947931143769947,False,False,ok,,,True,1.0,0.0,1,0.0,1.0,0.0,0.0,2265539.910192813,30492.882069705054,0.1947931143769947,-30492.882069705054,-0.1947931143769947,156539.83544146415,0.0,0.0,0.1947931143769947,0.06594104988414129,0.00434822205982281,0.05,0.0,-573655.1833395864,0.0,-0.0,-2823140.412183015,-35999.138683824334,35999.138683824334,-9419999.999999998,-60000.0,60000.0,0.0,0.0,-0.0,0.0,0.0,-0.0,17654512.905250024,121365.45660000294,-121365.45660000294,-2572177.3995345975,5126.564153529238,-5126.564153529238,0.5,0.915941059589386,0.5,0.5,9159410.0,302.4212341308594,473.1572265625,313.16363525390625,-150000000.0,0.0,0.0,88758720.0,0.0,0.0,-154143248.0,-154143248.0,215384528.0,-0.0,0.0,0.85,1.0,-1.0,1.0,True,True,False,,0,0
19922400.0,157,0.12974985753065035,False,False,ok,,,True,1.0,0.0,1,0.0,1.0,0.0,0.0,2285850.931539214,20311.021346401423,0.12974985753065035,-20311.021346401423,-0.12974985753065035,156539.83544146415,0.0,0.0,0.12974985753065035,0.06613098451834065,0.004373307113365011,0.05,0.0,-573655.1833395864,0.0,-0.0,-2857878.394272346,-34737.98208933091,34737.98208933091,-9479999.999999998,-60000.0,60000.0,0.0,0.0,-0.0,0.0,0.0,-0.0,17762205.16850004,107692.26325001568,-107692.26325001568,-2564820.659348864,7356.740185733419,-7356.740185733419,0.5,0.9161309599876404,0.5,0.5,9161310.0,302.48394775390625,473.1572265625,313.16363525390625,-150000000.0,0.0,0.0,62099992.0,0.0,-0.0,-119940128.0,-119940128.0,207840144.0,-0.0,0.0,0.85,1.0,-1.0,1.0,True,True,False,,0,0
19926000.0,158,0.1476821525323997,False,False,ok,,,True,1.0,0.0,1,0.0,1.0,0.0,0.0,2308969.0713942773,23118.139855063055,0.1476821525323997,-23118.139855063055,-0.1476821525323997,156539.83544146415,0.0,0.0,0.1476821525323997,0.06534556897161181,0.004270043384223677,0.05,0.0,-573655.1833395864,0.0,-0.0,-2882908.25324724,-25029.858974894043,25029.858974894043,-9539999.999999998,-60000.0,60000.0,0.0,0.0,-0.0,0.0,0.0,-0.0,17866125.237550046,103920.06905000657,-103920.06905000657,-2560592.7295689066,4227.929779957514,-4227.929779957514,0.5,0.9153455495834351,0.5,0.5,9153456.0,302.2246398925781,473.1572265625,313.16363525390625,-150000000.0,0.0,0.0,21495380.0,0.0,0.0,-75350712.0,-75350712.0,203855328.0,-0.0,0.0,0.85,1.0,-1.0,1.0,True,True,False,,0,0
19929600.0,159,0.1714550338412426,False,False,ok,,,True,1.0,0.0,1,0.0,1.0,0.0,0.0,2335808.614177396,26839.542783118784,0.1714550338412426,-26839.542783118784,-0.1714550338412426,156539.83544146415,0.0,0.0,0.1714550338412426,0.06409169869303633,0.004107745841358954,0.05,0.0,-573655.1833395864,0.0,-0.0,-2899079.234875375,-16170.981628134847,16170.981628134847,-9599999.999999998,-60000.0,60000.0,0.0,0.0,-0.0,0.0,0.0,-0.0,17968052.902250048,101927.66470000148,-101927.66470000148,-2559509.8698576526,1082.8597112540156,-1082.8597112540156,0.5,0.9140917062759399,0.5,0.5,9140917.0,301.8106384277344,473.1572265625,313.16363525390625,-150000000.0,0.0,0.0,-35906852.0,0.0,0.0,-51497712.0,-51497712.0,237404560.0,-0.0,0.0,0.85,1.0,-1.0,1.0,True,True,False,,0,0
19933200.0,160,0.1337492842157132,False,False,ok,,,True,1.0,0.0,1,0.0,1.0,0.0,0.0,2356745.7051189374,20937.090941541363,0.1337492842157132,-20937.090941541363,-0.1337492842157132,156539.83544146415,0.0,0.0,0.1337492842157132,0.06234682537922265,0.0038871266348672814,0.05,0.0,-573655.1833395864,0.0,-0.0,-2909563.19721219,-10483.962336814962,10483.962336814962,-9659999.999999998,-60000.0,60000.0,0.0,0.0,-0.0,0.0,0.0,-0.0,18086755.183900055,118702.28165000677,-118702.28165000677,-2586791.098229297,-27281.228371644393,27281.228371644393,0.5,0.9123468399047852,0.5,0.5,9123468.0,301.2345275878906,473.1572265625,313.16363525390625,-150000000.0,0.0,0.0,-46605304.0,0.0,0.0,-30105342.0,-30105342.0,226710640.0,-0.0,0.0,0.85,1.0,-1.0,1.0,True,True,False,,0,0
19936800.0,161,0.09362707445787942,False,False,ok,,,True,1.0,0.0,1,0.0,1.0,0.0,0.0,2371402.0719474396,14656.366828502156,0.09362707445787942,-14656.366828502156,-0.09362707445787942,156539.83544146415,0.0,0.0,0.09362707445787942,0.05902346955024085,0.0034837699577482087,0.05,0.0,-573655.1833395864,0.0,-0.0,-2914797.0767039773,-5233.879491787404,5233.879491787404,-9719999.999999998,-60000.0,60000.0,0.0,0.0,-0.0,0.0,0.0,-0.0,18200110.506200064,113355.32230000943,-113355.32230000943,-2620256.174209009,-33465.07597971195,33465.07597971195,0.5,0.9090234637260437,0.5,0.5,9090235.0,300.1372375488281,473.1572265625,313.16363525390625,-150000000.0,0.0,0.0,-63150432.0,0.0,0.0,-9545530.0,-9545530.0,222695968.0,-0.0,0.0,0.85,1.0,-1.0,1.0,True,True,False,,0,0
19940400.0,162,0.06118090855202562,False,False,ok,,,True,1.0,0.0,1,0.0,1.0,0.0,0.0,2380979.321304333,9577.249356893357,0.06118090855202562,-9577.249356893357,-0.06118090855202562,156539.83544146415,0.0,0.0,0.06118090855202562,0.053868270471142066,0.0029017905635521164,0.05,0.0,-573655.1833395864,0.0,-0.0,-2916116.2520803297,-1319.1753763523884,1319.1753763523884,-9779999.999999998,-60000.0,60000.0,0.0,0.0,-0.0,0.0,0.0,-0.0,18311458.487050068,111347.98085000366,-111347.98085000366,-2660707.730325763,-40451.55611675419,40451.55611675419,0.5,0.9038682579994202,0.5,0.5,9038683.0,298.4350891113281,473.1572265625,313.16363525390625,-150000000.0,0.0,0.0,-89621344.0,0.0,0.0,-0.0,-0.0,239621344.0,-0.0,0.0,0.85,1.0,-1.0,1.0,True,True,False,,0,0
19944000.0,163,0.03857079294207401,False,False,ok,,,True,1.0,0.0,1,0.0,1.0,0.0,0.0,2387017.186884332,6037.865579999052,0.03857079294207401,-6037.865579999052,-0.03857079294207401,156539.83544146415,0.0,0.0,0.03857079294207401,0.04868125500491971,0.0023698645888540204,0.05,1.0,-573655.1833395864,0.0,-0.0,-2916116.2520803297,0.0,-0.0,-9839999.999999998,-60000.0,60000.0,0.0,0.0,-0.0,0.0,0.0,-0.0,18431269.159150068,119810.67210000008,-119810.67210000008,-2714480.536845764,-53772.80652000103,53772.80652000103,0.5,0.8986812829971313,0.5,0.5,8986813.0,296.72247314453125,473.1572265625,313.16363525390625,-150000000.0,0.0,0.0,-60938836.0,0.0,0.0,-0.0,-0.0,210938832.0,-0.0,0.0,0.85,1.0,-1.0,1.0,True,True,False,,0,0
19947600.0,164,0.056893611487981485,False,False,ok,,,True,1.0,0.0,1,0.0,1.0,0.0,0.0,2395923.303464331,8906.116579999216,0.056893611487981485,-8906.116579999216,-0.056893611487981485,156539.83544146415,0.0,0.0,0.056893611487981485,0.04452104222145936,0.0019821232004849673,0.05,1.0,-573655.1833395864,0.0,-0.0,-2916116.2520803297,0.0,-0.0,-9899999.999999998,-60000.0,60000.0,0.0,0.0,-0.0,0.0,0.0,-0.0,18536738.576250058,105469.41709998995,-105469.41709998995,-2751043.837365764,-36563.30052000005,36563.30052000005,0.5,0.8945210576057434,0.5,0.5,8945210.0,295.3488464355469,473.1572265625,313.16363525390625,-150000000.0,0.0,0.0,-65325488.0,0.0,0.0,-0.0,-0.0,215325488.0,-0.0,0.0,0.85,1.0,-1.0,1.0,True,True,False,,0,0
19951200.0,165,0.054091352249878884,False,False,ok,,,True,1.0,0.0,1,0.0,1.0,0.0,0.0,2404390.7548443335,8467.451380002312,0.054091352249878884,-8467.451380002312,-0.054091352249878884,156539.83544146415,0.0,0.0,0.054091352249878884,0.04116772286538484,0.0016947814059211296,0.05,1.0,-573655.1833395864,0.0,-0.0,-2916116.2520803297,0.0,-0.0,-9959999.999999998,-60000.0,60000.0,0.0,0.0,-0.0,0.0,0.0,-0.0,18644401.31935006,107662.74310000241,-107662.74310000241,-2790239.1290857643,-39195.291720000096,39195.291720000096,0.5,0.8911677002906799,0.5,0.5,8911677.0,294.2416687011719,473.1572265625,313.16363525390625,-150000000.0,0.0,0.0,-86576872.0,0.0,0.0,-0.0,-0.0,236576880.0,-0.0,0.0,0.85,1.0,-1.0,1.0,False,True,False,,0,0
19954800.0,166,0.04051564588729739,False,False,ok,,,True,1.0,0.0,1,0.0,1.0,0.0,0.0,2410733.0673843357,6342.312540002167,0.04051564588729739,-6342.312540002167,-0.04051564588729739,156539.83544146415,0.0,0.0,0.04051564588729739,0.038638831115271555,0.0014929592699544773,0.05,1.0,-573655.1833395864,0.0,-0.0,-2916116.2520803297,0.0,-0.0,-10019999.999999998,-60000.0,60000.0,0.0,0.0,-0.0,0.0,0.0,-0.0,18762689.75665005,118288.43729998916,-118288.43729998916,-2842185.2538457653,-51946.12476000097,51946.12476000097,0.5,0.8886388540267944,0.5,0.5,8886388.0,293.4067077636719,473.1572265625,313.16363525390625,-150000000.0,0.0,0.0,-72996296.0,0.0,0.0,-0.0,-0.0,222996304.0,-0.0,0.0,0.85,1.0,-1.0,1.0,False,True,False,,0,0
19958400.0,167,11.87921446064519,False,True,ok,,,True,1.0,0.0,1,0.0,1.0,0.0,0.0,2418433.437564337,7700.370180001482,0.04919112223598144,-7700.370180001482,-0.04919112223598144,156539.83544146415,0.0,11.830023338409209,11.87921446064519,0.03671331518453269,0.0013478675118388387,0.05,1.0,-573655.1833395864,0.0,-0.0,-2916116.2520803297,0.0,-0.0,-10079999.999999998,-60000.0,60000.0,0.0,0.0,-0.0,0.0,0.0,-0.0,18874187.905750033,111498.14909998327,-111498.14909998327,-2885983.0327657657,-43797.77892000042,43797.77892000042,0.5,0.8867133259773254,0.5,0.5,8867133.0,292.77093505859375,473.1572265625,313.16363525390625,-150000000.0,0.0,0.0,-70252144.0,0.0,0.0,-0.0,-0.0,220252144.0,-0.0,0.0,0.85,1.0,-1.0,1.0,False,True,False,,0,0
