time,step,reward,terminated,truncated,fmu_status,fmu_error,failure_type,transition_valid,requested_u_tp,requested_u_battery,requested_caes_mode,requested_caes_magnitude,decoded_u_tp,decoded_u_battery,decoded_u_caes,rt_economic_cashflow_total,rt_economic_cashflow_delta,rt_economic_reward,rt_raw_total_cost,rt_normalized_cost,rt_cost_reference,rt_cost_reference_missing,rt_terminal_soc_bonus,rt_reward,rt_terminal_soc_l1_error,rt_terminal_soc_l2_error,rt_terminal_soc_tolerance,rt_terminal_soc_satisfied,rt_economic_cashflow_wind,rt_economic_cashflow_delta_wind,rt_raw_wind_cost,rt_economic_cashflow_pv,rt_economic_cashflow_delta_pv,rt_raw_pv_cost,rt_economic_cashflow_thermal,rt_economic_cashflow_delta_thermal,rt_raw_thermal_cost,rt_economic_cashflow_battery,rt_economic_cashflow_delta_battery,rt_raw_battery_cost,rt_economic_cashflow_caes,rt_economic_cashflow_delta_caes,rt_raw_caes_cost,rt_economic_cashflow_load,rt_economic_cashflow_delta_load,rt_raw_load_cost,rt_economic_cashflow_grid,rt_economic_cashflow_delta_grid,rt_raw_grid_cost,obs_battery_soc,obs_caes_gas_soc,obs_caes_hot_soc,obs_caes_cold_soc,obs_caes_gas_pressure,obs_caes_gas_temperature,obs_caes_hot_temperature,obs_caes_cold_temperature,obs_p_thermal,obs_p_battery,obs_p_caes,obs_p_grid,obs_p_wind_available,obs_p_wind_actual,obs_p_pv_available,obs_p_pv_actual,obs_p_load_actual,obs_p_curtailment,obs_p_unserved,u_tp_dynamic_low,u_tp_dynamic_high,u_battery_dynamic_low,u_battery_dynamic_high,caes_discharge_allowed,caes_idle_allowed,caes_charge_allowed,caes_locked_mode,caes_locked_steps_completed,caes_locked_steps_remaining
16938000.0,0,0.059356879837665286,False,False,ok,,,True,1.0,0.0,1,0.0,1.0,0.0,0.0,9291.716202106885,9291.716202106885,0.059356879837665286,-9291.716202106885,-0.059356879837665286,156539.83544146415,0.0,0.0,0.059356879837665286,0.018056604144319532,0.0003260409532246573,0.05,1.0,-999.5591649496406,-999.5591649496406,999.5591649496406,0.0,0.0,-0.0,-59999.99999999999,-59999.99999999999,59999.99999999999,0.0,0.0,-0.0,0.0,0.0,-0.0,107111.27315000001,107111.27315000001,-107111.27315000001,-36819.99778294348,-36819.99778294348,36819.99778294348,0.5,0.86805659532547,0.5,0.5,8680566.0,286.6117858886719,473.1572265625,313.16363525390625,-150000000.0,0.0,0.0,-55659688.0,0.0,0.0,-0.0,-0.0,205659696.0,-0.0,0.0,0.85,1.0,-1.0,1.0,True,True,False,,0,0
16941600.0,1,0.0602660088621834,False,False,ok,,,True,1.0,0.0,1,0.0,1.0,0.0,0.0,18725.747312106894,9434.031110000009,0.0602660088621834,-9434.031110000009,-0.0602660088621834,156539.83544146415,0.0,0.0,0.0602660088621834,0.02721492618239485,0.0007406522071132007,0.05,1.0,-999.5591649496406,0.0,-0.0,0.0,0.0,-0.0,-119999.99999999999,-59999.99999999999,59999.99999999999,0.0,0.0,-0.0,0.0,0.0,-0.0,209941.11760000006,102829.84445000005,-102829.84445000005,-70215.8111229435,-33395.81334000002,33395.81334000002,0.5,0.8772149085998535,0.5,0.5,8772149.0,289.6356201171875,473.1572265625,313.16363525390625,-150000000.0,0.0,0.0,-53581172.0,0.0,0.0,-0.0,-0.0,203581168.0,-0.0,0.0,0.85,1.0,-1.0,1.0,True,True,False,,0,0
16945200.0,2,0.061593797149515045,False,False,ok,,,True,1.0,0.0,1,0.0,1.0,0.0,0.0,28367.630182106903,9641.882870000009,0.061593797149515045,-9641.882870000009,-0.061593797149515045,156539.83544146415,0.0,0.0,0.061593797149515045,0.03158121814510284,0.000997373339528573,0.05,1.0,-999.5591649496406,0.0,-0.0,0.0,0.0,-0.0,-179999.99999999997,-59999.999999999985,59999.999999999985,0.0,0.0,-0.0,0.0,0.0,-0.0,311731.7032500002,101790.58565000014,-101790.58565000014,-102364.51390294352,-32148.70278000002,32148.70278000002,0.5,0.8815812468528748,0.5,0.5,8815812.0,291.0772705078125,473.1572265625,313.16363525390625,-150000000.0,0.0,0.0,-79050768.0,0.0,0.0,-0.0,-0.0,229050768.0,-0.0,0.0,0.85,1.0,-1.0,1.0,True,True,False,,0,0
16948800.0,3,0.04909111735167206,False,False,ok,,,True,1.0,0.0,1,0.0,1.0,0.0,0.0,36052.34561397525,7684.71543186835,0.04909111735167206,-7684.71543186835,-0.04909111735167206,156539.83544146415,0.0,0.0,0.04909111735167206,0.03337046435799562,0.001113587891468256,0.05,1.0,-999.5591649496406,0.0,-0.0,-421.28014419167215,-421.28014419167215,421.28014419167215,-239999.99999999997,-60000.0,60000.0,0.0,0.0,-0.0,0.0,0.0,-0.0,426257.0871000004,114525.38385000022,-114525.38385000022,-148783.90217688348,-46419.388273939956,46419.388273939956,0.5,0.8833704590797424,0.5,0.5,8833705.0,291.66802978515625,473.1572265625,313.16363525390625,-150000000.0,0.0,0.0,-46802088.0,0.0,0.0,-3745964.5,-3745964.5,200548048.0,-0.0,0.0,0.85,1.0,-1.0,1.0,True,True,False,,0,0
16952400.0,4,0.10177832451486908,False,False,ok,,,True,1.0,0.0,1,0.0,1.0,0.0,0.0,51984.707785040795,15932.362171065542,0.10177832451486908,-15932.362171065542,-0.10177832451486908,156539.83544146415,0.0,0.0,0.10177832451486908,0.03539786743566453,0.0012530090189928796,0.05,1.0,-999.5591649496406,0.0,-0.0,-4697.828209238479,-4276.548065046807,4276.548065046807,-299999.99999999994,-59999.99999999997,59999.99999999997,0.0,0.0,-0.0,0.0,0.0,-0.0,526531.1127000005,100274.02560000011,-100274.02560000011,-168849.01754077114,-20065.115363887657,20065.115363887657,0.5,0.8853978514671326,0.5,0.5,8853979.0,292.3374328613281,473.1572265625,313.16363525390625,-150000000.0,0.0,0.0,-58978668.0,0.0,0.0,-33196398.0,-33196398.0,242175072.0,-0.0,0.0,0.85,1.0,-1.0,1.0,True,True,False,,0,0
16956000.0,5,0.16296449403277047,False,False,ok,,,True,1.0,0.0,1,0.0,1.0,0.0,0.0,77495.14286373215,25510.435078691356,0.16296449403277047,-25510.435078691356,-0.16296449403277047,156539.83544146415,0.0,0.0,0.16296449403277047,0.03964627248159647,0.0015718269216849932,0.05,1.0,-2552.8299500719427,-1553.2707851223022,1553.2707851223022,-17996.729949567856,-13298.901740329376,13298.901740329376,-359999.99999999994,-60000.0,60000.0,0.0,0.0,-0.0,0.0,0.0,-0.0,647618.6451500008,121087.53245000029,-121087.53245000029,-189573.94238662813,-20724.924845856993,20724.924845856993,0.5,0.8896462917327881,0.5,0.5,8896463.0,293.7401428222656,473.1572265625,313.16363525390625,-150000000.0,0.0,0.0,37840436.0,-14032388.0,-14032388.0,-77111136.0,-77111136.0,203303088.0,-0.0,0.0,0.85,1.0,-1.0,1.0,True,True,False,,0,0
16959600.0,6,0.10145719379379424,False,False,ok,,,True,1.0,0.0,1,0.0,1.0,0.0,0.0,93377.23528456544,15882.092420833287,0.10145719379379424,-15882.092420833287,-0.10145719379379424,156539.83544146415,0.0,0.0,0.10145719379379424,0.04545430435044362,0.002066093783982758,0.05,1.0,-10849.584842967623,-8296.75489289568,8296.75489289568,-42184.87975663656,-24188.149807068705,24188.149807068705,-419999.99999999994,-60000.0,60000.0,0.0,0.0,-0.0,0.0,0.0,-0.0,749270.1899000007,101651.54474999988,-101651.54474999988,-182858.49001583047,6715.452370797662,-6715.452370797662,0.5,0.8954542875289917,0.5,0.5,8954543.0,295.6578063964844,473.1572265625,313.16363525390625,-150000000.0,0.0,0.0,83596664.0,-37577696.0,-37577696.0,-120223816.0,-120223816.0,224204848.0,-0.0,0.0,0.85,1.0,-1.0,1.0,True,True,False,,0,0
16963200.0,7,0.08401063461030137,False,False,ok,,,True,1.0,0.0,1,0.0,1.0,0.0,0.0,106528.24620179499,13151.010917229549,0.08401063461030137,-13151.010917229549,-0.08401063461030137,156539.83544146415,0.0,0.0,0.08401063461030137,0.051740285246756335,0.0026770571174157113,0.05,0.0,-26265.04930915467,-15415.464466187048,15415.464466187048,-76384.68608245988,-34199.80632582332,34199.80632582332,-479999.99999999994,-60000.0,60000.0,0.0,0.0,-0.0,0.0,0.0,-0.0,861372.6158500003,112102.4259499996,-112102.4259499996,-172194.6342565906,10663.855759239872,-10663.855759239872,0.5,0.901740312576294,0.5,0.5,9017403.0,297.7333068847656,473.1572265625,313.16363525390625,-150000000.0,0.0,0.0,150944704.0,-52457564.0,-52457564.0,-156607264.0,-156607264.0,208120128.0,-0.0,0.0,0.85,1.0,-1.0,1.0,True,True,False,,0,0
16966800.0,8,-0.011224304462842276,False,False,ok,,,True,1.0,0.0,1,0.0,1.0,0.0,0.0,104771.19542823677,-1757.0507735582214,-0.011224304462842276,1757.0507735582214,0.011224304462842276,156539.83544146415,0.0,0.0,-0.011224304462842276,0.05789637040575246,0.0033519897061600897,0.05,0.0,-46632.682061762585,-20367.632752607915,20367.632752607915,-118812.67932338081,-42427.99324092093,42427.99324092093,-539999.9999999999,-59999.99999999994,59999.99999999994,0.0,0.0,-0.0,0.0,0.0,-0.0,965432.6837,104060.06784999976,-104060.06784999976,-155216.12688661998,16978.50736997061,-16978.50736997061,0.5,0.9078963994979858,0.5,0.5,9078964.0,299.765869140625,473.1572265625,313.16363525390625,-150000000.0,0.0,0.0,179801472.0,-65513792.0,-65513792.0,-185385584.0,-185385584.0,221097904.0,-0.0,0.0,0.85,1.0,-1.0,1.0,True,True,False,,0,0
16970400.0,9,-0.02321181591379953,False,False,ok,,,True,1.0,0.0,1,0.0,1.0,0.0,0.0,101137.62158479303,-3633.573843443737,-0.02321181591379953,3633.573843443737,0.02321181591379953,156539.83544146415,0.0,0.0,-0.02321181591379953,0.06369977892927658,0.004057661835638709,0.05,0.0,-72085.99396958633,-25453.311907823743,25453.311907823743,-166965.68066742545,-48153.001344044635,48153.001344044635,-599999.9999999999,-60000.0,60000.0,0.0,0.0,-0.0,0.0,0.0,-0.0,1075981.63875,110548.95504999987,-110548.95504999987,-135792.34252819535,19423.78435842463,-19423.78435842463,0.5,0.9136998057365417,0.5,0.5,9136998.0,301.6820068359375,473.1572265625,313.16363525390625,-150000000.0,0.0,0.0,190092400.0,-81938832.0,-81938832.0,-201306576.0,-201306576.0,243152992.0,-0.0,0.0,0.85,1.0,-1.0,1.0,True,True,False,,0,0
16974000.0,10,-0.002878092148325646,False,False,ok,,,True,1.0,0.0,1,0.0,1.0,0.0,0.0,100687.08551350876,-450.53607128426665,-0.002878092148325646,450.53607128426665,0.002878092148325646,156539.83544146415,0.0,0.0,-0.002878092148325646,0.06889409052754758,0.004746395709617921,0.05,0.0,-103641.54482363308,-31555.550854046756,31555.550854046756,-217252.44155046265,-50286.760883037205,50286.760883037205,-659999.9999999999,-60000.0,60000.0,0.0,0.0,-0.0,0.0,0.0,-0.0,1197558.1383000002,121576.4995500003,-121576.4995500003,-115977.06641239571,19815.276115799643,-19815.276115799643,0.5,0.9188941121101379,0.5,0.5,9188941.0,303.39703369140625,473.1572265625,313.16363525390625,-150000000.0,0.0,0.0,218767968.0,-100635120.0,-100635120.0,-200953344.0,-200953344.0,232820512.0,-0.0,0.0,0.85,1.0,-1.0,1.0,True,True,False,,0,0
16977600.0,11,-0.05545114088320107,False,False,ok,,,True,1.0,0.0,1,0.0,1.0,0.0,0.0,92006.77304461102,-8680.31246889774,-0.05545114088320107,8680.31246889774,0.05545114088320107,156539.83544146415,0.0,0.0,-0.05545114088320107,0.07324753809286344,0.005365201836665481,0.05,0.0,-140649.38654881294,-37007.84172517985,37007.84172517985,-267876.34523055435,-50623.903680091695,50623.903680091695,-719999.9999999999,-60000.0,60000.0,0.0,0.0,-0.0,0.0,0.0,-0.0,1313968.3913000012,116410.25300000096,-116410.25300000096,-93435.88647602193,22541.17993637378,-22541.17993637378,0.5,0.9232475161552429,0.5,0.5,9232475.0,304.8344421386719,473.1572265625,313.16363525390625,-150000000.0,0.0,0.0,218357216.0,-112112400.0,-112112400.0,-204368496.0,-204368496.0,248123680.0,-0.0,0.0,0.85,1.0,-1.0,1.0,True,True,False,,0,0
16981200.0,12,-0.02442424178813236,False,False,ok,,,True,1.0,0.0,1,0.0,1.0,0.0,0.0,88183.40625431425,-3823.366790296772,-0.02442424178813236,3823.366790296772,0.02442424178813236,156539.83544146415,0.0,0.0,-0.02442424178813236,0.0765763798181418,0.005863941946052316,0.05,0.0,-180358.24543586327,-39708.85888705033,39708.85888705033,-317391.95695837,-49515.611727815645,49515.611727815645,-779999.9999999999,-60000.0,60000.0,0.0,0.0,-0.0,0.0,0.0,-0.0,1438030.229900001,124061.8385999999,-124061.8385999999,-72096.62125145271,21339.265224569215,-21339.265224569215,0.5,0.9265763759613037,0.5,0.5,9265764.0,305.93353271484375,473.1572265625,313.16363525390625,-150000000.0,0.0,0.0,235640896.0,-115102432.0,-115102432.0,-190326480.0,-190326480.0,219788000.0,-0.0,0.0,0.85,1.0,-1.0,1.0,True,True,False,,0,0
16984800.0,13,-0.08151243322312186,False,False,ok,,,True,1.0,0.0,1,0.0,1.0,0.0,0.0,75423.46337113342,-12759.942883180833,-0.08151243322312186,12759.942883180833,0.08151243322312186,156539.83544146415,0.0,0.0,-0.08151243322312186,0.07878725102790507,0.006207430924534129,0.05,0.0,-220171.75535169058,-39813.50991582731,39813.50991582731,-362786.8273495911,-45394.870391221135,45394.870391221135,-839999.9999999999,-60000.0,60000.0,0.0,0.0,-0.0,0.0,0.0,-0.0,1547924.2308,109894.00089999894,-109894.00089999894,-49542.18472758499,22554.436523867727,-22554.436523867727,0.5,0.9287872314453125,0.5,0.5,9287873.0,306.66351318359375,473.1572265625,313.16363525390625,-150000000.0,0.0,0.0,212325152.0,-112112400.0,-112112400.0,-170809216.0,-170809216.0,220596480.0,-0.0,0.0,0.85,1.0,-1.0,1.0,True,True,False,,0,0
16988400.0,14,-0.05174560199215404,False,False,ok,,,True,1.0,0.0,1,0.0,1.0,0.0,0.0,67323.21535046212,-8100.2480206712935,-0.05174560199215404,8100.2480206712935,0.05174560199215404,156539.83544146415,0.0,0.0,-0.05174560199215404,0.0798215563935919,0.006371480865095372,0.05,0.0,-258715.91534800344,-38544.15999631287,38544.15999631287,-402465.6550265278,-39678.82767693669,39678.82767693669,-899999.9999999999,-60000.0,60000.0,0.0,0.0,-0.0,0.0,0.0,-0.0,1658222.4700999996,110298.23929999955,-110298.23929999955,-29717.68437500659,19824.500352578398,-19824.500352578398,0.5,0.9298215508460999,0.5,0.5,9298216.0,307.0050354003906,473.1572265625,313.16363525390625,-150000000.0,0.0,0.0,162493088.0,-107718512.0,-107718512.0,-143737808.0,-143737808.0,238963248.0,-0.0,0.0,0.85,1.0,-1.0,1.0,True,True,False,,0,0
16992000.0,15,0.03060042637386831,False,False,ok,,,True,1.0,0.0,1,0.0,1.0,0.0,0.0,72113.40105946611,4790.185709003985,0.03060042637386831,-4790.185709003985,-0.03060042637386831,156539.83544146415,0.0,0.0,0.03060042637386831,0.07966356384232065,0.006346283404059498,0.05,0.0,-296114.6899954854,-37398.77464748197,37398.77464748197,-434268.49307404266,-31802.838047514844,31802.838047514844,-959999.9999999999,-60000.0,60000.0,0.0,0.0,-0.0,0.0,0.0,-0.0,1777704.0938500003,119481.62375000073,-119481.62375000073,-15207.5097210058,14510.17465400079,-14510.17465400079,0.5,0.9296635389328003,0.5,0.5,9296636.0,306.9528503417969,473.1572265625,313.16363525390625,-150000000.0,0.0,0.0,117343512.0,-105800480.0,-105800480.0,-106645600.0,-106645600.0,245102560.0,-0.0,0.0,0.85,1.0,-1.0,1.0,True,True,False,,0,0
16995600.0,16,0.08939071411383025,False,False,ok,,,True,1.0,0.0,1,0.0,1.0,0.0,0.0,86106.60873684006,13993.207677373954,0.08939071411383025,-13993.207677373954,-0.08939071411383025,156539.83544146415,0.0,0.0,0.08939071411383025,0.07838944480541854,0.006144905056901759,0.05,0.0,-332474.2791538487,-36359.58915836329,36359.58915836329,-456062.9664898917,-21794.473415849032,21794.473415849032,-1019999.9999999999,-60000.0,60000.0,0.0,0.0,-0.0,0.0,0.0,-0.0,1900255.3773999996,122551.28354999935,-122551.28354999935,-5611.523019419522,9595.986701586276,-9595.986701586276,0.5,0.9283894300460815,0.5,0.5,9283894.0,306.53216552734375,473.1572265625,313.16363525390625,-150000000.0,0.0,0.0,81006768.0,-101562432.0,-101562432.0,-62909912.0,-62909912.0,233465584.0,-0.0,0.0,0.85,1.0,-1.0,1.0,True,True,False,,0,0
16999200.0,17,0.1280735116568635,False,False,ok,,,True,1.0,0.0,1,0.0,1.0,0.0,0.0,106155.21517601592,20048.606439175855,0.1280735116568635,-20048.606439175855,-0.1280735116568635,156539.83544146415,0.0,0.0,0.1280735116568635,0.07586891360171044,0.0057560920511038035,0.05,0.0,-362823.7303855034,-30349.451231654675,30349.451231654675,-467162.04273929546,-11099.076249403763,11099.076249403763,-1079999.9999999998,-59999.99999999988,59999.99999999988,0.0,0.0,-0.0,0.0,0.0,-0.0,2016988.1669499995,116732.78954999987,-116732.78954999987,-847.1786491852611,4764.344370234261,-4764.344370234261,0.5,0.9258689284324646,0.5,0.5,9258689.0,305.699951171875,473.1572265625,313.16363525390625,-150000000.0,0.0,0.0,32656328.0,-69877536.0,-69877536.0,-21347576.0,-21347576.0,208568784.0,-0.0,0.0,0.85,1.0,-1.0,1.0,True,True,False,,0,0
17002800.0,18,0.13670242480970984,False,False,ok,,,True,1.0,0.0,1,0.0,1.0,0.0,0.0,127554.59026017702,21399.375084161104,0.13670242480970984,-21399.375084161104,-0.13670242480970984,156539.83544146415,0.0,0.0,0.13670242480970984,0.0718705142103222,0.005165370812856125,0.05,0.0,-383272.1772970141,-20448.44691151072,20448.44691151072,-470115.7844294283,-2953.741690132825,2953.741690132825,-1139999.9999999998,-60000.0,60000.0,0.0,0.0,-0.0,0.0,0.0,-0.0,2121272.5577499988,104284.39079999924,-104284.39079999924,-330.0057633805407,517.1728858047204,-517.1728858047204,0.5,0.9218705296516418,0.5,0.5,9218705.0,304.3797607421875,473.1572265625,313.16363525390625,-150000000.0,0.0,0.0,-20456684.0,-45532440.0,-45532440.0,-0.0,-0.0,215989120.0,-0.0,0.0,0.85,1.0,-1.0,1.0,True,True,False,,0,0
17006400.0,19,0.12114101512925654,False,False,ok,,,True,1.0,0.0,1,0.0,1.0,0.0,0.0,146517.98483372276,18963.39457354574,0.12114101512925654,-18963.39457354574,-0.12114101512925654,156539.83544146415,0.0,0.0,0.12114101512925654,0.06707779177960016,0.004499430150027395,0.05,0.0,-398059.4068919781,-14787.22959496401,14787.22959496401,-470115.7844294283,0.0,-0.0,-1199999.9999999998,-60000.0,60000.0,0.0,0.0,-0.0,0.0,0.0,-0.0,2229267.119149998,107994.56139999907,-107994.56139999907,-14573.942994870782,-14243.937231490241,14243.937231490241,0.5,0.9170777797698975,0.5,0.5,9170778.0,302.7973327636719,473.1572265625,313.16363525390625,-150000000.0,0.0,0.0,-25198700.0,-38361596.0,-38361596.0,-0.0,-0.0,213560288.0,-0.0,0.0,0.85,1.0,-1.0,1.0,True,True,False,,0,0
17010000.0,20,0.10928263542719319,False,False,ok,,,True,1.0,0.0,1,0.0,1.0,0.0,0.0,163625.0706001051,17107.08576638234,0.10928263542719319,-17107.08576638234,-0.10928263542719319,156539.83544146415,0.0,0.0,0.10928263542719319,0.06246766126148884,0.0039022087034801135,0.05,0.0,-409907.7682229134,-11848.361330935266,11848.361330935266,-470115.7844294283,0.0,-0.0,-1259999.9999999998,-60000.0,60000.0,0.0,0.0,-0.0,0.0,0.0,-0.0,2336047.2665,106780.14735000208,-106780.14735000208,-32398.6432475532,-17824.700252682414,17824.700252682414,0.5,0.9124676585197449,0.5,0.5,9124677.0,301.2751770019531,473.1572265625,313.16363525390625,-150000000.0,0.0,0.0,-32920184.0,-28619678.0,-28619678.0,-0.0,-0.0,211539856.0,-0.0,0.0,0.85,1.0,-1.0,1.0,True,True,False,,0,0
17013600.0,21,0.0928365416946688,False,False,ok,,,True,1.0,0.0,1,0.0,1.0,0.0,0.0,178157.68755994318,14532.61695983808,0.0928365416946688,-14532.61695983808,-0.0928365416946688,156539.83544146415,0.0,0.0,0.0928365416946688,0.05808095743121544,0.0033733976161266603,0.05,0.0,-417869.0126186867,-7961.244395773334,7961.244395773334,-470115.7844294283,0.0,-0.0,-1319999.9999999998,-60000.0,60000.0,0.0,0.0,-0.0,0.0,0.0,-0.0,2441817.1974,105769.93090000004,-105769.93090000004,-55674.712791941696,-23276.069544388498,23276.069544388498,0.5,0.9080809354782104,0.5,0.5,9080810.0,299.8267822265625,473.1572265625,313.16363525390625,-150000000.0,0.0,0.0,-68935392.0,-16189209.0,-16189209.0,-0.0,-0.0,235124592.0,-0.0,0.0,0.85,1.0,-1.0,1.0,True,True,False,,0,0
17017200.0,22,0.060656047383600066,False,False,ok,,,True,1.0,0.0,1,0.0,1.0,0.0,0.0,187652.7752359016,9495.087675958406,0.060656047383600066,-9495.087675958406,-0.060656047383600066,156539.83544146415,0.0,0.0,0.060656047383600066,0.05381438545896733,0.002895988082326314,0.05,0.0,-422079.5790290285,-4210.566410341766,4210.566410341766,-470115.7844294283,0.0,-0.0,-1379999.9999999998,-60000.0,60000.0,0.0,0.0,-0.0,0.0,0.0,-0.0,2559379.4962,117562.29879999999,-117562.29879999999,-99531.35750564159,-43856.64471369989,43856.64471369989,0.5,0.9038143754005432,0.5,0.5,9038144.0,298.4180603027344,473.1572265625,313.16363525390625,-150000000.0,0.0,0.0,-58053744.0,-7419777.5,-7419777.5,-0.0,-0.0,215473520.0,-0.0,0.0,0.85,1.0,-1.0,1.0,True,True,False,,0,0
17020800.0,23,0.059545185531416155,False,False,ok,,,True,1.0,0.0,1,0.0,1.0,0.0,0.0,196973.96878032092,9321.193544419337,0.059545185531416155,-9321.193544419337,-0.059545185531416155,156539.83544146415,0.0,0.0,0.059545185531416155,0.0497205933706818,0.0024721374051326866,0.05,1.0,-423295.5430712155,-1215.964042187028,1215.964042187028,-470115.7844294283,0.0,-0.0,-1439999.9999999998,-60000.0,60000.0,0.0,0.0,-0.0,0.0,0.0,-0.0,2667116.257199998,107736.76099999808,-107736.76099999808,-136730.9609190352,-37199.603413393605,37199.603413393605,0.5,0.8997206091880798,0.5,0.5,8997206.0,297.0663757324219,473.1572265625,313.16363525390625,-150000000.0,0.0,0.0,-98693472.0,0.0,0.0,-0.0,-0.0,248693472.0,-0.0,0.0,0.85,1.0,-1.0,1.0,True,True,False,,0,0
17024400.0,24,0.032775381841503595,False,False,ok,,,True,1.0,0.0,1,0.0,1.0,0.0,0.0,202104.62166032105,5130.652880000125,0.032775381841503595,-5130.652880000125,-0.032775381841503595,156539.83544146415,0.0,0.0,0.032775381841503595,0.045803342526874125,0.002097946186634156,0.05,1.0,-423295.5430712155,0.0,-0.0,-470115.7844294283,0.0,-0.0,-1499999.9999999998,-60000.0,60000.0,0.0,0.0,-0.0,0.0,0.0,-0.0,2791462.9927999983,124346.73560000025,-124346.73560000025,-195947.0436390353,-59216.08272000012,59216.08272000012,0.5,0.8958033323287964,0.5,0.5,8958033.0,295.7729797363281,473.1572265625,313.16363525390625,-150000000.0,0.0,0.0,-93121800.0,0.0,0.0,-0.0,-0.0,243121808.0,-0.0,0.0,0.85,1.0,-1.0,1.0,True,True,False,,0,0
17028000.0,25,0.03633464685815913,False,False,ok,,,True,1.0,0.0,1,0.0,1.0,0.0,0.0,207792.441300321,5687.819639999943,0.03633464685815913,-5687.819639999943,-0.03633464685815913,156539.83544146415,0.0,0.0,0.03633464685815913,0.04214214813221828,0.0017759606491978288,0.05,1.0,-423295.5430712155,0.0,-0.0,-470115.7844294283,0.0,-0.0,-1559999.9999999998,-60000.0,60000.0,0.0,0.0,-0.0,0.0,0.0,-0.0,2913023.8945999965,121560.90179999825,-121560.90179999825,-251820.12579903536,-55873.08216000005,55873.08216000005,0.5,0.8921421766281128,0.5,0.5,8921421.0,294.56414794921875,473.1572265625,313.16363525390625,-150000000.0,0.0,0.0,-80988656.0,0.0,0.0,-0.0,-0.0,230988656.0,-0.0,0.0,0.85,1.0,-1.0,1.0,True,True,False,,0,0
17031600.0,26,0.044085483867655276,False,False,ok,,,True,1.0,0.0,1,0.0,1.0,0.0,0.0,214693.57569032107,6901.134390000079,0.044085483867655276,-6901.134390000079,-0.044085483867655276,156539.83544146415,0.0,0.0,0.044085483867655276,0.038886446048911116,0.001512155686314875,0.05,1.0,-423295.5430712155,0.0,-0.0,-470115.7844294283,0.0,-0.0,-1619999.9999999998,-60000.0,60000.0,0.0,0.0,-0.0,0.0,0.0,-0.0,3028518.2226499952,115494.32804999873,-115494.32804999873,-300413.31945903547,-48593.193660000106,48593.193660000106,0.5,0.8888864517211914,0.5,0.5,8888864.0,293.4891662597656,473.1572265625,313.16363525390625,-150000000.0,0.0,0.0,-93972344.0,0.0,0.0,-0.0,-0.0,243972336.0,-0.0,0.0,0.85,1.0,-1.0,1.0,True,True,False,,0,0
17035200.0,27,0.039521891456898904,False,False,ok,,,True,1.0,0.0,1,0.0,1.0,0.0,0.0,220880.32607531943,6186.750384998362,0.039521891456898904,-6186.750384998362,-0.039521891456898904,156539.83544146415,0.0,0.0,0.039521891456898904,0.0363345464814544,0.0013201992680129703,0.05,1.0,-423295.5430712155,0.0,-0.0,-470532.9162829986,-417.1318535702885,417.1318535702885,-1679999.9999999998,-60000.0,60000.0,0.0,0.0,-0.0,0.0,0.0,-0.0,3150504.393699997,121986.17105000187,-121986.17105000187,-355795.6082704669,-55382.28881143144,55382.28881143144,0.5,0.8863345384597778,0.5,0.5,8863345.0,292.6466064453125,473.1572265625,313.16363525390625,-150000000.0,0.0,0.0,-61647872.0,0.0,0.0,-3707834.75,-3707834.75,215355712.0,-0.0,0.0,0.85,1.0,-1.0,1.0,True,True,False,,0,0
17038800.0,28,0.09520950893673005,False,False,ok,,,True,1.0,0.0,1,0.0,1.0,0.0,0.0,235784.40693673777,14904.080861418333,0.09520950893673005,-14904.080861418333,-0.09520950893673005,156539.83544146415,0.0,0.0,0.09520950893673005,0.03550872950615491,0.0012608698711412765,0.05,1.0,-424106.839850622,-811.2967794064898,811.2967794064898,-474718.7404200288,-4185.824137030228,4185.824137030228,-1739999.9999999998,-60000.0,60000.0,0.0,0.0,-0.0,0.0,0.0,-0.0,3258182.246849997,107677.85314999986,-107677.85314999986,-383572.2596426119,-27776.65137214499,27776.65137214499,0.5,0.8855087161064148,0.5,0.5,8855087.0,292.3739318847656,473.1572265625,313.16363525390625,-150000000.0,0.0,0.0,-37545180.0,-11260390.0,-11260390.0,-32504220.0,-32504220.0,231309792.0,-0.0,0.0,0.85,1.0,-1.0,1.0,True,True,False,,0,0
17042400.0,29,0.18011817079168976,False,False,ok,,,True,1.0,0.0,1,0.0,1.0,0.0,0.0,263980.0757524864,28195.66881574865,0.18011817079168976,-28195.66881574865,-0.18011817079168976,156539.83544146415,0.0,0.0,0.18011817079168976,0.03717197982407583,0.0013817560840415006,0.05,1.0,-430695.0167491831,-6588.176898561127,6588.176898561127,-487900.8957960795,-13182.15537605068,13182.15537605068,-1799999.9999999998,-60000.0,60000.0,0.0,0.0,-0.0,0.0,0.0,-0.0,3373837.1414499953,115654.89459999837,-115654.89459999837,-391261.1531522513,-7688.893509639427,7688.893509639427,0.5,0.8871719837188721,0.5,0.5,8871720.0,292.923095703125,473.1572265625,313.16363525390625,-150000000.0,0.0,0.0,24826706.0,-29526250.0,-29526250.0,-76999616.0,-76999616.0,231699168.0,-0.0,0.0,0.85,1.0,-1.0,1.0,True,True,False,,0,0
17046000.0,30,0.16134315347390166,False,False,ok,,,True,1.0,0.0,1,0.0,1.0,0.0,0.0,289236.7064468979,25256.630694411462,0.16134315347390166,-25256.630694411462,-0.16134315347390166,156539.83544146415,0.0,0.0,0.16134315347390166,0.04085815938682169,0.0016693891884789255,0.05,1.0,-442073.2189995428,-11378.202250359696,11378.202250359696,-511727.13990258466,-23826.244106505183,23826.244106505183,-1859999.9999999998,-60000.0,60000.0,0.0,0.0,-0.0,0.0,0.0,-0.0,3489686.7220499963,115849.58060000092,-115849.58060000092,-386649.6567009751,4611.496451276238,-4611.496451276238,0.5,0.8908581733703613,0.5,0.5,8908582.0,294.14019775390625,473.1572265625,313.16363525390625,-150000000.0,0.0,0.0,88435496.0,-36290788.0,-36290788.0,-117204584.0,-117204584.0,215059872.0,-0.0,0.0,0.85,1.0,-1.0,1.0,True,True,False,,0,0
17049600.0,31,0.0736178981084338,False,False,ok,,,True,1.0,0.0,1,0.0,1.0,0.0,0.0,300760.8401023386,11524.133655440703,0.0736178981084338,-11524.133655440703,-0.0736178981084338,156539.83544146415,0.0,0.0,0.0736178981084338,0.04565765542364553,0.0020846214987843476,0.05,1.0,-455555.5577483737,-13482.338748830894,13482.338748830894,-544843.0953377658,-33115.955435181095,33115.955435181095,-1919999.9999999998,-60000.0,60000.0,0.0,0.0,-0.0,0.0,0.0,-0.0,3597216.658149994,107529.93609999772,-107529.93609999772,-376057.16496152227,10592.491739452817,-10592.491739452817,0.5,0.8956576585769653,0.5,0.5,8956577.0,295.724853515625,473.1572265625,313.16363525390625,-150000000.0,0.0,0.0,112884104.0,-41312184.0,-41312184.0,-150719616.0,-150719616.0,229147696.0,-0.0,0.0,0.85,1.0,-1.0,1.0,True,True,False,,0,0
17053200.0,32,0.07781750372584086,False,False,ok,,,True,1.0,0.0,1,0.0,1.0,0.0,0.0,312942.37933004723,12181.53922770865,0.07781750372584086,-12181.53922770865,-0.07781750372584086,156539.83544146415,0.0,0.0,0.07781750372584086,0.050872627372220536,0.0025880242157528023,0.05,0.0,-470852.238288032,-15296.680539658293,15296.680539658293,-584095.3255824676,-39252.230244701845,39252.230244701845,-1979999.9999999998,-60000.0,60000.0,0.0,0.0,-0.0,0.0,0.0,-0.0,3711790.5053499937,114573.84719999973,-114573.84719999973,-363900.56214945344,12156.602812068828,-12156.602812068828,0.5,0.9008726477622986,0.5,0.5,9008726.0,297.44671630859375,473.1572265625,313.16363525390625,-150000000.0,0.0,0.0,155881872.0,-46696880.0,-46696880.0,-164568816.0,-164568816.0,205383808.0,-0.0,0.0,0.85,1.0,-1.0,1.0,True,True,False,,0,0
17056800.0,33,0.012673954128401686,False,False,ok,,,True,1.0,0.0,1,0.0,1.0,0.0,0.0,314926.3580236999,1983.9786936526652,0.012673954128401686,-1983.9786936526652,-0.012673954128401686,156539.83544146415,0.0,0.0,0.012673954128401686,0.05618254279126822,0.0031564781144926848,0.05,0.0,-487381.6873240032,-16529.449035971193,16529.449035971193,-623033.3201073664,-38937.99452489882,38937.99452489882,-2039999.9999999998,-60000.0,60000.0,0.0,0.0,-0.0,0.0,0.0,-0.0,3814482.4112499915,102691.9058999978,-102691.9058999978,-349141.04579493066,14759.516354522784,-14759.516354522784,0.5,0.9061825275421143,0.5,0.5,9061825.0,299.1999206542969,473.1572265625,313.16363525390625,-150000000.0,0.0,0.0,102963536.0,-47877984.0,-47877984.0,-145005968.0,-145005968.0,239920432.0,-0.0,0.0,0.85,1.0,-1.0,1.0,True,True,False,,0,0
17060400.0,34,0.11246186960982962,False,False,ok,,,True,1.0,0.0,1,0.0,1.0,0.0,0.0,332531.120585862,17604.762562162126,0.11246186960982962,-17604.762562162126,-0.11246186960982962,156539.83544146415,0.0,0.0,0.11246186960982962,0.061404155360082924,0.0037704702954852003,0.05,0.0,-504279.9601998126,-16898.2728758094,16898.2728758094,-658522.007584942,-35488.687477575615,35488.687477575615,-2099999.9999999995,-59999.99999999977,59999.99999999977,0.0,0.0,-0.0,0.0,0.0,-0.0,3934442.623699991,119960.21244999953,-119960.21244999953,-339109.53532938333,10031.510465547326,-10031.510465547326,0.5,0.9114041328430176,0.5,0.5,9114042.0,300.9239501953125,473.1572265625,313.16363525390625,-150000000.0,0.0,0.0,93263464.0,-48774820.0,-48774820.0,-138245488.0,-138245488.0,243756848.0,-0.0,0.0,0.85,1.0,-1.0,1.0,True,True,False,,0,0
17064000.0,35,0.11712568544072423,False,False,ok,,,True,1.0,0.0,1,0.0,1.0,0.0,0.0,350865.9561107217,18334.835524859664,0.11712568544072423,-18334.835524859664,-0.11712568544072423,156539.83544146415,0.0,0.0,0.11712568544072423,0.06611138338653211,0.004370715013281033,0.05,0.0,-521637.0405962154,-17357.080396402802,17357.080396402802,-694805.3176287441,-36283.31004380202,36283.31004380202,-2159999.9999999995,-60000.0,60000.0,0.0,0.0,-0.0,0.0,0.0,-0.0,4056321.0438499916,121878.4201500006,-121878.4201500006,-329012.7295143188,10096.805815064523,-10096.805815064523,0.5,0.916111409664154,0.5,0.5,9161114.0,302.4781799316406,473.1572265625,313.16363525390625,-150000000.0,0.0,0.0,121658808.0,-50597012.0,-50597012.0,-153445280.0,-153445280.0,232383488.0,-0.0,0.0,0.85,1.0,-1.0,1.0,True,True,False,,0,0
17067600.0,36,0.08425742362386976,False,False,ok,,,True,1.0,0.0,1,0.0,1.0,0.0,0.0,364055.599339524,13189.643228802306,0.08425742362386976,-13189.643228802306,-0.08425742362386976,156539.83544146415,0.0,0.0,0.08425742362386976,0.06977889812694682,0.0048690946238108225,0.05,0.0,-539297.7136909096,-17660.673094694153,17660.673094694153,-731720.2908203899,-36914.97319164581,36914.97319164581,-2219999.9999999995,-60000.0,60000.0,0.0,0.0,-0.0,0.0,0.0,-0.0,4172512.785899992,116191.74205000047,-116191.74205000047,-317439.18204917654,11573.54746514227,-11573.54746514227,0.5,0.9197788834571838,0.5,0.5,9197789.0,303.6890869140625,473.1572265625,313.16363525390625,-150000000.0,0.0,0.0,138110432.0,-50290660.0,-50290660.0,-140573232.0,-140573232.0,202753456.0,-0.0,0.0,0.85,1.0,-1.0,1.0,True,True,False,,0,0
17071200.0,37,0.01660450986326402,False,False,ok,,,True,1.0,0.0,1,0.0,1.0,0.0,0.0,366654.8665811055,2599.2672415815177,0.01660450986326402,-2599.2672415815177,-0.01660450986326402,156539.83544146415,0.0,0.0,0.01660450986326402,0.07193351488275157,0.005174430563387042,0.05,0.0,-556095.837718877,-16798.124027967453,16798.124027967453,-767559.3853844592,-35839.094564069295,35839.094564069295,-2279999.9999999995,-60000.0,60000.0,0.0,0.0,-0.0,0.0,0.0,-0.0,4273889.515899995,101376.73000000324,-101376.73000000324,-303579.4262155581,13859.75583361846,-13859.75583361846,0.5,0.9219335317611694,0.5,0.5,9219335.0,304.4004821777344,473.1572265625,313.16363525390625,-150000000.0,0.0,0.0,95070240.0,-45243920.0,-45243920.0,-146754416.0,-146754416.0,246928096.0,-0.0,0.0,0.85,1.0,-1.0,1.0,True,True,False,,0,0
17074800.0,38,0.14932151084823625,False,False,ok,,,True,1.0,0.0,1,0.0,1.0,0.0,0.0,390029.6313171592,23374.76473605371,0.14932151084823625,-23374.76473605371,-0.14932151084823625,156539.83544146415,0.0,0.0,0.14932151084823625,0.07274417446366832,0.0052917149184006146,0.05,0.0,-571306.1923642008,-15210.354645323823,15210.354645323823,-800112.6095704128,-32553.224185953615,32553.224185953615,-2339999.9999999995,-60000.0,60000.0,0.0,0.0,-0.0,0.0,0.0,-0.0,4397353.563749993,123464.04784999788,-123464.04784999788,-295905.130498227,7674.295717331057,-7674.295717331057,0.5,0.9227441549301147,0.5,0.5,9227442.0,304.66815185546875,473.1572265625,313.16363525390625,-150000000.0,0.0,0.0,98092800.0,-41312184.0,-41312184.0,-109678680.0,-109678680.0,202898064.0,-0.0,0.0,0.85,1.0,-1.0,1.0,True,True,False,,0,0
17078400.0,39,0.07801689117107927,False,False,ok,,,True,1.0,0.0,1,0.0,1.0,0.0,0.0,402242.3826227346,12212.751305575366,0.07801689117107927,-12212.751305575366,-0.07801689117107927,156539.83544146415,0.0,0.0,0.07801689117107927,0.07260126976057679,0.005270944370848042,0.05,0.0,-584759.3543095245,-13453.161945323693,13453.161945323693,-824007.7348119257,-23895.1252415129,23895.1252415129,-2399999.9999999995,-60000.0,60000.0,0.0,0.0,-0.0,0.0,0.0,-0.0,4498802.598549992,101449.03479999863,-101449.03479999863,-287793.1268058152,8112.003692411818,-8112.003692411818,0.5,0.9226012825965881,0.5,0.5,9226013.0,304.6209716796875,473.1572265625,313.16363525390625,-150000000.0,0.0,0.0,50671040.0,-35028160.0,-35028160.0,-78100128.0,-78100128.0,212457248.0,-0.0,0.0,0.85,1.0,-1.0,1.0,True,True,False,,0,0
17082000.0,40,0.14440756999119436,False,False,ok,,,True,1.0,0.0,1,0.0,1.0,0.0,0.0,424847.91986565787,22605.53724292328,0.14440756999119436,-22605.53724292328,-0.14440756999119436,156539.83544146415,0.0,0.0,0.14440756999119436,0.0713747266374275,0.005094351602567502,0.05,0.0,-596027.0468052081,-11267.692495683557,11267.692495683557,-839556.0857026684,-15548.350890742731,15548.350890742731,-2459999.9999999995,-60000.0,60000.0,0.0,0.0,-0.0,0.0,0.0,-0.0,4605031.222999988,106228.62444999628,-106228.62444999628,-284600.1706264656,3192.956179349625,-3192.956179349625,0.5,0.9213747382164001,0.5,0.5,9213747.0,304.21600341796875,473.1572265625,313.16363525390625,-150000000.0,0.0,0.0,2518954.75,-28844948.0,-28844948.0,-42429900.0,-42429900.0,218755888.0,-0.0,0.0,0.85,1.0,-1.0,1.0,True,True,False,,0,0
17085600.0,41,0.15757385944413638,False,False,ok,,,True,1.0,0.0,1,0.0,1.0,0.0,0.0,449514.5058929194,24666.58602726151,0.15757385944413638,-24666.58602726151,-0.15757385944413638,156539.83544146415,0.0,0.0,0.15757385944413638,0.0691191171004698,0.004777452348748458,0.05,0.0,-604965.8416534094,-8938.79484820133,8938.79484820133,-846901.2783863174,-7345.1926836490165,7345.1926836490165,-2519999.9999999995,-60000.0,60000.0,0.0,0.0,-0.0,0.0,0.0,-0.0,4714409.170249987,109377.94724999927,-109377.94724999927,-293027.54431735346,-8427.373690887878,8427.373690887878,0.5,0.919119119644165,0.5,0.5,9191191.0,303.47125244140625,473.1572265625,313.16363525390625,-150000000.0,0.0,0.0,-35782612.0,-21686330.0,-21686330.0,-13207523.0,-13207523.0,220676464.0,-0.0,0.0,0.85,1.0,-1.0,1.0,True,True,False,,0,0
17089200.0,42,0.09782799914104161,False,False,ok,,,True,1.0,0.0,1,0.0,1.0,0.0,0.0,464828.4847800257,15313.97888710635,0.09782799914104161,-15313.97888710635,-0.09782799914104161,156539.83544146415,0.0,0.0,0.09782799914104161,0.06595077346527467,0.004349504520667977,0.05,0.0,-611725.7073282296,-6759.8656748201465,6759.8656748201465,-848724.9568470973,-1823.6784607798327,1823.6784607798327,-2579999.9999999995,-60000.0,60000.0,0.0,0.0,-0.0,0.0,0.0,-0.0,4824747.402449984,110338.23219999671,-110338.23219999671,-319468.2534946472,-26440.709177293757,26440.709177293757,0.5,0.9159507751464844,0.5,0.5,9159508.0,302.4251403808594,473.1572265625,313.16363525390625,-150000000.0,0.0,0.0,-41726352.0,-16532858.0,-16532858.0,-0.0,-0.0,208259216.0,-0.0,0.0,0.85,1.0,-1.0,1.0,True,True,False,,0,0
17092800.0,43,0.09522563690248846,False,False,ok,,,True,1.0,0.0,1,0.0,1.0,0.0,0.0,479735.0903105499,14906.60553052416,0.09522563690248846,-14906.60553052416,-0.09522563690248846,156539.83544146415,0.0,0.0,0.09522563690248846,0.06248871059852035,0.003904838952265629,0.05,0.0,-619751.2446109634,-8025.537282733829,8025.537282733829,-848724.9568470973,0.0,-0.0,-2639999.9999999995,-60000.0,60000.0,0.0,0.0,-0.0,0.0,0.0,-0.0,4928877.007949984,104129.6054999996,-104129.6054999996,-340665.7161813893,-21197.462686742074,21197.462686742074,0.5,0.9124886989593506,0.5,0.5,9124887.0,301.28204345703125,473.1572265625,313.16363525390625,-150000000.0,0.0,0.0,-65478688.0,-31620004.0,-31620004.0,-0.0,-0.0,247098688.0,-0.0,0.0,0.85,1.0,-1.0,1.0,True,True,False,,0,0
17096400.0,44,0.0939263066876897,False,False,ok,,,True,1.0,0.0,1,0.0,1.0,0.0,0.0,494438.2989030653,14703.208592515439,0.0939263066876897,-14703.208592515439,-0.0939263066876897,156539.83544146415,0.0,0.0,0.0939263066876897,0.059257334101498915,0.0035114316448166664,0.05,0.0,-632929.553646485,-13178.309035521583,13178.309035521583,-848724.9568470973,0.0,-0.0,-2699999.9999999995,-60000.0,60000.0,0.0,0.0,-0.0,0.0,0.0,-0.0,5052426.354399983,123549.34644999914,-123549.34644999914,-376333.5450033523,-35667.82882196299,35667.82882196299,0.5,0.9092573523521423,0.5,0.5,9092573.0,300.2151184082031,473.1572265625,313.16363525390625,-150000000.0,0.0,0.0,-10869728.0,-45532440.0,-45532440.0,-0.0,-0.0,206402160.0,-0.0,0.0,0.85,1.0,-1.0,1.0,True,True,False,,0,0
17100000.0,45,0.13632453453691,False,False,ok,,,True,1.0,0.0,1,0.0,1.0,0.0,0.0,515778.5191061074,21340.22020304209,0.13632453453691,-21340.22020304209,-0.13632453453691,156539.83544146415,0.0,0.0,0.13632453453691,0.056132133248690486,0.003150816383048744,0.05,0.0,-649702.1654227439,-16772.611776258913,16772.611776258913,-848724.9568470973,0.0,-0.0,-2759999.9999999995,-60000.0,60000.0,0.0,0.0,-0.0,0.0,0.0,-0.0,5155627.43829998,103201.08389999717,-103201.08389999717,-381421.7969240512,-5088.251920698909,5088.251920698909,0.5,0.906132161617279,0.5,0.5,9061321.0,299.1832275390625,473.1572265625,313.16363525390625,-150000000.0,0.0,0.0,-36865012.0,-50904428.0,-50904428.0,-0.0,-0.0,237769440.0,-0.0,0.0,0.85,1.0,-1.0,1.0,True,True,False,,0,0
17103600.0,46,0.11821385537041176,False,False,ok,,,True,1.0,0.0,1,0.0,1.0,0.0,0.0,534283.6965726927,18505.1774665853,0.11821385537041176,-18505.1774665853,-0.11821385537041176,156539.83544146415,0.0,0.0,0.11821385537041176,0.05310592607624287,0.0028202393844153724,0.05,0.0,-666897.1356859633,-17194.97026321944,17194.97026321944,-848724.9568470973,0.0,-0.0,-2819999.9999999995,-60000.0,60000.0,0.0,0.0,-0.0,0.0,0.0,-0.0,5274512.159049984,118884.72075000405,-118884.72075000405,-404606.3699442464,-23184.57302019524,23184.57302019524,0.5,0.9031059145927429,0.5,0.5,9031059.0,298.1840515136719,473.1572265625,313.16363525390625,-150000000.0,0.0,0.0,-35017184.0,-46990588.0,-46990588.0,-0.0,-0.0,232007776.0,-0.0,0.0,0.85,1.0,-1.0,1.0,True,True,False,,0,0
17107200.0,47,0.1143452997179092,False,False,ok,,,True,1.0,0.0,1,0.0,1.0,0.0,0.0,552183.2909740391,17899.594401346403,0.1143452997179092,-17899.594401346403,-0.1143452997179092,156539.83544146415,0.0,0.0,0.1143452997179092,0.05027231915733443,0.0025273060734568946,0.05,0.0,-682437.6558298481,-15540.520143884816,15540.520143884816,-848724.9568470973,0.0,-0.0,-2879999.9999999995,-60000.0,60000.0,0.0,0.0,-0.0,0.0,0.0,-0.0,5390516.0446999855,116003.88565000147,-116003.88565000147,-427170.1410490153,-22563.77110476885,22563.77110476885,0.5,0.9002723097801208,0.5,0.5,9002723.0,297.24847412109375,473.1572265625,313.16363525390625,-150000000.0,0.0,0.0,-24018588.0,-41312184.0,-41312184.0,-0.0,-0.0,215330768.0,-0.0,0.0,0.85,1.0,-1.0,1.0,True,True,False,,0,0
17110800.0,48,0.11418379820470384,False,False,ok,,,True,1.0,0.0,1,0.0,1.0,0.0,0.0,570057.6039550848,17874.31298104569,0.11418379820470384,-17874.31298104569,-0.11418379820470384,156539.83544146415,0.0,0.0,0.11418379820470384,0.0476723308753928,0.0022726511310929296,0.05,1.0,-695608.0022373121,-13170.346407464007,13170.346407464007,-848724.9568470973,0.0,-0.0,-2939999.9999999995,-60000.0,60000.0,0.0,0.0,-0.0,0.0,0.0,-0.0,5498181.431249984,107665.38654999807,-107665.38654999807,-443790.8682105056,-16620.7271614903,16620.7271614903,0.5,0.8976723551750183,0.5,0.5,8976723.0,296.3900146484375,473.1572265625,313.16363525390625,-150000000.0,0.0,0.0,-22485112.0,-33300832.0,-33300832.0,-0.0,-0.0,205785952.0,-0.0,0.0,0.85,1.0,-1.0,1.0,True,True,False,,0,0
17114400.0,49,0.1043830096341848,False,False,ok,,,True,1.0,0.0,1,0.0,1.0,0.0,0.0,586397.7031061049,16340.099151020055,0.1043830096341848,-16340.099151020055,-0.1043830096341848,156539.83544146415,0.0,0.0,0.1043830096341848,0.045251739912168465,0.0020477199650785404,0.05,1.0,-705294.1732647402,-9686.171027428005,9686.171027428005,-848724.9568470973,0.0,-0.0,-2999999.9999999995,-60000.0,60000.0,0.0,0.0,-0.0,0.0,0.0,-0.0,5601074.403449984,102892.97220000066,-102892.97220000066,-460657.5702320575,-16866.7020215519,16866.7020215519,0.5,0.8952517509460449,0.5,0.5,8952517.0,295.5907897949219,473.1572265625,313.16363525390625,-150000000.0,0.0,0.0,-76480840.0,-21296582.0,-21296582.0,-0.0,-0.0,247777424.0,-0.0,0.0,0.85,1.0,-1.0,1.0,True,True,False,,0,0
17118000.0,50,0.05840807469481828,False,False,ok,,,True,1.0,0.0,1,0.0,1.0,0.0,0.0,595540.8935072845,9143.1904011796,0.05840807469481828,-9143.1904011796,-0.05840807469481828,156539.83544146415,0.0,0.0,0.05840807469481828,0.04303663564196791,0.001852152007379503,0.05,1.0,-710783.4783883911,-5489.305123650935,5489.305123650935,-848724.9568470973,0.0,-0.0,-3059999.9999999995,-60000.0,60000.0,0.0,0.0,-0.0,0.0,0.0,-0.0,5724963.112599988,123888.70915000327,-123888.70915000327,-509913.78385722707,-49256.21362516959,49256.21362516959,0.5,0.8930366635322571,0.5,0.5,8930366.0,294.8594055175781,473.1572265625,313.16363525390625,-150000000.0,0.0,0.0,-81661480.0,-9545921.0,-9545921.0,-0.0,-0.0,241207392.0,-0.0,0.0,0.85,1.0,-1.0,1.0,True,True,False,,0,0
17121600.0,51,0.049969451777738816,False,False,ok,,,True,1.0,0.0,1,0.0,1.0,0.0,0.0,603363.1032656719,7822.209758387413,0.049969451777738816,-7822.209758387413,-0.049969451777738816,156539.83544146415,0.0,0.0,0.049969451777738816,0.04119796353475458,0.0016972721994109679,0.05,1.0,-712886.2191363228,-2102.7407479317626,2102.7407479317626,-849039.9510623069,-314.99421520961914,314.99421520961914,-3119999.9999999995,-60000.0,60000.0,0.0,0.0,-0.0,0.0,0.0,-0.0,5845566.811699986,120603.69909999892,-120603.69909999892,-560277.5382356987,-50363.75437847164,50363.75437847164,0.5,0.8911979794502258,0.5,0.5,8911980.0,294.2523193359375,473.1572265625,313.16363525390625,-150000000.0,0.0,0.0,-52647364.0,-2162042.25,-2162042.25,-2800464.5,-2800464.5,207609872.0,-0.0,0.0,0.85,1.0,-1.0,1.0,True,True,False,,0,0
17125200.0,52,0.07811604748152136,False,False,ok,,,True,1.0,0.0,1,0.0,1.0,0.0,0.0,615591.3764837668,12228.273218094953,0.07811604748152136,-12228.273218094953,-0.07811604748152136,156539.83544146415,0.0,0.0,0.07811604748152136,0.039982236283137684,0.0015985792182006515,0.05,1.0,-713252.2517775315,-366.0326412086142,366.0326412086142,-850988.3855419622,-1948.4344796553487,1948.4344796553487,-3179999.9999999995,-60000.0,60000.0,0.0,0.0,-0.0,0.0,0.0,-0.0,5949371.7463999875,103804.93470000103,-103804.93470000103,-589539.7325967395,-29262.194361040834,29262.194361040834,0.5,0.8899822235107422,0.5,0.5,8899822.0,293.8509216308594,473.1572265625,313.16363525390625,-150000000.0,0.0,0.0,-55766812.0,0.0,0.0,-13877700.0,-13877700.0,219644512.0,-0.0,0.0,0.85,1.0,-1.0,1.0,True,True,False,,0,0
17128800.0,53,0.09521727245206152,False,False,ok,,,True,1.0,0.0,1,0.0,1.0,0.0,0.0,630496.6726445976,14905.296160830767,0.09521727245206152,-14905.296160830767,-0.09521727245206152,156539.83544146415,0.0,0.0,0.09521727245206152,0.03970564096480633,0.0015765379244261067,0.05,1.0,-713252.2517775315,0.0,-0.0,-855895.3480496984,-4906.962507736171,4906.962507736171,-3239999.9999999995,-60000.0,60000.0,0.0,0.0,-0.0,0.0,0.0,-0.0,6059194.003149986,109822.25674999878,-109822.25674999878,-619549.7306781728,-30009.998081433238,30009.998081433238,0.5,0.8897056579589844,0.5,0.5,8897056.0,293.75958251953125,473.1572265625,313.16363525390625,-150000000.0,0.0,0.0,-46521136.0,0.0,0.0,-26617000.0,-26617000.0,223138144.0,-0.0,0.0,0.85,1.0,-1.0,1.0,True,True,False,,0,0
17132400.0,54,0.11196052449959241,False,False,ok,,,True,1.0,0.0,1,0.0,1.0,0.0,0.0,648022.9547257038,17526.282081106212,0.11196052449959241,-17526.282081106212,-0.11196052449959241,156539.83544146415,0.0,0.0,0.11196052449959241,0.04067241793160148,0.0016542455804028574,0.05,1.0,-713252.2517775315,0.0,-0.0,-862923.987971917,-7028.63992221863,7028.63992221863,-3299999.9999999995,-60000.0,60000.0,0.0,0.0,-0.0,0.0,0.0,-0.0,6170763.072199987,111569.06905000098,-111569.06905000098,-646563.8777248479,-27014.14704667509,27014.14704667509,0.5,0.8906724452972412,0.5,0.5,8906724.0,294.07879638671875,473.1572265625,313.16363525390625,-150000000.0,0.0,0.0,-56956452.0,0.0,0.0,-29934460.0,-29934460.0,236890912.0,-0.0,0.0,0.85,1.0,-1.0,1.0,True,True,False,,0,0
17136000.0,55,0.10562947312935683,False,False,ok,,,True,1.0,0.0,1,0.0,1.0,0.0,0.0,664558.1750671419,16535.22034143808,0.10562947312935683,-16535.22034143808,-0.10562947312935683,156539.83544146415,0.0,0.0,0.10562947312935683,0.042800062530039984,0.0018318453525753326,0.05,1.0,-713252.2517775315,0.0,-0.0,-870227.0676872301,-7303.079715313041,7303.079715313041,-3359999.9999999995,-60000.0,60000.0,0.0,0.0,-0.0,0.0,0.0,-0.0,6289208.528499983,118445.456299996,-118445.456299996,-681171.033968097,-34607.156243249075,34607.156243249075,0.5,0.8928000330924988,0.5,0.5,8928001.0,294.7812805175781,473.1572265625,313.16363525390625,-150000000.0,0.0,0.0,-65449464.0,0.0,0.0,-28333214.0,-28333214.0,243782672.0,-0.0,0.0,0.85,1.0,-1.0,1.0,True,True,False,,0,0
17139600.0,56,0.10652923879636773,False,False,ok,,,True,1.0,0.0,1,0.0,1.0,0.0,0.0,681234.2445780297,16676.069510887843,0.10652923879636773,-16676.069510887843,-0.10652923879636773,156539.83544146415,0.0,0.0,0.10652923879636773,0.04522624663564401,0.002045413384748101,0.05,1.0,-713252.2517775315,0.0,-0.0,-878123.0229092928,-7895.955222062767,7895.955222062767,-3419999.9999999995,-60000.0,60000.0,0.0,0.0,-0.0,0.0,0.0,-0.0,6411099.867499981,121891.33899999782,-121891.33899999782,-718490.3482351463,-37319.31426704931,37319.31426704931,0.5,0.895226240158081,0.5,0.5,8952262.0,295.5823669433594,473.1572265625,313.16363525390625,-150000000.0,0.0,0.0,-63153228.0,0.0,0.0,-35538892.0,-35538892.0,248692112.0,-0.0,0.0,0.85,1.0,-1.0,1.0,True,True,False,,0,0
17143200.0,57,0.12129017445684065,False,False,ok,,,True,1.0,0.0,1,0.0,1.0,0.0,0.0,700220.98852817,18986.743950140313,0.12129017445684065,-18986.743950140313,-0.12129017445684065,156539.83544146415,0.0,0.0,0.12129017445684065,0.047430119163903384,0.002249616203902075,0.05,1.0,-713252.2517775315,0.0,-0.0,-888020.1342736786,-9897.111364385812,9897.111364385812,-3479999.9999999995,-60000.0,60000.0,0.0,0.0,-0.0,0.0,0.0,-0.0,6535445.927299986,124346.05980000459,-124346.05980000459,-753952.5527206202,-35462.20448547392,35462.20448547392,0.5,0.8974301218986511,0.5,0.5,8974301.0,296.3100280761719,473.1572265625,313.16363525390625,-150000000.0,0.0,0.0,-41681512.0,0.0,0.0,-44512348.0,-44512348.0,236193856.0,-0.0,0.0,0.85,1.0,-1.0,1.0,True,True,False,,0,0
17146800.0,58,0.1346993051758533,False,False,ok,,,True,1.0,0.0,1,0.0,1.0,0.0,0.0,721306.7955944777,21085.807066307636,0.1346993051758533,-21085.807066307636,-0.1346993051758533,156539.83544146415,0.0,0.0,0.1346993051758533,0.04937915530582071,0.0024383009787163614,0.05,1.0,-713252.2517775315,0.0,-0.0,-898523.8436281842,-10503.709354505525,10503.709354505525,-3539999.9999999995,-60000.0,60000.0,0.0,0.0,-0.0,0.0,0.0,-0.0,6653542.857449984,118096.93014999852,-118096.93014999852,-780459.966449807,-26507.41372918687,26507.41372918687,0.5,0.8993791341781616,0.5,0.5,8993792.0,296.95355224609375,473.1572265625,313.16363525390625,-150000000.0,0.0,0.0,-42184440.0,0.0,0.0,-38961288.0,-38961288.0,231145728.0,-0.0,0.0,0.85,1.0,-1.0,1.0,True,True,False,,0,0
17150400.0,59,0.14336222229389023,False,False,ok,,,True,1.0,0.0,1,0.0,1.0,0.0,0.0,743748.6942808859,22441.89868640818,0.14336222229389023,-22441.89868640818,-0.14336222229389023,156539.83544146415,0.0,0.0,0.14336222229389023,0.05085803775672082,0.0025865400044640403,0.05,0.0,-713252.2517775315,0.0,-0.0,-909635.6089541902,-11111.765326005989,11111.765326005989,-3599999.9999999995,-60000.0,60000.0,0.0,0.0,-0.0,0.0,0.0,-0.0,6769115.721299982,115572.86384999752,-115572.86384999752,-802479.1662873928,-22019.199837585795,22019.199837585795,0.5,0.9008580446243286,0.5,0.5,9008580.0,297.44183349609375,473.1572265625,313.16363525390625,-150000000.0,0.0,0.0,-40984544.0,0.0,0.0,-51120096.0,-51120096.0,242104640.0,-0.0,0.0,0.85,1.0,-1.0,1.0,True,True,False,,0,0
17154000.0,60,0.16248669287704043,False,False,ok,,,True,1.0,0.0,1,0.0,1.0,0.0,0.0,769184.3344452855,25435.640164399636,0.16248669287704043,-25435.640164399636,-0.16248669287704043,156539.83544146415,0.0,0.0,0.16248669287704043,0.051892117570707,0.002692791865972078,0.05,0.0,-713252.2517775315,0.0,-0.0,-923668.5404573327,-14032.93150314258,14032.93150314258,-3659999.9999999995,-60000.0,60000.0,0.0,0.0,-0.0,0.0,0.0,-0.0,6890168.0409999825,121052.31970000081,-121052.31970000081,-824062.9143198506,-21583.748032457777,21583.748032457777,0.5,0.9018921256065369,0.5,0.5,9018921.0,297.78326416015625,473.1572265625,313.16363525390625,-150000000.0,0.0,0.0,-6672789.5,0.0,0.0,-62229312.0,-62229312.0,218902096.0,-0.0,0.0,0.85,1.0,-1.0,1.0,True,True,False,,0,0
17157600.0,61,0.17920110573184073,False,False,ok,,,True,1.0,0.0,1,0.0,1.0,0.0,0.0,797236.4460474763,28052.111602190766,0.17920110573184073,-28052.111602190766,-0.17920110573184073,156539.83544146415,0.0,0.0,0.17920110573184073,0.052471999287552085,0.0027533107092328666,0.05,0.0,-713252.2517775315,0.0,-0.0,-937913.0558803261,-14244.51542299334,14244.51542299334,-3719999.9999999995,-60000.0,60000.0,0.0,0.0,-0.0,0.0,0.0,-0.0,6999619.090949984,109451.04995000176,-109451.04995000176,-831217.3372446665,-7154.42292481591,7154.42292481591,0.5,0.9024720191955566,0.5,0.5,9024720.0,297.9747314453125,473.1572265625,313.16363525390625,-150000000.0,0.0,0.0,-44402012.0,0.0,0.0,-50532076.0,-50532076.0,244934080.0,-0.0,0.0,0.85,1.0,-1.0,1.0,True,True,False,,0,0
17161200.0,62,0.13829398399157639,False,False,ok,,,True,1.0,0.0,1,0.0,1.0,0.0,0.0,818884.9635440621,21648.517496585846,0.13829398399157639,-21648.517496585846,-0.13829398399157639,156539.83544146415,0.0,0.0,0.13829398399157639,0.052474335211041945,0.0027535558558407966,0.05,0.0,-713252.2517775315,0.0,-0.0,-949443.003206459,-11529.947326132911,11529.947326132911,-3779999.9999999995,-60000.0,60000.0,0.0,0.0,-0.0,0.0,0.0,-0.0,7122086.134749984,122467.0438000001,-122467.0438000001,-860505.916221948,-29288.57897728146,29288.57897728146,0.5,0.9024743437767029,0.5,0.5,9024743.0,297.9754943847656,473.1572265625,313.16363525390625,-150000000.0,0.0,0.0,-48736716.0,0.0,0.0,-40701328.0,-40701328.0,239438048.0,-0.0,0.0,0.85,1.0,-1.0,1.0,True,True,False,,0,0
17164800.0,63,0.12209749437867164,False,False,ok,,,True,1.0,0.0,1,0.0,1.0,0.0,0.0,837998.0852219145,19113.121677852352,0.12209749437867164,-19113.121677852352,-0.12209749437867164,156539.83544146415,0.0,0.0,0.12209749437867164,0.051841738712439134,0.0026875658727288105,0.05,0.0,-713252.2517775315,0.0,-0.0,-958769.3788977822,-9326.375691323192,9326.375691323192,-3839999.9999999995,-60000.0,60000.0,0.0,0.0,-0.0,0.0,0.0,-0.0,7241805.156199986,119719.02145000175,-119719.02145000175,-891785.4403027721,-31279.524080824107,31279.524080824107,0.5,0.9018417596817017,0.5,0.5,9018417.0,297.7666320800781,473.1572265625,313.16363525390625,-150000000.0,0.0,0.0,-62304528.0,0.0,0.0,-33135376.0,-33135376.0,245439904.0,-0.0,0.0,0.85,1.0,-1.0,1.0,True,True,False,,0,0
17168400.0,64,0.0911085545925923,False,False,ok,,,True,1.0,0.0,1,0.0,1.0,0.0,0.0,852260.2033651485,14262.118143234053,0.0911085545925923,-14262.118143234053,-0.0911085545925923,156539.83544146415,0.0,0.0,0.0911085545925923,0.05070196390352533,0.002570689143674385,0.05,0.0,-713252.2517775315,0.0,-0.0,-965059.4563786639,-6290.077480881708,6290.077480881708,-3899999.9999999995,-60000.0,60000.0,0.0,0.0,-0.0,0.0,0.0,-0.0,7364525.1078499835,122719.95164999738,-122719.95164999738,-933953.1963286562,-42167.75602588407,42167.75602588407,0.5,0.9007019400596619,0.5,0.5,9007020.0,297.39031982421875,473.1572265625,313.16363525390625,-150000000.0,0.0,0.0,-55730636.0,0.0,0.0,-15339876.0,-15339876.0,221070512.0,-0.0,0.0,0.85,1.0,-1.0,1.0,True,True,False,,0,0
17172000.0,65,0.07940403806535982,False,False,ok,,,True,1.0,0.0,1,0.0,1.0,0.0,0.0,864690.0984172877,12429.895052139182,0.07940403806535982,-12429.895052139182,-0.07940403806535982,156539.83544146415,0.0,0.0,0.07940403806535982,0.049118014289419754,0.002412579327735643,0.05,1.0,-713252.2517775315,0.0,-0.0,-968300.1321516202,-3240.6757729563396,3240.6757729563396,-3959999.9999999995,-60000.0,60000.0,0.0,0.0,-0.0,0.0,0.0,-0.0,7475060.362999987,110535.25515000336,-110535.25515000336,-968817.8806535603,-34864.68432490411,34864.68432490411,0.5,0.8991180062294006,0.5,0.5,8991180.0,296.8673400878906,473.1572265625,313.16363525390625,-150000000.0,0.0,0.0,-43485156.0,0.0,0.0,-10044182.0,-10044182.0,203529344.0,-0.0,0.0,0.85,1.0,-1.0,1.0,True,True,False,,0,0
17175600.0,66,0.07402677381919176,False,False,ok,,,True,1.0,0.0,1,0.0,1.0,0.0,0.0,876278.2374092065,11588.138991918764,0.07402677381919176,-11588.138991918764,-0.07402677381919176,156539.83544146415,0.0,0.0,0.07402677381919176,0.04655075385809826,0.00216697268475725,0.05,1.0,-713252.2517775315,0.0,-0.0,-969686.6127601336,-1386.480608513346,1386.480608513346,-4019999.9999999995,-60000.0,60000.0,0.0,0.0,-0.0,0.0,0.0,-0.0,7576825.032299988,101764.66930000111,-101764.66930000111,-997607.930353128,-28790.049699567724,28790.049699567724,0.5,0.8965507745742798,0.5,0.5,8965508.0,296.0196838378906,473.1572265625,313.16363525390625,-150000000.0,0.0,0.0,-95376128.0,0.0,0.0,-0.0,-0.0,245376128.0,-0.0,0.0,0.85,1.0,-1.0,1.0,True,True,False,,0,0
17179200.0,67,0.03489454843615591,False,False,ok,,,True,1.0,0.0,1,0.0,1.0,0.0,0.0,881740.6242792065,5462.386870000046,0.03489454843615591,-5462.386870000046,-0.03489454843615591,156539.83544146415,0.0,0.0,0.03489454843615591,0.04327021695528721,0.0018723116753576248,0.05,1.0,-713252.2517775315,0.0,-0.0,-969686.6127601336,0.0,-0.0,-4079999.9999999995,-60000.0,60000.0,0.0,0.0,-0.0,0.0,0.0,-0.0,7699513.097949985,122688.06564999744,-122688.06564999744,-1054833.6091331278,-57225.67877999984,57225.67877999984,0.5,0.8932701945304871,0.5,0.5,8932702.0,294.9365234375,473.1572265625,313.16363525390625,-150000000.0,0.0,0.0,-80636936.0,0.0,0.0,-0.0,-0.0,230636944.0,-0.0,0.0,0.85,1.0,-1.0,1.0,True,True,False,,0,0
17182800.0,68,0.04431016584652942,False,False,ok,,,True,1.0,0.0,1,0.0,1.0,0.0,0.0,888676.9303492062,6936.3060699997,0.04431016584652942,-6936.3060699997,-0.04431016584652942,156539.83544146415,0.0,0.0,0.04431016584652942,0.04000656203890818,0.001600525006173009,0.05,1.0,-713252.2517775315,0.0,-0.0,-969686.6127601336,0.0,-0.0,-4139999.9999999995,-60000.0,60000.0,0.0,0.0,-0.0,0.0,0.0,-0.0,7814831.567599986,115318.46965000033,-115318.46965000033,-1103215.7727131273,-48382.16357999947,48382.16357999947,0.5,0.8900065422058105,0.5,0.5,8900066.0,293.85894775390625,473.1572265625,313.16363525390625,-150000000.0,0.0,0.0,-87516912.0,0.0,0.0,-0.0,-0.0,237516912.0,-0.0,0.0,0.85,1.0,-1.0,1.0,True,True,False,,0,0
17186400.0,69,0.03991513790965244,False,False,ok,,,True,1.0,0.0,1,0.0,1.0,0.0,0.0,894925.2394692065,6248.30912000034,0.03991513790965244,-6248.30912000034,-0.03991513790965244,156539.83544146415,0.0,0.0,0.03991513790965244,0.036611109406806785,0.0013403733319971762,0.05,1.0,-713252.2517775315,0.0,-0.0,-969686.6127601336,0.0,-0.0,-4199999.999999999,-59999.999999999534,59999.999999999534,0.0,0.0,-0.0,0.0,0.0,-0.0,7933590.021999989,118758.45440000296,-118758.45440000296,-1155725.9179931276,-52510.14528000029,52510.14528000029,0.5,0.8866111040115356,0.5,0.5,8866111.0,292.7378234863281,473.1572265625,313.16363525390625,-150000000.0,0.0,0.0,-79020168.0,0.0,0.0,-0.0,-0.0,229020160.0,-0.0,0.0,0.85,1.0,-1.0,1.0,True,True,False,,0,0
17190000.0,70,0.045342984103584026,False,False,ok,,,True,1.0,0.0,1,0.0,1.0,0.0,0.0,902023.2227392065,7097.983269999968,0.045342984103584026,-7097.983269999968,-0.045342984103584026,156539.83544146415,0.0,0.0,0.045342984103584026,0.033176493320199896,0.0011006797090252682,0.05,1.0,-713252.2517775315,0.0,-0.0,-969686.6127601336,0.0,-0.0,-4259999.999999999,-60000.0,60000.0,0.0,0.0,-0.0,0.0,0.0,-0.0,8048100.105649985,114510.08364999667,-114510.08364999667,-1203138.0183731278,-47412.10038000019,47412.10038000019,0.5,0.8831765055656433,0.5,0.5,8831765.0,291.6037902832031,473.1572265625,313.16363525390625,-150000000.0,0.0,0.0,-99726120.0,0.0,0.0,-0.0,-0.0,249726128.0,-0.0,0.0,0.85,1.0,-1.0,1.0,True,True,False,,0,0
17193600.0,71,0.032115709498618375,False,False,ok,,,True,1.0,0.0,1,0.0,1.0,0.0,0.0,907050.6106192061,5027.387879999587,0.032115709498618375,-5027.387879999587,-0.032115709498618375,156539.83544146415,0.0,0.0,0.032115709498618375,0.030044012582677304,0.0009026426920680722,0.05,1.0,-713252.2517775315,0.0,-0.0,-969686.6127601336,0.0,-0.0,-4319999.999999999,-60000.0,60000.0,0.0,0.0,-0.0,0.0,0.0,-0.0,8172963.166249989,124863.06060000323,-124863.06060000323,-1262973.691093128,-59835.67272000015,59835.67272000015,0.5,0.8800439834594727,0.5,0.5,8800440.0,290.56951904296875,473.1572265625,313.16363525390625,-150000000.0,0.0,0.0,-58293372.0,0.0,0.0,-0.0,-0.0,208293376.0,-0.0,0.0,0.85,1.0,-1.0,1.0,True,True,False,,0,0
17197200.0,72,0.058583573338617356,False,False,ok,,,True,1.0,0.0,1,0.0,1.0,0.0,0.0,916221.2735492062,9170.662930000108,0.058583573338617356,-9170.662930000108,-0.058583573338617356,156539.83544146415,0.0,0.0,0.058583573338617356,0.02720245107453556,0.0007399733444625008,0.05,1.0,-713252.2517775315,0.0,-0.0,-969686.6127601336,0.0,-0.0,-4379999.999999999,-60000.0,60000.0,0.0,0.0,-0.0,0.0,0.0,-0.0,8277109.851599986,104146.68534999713,-104146.68534999713,-1297949.7135131273,-34976.02241999935,34976.02241999935,0.5,0.8772024512290955,0.5,0.5,8772025.0,289.6313171386719,473.1572265625,313.16363525390625,-150000000.0,0.0,0.0,-85441144.0,0.0,0.0,-0.0,-0.0,235441152.0,-0.0,0.0,0.85,1.0,-1.0,1.0,True,True,False,,0,0
17200800.0,73,0.04124116651709718,False,False,ok,,,True,1.0,0.0,1,0.0,1.0,0.0,0.0,922677.1589692066,6455.885420000413,0.04124116651709718,-6455.885420000413,-0.04124116651709718,156539.83544146415,0.0,0.0,0.04124116651709718,0.024546136158015264,0.0006025128002878243,0.05,1.0,-713252.2517775315,0.0,-0.0,-969686.6127601336,0.0,-0.0,-4439999.999999999,-60000.0,60000.0,0.0,0.0,-0.0,0.0,0.0,-0.0,8394830.424499985,117720.5728999991,-117720.5728999991,-1349214.4009931271,-51264.68747999985,51264.68747999985,0.5,0.8745461106300354,0.5,0.5,8745461.0,288.7542724609375,473.1572265625,313.16363525390625,-150000000.0,0.0,0.0,-58335144.0,0.0,0.0,-0.0,-0.0,208335136.0,-0.0,0.0,0.85,1.0,-1.0,1.0,True,True,False,,0,0
17204400.0,74,0.05855688805440098,False,False,ok,,,True,1.0,0.0,1,0.0,1.0,0.0,0.0,931843.6445892068,9166.485620000167,0.05855688805440098,-9166.485620000167,-0.05855688805440098,156539.83544146415,0.0,0.0,0.05855688805440098,0.022144434962492632,0.000490375999808066,0.05,1.0,-713252.2517775315,0.0,-0.0,-969686.6127601336,0.0,-0.0,-4499999.999999999,-60000.0,60000.0,0.0,0.0,-0.0,0.0,0.0,-0.0,8498997.996399987,104167.57190000266,-104167.57190000266,-1384215.4872731261,-35001.086279999,35001.086279999,0.5,0.8721444606781006,0.5,0.5,8721444.0,287.9612731933594,473.1572265625,313.16363525390625,-150000000.0,0.0,0.0,-53966544.0,0.0,0.0,-0.0,-0.0,203966544.0,-0.0,0.0,0.85,1.0,-1.0,1.0,True,True,False,,0,0
17208000.0,75,0.06503481248309423,False,False,ok,,,True,1.0,0.0,1,0.0,1.0,0.0,0.0,942024.1834332768,10180.538844070048,0.06503481248309423,-10180.538844070048,-0.06503481248309423,156539.83544146415,0.0,0.0,0.06503481248309423,0.020256654894835857,0.0004103320675284775,0.05,1.0,-713252.2517775315,0.0,-0.0,-970098.8937273264,-412.28096719284076,412.28096719284076,-4559999.999999999,-60000.0,60000.0,0.0,0.0,-0.0,0.0,0.0,-0.0,8600981.268949982,101983.27254999429,-101983.27254999429,-1415605.9400118634,-31390.45273873722,31390.45273873722,0.5,0.8702566623687744,0.5,0.5,8702567.0,287.3379821777344,473.1572265625,313.16363525390625,-150000000.0,0.0,0.0,-78039616.0,0.0,0.0,-3664245.0,-3664245.0,231703856.0,-0.0,0.0,0.85,1.0,-1.0,1.0,True,True,False,,0,0
17211600.0,76,0.08071911943522686,False,False,ok,,,True,1.0,0.0,1,0.0,1.0,0.0,0.0,954659.9411066471,12635.757673370303,0.08071911943522686,-12635.757673370303,-0.08071911943522686,156539.83544146415,0.0,0.0,0.08071911943522686,0.020120711823041426,0.00040484304426587905,0.05,1.0,-713252.2517775315,0.0,-0.0,-974246.1390368765,-4147.245309550082,4147.245309550082,-4619999.999999999,-60000.0,60000.0,0.0,0.0,-0.0,0.0,0.0,-0.0,8716833.197749991,115851.92880000919,-115851.92880000919,-1454674.8658289437,-39068.92581708031,39068.92581708031,0.5,0.8701207041740417,0.5,0.5,8701207.0,287.2930908203125,473.1572265625,313.16363525390625,-150000000.0,0.0,0.0,-45381272.0,0.0,0.0,-32192764.0,-32192764.0,227574032.0,-0.0,0.0,0.85,1.0,-1.0,1.0,True,True,False,,0,0
17215200.0,77,0.16526224234397913,False,False,ok,,,True,1.0,0.0,1,0.0,1.0,0.0,0.0,980530.065327861,25870.12422121386,0.16526224234397913,-25870.12422121386,-0.16526224234397913,156539.83544146415,0.0,0.0,0.16526224234397913,0.02302567420238888,0.0005301816724745567,0.05,1.0,-713252.2517775315,0.0,-0.0,-987551.5161377437,-13305.37710086722,13305.37710086722,-4679999.999999999,-60000.0,60000.0,0.0,0.0,-0.0,0.0,0.0,-0.0,8830620.216349985,113787.01859999448,-113787.01859999448,-1469286.3831068624,-14611.517277918756,14611.517277918756,0.5,0.87302565574646,0.5,0.5,8730257.0,288.2522277832031,473.1572265625,313.16363525390625,-150000000.0,0.0,0.0,-10304431.0,0.0,0.0,-78309248.0,-78309248.0,238613680.0,-0.0,0.0,0.85,1.0,-1.0,1.0,True,True,False,,0,0
17218800.0,78,0.22258864421657118,False,False,ok,,,True,1.0,0.0,1,0.0,1.0,0.0,0.0,1015374.0550646617,34843.989736800664,0.22258864421657118,-34843.989736800664,-0.22258864421657118,156539.83544146415,0.0,0.0,0.22258864421657118,0.029965773469415646,0.0008979475796203347,0.05,1.0,-713252.2517775315,0.0,-0.0,-1012116.517330169,-24565.00119242526,24565.00119242526,-4739999.999999999,-60000.0,60000.0,0.0,0.0,-0.0,0.0,0.0,-0.0,8949927.057149976,119306.84079999104,-119306.84079999104,-1469184.232977637,102.15012922533788,-102.15012922533788,0.5,0.8799657821655273,0.5,0.5,8799658.0,290.5436706542969,473.1572265625,313.16363525390625,-150000000.0,0.0,0.0,68934896.0,0.0,-0.0,-121679024.0,-121679024.0,202744128.0,-0.0,0.0,0.85,1.0,-1.0,1.0,True,True,False,,0,0
17222400.0,79,0.1000362264370148,False,False,ok,,,True,1.0,0.0,1,0.0,1.0,0.0,0.0,1031033.709489297,15659.654424635344,0.1000362264370148,-15659.654424635344,-0.1000362264370148,156539.83544146415,0.0,0.0,0.1000362264370148,0.04021368160930738,0.001617140188574747,0.05,1.0,-713252.2517775315,0.0,-0.0,-1046179.8438224434,-34063.32649227441,34063.32649227441,-4799999.999999999,-60000.0,60000.0,0.0,0.0,-0.0,0.0,0.0,-0.0,9051299.120049968,101372.06289999187,-101372.06289999187,-1460833.3149607272,8350.918016909854,-8350.918016909854,0.5,0.890213668346405,0.5,0.5,8902137.0,293.9272766113281,473.1572265625,313.16363525390625,-150000000.0,0.0,0.0,101029736.0,0.0,0.0,-153361856.0,-153361856.0,202332128.0,-0.0,0.0,0.85,1.0,-1.0,1.0,True,True,False,,0,0
17226000.0,80,0.0692326189627114,False,False,ok,,,True,1.0,0.0,1,0.0,1.0,0.0,0.0,1041871.3722689014,10837.662779604434,0.0692326189627114,-10837.662779604434,-0.0692326189627114,156539.83544146415,0.0,0.0,0.0692326189627114,0.050601908234863324,0.0025605531170095285,0.05,0.0,-713441.7458883227,-189.49411079124548,189.49411079124548,-1087779.565829303,-41599.72200685972,41599.72200685972,-4859999.999999999,-60000.0,60000.0,0.0,0.0,-0.0,0.0,0.0,-0.0,9152465.181199972,101166.06115000322,-101166.06115000322,-1449372.4972134712,11460.81774725602,-11460.81774725602,0.5,0.9006019234657288,0.5,0.5,9006019.0,297.357177734375,473.1572265625,313.16363525390625,-150000000.0,0.0,0.0,105833496.0,-3060443.0,-3060443.0,-181898544.0,-181898544.0,229125488.0,-0.0,0.0,0.85,1.0,-1.0,1.0,True,True,False,,0,0
17229600.0,81,0.10360288190639069,False,False,ok,,,True,1.0,0.0,1,0.0,1.0,0.0,0.0,1058089.3503537893,16217.978084887844,0.10360288190639069,-16217.978084887844,-0.10360288190639069,156539.83544146415,0.0,0.0,0.10360288190639069,0.059204489338383515,0.0035051715578187674,0.05,0.0,-715843.4717602652,-2401.7258719424717,2401.7258719424717,-1135640.7346212252,-47861.16879192204,47861.16879192204,-4919999.999999999,-60000.0,60000.0,0.0,0.0,-0.0,0.0,0.0,-0.0,9267027.928499978,114562.74730000645,-114562.74730000645,-1437454.3717647188,11918.125448752427,-11918.125448752427,0.5,0.9092044830322266,0.5,0.5,9092045.0,300.1975402832031,473.1572265625,313.16363525390625,-150000000.0,0.0,0.0,126979808.0,-12157284.0,-12157284.0,-202909760.0,-202909760.0,238087232.0,-0.0,0.0,0.85,1.0,-1.0,1.0,True,True,False,,0,0
17233200.0,82,0.09970674512452195,False,False,ok,,,True,1.0,0.0,1,0.0,1.0,0.0,0.0,1073697.427827986,15608.077474196674,0.09970674512452195,-15608.077474196674,-0.09970674512452195,156539.83544146415,0.0,0.0,0.09970674512452195,0.06570338853509128,0.004316935264993164,0.05,0.0,-721873.8515335564,-6030.379773291177,6030.379773291177,-1186173.0736912652,-50532.339070040034,50532.339070040034,-4979999.999999999,-60000.0,60000.0,0.0,0.0,-0.0,0.0,0.0,-0.0,9386071.547299985,119043.6188000068,-119043.6188000068,-1424327.1942471913,13127.177517527482,-13127.177517527482,0.5,0.9157034158706665,0.5,0.5,9157034.0,302.3432922363281,473.1572265625,313.16363525390625,-150000000.0,0.0,0.0,166012656.0,-24096828.0,-24096828.0,-201178848.0,-201178848.0,209263024.0,-0.0,0.0,0.85,1.0,-1.0,1.0,True,True,False,,0,0
17236800.0,83,0.005325051727145169,False,False,ok,,,True,1.0,0.0,1,0.0,1.0,0.0,0.0,1074531.0105490705,833.5827210845891,0.005325051727145169,-833.5827210845891,-0.005325051727145169,156539.83544146415,0.0,0.0,0.005325051727145169,0.07015579758876977,0.004921835935316435,0.05,0.0,-732303.2700395813,-10429.418506024987,10429.418506024987,-1236876.473677523,-50703.39998625778,50703.39998625778,-5039999.999999999,-60000.0,60000.0,0.0,0.0,-0.0,0.0,0.0,-0.0,9490703.056499984,104631.50919999927,-104631.50919999927,-1406992.3022338243,17334.892013367033,-17334.892013367033,0.5,0.9201558232307434,0.5,0.5,9201558.0,303.8133850097656,473.1572265625,313.16363525390625,-150000000.0,0.0,0.0,165336192.0,-37318364.0,-37318364.0,-204816048.0,-204816048.0,226798224.0,-0.0,0.0,0.85,1.0,-1.0,1.0,True,True,False,,0,0
17240400.0,84,0.03222153706871385,False,False,ok,,,True,1.0,0.0,1,0.0,1.0,0.0,0.0,1079574.964659478,5043.954110407503,0.03222153706871385,-5043.954110407503,-0.03222153706871385,156539.83544146415,0.0,0.0,0.03222153706871385,0.07275744502067061,0.005293645805935906,0.05,0.0,-747074.9177014519,-14771.647661870578,14771.647661870578,-1287083.4033912842,-50206.9297137612,50206.9297137612,-5099999.999999999,-60000.0,60000.0,0.0,0.0,-0.0,0.0,0.0,-0.0,9604102.167549979,113399.11104999483,-113399.11104999483,-1390368.8817977854,16623.42043603887,-16623.42043603887,0.5,0.9227574467658997,0.5,0.5,9227574.0,304.67236328125,473.1572265625,313.16363525390625,-150000000.0,0.0,0.0,165687168.0,-48474824.0,-48474824.0,-195897168.0,-195897168.0,228684816.0,-0.0,0.0,0.85,1.0,-1.0,1.0,True,True,False,,0,0
17244000.0,85,0.04026439404784674,False,False,ok,,,True,1.0,0.0,1,0.0,1.0,0.0,0.0,1085877.9462778782,6302.9816184001975,0.04026439404784674,-6302.9816184001975,-0.04026439404784674,156539.83544146415,0.0,0.0,0.04026439404784674,0.07377440203645624,0.005442662395836679,0.05,0.0,-764518.0437266318,-17443.126025179867,17443.126025179867,-1333269.352740166,-46185.94934888184,46185.94934888184,-5159999.999999999,-60000.0,60000.0,0.0,0.0,-0.0,0.0,0.0,-0.0,9718444.576249987,114342.40870000795,-114342.40870000795,-1374779.2335053242,15589.648292461177,-15589.648292461177,0.5,0.9237744212150574,0.5,0.5,9237744.0,305.0081481933594,473.1572265625,313.16363525390625,-150000000.0,0.0,0.0,142159648.0,-51522468.0,-51522468.0,-170884128.0,-170884128.0,230246944.0,-0.0,0.0,0.85,1.0,-1.0,1.0,True,True,False,,0,0
17247600.0,86,0.07138135035649026,False,False,ok,,,True,1.0,0.0,1,0.0,1.0,0.0,0.0,1097051.9711162727,11174.024838394485,0.07138135035649026,-11174.024838394485,-0.07138135035649026,156539.83544146415,0.0,0.0,0.07138135035649026,0.0736310742995232,0.005421535102501906,0.05,0.0,-781783.0691381425,-17265.025411510724,17265.025411510724,-1372590.3385958052,-39320.985855639214,39320.985855639214,-5219999.999999999,-60000.0,60000.0,0.0,0.0,-0.0,0.0,0.0,-0.0,9833568.047949996,115123.47170000896,-115123.47170000896,-1362142.66909978,12636.564405544195,-12636.564405544195,0.5,0.9236310720443726,0.5,0.5,9236311.0,304.9608154296875,473.1572265625,313.16363525390625,-150000000.0,0.0,0.0,135053776.0,-46696880.0,-46696880.0,-140396480.0,-140396480.0,202039584.0,-0.0,0.0,0.85,1.0,-1.0,1.0,True,True,False,,0,0
17251200.0,87,0.041619996940814294,False,False,ok,,,True,1.0,0.0,1,0.0,1.0,0.0,0.0,1103567.158588462,6515.187472189311,0.041619996940814294,-6515.187472189311,-0.041619996940814294,156539.83544146415,0.0,0.0,0.041619996940814294,0.07254011046371422,0.005262067626087862,0.05,0.0,-796830.9935815778,-15047.924443435273,15047.924443435273,-1403510.5497094954,-30920.211113690166,30920.211113690166,-5279999.999999999,-60000.0,60000.0,0.0,0.0,-0.0,0.0,0.0,-0.0,9934587.83744999,101019.78949999437,-101019.78949999437,-1350679.1355704654,11463.533529314678,-11463.533529314678,0.5,0.9225401282310486,0.5,0.5,9225401.0,304.6006164550781,473.1572265625,313.16363525390625,-150000000.0,0.0,0.0,77988344.0,-38624864.0,-38624864.0,-102869616.0,-102869616.0,213506144.0,-0.0,0.0,0.85,1.0,-1.0,1.0,True,True,False,,0,0
17254800.0,88,0.12212865879188146,False,False,ok,,,True,1.0,0.0,1,0.0,1.0,0.0,0.0,1122685.15873843,19118.000149967847,0.12212865879188146,-19118.000149967847,-0.12212865879188146,156539.83544146415,0.0,0.0,0.12212865879188146,0.07042775982371174,0.0049600693537864265,0.05,0.0,-809031.6624687179,-12200.668887140113,12200.668887140113,-1424460.0367748584,-20949.487065362977,20949.487065362977,-5339999.999999999,-60000.0,60000.0,0.0,0.0,-0.0,0.0,0.0,-0.0,10041340.907299992,106753.06985000148,-106753.06985000148,-1345164.0493179942,5515.086252471199,-5515.086252471199,0.5,0.9204277396202087,0.5,0.5,9204278.0,303.9031677246094,473.1572265625,313.16363525390625,-150000000.0,0.0,0.0,31506672.0,-30447534.0,-30447534.0,-60006580.0,-60006580.0,208947440.0,-0.0,0.0,0.85,1.0,-1.0,1.0,True,True,False,,0,0
17258400.0,89,0.1520339628192045,False,False,ok,,,True,1.0,0.0,1,0.0,1.0,0.0,0.0,1146484.5302596618,23799.37152123195,0.1520339628192045,-23799.37152123195,-0.1520339628192045,156539.83544146415,0.0,0.0,0.1520339628192045,0.06683984132805731,0.004467564388759879,0.05,0.0,-815145.475986074,-6113.813517356059,6113.813517356059,-1434880.770590421,-10420.733815562679,10420.733815562679,-5399999.999999999,-60000.0,60000.0,0.0,0.0,-0.0,0.0,0.0,-0.0,10145814.627799995,104473.72050000355,-104473.72050000355,-1349303.850963843,-4139.8016458489,4139.8016458489,0.5,0.9168398380279541,0.5,0.5,9168398.0,302.718505859375,473.1572265625,313.16363525390625,-150000000.0,0.0,0.0,-52670348.0,-4894655.5,-4894655.5,-18821406.0,-18821406.0,226386416.0,-0.0,0.0,0.85,1.0,-1.0,1.0,True,True,False,,0,0
17262000.0,90,0.0720958023659675,False,False,ok,,,True,1.0,0.0,1,0.0,1.0,0.0,0.0,1157770.3952980507,11285.865038388874,0.0720958023659675,-11285.865038388874,-0.0720958023659675,156539.83544146415,0.0,0.0,0.0720958023659675,0.0603917793458032,0.0036471670125521817,0.05,0.0,-815519.8144383329,-374.3384522589622,374.3384522589622,-1437493.0001615868,-2612.22957116575,2612.22957116575,-5459999.999999999,-60000.0,60000.0,0.0,0.0,-0.0,0.0,0.0,-0.0,10259007.83264999,113193.20484999567,-113193.20484999567,-1388224.622752029,-38920.77178818593,38920.77178818593,0.5,0.9103918075561523,0.5,0.5,9103918.0,300.5895080566406,473.1572265625,313.16363525390625,-150000000.0,0.0,0.0,-86753760.0,0.0,0.0,-0.0,-0.0,236753760.0,-0.0,0.0,0.85,1.0,-1.0,1.0,True,True,False,,0,0
17265600.0,91,0.040402646471193474,False,False,ok,,,True,1.0,0.0,1,0.0,1.0,0.0,0.0,1164095.018928051,6324.623630000278,0.040402646471193474,-6324.623630000278,-0.040402646471193474,156539.83544146415,0.0,0.0,0.040402646471193474,0.05262444959952328,0.002769332695652766,0.05,0.0,-815519.8144383329,0.0,-0.0,-1437493.0001615868,0.0,-0.0,-5519999.999999999,-60000.0,60000.0,0.0,0.0,-0.0,0.0,0.0,-0.0,10377384.714499999,118376.88185000792,-118376.88185000792,-1440276.8809720296,-52052.25822000066,52052.25822000066,0.5,0.9026244282722473,0.5,0.5,9026244.0,298.02490234375,473.1572265625,313.16363525390625,-150000000.0,0.0,0.0,-95881656.0,0.0,0.0,-0.0,-0.0,245881648.0,-0.0,0.0,0.85,1.0,-1.0,1.0,True,True,False,,0,0
17269200.0,92,0.034571612744687986,False,False,ok,,,True,1.0,0.0,1,0.0,1.0,0.0,0.0,1169506.8534980505,5411.8345699994825,0.034571612744687986,-5411.8345699994825,-0.034571612744687986,156539.83544146415,0.0,0.0,0.034571612744687986,0.04609169466644747,0.002124444317225022,0.05,1.0,-815519.8144383329,0.0,-0.0,-1437493.0001615868,0.0,-0.0,-5579999.999999999,-60000.0,60000.0,0.0,0.0,-0.0,0.0,0.0,-0.0,10500325.54164999,122940.82714999095,-122940.82714999095,-1497805.8735520304,-57528.99258000078,57528.99258000078,0.5,0.8960916996002197,0.5,0.5,8960917.0,295.8679504394531,473.1572265625,313.16363525390625,-150000000.0,0.0,0.0,-51529924.0,0.0,0.0,-0.0,-0.0,201529920.0,-0.0,0.0,0.85,1.0,-1.0,1.0,True,True,False,,0,0
17272800.0,93,0.06290416590914788,False,False,ok,,,True,1.0,0.0,1,0.0,1.0,0.0,0.0,1179353.861278051,9847.007780000567,0.06290416590914788,-9847.007780000567,-0.06290416590914788,156539.83544146415,0.0,0.0,0.06290416590914788,0.04059095747700914,0.001647625828900364,0.05,1.0,-815519.8144383329,0.0,-0.0,-1437493.0001615868,0.0,-0.0,-5639999.999999999,-60000.0,60000.0,0.0,0.0,-0.0,0.0,0.0,-0.0,10601090.502749987,100764.96109999716,-100764.96109999716,-1528723.8268720293,-30917.953319998924,30917.953319998924,0.5,0.8905909657478333,0.5,0.5,8905910.0,294.0517272949219,473.1572265625,313.16363525390625,-150000000.0,0.0,0.0,-91210904.0,0.0,0.0,-0.0,-0.0,241210896.0,-0.0,0.0,0.85,1.0,-1.0,1.0,True,True,False,,0,0
17276400.0,94,0.03755535863073453,False,False,ok,,,True,1.0,0.0,1,0.0,1.0,0.0,0.0,1185232.7709380514,5878.909660000354,0.03755535863073453,-5878.909660000354,-0.03755535863073453,156539.83544146415,0.0,0.0,0.03755535863073453,0.035842710454397686,0.0012846998927177893,0.05,1.0,-815519.8144383329,0.0,-0.0,-1437493.0001615868,0.0,-0.0,-5699999.999999999,-60000.0,60000.0,0.0,0.0,-0.0,0.0,0.0,-0.0,10721695.954449985,120605.45169999823,-120605.45169999823,-1583450.3689120295,-54726.542040000204,54726.542040000204,0.5,0.8858426809310913,0.5,0.5,8858427.0,292.48394775390625,473.1572265625,313.16363525390625,-150000000.0,0.0,0.0,-92369712.0,0.0,0.0,-0.0,-0.0,242369712.0,-0.0,0.0,0.85,1.0,-1.0,1.0,True,True,False,,0,0
17280000.0,95,0.03681509523596452,False,False,ok,,,True,1.0,0.0,1,0.0,1.0,0.0,0.0,1190995.799888051,5763.028949999716,0.03681509523596452,-5763.028949999716,-0.03681509523596452,156539.83544146415,0.0,0.0,0.03681509523596452,0.03177711600264366,0.0010097851014454716,0.05,1.0,-815519.8144383329,0.0,-0.0,-1437493.0001615868,0.0,-0.0,-5759999.999999999,-60000.0,60000.0,0.0,0.0,-0.0,0.0,0.0,-0.0,10842880.809699994,121184.8552500084,-121184.8552500084,-1638872.195212029,-55421.826299999375,55421.826299999375,0.5,0.8817771077156067,0.5,0.5,8817771.0,291.1416015625,473.1572265625,313.16363525390625,-150000000.0,0.0,0.0,-73481784.0,0.0,0.0,-0.0,-0.0,223481776.0,-0.0,0.0,0.85,1.0,-1.0,1.0,True,True,False,,0,0
17283600.0,96,0.04888098718399692,False,False,ok,,,True,1.0,0.0,1,0.0,1.0,0.0,0.0,1198647.6215780503,7651.821689999197,0.04888098718399692,-7651.821689999197,-0.04888098718399692,156539.83544146415,0.0,0.0,0.04888098718399692,0.02841989499544395,0.0008076904315520602,0.05,1.0,-815519.8144383329,0.0,-0.0,-1437493.0001615868,0.0,-0.0,-5819999.999999999,-60000.0,60000.0,0.0,0.0,-0.0,0.0,0.0,-0.0,10954621.70124999,111740.89154999703,-111740.89154999703,-1682961.265072029,-44089.06986000016,44089.06986000016,0.5,0.8784198760986328,0.5,0.5,8784199.0,290.0331115722656,473.1572265625,313.16363525390625,-150000000.0,0.0,0.0,-68515936.0,0.0,0.0,-0.0,-0.0,218515936.0,-0.0,0.0,0.85,1.0,-1.0,1.0,True,True,False,,0,0
17287200.0,97,0.05205324476687232,False,False,ok,,,True,1.0,0.0,1,0.0,1.0,0.0,0.0,1206796.0279480508,8148.406370000448,0.05205324476687232,-8148.406370000448,-0.05205324476687232,156539.83544146415,0.0,0.0,0.05205324476687232,0.02573396235833525,0.0006622368186602155,0.05,1.0,-815519.8144383329,0.0,-0.0,-1437493.0001615868,0.0,-0.0,-5879999.999999999,-60000.0,60000.0,0.0,0.0,-0.0,0.0,0.0,-0.0,11063879.669399995,109257.96815000474,-109257.96815000474,-1724070.8268520287,-41109.56177999964,41109.56177999964,0.5,0.8757339715957642,0.5,0.5,8757340.0,289.1462707519531,473.1572265625,313.16363525390625,-150000000.0,0.0,0.0,-53781836.0,0.0,0.0,-0.0,-0.0,203781840.0,-0.0,0.0,0.85,1.0,-1.0,1.0,True,True,False,,0,0
17290800.0,98,0.06146561060873054,False,False,ok,,,True,1.0,0.0,1,0.0,1.0,0.0,0.0,1216417.8445180506,9621.816569999792,0.06146561060873054,-9621.816569999792,-0.06146561060873054,156539.83544146415,0.0,0.0,0.06146561060873054,0.023684685688152518,0.0005609643361465767,0.05,1.0,-815519.8144383329,0.0,-0.0,-1437493.0001615868,0.0,-0.0,-5939999.999999999,-60000.0,60000.0,0.0,0.0,-0.0,0.0,0.0,-0.0,11165770.586550001,101890.9171500057,-101890.9171500057,-1756339.9274320276,-32269.10057999892,32269.10057999892,0.5,0.8736847043037415,0.5,0.5,8736847.0,288.46966552734375,473.1572265625,313.16363525390625,-150000000.0,0.0,0.0,-58497852.0,0.0,0.0,-0.0,-0.0,208497856.0,-0.0,0.0,0.85,1.0,-1.0,1.0,True,True,False,,0,0
17294400.0,99,0.06239762004445911,False,False,ok,,,True,1.0,0.0,1,0.0,1.0,0.0,0.0,1226185.5576917492,9767.713173698634,0.06239762004445911,-9767.713173698634,-0.06239762004445911,156539.83544146415,0.0,0.0,0.06239762004445911,0.022496954730664043,0.0005061129721535473,0.05,1.0,-815519.8144383329,0.0,-0.0,-1437934.0705428,-441.0703812132124,441.0703812132124,-5999999.999999999,-60000.0,60000.0,0.0,0.0,-0.0,0.0,0.0,-0.0,11270019.513350006,104248.92680000514,-104248.92680000514,-1790380.070677116,-34040.1432450884,34040.1432450884,0.5,0.8724969625473022,0.5,0.5,8724970.0,288.0775146484375,473.1572265625,313.16363525390625,-150000000.0,0.0,0.0,-79681424.0,0.0,0.0,-3916806.0,-3916806.0,233598224.0,-0.0,0.0,0.85,1.0,-1.0,1.0,True,True,False,,0,0
17298000.0,100,0.08405087075276435,False,False,ok,,,True,1.0,0.0,1,0.0,1.0,0.0,0.0,1239342.8671680987,13157.309476349503,0.08405087075276435,-13157.309476349503,-0.08405087075276435,156539.83544146415,0.0,0.0,0.08405087075276435,0.02381446138933918,0.0005671285712643266,0.05,1.0,-815519.8144383329,0.0,-0.0,-1442589.1652116207,-4655.094668820733,4655.094668820733,-6059999.999999999,-60000.0,60000.0,0.0,0.0,-0.0,0.0,0.0,-0.0,11386818.628649998,116799.11529999226,-116799.11529999226,-1829366.7818319455,-38986.71115482948,38986.71115482948,0.5,0.8738144636154175,0.5,0.5,8738145.0,288.51251220703125,473.1572265625,313.16363525390625,-150000000.0,0.0,0.0,-43237204.0,0.0,0.0,-36269260.0,-36269260.0,229506464.0,-0.0,0.0,0.85,1.0,-1.0,1.0,True,True,False,,0,0
17301600.0,101,0.17421808563692193,False,False,ok,,,True,1.0,0.0,1,0.0,1.0,0.0,0.0,1266614.9376246294,27272.070456530666,0.17421808563692193,-27272.070456530666,-0.17421808563692193,156539.83544146415,0.0,0.0,0.17421808563692193,0.028405203898283826,0.0008068556085030786,0.05,1.0,-815519.8144383329,0.0,-0.0,-1457033.962837714,-14444.797626093263,14444.797626093263,-6119999.999999999,-60000.0,60000.0,0.0,0.0,-0.0,0.0,0.0,-0.0,11501571.859749991,114753.23109999299,-114753.23109999299,-1842403.1448493223,-13036.363017376745,13036.363017376745,0.5,0.8784052133560181,0.5,0.5,8784052.0,290.02825927734375,473.1572265625,313.16363525390625,-150000000.0,0.0,0.0,-35226.33984375,0.0,-0.0,-83354192.0,-83354192.0,233389408.0,-0.0,0.0,0.85,1.0,-1.0,1.0,True,True,False,,0,0
17305200.0,102,0.20938277226220897,False,False,ok,,,True,1.0,0.0,1,0.0,1.0,0.0,0.0,1299391.682338833,32776.744714203756,0.20938277226220897,-32776.744714203756,-0.20938277226220897,156539.83544146415,0.0,0.0,0.20938277226220897,0.035930814657876065,0.0012910234419786415,0.05,1.0,-815519.8144383329,0.0,-0.0,-1482996.0633857744,-25962.100548060378,25962.100548060378,-6179999.999999999,-60000.0,60000.0,0.0,0.0,-0.0,0.0,0.0,-0.0,11618266.567699991,116694.70794999972,-116694.70794999972,-1840359.007537058,2044.1373122641817,-2044.1373122641817,0.5,0.8859308362007141,0.5,0.5,8859308.0,292.5130310058594,473.1572265625,313.16363525390625,-150000000.0,0.0,0.0,55428928.0,0.0,0.0,-127941912.0,-127941912.0,222512976.0,-0.0,0.0,0.85,1.0,-1.0,1.0,True,True,False,,0,0
17308800.0,103,0.14303083179742226,False,False,ok,,,True,1.0,0.0,1,0.0,1.0,0.0,0.0,1321781.7052114573,22390.02287262422,0.14303083179742226,-22390.02287262422,-0.14303083179742226,156539.83544146415,0.0,0.0,0.14303083179742226,0.044808034606943714,0.0020077599653370655,0.05,1.0,-815519.8144383329,0.0,-0.0,-1519021.3471314006,-36025.28374562622,36025.28374562622,-6239999.999999999,-60000.0,60000.0,0.0,0.0,-0.0,0.0,0.0,-0.0,11729523.059099995,111256.49140000343,-111256.49140000343,-1833200.1923188078,7158.815218250267,-7158.815218250267,0.5,0.8948080539703369,0.5,0.5,8948080.0,295.44403076171875,473.1572265625,313.16363525390625,-150000000.0,0.0,0.0,73696480.0,0.0,0.0,-163293696.0,-163293696.0,239597216.0,-0.0,0.0,0.85,1.0,-1.0,1.0,True,True,False,,0,0
17312400.0,104,0.1563120794733493,False,False,ok,,,True,1.0,0.0,1,0.0,1.0,0.0,0.0,1346250.7724097285,24469.067198271165,0.1563120794733493,-24469.067198271165,-0.1563120794733493,156539.83544146415,0.0,0.0,0.1563120794733493,0.05259229829186962,0.0027659498396209923,0.05,0.0,-815519.8144383329,0.0,-0.0,-1562971.045267616,-43949.69813621533,43949.69813621533,-6299999.999999999,-60000.0,60000.0,0.0,0.0,-0.0,0.0,0.0,-0.0,11849321.66669999,119798.60759999603,-119798.60759999603,-1824580.034584321,8620.15773448674,-8620.15773448674,0.5,0.9025923013687134,0.5,0.5,9025923.0,298.0141906738281,473.1572265625,313.16363525390625,-150000000.0,0.0,0.0,117913056.0,0.0,0.0,-190702960.0,-190702960.0,222789904.0,-0.0,0.0,0.85,1.0,-1.0,1.0,True,True,False,,0,0
17316000.0,105,0.09221737828883479,False,False,ok,,,True,1.0,0.0,1,0.0,1.0,0.0,0.0,1360686.465631906,14435.693222177448,0.09221737828883479,-14435.693222177448,-0.09221737828883479,156539.83544146415,0.0,0.0,0.09221737828883479,0.05890599805337249,0.0034699166066639235,0.05,0.0,-815519.8144383329,0.0,-0.0,-1612438.1615639871,-49467.11629637121,49467.11629637121,-6359999.999999999,-60000.0,60000.0,0.0,0.0,-0.0,0.0,0.0,-0.0,11960716.62044999,111394.9537499994,-111394.9537499994,-1812072.1788157725,12507.855768548558,-12507.855768548558,0.5,0.9089059829711914,0.5,0.5,9089060.0,300.09881591796875,473.1572265625,313.16363525390625,-150000000.0,0.0,0.0,111722952.0,0.0,0.0,-206446208.0,-206446208.0,244723248.0,-0.0,0.0,0.85,1.0,-1.0,1.0,True,True,False,,0,0
17319600.0,106,0.13864662047589915,False,False,ok,,,True,1.0,0.0,1,0.0,1.0,0.0,0.0,1382390.1847857183,21703.719153812388,0.13864662047589915,-21703.719153812388,-0.13864662047589915,156539.83544146415,0.0,0.0,0.13864662047589915,0.06397668754395869,0.0040930165490973185,0.05,0.0,-815519.8144383329,0.0,-0.0,-1664414.1320409665,-51975.97047697939,51975.97047697939,-6419999.999999999,-60000.0,60000.0,0.0,0.0,-0.0,0.0,0.0,-0.0,12083078.24724999,122361.62680000067,-122361.62680000067,-1800754.115984981,11318.062830791576,-11318.062830791576,0.5,0.9139766693115234,0.5,0.5,9139767.0,301.7730407714844,473.1572265625,313.16363525390625,-150000000.0,0.0,0.0,156024112.0,0.0,0.0,-209651936.0,-209651936.0,203627824.0,-0.0,0.0,0.85,1.0,-1.0,1.0,True,True,False,,0,0
17323200.0,107,0.03287461973673566,False,False,ok,,,True,1.0,0.0,1,0.0,1.0,0.0,0.0,1387536.3723495076,5146.18756378931,0.03287461973673566,-5146.18756378931,-0.03287461973673566,156539.83544146415,0.0,0.0,0.03287461973673566,0.06803807509686466,0.004629179662886595,0.05,0.0,-815519.8144383329,0.0,-0.0,-1716589.0365013175,-52174.90446035098,52174.90446035098,-6479999.999999999,-60000.0,60000.0,0.0,0.0,-0.0,0.0,0.0,-0.0,12184892.160049982,101813.91279999167,-101813.91279999167,-1785246.9367608407,15507.179224140244,-15507.179224140244,0.5,0.9180380702018738,0.5,0.5,9180381.0,303.114013671875,473.1572265625,313.16363525390625,-150000000.0,0.0,0.0,125765664.0,0.0,0.0,-207537424.0,-207537424.0,231771760.0,-0.0,0.0,0.85,1.0,-1.0,1.0,True,True,False,,0,0
17326800.0,108,0.11105441519880145,False,False,ok,,,True,1.0,0.0,1,0.0,1.0,0.0,0.0,1404920.812229776,17384.439880268415,0.11105441519880145,-17384.439880268415,-0.11105441519880145,156539.83544146415,0.0,0.0,0.11105441519880145,0.07116677942392757,0.005064710493573961,0.05,0.0,-815519.8144383329,0.0,-0.0,-1767129.478434204,-50540.44193288637,50540.44193288637,-6539999.999999999,-60000.0,60000.0,0.0,0.0,-0.0,0.0,0.0,-0.0,12300778.041349974,115885.88129999116,-115885.88129999116,-1773207.9362476862,12039.000513154548,-12039.000513154548,0.5,0.9211667776107788,0.5,0.5,9211668.0,304.14703369140625,473.1572265625,313.16363525390625,-150000000.0,0.0,0.0,105144632.0,0.0,0.0,-195575712.0,-195575712.0,240431088.0,-0.0,0.0,0.85,1.0,-1.0,1.0,True,True,False,,0,0
17330400.0,109,0.14914227396106033,False,False,ok,,,True,1.0,0.0,1,0.0,1.0,0.0,0.0,1428267.5192530062,23346.70702323015,0.14914227396106033,-23346.70702323015,-0.14914227396106033,156539.83544146415,0.0,0.0,0.14914227396106033,0.07331478337430897,0.005375057461221851,0.05,0.0,-815519.8144383329,0.0,-0.0,-1813505.6907288206,-46376.21229461674,46376.21229461674,-6599999.999999999,-60000.0,60000.0,0.0,0.0,-0.0,0.0,0.0,-0.0,12420993.584349982,120215.54300000891,-120215.54300000891,-1763700.5599298393,9507.376317846822,-9507.376317846822,0.5,0.9233148097991943,0.5,0.5,9233148.0,304.8562316894531,473.1572265625,313.16363525390625,-150000000.0,0.0,0.0,106994480.0,0.0,0.0,-173049392.0,-173049392.0,216054912.0,-0.0,0.0,0.85,1.0,-1.0,1.0,True,True,False,,0,0
17334000.0,110,0.11151569431435218,False,False,ok,,,True,1.0,0.0,1,0.0,1.0,0.0,0.0,1445724.1676901155,17456.64843710931,0.11151569431435218,-17456.64843710931,-0.11151569431435218,156539.83544146415,0.0,0.0,0.11151569431435218,0.07445489768042879,0.00554353178860312,0.05,0.0,-815519.8144383329,0.0,-0.0,-1853447.8874669722,-39942.1967381516,39942.1967381516,-6659999.999999999,-60000.0,60000.0,0.0,0.0,-0.0,0.0,0.0,-0.0,12529021.042449985,108027.45810000226,-108027.45810000226,-1754329.1728545786,9371.387075260747,-9371.387075260747,0.5,0.924454927444458,0.5,0.5,9244549.0,305.232666015625,473.1572265625,313.16363525390625,-150000000.0,0.0,0.0,66412608.0,0.0,-0.0,-143216192.0,-143216192.0,226803584.0,-0.0,0.0,0.85,1.0,-1.0,1.0,True,True,False,,0,0
17337600.0,111,0.1705038594427296,False,False,ok,,,True,1.0,0.0,1,0.0,1.0,0.0,0.0,1472414.813789415,26690.646099299425,0.1705038594427296,-26690.646099299425,-0.1705038594427296,156539.83544146415,0.0,0.0,0.1705038594427296,0.07451336257348529,0.005552241202007678,0.05,0.0,-815519.8144383329,0.0,-0.0,-1885165.8659681403,-31717.97850116808,31717.97850116808,-6719999.999999999,-60000.0,60000.0,0.0,0.0,-0.0,0.0,0.0,-0.0,12642422.833949987,113401.79150000215,-113401.79150000215,-1749322.3397541111,5006.833100467455,-5006.833100467455,0.5,0.9245133399963379,0.5,0.5,9245134.0,305.2519836425781,473.1572265625,313.16363525390625,-150000000.0,0.0,0.0,13113983.0,0.0,0.0,-106417984.0,-106417984.0,243304000.0,-0.0,0.0,0.85,1.0,-1.0,1.0,True,True,False,,0,0
17341200.0,112,0.2236202459981825,False,False,ok,,,True,1.0,0.0,1,0.0,1.0,0.0,0.0,1507420.2902993502,35005.47650993522,0.2236202459981825,-35005.47650993522,-0.2236202459981825,156539.83544146415,0.0,0.0,0.2236202459981825,0.07337658731585617,0.005384123566121464,0.05,0.0,-815519.8144383329,0.0,-0.0,-1907120.9301858458,-21955.064217705512,21955.064217705512,-6779999.999999999,-60000.0,60000.0,0.0,0.0,-0.0,0.0,0.0,-0.0,12764074.832899988,121651.99895000085,-121651.99895000085,-1754013.7979764706,-4691.458222359419,4691.458222359419,0.5,0.9233765602111816,0.5,0.5,9233766.0,304.87664794921875,473.1572265625,313.16363525390625,-150000000.0,0.0,0.0,-12174693.0,0.0,0.0,-64536112.0,-64536112.0,226710800.0,-0.0,0.0,0.85,1.0,-1.0,1.0,True,True,False,,0,0
17344800.0,113,0.1510574935426582,False,False,ok,,,True,1.0,0.0,1,0.0,1.0,0.0,0.0,1531066.805480718,23646.51518136775,0.1510574935426582,-23646.51518136775,-0.1510574935426582,156539.83544146415,0.0,0.0,0.1510574935426582,0.07031711159543197,0.004944496183124433,0.05,0.0,-815519.8144383329,0.0,-0.0,-1918776.3558082513,-11655.425622405484,11655.425622405484,-6839999.999999999,-60000.0,60000.0,0.0,0.0,-0.0,0.0,0.0,-0.0,12877430.236349989,113355.40345000103,-113355.40345000103,-1772067.2606226976,-18053.462646227097,18053.462646227097,0.5,0.9203171133995056,0.5,0.5,9203171.0,303.8664855957031,473.1572265625,313.16363525390625,-150000000.0,0.0,0.0,-65499192.0,0.0,0.0,-24181414.0,-24181414.0,239680608.0,-0.0,0.0,0.85,1.0,-1.0,1.0,True,True,False,,0,0
17348400.0,114,0.06856923390076751,False,False,ok,,,True,1.0,0.0,1,0.0,1.0,0.0,0.0,1541800.6220718913,10733.81659117341,0.06856923390076751,-10733.81659117341,-0.06856923390076751,156539.83544146415,0.0,0.0,0.06856923390076751,0.06427163763818089,0.0041308434046936305,0.05,0.0,-815519.8144383329,0.0,-0.0,-1922134.8395662324,-3358.483757981099,3358.483757981099,-6899999.999999999,-60000.0,60000.0,0.0,0.0,-0.0,0.0,0.0,-0.0,12997270.539699987,119840.30334999785,-119840.30334999785,-1817815.263623543,-45748.003000845434,45748.003000845434,0.5,0.9142716526985168,0.5,0.5,9142716.0,301.8703918457031,473.1572265625,313.16363525390625,-150000000.0,0.0,0.0,-79311656.0,0.0,0.0,-0.0,-0.0,229311664.0,-0.0,0.0,0.85,1.0,-1.0,1.0,True,True,False,,0,0
17352000.0,115,0.045156775015543014,False,False,ok,,,True,1.0,0.0,1,0.0,1.0,0.0,0.0,1548869.4562018916,7068.834130000323,0.045156775015543014,-7068.834130000323,-0.045156775015543014,156539.83544146415,0.0,0.0,0.045156775015543014,0.05724061804951097,0.003276488354690001,0.05,0.0,-815519.8144383329,0.0,-0.0,-1922134.8395662324,0.0,-0.0,-6959999.999999999,-60000.0,60000.0,0.0,0.0,-0.0,0.0,0.0,-0.0,13111926.369049985,114655.82934999838,-114655.82934999838,-1865402.2588435435,-47586.99522000039,47586.99522000039,0.5,0.907240629196167,0.5,0.5,9072406.0,299.5489196777344,473.1572265625,313.16363525390625,-150000000.0,0.0,0.0,-94075352.0,0.0,0.0,-0.0,-0.0,244075344.0,-0.0,0.0,0.85,1.0,-1.0,1.0,True,True,False,,0,0
17355600.0,116,0.03572550689241169,False,False,ok,,,True,1.0,0.0,1,0.0,1.0,0.0,0.0,1554461.9211718927,5592.4649700010195,0.03572550689241169,-5592.4649700010195,-0.03572550689241169,156539.83544146415,0.0,0.0,0.03572550689241169,0.051640757113179614,0.002666767795222411,0.05,0.0,-815519.8144383329,0.0,-0.0,-1922134.8395662324,0.0,-0.0,-7019999.999999999,-60000.0,60000.0,0.0,0.0,-0.0,0.0,0.0,-0.0,13233964.044199985,122037.67514999956,-122037.67514999956,-1921847.4690235443,-56445.21018000087,56445.21018000087,0.5,0.901640772819519,0.5,0.5,9016408.0,297.6999816894531,473.1572265625,313.16363525390625,-150000000.0,0.0,0.0,-72158816.0,0.0,0.0,-0.0,-0.0,222158816.0,-0.0,0.0,0.85,1.0,-1.0,1.0,True,True,False,,0,0
17359200.0,117,0.04972611870996016,False,False,ok,,,True,1.0,0.0,1,0.0,1.0,0.0,0.0,1562246.0396118925,7784.118439999875,0.04972611870996016,-7784.118439999875,-0.04972611870996016,156539.83544146415,0.0,0.0,0.04972611870996016,0.04730826689146783,0.0022380721162743515,0.05,1.0,-815519.8144383329,0.0,-0.0,-1922134.8395662324,0.0,-0.0,-7079999.999999999,-60000.0,60000.0,0.0,0.0,-0.0,0.0,0.0,-0.0,13345043.451999992,111079.40780000761,-111079.40780000761,-1965142.758383545,-43295.28936000075,43295.28936000075,0.5,0.8973082900047302,0.5,0.5,8973083.0,296.26947021484375,473.1572265625,313.16363525390625,-150000000.0,0.0,0.0,-54658196.0,0.0,0.0,-0.0,-0.0,204658192.0,-0.0,0.0,0.85,1.0,-1.0,1.0,True,True,False,,0,0
17362800.0,118,0.060905778283924614,False,False,ok,,,True,1.0,0.0,1,0.0,1.0,0.0,0.0,1571780.2201218924,9534.18050999986,0.060905778283924614,-9534.18050999986,-0.060905778283924614,156539.83544146415,0.0,0.0,0.060905778283924614,0.04406348610784483,0.0019415908079762343,0.05,1.0,-815519.8144383329,0.0,-0.0,-1922134.8395662324,0.0,-0.0,-7139999.999999999,-60000.0,60000.0,0.0,0.0,-0.0,0.0,0.0,-0.0,13447372.549449995,102329.09745000303,-102329.09745000303,-1997937.675323546,-32794.91694000084,32794.91694000084,0.5,0.8940634727478027,0.5,0.5,8940635.0,295.1981201171875,473.1572265625,313.16363525390625,-150000000.0,0.0,0.0,-96474808.0,0.0,0.0,-0.0,-0.0,246474816.0,-0.0,0.0,0.85,1.0,-1.0,1.0,True,True,False,,0,0
17366400.0,119,0.03419269571163894,False,False,ok,,,True,1.0,0.0,1,0.0,1.0,0.0,0.0,1577132.7390818924,5352.518960000016,0.03419269571163894,-5352.518960000016,-0.03419269571163894,156539.83544146415,0.0,0.0,0.03419269571163894,0.04163725352325143,0.0017336608809595134,0.05,1.0,-815519.8144383329,0.0,-0.0,-1922134.8395662324,0.0,-0.0,-7199999.999999999,-60000.0,60000.0,0.0,0.0,-0.0,0.0,0.0,-0.0,13570609.95465,123237.40520000458,-123237.40520000458,-2055822.5615635458,-57884.886239999905,57884.886239999905,0.5,0.8916372656822205,0.5,0.5,8916373.0,294.39703369140625,473.1572265625,313.16363525390625,-150000000.0,0.0,0.0,-70928624.0,0.0,0.0,-0.0,-0.0,220928624.0,-0.0,0.0,0.85,1.0,-1.0,1.0,True,True,False,,0,0
17370000.0,120,0.05051198442684771,False,False,ok,,,True,1.0,0.0,1,0.0,1.0,0.0,0.0,1585039.876811893,7907.137730000541,0.05051198442684771,-7907.137730000541,-0.05051198442684771,156539.83544146415,0.0,0.0,0.05051198442684771,0.03951827743751413,0.0015616942516283381,0.05,1.0,-815519.8144383329,0.0,-0.0,-1922134.8395662324,0.0,-0.0,-7259999.999999999,-60000.0,60000.0,0.0,0.0,-0.0,0.0,0.0,-0.0,13681074.266000006,110464.31135000661,-110464.31135000661,-2098379.735183545,-42557.173619999085,42557.173619999085,0.5,0.8895182609558105,0.5,0.5,8895183.0,293.6974182128906,473.1572265625,313.16363525390625,-150000000.0,0.0,0.0,-76335128.0,0.0,0.0,-0.0,-0.0,226335120.0,-0.0,0.0,0.85,1.0,-1.0,1.0,True,True,False,,0,0
17373600.0,121,0.04705822776180325,False,False,ok,,,True,1.0,0.0,1,0.0,1.0,0.0,0.0,1592406.3640418926,7366.4872299996205,0.04705822776180325,-7366.4872299996205,-0.04705822776180325,156539.83544146415,0.0,0.0,0.04705822776180325,0.03736682128514124,0.0013962793329556843,0.05,1.0,-815519.8144383329,0.0,-0.0,-1922134.8395662324,0.0,-0.0,-7319999.999999999,-60000.0,60000.0,0.0,0.0,-0.0,0.0,0.0,-0.0,13794241.82985001,113167.56385000423,-113167.56385000423,-2144180.811803547,-45801.07662000228,45801.07662000228,0.5,0.8873668313026428,0.5,0.5,8873668.0,292.987060546875,473.1572265625,313.16363525390625,-150000000.0,0.0,0.0,-84547176.0,0.0,0.0,-0.0,-0.0,234547184.0,-0.0,0.0,0.85,1.0,-1.0,1.0,True,True,False,,0,0
17377200.0,122,0.04181224543607149,False,False,ok,,,True,1.0,0.0,1,0.0,1.0,0.0,0.0,1598951.6460618933,6545.282020000741,0.04181224543607149,-6545.282020000741,-0.04181224543607149,156539.83544146415,0.0,0.0,0.04181224543607149,0.035189393299699945,0.0012382934008009674,0.05,1.0,-815519.8144383329,0.0,-0.0,-1922134.8395662324,0.0,-0.0,-7379999.999999999,-60000.0,60000.0,0.0,0.0,-0.0,0.0,0.0,-0.0,13911515.419750016,117273.58990000561,-117273.58990000561,-2194909.1196835474,-50728.30788000021,50728.30788000021,0.5,0.885189414024353,0.5,0.5,8851894.0,292.26812744140625,473.1572265625,313.16363525390625,-150000000.0,0.0,0.0,-52732868.0,0.0,0.0,-0.0,-0.0,202732864.0,-0.0,0.0,0.85,1.0,-1.0,1.0,True,True,False,,0,0
17380800.0,123,0.0661780032151432,False,False,ok,,,True,1.0,0.0,1,0.0,1.0,0.0,0.0,1609311.1397950365,10359.493733143201,0.0661780032151432,-10359.493733143201,-0.0661780032151432,156539.83544146415,0.0,0.0,0.0661780032151432,0.03313300558998544,0.0010977960594260065,0.05,1.0,-815519.8144383329,0.0,-0.0,-1922586.825532763,-451.9859665306285,451.9859665306285,-7439999.999999999,-60000.0,60000.0,0.0,0.0,-0.0,0.0,0.0,-0.0,14012881.852850009,101366.43309999257,-101366.43309999257,-2225464.0730838734,-30554.95340032596,30554.95340032596,0.5,0.8831329941749573,0.5,0.5,8831330.0,291.5891418457031,473.1572265625,313.16363525390625,-150000000.0,0.0,0.0,-63001136.0,0.0,0.0,-4019342.25,-4019342.25,217020480.0,-0.0,0.0,0.85,1.0,-1.0,1.0,True,True,False,,0,0
17384400.0,124,0.09569529835341457,False,False,ok,,,True,1.0,0.0,1,0.0,1.0,0.0,0.0,1624291.2660518019,14980.126256765332,0.09569529835341457,-14980.126256765332,-0.09569529835341457,156539.83544146415,0.0,0.0,0.09569529835341457,0.0322661341031919,0.0010411034099651634,0.05,1.0,-815519.8144383329,0.0,-0.0,-1927359.8070447382,-4772.981511975173,4772.981511975173,-7499999.999999999,-60000.0,60000.0,0.0,0.0,-0.0,0.0,0.0,-0.0,14121392.09215001,108510.23930000141,-108510.23930000141,-2254221.204615134,-28757.131531260442,28757.131531260442,0.5,0.8822661638259888,0.5,0.5,8822661.0,291.30291748046875,473.1572265625,313.16363525390625,-150000000.0,0.0,0.0,-52358604.0,0.0,0.0,-37280832.0,-37280832.0,239639440.0,-0.0,0.0,0.85,1.0,-1.0,1.0,True,True,False,,0,0
17388000.0,125,0.16862893332981507,False,False,ok,,,True,1.0,0.0,1,0.0,1.0,0.0,0.0,1650688.4115259207,26397.14547411888,0.16862893332981507,-26397.14547411888,-0.16862893332981507,156539.83544146415,0.0,0.0,0.16862893332981507,0.033955122177458996,0.0011529503220861677,0.05,1.0,-815519.8144383329,0.0,-0.0,-1941903.4420833949,-14543.635038656648,14543.635038656648,-7559999.999999999,-60000.0,60000.0,0.0,0.0,-0.0,0.0,0.0,-0.0,14241211.810050018,119819.71790000796,-119819.71790000796,-2273100.142002358,-18878.937387224287,18878.937387224287,0.5,0.8839551210403442,0.5,0.5,8839551.0,291.860595703125,473.1572265625,313.16363525390625,-150000000.0,0.0,0.0,32774114.0,0.0,0.0,-83101368.0,-83101368.0,200327248.0,-0.0,0.0,0.85,1.0,-1.0,1.0,True,True,False,,0,0
17391600.0,126,0.12576335695929358,False,False,ok,,,True,1.0,0.0,1,0.0,1.0,0.0,0.0,1670375.3867288947,19686.975202973932,0.12576335695929358,-19686.975202973932,-0.12576335695929358,156539.83544146415,0.0,0.0,0.12576335695929358,0.03935035665263853,0.0015484505686898533,0.05,1.0,-815519.8144383329,0.0,-0.0,-1967643.3204117718,-25739.878328376915,25739.878328376915,-7619999.999999999,-60000.0,60000.0,0.0,0.0,-0.0,0.0,0.0,-0.0,14341375.437800016,100163.62774999812,-100163.62774999812,-2267836.9162210086,5263.225781349465,-5263.225781349465,0.5,0.8893503546714783,0.5,0.5,8893504.0,293.6419372558594,473.1572265625,313.16363525390625,-150000000.0,0.0,0.0,73749712.0,0.0,0.0,-126459800.0,-126459800.0,202710096.0,-0.0,0.0,0.85,1.0,-1.0,1.0,True,True,False,,0,0
17395200.0,127,0.08295389838633167,False,False,ok,,,True,1.0,0.0,1,0.0,1.0,0.0,0.0,1683360.976331519,12985.589602624299,0.08295389838633167,-12985.589602624299,-0.08295389838633167,156539.83544146415,0.0,0.0,0.08295389838633167,0.04819929583130311,0.002323172118633474,0.05,1.0,-818010.3511577573,-2490.5367194244172,2490.5367194244172,-2003175.8100747499,-35532.4896629781,35532.4896629781,-7679999.999999999,-60000.0,60000.0,0.0,0.0,-0.0,0.0,0.0,-0.0,14442730.485550024,101355.04775000736,-101355.04775000736,-2258183.347985982,9653.568235026672,-9653.568235026672,0.5,0.8981993198394775,0.5,0.5,8981993.0,296.5636291503906,473.1572265625,313.16363525390625,-150000000.0,0.0,0.0,117105440.0,-20147608.0,-20147608.0,-160661520.0,-160661520.0,213703680.0,-0.0,0.0,0.85,1.0,-1.0,1.0,True,True,False,,0,0
17398800.0,128,0.05720061203328248,False,False,ok,,,True,1.0,0.0,1,0.0,1.0,0.0,0.0,1692315.15072636,8954.174394841073,0.05720061203328248,-8954.174394841073,-0.05720061203328248,156539.83544146415,0.0,0.0,0.05720061203328248,0.057490949705131356,0.003305209297997943,0.05,0.0,-825800.666760635,-7790.315602877643,7790.315602877643,-2046447.1259751604,-43271.315900410526,43271.315900410526,-7739999.999999999,-60000.0,60000.0,0.0,0.0,-0.0,0.0,0.0,-0.0,14549582.329400022,106851.84384999797,-106851.84384999797,-2245019.385937853,13163.962048129179,-13163.962048129179,0.5,0.9074909687042236,0.5,0.5,9074909.0,299.6315002441406,473.1572265625,313.16363525390625,-150000000.0,0.0,0.0,144909072.0,-24928112.0,-24928112.0,-187854912.0,-187854912.0,217873936.0,-0.0,0.0,0.85,1.0,-1.0,1.0,True,True,False,,0,0
17402400.0,129,0.0416811153822765,False,False,ok,,,True,1.0,0.0,1,0.0,1.0,0.0,0.0,1698839.9056693183,6524.754942958243,0.0416811153822765,-6524.754942958243,-0.0416811153822765,156539.83544146415,0.0,0.0,0.0416811153822765,0.06516080496730059,0.004245930503986585,0.05,0.0,-834792.3948757427,-8991.728115107748,8991.728115107748,-2095117.3898379586,-48670.26386279822,48670.26386279822,-7799999.999999999,-60000.0,60000.0,0.0,0.0,-0.0,0.0,0.0,-0.0,14658519.299650013,108936.97024999186,-108936.97024999186,-2229769.6092669885,15249.776670864318,-15249.776670864318,0.5,0.9151607751846313,0.5,0.5,9151608.0,302.16387939453125,473.1572265625,313.16363525390625,-150000000.0,0.0,0.0,140428960.0,-26633064.0,-26633064.0,-202848720.0,-202848720.0,239052832.0,-0.0,0.0,0.85,1.0,-1.0,1.0,True,True,False,,0,0
17406000.0,130,0.08833497688736679,False,False,ok,,,True,1.0,0.0,1,0.0,1.0,0.0,0.0,1712667.8484149922,13827.942745673936,0.08833497688736679,-13827.942745673936,-0.08833497688736679,156539.83544146415,0.0,0.0,0.08833497688736679,0.0712859750797058,0.0050816902430644365,0.05,0.0,-843546.6029222355,-8754.208046492771,8754.208046492771,-2146017.6984160105,-50900.30857805186,50900.30857805186,-7859999.999999999,-60000.0,60000.0,0.0,0.0,-0.0,0.0,0.0,-0.0,14778045.716700021,119526.41705000773,-119526.41705000773,-2215813.566946769,13956.042320219334,-13956.042320219334,0.5,0.9212859869003296,0.5,0.5,9212860.0,304.1862487792969,473.1572265625,313.16363525390625,-150000000.0,0.0,0.0,168127616.0,-23077358.0,-23077358.0,-204492512.0,-204492512.0,209442256.0,-0.0,0.0,0.85,1.0,-1.0,1.0,True,True,False,,0,0
17409600.0,131,0.021161624816504576,False,False,ok,,,True,1.0,0.0,1,0.0,1.0,0.0,0.0,1715980.4856814418,3312.6372664496303,0.021161624816504576,-3312.6372664496303,-0.021161624816504576,156539.83544146415,0.0,0.0,0.021161624816504576,0.07615837720976903,0.005800098419225468,0.05,0.0,-850505.996596606,-6959.3936743704835,6959.3936743704835,-2196839.8099691058,-50822.11155309528,50822.11155309528,-7919999.999999999,-60000.0,60000.0,0.0,0.0,-0.0,0.0,0.0,-0.0,14882766.841300026,104721.1246000044,-104721.1246000044,-2199440.5490528536,16373.01789391553,-16373.01789391553,0.5,0.9261583685874939,0.5,0.5,9261584.0,305.79498291015625,473.1572265625,313.16363525390625,-150000000.0,0.0,0.0,147683184.0,-16189209.0,-16189209.0,-201817952.0,-201817952.0,220323984.0,-0.0,0.0,0.85,1.0,-1.0,1.0,True,True,False,,0,0
17413200.0,132,0.0662541659114968,False,False,ok,,,True,1.0,0.0,1,0.0,1.0,0.0,0.0,1726351.901910539,10371.416229097173,0.0662541659114968,-10371.416229097173,-0.0662541659114968,156539.83544146415,0.0,0.0,0.0662541659114968,0.07990663199378367,0.006385069836589972,0.05,0.0,-855038.4099171994,-4532.4133205934195,4532.4133205934195,-2246041.0393770463,-49201.229407940526,49201.229407940526,-7979999.999999999,-60000.0,60000.0,0.0,0.0,-0.0,0.0,0.0,-0.0,14992928.831250023,110161.98994999751,-110161.98994999751,-2185497.4800452213,13943.069007632323,-13943.069007632323,0.5,0.9299066066741943,0.5,0.5,9299066.0,307.0325622558594,473.1572265625,313.16363525390625,-150000000.0,0.0,0.0,115265272.0,-9270285.0,-9270285.0,-190692720.0,-190692720.0,234697728.0,-0.0,0.0,0.85,1.0,-1.0,1.0,True,True,False,,0,0
17416800.0,133,0.12746750768909815,False,False,ok,,,True,1.0,0.0,1,0.0,1.0,0.0,0.0,1746305.644588324,19953.74267778499,0.12746750768909815,-19953.74267778499,-0.12746750768909815,156539.83544146415,0.0,0.0,0.12746750768909815,0.08253259450361561,0.0068116291554982415,0.05,0.0,-857531.5577149513,-2493.147797751939,2493.147797751939,-2291281.9244881766,-45240.88511113031,45240.88511113031,-8039999.999999999,-60000.0,60000.0,0.0,0.0,-0.0,0.0,0.0,-0.0,15110277.69825003,117348.86700000614,-117348.86700000614,-2175158.571458554,10338.908586667385,-10338.908586667385,0.5,0.9325326085090637,0.5,0.5,9325326.0,307.89959716796875,473.1572265625,313.16363525390625,-150000000.0,0.0,0.0,82172592.0,-4669329.5,-4669329.5,-168977280.0,-168977280.0,241474016.0,-0.0,0.0,0.85,1.0,-1.0,1.0,True,True,False,,0,0
17420400.0,134,0.1737954621366172,False,False,ok,,,True,1.0,0.0,1,0.0,1.0,0.0,0.0,1773511.5576316633,27205.91304333927,0.1737954621366172,-27205.91304333927,-0.1737954621366172,156539.83544146415,0.0,0.0,0.1737954621366172,0.08399207460851743,0.007054668597042758,0.05,0.0,-859061.1171358146,-1529.5594208632829,1529.5594208632829,-2330100.5136101544,-38818.5891219778,38818.5891219778,-8099999.999999999,-60000.0,60000.0,0.0,0.0,-0.0,0.0,0.0,-0.0,15231014.709450033,120737.01120000333,-120737.01120000333,-2168341.5210723733,6817.0503861806355,-6817.0503861806355,0.5,0.9339920878410339,0.5,0.5,9339921.0,308.3814697265625,473.1572265625,313.16363525390625,-150000000.0,0.0,0.0,64901044.0,-4008742.5,-4008742.5,-138201072.0,-138201072.0,227308768.0,-0.0,0.0,0.85,1.0,-1.0,1.0,True,True,False,,0,0
17424000.0,135,0.17100047616780728,False,False,ok,,,True,1.0,0.0,1,0.0,1.0,0.0,0.0,1800279.9440313838,26768.386399720563,0.17100047616780728,-26768.386399720563,-0.17100047616780728,156539.83544146415,0.0,0.0,0.17100047616780728,0.08418851106461422,0.007087705395276671,0.05,0.0,-860430.2235984046,-1369.1064625899307,1369.1064625899307,-2360395.8233646806,-30295.309754526243,30295.309754526243,-8159999.999999999,-60000.0,60000.0,0.0,0.0,-0.0,0.0,0.0,-0.0,15344669.091250028,113654.3817999959,-113654.3817999959,-2163563.100255538,4778.420816835482,-4778.420816835482,0.5,0.9341884851455688,0.5,0.5,9341885.0,308.44635009765625,473.1572265625,313.16363525390625,-150000000.0,0.0,0.0,8044005.0,-3793628.0,-3793628.0,-99867336.0,-99867336.0,245616960.0,-0.0,0.0,0.85,1.0,-1.0,1.0,True,True,False,,0,0
17427600.0,136,0.22042462068457142,False,False,ok,,,True,1.0,0.0,1,0.0,1.0,0.0,0.0,1834785.1778805938,34505.233849209966,0.22042462068457142,-34505.233849209966,-0.22042462068457142,156539.83544146415,0.0,0.0,0.22042462068457142,0.08299524841443895,0.006888211259374431,0.05,0.0,-861724.4366753829,-1294.2130769783398,1294.2130769783398,-2380943.641620288,-20547.818255607504,20547.818255607504,-8219999.999999999,-60000.0,60000.0,0.0,0.0,-0.0,0.0,0.0,-0.0,15467477.570600033,122808.47935000435,-122808.47935000435,-2170024.314423742,-6461.214168203995,6461.214168203995,0.5,0.9329952597618103,0.5,0.5,9329952.0,308.0523681640625,473.1572265625,313.16363525390625,-150000000.0,0.0,0.0,-32246306.0,-3581029.5,-3581029.5,-60054096.0,-60054096.0,245881440.0,-0.0,0.0,0.85,1.0,-1.0,1.0,True,True,False,,0,0
17431200.0,137,0.13014837959970577,False,False,ok,,,True,1.0,0.0,1,0.0,1.0,0.0,0.0,1855158.583806105,20373.40592551115,0.13014837959970577,-20373.40592551115,-0.13014837959970577,156539.83544146415,0.0,0.0,0.13014837959970577,0.07933051448555983,0.006293330528543618,0.05,0.0,-861948.8531040843,-224.41642870137002,224.41642870137002,-2391515.964289173,-10572.32266888488,10572.32266888488,-8279999.999999999,-60000.0,60000.0,0.0,0.0,-0.0,0.0,0.0,-0.0,15590418.286900025,122940.71629999205,-122940.71629999205,-2201794.885700645,-31770.571276903152,31770.571276903152,0.5,0.9293305277824402,0.5,0.5,9293305.0,306.84234619140625,473.1572265625,313.16363525390625,-150000000.0,0.0,0.0,-60962480.0,0.0,0.0,-19964620.0,-19964620.0,230927104.0,-0.0,0.0,0.85,1.0,-1.0,1.0,True,True,False,,0,0
17434800.0,138,0.06891297167487181,False,False,ok,,,True,1.0,0.0,1,0.0,1.0,0.0,0.0,1865946.2090518717,10787.625245766714,0.06891297167487181,-10787.625245766714,-0.06891297167487181,156539.83544146415,0.0,0.0,0.06891297167487181,0.07243626807603631,0.005247012932783398,0.05,0.0,-861948.8531040843,0.0,-0.0,-2394287.6323218634,-2771.668032690417,2771.668032690417,-8339999.999999999,-60000.0,60000.0,0.0,0.0,-0.0,0.0,0.0,-0.0,15705881.83690003,115463.55000000447,-115463.55000000447,-2243699.1424221876,-41904.25672154268,41904.25672154268,0.5,0.9224362969398499,0.5,0.5,9224363.0,304.5660095214844,473.1572265625,313.16363525390625,-150000000.0,0.0,0.0,-95523584.0,0.0,0.0,-0.0,-0.0,245523584.0,-0.0,0.0,0.85,1.0,-1.0,1.0,True,True,False,,0,0
17438400.0,139,0.034800354520854476,False,False,ok,,,True,1.0,0.0,1,0.0,1.0,0.0,0.0,1871393.8508218708,5447.6417699991725,0.034800354520854476,-5447.6417699991725,-0.034800354520854476,156539.83544146415,0.0,0.0,0.034800354520854476,0.06500289426542205,0.004225376262881639,0.05,0.0,-861948.8531040843,0.0,-0.0,-2394287.6323218634,0.0,-0.0,-8399999.999999998,-59999.99999999907,59999.99999999907,0.0,0.0,-0.0,0.0,0.0,-0.0,15828643.628050022,122761.7911499925,-122761.7911499925,-2301013.291802188,-57314.14938000031,57314.14938000031,0.5,0.9150028824806213,0.5,0.5,9150029.0,302.1116943359375,473.1572265625,313.16363525390625,-150000000.0,0.0,0.0,-94693056.0,0.0,0.0,-0.0,-0.0,244693056.0,-0.0,0.0,0.85,1.0,-1.0,1.0,True,True,False,,0,0
17442000.0,140,0.035330906439256675,False,False,ok,,,True,1.0,0.0,1,0.0,1.0,0.0,0.0,1876924.5451018699,5530.6942799990065,0.035330906439256675,-5530.6942799990065,-0.035330906439256675,156539.83544146415,0.0,0.0,0.035330906439256675,0.059206315287565814,0.003505387769930649,0.05,0.0,-861948.8531040843,0.0,-0.0,-2394287.6323218634,0.0,-0.0,-8459999.999999998,-60000.0,60000.0,0.0,0.0,-0.0,0.0,0.0,-0.0,15950990.15665003,122346.5286000073,-122346.5286000073,-2357829.126122189,-56815.834320001304,56815.834320001304,0.5,0.9092063307762146,0.5,0.5,9092063.0,300.1977844238281,473.1572265625,313.16363525390625,-150000000.0,0.0,0.0,-67264640.0,0.0,0.0,-0.0,-0.0,217264640.0,-0.0,0.0,0.85,1.0,-1.0,1.0,True,True,False,,0,0
17445600.0,141,0.05285259082243698,False,False,ok,,,True,1.0,0.0,1,0.0,1.0,0.0,0.0,1885198.0809718692,8273.535869999323,0.05285259082243698,-8273.535869999323,-0.05285259082243698,156539.83544146415,0.0,0.0,0.05285259082243698,0.054445051267001054,0.002964263607466373,0.05,0.0,-861948.8531040843,0.0,-0.0,-2394287.6323218634,0.0,-0.0,-8519999.999999998,-60000.0,60000.0,0.0,0.0,-0.0,0.0,0.0,-0.0,16059622.477300026,108632.3206499964,-108632.3206499964,-2398187.9109021886,-40358.784779999405,40358.784779999405,0.5,0.9044450521469116,0.5,0.5,9044451.0,298.625732421875,473.1572265625,313.16363525390625,-150000000.0,0.0,0.0,-99819264.0,0.0,0.0,-0.0,-0.0,249819264.0,-0.0,0.0,0.85,1.0,-1.0,1.0,True,True,False,,0,0
17449200.0,142,0.032056206433640336,False,False,ok,,,True,1.0,0.0,1,0.0,1.0,0.0,0.0,1890216.1542518688,5018.073279999662,0.032056206433640336,-5018.073279999662,-0.032056206433640336,156539.83544146415,0.0,0.0,0.032056206433640336,0.05027566607841272,0.002527642599628059,0.05,0.0,-861948.8531040843,0.0,-0.0,-2394287.6323218634,0.0,-0.0,-8579999.999999998,-60000.0,60000.0,0.0,0.0,-0.0,0.0,0.0,-0.0,16184532.11090003,124909.63360000402,-124909.63360000402,-2458079.4712221907,-59891.56032000203,59891.56032000203,0.5,0.9002756476402283,0.5,0.5,9002757.0,297.24908447265625,473.1572265625,313.16363525390625,-150000000.0,0.0,0.0,-94513248.0,0.0,0.0,-0.0,-0.0,244513248.0,-0.0,0.0,0.85,1.0,-1.0,1.0,True,True,False,,0,0
17452800.0,143,0.03544577106748966,False,False,ok,,,True,1.0,0.0,1,0.0,1.0,0.0,0.0,1895764.8294218695,5548.6751700006425,0.03544577106748966,-5548.6751700006425,-0.03544577106748966,156539.83544146415,0.0,0.0,0.03544577106748966,0.046439032831883664,0.0021565837703607688,0.05,1.0,-861948.8531040843,0.0,-0.0,-2394287.6323218634,0.0,-0.0,-8639999.999999998,-60000.0,60000.0,0.0,0.0,-0.0,0.0,0.0,-0.0,16306788.735050026,122256.62414999679,-122256.62414999679,-2514787.4202021915,-56707.9489800008,56707.9489800008,0.5,0.8964390158653259,0.5,0.5,8964390.0,295.9823303222656,473.1572265625,313.16363525390625,-150000000.0,0.0,0.0,-68190792.0,0.0,0.0,-0.0,-0.0,218190784.0,-0.0,0.0,0.85,1.0,-1.0,1.0,True,True,False,,0,0
17456400.0,144,0.05226095323870058,False,False,ok,,,True,1.0,0.0,1,0.0,1.0,0.0,0.0,1903945.7504418697,8180.921020000242,0.05226095323870058,-8180.921020000242,-0.05226095323870058,156539.83544146415,0.0,0.0,0.05226095323870058,0.04271497380424949,0.0018245689870977201,0.05,1.0,-861948.8531040843,0.0,-0.0,-2394287.6323218634,0.0,-0.0,-8699999.999999998,-60000.0,60000.0,0.0,0.0,-0.0,0.0,0.0,-0.0,16415884.12995002,109095.39489999413,-109095.39489999413,-2555701.89408219,-40914.47387999855,40914.47387999855,0.5,0.8927149772644043,0.5,0.5,8927150.0,294.7527160644531,473.1572265625,313.16363525390625,-150000000.0,0.0,0.0,-89144832.0,0.0,0.0,-0.0,-0.0,239144832.0,-0.0,0.0,0.85,1.0,-1.0,1.0,True,True,False,,0,0
17460000.0,145,0.03887519827038649,False,False,ok,,,True,1.0,0.0,1,0.0,1.0,0.0,0.0,1910031.2675818703,6085.517140000593,0.03887519827038649,-6085.517140000593,-0.03887519827038649,156539.83544146415,0.0,0.0,0.03887519827038649,0.03929899730104913,0.001544411188867867,0.05,1.0,-861948.8531040843,0.0,-0.0,-2394287.6323218634,0.0,-0.0,-8759999.999999998,-60000.0,60000.0,0.0,0.0,-0.0,0.0,0.0,-0.0,16535456.544250015,119572.4142999947,-119572.4142999947,-2609188.791242191,-53486.8971600011,53486.8971600011,0.5,0.8892989754676819,0.5,0.5,8892990.0,293.6248474121094,473.1572265625,313.16363525390625,-150000000.0,0.0,0.0,-66416176.0,0.0,0.0,-0.0,-0.0,216416176.0,-0.0,0.0,0.85,1.0,-1.0,1.0,True,True,False,,0,0
17463600.0,146,0.0533946032102802,False,False,ok,,,True,1.0,0.0,1,0.0,1.0,0.0,0.0,1918389.6499818699,8358.382399999537,0.0533946032102802,-8358.382399999537,-0.0533946032102802,156539.83544146415,0.0,0.0,0.0533946032102802,0.03675197601733793,0.0013507077411789822,0.05,1.0,-861948.8531040843,0.0,-0.0,-2394287.6323218634,0.0,-0.0,-8819999.999999998,-60000.0,60000.0,0.0,0.0,-0.0,0.0,0.0,-0.0,16643664.632250022,108208.08800000697,-108208.08800000697,-2649038.496842189,-39849.705599998124,39849.705599998124,0.5,0.8867519497871399,0.5,0.5,8867520.0,292.78387451171875,473.1572265625,313.16363525390625,-150000000.0,0.0,0.0,-57835376.0,0.0,0.0,-0.0,-0.0,207835376.0,-0.0,0.0,0.85,1.0,-1.0,1.0,True,True,False,,0,0
17467200.0,147,0.062199233847641366,False,False,ok,,,True,1.0,0.0,1,0.0,1.0,0.0,0.0,1928126.3078129648,9736.657831094926,0.062199233847641366,-9736.657831094926,-0.062199233847641366,156539.83544146415,0.0,0.0,0.062199233847641366,0.035235995236052586,0.0012415753602751205,0.05,1.0,-861948.8531040843,0.0,-0.0,-2394659.200344074,-371.5680222106166,371.5680222106166,-8879999.999999998,-60000.0,60000.0,0.0,0.0,-0.0,0.0,0.0,-0.0,16747582.319250021,103917.68699999899,-103917.68699999899,-2682847.9579888848,-33809.46114669554,33809.46114669554,0.5,0.8852360248565674,0.5,0.5,8852360.0,292.2833557128906,473.1572265625,313.16363525390625,-150000000.0,0.0,0.0,-83673280.0,0.0,-0.0,-3300896.25,-3300896.25,236974176.0,-0.0,0.0,0.85,1.0,-1.0,1.0,True,True,False,,0,0
17470800.0,148,0.07257022167500855,False,False,ok,,,True,1.0,0.0,1,0.0,1.0,0.0,0.0,1939486.4383719212,11360.130558956414,0.07257022167500855,-11360.130558956414,-0.07257022167500855,156539.83544146415,0.0,0.0,0.07257022167500855,0.03508333534378505,0.0012308404188444773,0.05,1.0,-861948.8531040843,0.0,-0.0,-2398271.734929043,-3612.5345849688165,3612.5345849688165,-8939999.999999998,-60000.0,60000.0,0.0,0.0,-0.0,0.0,0.0,-0.0,16866069.408550028,118487.08930000663,-118487.08930000663,-2726362.3821449587,-43514.42415607395,43514.42415607395,0.5,0.8850833177566528,0.5,0.5,8850833.0,292.2329406738281,473.1572265625,313.16363525390625,-150000000.0,0.0,0.0,-53650836.0,0.0,0.0,-27935998.0,-27935998.0,231586832.0,-0.0,0.0,0.85,1.0,-1.0,1.0,True,True,False,,0,0
17474400.0,149,0.14582732046856886,False,False,ok,,,True,1.0,0.0,1,0.0,1.0,0.0,0.0,1962314.2231209406,22827.784749019425,0.14582732046856886,-22827.784749019425,-0.14582732046856886,156539.83544146415,0.0,0.0,0.14582732046856886,0.03734147530194165,0.0013943857777255183,0.05,1.0,-861948.8531040843,0.0,-0.0,-2409690.6408212,-11418.905892156996,11418.905892156996,-8999999.999999998,-60000.0,60000.0,0.0,0.0,-0.0,0.0,0.0,-0.0,16981862.826050024,115793.41749999672,-115793.41749999672,-2747909.1090037823,-21546.72685882356,21546.72685882356,0.5,0.8873414993286133,0.5,0.5,8873415.0,292.978515625,473.1572265625,313.16363525390625,-150000000.0,0.0,0.0,-13095465.0,0.0,0.0,-66899716.0,-66899716.0,229995184.0,-0.0,0.0,0.85,1.0,-1.0,1.0,True,True,False,,0,0
17478000.0,150,0.2102423438415165,False,False,ok,,,True,1.0,0.0,1,0.0,1.0,0.0,0.0,1995225.5250287193,32911.30190777872,0.2102423438415165,-32911.30190777872,-0.2102423438415165,156539.83544146415,0.0,0.0,0.2102423438415165,0.042601600568217046,0.001814896370973911,0.05,1.0,-861948.8531040843,0.0,-0.0,-2430777.5355853094,-21086.894764109515,21086.894764109515,-9059999.999999998,-60000.0,60000.0,0.0,0.0,-0.0,0.0,0.0,-0.0,17096860.417000007,114997.5909499824,-114997.5909499824,-2748908.5032818946,-999.3942781123333,999.3942781123333,0.5,0.8926016092300415,0.5,0.5,8926016.0,294.71527099609375,473.1572265625,313.16363525390625,-150000000.0,0.0,0.0,42986216.0,0.0,0.0,-105014312.0,-105014312.0,212028096.0,-0.0,0.0,0.85,1.0,-1.0,1.0,True,True,False,,0,0
17481600.0,151,0.14083161980719386,False,False,ok,,,True,1.0,0.0,1,0.0,1.0,0.0,0.0,2017271.2836182923,22045.75858957297,0.14083161980719386,-22045.75858957297,-0.14083161980719386,156539.83544146415,0.0,0.0,0.14083161980719386,0.05042426505825015,0.002542606506664667,0.05,0.0,-861948.8531040843,0.0,-0.0,-2460386.6706693536,-29609.13508404419,29609.13508404419,-9119999.999999998,-60000.0,60000.0,0.0,0.0,-0.0,0.0,0.0,-0.0,17202874.466550004,106014.04954999685,-106014.04954999685,-2743267.659158277,5640.844123617746,-5640.844123617746,0.5,0.9004242420196533,0.5,0.5,9004243.0,297.2981262207031,473.1572265625,313.16363525390625,-150000000.0,0.0,0.0,70127808.0,0.0,0.0,-134245152.0,-134245152.0,214117344.0,-0.0,0.0,0.85,1.0,-1.0,1.0,True,True,False,,0,0
17485200.0,152,0.12071730358671032,False,False,ok,,,True,1.0,0.0,1,0.0,1.0,0.0,0.0,2036168.3504566932,18897.066838400904,0.12071730358671032,-18897.066838400904,-0.12071730358671032,156539.83544146415,0.0,0.0,0.12071730358671032,0.06028709363049667,0.003634533658412272,0.05,0.0,-861948.8531040843,0.0,-0.0,-2496636.451138685,-36249.780469331425,36249.780469331425,-9179999.999999998,-60000.0,60000.0,0.0,0.0,-0.0,0.0,0.0,-0.0,17309933.135449987,107058.66889998317,-107058.66889998317,-2735179.480750544,8088.178407732863,-8088.178407732863,0.5,0.910287082195282,0.5,0.5,9102871.0,300.5545654296875,473.1572265625,313.16363525390625,-150000000.0,0.0,0.0,67562672.0,0.0,-0.0,-157499504.0,-157499504.0,239936832.0,-0.0,0.0,0.85,1.0,-1.0,1.0,True,True,False,,0,0
17488800.0,153,0.16970219560337035,False,False,ok,,,True,1.0,0.0,1,0.0,1.0,0.0,0.0,2062733.5042305,26565.153773806756,0.16970219560337035,-26565.153773806756,-0.16970219560337035,156539.83544146415,0.0,0.0,0.16970219560337035,0.07005637922524566,0.004907896270151432,0.05,0.0,-861948.8531040843,0.0,-0.0,-2537319.0854490073,-40682.63431032235,40682.63431032235,-9239999.999999998,-60000.0,60000.0,0.0,0.0,-0.0,0.0,0.0,-0.0,17429901.5534,119968.41795001179,-119968.41795001179,-2727900.1106164153,7279.370134128723,-7279.370134128723,0.5,0.9200564026832581,0.5,0.5,9200564.0,303.7801208496094,473.1572265625,313.16363525390625,-150000000.0,0.0,0.0,89600408.0,0.0,-0.0,-168947664.0,-168947664.0,229347248.0,-0.0,0.0,0.85,1.0,-1.0,1.0,True,True,False,,0,0
17492400.0,154,0.1350179480899351,False,False,ok,,,True,1.0,0.0,1,0.0,1.0,0.0,0.0,2083869.1916061426,21135.687375642592,0.1350179480899351,-21135.687375642592,-0.1350179480899351,156539.83544146415,0.0,0.0,0.1350179480899351,0.07768226317907578,0.0060345340126231935,0.05,0.0,-861948.8531040843,0.0,-0.0,-2579991.1046896027,-42672.0192405954,42672.0192405954,-9299999.999999998,-60000.0,60000.0,0.0,0.0,-0.0,0.0,0.0,-0.0,17544575.17705,114673.6236499995,-114673.6236499995,-2718766.0276501765,9134.082966238726,-9134.082966238726,0.5,0.9276822805404663,0.5,0.5,9276823.0,306.2979736328125,473.1572265625,313.16363525390625,-150000000.0,0.0,0.0,107681536.0,0.0,0.0,-172769168.0,-172769168.0,215087632.0,-0.0,0.0,0.85,1.0,-1.0,1.0,True,True,False,,0,0
17496000.0,155,0.09878602339760068,False,False,ok,,,True,1.0,0.0,1,0.0,1.0,0.0,0.0,2099333.1394527196,15463.947846577037,0.09878602339760068,-15463.947846577037,-0.09878602339760068,156539.83544146415,0.0,0.0,0.09878602339760068,0.08341372179675699,0.006957848983986772,0.05,0.0,-861948.8531040843,0.0,-0.0,-2622609.6174786403,-42618.512789037544,42618.512789037544,-9359999.999999998,-60000.0,60000.0,0.0,0.0,-0.0,0.0,0.0,-0.0,17652118.996449996,107543.81939999759,-107543.81939999759,-2708227.386414562,10538.641235614661,-10538.641235614661,0.5,0.9334137439727783,0.5,0.5,9334137.0,308.1903381347656,473.1572265625,313.16363525390625,-150000000.0,0.0,0.0,102871392.0,0.0,0.0,-167676976.0,-167676976.0,214805584.0,-0.0,0.0,0.85,1.0,-1.0,1.0,True,True,False,,0,0
17499600.0,156,0.10537406682858663,False,False,ok,,,True,1.0,0.0,1,0.0,1.0,0.0,0.0,2115828.3785338644,16495.2390811448,0.10537406682858663,-16495.2390811448,-0.10537406682858663,156539.83544146415,0.0,0.0,0.10537406682858663,0.08758878601105158,0.007671795434889784,0.05,0.0,-861948.8531040843,0.0,-0.0,-2663321.276143398,-40711.65866475785,40711.65866475785,-9419999.999999998,-60000.0,60000.0,0.0,0.0,-0.0,0.0,0.0,-0.0,17759521.789299984,107402.79284998775,-107402.79284998775,-2698423.2815186586,9804.104895903263,-9804.104895903263,0.5,0.9375888109207153,0.5,0.5,9375888.0,309.56884765625,473.1572265625,313.16363525390625,-150000000.0,0.0,0.0,95653672.0,0.0,0.0,-156913936.0,-156913936.0,211260272.0,-0.0,0.0,0.85,1.0,-1.0,1.0,True,True,False,,0,0
17503200.0,157,0.11476710365952462,False,False,ok,,,True,1.0,0.0,1,0.0,1.0,0.0,0.0,2133794.00205482,17965.623520955443,0.11476710365952462,-17965.623520955443,-0.11476710365952462,156539.83544146415,0.0,0.0,0.11476710365952462,0.09041360384927521,0.008174619761013673,0.05,0.0,-861948.8531040843,0.0,-0.0,-2699218.7512751394,-35897.47513174126,35897.47513174126,-9479999.999999998,-60000.0,60000.0,0.0,0.0,-0.0,0.0,0.0,-0.0,17865151.92504997,105630.13574998826,-105630.13574998826,-2690190.318615962,8232.962902696803,-8232.962902696803,0.5,0.9404135942459106,0.5,0.5,9404136.0,310.50152587890625,473.1572265625,313.16363525390625,-150000000.0,0.0,0.0,51690040.0,0.0,-0.0,-126962128.0,-126962128.0,225272096.0,-0.0,0.0,0.85,1.0,-1.0,1.0,True,True,False,,0,0
17506800.0,158,0.17818546103354443,False,False,ok,,,True,1.0,0.0,1,0.0,1.0,0.0,0.0,2161687.1248030723,27893.12274825247,0.17818546103354443,-27893.12274825247,-0.17818546103354443,156539.83544146415,0.0,0.0,0.17818546103354443,0.0919675656421487,0.00845803313014293,0.05,0.0,-861948.8531040843,0.0,-0.0,-2727911.6054280517,-28692.854152912274,28692.854152912274,-9539999.999999998,-60000.0,60000.0,0.0,0.0,-0.0,0.0,0.0,-0.0,17977787.96909998,112636.04405000806,-112636.04405000806,-2686240.385764797,3949.9328511646017,-3949.9328511646017,0.5,0.9419675469398499,0.5,0.5,9419676.0,311.0146179199219,473.1572265625,313.16363525390625,-150000000.0,0.0,0.0,21328438.0,0.0,0.0,-99580272.0,-99580272.0,228251824.0,-0.0,0.0,0.85,1.0,-1.0,1.0,True,True,False,,0,0
17510400.0,159,0.2105830085437559,False,False,ok,,,True,1.0,0.0,1,0.0,1.0,0.0,0.0,2194651.7543072803,32964.62950420799,0.2105830085437559,-32964.62950420799,-0.2105830085437559,156539.83544146415,0.0,0.0,0.2105830085437559,0.0921667822376846,0.008494715748048772,0.05,0.0,-861948.8531040843,0.0,-0.0,-2749495.4968126137,-21583.89138456201,21583.89138456201,-9599999.999999998,-60000.0,60000.0,0.0,0.0,-0.0,0.0,0.0,-0.0,18091913.884899978,114125.91579999775,-114125.91579999775,-2685817.7806760278,422.60508876945823,-422.60508876945823,0.5,0.942166805267334,0.5,0.5,9421668.0,311.08038330078125,473.1572265625,313.16363525390625,-150000000.0,0.0,0.0,16372739.0,0.0,0.0,-69817528.0,-69817528.0,203444800.0,-0.0,0.0,0.85,1.0,-1.0,1.0,True,True,False,,0,0
17514000.0,160,0.17084314964087974,False,False,ok,,,True,1.0,0.0,1,0.0,1.0,0.0,0.0,2221395.512838365,26743.75853108475,0.17084314964087974,-26743.75853108475,-0.17084314964087974,156539.83544146415,0.0,0.0,0.17084314964087974,0.0909167678471886,0.008265858675779588,0.05,0.0,-861948.8531040843,0.0,-0.0,-2763651.9626337634,-14156.465821149759,14156.465821149759,-9659999.999999998,-60000.0,60000.0,0.0,0.0,-0.0,0.0,0.0,-0.0,18193636.28109998,101722.39620000124,-101722.39620000124,-2686639.9525237945,-822.1718477667309,822.1718477667309,0.5,0.9409167766571045,0.5,0.5,9409168.0,310.66766357421875,473.1572265625,313.16363525390625,-150000000.0,0.0,0.0,-18014250.0,0.0,0.0,-40180904.0,-40180904.0,208195152.0,-0.0,0.0,0.85,1.0,-1.0,1.0,True,True,False,,0,0
17517600.0,161,0.12438599592286996,False,False,ok,,,True,1.0,0.0,1,0.0,1.0,0.0,0.0,2240866.8761713537,19471.363332988694,0.12438599592286996,-19471.363332988694,-0.12438599592286996,156539.83544146415,0.0,0.0,0.12438599592286996,0.0874702516057857,0.0076510449159794556,0.05,0.0,-861948.8531040843,0.0,-0.0,-2771002.5902858987,-7350.627652135212,7350.627652135212,-9719999.999999998,-60000.0,60000.0,0.0,0.0,-0.0,0.0,0.0,-0.0,18297733.85799999,104097.57690001279,-104097.57690001279,-2703915.5384386703,-17275.585914875846,17275.585914875846,0.5,0.9374702572822571,0.5,0.5,9374703.0,309.5296936035156,473.1572265625,313.16363525390625,-150000000.0,0.0,0.0,-59575368.0,0.0,0.0,-15950572.0,-15950572.0,225525936.0,-0.0,0.0,0.85,1.0,-1.0,1.0,True,True,False,,0,0
17521200.0,162,0.06733524443822889,False,False,ok,,,True,1.0,0.0,1,0.0,1.0,0.0,0.0,2251407.524255125,10540.648083771113,0.06733524443822889,-10540.648083771113,-0.06733524443822889,156539.83544146415,0.0,0.0,0.06733524443822889,0.0817658570141081,0.006685655373251571,0.05,0.0,-861948.8531040843,0.0,-0.0,-2773212.0488457354,-2209.4585598367266,2209.4585598367266,-9779999.999999998,-60000.0,60000.0,0.0,0.0,-0.0,0.0,0.0,-0.0,18410496.827500004,112762.9695000127,-112762.9695000127,-2743928.4012950636,-40012.862856393214,40012.862856393214,0.5,0.9317658543586731,0.5,0.5,9317659.0,307.646240234375,473.1572265625,313.16363525390625,-150000000.0,0.0,0.0,-77076960.0,0.0,0.0,-0.0,-0.0,227076960.0,-0.0,0.0,0.85,1.0,-1.0,1.0,True,True,False,,0,0
17524800.0,163,0.04658433228470237,False,False,ok,,,True,1.0,0.0,1,0.0,1.0,0.0,0.0,2258699.8279651226,7292.3037099977955,0.04658433228470237,-7292.3037099977955,-0.04658433228470237,156539.83544146415,0.0,0.0,0.04658433228470237,0.0756952104498374,0.0057297648850451735,0.05,0.0,-861948.8531040843,0.0,-0.0,-2773212.0488457354,0.0,-0.0,-9839999.999999998,-60000.0,60000.0,0.0,0.0,-0.0,0.0,0.0,-0.0,18524035.30895001,113538.48145000637,-113538.48145000637,-2790174.579035063,-46246.17773999926,46246.17773999926,0.5,0.9256951808929443,0.5,0.5,9256952.0,305.641845703125,473.1572265625,313.16363525390625,-150000000.0,0.0,0.0,-75501800.0,0.0,0.0,-0.0,-0.0,225501792.0,-0.0,0.0,0.85,1.0,-1.0,1.0,True,True,False,,0,0
17528400.0,164,0.04759057251459058,False,False,ok,,,True,1.0,0.0,1,0.0,1.0,0.0,0.0,2266149.6483551217,7449.820389999077,0.04759057251459058,-7449.820389999077,-0.04759057251459058,156539.83544146415,0.0,0.0,0.04759057251459058,0.07009129578176632,0.004912789744367052,0.05,0.0,-861948.8531040843,0.0,-0.0,-2773212.0488457354,0.0,-0.0,-9899999.999999998,-60000.0,60000.0,0.0,0.0,-0.0,0.0,0.0,-0.0,18636786.207000006,112750.8980499953,-112750.8980499953,-2835475.6566950637,-45301.07766000088,45301.07766000088,0.5,0.9200912714004517,0.5,0.5,9200913.0,303.79156494140625,473.1572265625,313.16363525390625,-150000000.0,0.0,0.0,-56095832.0,0.0,0.0,-0.0,-0.0,206095824.0,-0.0,0.0,0.85,1.0,-1.0,1.0,True,True,False,,0,0
17532000.0,165,0.059987395115862006,False,False,ok,,,True,1.0,0.0,1,0.0,1.0,0.0,0.0,2275540.065315121,9390.41695999913,0.059987395115862006,-9390.41695999913,-0.059987395115862006,156539.83544146415,0.0,0.0,0.059987395115862006,0.06451340748282786,0.004161979745045389,0.05,0.0,-861948.8531040843,0.0,-0.0,-2773212.0488457354,0.0,-0.0,-9959999.999999998,-60000.0,60000.0,0.0,0.0,-0.0,0.0,0.0,-0.0,18739834.1222,103047.91519999504,-103047.91519999504,-2869133.1549350643,-33657.49824000057,33657.49824000057,0.5,0.9145134091377258,0.5,0.5,9145134.0,301.94989013671875,473.1572265625,313.16363525390625,-150000000.0,0.0,0.0,-57787476.0,0.0,0.0,-0.0,-0.0,207787472.0,-0.0,0.0,0.85,1.0,-1.0,1.0,False,True,False,,0,0
17535600.0,166,0.05890674596657025,False,False,ok,,,True,1.0,0.0,1,0.0,1.0,0.0,0.0,2284761.31763512,9221.25231999904,0.05890674596657025,-9221.25231999904,-0.05890674596657025,156539.83544146415,0.0,0.0,0.05890674596657025,0.05920686725039015,0.0035054531296053217,0.05,0.0,-861948.8531040843,0.0,-0.0,-2773212.0488457354,0.0,-0.0,-10019999.999999998,-60000.0,60000.0,0.0,0.0,-0.0,0.0,0.0,-0.0,18843727.860600006,103893.7384000048,-103893.7384000048,-2903805.6410150654,-34672.48608000111,34672.48608000111,0.5,0.9092068672180176,0.5,0.5,9092069.0,300.1977844238281,473.1572265625,313.16363525390625,-150000000.0,0.0,0.0,-70457320.0,0.0,0.0,-0.0,-0.0,220457328.0,-0.0,0.0,0.85,1.0,-1.0,1.0,False,True,False,,0,0
17539200.0,167,0.05081305922910809,False,True,ok,,,True,1.0,0.0,1,0.0,1.0,0.0,0.0,2292715.585565122,7954.267930001952,0.05081305922910809,-7954.267930001952,-0.05081305922910809,156539.83544146415,0.0,0.0,0.05081305922910809,0.054523382392808295,0.0029727992275523974,0.05,0.0,-861948.8531040843,0.0,-0.0,-2773212.0488457354,0.0,-0.0,-10079999.999999998,-60000.0,60000.0,0.0,0.0,-0.0,0.0,0.0,-0.0,18953956.52095,110228.6603499949,-110228.6603499949,-2946080.0334350676,-42274.39242000226,42274.39242000226,0.5,0.9045233726501465,0.5,0.5,9045234.0,298.6513977050781,473.1572265625,313.16363525390625,-150000000.0,0.0,0.0,-84682664.0,0.0,0.0,-0.0,-0.0,234682672.0,-0.0,0.0,0.85,1.0,-1.0,1.0,False,True,False,,0,0
