time,step,reward,terminated,truncated,fmu_status,fmu_error,failure_type,transition_valid,requested_u_tp,requested_u_battery,requested_caes_mode,requested_caes_magnitude,decoded_u_tp,decoded_u_battery,decoded_u_caes,rt_economic_cashflow_total,rt_economic_cashflow_delta,rt_economic_reward,rt_raw_total_cost,rt_normalized_cost,rt_cost_reference,rt_cost_reference_missing,rt_terminal_soc_bonus,rt_reward,rt_terminal_soc_l1_error,rt_terminal_soc_l2_error,rt_terminal_soc_tolerance,rt_terminal_soc_satisfied,rt_economic_cashflow_wind,rt_economic_cashflow_delta_wind,rt_raw_wind_cost,rt_economic_cashflow_pv,rt_economic_cashflow_delta_pv,rt_raw_pv_cost,rt_economic_cashflow_thermal,rt_economic_cashflow_delta_thermal,rt_raw_thermal_cost,rt_economic_cashflow_battery,rt_economic_cashflow_delta_battery,rt_raw_battery_cost,rt_economic_cashflow_caes,rt_economic_cashflow_delta_caes,rt_raw_caes_cost,rt_economic_cashflow_load,rt_economic_cashflow_delta_load,rt_raw_load_cost,rt_economic_cashflow_grid,rt_economic_cashflow_delta_grid,rt_raw_grid_cost,obs_battery_soc,obs_caes_gas_soc,obs_caes_hot_soc,obs_caes_cold_soc,obs_caes_gas_pressure,obs_caes_gas_temperature,obs_caes_hot_temperature,obs_caes_cold_temperature,obs_p_thermal,obs_p_battery,obs_p_caes,obs_p_grid,obs_p_wind_available,obs_p_wind_actual,obs_p_pv_available,obs_p_pv_actual,obs_p_load_actual,obs_p_curtailment,obs_p_unserved,u_tp_dynamic_low,u_tp_dynamic_high,u_battery_dynamic_low,u_battery_dynamic_high,caes_discharge_allowed,caes_idle_allowed,caes_charge_allowed,caes_locked_mode,caes_locked_steps_completed,caes_locked_steps_remaining
21171600.0,0,0.048763248590831795,False,False,ok,,,True,1.0,0.0,1,0.0,1.0,0.0,0.0,7633.390910000017,7633.390910000017,0.048763248590831795,-7633.390910000017,-0.048763248590831795,156539.83544146415,0.0,0.0,0.048763248590831795,0.019701310225571533,0.00038814162460420944,0.05,1.0,0.0,0.0,-0.0,0.0,0.0,-0.0,-59999.99999999999,-59999.99999999999,59999.99999999999,0.0,0.0,-0.0,0.0,0.0,-0.0,111833.04545000003,111833.04545000003,-111833.04545000003,-44199.654539999996,-44199.654539999996,44199.654539999996,0.5,0.8697013258934021,0.5,0.5,8697013.0,287.1548156738281,473.1572265625,313.16363525390625,-150000000.0,0.0,0.0,-87610688.0,0.0,0.0,-0.0,-0.0,237610688.0,-0.0,0.0,0.85,1.0,-1.0,1.0,True,True,False,,0,0
21175200.0,1,0.03985522970817845,False,False,ok,,,True,1.0,0.0,1,0.0,1.0,0.0,0.0,13872.322010000025,6238.931100000008,0.03985522970817845,-6238.931100000008,-0.03985522970817845,156539.83544146415,0.0,0.0,0.03985522970817845,0.030299919489377047,0.000918085121062731,0.05,1.0,0.0,0.0,-0.0,0.0,0.0,-0.0,-119999.99999999999,-59999.99999999999,59999.99999999999,0.0,0.0,-0.0,0.0,0.0,-0.0,230638.3899500001,118805.34450000006,-118805.34450000006,-96766.06794000001,-52566.41340000001,52566.41340000001,0.5,0.8802999258041382,0.5,0.5,8802999.0,290.6542053222656,473.1572265625,313.16363525390625,-150000000.0,0.0,0.0,-59052416.0,0.0,0.0,-0.0,-0.0,209052416.0,-0.0,0.0,0.85,1.0,-1.0,1.0,True,True,False,,0,0
21178800.0,2,0.05809868449364029,False,False,ok,,,True,1.0,0.0,1,0.0,1.0,0.0,0.0,22967.08052000002,9094.758509999996,0.05809868449364029,-9094.758509999996,-0.05809868449364029,156539.83544146415,0.0,0.0,0.05809868449364029,0.035827205155794295,0.0012835886292753733,0.05,1.0,0.0,0.0,-0.0,0.0,0.0,-0.0,-179999.99999999997,-59999.999999999985,59999.999999999985,0.0,0.0,-0.0,0.0,0.0,-0.0,335164.5974000002,104526.2074500001,-104526.2074500001,-132197.51687999998,-35431.44893999997,35431.44893999997,0.5,0.8858271837234497,0.5,0.5,8858272.0,292.4791564941406,473.1572265625,313.16363525390625,-150000000.0,0.0,0.0,-51066788.0,0.0,0.0,-0.0,-0.0,201066784.0,-0.0,0.0,0.85,1.0,-1.0,1.0,True,True,False,,0,0
21182400.0,3,0.0632000231896211,False,False,ok,,,True,1.0,0.0,1,0.0,1.0,0.0,0.0,32860.40175000003,9893.321230000005,0.0632000231896211,-9893.321230000005,-0.0632000231896211,156539.83544146415,0.0,0.0,0.0632000231896211,0.03850150329587276,0.0014823657560421013,0.05,1.0,0.0,0.0,-0.0,0.0,0.0,-0.0,-239999.99999999997,-60000.0,60000.0,0.0,0.0,-0.0,0.0,0.0,-0.0,435697.9912500002,100533.39385,-100533.39385,-162837.58949999997,-30640.07261999999,30640.07261999999,0.5,0.8885015249252319,0.5,0.5,8885015.0,293.3621520996094,473.1572265625,313.16363525390625,-150000000.0,0.0,0.0,-56463572.0,0.0,0.0,-0.0,-0.0,206463568.0,-0.0,0.0,0.85,1.0,-1.0,1.0,True,True,False,,0,0
21186000.0,4,0.06994792253638309,False,False,ok,,,True,1.0,0.0,1,0.0,1.0,0.0,0.0,43810.038033317716,10949.63628331769,0.06994792253638309,-10949.63628331769,-0.06994792253638309,156539.83544146415,0.0,0.0,0.06994792253638309,0.04007171674981991,0.0016057424832777974,0.05,1.0,0.0,0.0,-0.0,-1139.9953023697715,-1139.9953023697715,1139.9953023697715,-299999.99999999994,-59999.99999999997,59999.99999999997,0.0,0.0,-0.0,0.0,0.0,-0.0,538929.7769500001,103231.78569999989,-103231.78569999989,-193979.74361431252,-31142.15411431255,31142.15411431255,0.5,0.89007169008255,0.5,0.5,8900717.0,293.880615234375,473.1572265625,313.16363525390625,-150000000.0,0.0,0.0,-82894048.0,0.0,0.0,-10108566.0,-10108566.0,243002608.0,-0.0,0.0,0.85,1.0,-1.0,1.0,True,True,False,,0,0
21189600.0,5,0.08094501358248063,False,False,ok,,,True,1.0,0.0,1,0.0,1.0,0.0,0.0,56481.157139326315,12671.119106008598,0.08094501358248063,-12671.119106008598,-0.08094501358248063,156539.83544146415,0.0,0.0,0.08094501358248063,0.042009623879722735,0.0017648084985157706,0.05,1.0,0.0,0.0,-0.0,-6119.5526138044925,-4979.557311434721,4979.557311434721,-359999.99999999994,-60000.0,60000.0,0.0,0.0,-0.0,0.0,0.0,-0.0,660431.0826000001,121501.30565,-121501.30565,-237830.37284686917,-43850.62923255665,43850.62923255665,0.5,0.8920096158981323,0.5,0.5,8920096.0,294.52044677734375,473.1572265625,313.16363525390625,-150000000.0,0.0,0.0,-58051124.0,0.0,0.0,-31784344.0,-31784344.0,239835472.0,-0.0,0.0,0.85,1.0,-1.0,1.0,True,True,False,,0,0
21193200.0,6,0.13825323985201735,False,False,ok,,,True,1.0,0.0,1,0.0,1.0,0.0,0.0,78123.29655501038,21642.13941568407,0.13825323985201735,-21642.13941568407,-0.13825323985201735,156539.83544146415,0.0,0.0,0.13825323985201735,0.045020461560015934,0.0020268419590768723,0.05,1.0,0.0,0.0,-0.0,-17280.756896435978,-11161.204282631486,11161.204282631486,-419999.99999999994,-60000.0,60000.0,0.0,0.0,-0.0,0.0,0.0,-0.0,780348.8155000005,119917.73290000041,-119917.73290000041,-264944.7620485536,-27114.389201684447,27114.389201684447,0.5,0.8950204849243164,0.5,0.5,8950205.0,295.5145568847656,473.1572265625,313.16363525390625,-150000000.0,0.0,0.0,728199.125,0.0,0.0,-60107812.0,-60107812.0,209379616.0,-0.0,0.0,0.85,1.0,-1.0,1.0,True,True,False,,0,0
21196800.0,7,0.17092703536926782,False,False,ok,,,True,1.0,0.0,1,0.0,1.0,0.0,0.0,104880.18654421289,26756.889989202507,0.17092703536926782,-26756.889989202507,-0.17092703536926782,156539.83544146415,0.0,0.0,0.17092703536926782,0.04937144420589512,0.002437539502975815,0.05,1.0,0.0,0.0,-0.0,-37272.347647765106,-19991.590751329128,19991.590751329128,-479999.99999999994,-60000.0,60000.0,0.0,0.0,-0.0,0.0,0.0,-0.0,885038.6210500007,104689.80555000016,-104689.80555000016,-262886.086858022,2058.6751905315905,-2058.6751905315905,0.5,0.8993714451789856,0.5,0.5,8993714.0,296.9511413574219,473.1572265625,313.16363525390625,-150000000.0,0.0,0.0,44994804.0,0.0,0.0,-103555552.0,-103555552.0,208560752.0,-0.0,0.0,0.85,1.0,-1.0,1.0,True,True,False,,0,0
21200400.0,8,0.1358370968946681,False,False,ok,,,True,1.0,0.0,1,0.0,1.0,0.0,0.0,126144.10333895046,21263.916794737568,0.1358370968946681,-21263.916794737568,-0.1358370968946681,156539.83544146415,0.0,0.0,0.1358370968946681,0.05451976085204657,0.00297240432336435,0.05,0.0,0.0,0.0,-0.0,-65872.98652320252,-28600.638875437413,28600.638875437413,-539999.9999999999,-59999.99999999994,59999.99999999994,0.0,0.0,-0.0,0.0,0.0,-0.0,989318.9962000004,104280.37514999975,-104280.37514999975,-257301.90633784706,5584.180520174967,-5584.180520174967,0.5,0.9045197367668152,0.5,0.5,9045198.0,298.6510009765625,473.1572265625,313.16363525390625,-150000000.0,0.0,0.0,43585496.0,0.0,0.0,-127363920.0,-127363920.0,233778416.0,-0.0,0.0,0.85,1.0,-1.0,1.0,True,True,False,,0,0
21204000.0,9,0.18368817499810025,False,False,ok,,,True,1.0,0.0,1,0.0,1.0,0.0,0.0,154898.62002569594,28754.516686745483,0.18368817499810025,-28754.516686745483,-0.18368817499810025,156539.83544146415,0.0,0.0,0.18368817499810025,0.05952770818796793,0.0035435480421118644,0.05,0.0,0.0,0.0,-0.0,-98801.07217862671,-32928.08565542419,32928.08565542419,-599999.9999999999,-60000.0,60000.0,0.0,0.0,-0.0,0.0,0.0,-0.0,1106208.2063000004,116889.21010000003,-116889.21010000003,-252508.51409567738,4793.392242169677,-4793.392242169677,0.5,0.9095277190208435,0.5,0.5,9095277.0,300.30450439453125,473.1572265625,313.16363525390625,-150000000.0,0.0,0.0,66950056.0,0.0,0.0,-136944784.0,-136944784.0,219994720.0,-0.0,0.0,0.85,1.0,-1.0,1.0,True,True,False,,0,0
21207600.0,10,0.13557368722967555,False,False,ok,,,True,1.0,0.0,1,0.0,1.0,0.0,0.0,176121.30271482188,21222.68268912594,0.13557368722967555,-21222.68268912594,-0.13557368722967555,156539.83544146415,0.0,0.0,0.13557368722967555,0.06399413896337958,0.004095249821664336,0.05,0.0,0.0,0.0,-0.0,-135093.08443008352,-36292.01225145681,36292.01225145681,-659999.9999999999,-60000.0,60000.0,0.0,0.0,-0.0,0.0,0.0,-0.0,1216205.5688500016,109997.36255000113,-109997.36255000113,-244991.18170509467,7517.332390582713,-7517.332390582713,0.5,0.9139941334724426,0.5,0.5,9139941.0,301.7792053222656,473.1572265625,313.16363525390625,-150000000.0,0.0,0.0,58238000.0,0.0,0.0,-155014336.0,-155014336.0,246776352.0,-0.0,0.0,0.85,1.0,-1.0,1.0,True,True,False,,0,0
21211200.0,11,0.20245040235059253,False,False,ok,,,True,1.0,0.0,1,0.0,1.0,0.0,0.0,207812.85538384184,31691.552669019962,0.20245040235059253,-31691.552669019962,-0.20245040235059253,156539.83544146415,0.0,0.0,0.20245040235059253,0.06803253005959409,0.004628425146309573,0.05,0.0,0.0,0.0,-0.0,-171791.39271505023,-36698.30828496671,36698.30828496671,-719999.9999999999,-60000.0,60000.0,0.0,0.0,-0.0,0.0,0.0,-0.0,1339593.7409000013,123388.1720499997,-123388.1720499997,-239989.49280110802,5001.688903986651,-5001.688903986651,0.5,0.9180325269699097,0.5,0.5,9180325.0,303.1125793457031,473.1572265625,313.16363525390625,-150000000.0,0.0,0.0,62925036.0,0.0,0.0,-136736784.0,-136736784.0,223811760.0,-0.0,0.0,0.85,1.0,-1.0,1.0,True,True,False,,0,0
21214800.0,12,0.15689674684584431,False,False,ok,,,True,1.0,0.0,1,0.0,1.0,0.0,0.0,232373.44631639138,24560.59093254953,0.15689674684584431,-24560.59093254953,-0.15689674684584431,156539.83544146415,0.0,0.0,0.15689674684584431,0.07176261990925081,0.005149873616239601,0.05,0.0,0.0,0.0,-0.0,-205064.91196080102,-33273.519245750795,33273.519245750795,-779999.9999999999,-60000.0,60000.0,0.0,0.0,-0.0,0.0,0.0,-0.0,1451499.6190000006,111905.87809999939,-111905.87809999939,-234061.2607228077,5928.232078300323,-5928.232078300323,0.5,0.9217626452445984,0.5,0.5,9217626.0,304.3441467285156,473.1572265625,313.16363525390625,-150000000.0,0.0,0.0,58538448.0,0.0,0.0,-128650240.0,-128650240.0,220111792.0,-0.0,0.0,0.85,1.0,-1.0,1.0,True,True,False,,0,0
21218400.0,13,0.15803972700576294,False,False,ok,,,True,1.0,0.0,1,0.0,1.0,0.0,0.0,257112.95917508742,24739.51285869605,0.15803972700576294,-24739.51285869605,-0.15803972700576294,156539.83544146415,0.0,0.0,0.15803972700576294,0.07517318580511889,0.005651007864090929,0.05,0.0,0.0,0.0,-0.0,-235573.5834629742,-30508.67150217318,30508.67150217318,-839999.9999999999,-60000.0,60000.0,0.0,0.0,-0.0,0.0,0.0,-0.0,1561555.5137000007,110055.89470000006,-110055.89470000006,-228868.97106193844,5192.289660869254,-5192.289660869254,0.5,0.9251731634140015,0.5,0.5,9251732.0,305.4702453613281,473.1572265625,313.16363525390625,-150000000.0,0.0,0.0,54426692.0,0.0,0.0,-113927864.0,-113927864.0,209501168.0,-0.0,0.0,0.85,1.0,-1.0,1.0,True,True,False,,0,0
21222000.0,14,0.14631012500761786,False,False,ok,,,True,1.0,0.0,1,0.0,1.0,0.0,0.0,280016.3220672,22903.36289211255,0.14631012500761786,-22903.36289211255,-0.14631012500761786,156539.83544146415,0.0,0.0,0.14631012500761786,0.07786076721608493,0.006062299071477365,0.05,0.0,0.0,0.0,-0.0,-262068.76064278657,-26495.177179812366,26495.177179812366,-899999.9999999999,-60000.0,60000.0,0.0,0.0,-0.0,0.0,0.0,-0.0,1666306.100200001,104750.58650000021,-104750.58650000021,-224221.0174900135,4647.95357192494,-4647.95357192494,0.5,0.9278607964515686,0.5,0.5,9278608.0,306.35760498046875,473.1572265625,313.16363525390625,-150000000.0,0.0,0.0,29323446.0,0.0,0.0,-96176736.0,-96176736.0,216853296.0,-0.0,0.0,0.85,1.0,-1.0,1.0,True,True,False,,0,0
21225600.0,15,0.18377804280198232,False,False,ok,,,True,1.0,0.0,1,0.0,1.0,0.0,0.0,308784.90664517664,28768.584577976668,0.18377804280198232,-28768.584577976668,-0.18377804280198232,156539.83544146415,0.0,0.0,0.18377804280198232,0.07913684851155922,0.006262640792341473,0.05,0.0,0.0,0.0,-0.0,-283689.9795461588,-21621.21890337224,21621.21890337224,-959999.9999999999,-60000.0,60000.0,0.0,0.0,-0.0,0.0,0.0,-0.0,1774732.745100002,108426.64490000112,-108426.64490000112,-222257.85890866464,1963.1585813488637,-1963.1585813488637,0.5,0.9291368722915649,0.5,0.5,9291368.0,306.7789306640625,473.1572265625,313.16363525390625,-150000000.0,0.0,0.0,2411851.25,0.0,0.0,-74460888.0,-74460888.0,222049040.0,-0.0,0.0,0.85,1.0,-1.0,1.0,True,True,False,,0,0
21229200.0,16,0.1867789406380107,False,False,ok,,,True,1.0,0.0,1,0.0,1.0,0.0,0.0,338023.25127658184,29238.344631405198,0.1867789406380107,-29238.344631405198,-0.1867789406380107,156539.83544146415,0.0,0.0,0.1867789406380107,0.07852437437814475,0.006166077371479035,0.05,0.0,0.0,0.0,-0.0,-299092.7229589228,-15402.743412763986,15402.743412763986,-1019999.9999999999,-60000.0,60000.0,0.0,0.0,-0.0,0.0,0.0,-0.0,1885757.2630500009,111024.51794999884,-111024.51794999884,-228641.28881449546,-6383.429905830824,6383.429905830824,0.5,0.928524374961853,0.5,0.5,9285244.0,306.57672119140625,473.1572265625,313.16363525390625,-150000000.0,0.0,0.0,-11321710.0,0.0,0.0,-45577476.0,-45577476.0,206899184.0,-0.0,0.0,0.85,1.0,-1.0,1.0,True,True,False,,0,0
21232800.0,17,0.12448516838512462,False,False,ok,,,True,1.0,0.0,1,0.0,1.0,0.0,0.0,357510.1390504922,19486.887773910363,0.12448516838512462,-19486.887773910363,-0.12448516838512462,156539.83544146415,0.0,0.0,0.12448516838512462,0.07473962108684562,0.005586010960205259,0.05,0.0,0.0,0.0,-0.0,-306361.87049028743,-7269.147531364637,7269.147531364637,-1079999.9999999998,-59999.99999999988,59999.99999999988,0.0,0.0,-0.0,0.0,0.0,-0.0,1989206.8569000002,103449.59384999936,-103449.59384999936,-245334.84735922058,-16693.55854472512,16693.55854472512,0.5,0.9247395992279053,0.5,0.5,9247396.0,305.32708740234375,473.1572265625,313.16363525390625,-150000000.0,0.0,0.0,-90710664.0,0.0,0.0,-8306279.0,-8306279.0,249016944.0,-0.0,0.0,0.85,1.0,-1.0,1.0,True,True,False,,0,0
21236400.0,18,0.04283594040261877,False,False,ok,,,True,1.0,0.0,1,0.0,1.0,0.0,0.0,364215.6701120985,6705.531061606307,0.04283594040261877,-6705.531061606307,-0.04283594040261877,156539.83544146415,0.0,0.0,0.04283594040261877,0.06847166217651002,0.004688368521214113,0.05,0.0,0.0,0.0,-0.0,-307509.88841286337,-1148.0179225759348,1148.0179225759348,-1139999.9999999998,-60000.0,60000.0,0.0,0.0,-0.0,0.0,0.0,-0.0,2113715.32705,124508.47014999972,-124508.47014999972,-301989.7685250383,-56654.92116581774,56654.92116581774,0.5,0.91847163438797,0.5,0.5,9184717.0,303.2575378417969,473.1572265625,313.16363525390625,-150000000.0,0.0,0.0,-71982504.0,0.0,0.0,-0.0,-0.0,221982496.0,-0.0,0.0,0.85,1.0,-1.0,1.0,True,True,False,,0,0
21240000.0,19,0.04983874978530436,False,False,ok,,,True,1.0,0.0,1,0.0,1.0,0.0,0.0,372017.41980209836,7801.749689999851,0.04983874978530436,-7801.749689999851,-0.04983874978530436,156539.83544146415,0.0,0.0,0.04983874978530436,0.06249336490816326,0.0039054206575448516,0.05,0.0,0.0,0.0,-0.0,-307509.88841286337,0.0,-0.0,-1199999.9999999998,-60000.0,60000.0,0.0,0.0,-0.0,0.0,0.0,-0.0,2224706.5786,110991.25155000016,-110991.25155000016,-345179.27038503805,-43189.50185999973,43189.50185999973,0.5,0.9124933481216431,0.5,0.5,9124934.0,301.28363037109375,473.1572265625,313.16363525390625,-150000000.0,0.0,0.0,-90192096.0,0.0,0.0,-0.0,-0.0,240192096.0,-0.0,0.0,0.85,1.0,-1.0,1.0,True,True,False,,0,0
21243600.0,20,0.038206189390282155,False,False,ok,,,True,1.0,0.0,1,0.0,1.0,0.0,0.0,377998.21040209854,5980.790600000182,0.038206189390282155,-5980.790600000182,-0.038206189390282155,156539.83544146415,0.0,0.0,0.038206189390282155,0.05765279845679816,0.0033238451699001883,0.05,0.0,0.0,0.0,-0.0,-307509.88841286337,0.0,-0.0,-1259999.9999999998,-60000.0,60000.0,0.0,0.0,-0.0,0.0,0.0,-0.0,2344802.6256000004,120096.04700000025,-120096.04700000025,-399294.5267850381,-54115.25640000007,54115.25640000007,0.5,0.9076527953147888,0.5,0.5,9076528.0,299.6853942871094,473.1572265625,313.16363525390625,-150000000.0,0.0,0.0,-90883248.0,0.0,0.0,-0.0,-0.0,240883248.0,-0.0,0.0,0.85,1.0,-1.0,1.0,True,True,False,,0,0
21247200.0,21,0.03776466784527014,False,False,ok,,,True,1.0,0.0,1,0.0,1.0,0.0,0.0,383909.8852920987,5911.67489000014,0.03776466784527014,-5911.67489000014,-0.03776466784527014,156539.83544146415,0.0,0.0,0.03776466784527014,0.0536643836880788,0.0028798660766213378,0.05,0.0,0.0,0.0,-0.0,-307509.88841286337,0.0,-0.0,-1319999.9999999998,-60000.0,60000.0,0.0,0.0,-0.0,0.0,0.0,-0.0,2465244.2511499985,120441.62554999813,-120441.62554999813,-453824.47744503786,-54529.95065999974,54529.95065999974,0.5,0.9036644101142883,0.5,0.5,9036644.0,298.3684997558594,473.1572265625,313.16363525390625,-150000000.0,0.0,0.0,-61576392.0,0.0,0.0,-0.0,-0.0,211576400.0,-0.0,0.0,0.85,1.0,-1.0,1.0,True,True,False,,0,0
21250800.0,22,0.0564863299176421,False,False,ok,,,True,1.0,0.0,1,0.0,1.0,0.0,0.0,392752.24608209863,8842.360789999948,0.0564863299176421,-8842.360789999948,-0.0564863299176421,156539.83544146415,0.0,0.0,0.0564863299176421,0.0503578962972393,0.002535917719483508,0.05,0.0,0.0,0.0,-0.0,-307509.88841286337,0.0,-0.0,-1379999.9999999998,-60000.0,60000.0,0.0,0.0,-0.0,0.0,0.0,-0.0,2571032.447199997,105788.19604999851,-105788.19604999851,-490770.3127050376,-36945.83525999973,36945.83525999973,0.5,0.9003579020500183,0.5,0.5,9003579.0,297.27679443359375,473.1572265625,313.16363525390625,-150000000.0,0.0,0.0,-82062920.0,0.0,0.0,-0.0,-0.0,232062912.0,-0.0,0.0,0.85,1.0,-1.0,1.0,True,True,False,,0,0
21254400.0,23,0.04339922908977612,False,False,ok,,,True,1.0,0.0,1,0.0,1.0,0.0,0.0,399545.9542620986,6793.708179999958,0.04339922908977612,-6793.708179999958,-0.04339922908977612,156539.83544146415,0.0,0.0,0.04339922908977612,0.04761040908081571,0.0022667510528426187,0.05,1.0,0.0,0.0,-0.0,-307509.88841286337,0.0,-0.0,-1439999.9999999998,-60000.0,60000.0,0.0,0.0,-0.0,0.0,0.0,-0.0,2687063.9062999967,116031.45909999963,-116031.45909999963,-540008.0636250378,-49237.750920000195,49237.750920000195,0.5,0.8976104259490967,0.5,0.5,8976104.0,296.36962890625,473.1572265625,313.16363525390625,-150000000.0,0.0,0.0,-62890492.0,0.0,0.0,-0.0,-0.0,212890496.0,-0.0,0.0,0.85,1.0,-1.0,1.0,True,True,False,,0,0
21258000.0,24,0.055646863403389944,False,False,ok,,,True,1.0,0.0,1,0.0,1.0,0.0,0.0,408256.9051020989,8710.950840000296,0.055646863403389944,-8710.950840000296,-0.055646863403389944,156539.83544146415,0.0,0.0,0.055646863403389944,0.04532521337345152,0.0020543749673489087,0.05,1.0,0.0,0.0,-0.0,-307509.88841286337,0.0,-0.0,-1499999.9999999998,-60000.0,60000.0,0.0,0.0,-0.0,0.0,0.0,-0.0,2793509.1520999963,106445.24579999968,-106445.24579999968,-577742.3585850383,-37734.29496000055,37734.29496000055,0.5,0.8953251838684082,0.5,0.5,8953252.0,295.6151123046875,473.1572265625,313.16363525390625,-150000000.0,0.0,0.0,-56205348.0,0.0,0.0,-0.0,-0.0,206205344.0,-0.0,0.0,0.85,1.0,-1.0,1.0,True,True,False,,0,0
21261600.0,25,0.059917434521050056,False,False,ok,,,True,1.0,0.0,1,0.0,1.0,0.0,0.0,417636.37044209876,9379.465339999879,0.059917434521050056,-9379.465339999879,-0.059917434521050056,156539.83544146415,0.0,0.0,0.059917434521050056,0.04344075854212104,0.001887099502714862,0.05,1.0,0.0,0.0,-0.0,-307509.88841286337,0.0,-0.0,-1559999.9999999998,-60000.0,60000.0,0.0,0.0,-0.0,0.0,0.0,-0.0,2896611.825399998,103102.67330000177,-103102.67330000177,-611465.5665450379,-33723.20795999956,33723.20795999956,0.5,0.8934407830238342,0.5,0.5,8934408.0,294.9928894042969,473.1572265625,313.16363525390625,-150000000.0,0.0,0.0,-70352888.0,0.0,0.0,-0.0,-0.0,220352896.0,-0.0,0.0,0.85,1.0,-1.0,1.0,True,True,False,,0,0
21265200.0,26,0.05087977196052668,False,False,ok,,,True,1.0,0.0,1,0.0,1.0,0.0,0.0,425601.08157209883,7964.711130000069,0.05087977196052668,-7964.711130000069,-0.05087977196052668,156539.83544146415,0.0,0.0,0.05087977196052668,0.041953650942380794,0.0017601088273951288,0.05,1.0,0.0,0.0,-0.0,-307509.88841286337,0.0,-0.0,-1619999.9999999998,-60000.0,60000.0,0.0,0.0,-0.0,0.0,0.0,-0.0,3006788.2697499995,110176.4443500014,-110176.4443500014,-653677.2997650375,-42211.73321999959,42211.73321999959,0.5,0.8919536471366882,0.5,0.5,8919537.0,294.50189208984375,473.1572265625,313.16363525390625,-150000000.0,0.0,0.0,-53384624.0,0.0,0.0,-0.0,-0.0,203384624.0,-0.0,0.0,0.85,1.0,-1.0,1.0,True,True,False,,0,0
21268800.0,27,0.061719354327625583,False,False,ok,,,True,1.0,0.0,1,0.0,1.0,0.0,0.0,435262.61914209876,9661.537569999928,0.061719354327625583,-9661.537569999928,-0.061719354327625583,156539.83544146415,0.0,0.0,0.061719354327625583,0.04085637085166871,0.0016692430391690846,0.05,1.0,0.0,0.0,-0.0,-307509.88841286337,0.0,-0.0,-1679999.9999999998,-60000.0,60000.0,0.0,0.0,-0.0,0.0,0.0,-0.0,3108480.581900001,101692.31215000153,-101692.31215000153,-685708.0743450379,-32030.774580000434,32030.774580000434,0.5,0.8908563852310181,0.5,0.5,8908564.0,294.13958740234375,473.1572265625,313.16363525390625,-150000000.0,0.0,0.0,-55488012.0,0.0,0.0,-0.0,-0.0,205488016.0,-0.0,0.0,0.85,1.0,-1.0,1.0,True,True,False,,0,0
21272400.0,28,0.07443246909146269,False,False,ok,,,True,1.0,0.0,1,0.0,1.0,0.0,0.0,446914.2656051782,11651.646463079436,0.07443246909146269,-11651.646463079436,-0.07443246909146269,156539.83544146415,0.0,0.0,0.07443246909146269,0.040838024621037805,0.00166774425494849,0.05,1.0,0.0,0.0,-0.0,-309081.63685792015,-1571.7484450567863,1571.7484450567863,-1739999.9999999998,-60000.0,60000.0,0.0,0.0,-0.0,0.0,0.0,-0.0,3211224.5887000007,102744.00679999962,-102744.00679999962,-715228.6862369014,-29520.61189186352,29520.61189186352,0.5,0.8908380270004272,0.5,0.5,8908380.0,294.133544921875,473.1572265625,313.16363525390625,-150000000.0,0.0,0.0,-62565712.0,0.0,0.0,-13912099.0,-13912099.0,226477808.0,-0.0,0.0,0.85,1.0,-1.0,1.0,True,True,False,,0,0
21276000.0,29,0.12136411520500583,False,False,ok,,,True,1.0,0.0,1,0.0,1.0,0.0,0.0,465912.5842278687,18998.31862269051,0.12136411520500583,-18998.31862269051,-0.12136411520500583,156539.83544146415,0.0,0.0,0.12136411520500583,0.04330175478200149,0.0018750419672005888,0.05,1.0,0.0,0.0,-0.0,-317400.2795241276,-8318.642666207452,8318.642666207452,-1799999.9999999998,-60000.0,60000.0,0.0,0.0,-0.0,0.0,0.0,-0.0,3324463.49425,113238.90554999933,-113238.90554999933,-741150.6304980037,-25921.94426110224,25921.94426110224,0.5,0.8933017253875732,0.5,0.5,8933018.0,294.9469909667969,473.1572265625,313.16363525390625,-150000000.0,0.0,0.0,-4170678.0,0.0,0.0,-56404420.0,-56404420.0,210575104.0,-0.0,0.0,0.85,1.0,-1.0,1.0,True,True,False,,0,0
21279600.0,30,0.17700480873448796,False,False,ok,,,True,1.0,0.0,1,0.0,1.0,0.0,0.0,493620.8878595133,27708.30363164458,0.17700480873448796,-27708.30363164458,-0.17700480873448796,156539.83544146415,0.0,0.0,0.17700480873448796,0.04842371183199756,0.002344855867588341,0.05,1.0,0.0,0.0,-0.0,-336255.61596111924,-18855.336436991638,18855.336436991638,-1859999.9999999998,-60000.0,60000.0,0.0,0.0,-0.0,0.0,0.0,-0.0,3429751.0435,105287.54925000016,-105287.54925000016,-739874.5396793676,1276.0908186361194,-1276.0908186361194,0.5,0.8984237313270569,0.5,0.5,8984237.0,296.6381530761719,473.1572265625,313.16363525390625,-150000000.0,0.0,0.0,46710588.0,0.0,0.0,-98008960.0,-98008960.0,201298368.0,-0.0,0.0,0.85,1.0,-1.0,1.0,True,True,False,,0,0
21283200.0,31,0.12039166020119979,False,False,ok,,,True,1.0,0.0,1,0.0,1.0,0.0,0.0,512466.97853593377,18846.090676420485,0.12039166020119979,-18846.090676420485,-0.12039166020119979,156539.83544146415,0.0,0.0,0.12039166020119979,0.05492053309190503,0.0030162649550990357,0.05,0.0,-11.810762589928062,-11.810762589928062,11.810762589928062,-364030.3185354304,-27774.702574311174,27774.702574311174,-1919999.9999999998,-60000.0,60000.0,0.0,0.0,-0.0,0.0,0.0,-0.0,3530400.2291000015,100649.18560000136,-100649.18560000136,-733891.1212660461,5983.418413321488,-5983.418413321488,0.5,0.9049205183982849,0.5,0.5,9049205.0,298.7832336425781,473.1572265625,313.16363525390625,-150000000.0,0.0,0.0,27870168.0,-860534.4375,-860534.4375,-126715632.0,-126715632.0,249706000.0,-0.0,0.0,0.85,1.0,-1.0,1.0,True,True,False,,0,0
21286800.0,32,0.21225666730858303,False,False,ok,,,True,1.0,0.0,1,0.0,1.0,0.0,0.0,545693.602307773,33226.62377183919,0.21225666730858303,-33226.62377183919,-0.21225666730858303,156539.83544146415,0.0,0.0,0.21225666730858303,0.061625990178553636,0.0037977626654871893,0.05,0.0,-775.1414166366877,-763.3306540467596,763.3306540467596,-399214.550346595,-35184.23181116459,35184.23181116459,-1979999.9999999998,-60000.0,60000.0,0.0,0.0,-0.0,0.0,0.0,-0.0,3655253.2279,124852.99879999831,-124852.99879999831,-729569.9338289953,4321.187437050743,-4321.187437050743,0.5,0.9116259813308716,0.5,0.5,9116260.0,300.9971923828125,473.1572265625,313.16363525390625,-150000000.0,0.0,0.0,74079080.0,-3900869.75,-3900869.75,-157410240.0,-157410240.0,237232048.0,-0.0,0.0,0.85,1.0,-1.0,1.0,True,True,False,,0,0
21290400.0,33,0.15204820666742344,False,False,ok,,,True,1.0,0.0,1,0.0,1.0,0.0,0.0,569495.2035586612,23801.601250888198,0.15204820666742344,-23801.601250888198,-0.15204820666742344,156539.83544146415,0.0,0.0,0.15204820666742344,0.06774606078855994,0.004589528752367258,0.05,0.0,-2089.9077631294913,-1314.7663464928037,1314.7663464928037,-441134.7105635756,-41920.160216980614,41920.160216980614,-2039999.9999999998,-60000.0,60000.0,0.0,0.0,-0.0,0.0,0.0,-0.0,3773869.248149999,118616.02024999913,-118616.02024999913,-721149.4262646337,8420.507564361673,-8420.507564361673,0.5,0.9177460670471191,0.5,0.5,9177461.0,303.01788330078125,473.1572265625,313.16363525390625,-150000000.0,0.0,0.0,84397520.0,-3581029.5,-3581029.5,-179928240.0,-179928240.0,249111760.0,-0.0,0.0,0.85,1.0,-1.0,1.0,True,True,False,,0,0
21294000.0,34,0.17065905613888427,False,False,ok,,,True,1.0,0.0,1,0.0,1.0,0.0,0.0,596210.1441232377,26714.940564576536,0.17065905613888427,-26714.940564576536,-0.17065905613888427,156539.83544146415,0.0,0.0,0.17065905613888427,0.07282346126266959,0.005303256510275538,0.05,0.0,-3084.8667847122197,-994.9590215827284,994.9590215827284,-486499.83839692094,-45365.12783334532,45365.12783334532,-2099999.9999999995,-59999.99999999977,59999.99999999977,0.0,0.0,-0.0,0.0,0.0,-0.0,3898425.1259999988,124555.87784999982,-124555.87784999982,-712630.2766951291,8519.149569504545,-8519.149569504545,0.5,0.9228234887123108,0.5,0.5,9228235.0,304.6943359375,473.1572265625,313.16363525390625,-150000000.0,0.0,0.0,87699688.0,-1969038.5,-1969038.5,-183299744.0,-183299744.0,247569104.0,-0.0,0.0,0.85,1.0,-1.0,1.0,True,True,False,,0,0
21297600.0,35,0.17319629135980133,False,False,ok,,,True,1.0,0.0,1,0.0,1.0,0.0,0.0,623322.2630717729,27112.11894853518,0.17319629135980133,-27112.11894853518,-0.17319629135980133,156539.83544146415,0.0,0.0,0.17319629135980133,0.07687630952400382,0.00590996696603044,0.05,0.0,-3442.064803327326,-357.1980186151063,357.1980186151063,-530933.8042795823,-44433.9658826614,44433.9658826614,-2159999.9999999995,-60000.0,60000.0,0.0,0.0,-0.0,0.0,0.0,-0.0,4022209.6758999988,123784.54989999998,-123784.54989999998,-704511.5437453173,8118.732949811849,-8118.732949811849,0.5,0.9268763065338135,0.5,0.5,9268763.0,306.032470703125,473.1572265625,313.16363525390625,-150000000.0,0.0,0.0,97359184.0,0.0,-0.0,-170939568.0,-170939568.0,223580384.0,-0.0,0.0,0.85,1.0,-1.0,1.0,True,True,False,,0,0
21301200.0,36,0.1289286147221521,False,False,ok,,,True,1.0,0.0,1,0.0,1.0,0.0,0.0,643504.7272040745,20182.464132301626,0.1289286147221521,-20182.464132301626,-0.1289286147221521,156539.83544146415,0.0,0.0,0.1289286147221521,0.08032738228429004,0.006452488344646473,0.05,0.0,-3442.064803327326,0.0,-0.0,-571349.9563924132,-40416.152112830896,40416.152112830896,-2219999.9999999995,-60000.0,60000.0,0.0,0.0,-0.0,0.0,0.0,-0.0,4133999.8701499994,111790.19425000064,-111790.19425000064,-695703.1217501849,8808.421995132347,-8808.421995132347,0.5,0.9303273558616638,0.5,0.5,9303274.0,307.17193603515625,473.1572265625,313.16363525390625,-150000000.0,0.0,0.0,50922680.0,0.0,0.0,-150299456.0,-150299456.0,249376784.0,-0.0,0.0,0.85,1.0,-1.0,1.0,True,True,False,,0,0
21304800.0,37,0.2200050549007925,False,False,ok,,,True,1.0,0.0,1,0.0,1.0,0.0,0.0,677944.2822945348,34439.555090460344,0.2200050549007925,-34439.555090460344,-0.2200050549007925,156539.83544146415,0.0,0.0,0.2200050549007925,0.08300009899393113,0.006889016433002367,0.05,0.0,-3442.064803327326,0.0,-0.0,-605201.8845083126,-33851.928115899325,33851.928115899325,-2279999.9999999995,-60000.0,60000.0,0.0,0.0,-0.0,0.0,0.0,-0.0,4258688.260100001,124688.38995000115,-124688.38995000115,-692100.0284938251,3603.0932563598035,-3603.0932563598035,0.5,0.9330000877380371,0.5,0.5,9330001.0,308.05438232421875,473.1572265625,313.16363525390625,-150000000.0,0.0,0.0,24250074.0,0.0,-0.0,-116896128.0,-116896128.0,242646048.0,-0.0,0.0,0.85,1.0,-1.0,1.0,True,True,False,,0,0
21308400.0,38,0.22696812579366957,False,False,ok,,,True,1.0,0.0,1,0.0,1.0,0.0,0.0,713473.8353567334,35529.55306219857,0.22696812579366957,-35529.55306219857,-0.22696812579366957,156539.83544146415,0.0,0.0,0.22696812579366957,0.08431170126023446,0.007108462969395021,0.05,0.0,-3442.064803327326,0.0,-0.0,-632749.9998046485,-27548.11529633589,27548.11529633589,-2339999.9999999995,-60000.0,60000.0,0.0,0.0,-0.0,0.0,0.0,-0.0,4380011.287899996,121323.02779999562,-121323.02779999562,-690345.3879352907,1754.6405585344182,-1754.6405585344182,0.5,0.9343116879463196,0.5,0.5,9343117.0,308.4874572753906,473.1572265625,313.16363525390625,-150000000.0,0.0,0.0,36470792.0,0.0,0.0,-101924640.0,-101924640.0,215453856.0,-0.0,0.0,0.85,1.0,-1.0,1.0,True,True,False,,0,0
21312000.0,39,0.17933861437972182,False,False,ok,,,True,1.0,0.0,1,0.0,1.0,0.0,0.0,741547.4725400353,28073.63718330185,0.17933861437972182,-28073.63718330185,-0.17933861437972182,156539.83544146415,0.0,0.0,0.17933861437972182,0.08422907968967874,0.007094537865370252,0.05,0.0,-3442.064803327326,0.0,-0.0,-654596.5036991454,-21846.503894496942,21846.503894496942,-2399999.9999999995,-60000.0,60000.0,0.0,0.0,-0.0,0.0,0.0,-0.0,4487738.2123,107726.92440000363,-107726.92440000363,-688152.1712574917,2193.216677799006,-2193.216677799006,0.5,0.9342290759086609,0.5,0.5,9342291.0,308.4601745605469,473.1572265625,313.16363525390625,-150000000.0,0.0,0.0,-28339266.0,0.0,0.0,-69247536.0,-69247536.0,247586800.0,-0.0,0.0,0.85,1.0,-1.0,1.0,True,True,False,,0,0
21315600.0,40,0.1521460322437151,False,False,ok,,,True,1.0,0.0,1,0.0,1.0,0.0,0.0,765364.3873905381,23816.914850502857,0.1521460322437151,-23816.914850502857,-0.1521460322437151,156539.83544146415,0.0,0.0,0.1521460322437151,0.08264334797119,0.006829922963887194,0.05,0.0,-3442.064803327326,0.0,-0.0,-667864.7860637901,-13268.282364644692,13268.282364644692,-2459999.9999999995,-60000.0,60000.0,0.0,0.0,-0.0,0.0,0.0,-0.0,4611531.614600002,123793.40230000205,-123793.40230000205,-714860.3763423441,-26708.20508485241,26708.20508485241,0.5,0.9326433539390564,0.5,0.5,9326433.0,307.9366149902344,473.1572265625,313.16363525390625,-150000000.0,0.0,0.0,-22815912.0,0.0,0.0,-32866522.0,-32866522.0,205682432.0,-0.0,0.0,0.85,1.0,-1.0,1.0,True,True,False,,0,0
21319200.0,41,0.1089582794075815,False,False,ok,,,True,1.0,0.0,1,0.0,1.0,0.0,0.0,782420.698518986,17056.31112844788,0.1089582794075815,-17056.31112844788,-0.1089582794075815,156539.83544146415,0.0,0.0,0.1089582794075815,0.0785460256996745,0.006169478153213928,0.05,0.0,-3442.064803327326,0.0,-0.0,-673310.8964483959,-5446.110384605825,5446.110384605825,-2519999.9999999995,-60000.0,60000.0,0.0,0.0,-0.0,0.0,0.0,-0.0,4714372.831650005,102841.21705000289,-102841.21705000289,-735199.1718792906,-20338.795536946505,20338.795536946505,0.5,0.9285460114479065,0.5,0.5,9285460.0,306.5837707519531,473.1572265625,313.16363525390625,-150000000.0,0.0,0.0,-47939192.0,0.0,0.0,-7924499.0,-7924499.0,205863696.0,-0.0,0.0,0.85,1.0,-1.0,1.0,True,True,False,,0,0
21322800.0,42,0.06992759471737922,False,False,ok,,,True,1.0,0.0,1,0.0,1.0,0.0,0.0,793367.1526888619,10946.454169875942,0.06992759471737922,-10946.454169875942,-0.06992759471737922,156539.83544146415,0.0,0.0,0.06992759471737922,0.07250183392263099,0.005256515922144766,0.05,0.0,-3442.064803327326,0.0,-0.0,-674405.7700840217,-1094.873635625816,1094.873635625816,-2579999.9999999995,-60000.0,60000.0,0.0,0.0,-0.0,0.0,0.0,-0.0,4817304.676250006,102931.84460000135,-102931.84460000135,-766089.6886737889,-30890.51679449831,30890.51679449831,0.5,0.9225018620491028,0.5,0.5,9225018.0,304.5881042480469,473.1572265625,313.16363525390625,-150000000.0,0.0,0.0,-50034772.0,0.0,0.0,-0.0,-0.0,200034768.0,-0.0,0.0,0.85,1.0,-1.0,1.0,True,True,False,,0,0
21326400.0,43,0.06385929116258889,False,False,ok,,,True,1.0,0.0,1,0.0,1.0,0.0,0.0,803363.6756188622,9996.52293000021,0.06385929116258889,-9996.52293000021,-0.06385929116258889,156539.83544146415,0.0,0.0,0.06385929116258889,0.06671198707747295,0.004450489219824917,0.05,0.0,-3442.064803327326,0.0,-0.0,-674405.7700840217,0.0,-0.0,-2639999.9999999995,-60000.0,60000.0,0.0,0.0,-0.0,0.0,0.0,-0.0,4917322.061600006,100017.38535000011,-100017.38535000011,-796110.5510937888,-30020.862419999903,30020.862419999903,0.5,0.9167119860649109,0.5,0.5,9167120.0,302.6764221191406,473.1572265625,313.16363525390625,-150000000.0,0.0,0.0,-65157820.0,0.0,0.0,-0.0,-0.0,215157824.0,-0.0,0.0,0.85,1.0,-1.0,1.0,True,True,False,,0,0
21330000.0,44,0.05419845885281087,False,False,ok,,,True,1.0,0.0,1,0.0,1.0,0.0,0.0,811847.8934488621,8484.21782999998,0.05419845885281087,-8484.21782999998,-0.05419845885281087,156539.83544146415,0.0,0.0,0.05419845885281087,0.06180401681294467,0.003819736494214748,0.05,0.0,-3442.064803327326,0.0,-0.0,-674405.7700840217,0.0,-0.0,-2699999.9999999995,-60000.0,60000.0,0.0,0.0,-0.0,0.0,0.0,-0.0,5024900.972450004,107578.91084999777,-107578.91084999777,-835205.2441137889,-39094.69302000012,39094.69302000012,0.5,0.9118040204048157,0.5,0.5,9118040.0,301.055908203125,473.1572265625,313.16363525390625,-150000000.0,0.0,0.0,-68459064.0,0.0,0.0,-0.0,-0.0,218459072.0,-0.0,0.0,0.85,1.0,-1.0,1.0,True,True,False,,0,0
21333600.0,45,0.05208957462491738,False,False,ok,,,True,1.0,0.0,1,0.0,1.0,0.0,0.0,820001.9868888626,8154.0934400004335,0.05208957462491738,-8154.0934400004335,-0.05208957462491738,156539.83544146415,0.0,0.0,0.05208957462491738,0.05767283463425843,0.0033261558547505185,0.05,0.0,-3442.064803327326,0.0,-0.0,-674405.7700840217,0.0,-0.0,-2759999.9999999995,-60000.0,60000.0,0.0,0.0,-0.0,0.0,0.0,-0.0,5134130.505250004,109229.53280000016,-109229.53280000016,-876280.6834737887,-41075.43935999973,41075.43935999973,0.5,0.9076728224754333,0.5,0.5,9076728.0,299.69189453125,473.1572265625,313.16363525390625,-150000000.0,0.0,0.0,-56017056.0,0.0,0.0,-0.0,-0.0,206017056.0,-0.0,0.0,0.85,1.0,-1.0,1.0,True,True,False,,0,0
21337200.0,46,0.060037717322849085,False,False,ok,,,True,1.0,0.0,1,0.0,1.0,0.0,0.0,829400.2812788625,9398.294389999937,0.060037717322849085,-9398.294389999937,-0.060037717322849085,156539.83544146415,0.0,0.0,0.060037717322849085,0.054207051616151136,0.0029384044449160735,0.05,0.0,-3442.064803327326,0.0,-0.0,-674405.7700840217,0.0,-0.0,-2819999.9999999995,-60000.0,60000.0,0.0,0.0,-0.0,0.0,0.0,-0.0,5237139.033300002,103008.52804999799,-103008.52804999799,-909890.917133789,-33610.23366000038,33610.23366000038,0.5,0.9042070508003235,0.5,0.5,9042071.0,298.5475769042969,473.1572265625,313.16363525390625,-150000000.0,0.0,0.0,-85595608.0,0.0,0.0,-0.0,-0.0,235595616.0,-0.0,0.0,0.85,1.0,-1.0,1.0,True,True,False,,0,0
21340800.0,47,0.041142491442114335,False,False,ok,,,True,1.0,0.0,1,0.0,1.0,0.0,0.0,835840.7201188629,6440.4388400004245,0.041142491442114335,-6440.4388400004245,-0.041142491442114335,156539.83544146415,0.0,0.0,0.041142491442114335,0.051238972290116425,0.0026254322813473187,0.05,0.0,-3442.064803327326,0.0,-0.0,-674405.7700840217,0.0,-0.0,-2879999.9999999995,-60000.0,60000.0,0.0,0.0,-0.0,0.0,0.0,-0.0,5354936.839100002,117797.8058000002,-117797.8058000002,-961248.2840937888,-51357.36695999978,51357.36695999978,0.5,0.9012389779090881,0.5,0.5,9012390.0,297.5675964355469,473.1572265625,313.16363525390625,-150000000.0,0.0,0.0,-97875688.0,0.0,0.0,-0.0,-0.0,247875680.0,-0.0,0.0,0.85,1.0,-1.0,1.0,True,True,False,,0,0
21344400.0,48,0.033297794106530686,False,False,ok,,,True,1.0,0.0,1,0.0,1.0,0.0,0.0,841053.151328863,5212.431210000068,0.033297794106530686,-5212.431210000068,-0.033297794106530686,156539.83544146415,0.0,0.0,0.033297794106530686,0.048614129842869946,0.0023633336203794184,0.05,1.0,-3442.064803327326,0.0,-0.0,-674405.7700840217,0.0,-0.0,-2939999.9999999995,-60000.0,60000.0,0.0,0.0,-0.0,0.0,0.0,-0.0,5478874.683050002,123937.84394999966,-123937.84394999966,-1019973.6968337884,-58725.41273999959,58725.41273999959,0.5,0.8986141085624695,0.5,0.5,8986141.0,296.700927734375,473.1572265625,313.16363525390625,-150000000.0,0.0,0.0,-66114412.0,0.0,0.0,-0.0,-0.0,216114416.0,-0.0,0.0,0.85,1.0,-1.0,1.0,True,True,False,,0,0
21348000.0,49,0.05358737567560695,False,False,ok,,,True,1.0,0.0,1,0.0,1.0,0.0,0.0,849441.7102988624,8388.55896999943,0.05358737567560695,-8388.55896999943,-0.05358737567560695,156539.83544146415,0.0,0.0,0.05358737567560695,0.04623096387164016,0.002137302020500898,0.05,1.0,-3442.064803327326,0.0,-0.0,-674405.7700840217,0.0,-0.0,-2999999.9999999995,-60000.0,60000.0,0.0,0.0,-0.0,0.0,0.0,-0.0,5586931.888199999,108057.20514999703,-108057.20514999703,-1059642.3430137886,-39668.646180000156,39668.646180000156,0.5,0.896230936050415,0.5,0.5,8962310.0,295.9140625,473.1572265625,313.16363525390625,-150000000.0,0.0,0.0,-89449192.0,0.0,0.0,-0.0,-0.0,239449184.0,-0.0,0.0,0.85,1.0,-1.0,1.0,True,True,False,,0,0
21351600.0,50,0.03868076801616699,False,False,ok,,,True,1.0,0.0,1,0.0,1.0,0.0,0.0,855496.7913588627,6055.08106000023,0.03868076801616699,-6055.08106000023,-0.03868076801616699,156539.83544146415,0.0,0.0,0.03868076801616699,0.04405719393305729,0.0019410363372550203,0.05,1.0,-3442.064803327326,0.0,-0.0,-674405.7700840217,0.0,-0.0,-3059999.9999999995,-60000.0,60000.0,0.0,0.0,-0.0,0.0,0.0,-0.0,5706656.4829,119724.59470000118,-119724.59470000118,-1113311.8566537895,-53669.51364000095,53669.51364000095,0.5,0.8940572142601013,0.5,0.5,8940572.0,295.1963195800781,473.1572265625,313.16363525390625,-150000000.0,0.0,0.0,-83574296.0,0.0,0.0,-0.0,-0.0,233574288.0,-0.0,0.0,0.85,1.0,-1.0,1.0,True,True,False,,0,0
21355200.0,51,0.042433739126321916,False,False,ok,,,True,1.0,0.0,1,0.0,1.0,0.0,0.0,862139.3618988631,6642.570540000452,0.042433739126321916,-6642.570540000452,-0.042433739126321916,156539.83544146415,0.0,0.0,0.042433739126321916,0.04206824455191349,0.0017697371996795992,0.05,1.0,-3442.064803327326,0.0,-0.0,-674405.7700840217,0.0,-0.0,-3119999.9999999995,-60000.0,60000.0,0.0,0.0,-0.0,0.0,0.0,-0.0,5823443.630200001,116787.14730000123,-116787.14730000123,-1163456.4334137891,-50144.57675999962,50144.57675999962,0.5,0.8920682668685913,0.5,0.5,8920682.0,294.53961181640625,473.1572265625,313.16363525390625,-150000000.0,0.0,0.0,-55480716.0,0.0,0.0,-0.0,-0.0,205480720.0,-0.0,0.0,0.85,1.0,-1.0,1.0,True,True,False,,0,0
21358800.0,52,0.07328098216616426,False,False,ok,,,True,1.0,0.0,1,0.0,1.0,0.0,0.0,873610.7547881433,11471.392889280221,0.07328098216616426,-11471.392889280221,-0.07328098216616426,156539.83544146415,0.0,0.0,0.07328098216616426,0.04143263778257311,0.001716663473621905,0.05,1.0,-3442.064803327326,0.0,-0.0,-675848.2447906504,-1442.474706628709,1442.474706628709,-3179999.9999999995,-60000.0,60000.0,0.0,0.0,-0.0,0.0,0.0,-0.0,5926183.988699998,102740.35849999636,-102740.35849999636,-1193282.9243178805,-29826.49090409139,29826.49090409139,0.5,0.8914326429367065,0.5,0.5,8914326.0,294.32977294921875,473.1572265625,313.16363525390625,-150000000.0,0.0,0.0,-73433672.0,0.0,0.0,-12764453.0,-12764453.0,236198128.0,-0.0,0.0,0.85,1.0,-1.0,1.0,True,True,False,,0,0
21362400.0,53,0.10639730065386495,False,False,ok,,,True,1.0,0.0,1,0.0,1.0,0.0,0.0,890266.1707239153,16655.415935772005,0.10639730065386495,-16655.415935772005,-0.10639730065386495,156539.83544146415,0.0,0.0,0.10639730065386495,0.044105361397776766,0.0019452829040284968,0.05,1.0,-3442.064803327326,0.0,-0.0,-683187.6938447732,-7339.449054122786,7339.449054122786,-3239999.9999999995,-60000.0,60000.0,0.0,0.0,-0.0,0.0,0.0,-0.0,6044283.052399998,118099.06369999982,-118099.06369999982,-1227387.1230279854,-34104.198710104916,34104.198710104916,0.5,0.8941053748130798,0.5,0.5,8941054.0,295.21221923828125,473.1572265625,313.16363525390625,-150000000.0,0.0,0.0,-44968504.0,0.0,0.0,-49161600.0,-49161600.0,244130112.0,-0.0,0.0,0.85,1.0,-1.0,1.0,True,True,False,,0,0
21366000.0,54,0.18679605737154317,False,False,ok,,,True,1.0,0.0,1,0.0,1.0,0.0,0.0,919507.194805971,29241.024082055665,0.18679605737154317,-29241.024082055665,-0.18679605737154317,156539.83544146415,0.0,0.0,0.18679605737154317,0.04996414834485852,0.002496416119827028,0.05,1.0,-3442.064803327326,0.0,-0.0,-700083.4328248127,-16895.73898003949,16895.73898003949,-3299999.9999999995,-60000.0,60000.0,0.0,0.0,-0.0,0.0,0.0,-0.0,6166348.104849999,122065.05245000124,-122065.05245000124,-1243315.41241589,-15928.289387904573,15928.289387904573,0.5,0.8999641537666321,0.5,0.5,8999641.0,297.1466369628906,473.1572265625,313.16363525390625,-150000000.0,0.0,0.0,39371060.0,0.0,0.0,-89395720.0,-89395720.0,200024656.0,-0.0,0.0,0.85,1.0,-1.0,1.0,True,True,False,,0,0
21369600.0,55,0.12212499523743608,False,False,ok,,,True,1.0,0.0,1,0.0,1.0,0.0,0.0,938624.6214637288,19117.42665775784,0.12212499523743608,-19117.42665775784,-0.12212499523743608,156539.83544146415,0.0,0.0,0.12212499523743608,0.058486236040536155,0.0034206398061893102,0.05,0.0,-3442.064803327326,0.0,-0.0,-726570.8259285497,-26487.393103737035,26487.393103737035,-3359999.9999999995,-60000.0,60000.0,0.0,0.0,-0.0,0.0,0.0,-0.0,6266360.433000001,100012.32815000229,-100012.32815000229,-1237722.9208043953,5592.491611494683,-5592.491611494683,0.5,0.9084862470626831,0.5,0.5,9084862.0,299.9604187011719,473.1572265625,313.16363525390625,-150000000.0,0.0,0.0,70283064.0,0.0,0.0,-125380240.0,-125380240.0,205097184.0,-0.0,0.0,0.85,1.0,-1.0,1.0,True,True,False,,0,0
21373200.0,56,0.10453190203359977,False,False,ok,,,True,1.0,0.0,1,0.0,1.0,0.0,0.0,954988.0282064518,16363.40674272296,0.10453190203359977,-16363.40674272296,-0.10453190203359977,156539.83544146415,0.0,0.0,0.10453190203359977,0.06801814181429433,0.004626467615869455,0.05,0.0,-3442.064803327326,0.0,-0.0,-761029.9342906777,-34459.10836212791,34459.10836212791,-3419999.9999999995,-60000.0,60000.0,0.0,0.0,-0.0,0.0,0.0,-0.0,6368909.022700005,102548.58970000409,-102548.58970000409,-1229448.9953995442,8273.925404851092,-8273.925404851092,0.5,0.9180181622505188,0.5,0.5,9180181.0,303.10760498046875,473.1572265625,313.16363525390625,-150000000.0,0.0,0.0,84044776.0,0.0,0.0,-152563984.0,-152563984.0,218519200.0,-0.0,0.0,0.85,1.0,-1.0,1.0,True,True,False,,0,0
21376800.0,57,0.11721086461877107,False,False,ok,,,True,1.0,0.0,1,0.0,1.0,0.0,0.0,973336.197665826,18348.169459374156,0.11721086461877107,-18348.169459374156,-0.11721086461877107,156539.83544146415,0.0,0.0,0.11721086461877107,0.07621513220603782,0.005808746377183822,0.05,0.0,-3442.064803327326,0.0,-0.0,-801129.1194583875,-40099.18516770983,40099.18516770983,-3479999.9999999995,-60000.0,60000.0,0.0,0.0,-0.0,0.0,0.0,-0.0,6478168.6234000055,109259.6007000003,-109259.6007000003,-1220261.24147246,9187.753927084152,-9187.753927084152,0.5,0.9262151122093201,0.5,0.5,9262151.0,305.81402587890625,473.1572265625,313.16363525390625,-150000000.0,0.0,0.0,73976960.0,0.0,0.0,-169711424.0,-169711424.0,245734464.0,-0.0,0.0,0.85,1.0,-1.0,1.0,True,True,False,,0,0
21380400.0,58,0.17888540294696964,False,False,ok,,,True,1.0,0.0,1,0.0,1.0,0.0,0.0,1001338.8892060246,28002.691540198633,0.17888540294696964,-28002.691540198633,-0.17888540294696964,156539.83544146415,0.0,0.0,0.17888540294696964,0.08276018761499748,0.006849248654069583,0.05,0.0,-3442.064803327326,0.0,-0.0,-843280.9399580564,-42151.820499668946,42151.820499668946,-3539999.9999999995,-60000.0,60000.0,0.0,0.0,-0.0,0.0,0.0,-0.0,6601035.853200006,122867.22980000079,-122867.22980000079,-1212973.9592325923,7287.28223986784,-7287.28223986784,0.5,0.9327601790428162,0.5,0.5,9327602.0,307.97503662109375,473.1572265625,313.16363525390625,-150000000.0,0.0,0.0,67311776.0,0.0,0.0,-167261216.0,-167261216.0,249949440.0,-0.0,0.0,0.85,1.0,-1.0,1.0,True,True,False,,0,0
21384000.0,59,0.1977753564846054,False,False,ok,,,True,1.0,0.0,1,0.0,1.0,0.0,0.0,1032298.6109645016,30959.72175847704,0.1977753564846054,-30959.72175847704,-0.1977753564846054,156539.83544146415,0.0,0.0,0.1977753564846054,0.08769262306942183,0.007689996140795693,0.05,0.0,-3442.064803327326,0.0,-0.0,-883314.3636272612,-40033.423669204814,40033.423669204814,-3599999.9999999995,-60000.0,60000.0,0.0,0.0,-0.0,0.0,0.0,-0.0,6726010.573150004,124974.71994999796,-124974.71994999796,-1206955.53375491,6018.425477682147,-6018.425477682147,0.5,0.9376926422119141,0.5,0.5,9376926.0,309.6036071777344,473.1572265625,313.16363525390625,-150000000.0,0.0,0.0,92847200.0,0.0,0.0,-151371888.0,-151371888.0,208524688.0,-0.0,0.0,0.85,1.0,-1.0,1.0,True,True,False,,0,0
21387600.0,60,0.10526683974312677,False,False,ok,,,True,1.0,0.0,1,0.0,1.0,0.0,0.0,1048777.0647353337,16478.453770832042,0.10526683974312677,-16478.453770832042,-0.10526683974312677,156539.83544146415,0.0,0.0,0.10526683974312677,0.09110043326911588,0.008299288941820636,0.05,0.0,-3579.7884992805602,-137.72369595323426,137.72369595323426,-919702.7801616441,-36388.41653438285,36388.41653438285,-3659999.9999999995,-60000.0,60000.0,0.0,0.0,-0.0,0.0,0.0,-0.0,6830272.920350005,104262.34720000066,-104262.34720000066,-1198213.286953742,8742.246801168192,-8742.246801168192,0.5,0.9411004185676575,0.5,0.5,9411004.0,310.7287902832031,473.1572265625,313.16363525390625,-150000000.0,0.0,0.0,81426256.0,-1683995.625,-1683995.625,-138373120.0,-138373120.0,208630864.0,-0.0,0.0,0.85,1.0,-1.0,1.0,True,True,False,,0,0
21391200.0,61,0.11470594380870072,False,False,ok,,,True,1.0,0.0,1,0.0,1.0,0.0,0.0,1066733.1143033055,17956.049567971844,0.11470594380870072,-17956.049567971844,-0.11470594380870072,156539.83544146415,0.0,0.0,0.11470594380870072,0.09268025047260542,0.008589628827664878,0.05,0.0,-4461.635104586309,-881.8466053057491,881.8466053057491,-952813.4578944222,-33110.67773277813,33110.67773277813,-3719999.9999999995,-60000.0,60000.0,0.0,0.0,-0.0,0.0,0.0,-0.0,6934588.353650003,104315.43329999782,-104315.43329999782,-1190580.1463476862,7633.140606055735,-7633.140606055735,0.5,0.9426802396774292,0.5,0.5,9426803.0,311.2503967285156,473.1572265625,313.16363525390625,-150000000.0,0.0,0.0,73505392.0,-3581029.5,-3581029.5,-125077880.0,-125077880.0,205153520.0,-0.0,0.0,0.85,1.0,-1.0,1.0,True,True,False,,0,0
21394800.0,62,0.11986287817619123,False,False,ok,,,True,1.0,0.0,1,0.0,1.0,0.0,0.0,1085496.4295285468,18763.31522524124,0.11986287817619123,-18763.31522524124,-0.11986287817619123,156539.83544146415,0.0,0.0,0.11986287817619123,0.092310478753301,0.008521224487663636,0.05,0.0,-5519.726885881267,-1058.0917812949574,1058.0917812949574,-982050.6463793834,-29237.188484961167,29237.188484961167,-3779999.9999999995,-60000.0,60000.0,0.0,0.0,-0.0,0.0,0.0,-0.0,7037165.113850004,102576.7602000013,-102576.7602000013,-1184098.3110561888,6481.835291497409,-6481.835291497409,0.5,0.9423104524612427,0.5,0.5,9423105.0,311.1282958984375,473.1572265625,313.16363525390625,-150000000.0,0.0,0.0,28887338.0,-2357443.75,-2357443.75,-106837280.0,-106837280.0,230307392.0,-0.0,0.0,0.85,1.0,-1.0,1.0,True,True,False,,0,0
21398400.0,63,0.2083402105128193,False,False,ok,,,True,1.0,0.0,1,0.0,1.0,0.0,0.0,1118109.9717980635,32613.542269516736,0.2083402105128193,-32613.542269516736,-0.2083402105128193,156539.83544146415,0.0,0.0,0.2083402105128193,0.09057666271230036,0.008204131828097823,0.05,0.0,-6470.62967724817,-950.9027913669033,950.9027913669033,-1005100.9720642767,-23050.325684893294,23050.325684893294,-3839999.9999999995,-60000.0,60000.0,0.0,0.0,-0.0,0.0,0.0,-0.0,7152318.806300006,115153.69245000184,-115153.69245000184,-1182637.2327604122,1461.0782957766205,-1461.0782957766205,0.5,0.9405766725540161,0.5,0.5,9405767.0,310.55584716796875,473.1572265625,313.16363525390625,-150000000.0,0.0,0.0,6458359.0,-3163320.75,-3163320.75,-73889544.0,-73889544.0,220594512.0,-0.0,0.0,0.85,1.0,-1.0,1.0,True,True,False,,0,0
21402000.0,64,0.18970954285483368,False,False,ok,,,True,1.0,0.0,1,0.0,1.0,0.0,0.0,1147807.0724182345,29697.100620171055,0.18970954285483368,-29697.100620171055,-0.18970954285483368,156539.83544146415,0.0,0.0,0.18970954285483368,0.0876061869042225,0.0076748439838975665,0.05,0.0,-8648.413614388457,-2177.783937140287,2177.783937140287,-1019950.4237443302,-14849.451680053491,14849.451680053491,-3899999.9999999995,-60000.0,60000.0,0.0,0.0,-0.0,0.0,0.0,-0.0,7262616.060100003,110297.25379999727,-110297.25379999727,-1186210.1503230482,-3572.917562636081,3572.917562636081,0.5,0.9376062154769897,0.5,0.5,9376062.0,309.5750732421875,473.1572265625,313.16363525390625,-150000000.0,0.0,0.0,-11149786.0,-10390069.0,-10390069.0,-41249284.0,-41249284.0,212789136.0,-0.0,0.0,0.85,1.0,-1.0,1.0,True,True,False,,0,0
21405600.0,65,0.14050143211641547,False,False,ok,,,True,1.0,0.0,1,0.0,1.0,0.0,0.0,1169801.1434810283,21994.071062793722,0.14050143211641547,-21994.071062793722,-0.14050143211641547,156539.83544146415,0.0,0.0,0.14050143211641547,0.08239755860340747,0.0067893576638019685,0.05,0.0,-14157.405135971187,-5508.99152158273,5508.99152158273,-1026620.4172506206,-6669.993506290368,6669.993506290368,-3959999.9999999995,-60000.0,60000.0,0.0,0.0,-0.0,0.0,0.0,-0.0,7369010.629050006,106394.56895000301,-106394.56895000301,-1198431.6631823813,-12221.512859333074,12221.512859333074,0.5,0.9323975443840027,0.5,0.5,9323976.0,307.85528564453125,473.1572265625,313.16363525390625,-150000000.0,0.0,0.0,-28606558.0,-23077358.0,-23077358.0,-8400327.0,-8400327.0,210084240.0,-0.0,0.0,0.85,1.0,-1.0,1.0,True,True,False,,0,0
21409200.0,66,0.10526191059284803,False,False,ok,,,True,1.0,0.0,1,0.0,1.0,0.0,0.0,1186278.8256434868,16477.682162458543,0.10526191059284803,-16477.682162458543,-0.10526191059284803,156539.83544146415,0.0,0.0,0.10526191059284803,0.07544006554863514,0.005691203489982366,0.05,0.0,-22362.258925899238,-8204.85378992805,8204.85378992805,-1027781.4862095563,-1161.0689589357935,1161.0689589357935,-4019999.9999999995,-60000.0,60000.0,0.0,0.0,-0.0,0.0,0.0,-0.0,7474052.750200006,105042.12115000002,-105042.12115000002,-1217630.1794210596,-19198.516238678247,19198.516238678247,0.5,0.9254400730133057,0.5,0.5,9254401.0,305.5580749511719,473.1572265625,313.16363525390625,-150000000.0,0.0,0.0,-35493268.0,-23891196.0,-23891196.0,-0.0,-0.0,209384464.0,-0.0,0.0,0.85,1.0,-1.0,1.0,True,True,False,,0,0
21412800.0,67,0.0881361419131569,False,False,ok,,,True,1.0,0.0,1,0.0,1.0,0.0,0.0,1200075.642795018,13796.817151531111,0.0881361419131569,-13796.817151531111,-0.0881361419131569,156539.83544146415,0.0,0.0,0.0881361419131569,0.0689568366709381,0.004755045323662434,0.05,0.0,-28991.627646043118,-6629.368720143881,6629.368720143881,-1027781.4862095563,0.0,-0.0,-4079999.9999999995,-60000.0,60000.0,0.0,0.0,-0.0,0.0,0.0,-0.0,7578744.981300003,104692.23109999672,-104692.23109999672,-1241896.2246493846,-24266.045228325063,24266.045228325063,0.5,0.9189568161964417,0.5,0.5,9189568.0,303.4174499511719,473.1572265625,313.16363525390625,-150000000.0,0.0,0.0,-80793456.0,-13395169.0,-13395169.0,-0.0,-0.0,244188624.0,-0.0,0.0,0.85,1.0,-1.0,1.0,True,True,False,,0,0
21416400.0,68,0.04800831308943759,False,False,ok,,,True,1.0,0.0,1,0.0,1.0,0.0,0.0,1207590.8562258608,7515.21343084285,0.04800831308943759,-7515.21343084285,-0.04800831308943759,156539.83544146415,0.0,0.0,0.04800831308943759,0.06373633228713405,0.004062320053415966,0.05,0.0,-31699.333571222975,-2707.7059251798564,2707.7059251798564,-1027781.4862095563,0.0,-0.0,-4139999.9999999995,-60000.0,60000.0,0.0,0.0,-0.0,0.0,0.0,-0.0,7700839.292449999,122094.31114999577,-122094.31114999577,-1293767.616443362,-51871.39179397747,51871.39179397747,0.5,0.9137363433837891,0.5,0.5,9137363.0,301.6937561035156,473.1572265625,313.16363525390625,-150000000.0,0.0,0.0,-79697256.0,-1873430.875,-1873430.875,-0.0,-0.0,231570688.0,-0.0,0.0,0.85,1.0,-1.0,1.0,True,True,False,,0,0
21420000.0,69,0.04445590233281294,False,False,ok,,,True,1.0,0.0,1,0.0,1.0,0.0,0.0,1214549.975861441,6959.11963558034,0.04445590233281294,-6959.11963558034,-0.04445590233281294,156539.83544146415,0.0,0.0,0.04445590233281294,0.0594269385971794,0.003531561031032931,0.05,0.0,-31861.997605035922,-162.6640338129473,162.6640338129473,-1027781.4862095563,0.0,-0.0,-4199999.999999999,-59999.999999999534,59999.999999999534,0.0,0.0,-0.0,0.0,0.0,-0.0,7816624.637249998,115785.34479999915,-115785.34479999915,-1342431.1775739687,-48663.56113060657,48663.56113060657,0.5,0.9094269275665283,0.5,0.5,9094269.0,300.2709045410156,473.1572265625,313.16363525390625,-150000000.0,0.0,0.0,-81121320.0,0.0,0.0,-0.0,-0.0,231121328.0,-0.0,0.0,0.85,1.0,-1.0,1.0,True,True,False,,0,0
21423600.0,70,0.04400073521589755,False,False,ok,,,True,1.0,0.0,1,0.0,1.0,0.0,0.0,1221437.8437114411,6887.867850000039,0.04400073521589755,-6887.867850000039,-0.04400073521589755,156539.83544146415,0.0,0.0,0.04400073521589755,0.055813532270514665,0.003115150384511782,0.05,0.0,-31861.997605035922,0.0,-0.0,-1027781.4862095563,0.0,-0.0,-4259999.999999999,-60000.0,60000.0,0.0,0.0,-0.0,0.0,0.0,-0.0,7932185.297999998,115560.6607499998,-115560.6607499998,-1391103.9704739684,-48672.79289999977,48672.79289999977,0.5,0.9058135151863098,0.5,0.5,9058135.0,299.0778503417969,473.1572265625,313.16363525390625,-150000000.0,0.0,0.0,-82913432.0,0.0,0.0,-0.0,-0.0,232913440.0,-0.0,0.0,0.85,1.0,-1.0,1.0,True,True,False,,0,0
21427200.0,71,0.042855906683955364,False,False,ok,,,True,1.0,0.0,1,0.0,1.0,0.0,0.0,1228146.5002914423,6708.656580001116,0.042855906683955364,-6708.656580001116,-0.042855906683955364,156539.83544146415,0.0,0.0,0.042855906683955364,0.05288300791528866,0.002796612526168483,0.05,0.0,-31861.997605035922,0.0,-0.0,-1027781.4862095563,0.0,-0.0,-4319999.999999999,-60000.0,60000.0,0.0,0.0,-0.0,0.0,0.0,-0.0,8048642.015100001,116456.71710000373,-116456.71710000373,-1440852.0309939687,-49748.06052000029,49748.06052000029,0.5,0.902882993221283,0.5,0.5,9028830.0,298.1102600097656,473.1572265625,313.16363525390625,-150000000.0,0.0,0.0,-58854224.0,0.0,0.0,-0.0,-0.0,208854224.0,-0.0,0.0,0.85,1.0,-1.0,1.0,True,True,False,,0,0
21430800.0,72,0.05822529213918637,False,False,ok,,,True,1.0,0.0,1,0.0,1.0,0.0,0.0,1237261.0779414417,9114.57764999941,0.05822529213918637,-9114.57764999941,-0.05822529213918637,156539.83544146415,0.0,0.0,0.05822529213918637,0.050513207653934855,0.0025515841474895427,0.05,0.0,-31861.997605035922,0.0,-0.0,-1027781.4862095563,0.0,-0.0,-4379999.999999999,-60000.0,60000.0,0.0,0.0,-0.0,0.0,0.0,-0.0,8153069.126850004,104427.11175000295,-104427.11175000295,-1476164.5650939676,-35312.534099998884,35312.534099998884,0.5,0.900513231754303,0.5,0.5,9005132.0,297.3277893066406,473.1572265625,313.16363525390625,-150000000.0,0.0,0.0,-81292432.0,0.0,0.0,-0.0,-0.0,231292432.0,-0.0,0.0,0.85,1.0,-1.0,1.0,True,True,False,,0,0
21434400.0,73,0.043891425084377655,False,False,ok,,,True,1.0,0.0,1,0.0,1.0,0.0,0.0,1244131.8344014415,6870.7564599998295,0.043891425084377655,-6870.7564599998295,-0.043891425084377655,156539.83544146415,0.0,0.0,0.043891425084377655,0.04846406962751992,0.002348766044861099,0.05,1.0,-31861.997605035922,0.0,-0.0,-1027781.4862095563,0.0,-0.0,-4439999.999999999,-60000.0,60000.0,0.0,0.0,-0.0,0.0,0.0,-0.0,8268715.344550005,115646.21770000085,-115646.21770000085,-1524940.0263339686,-48775.46124000102,48775.46124000102,0.5,0.8984640836715698,0.5,0.5,8984641.0,296.6512145996094,473.1572265625,313.16363525390625,-150000000.0,0.0,0.0,-93822784.0,0.0,0.0,-0.0,-0.0,243822784.0,-0.0,0.0,0.85,1.0,-1.0,1.0,True,True,False,,0,0
21438000.0,74,0.03588685087190478,False,False,ok,,,True,1.0,0.0,1,0.0,1.0,0.0,0.0,1249749.5561314418,5617.721730000339,0.03588685087190478,-5617.721730000339,-0.03588685087190478,156539.83544146415,0.0,0.0,0.03588685087190478,0.046669184535030994,0.002178012785164776,0.05,1.0,-31861.997605035922,0.0,-0.0,-1027781.4862095563,0.0,-0.0,-4499999.999999999,-60000.0,60000.0,0.0,0.0,-0.0,0.0,0.0,-0.0,8390626.735900007,121911.39135000203,-121911.39135000203,-1581233.695953969,-56293.66962000029,56293.66962000029,0.5,0.8966692090034485,0.5,0.5,8966692.0,296.05859375,473.1572265625,313.16363525390625,-150000000.0,0.0,0.0,-58910148.0,0.0,0.0,-0.0,-0.0,208910144.0,-0.0,0.0,0.85,1.0,-1.0,1.0,True,True,False,,0,0
21441600.0,75,0.05818956615299338,False,False,ok,,,True,1.0,0.0,1,0.0,1.0,0.0,0.0,1258858.5412414416,9108.985109999776,0.05818956615299338,-9108.985109999776,-0.05818956615299338,156539.83544146415,0.0,0.0,0.05818956615299338,0.04529725192354339,0.0020518410318249554,0.05,1.0,-31861.997605035922,0.0,-0.0,-1027781.4862095563,0.0,-0.0,-4559999.999999999,-60000.0,60000.0,0.0,0.0,-0.0,0.0,0.0,-0.0,8495081.810350008,104455.07445000112,-104455.07445000112,-1616579.785293968,-35346.08933999902,35346.08933999902,0.5,0.8952972292900085,0.5,0.5,8952973.0,295.6056213378906,473.1572265625,313.16363525390625,-150000000.0,0.0,0.0,-82278696.0,0.0,0.0,-0.0,-0.0,232278688.0,-0.0,0.0,0.85,1.0,-1.0,1.0,True,True,False,,0,0
21445200.0,76,0.05615176091607293,False,False,ok,,,True,1.0,0.0,1,0.0,1.0,0.0,0.0,1267648.528654992,8789.987413550494,0.05615176091607293,-8789.987413550494,-0.05615176091607293,156539.83544146415,0.0,0.0,0.05615176091607293,0.04521870681554285,0.002044731446070022,0.05,1.0,-31861.997605035922,0.0,-0.0,-1029222.8125049495,-1441.3262953931699,1441.3262953931699,-4619999.999999999,-60000.0,60000.0,0.0,0.0,-0.0,0.0,0.0,-0.0,8611221.15735,116139.34699999169,-116139.34699999169,-1662487.8185850237,-45908.03329105582,45908.03329105582,0.5,0.8952187299728394,0.5,0.5,8952187.0,295.5796813964844,473.1572265625,313.16363525390625,-150000000.0,0.0,0.0,-81449712.0,0.0,0.0,-12756394.0,-12756394.0,244206112.0,-0.0,0.0,0.85,1.0,-1.0,1.0,True,True,False,,0,0
21448800.0,77,0.10232683514969028,False,False,ok,,,True,1.0,0.0,1,0.0,1.0,0.0,0.0,1283666.7545905705,16018.225935578346,0.10232683514969028,-16018.225935578346,-0.10232683514969028,156539.83544146415,0.0,0.0,0.10232683514969028,0.04740460928324519,0.0022471969812971363,0.05,1.0,-31861.997605035922,0.0,-0.0,-1036679.1243089337,-7456.311803984223,7456.311803984223,-4679999.999999999,-60000.0,60000.0,0.0,0.0,-0.0,0.0,0.0,-0.0,8733324.210299999,122103.05294999853,-122103.05294999853,-1701116.3337954616,-38628.51521043782,38628.51521043782,0.5,0.8974046111106873,0.5,0.5,8974046.0,296.3014221191406,473.1572265625,313.16363525390625,-150000000.0,0.0,0.0,-12271532.0,0.0,0.0,-50254280.0,-50254280.0,212525808.0,-0.0,0.0,0.85,1.0,-1.0,1.0,True,True,False,,0,0
21452400.0,78,0.18250981333738397,False,False,ok,,,True,1.0,0.0,1,0.0,1.0,0.0,0.0,1312236.810736857,28570.056146286428,0.18250981333738397,-28570.056146286428,-0.18250981333738397,156539.83544146415,0.0,0.0,0.18250981333738397,0.05234306531494992,0.0027397964865651134,0.05,0.0,-31861.997605035922,0.0,-0.0,-1053653.838413702,-16974.714104768354,16974.714104768354,-4739999.999999999,-60000.0,60000.0,0.0,0.0,-0.0,0.0,0.0,-0.0,8839587.116199993,106262.90589999408,-106262.90589999408,-1701834.4694444058,-718.1356489441823,718.1356489441823,0.5,0.9023430943489075,0.5,0.5,9023431.0,297.93194580078125,473.1572265625,313.16363525390625,-150000000.0,0.0,0.0,9450292.0,0.0,0.0,-88761352.0,-88761352.0,229311056.0,-0.0,0.0,0.85,1.0,-1.0,1.0,True,True,False,,0,0
21456000.0,79,0.19544471386767975,False,False,ok,,,True,1.0,0.0,1,0.0,1.0,0.0,0.0,1342831.6940836075,30594.883346750634,0.19544471386767975,-30594.883346750634,-0.19544471386767975,156539.83544146415,0.0,0.0,0.19544471386767975,0.06036579064675163,0.003644028680407446,0.05,0.0,-31861.997605035922,0.0,-0.0,-1080536.4047024515,-26882.566288749455,26882.566288749455,-4799999.999999999,-60000.0,60000.0,0.0,0.0,-0.0,0.0,0.0,-0.0,8954242.645100001,114655.52890000865,-114655.52890000865,-1699012.5487089064,2821.920735499356,-2821.920735499356,0.5,0.9103658199310303,0.5,0.5,9103658.0,300.5808410644531,473.1572265625,313.16363525390625,-150000000.0,0.0,0.0,55075800.0,0.0,-0.0,-129419456.0,-129419456.0,224343648.0,-0.0,0.0,0.85,1.0,-1.0,1.0,True,True,False,,0,0
21459600.0,80,0.1522734544030234,False,False,ok,,,True,1.0,0.0,1,0.0,1.0,0.0,0.0,1366668.55557796,23836.861494352575,0.1522734544030234,-23836.861494352575,-0.1522734544030234,156539.83544146415,0.0,0.0,0.1522734544030234,0.06965624728380759,0.0048519927856629525,0.05,0.0,-31861.997605035922,0.0,-0.0,-1115370.738278531,-34834.33357607946,34834.33357607946,-4859999.999999999,-60000.0,60000.0,0.0,0.0,-0.0,0.0,0.0,-0.0,9066414.472150002,112171.82705000043,-112171.82705000043,-1692513.1806884743,6499.36802043207,-6499.36802043207,0.5,0.9196562767028809,0.5,0.5,9196562.0,303.6483154296875,473.1572265625,313.16363525390625,-150000000.0,0.0,0.0,59109764.0,0.0,0.0,-151064080.0,-151064080.0,241954320.0,-0.0,0.0,0.85,1.0,-1.0,1.0,True,True,False,,0,0
21463200.0,81,0.17796174224516734,False,False,ok,,,True,1.0,0.0,1,0.0,1.0,0.0,0.0,1394526.6574238949,27858.101845934754,0.17796174224516734,-27858.101845934754,-0.17796174224516734,156539.83544146415,0.0,0.0,0.17796174224516734,0.07778749276132935,0.006050894030093865,0.05,0.0,-31861.997605035922,0.0,-0.0,-1155243.4448019739,-39872.706523442874,39872.706523442874,-4919999.999999999,-60000.0,60000.0,0.0,0.0,-0.0,0.0,0.0,-0.0,9187391.62935,120977.15719999745,-120977.15719999745,-1685759.529519097,6753.651169377379,-6753.651169377379,0.5,0.9277874827384949,0.5,0.5,9277875.0,306.3330383300781,473.1572265625,313.16363525390625,-150000000.0,0.0,0.0,116935056.0,0.0,0.0,-169518832.0,-169518832.0,202583776.0,-0.0,0.0,0.85,1.0,-1.0,1.0,True,True,False,,0,0
21466800.0,82,0.06450158039703285,False,False,ok,,,True,1.0,0.0,1,0.0,1.0,0.0,0.0,1404623.7242049607,10097.066781065892,0.06450158039703285,-10097.066781065892,-0.06450158039703285,156539.83544146415,0.0,0.0,0.06450158039703285,0.08419819840296394,0.0070893366143048794,0.05,0.0,-31861.997605035922,0.0,-0.0,-1198470.8519668644,-43227.40716489055,43227.40716489055,-4979999.999999999,-60000.0,60000.0,0.0,0.0,-0.0,0.0,0.0,-0.0,9288683.518199995,101291.88884999603,-101291.88884999603,-1673726.944423141,12032.58509595599,-12032.58509595599,0.5,0.9341982007026672,0.5,0.5,9341982.0,308.4496765136719,473.1572265625,313.16363525390625,-150000000.0,0.0,0.0,90018320.0,0.0,-0.0,-176991952.0,-176991952.0,236973632.0,-0.0,0.0,0.85,1.0,-1.0,1.0,True,True,False,,0,0
21470400.0,83,0.15536851687760958,False,False,ok,,,True,1.0,0.0,1,0.0,1.0,0.0,0.0,1428945.086269766,24321.362064805347,0.15536851687760958,-24321.362064805347,-0.15536851687760958,156539.83544146415,0.0,0.0,0.15536851687760958,0.08889847236020032,0.0079029383879773,0.05,0.0,-31861.997605035922,0.0,-0.0,-1240917.6677921894,-42446.81582532497,42446.81582532497,-5039999.999999999,-60000.0,60000.0,0.0,0.0,-0.0,0.0,0.0,-0.0,9407170.332650002,118486.81445000693,-118486.81445000693,-1665445.5809830106,8281.363440130372,-8281.363440130372,0.5,0.9388984441757202,0.5,0.5,9388985.0,310.0015869140625,473.1572265625,313.16363525390625,-150000000.0,0.0,0.0,83188448.0,0.0,0.0,-160914256.0,-160914256.0,227725808.0,-0.0,0.0,0.85,1.0,-1.0,1.0,True,True,False,,0,0
21474000.0,84,0.14373658393158548,False,False,ok,,,True,1.0,0.0,1,0.0,1.0,0.0,0.0,1451445.5874653347,22500.50119556859,0.14373658393158548,-22500.50119556859,-0.14373658393158548,156539.83544146415,0.0,0.0,0.14373658393158548,0.09207573990036377,0.008477941878199441,0.05,0.0,-31861.997605035922,0.0,-0.0,-1280234.0346662418,-39316.366874052444,39316.366874052444,-5099999.999999999,-60000.0,60000.0,0.0,0.0,-0.0,0.0,0.0,-0.0,9521033.234299999,113862.90164999664,-113862.90164999664,-1657491.6145633894,7953.966419621138,-7953.966419621138,0.5,0.9420757293701172,0.5,0.5,9420757.0,311.0506591796875,473.1572265625,313.16363525390625,-150000000.0,0.0,0.0,81315808.0,0.0,0.0,-152789440.0,-152789440.0,221473616.0,-0.0,0.0,0.85,1.0,-1.0,1.0,True,True,False,,0,0
21477600.0,85,0.1389548642073312,False,False,ok,,,True,1.0,0.0,1,0.0,1.0,0.0,0.0,1473197.5590421413,21751.971576806623,0.1389548642073312,-21751.971576806623,-0.1389548642073312,156539.83544146415,0.0,0.0,0.1389548642073312,0.09381247522355807,0.008800780507570697,0.05,0.0,-31861.997605035922,0.0,-0.0,-1316629.8299715633,-36395.79530532146,36395.79530532146,-5159999.999999999,-60000.0,60000.0,0.0,0.0,-0.0,0.0,0.0,-0.0,9631770.045250002,110736.81095000356,-110736.81095000356,-1650080.6586312607,7410.955932128709,-7410.955932128709,0.5,0.9438124895095825,0.5,0.5,9438125.0,311.62408447265625,473.1572265625,313.16363525390625,-150000000.0,0.0,0.0,47676740.0,0.0,0.0,-136662864.0,-136662864.0,238986128.0,-0.0,0.0,0.85,1.0,-1.0,1.0,True,True,False,,0,0
21481200.0,86,0.20316070945034106,False,False,ok,,,True,1.0,0.0,1,0.0,1.0,0.0,0.0,1505000.3030676688,31802.7440255275,0.20316070945034106,-31802.7440255275,-0.20316070945034106,156539.83544146415,0.0,0.0,0.20316070945034106,0.09417348745679466,0.00886864573977506,0.05,0.0,-31861.997605035922,0.0,-0.0,-1347949.3413290174,-31319.511357454117,31319.511357454117,-5219999.999999999,-60000.0,60000.0,0.0,0.0,-0.0,0.0,0.0,-0.0,9751263.108799998,119493.06354999542,-119493.06354999542,-1646451.4667982792,3629.191832981538,-3629.191832981538,0.5,0.9441735148429871,0.5,0.5,9441735.0,311.7432861328125,473.1572265625,313.16363525390625,-150000000.0,0.0,0.0,41257408.0,0.0,0.0,-111090776.0,-111090776.0,219833360.0,-0.0,0.0,0.85,1.0,-1.0,1.0,True,True,False,,0,0
21484800.0,87,0.18391051474219897,False,False,ok,,,True,1.0,0.0,1,0.0,1.0,0.0,0.0,1533789.6247813676,28789.321713698795,0.18391051474219897,-28789.321713698795,-0.18391051474219897,156539.83544146415,0.0,0.0,0.18391051474219897,0.09328108850751671,0.008701361473147165,0.05,0.0,-31861.997605035922,0.0,-0.0,-1371522.7156728527,-23573.374343835283,23573.374343835283,-5279999.999999999,-60000.0,60000.0,0.0,0.0,-0.0,0.0,0.0,-0.0,9861179.791700002,109916.68290000409,-109916.68290000409,-1644005.453640745,2446.01315753418,-2446.01315753418,0.5,0.9432811141014099,0.5,0.5,9432811.0,311.4486389160156,473.1572265625,313.16363525390625,-150000000.0,0.0,0.0,5340080.0,0.0,0.0,-73201536.0,-73201536.0,217861456.0,-0.0,0.0,0.85,1.0,-1.0,1.0,True,True,False,,0,0
21488400.0,88,0.18060156463619745,False,False,ok,,,True,1.0,0.0,1,0.0,1.0,0.0,0.0,1562060.963989989,28271.3392086213,0.18060156463619745,-28271.3392086213,-0.18060156463619745,156539.83544146415,0.0,0.0,0.18060156463619745,0.09095425341948837,0.008272676215096513,0.05,0.0,-31861.997605035922,0.0,-0.0,-1386115.5514134308,-14592.835740578128,14592.835740578128,-5339999.999999999,-60000.0,60000.0,0.0,0.0,-0.0,0.0,0.0,-0.0,9970110.518350005,108930.72665000334,-108930.72665000334,-1650072.0053415454,-6066.551700800424,6066.551700800424,0.5,0.9409542679786682,0.5,0.5,9409543.0,310.68035888671875,473.1572265625,313.16363525390625,-150000000.0,0.0,0.0,-43174808.0,0.0,0.0,-39798812.0,-39798812.0,232973616.0,-0.0,0.0,0.85,1.0,-1.0,1.0,True,True,False,,0,0
21492000.0,89,0.0996520931487911,False,False,ok,,,True,1.0,0.0,1,0.0,1.0,0.0,0.0,1577660.4862528981,15599.522262909217,0.0996520931487911,-15599.522262909217,-0.0996520931487911,156539.83544146415,0.0,0.0,0.0996520931487911,0.08592920543846827,0.0073838283472864846,0.05,0.0,-31861.997605035922,0.0,-0.0,-1392470.4689083663,-6354.917494935449,6354.917494935449,-5399999.999999999,-60000.0,60000.0,0.0,0.0,-0.0,0.0,0.0,-0.0,10086597.3295,116486.81114999577,-116486.81114999577,-1684604.3767337007,-34532.3713921553,34532.3713921553,0.5,0.9359291791915894,0.5,0.5,9359292.0,309.0212097167969,473.1572265625,313.16363525390625,-150000000.0,0.0,0.0,-62392324.0,0.0,0.0,-7316272.0,-7316272.0,219708592.0,-0.0,0.0,0.85,1.0,-1.0,1.0,True,True,False,,0,0
21495600.0,90,0.06033340091635286,False,False,ok,,,True,1.0,0.0,1,0.0,1.0,0.0,0.0,1587105.0669039679,9444.580651069758,0.06033340091635286,-9444.580651069758,-0.06033340091635286,156539.83544146415,0.0,0.0,0.06033340091635286,0.07894395742570093,0.006232148414030881,0.05,0.0,-31861.997605035922,0.0,-0.0,-1393481.497530559,-1011.0286221927963,1011.0286221927963,-5459999.999999999,-60000.0,60000.0,0.0,0.0,-0.0,0.0,0.0,-0.0,10196451.626600008,109854.29710000753,-109854.29710000753,-1724003.0645604373,-39398.6878267366,39398.6878267366,0.5,0.928943932056427,0.5,0.5,9289440.0,306.7148132324219,473.1572265625,313.16363525390625,-150000000.0,0.0,0.0,-58923876.0,0.0,0.0,-0.0,-0.0,208923872.0,-0.0,0.0,0.85,1.0,-1.0,1.0,True,True,False,,0,0
21499200.0,91,0.05818079643635681,False,False,ok,,,True,1.0,0.0,1,0.0,1.0,0.0,0.0,1596212.6792039685,9107.61230000062,0.05818079643635681,-9107.61230000062,-0.05818079643635681,156539.83544146415,0.0,0.0,0.05818079643635681,0.07263340192459167,0.005275611075139276,0.05,0.0,-31861.997605035922,0.0,-0.0,-1393481.497530559,0.0,-0.0,-5519999.999999999,-60000.0,60000.0,0.0,0.0,-0.0,0.0,0.0,-0.0,10300913.565100003,104461.93849999458,-104461.93849999458,-1759357.3907604383,-35354.32620000094,35354.32620000094,0.5,0.9226334095001221,0.5,0.5,9226334.0,304.6312255859375,473.1572265625,313.16363525390625,-150000000.0,0.0,0.0,-52714752.0,0.0,0.0,-0.0,-0.0,202714752.0,-0.0,0.0,0.85,1.0,-1.0,1.0,True,True,False,,0,0
21502800.0,92,0.06253631717848837,False,False,ok,,,True,1.0,0.0,1,0.0,1.0,0.0,0.0,1606002.1040042043,9789.424800235778,0.06253631717848837,-9789.424800235778,-0.06253631717848837,156539.83544146415,0.0,0.0,0.06253631717848837,0.06746107671363877,0.004550996871363455,0.05,0.0,-31947.257535366858,-85.25993033093619,85.25993033093619,-1393481.497530559,0.0,-0.0,-5579999.999999999,-60000.0,60000.0,0.0,0.0,-0.0,0.0,0.0,-0.0,10402270.940850005,101357.37575000152,-101357.37575000152,-1790840.0817798711,-31482.691019432852,31482.691019432852,0.5,0.917461097240448,0.5,0.5,9174611.0,302.9234313964844,473.1572265625,313.16363525390625,-150000000.0,0.0,0.0,-59800804.0,-2555257.5,-2555257.5,-0.0,-0.0,212356064.0,-0.0,0.0,0.85,1.0,-1.0,1.0,True,True,False,,0,0
21506400.0,93,0.06043015354069702,False,False,ok,,,True,1.0,0.0,1,0.0,1.0,0.0,0.0,1615461.8302951674,9459.726290963124,0.06043015354069702,-9459.726290963124,-0.06043015354069702,156539.83544146415,0.0,0.0,0.06043015354069702,0.06292038796977739,0.003958975222267308,0.05,0.0,-32920.723036715775,-973.4655013489173,973.4655013489173,-1393481.497530559,0.0,-0.0,-5639999.999999999,-60000.0,60000.0,0.0,0.0,-0.0,0.0,0.0,-0.0,10508448.971900009,106178.03105000407,-106178.03105000407,-1826584.9210375587,-35744.83925768756,35744.83925768756,0.5,0.9129204154014587,0.5,0.5,9129204.0,301.4241943359375,473.1572265625,313.16363525390625,-150000000.0,0.0,0.0,-92030224.0,-3060443.0,-3060443.0,-0.0,-0.0,245090672.0,-0.0,0.0,0.85,1.0,-1.0,1.0,True,True,False,,0,0
21510000.0,94,0.03648798465007348,False,False,ok,,,True,1.0,0.0,1,0.0,1.0,0.0,0.0,1621173.6534078806,5711.823112713173,0.03648798465007348,-5711.823112713173,-0.03648798465007348,156539.83544146415,0.0,0.0,0.03648798465007348,0.05877351901028083,0.003454326536851842,0.05,0.0,-33229.968788514336,-309.2457517985604,309.2457517985604,-1393481.497530559,0.0,-0.0,-5699999.999999999,-60000.0,60000.0,0.0,0.0,-0.0,0.0,0.0,-0.0,10630994.305450004,122545.33354999498,-122545.33354999498,-1883109.1857230463,-56524.26468548761,56524.26468548761,0.5,0.9087735414505005,0.5,0.5,9087735.0,300.05499267578125,473.1572265625,313.16363525390625,-150000000.0,0.0,0.0,-99122152.0,0.0,0.0,-0.0,-0.0,249122160.0,-0.0,0.0,0.85,1.0,-1.0,1.0,True,True,False,,0,0
21513600.0,95,0.032501532377689275,False,False,ok,,,True,1.0,0.0,1,0.0,1.0,0.0,0.0,1626261.4379378795,5087.7845299988985,0.032501532377689275,-5087.7845299988985,-0.032501532377689275,156539.83544146415,0.0,0.0,0.032501532377689275,0.05490374678513377,0.0030144214110460863,0.05,0.0,-33229.968788514336,0.0,-0.0,-1393481.497530559,0.0,-0.0,-5759999.999999999,-60000.0,60000.0,0.0,0.0,-0.0,0.0,0.0,-0.0,10755555.38280001,124561.07735000551,-124561.07735000551,-1942582.478543046,-59473.292819999624,59473.292819999624,0.5,0.904903769493103,0.5,0.5,9049037.0,298.77728271484375,473.1572265625,313.16363525390625,-150000000.0,0.0,0.0,-74205448.0,0.0,0.0,-0.0,-0.0,224205456.0,-0.0,0.0,0.85,1.0,-1.0,1.0,True,True,False,,0,0
21517200.0,96,0.04841869820946473,False,False,ok,,,True,1.0,0.0,1,0.0,1.0,0.0,0.0,1633840.892987879,7579.455049999524,0.04841869820946473,-7579.455049999524,-0.04841869820946473,156539.83544146415,0.0,0.0,0.04841869820946473,0.05155303766936714,0.0026577156929391875,0.05,0.0,-33229.968788514336,0.0,-0.0,-1393481.497530559,0.0,-0.0,-5819999.999999999,-60000.0,60000.0,0.0,0.0,-0.0,0.0,0.0,-0.0,10867658.107550014,112102.72475000471,-112102.72475000471,-1987105.7482430465,-44523.26970000053,44523.26970000053,0.5,0.9015530347824097,0.5,0.5,9015530.0,297.67095947265625,473.1572265625,313.16363525390625,-150000000.0,0.0,0.0,-57237480.0,0.0,0.0,-0.0,-0.0,207237472.0,-0.0,0.0,0.85,1.0,-1.0,1.0,True,True,False,,0,0
21520800.0,97,0.05925809308435564,False,False,ok,,,True,1.0,0.0,1,0.0,1.0,0.0,0.0,1643117.145127879,9276.252139999997,0.05925809308435564,-9276.252139999997,-0.05925809308435564,156539.83544146415,0.0,0.0,0.05925809308435564,0.04881335020154398,0.0023827431578985737,0.05,1.0,-33229.968788514336,0.0,-0.0,-1393481.497530559,0.0,-0.0,-5879999.999999999,-60000.0,60000.0,0.0,0.0,-0.0,0.0,0.0,-0.0,10971276.846850011,103618.73929999769,-103618.73929999769,-2021448.2354030465,-34342.48716000002,34342.48716000002,0.5,0.8988133668899536,0.5,0.5,8988134.0,296.7663879394531,473.1572265625,313.16363525390625,-150000000.0,0.0,0.0,-75583328.0,0.0,0.0,-0.0,-0.0,225583328.0,-0.0,0.0,0.85,1.0,-1.0,1.0,True,True,False,,0,0
21524400.0,98,0.047538488264114276,False,False,ok,,,True,1.0,0.0,1,0.0,1.0,0.0,0.0,1650558.8122578794,7441.667130000424,0.047538488264114276,-7441.667130000424,-0.047538488264114276,156539.83544146415,0.0,0.0,0.047538488264114276,0.046384313401523825,0.0021515045297307825,0.05,1.0,-33229.968788514336,0.0,-0.0,-1393481.497530559,0.0,-0.0,-5939999.999999999,-60000.0,60000.0,0.0,0.0,-0.0,0.0,0.0,-0.0,11084068.511200007,112791.66434999555,-112791.66434999555,-2066798.2326230463,-45349.99721999979,45349.99721999979,0.5,0.8963842988014221,0.5,0.5,8963843.0,295.9643859863281,473.1572265625,313.16363525390625,-150000000.0,0.0,0.0,-99676384.0,0.0,0.0,-0.0,-0.0,249676384.0,-0.0,0.0,0.85,1.0,-1.0,1.0,True,True,False,,0,0
21528000.0,99,0.0321474843499672,False,False,ok,,,True,1.0,0.0,1,0.0,1.0,0.0,0.0,1655591.1741678803,5032.361910000909,0.0321474843499672,-5032.361910000909,-0.0321474843499672,156539.83544146415,0.0,0.0,0.0321474843499672,0.044286953525298656,0.001961334252551963,0.05,1.0,-33229.968788514336,0.0,-0.0,-1393481.497530559,0.0,-0.0,-5999999.999999999,-60000.0,60000.0,0.0,0.0,-0.0,0.0,0.0,-0.0,11208906.701650005,124838.19044999778,-124838.19044999778,-2126604.0611630455,-59805.8285399992,59805.8285399992,0.5,0.8942869305610657,0.5,0.5,8942870.0,295.2718811035156,473.1572265625,313.16363525390625,-150000000.0,0.0,0.0,-88128448.0,0.0,0.0,-0.0,-0.0,238128448.0,-0.0,0.0,0.85,1.0,-1.0,1.0,True,True,False,,0,0
21531600.0,100,0.05185084959013276,False,False,ok,,,True,1.0,0.0,1,0.0,1.0,0.0,0.0,1663707.8976302198,8116.723462339491,0.05185084959013276,-8116.723462339491,-0.05185084959013276,156539.83544146415,0.0,0.0,0.05185084959013276,0.04341088236633783,0.001884504707824021,0.05,1.0,-33229.968788514336,0.0,-0.0,-1394859.7603679446,-1378.262837385526,1378.262837385526,-6059999.999999999,-60000.0,60000.0,0.0,0.0,-0.0,0.0,0.0,-0.0,11327970.924200006,119064.222550001,-119064.222550001,-2176173.2974133203,-49569.236250274815,49569.236250274815,0.5,0.893410861492157,0.5,0.5,8934109.0,294.9826354980469,473.1572265625,313.16363525390625,-150000000.0,0.0,0.0,-86094656.0,0.0,0.0,-12206535.0,-12206535.0,248301184.0,-0.0,0.0,0.85,1.0,-1.0,1.0,True,True,False,,0,0
21535200.0,101,0.09988356643323246,False,False,ok,,,True,1.0,0.0,1,0.0,1.0,0.0,0.0,1679343.6546829846,15635.757052764762,0.09988356643323246,-15635.757052764762,-0.09988356643323246,156539.83544146415,0.0,0.0,0.09988356643323246,0.04504131272315759,0.002028719851825278,0.05,1.0,-33229.968788514336,0.0,-0.0,-1402335.386019919,-7475.625651974464,7475.625651974464,-6119999.999999999,-60000.0,60000.0,0.0,0.0,-0.0,0.0,0.0,-0.0,11452121.5185,124150.59429999441,-124150.59429999441,-2217212.509008581,-41039.21159526054,41039.21159526054,0.5,0.895041286945343,0.5,0.5,8950413.0,295.5209655761719,473.1572265625,313.16363525390625,-150000000.0,0.0,0.0,-45415040.0,0.0,0.0,-51078988.0,-51078988.0,246494032.0,-0.0,0.0,0.85,1.0,-1.0,1.0,True,True,False,,0,0
21538800.0,102,0.19261296017010957,False,False,ok,,,True,1.0,0.0,1,0.0,1.0,0.0,0.0,1709495.2557719068,30151.601088922238,0.19261296017010957,-30151.601088922238,-0.19261296017010957,156539.83544146415,0.0,0.0,0.19261296017010957,0.049425785470778694,0.002442908269403438,0.05,1.0,-33229.968788514336,0.0,-0.0,-1420050.3887620068,-17715.0027420877,17715.0027420877,-6179999.999999999,-60000.0,60000.0,0.0,0.0,-0.0,0.0,0.0,-0.0,11575368.532250002,123247.01375000179,-123247.01375000179,-2232592.91892757,-15380.409918989055,15380.409918989055,0.5,0.8994258046150208,0.5,0.5,8994258.0,296.9685974121094,473.1572265625,313.16363525390625,-150000000.0,0.0,0.0,32528350.0,0.0,0.0,-94352880.0,-94352880.0,211824528.0,-0.0,0.0,0.85,1.0,-1.0,1.0,True,True,False,,0,0
21542400.0,103,0.14650581268107,False,False,ok,,,True,1.0,0.0,1,0.0,1.0,0.0,0.0,1732429.2515802195,22933.99580831267,0.14650581268107,-22933.99580831267,-0.14650581268107,156539.83544146415,0.0,0.0,0.14650581268107,0.05571888928077706,0.003104594622683493,0.05,0.0,-33229.968788514336,0.0,-0.0,-1448043.4145481524,-27993.02578614559,27993.02578614559,-6239999.999999999,-60000.0,60000.0,0.0,0.0,-0.0,0.0,0.0,-0.0,11681280.796349999,105912.26409999654,-105912.26409999654,-2227578.161433111,5014.757494458929,-5014.757494458929,0.5,0.9057188630104065,0.5,0.5,9057189.0,299.0464172363281,473.1572265625,313.16363525390625,-150000000.0,0.0,0.0,77979744.0,0.0,0.0,-132855848.0,-132855848.0,204876112.0,-0.0,0.0,0.85,1.0,-1.0,1.0,True,True,False,,0,0
21546000.0,104,0.09480412006667699,False,False,ok,,,True,1.0,0.0,1,0.0,1.0,0.0,0.0,1747269.87293463,14840.621354410425,0.09480412006667699,-14840.621354410425,-0.09480412006667699,156539.83544146415,0.0,0.0,0.09480412006667699,0.06282620187776666,0.003947131642385891,0.05,0.0,-33320.635565492754,-90.66677697841806,90.66677697841806,-1484785.180918208,-36741.76637005573,36741.76637005573,-6299999.999999999,-60000.0,60000.0,0.0,0.0,-0.0,0.0,0.0,-0.0,11783718.850299995,102438.05394999683,-102438.05394999683,-2218343.160881666,9235.000551444944,-9235.000551444944,0.5,0.9128261804580688,0.5,0.5,9128262.0,301.39306640625,473.1572265625,313.16363525390625,-150000000.0,0.0,0.0,94881232.0,-1683995.625,-1683995.625,-163685952.0,-163685952.0,220488720.0,-0.0,0.0,0.85,1.0,-1.0,1.0,True,True,False,,0,0
21549600.0,105,0.10660134671479123,False,False,ok,,,True,1.0,0.0,1,0.0,1.0,0.0,0.0,1763957.2302072018,16687.357272571884,0.10660134671479123,-16687.357272571884,-0.10660134671479123,156539.83544146415,0.0,0.0,0.10660134671479123,0.06988094247999588,0.004883346121892493,0.05,0.0,-34432.093273856066,-1111.4577083633121,1111.4577083633121,-1527642.2323920606,-42857.05147385248,42857.05147385248,-6359999.999999999,-60000.0,60000.0,0.0,0.0,-0.0,0.0,0.0,-0.0,11893963.208450004,110244.35815000907,-110244.35815000907,-2207931.6525768787,10411.508304787334,-10411.508304787334,0.5,0.9198809266090393,0.5,0.5,9198809.0,303.72235107421875,473.1572265625,313.16363525390625,-150000000.0,0.0,0.0,129215120.0,-5122572.0,-5122572.0,-180651184.0,-180651184.0,206558624.0,-0.0,0.0,0.85,1.0,-1.0,1.0,True,True,False,,0,0
21553200.0,106,0.053327891312301444,False,False,ok,,,True,1.0,0.0,1,0.0,1.0,0.0,0.0,1772305.1695376697,8347.939330467954,0.053327891312301444,-8347.939330467954,-0.053327891312301444,156539.83544146415,0.0,0.0,0.053327891312301444,0.07626487933724002,0.00581633182032378,0.05,0.0,-36796.336241481964,-2364.242967625898,2364.242967625898,-1573620.178813155,-45977.94642109447,45977.94642109447,-6419999.999999999,-60000.0,60000.0,0.0,0.0,-0.0,0.0,0.0,-0.0,11997242.523650005,103279.315200001,-103279.315200001,-2194520.839057691,13410.813519187737,-13410.813519187737,0.5,0.9262648820877075,0.5,0.5,9262649.0,305.8301696777344,473.1572265625,313.16363525390625,-150000000.0,0.0,0.0,108963360.0,-8862169.0,-8862169.0,-187829520.0,-187829520.0,237728336.0,-0.0,0.0,0.85,1.0,-1.0,1.0,True,True,False,,0,0
21556800.0,107,0.12212699588734129,False,False,ok,,,True,1.0,0.0,1,0.0,1.0,0.0,0.0,1791422.9093768345,19117.739839164773,0.12212699588734129,-19117.739839164773,-0.12212699588734129,156539.83544146415,0.0,0.0,0.12212699588734129,0.08155247428476886,0.006650806061967886,0.05,0.0,-40806.235522057505,-4009.8992805755406,4009.8992805755406,-1620469.147061481,-46848.968248325866,46848.968248325866,-6479999.999999999,-60000.0,60000.0,0.0,0.0,-0.0,0.0,0.0,-0.0,12116106.691850014,118864.16820000857,-118864.16820000857,-2183408.3998896247,11112.439168066252,-11112.439168066252,0.5,0.9315524697303772,0.5,0.5,9315525.0,307.57598876953125,473.1572265625,313.16363525390625,-150000000.0,0.0,0.0,134309664.0,-14846284.0,-14846284.0,-186868528.0,-186868528.0,217405152.0,-0.0,0.0,0.85,1.0,-1.0,1.0,True,True,False,,0,0
21560400.0,108,0.06584089504380013,False,False,ok,,,True,1.0,0.0,1,0.0,1.0,0.0,0.0,1801729.6322523097,10306.722875475185,0.06584089504380013,-10306.722875475185,-0.06584089504380013,156539.83544146415,0.0,0.0,0.06584089504380013,0.08551983999517876,0.007313643032800976,0.05,0.0,-46959.105101643836,-6152.869579586331,6152.869579586331,-1665903.20213142,-45434.055069939,45434.055069939,-6539999.999999999,-60000.0,60000.0,0.0,0.0,-0.0,0.0,0.0,-0.0,12224809.270300008,108702.57844999433,-108702.57844999433,-2170217.330814624,13191.069075000472,-13191.069075000472,0.5,0.935519814491272,0.5,0.5,9355198.0,308.88592529296875,473.1572265625,313.16363525390625,-150000000.0,0.0,0.0,124033800.0,-21102978.0,-21102978.0,-175420016.0,-175420016.0,222489184.0,-0.0,0.0,0.85,1.0,-1.0,1.0,True,True,False,,0,0
21564000.0,109,0.08572907291766571,False,False,ok,,,True,1.0,0.0,1,0.0,1.0,0.0,0.0,1815149.6472193904,13420.014967080671,0.08572907291766571,-13420.014967080671,-0.08572907291766571,156539.83544146415,0.0,0.0,0.08572907291766571,0.08803895506578163,0.007750857609074718,0.05,0.0,-54970.70546135607,-8011.600359712233,8011.600359712233,-1707325.0151771042,-41421.81304568425,41421.81304568425,-6599999.999999999,-60000.0,60000.0,0.0,0.0,-0.0,0.0,0.0,-0.0,12336053.863400016,111244.59310000762,-111244.59310000762,-2158608.495542147,11608.835272477008,-11608.835272477008,0.5,0.9380389451980591,0.5,0.5,9380390.0,309.7176513671875,473.1572265625,313.16363525390625,-150000000.0,0.0,0.0,118777800.0,-25138130.0,-25138130.0,-153606448.0,-153606448.0,209966768.0,-0.0,0.0,0.85,1.0,-1.0,1.0,True,True,False,,0,0
21567600.0,110,0.07172043508735164,False,False,ok,,,True,1.0,0.0,1,0.0,1.0,0.0,0.0,1826376.7523257546,11227.105106364237,0.07172043508735164,-11227.105106364237,-0.07172043508735164,156539.83544146415,0.0,0.0,0.07172043508735164,0.08908775068926966,0.007936627322873467,0.05,0.0,-64241.79780883808,-9271.092347482008,9271.092347482008,-1742554.00803378,-35228.99285667576,35228.99285667576,-6659999.999999999,-60000.0,60000.0,0.0,0.0,-0.0,0.0,0.0,-0.0,12441037.250450011,104983.38704999536,-104983.38704999536,-2147864.6922816252,10743.803260521963,-10743.803260521963,0.5,0.9390877485275269,0.5,0.5,9390878.0,310.0639343261719,473.1572265625,313.16363525390625,-150000000.0,0.0,0.0,66438584.0,-28171872.0,-28171872.0,-125092616.0,-125092616.0,236825904.0,-0.0,0.0,0.85,1.0,-1.0,1.0,True,True,False,,0,0
21571200.0,111,0.16698151218378193,False,False,ok,,,True,1.0,0.0,1,0.0,1.0,0.0,0.0,1852516.0107647707,26139.258439016063,0.16698151218378193,-26139.258439016063,-0.16698151218378193,156539.83544146415,0.0,0.0,0.16698151218378193,0.08864802821508422,0.007858472906422368,0.05,0.0,-74493.80030335246,-10252.002494514381,10252.002494514381,-1769667.7456943311,-27113.73766055121,27113.73766055121,-6719999.999999999,-60000.0,60000.0,0.0,0.0,-0.0,0.0,0.0,-0.0,12559450.200400017,118412.94995000586,-118412.94995000586,-2142772.6436375435,5092.048644081689,-5092.048644081689,0.5,0.9386480450630188,0.5,0.5,9386480.0,309.91876220703125,473.1572265625,313.16363525390625,-150000000.0,0.0,0.0,58129312.0,-30680166.0,-30680166.0,-87617520.0,-87617520.0,210168368.0,-0.0,0.0,0.85,1.0,-1.0,1.0,True,True,False,,0,0
21574800.0,112,0.1425686398148346,False,False,ok,,,True,1.0,0.0,1,0.0,1.0,0.0,0.0,1874833.6821804983,22317.671415727586,0.1425686398148346,-22317.671415727586,-0.1425686398148346,156539.83544146415,0.0,0.0,0.1425686398148346,0.08664392065108006,0.007507168985790658,0.05,0.0,-83770.00585946755,-9276.205556115092,9276.205556115092,-1786540.7734822668,-16873.027787935687,16873.027787935687,-6779999.999999999,-60000.0,60000.0,0.0,0.0,-0.0,0.0,0.0,-0.0,12664534.386900011,105084.18649999425,-105084.18649999425,-2139389.925377765,3382.7182597783394,-3382.7182597783394,0.5,0.9366438984870911,0.5,0.5,9366439.0,309.2570495605469,473.1572265625,313.16363525390625,-150000000.0,0.0,0.0,-24448196.0,-21686330.0,-21686330.0,-42273492.0,-42273492.0,238408016.0,-0.0,0.0,0.85,1.0,-1.0,1.0,True,True,False,,0,0
21578400.0,113,0.1125697027444956,False,False,ok,,,True,1.0,0.0,1,0.0,1.0,0.0,0.0,1892455.3249238161,17621.642743317876,0.1125697027444956,-17621.642743317876,-0.1125697027444956,156539.83544146415,0.0,0.0,0.1125697027444956,0.0822802480204694,0.006770039214309959,0.05,0.0,-86713.36026953948,-2943.35441007193,2943.35441007193,-1793226.5224652123,-6685.748982945457,6685.748982945457,-6839999.999999999,-60000.0,60000.0,0.0,0.0,-0.0,0.0,0.0,-0.0,12783738.39610001,119204.00919999927,-119204.00919999927,-2171343.188441429,-31953.263063663617,31953.263063663617,0.5,0.9322802424430847,0.5,0.5,9322802.0,307.8162536621094,473.1572265625,313.16363525390625,-150000000.0,0.0,0.0,-54767160.0,0.0,0.0,-7296845.5,-7296845.5,212064000.0,-0.0,0.0,0.85,1.0,-1.0,1.0,True,True,False,,0,0
21582000.0,114,0.06518744300500667,False,False,ok,,,True,1.0,0.0,1,0.0,1.0,0.0,0.0,1902659.7565246697,10204.431600853568,0.06518744300500667,-10204.431600853568,-0.06518744300500667,156539.83544146415,0.0,0.0,0.06518744300500667,0.07625175538880513,0.005814330199874172,0.05,0.0,-86713.36026953948,0.0,-0.0,-1794234.2598372507,-1007.7373720384203,1007.7373720384203,-6899999.999999999,-60000.0,60000.0,0.0,0.0,-0.0,0.0,0.0,-0.0,12889770.399700012,106032.00360000134,-106032.00360000134,-2206163.0230685365,-34819.83462710772,34819.83462710772,0.5,0.9262517690658569,0.5,0.5,9262518.0,305.8258056640625,473.1572265625,313.16363525390625,-150000000.0,0.0,0.0,-80686672.0,0.0,0.0,-0.0,-0.0,230686672.0,-0.0,0.0,0.85,1.0,-1.0,1.0,True,True,False,,0,0
21585600.0,115,0.044278394317029186,False,False,ok,,,True,1.0,0.0,1,0.0,1.0,0.0,0.0,1909591.0890846697,6931.33256000001,0.044278394317029186,-6931.33256000001,-0.044278394317029186,156539.83544146415,0.0,0.0,0.044278394317029186,0.0709417710428285,0.005032734878693101,0.05,0.0,-86713.36026953948,0.0,-0.0,-1794234.2598372507,0.0,-0.0,-6959999.999999999,-60000.0,60000.0,0.0,0.0,-0.0,0.0,0.0,-0.0,13005113.736900017,115343.33720000461,-115343.33720000461,-2254575.0277085365,-48412.00463999994,48412.00463999994,0.5,0.9209417700767517,0.5,0.5,9209418.0,304.07257080078125,473.1572265625,313.16363525390625,-150000000.0,0.0,0.0,-67288592.0,0.0,0.0,-0.0,-0.0,217288592.0,-0.0,0.0,0.85,1.0,-1.0,1.0,True,True,False,,0,0
21589200.0,116,0.0528372917773623,False,False,ok,,,True,1.0,0.0,1,0.0,1.0,0.0,0.0,1917862.2300446706,8271.140960000921,0.0528372917773623,-8271.140960000921,-0.0528372917773623,156539.83544146415,0.0,0.0,0.0528372917773623,0.06673851023254995,0.004454028748060175,0.05,0.0,-86713.36026953948,0.0,-0.0,-1794234.2598372507,0.0,-0.0,-7019999.999999999,-60000.0,60000.0,0.0,0.0,-0.0,0.0,0.0,-0.0,13113758.032100014,108644.29519999772,-108644.29519999772,-2294948.1819485356,-40373.15423999913,40373.15423999913,0.5,0.9167385101318359,0.5,0.5,9167385.0,302.68475341796875,473.1572265625,313.16363525390625,-150000000.0,0.0,0.0,-86131592.0,0.0,0.0,-0.0,-0.0,236131584.0,-0.0,0.0,0.85,1.0,-1.0,1.0,True,True,False,,0,0
21592800.0,117,0.04080010031943429,False,False,ok,,,True,1.0,0.0,1,0.0,1.0,0.0,0.0,1924249.07103467,6386.840989999473,0.04080010031943429,-6386.840989999473,-0.04080010031943429,156539.83544146415,0.0,0.0,0.04080010031943429,0.0626452388208335,0.003924425946919265,0.05,0.0,-86713.36026953948,0.0,-0.0,-1794234.2598372507,0.0,-0.0,-7079999.999999999,-60000.0,60000.0,0.0,0.0,-0.0,0.0,0.0,-0.0,13231823.827150017,118065.79505000263,-118065.79505000263,-2346627.136008534,-51678.954059998505,51678.954059998505,0.5,0.9126452207565308,0.5,0.5,9126452.0,301.333251953125,473.1572265625,313.16363525390625,-150000000.0,0.0,0.0,-55861156.0,0.0,0.0,-0.0,-0.0,205861152.0,-0.0,0.0,0.85,1.0,-1.0,1.0,True,True,False,,0,0
21596400.0,118,0.06013730877799008,False,False,ok,,,True,1.0,0.0,1,0.0,1.0,0.0,0.0,1933662.9554546692,9413.884419999085,0.06013730877799008,-9413.884419999085,-0.06013730877799008,156539.83544146415,0.0,0.0,0.06013730877799008,0.058589694558967675,0.0034327523085131264,0.05,0.0,-86713.36026953948,0.0,-0.0,-1794234.2598372507,0.0,-0.0,-7139999.999999999,-60000.0,60000.0,0.0,0.0,-0.0,0.0,0.0,-0.0,13334754.405050017,102930.57789999992,-102930.57789999992,-2380143.829488535,-33516.69348000083,33516.69348000083,0.5,0.9085897207260132,0.5,0.5,9085897.0,299.99420166015625,473.1572265625,313.16363525390625,-150000000.0,0.0,0.0,-59039420.0,0.0,0.0,-0.0,-0.0,209039424.0,-0.0,0.0,0.85,1.0,-1.0,1.0,True,True,False,,0,0
21600000.0,119,0.0581069863421579,False,False,ok,,,True,1.0,0.0,1,0.0,1.0,0.0,0.0,1942759.01353467,9096.058080000803,0.0581069863421579,-9096.058080000803,-0.0581069863421579,156539.83544146415,0.0,0.0,0.0581069863421579,0.05509485043848694,0.0030354425448392446,0.05,0.0,-86713.36026953948,0.0,-0.0,-1794234.2598372507,0.0,-0.0,-7199999.999999999,-60000.0,60000.0,0.0,0.0,-0.0,0.0,0.0,-0.0,13439274.114650022,104519.7096000053,-104519.7096000053,-2415567.481008535,-35423.65151999984,35423.65151999984,0.5,0.9050948619842529,0.5,0.5,9050949.0,298.84027099609375,473.1572265625,313.16363525390625,-150000000.0,0.0,0.0,-59693224.0,0.0,0.0,-0.0,-0.0,209693216.0,-0.0,0.0,0.85,1.0,-1.0,1.0,True,True,False,,0,0
21603600.0,120,0.057689326582802194,False,False,ok,,,True,1.0,0.0,1,0.0,1.0,0.0,0.0,1951789.6912246707,9030.677690000739,0.057689326582802194,-9030.677690000739,-0.057689326582802194,156539.83544146415,0.0,0.0,0.057689326582802194,0.05220698713789307,0.0027255695060161324,0.05,0.0,-86713.36026953948,0.0,-0.0,-1794234.2598372507,0.0,-0.0,-7259999.999999999,-60000.0,60000.0,0.0,0.0,-0.0,0.0,0.0,-0.0,13544120.726200026,104846.61155000329,-104846.61155000329,-2451383.414868535,-35815.93386000022,35815.93386000022,0.5,0.9022069573402405,0.5,0.5,9022070.0,297.88677978515625,473.1572265625,313.16363525390625,-150000000.0,0.0,0.0,-68027424.0,0.0,0.0,-0.0,-0.0,218027424.0,-0.0,0.0,0.85,1.0,-1.0,1.0,True,True,False,,0,0
21607200.0,121,0.052365314917332234,False,False,ok,,,True,1.0,0.0,1,0.0,1.0,0.0,0.0,1959986.9490046704,8197.257779999636,0.052365314917332234,-8197.257779999636,-0.052365314917332234,156539.83544146415,0.0,0.0,0.052365314917332234,0.04991848302443658,0.002491854947460963,0.05,1.0,-86713.36026953948,0.0,-0.0,-1794234.2598372507,0.0,-0.0,-7319999.999999999,-60000.0,60000.0,0.0,0.0,-0.0,0.0,0.0,-0.0,13653134.437300023,109013.71109999716,-109013.71109999716,-2492199.868188537,-40816.45332000218,40816.45332000218,0.5,0.8999184966087341,0.5,0.5,8999185.0,297.13116455078125,473.1572265625,313.16363525390625,-150000000.0,0.0,0.0,-70219688.0,0.0,0.0,-0.0,-0.0,220219680.0,-0.0,0.0,0.85,1.0,-1.0,1.0,True,True,False,,0,0
21610800.0,122,0.050964863719834844,False,False,ok,,,True,1.0,0.0,1,0.0,1.0,0.0,0.0,1967964.98038467,7978.031379999593,0.050964863719834844,-7978.031379999593,-0.050964863719834844,156539.83544146415,0.0,0.0,0.050964863719834844,0.04804635694904125,0.002308452416074684,0.05,1.0,-86713.36026953948,0.0,-0.0,-1794234.2598372507,0.0,-0.0,-7379999.999999999,-60000.0,60000.0,0.0,0.0,-0.0,0.0,0.0,-0.0,13763244.280400015,110109.84309999272,-110109.84309999272,-2534331.679908535,-42131.811719997786,42131.811719997786,0.5,0.8980463743209839,0.5,0.5,8980464.0,296.5130310058594,473.1572265625,313.16363525390625,-150000000.0,0.0,0.0,-61289004.0,0.0,0.0,-0.0,-0.0,211289008.0,-0.0,0.0,0.85,1.0,-1.0,1.0,True,True,False,,0,0
21614400.0,123,0.056669916861618666,False,False,ok,,,True,1.0,0.0,1,0.0,1.0,0.0,0.0,1976836.0798446692,8871.099459999241,0.056669916861618666,-8871.099459999241,-0.056669916861618666,156539.83544146415,0.0,0.0,0.056669916861618666,0.04640436677380855,0.0021533652556781466,0.05,1.0,-86713.36026953948,0.0,-0.0,-1794234.2598372507,0.0,-0.0,-7439999.999999999,-60000.0,60000.0,0.0,0.0,-0.0,0.0,0.0,-0.0,13868888.783100024,105644.50270000845,-105644.50270000845,-2571105.083148535,-36773.4032399999,36773.4032399999,0.5,0.8964043855667114,0.5,0.5,8964044.0,295.97088623046875,473.1572265625,313.16363525390625,-150000000.0,0.0,0.0,-83452856.0,0.0,0.0,-0.0,-0.0,233452848.0,-0.0,0.0,0.85,1.0,-1.0,1.0,True,True,False,,0,0
21618000.0,124,0.05394455687728402,False,False,ok,,,True,1.0,0.0,1,0.0,1.0,0.0,0.0,1985280.551901202,8444.472056532744,0.05394455687728402,-8444.472056532744,-0.05394455687728402,156539.83544146415,0.0,0.0,0.05394455687728402,0.04571198809403665,0.0020895858555093484,0.05,1.0,-86713.36026953948,0.0,-0.0,-1795512.6580133454,-1278.39817609475,1278.39817609475,-7499999.999999999,-60000.0,60000.0,0.0,0.0,-0.0,0.0,0.0,-0.0,13985615.210050028,116726.42695000395,-116726.42695000395,-2618108.6398659074,-47003.5567173725,47003.5567173725,0.5,0.8957119584083557,0.5,0.5,8957120.0,295.7422790527344,473.1572265625,313.16363525390625,-150000000.0,0.0,0.0,-86532080.0,0.0,0.0,-11328564.0,-11328564.0,247860640.0,-0.0,0.0,0.85,1.0,-1.0,1.0,True,True,False,,0,0
21621600.0,125,0.09826043079413253,False,False,ok,,,True,1.0,0.0,1,0.0,1.0,0.0,0.0,2000662.2235681228,15381.671666920884,0.09826043079413253,-15381.671666920884,-0.09826043079413253,156539.83544146415,0.0,0.0,0.09826043079413253,0.047239940583567175,0.002231611986338957,0.05,1.0,-86873.12023212941,-159.7599625899311,159.7599625899311,-1802693.8163261511,-7181.1583128056955,7181.1583128056955,-7559999.999999999,-60000.0,60000.0,0.0,0.0,-0.0,0.0,0.0,-0.0,14109545.531200022,123930.32114999369,-123930.32114999369,-2659316.3710735915,-41207.73120768415,41207.73120768415,0.5,0.8972399234771729,0.5,0.5,8972399.0,296.24676513671875,473.1572265625,313.16363525390625,-150000000.0,0.0,0.0,-19547140.0,-2456048.25,-2456048.25,-49580068.0,-49580068.0,221583264.0,-0.0,0.0,0.85,1.0,-1.0,1.0,True,True,False,,0,0
21625200.0,126,0.18727010683977127,False,False,ok,,,True,1.0,0.0,1,0.0,1.0,0.0,0.0,2029977.455275926,29315.231707803207,0.18727010683977127,-29315.231707803207,-0.18727010683977127,156539.83544146415,0.0,0.0,0.18727010683977127,0.05141613955883084,0.00264361940713317,0.05,0.0,-89309.47115658986,-2436.35092446045,2436.35092446045,-1819649.8671489095,-16956.05082275835,16956.05082275835,-7619999.999999999,-60000.0,60000.0,0.0,0.0,-0.0,0.0,0.0,-0.0,14220337.159450017,110791.62824999541,-110791.62824999541,-2661400.3658685694,-2083.994794977829,2083.994794977829,0.5,0.9014161229133606,0.5,0.5,9014161.0,297.6256408691406,473.1572265625,313.16363525390625,-150000000.0,0.0,0.0,12784084.0,-13395169.0,-13395169.0,-89579624.0,-89579624.0,240190704.0,-0.0,0.0,0.85,1.0,-1.0,1.0,True,True,False,,0,0
21628800.0,127,0.19324059078692862,False,False,ok,,,True,1.0,0.0,1,0.0,1.0,0.0,0.0,2060227.3055583232,30249.85028239712,0.19324059078692862,-30249.85028239712,-0.19324059078692862,156539.83544146415,0.0,0.0,0.19324059078692862,0.05723581446479509,0.0032759384574484467,0.05,0.0,-96240.77313500713,-6931.301978417265,6931.301978417265,-1846109.0403706082,-26459.17322169873,26459.17322169873,-7679999.999999999,-60000.0,60000.0,0.0,0.0,-0.0,0.0,0.0,-0.0,14340432.514700014,120095.35524999723,-120095.35524999723,-2657855.395636056,3544.9702325132675,-3544.9702325132675,0.5,0.9072358012199402,0.5,0.5,9072358.0,299.5471496582031,473.1572265625,313.16363525390625,-150000000.0,0.0,0.0,63959008.0,-28619678.0,-28619678.0,-125248784.0,-125248784.0,239909456.0,-0.0,0.0,0.85,1.0,-1.0,1.0,True,True,False,,0,0
21632400.0,128,0.1365338111916444,False,False,ok,,,True,1.0,0.0,1,0.0,1.0,0.0,0.0,2081600.285894459,21372.98033613595,0.1365338111916444,-21372.98033613595,-0.1365338111916444,156539.83544146415,0.0,0.0,0.1365338111916444,0.06349523506287791,0.00403164487569012,0.05,0.0,-108633.03105371215,-12392.257918705029,12392.257918705029,-1880674.3583452567,-34565.31797464844,34565.31797464844,-7739999.999999999,-60000.0,60000.0,0.0,0.0,-0.0,0.0,0.0,-0.0,14460387.24460002,119954.7299000062,-119954.7299000062,-2649479.5693065664,8375.826329489704,-8375.826329489704,0.5,0.9134952425956726,0.5,0.5,9134952.0,301.6138610839844,473.1572265625,313.16363525390625,-150000000.0,0.0,0.0,98447368.0,-44384544.0,-44384544.0,-153824880.0,-153824880.0,249762048.0,-0.0,0.0,0.85,1.0,-1.0,1.0,True,True,False,,0,0
21636000.0,129,0.1165793153094729,False,False,ok,,,True,1.0,0.0,1,0.0,1.0,0.0,0.0,2099849.5927288826,18249.30683442345,0.1165793153094729,-18249.30683442345,-0.1165793153094729,156539.83544146415,0.0,0.0,0.1165793153094729,0.06960443273015304,0.004844777055686401,0.05,0.0,-125416.98437556467,-16783.953321852518,16783.953321852518,-1921785.983942821,-41111.62559756427,41111.62559756427,-7799999.999999999,-60000.0,60000.0,0.0,0.0,-0.0,0.0,0.0,-0.0,14585268.269950021,124881.02535000071,-124881.02535000071,-2638215.708902725,11263.860403841361,-11263.860403841361,0.5,0.9196044206619263,0.5,0.5,9196044.0,303.6309509277344,473.1572265625,313.16363525390625,-150000000.0,0.0,0.0,169012240.0,-52457564.0,-52457564.0,-177144896.0,-177144896.0,210590224.0,-0.0,0.0,0.85,1.0,-1.0,1.0,True,True,False,,0,0
21639600.0,130,0.002186484520714842,False,False,ok,,,True,1.0,0.0,1,0.0,1.0,0.0,0.0,2100191.8646559506,342.27192706801,0.002186484520714842,-342.27192706801,-0.002186484520714842,156539.83544146415,0.0,0.0,0.002186484520714842,0.07512309565219599,0.005643479500368988,0.05,0.0,-143385.78568779488,-17968.801312230207,17968.801312230207,-1965217.5806641004,-43431.596721279435,43431.596721279435,-7859999.999999999,-60000.0,60000.0,0.0,0.0,-0.0,0.0,0.0,-0.0,14690563.380000014,105295.1100499928,-105295.1100499928,-2621768.1489921473,16447.559910577722,-16447.559910577722,0.5,0.9251230955123901,0.5,0.5,9251231.0,305.45306396484375,473.1572265625,313.16363525390625,-150000000.0,0.0,0.0,153103072.0,-49985372.0,-49985372.0,-169568640.0,-169568640.0,216450944.0,-0.0,0.0,0.85,1.0,-1.0,1.0,True,True,False,,0,0
21643200.0,131,0.033975627985928854,False,False,ok,,,True,1.0,0.0,1,0.0,1.0,0.0,0.0,2105510.4038698883,5318.539213937707,0.033975627985928854,-5318.539213937707,-0.033975627985928854,156539.83544146415,0.0,0.0,0.033975627985928854,0.0797272751575887,0.006356438404053861,0.05,0.0,-159804.43472151787,-16418.64903372299,16418.64903372299,-2006107.966219772,-40890.38555567153,40890.38555567153,-7919999.999999999,-60000.0,60000.0,0.0,0.0,-0.0,0.0,0.0,-0.0,14798788.851250019,108225.47125000507,-108225.47125000507,-2607366.046438815,14402.102553332224,-14402.102553332224,0.5,0.9297272562980652,0.5,0.5,9297273.0,306.9732360839844,473.1572265625,313.16363525390625,-150000000.0,0.0,0.0,111365352.0,-43253080.0,-43253080.0,-156229376.0,-156229376.0,238117088.0,-0.0,0.0,0.85,1.0,-1.0,1.0,True,True,False,,0,0
21646800.0,132,0.11539899012094278,False,False,ok,,,True,1.0,0.0,1,0.0,1.0,0.0,0.0,2123574.942793532,18064.53892364353,0.11539899012094278,-18064.53892364353,-0.11539899012094278,156539.83544146415,0.0,0.0,0.11539899012094278,0.08316134743064063,0.006915809706479719,0.05,0.0,-174248.26308554667,-14443.8283640288,14443.8283640288,-2042550.095780332,-36442.12956056022,36442.12956056022,-7979999.999999999,-60000.0,60000.0,0.0,0.0,-0.0,0.0,0.0,-0.0,14917847.39740001,119058.54614999145,-119058.54614999145,-2597474.095740583,9891.950698232278,-9891.950698232278,0.5,0.9331613183021545,0.5,0.5,9331613.0,308.1070861816406,473.1572265625,313.16363525390625,-150000000.0,0.0,0.0,83931736.0,-38889120.0,-38889120.0,-132880592.0,-132880592.0,237837968.0,-0.0,0.0,0.85,1.0,-1.0,1.0,True,True,False,,0,0
21650400.0,133,0.13676061022603467,False,False,ok,,,True,1.0,0.0,1,0.0,1.0,0.0,0.0,2144983.4262131895,21408.483419657685,0.13676061022603467,-21408.483419657685,-0.13676061022603467,156539.83544146415,0.0,0.0,0.13676061022603467,0.08480859055556178,0.007192497032020923,0.05,0.0,-187124.75217403588,-12876.489088489208,12876.489088489208,-2075098.786337462,-32548.690557129914,32548.690557129914,-8039999.999999999,-60000.0,60000.0,0.0,0.0,-0.0,0.0,0.0,-0.0,15036766.384850014,118918.98745000362,-118918.98745000362,-2589559.4201253047,7914.675615278073,-7914.675615278073,0.5,0.934808611869812,0.5,0.5,9348086.0,308.6509704589844,473.1572265625,313.16363525390625,-150000000.0,0.0,0.0,63105868.0,-34282140.0,-34282140.0,-126887560.0,-126887560.0,248063824.0,-0.0,0.0,0.85,1.0,-1.0,1.0,True,True,False,,0,0
21654000.0,134,0.1882394883342628,False,False,ok,,,True,1.0,0.0,1,0.0,1.0,0.0,0.0,2174450.4047406204,29466.97852743091,0.1882394883342628,-29466.97852743091,-0.1882394883342628,156539.83544146415,0.0,0.0,0.1882394883342628,0.08454732153336952,0.00714824957846697,0.05,0.0,-197711.4796121654,-10586.727438129514,10586.727438129514,-2103759.794708256,-28661.008370794123,28661.008370794123,-8099999.999999999,-60000.0,60000.0,0.0,0.0,-0.0,0.0,0.0,-0.0,15160798.29950001,124031.9146499969,-124031.9146499969,-2584876.62043895,4682.799686354585,-4682.799686354585,0.5,0.9345473051071167,0.5,0.5,9345473.0,308.564697265625,473.1572265625,313.16363525390625,-150000000.0,0.0,0.0,46496380.0,-25560814.0,-25560814.0,-99430184.0,-99430184.0,228494624.0,-0.0,0.0,0.85,1.0,-1.0,1.0,True,True,False,,0,0
21657600.0,135,0.18408547230876524,False,False,ok,,,True,1.0,0.0,1,0.0,1.0,0.0,0.0,2203267.1142829987,28816.709542378318,0.18408547230876524,-28816.709542378318,-0.18408547230876524,156539.83544146415,0.0,0.0,0.18408547230876524,0.08301191949961295,0.006890978779010221,0.05,0.0,-204582.30178482723,-6870.822172661836,6870.822172661836,-2124882.13966541,-21122.34495715378,21122.34495715378,-8159999.999999999,-60000.0,60000.0,0.0,0.0,-0.0,0.0,0.0,-0.0,15275045.607800018,114247.30830000713,-114247.30830000713,-2582314.052066756,2562.5683721941896,-2562.5683721941896,0.5,0.9330119490623474,0.5,0.5,9330119.0,308.0577392578125,473.1572265625,313.16363525390625,-150000000.0,0.0,0.0,-1434071.375,-13081150.0,-13081150.0,-65910084.0,-65910084.0,230425312.0,-0.0,0.0,0.85,1.0,-1.0,1.0,True,True,False,,0,0
21661200.0,136,0.1630313241469478,False,False,ok,,,True,1.0,0.0,1,0.0,1.0,0.0,0.0,2228788.010936766,25520.89665376721,0.1630313241469478,-25520.89665376721,-0.1630313241469478,156539.83544146415,0.0,0.0,0.1630313241469478,0.08061800823412879,0.0064992632516380575,0.05,0.0,-206611.74380617976,-2029.44202135253,2029.44202135253,-2137106.300951085,-12224.16128567513,12224.16128567513,-8219999.999999999,-60000.0,60000.0,0.0,0.0,-0.0,0.0,0.0,-0.0,15390258.260750026,115212.65295000747,-115212.65295000747,-2597752.2050559614,-15438.152989205439,15438.152989205439,0.5,0.9306179881095886,0.5,0.5,9306180.0,307.267333984375,473.1572265625,313.16363525390625,-150000000.0,0.0,0.0,-40528972.0,0.0,0.0,-27725640.0,-27725640.0,218254608.0,-0.0,0.0,0.85,1.0,-1.0,1.0,True,True,False,,0,0
21664800.0,137,0.09261657157747338,False,False,ok,,,True,1.0,0.0,1,0.0,1.0,0.0,0.0,2243286.193810656,14498.18287389027,0.09261657157747338,-14498.18287389027,-0.09261657157747338,156539.83544146415,0.0,0.0,0.09261657157747338,0.07732671130203994,0.005979420280789032,0.05,0.0,-206611.74380617976,0.0,-0.0,-2141623.1895038635,-4516.8885527784005,4516.8885527784005,-8279999.999999999,-60000.0,60000.0,0.0,0.0,-0.0,0.0,0.0,-0.0,15499385.56625003,109127.30550000444,-109127.30550000444,-2627864.439129292,-30112.23407333065,30112.23407333065,0.5,0.9273267388343811,0.5,0.5,9273267.0,306.1806335449219,473.1572265625,313.16363525390625,-150000000.0,0.0,0.0,-61080692.0,0.0,0.0,-6096687.5,-6096687.5,217177376.0,-0.0,0.0,0.85,1.0,-1.0,1.0,True,True,False,,0,0
21668400.0,138,0.06042722943017928,False,False,ok,,,True,1.0,0.0,1,0.0,1.0,0.0,0.0,2252745.46236184,9459.268551183864,0.06042722943017928,-9459.268551183864,-0.06042722943017928,156539.83544146415,0.0,0.0,0.06042722943017928,0.07351630559343758,0.0054046471881077016,0.05,0.0,-206611.74380617976,0.0,-0.0,-2142463.9083404234,-840.718836559914,840.718836559914,-8339999.999999999,-60000.0,60000.0,0.0,0.0,-0.0,0.0,0.0,-0.0,15607974.255350027,108588.68909999728,-108588.68909999728,-2666153.1408415483,-38288.7017122563,38288.7017122563,0.5,0.9235163331031799,0.5,0.5,9235163.0,304.9225158691406,473.1572265625,313.16363525390625,-150000000.0,0.0,0.0,-79999400.0,0.0,0.0,-0.0,-0.0,229999392.0,-0.0,0.0,0.85,1.0,-1.0,1.0,True,True,False,,0,0
21672000.0,139,0.044717437004190015,False,False,ok,,,True,1.0,0.0,1,0.0,1.0,0.0,0.0,2259745.52259184,7000.060229999945,0.044717437004190015,-7000.060229999945,-0.044717437004190015,156539.83544146415,0.0,0.0,0.044717437004190015,0.07006976596547965,0.0049097721024570894,0.05,0.0,-206611.74380617976,0.0,-0.0,-2142463.9083404234,0.0,-0.0,-8399999.999999998,-59999.99999999907,59999.99999999907,0.0,0.0,-0.0,0.0,0.0,-0.0,15722973.954200018,114999.69884999096,-114999.69884999096,-2714152.7794615487,-47999.63862000033,47999.63862000033,0.5,0.9200697541236877,0.5,0.5,9200698.0,303.7845458984375,473.1572265625,313.16363525390625,-150000000.0,0.0,0.0,-76281448.0,0.0,0.0,-0.0,-0.0,226281456.0,-0.0,0.0,0.85,1.0,-1.0,1.0,True,True,False,,0,0
21675600.0,140,0.047092517180745426,False,False,ok,,,True,1.0,0.0,1,0.0,1.0,0.0,0.0,2267117.377481838,7371.8548899982125,0.047092517180745426,-7371.8548899982125,-0.047092517180745426,156539.83544146415,0.0,0.0,0.047092517180745426,0.06718398635293099,0.004513688022270818,0.05,0.0,-206611.74380617976,0.0,-0.0,-2142463.9083404234,0.0,-0.0,-8459999.999999998,-60000.0,60000.0,0.0,0.0,-0.0,0.0,0.0,-0.0,15836114.679750018,113140.72554999962,-113140.72554999962,-2759921.65012155,-45768.87066000141,45768.87066000141,0.5,0.9171839952468872,0.5,0.5,9171840.0,302.83172607421875,473.1572265625,313.16363525390625,-150000000.0,0.0,0.0,-74248328.0,0.0,0.0,-0.0,-0.0,224248320.0,-0.0,0.0,0.85,1.0,-1.0,1.0,True,True,False,,0,0
21679200.0,141,0.04839130812063352,False,False,ok,,,True,1.0,0.0,1,0.0,1.0,0.0,0.0,2274692.5448918394,7575.167410001159,0.04839130812063352,-7575.167410001159,-0.04839130812063352,156539.83544146415,0.0,0.0,0.04839130812063352,0.06470938077720689,0.004187303960569553,0.05,0.0,-206611.74380617976,0.0,-0.0,-2142463.9083404234,0.0,-0.0,-8519999.999999998,-60000.0,60000.0,0.0,0.0,-0.0,0.0,0.0,-0.0,15948238.842700012,112124.1629499942,-112124.1629499942,-2804470.645661548,-44548.995539997704,44548.995539997704,0.5,0.9147093892097473,0.5,0.5,9147094.0,302.0146789550781,473.1572265625,313.16363525390625,-150000000.0,0.0,0.0,-82782512.0,0.0,0.0,-0.0,-0.0,232782512.0,-0.0,0.0,0.85,1.0,-1.0,1.0,True,True,False,,0,0
21682800.0,142,0.042939539836901054,False,False,ok,,,True,1.0,0.0,1,0.0,1.0,0.0,0.0,2281414.29339184,6721.748500000685,0.042939539836901054,-6721.748500000685,-0.042939539836901054,156539.83544146415,0.0,0.0,0.042939539836901054,0.06252906957740911,0.00390988454221647,0.05,0.0,-206611.74380617976,0.0,-0.0,-2142463.9083404234,0.0,-0.0,-8579999.999999998,-60000.0,60000.0,0.0,0.0,-0.0,0.0,0.0,-0.0,16064630.100200009,116391.25749999657,-116391.25749999657,-2854140.1546615483,-49669.509000000544,49669.509000000544,0.5,0.9125290513038635,0.5,0.5,9125291.0,301.2947998046875,473.1572265625,313.16363525390625,-150000000.0,0.0,0.0,-51912600.0,0.0,0.0,-0.0,-0.0,201912592.0,-0.0,0.0,0.85,1.0,-1.0,1.0,True,True,False,,0,0
21686400.0,143,0.06265970589747367,False,False,ok,,,True,1.0,0.0,1,0.0,1.0,0.0,0.0,2291223.033441841,9808.74005000107,0.06265970589747367,-9808.74005000107,-0.06265970589747367,156539.83544146415,0.0,0.0,0.06265970589747367,0.060388382132454455,0.0036467566965753444,0.05,0.0,-206611.74380617976,0.0,-0.0,-2142463.9083404234,0.0,-0.0,-8639999.999999998,-60000.0,60000.0,0.0,0.0,-0.0,0.0,0.0,-0.0,16165586.399950013,100956.29975000396,-100956.29975000396,-2885287.7143615466,-31147.559699998237,31147.559699998237,0.5,0.9103884100914001,0.5,0.5,9103884.0,300.5879821777344,473.1572265625,313.16363525390625,-150000000.0,0.0,0.0,-59496140.0,0.0,0.0,-0.0,-0.0,209496144.0,-0.0,0.0,0.85,1.0,-1.0,1.0,True,True,False,,0,0
21690000.0,144,0.05781522725176464,False,False,ok,,,True,1.0,0.0,1,0.0,1.0,0.0,0.0,2300273.419601843,9050.38616000209,0.05781522725176464,-9050.38616000209,-0.05781522725176464,156539.83544146415,0.0,0.0,0.05781522725176464,0.05815915978277719,0.003382487866638608,0.05,0.0,-206611.74380617976,0.0,-0.0,-2142463.9083404234,0.0,-0.0,-8699999.999999998,-60000.0,60000.0,0.0,0.0,-0.0,0.0,0.0,-0.0,16270334.469150007,104748.0691999942,-104748.0691999942,-2920985.397401548,-35697.68304000143,35697.68304000143,0.5,0.9081591367721558,0.5,0.5,9081592.0,299.8519592285156,473.1572265625,313.16363525390625,-150000000.0,0.0,0.0,-96437264.0,0.0,0.0,-0.0,-0.0,246437264.0,-0.0,0.0,0.85,1.0,-1.0,1.0,True,True,False,,0,0
21693600.0,145,0.03421668098024417,False,False,ok,,,True,1.0,0.0,1,0.0,1.0,0.0,0.0,2305629.6932118437,5356.273610000499,0.03421668098024417,-5356.273610000499,-0.03421668098024417,156539.83544146415,0.0,0.0,0.03421668098024417,0.05588582183589785,0.0031232250822737172,0.05,0.0,-206611.74380617976,0.0,-0.0,-2142463.9083404234,0.0,-0.0,-8759999.999999998,-60000.0,60000.0,0.0,0.0,-0.0,0.0,0.0,-0.0,16393553.101100009,123218.63195000216,-123218.63195000216,-2978847.7557415497,-57862.358340001665,57862.358340001665,0.5,0.9058858156204224,0.5,0.5,9058858.0,299.1013488769531,473.1572265625,313.16363525390625,-150000000.0,0.0,0.0,-79148984.0,0.0,0.0,-0.0,-0.0,229148992.0,-0.0,0.0,0.85,1.0,-1.0,1.0,True,True,False,,0,0
21697200.0,146,0.04526069322879381,False,False,ok,,,True,1.0,0.0,1,0.0,1.0,0.0,0.0,2312714.7946818457,7085.101470001973,0.04526069322879381,-7085.101470001973,-0.04526069322879381,156539.83544146415,0.0,0.0,0.04526069322879381,0.05367080887126474,0.00288055572489583,0.05,0.0,-206611.74380617976,0.0,-0.0,-2142463.9083404234,0.0,-0.0,-8819999.999999998,-60000.0,60000.0,0.0,0.0,-0.0,0.0,0.0,-0.0,16508127.593750004,114574.49264999479,-114574.49264999479,-3026337.146921552,-47489.39118000213,47489.39118000213,0.5,0.9036707878112793,0.5,0.5,9036708.0,298.3699951171875,473.1572265625,313.16363525390625,-150000000.0,0.0,0.0,-50770520.0,0.0,0.0,-0.0,-0.0,200770528.0,-0.0,0.0,0.85,1.0,-1.0,1.0,True,True,False,,0,0
21700800.0,147,0.06338928300273024,False,False,ok,,,True,1.0,0.0,1,0.0,1.0,0.0,0.0,2322637.7426118455,9922.947929999791,0.06338928300273024,-9922.947929999791,-0.06338928300273024,156539.83544146415,0.0,0.0,0.06338928300273024,0.05158698486032698,0.002661217006979605,0.05,0.0,-206611.74380617976,0.0,-0.0,-2142463.9083404234,0.0,-0.0,-8879999.999999998,-60000.0,60000.0,0.0,0.0,-0.0,0.0,0.0,-0.0,16608512.8541,100385.26034999639,-100385.26034999639,-3056799.459341553,-30462.312420001253,30462.312420001253,0.5,0.9015870094299316,0.5,0.5,9015870.0,297.6819763183594,473.1572265625,313.16363525390625,-150000000.0,0.0,0.0,-64683764.0,0.0,0.0,-0.0,-0.0,214683760.0,-0.0,0.0,0.85,1.0,-1.0,1.0,True,True,False,,0,0
21704400.0,148,0.0633426948264735,False,False,ok,,,True,1.0,0.0,1,0.0,1.0,0.0,0.0,2332553.3976364005,9915.655024555046,0.0633426948264735,-9915.655024555046,-0.0633426948264735,156539.83544146415,0.0,0.0,0.0633426948264735,0.05053624389750888,0.0025539119472685035,0.05,0.0,-206611.74380617976,0.0,-0.0,-2143452.502265105,-988.5939246816561,988.5939246816561,-8939999.999999998,-60000.0,60000.0,0.0,0.0,-0.0,0.0,0.0,-0.0,16715854.736449998,107341.88234999776,-107341.88234999776,-3093237.092742317,-36437.63340076385,36437.63340076385,0.5,0.9005362391471863,0.5,0.5,9005362.0,297.3350524902344,473.1572265625,313.16363525390625,-150000000.0,0.0,0.0,-43501760.0,0.0,0.0,-8761251.0,-8761251.0,202263008.0,-0.0,0.0,0.85,1.0,-1.0,1.0,True,True,False,,0,0
21708000.0,149,0.10634267598187655,False,False,ok,,,True,1.0,0.0,1,0.0,1.0,0.0,0.0,2349200.2626350084,16646.864998607896,0.10634267598187655,-16646.864998607896,-0.10634267598187655,156539.83544146415,0.0,0.0,0.10634267598187655,0.05189857848554513,0.002693462448820288,0.05,0.0,-206611.74380617976,0.0,-0.0,-2148361.9064855394,-4909.404220434371,4909.404220434371,-8999999.999999998,-60000.0,60000.0,0.0,0.0,-0.0,0.0,0.0,-0.0,16816986.241000004,101131.50455000624,-101131.50455000624,-3112812.3280732743,-19575.235330957454,19575.235330957454,0.5,0.9018985629081726,0.5,0.5,9018986.0,297.78485107421875,473.1572265625,313.16363525390625,-150000000.0,0.0,0.0,-57002448.0,0.0,0.0,-32734130.0,-32734130.0,239736576.0,-0.0,0.0,0.85,1.0,-1.0,1.0,True,True,False,,0,0
21711600.0,150,0.14825021466060836,False,False,ok,,,True,1.0,0.0,1,0.0,1.0,0.0,0.0,2372407.326842142,23207.06420713337,0.14825021466060836,-23207.06420713337,-0.14825021466060836,156539.83544146415,0.0,0.0,0.14825021466060836,0.05579955039895901,0.0031135898247259663,0.05,0.0,-206997.26224793517,-385.5184417554119,385.5184417554119,-2160437.1575866784,-12075.251101139002,12075.251101139002,-9059999.999999998,-60000.0,60000.0,0.0,0.0,-0.0,0.0,0.0,-0.0,16936854.52925001,119868.28825000674,-119868.28825000674,-3137012.782573248,-24200.45449997345,24200.45449997345,0.5,0.9057995676994324,0.5,0.5,9057996.0,299.0728759765625,473.1572265625,313.16363525390625,-150000000.0,0.0,0.0,-15602841.0,-3060443.0,-3060443.0,-66905016.0,-66905016.0,235568304.0,-0.0,0.0,0.85,1.0,-1.0,1.0,True,True,False,,0,0
21715200.0,151,0.21780333657888598,False,False,ok,,,True,1.0,0.0,1,0.0,1.0,0.0,0.0,2406502.2253088024,34094.89846666064,0.21780333657888598,-34094.89846666064,-0.21780333657888598,156539.83544146415,0.0,0.0,0.21780333657888598,0.06104768402632388,0.0037268197249778795,0.05,0.0,-207654.2087634927,-656.9465155575308,656.9465155575308,-2180665.7363277,-20228.578741021454,20228.578741021454,-9119999.999999998,-60000.0,60000.0,0.0,0.0,-0.0,0.0,0.0,-0.0,17054638.678500026,117784.14925001562,-117784.14925001562,-3139816.5081000086,-2803.725526760798,2803.725526760798,0.5,0.9110476970672607,0.5,0.5,9110477.0,300.8056640625,473.1572265625,313.16363525390625,-150000000.0,0.0,0.0,21329504.0,-509542.4375,-509542.4375,-97638024.0,-97638024.0,226818064.0,-0.0,0.0,0.85,1.0,-1.0,1.0,True,True,False,,0,0
21718800.0,152,0.18561866994175277,False,False,ok,,,True,1.0,0.0,1,0.0,1.0,0.0,0.0,2435558.941356348,29056.71604754543,0.18561866994175277,-29056.71604754543,-0.18561866994175277,156539.83544146415,0.0,0.0,0.18561866994175277,0.06630767509581503,0.004396707776612169,0.05,0.0,-207679.68413301787,-25.475369525171118,25.475369525171118,-2208419.5906942603,-27753.854366560467,27753.854366560467,-9179999.999999998,-60000.0,60000.0,0.0,0.0,-0.0,0.0,0.0,-0.0,17168047.710200034,113409.03170000762,-113409.03170000762,-3136389.4940163773,3427.0140836313367,-3427.0140836313367,0.5,0.9163076877593994,0.5,0.5,9163077.0,302.5423583984375,473.1572265625,313.16363525390625,-150000000.0,0.0,0.0,47632516.0,0.0,0.0,-126972248.0,-126972248.0,229339728.0,-0.0,0.0,0.85,1.0,-1.0,1.0,True,True,False,,0,0
21722400.0,153,0.17703349091459591,False,False,ok,,,True,1.0,0.0,1,0.0,1.0,0.0,0.0,2463271.7348917467,27712.793535398785,0.17703349091459591,-27712.793535398785,-0.17703349091459591,156539.83544146415,0.0,0.0,0.17703349091459591,0.07079088358165853,0.005011349198271931,0.05,0.0,-207679.68413301787,0.0,-0.0,-2240124.756535263,-31705.165841002483,31705.165841002483,-9239999.999999998,-60000.0,60000.0,0.0,0.0,-0.0,0.0,0.0,-0.0,17282717.576500036,114669.86630000174,-114669.86630000174,-3131641.400939977,4748.093076400459,-4748.093076400459,0.5,0.9207909107208252,0.5,0.5,9207909.0,304.0226135253906,473.1572265625,313.16363525390625,-150000000.0,0.0,0.0,66086140.0,0.0,0.0,-126633512.0,-126633512.0,210547376.0,-0.0,0.0,0.85,1.0,-1.0,1.0,True,True,False,,0,0
21726000.0,154,0.12368129250518234,False,False,ok,,,True,1.0,0.0,1,0.0,1.0,0.0,0.0,2482632.7840676955,19361.049175948836,0.12368129250518234,-19361.049175948836,-0.12368129250518234,156539.83544146415,0.0,0.0,0.12368129250518234,0.07434735684520533,0.005527529469868299,0.05,0.0,-207679.68413301787,0.0,-0.0,-2273221.253442015,-33096.49690675223,33096.49690675223,-9299999.999999998,-60000.0,60000.0,0.0,0.0,-0.0,0.0,0.0,-0.0,17387991.260650054,105273.6841500178,-105273.6841500178,-3124457.5390072763,7183.8619327005,-7183.8619327005,0.5,0.9243473410606384,0.5,0.5,9243474.0,305.1968688964844,473.1572265625,313.16363525390625,-150000000.0,0.0,0.0,68639072.0,0.0,0.0,-139334816.0,-139334816.0,220695744.0,-0.0,0.0,0.85,1.0,-1.0,1.0,True,True,False,,0,0
21729600.0,155,0.13308539308354703,False,False,ok,,,True,1.0,0.0,1,0.0,1.0,0.0,0.0,2503465.9496006565,20833.165532961022,0.13308539308354703,-20833.165532961022,-0.13308539308354703,156539.83544146415,0.0,0.0,0.13308539308354703,0.07707082494919382,0.005939912058349276,0.05,0.0,-207679.68413301787,0.0,-0.0,-2310629.8111537467,-37408.55771173164,37408.55771173164,-9359999.999999998,-60000.0,60000.0,0.0,0.0,-0.0,0.0,0.0,-0.0,17498339.135850042,110347.87519998848,-110347.87519998848,-3116563.690962584,7893.848044692073,-7893.848044692073,0.5,0.9270707964897156,0.5,0.5,9270708.0,306.0960998535156,473.1572265625,313.16363525390625,-150000000.0,0.0,0.0,86238600.0,0.0,-0.0,-162029632.0,-162029632.0,225791040.0,-0.0,0.0,0.85,1.0,-1.0,1.0,True,True,False,,0,0
21733200.0,156,0.14413535769135927,False,False,ok,,,True,1.0,0.0,1,0.0,1.0,0.0,0.0,2526028.8747749585,22562.925174301956,0.14413535769135927,-22562.925174301956,-0.14413535769135927,156539.83544146415,0.0,0.0,0.14413535769135927,0.07838853154870329,0.006144761878362051,0.05,0.0,-207679.68413301787,0.0,-0.0,-2348552.2913299096,-37922.480176162906,37922.480176162906,-9419999.999999998,-60000.0,60000.0,0.0,0.0,-0.0,0.0,0.0,-0.0,17611234.652450055,112895.51660001278,-112895.51660001278,-3108973.802212119,7589.888750465121,-7589.888750465121,0.5,0.9283885359764099,0.5,0.5,9283885.0,306.5311584472656,473.1572265625,313.16363525390625,-150000000.0,0.0,0.0,46925820.0,0.0,0.0,-138842560.0,-138842560.0,241916736.0,-0.0,0.0,0.85,1.0,-1.0,1.0,True,True,False,,0,0
21736800.0,157,0.2095279916739133,False,False,ok,,,True,1.0,0.0,1,0.0,1.0,0.0,0.0,2558828.3521119733,32799.47733701486,0.2095279916739133,-32799.47733701486,-0.2095279916739133,156539.83544146415,0.0,0.0,0.2095279916739133,0.07831873365876063,0.006133824041911885,0.05,0.0,-207679.68413301787,0.0,-0.0,-2380164.325034885,-31612.03370497562,31612.03370497562,-9479999.999999998,-60000.0,60000.0,0.0,0.0,-0.0,0.0,0.0,-0.0,17732193.02440007,120958.37195001543,-120958.37195001543,-3105520.663120129,3453.139091989957,-3453.139091989957,0.5,0.9283187389373779,0.5,0.5,9283187.0,306.50811767578125,473.1572265625,313.16363525390625,-150000000.0,0.0,0.0,28028312.0,0.0,0.0,-111023840.0,-111023840.0,232995536.0,-0.0,0.0,0.85,1.0,-1.0,1.0,True,True,False,,0,0
21740400.0,158,0.21403934665447247,False,False,ok,,,True,1.0,0.0,1,0.0,1.0,0.0,0.0,2592334.036215263,33505.68410328962,0.21403934665447247,-33505.68410328962,-0.21403934665447247,156539.83544146415,0.0,0.0,0.21403934665447247,0.0774890208776653,0.006004548356579248,0.05,0.0,-207679.68413301787,0.0,-0.0,-2404651.8727960694,-24487.547761184163,24487.547761184163,-9539999.999999998,-60000.0,60000.0,0.0,0.0,-0.0,0.0,0.0,-0.0,17848690.790350072,116497.76595000178,-116497.76595000178,-3104025.197205655,1495.4659144743346,-1495.4659144743346,0.5,0.9274890422821045,0.5,0.5,9274890.0,306.2341613769531,473.1572265625,313.16363525390625,-150000000.0,0.0,0.0,7631498.0,0.0,-0.0,-81690304.0,-81690304.0,224058800.0,-0.0,0.0,0.85,1.0,-1.0,1.0,True,True,False,,0,0
21744000.0,159,0.18733828753877152,False,False,ok,,,True,1.0,0.0,1,0.0,1.0,0.0,0.0,2621659.940918468,29325.904703204986,0.18733828753877152,-29325.904703204986,-0.18733828753877152,156539.83544146415,0.0,0.0,0.18733828753877152,0.07587623739167526,0.005757203400717859,0.05,0.0,-207679.68413301787,0.0,-0.0,-2420579.2625903827,-15927.389794313349,15927.389794313349,-9599999.999999998,-60000.0,60000.0,0.0,0.0,-0.0,0.0,0.0,-0.0,17960720.192400075,112029.40205000341,-112029.40205000341,-3110801.304758136,-6776.10755248135,6776.10755248135,0.5,0.925876259803772,0.5,0.5,9258762.0,305.70166015625,473.1572265625,313.16363525390625,-150000000.0,0.0,0.0,-51352388.0,0.0,0.0,-41285848.0,-41285848.0,242638240.0,-0.0,0.0,0.85,1.0,-1.0,1.0,True,True,False,,0,0
21747600.0,160,0.10438357882462146,False,False,ok,,,True,1.0,0.0,1,0.0,1.0,0.0,0.0,2638000.1291704653,16340.188251997344,0.10438357882462146,-16340.188251997344,-0.10438357882462146,156539.83544146415,0.0,0.0,0.10438357882462146,0.07374013933901657,0.00543760814973758,0.05,0.0,-207679.68413301787,0.0,-0.0,-2428153.556727524,-7574.294137141202,7574.294137141202,-9659999.999999998,-60000.0,60000.0,0.0,0.0,-0.0,0.0,0.0,-0.0,18082039.310100086,121319.11770001054,-121319.11770001054,-3148205.9400689974,-37404.63531086128,37404.63531086128,0.5,0.9237401485443115,0.5,0.5,9237401.0,304.9963684082031,473.1572265625,313.16363525390625,-150000000.0,0.0,0.0,-57377628.0,0.0,0.0,-16698776.0,-16698776.0,224076400.0,-0.0,0.0,0.85,1.0,-1.0,1.0,True,True,False,,0,0
21751200.0,161,0.0741448962534541,False,False,ok,,,True,1.0,0.0,1,0.0,1.0,0.0,0.0,2649606.7590288054,11606.629858340137,0.0741448962534541,-11606.629858340137,-0.0741448962534541,156539.83544146415,0.0,0.0,0.0741448962534541,0.0709995084645173,0.005040930202203064,0.05,0.0,-207679.68413301787,0.0,-0.0,-2431020.892769195,-2867.336041671224,2867.336041671224,-9719999.999999998,-60000.0,60000.0,0.0,0.0,-0.0,0.0,0.0,-0.0,18194077.513100103,112038.20300001651,-112038.20300001651,-3185770.1771689863,-37564.23709998885,37564.23709998885,0.5,0.9209995269775391,0.5,0.5,9209995.0,304.09149169921875,473.1572265625,313.16363525390625,-150000000.0,0.0,0.0,-58601644.0,0.0,0.0,-5013149.5,-5013149.5,213614800.0,-0.0,0.0,0.85,1.0,-1.0,1.0,True,True,False,,0,0
21754800.0,162,0.06137160252004474,False,False,ok,,,True,1.0,0.0,1,0.0,1.0,0.0,0.0,2659213.859588072,9607.10055926675,0.06137160252004474,-9607.10055926675,-0.06137160252004474,156539.83544146415,0.0,0.0,0.06137160252004474,0.06721038136620583,0.0045172353633908275,0.05,0.0,-207679.68413301787,0.0,-0.0,-2431712.7355686715,-691.8427994763479,691.8427994763479,-9779999.999999998,-60000.0,60000.0,0.0,0.0,-0.0,0.0,0.0,-0.0,18300884.9099001,106807.3967999965,-106807.3967999965,-3222278.630610244,-36508.45344125759,36508.45344125759,0.5,0.9172104001045227,0.5,0.5,9172104.0,302.84039306640625,473.1572265625,313.16363525390625,-150000000.0,0.0,0.0,-86559784.0,0.0,0.0,-0.0,-0.0,236559792.0,-0.0,0.0,0.85,1.0,-1.0,1.0,True,True,False,,0,0
21758400.0,163,0.04052656272512661,False,False,ok,,,True,1.0,0.0,1,0.0,1.0,0.0,0.0,2665557.8810480717,6344.021459999494,0.04052656272512661,-6344.021459999494,-0.04052656272512661,156539.83544146415,0.0,0.0,0.04052656272512661,0.06312017604870002,0.003984156624418883,0.05,0.0,-207679.68413301787,0.0,-0.0,-2431712.7355686715,0.0,-0.0,-9839999.999999998,-60000.0,60000.0,0.0,0.0,-0.0,0.0,0.0,-0.0,18419164.802600116,118279.8927000165,-118279.8927000165,-3274214.5018502423,-51935.87123999838,51935.87123999838,0.5,0.9131201505661011,0.5,0.5,9131202.0,301.48992919921875,473.1572265625,313.16363525390625,-150000000.0,0.0,0.0,-98473464.0,0.0,0.0,-0.0,-0.0,248473456.0,-0.0,0.0,0.85,1.0,-1.0,1.0,True,True,False,,0,0
21762000.0,164,0.032915926259090435,False,False,ok,,,True,1.0,0.0,1,0.0,1.0,0.0,0.0,2670710.534728073,5152.6536800013855,0.032915926259090435,-5152.6536800013855,-0.032915926259090435,156539.83544146415,0.0,0.0,0.032915926259090435,0.05949575536300278,0.003539744906214274,0.05,0.0,-207679.68413301787,0.0,-0.0,-2431712.7355686715,0.0,-0.0,-9899999.999999998,-60000.0,60000.0,0.0,0.0,-0.0,0.0,0.0,-0.0,18543401.534200132,124236.73160001636,-124236.73160001636,-3333298.5797702433,-59084.077920001,59084.077920001,0.5,0.9094957709312439,0.5,0.5,9094958.0,300.293212890625,473.1572265625,313.16363525390625,-150000000.0,0.0,0.0,-68781128.0,0.0,0.0,-0.0,-0.0,218781136.0,-0.0,0.0,0.85,1.0,-1.0,1.0,True,True,False,,0,0
21765600.0,165,0.05188383530041215,False,False,ok,,,True,1.0,0.0,1,0.0,1.0,0.0,0.0,2678832.4217680716,8121.887039998546,0.05188383530041215,-8121.887039998546,-0.05188383530041215,156539.83544146415,0.0,0.0,0.05188383530041215,0.05644874965051472,0.0031864613371064853,0.05,0.0,-207679.68413301787,0.0,-0.0,-2431712.7355686715,0.0,-0.0,-9959999.999999998,-60000.0,60000.0,0.0,0.0,-0.0,0.0,0.0,-0.0,18652792.09900015,109390.56480001658,-109390.56480001658,-3374567.2575302427,-41268.67775999941,41268.67775999941,0.5,0.9064487218856812,0.5,0.5,9064487.0,299.28717041015625,473.1572265625,313.16363525390625,-150000000.0,0.0,0.0,-61930004.0,0.0,0.0,-0.0,-0.0,211930000.0,-0.0,0.0,0.85,1.0,-1.0,1.0,False,True,False,,0,0
21769200.0,166,0.056260436553807136,False,False,ok,,,True,1.0,0.0,1,0.0,1.0,0.0,0.0,2687639.4212480695,8806.999479997903,0.056260436553807136,-8806.999479997903,-0.056260436553807136,156539.83544146415,0.0,0.0,0.056260436553807136,0.05403701783405024,0.0029199992963974634,0.05,0.0,-207679.68413301787,0.0,-0.0,-2431712.7355686715,0.0,-0.0,-10019999.999999998,-60000.0,60000.0,0.0,0.0,-0.0,0.0,0.0,-0.0,18758757.10160014,105965.00259999186,-105965.00259999186,-3411725.2606502413,-37158.00311999861,37158.00311999861,0.5,0.9040369987487793,0.5,0.5,9040370.0,298.4908752441406,473.1572265625,313.16363525390625,-150000000.0,0.0,0.0,-62135236.0,0.0,0.0,-0.0,-0.0,212135232.0,-0.0,0.0,0.85,1.0,-1.0,1.0,False,True,False,,0,0
21772800.0,167,0.056129331139392225,False,True,ok,,,True,1.0,0.0,1,0.0,1.0,0.0,0.0,2696425.8975080694,8786.476259999909,0.056129331139392225,-8786.476259999909,-0.056129331139392225,156539.83544146415,0.0,0.0,0.056129331139392225,0.05213882895198352,0.0027184574844841946,0.05,0.0,-207679.68413301787,0.0,-0.0,-2431712.7355686715,0.0,-0.0,-10079999.999999998,-60000.0,60000.0,0.0,0.0,-0.0,0.0,0.0,-0.0,18864824.720300145,106067.61870000511,-106067.61870000511,-3449006.403090242,-37281.14244000055,37281.14244000055,0.5,0.9021388292312622,0.5,0.5,9021388.0,297.8641357421875,473.1572265625,313.16363525390625,-150000000.0,0.0,0.0,-50946968.0,0.0,0.0,-0.0,-0.0,200946976.0,-0.0,0.0,0.85,1.0,-1.0,1.0,False,True,False,,0,0
