time,step,reward,terminated,truncated,fmu_status,fmu_error,failure_type,transition_valid,requested_u_tp,requested_u_battery,requested_caes_mode,requested_caes_magnitude,decoded_u_tp,decoded_u_battery,decoded_u_caes,rt_economic_cashflow_total,rt_economic_cashflow_delta,rt_economic_reward,rt_raw_total_cost,rt_normalized_cost,rt_cost_reference,rt_cost_reference_missing,rt_terminal_soc_bonus,rt_reward,rt_terminal_soc_l1_error,rt_terminal_soc_l2_error,rt_terminal_soc_tolerance,rt_terminal_soc_satisfied,rt_economic_cashflow_wind,rt_economic_cashflow_delta_wind,rt_raw_wind_cost,rt_economic_cashflow_pv,rt_economic_cashflow_delta_pv,rt_raw_pv_cost,rt_economic_cashflow_thermal,rt_economic_cashflow_delta_thermal,rt_raw_thermal_cost,rt_economic_cashflow_battery,rt_economic_cashflow_delta_battery,rt_raw_battery_cost,rt_economic_cashflow_caes,rt_economic_cashflow_delta_caes,rt_raw_caes_cost,rt_economic_cashflow_load,rt_economic_cashflow_delta_load,rt_raw_load_cost,rt_economic_cashflow_grid,rt_economic_cashflow_delta_grid,rt_raw_grid_cost,obs_battery_soc,obs_caes_gas_soc,obs_caes_hot_soc,obs_caes_cold_soc,obs_caes_gas_pressure,obs_caes_gas_temperature,obs_caes_hot_temperature,obs_caes_cold_temperature,obs_p_thermal,obs_p_battery,obs_p_caes,obs_p_grid,obs_p_wind_available,obs_p_wind_actual,obs_p_pv_available,obs_p_pv_actual,obs_p_load_actual,obs_p_curtailment,obs_p_unserved,u_tp_dynamic_low,u_tp_dynamic_high,u_battery_dynamic_low,u_battery_dynamic_high,caes_discharge_allowed,caes_idle_allowed,caes_charge_allowed,caes_locked_mode,caes_locked_steps_completed,caes_locked_steps_remaining
5446800.0,0,0.03904878022109438,False,False,ok,,,True,1.0,0.0,1,0.0,1.0,0.0,0.0,6112.6896300000135,6112.6896300000135,0.03904878022109438,-6112.6896300000135,-0.03904878022109438,156539.83544146415,0.0,0.0,0.03904878022109438,0.022478970430656275,0.0005053041116223192,0.05,1.0,0.0,0.0,-0.0,0.0,0.0,-0.0,-59999.99999999999,-59999.99999999999,59999.99999999999,0.0,0.0,-0.0,0.0,0.0,-0.0,119436.55184999997,119436.55184999997,-119436.55184999997,-53323.86221999999,-53323.86221999999,53323.86221999999,0.5,0.827521026134491,0.5,0.5,8275210.5,273.2278747558594,473.1572265625,313.16363525390625,-150000000.0,0.0,0.0,-67880296.0,0.0,0.0,-0.0,-0.0,217880304.0,-0.0,0.0,0.85,1.0,-1.0,1.0,True,True,False,,0,0
5450400.0,1,0.052459300323404005,False,False,ok,,,True,1.0,0.0,1,0.0,1.0,0.0,0.0,14324.659870000023,8211.97024000001,0.052459300323404005,-8211.97024000001,-0.052459300323404005,156539.83544146415,0.0,0.0,0.052459300323404005,0.035667344166564474,0.0012721594398961609,0.05,1.0,0.0,0.0,-0.0,0.0,0.0,-0.0,-119999.99999999999,-59999.99999999999,59999.99999999999,0.0,0.0,-0.0,0.0,0.0,-0.0,228376.70064999998,108940.14880000001,-108940.14880000001,-94052.04077999995,-40728.178559999964,40728.178559999964,0.5,0.8143326640129089,0.5,0.5,8143326.5,268.87335205078125,473.1572265625,313.16363525390625,-150000000.0,0.0,0.0,-51266188.0,0.0,0.0,-0.0,-0.0,201266192.0,-0.0,0.0,0.85,1.0,-1.0,1.0,True,True,False,,0,0
5454000.0,2,0.06307264270564548,False,False,ok,,,True,1.0,0.0,1,0.0,1.0,0.0,0.0,24198.04098000003,9873.381110000008,0.06307264270564548,-9873.381110000008,-0.06307264270564548,156539.83544146415,0.0,0.0,0.06307264270564548,0.04355557905681273,0.0018970884669742638,0.05,1.0,0.0,0.0,-0.0,0.0,0.0,-0.0,-179999.99999999997,-59999.999999999985,59999.999999999985,0.0,0.0,-0.0,0.0,0.0,-0.0,329009.7951000001,100633.09445000012,-100633.09445000012,-124811.75411999997,-30759.713340000017,30759.713340000017,0.5,0.8064444065093994,0.5,0.5,8064444.0,266.2688293457031,473.1572265625,313.16363525390625,-150000000.0,0.0,0.0,-91688984.0,0.0,0.0,-0.0,-0.0,241688976.0,-0.0,0.0,0.85,1.0,-1.0,1.0,True,True,True,,0,0
5457600.0,3,0.037249955792757104,False,False,ok,,,True,1.0,0.0,1,0.0,1.0,0.0,0.0,30029.14293000004,5831.101950000011,0.037249955792757104,-5831.101950000011,-0.037249955792757104,156539.83544146415,0.0,0.0,0.037249955792757104,0.04840751279315081,0.0023432872948190592,0.05,1.0,0.0,0.0,-0.0,0.0,0.0,-0.0,-239999.99999999997,-60000.0,60000.0,0.0,0.0,-0.0,0.0,0.0,-0.0,449854.2853499999,120844.4902499998,-120844.4902499998,-179825.1424199999,-55013.38829999993,55013.38829999993,0.5,0.8015924692153931,0.5,0.5,8015925.0,264.6668395996094,473.1572265625,313.16363525390625,-150000000.0,0.0,0.0,-68159888.0,0.0,0.0,-0.0,-0.0,218159888.0,-0.0,0.0,0.85,1.0,-1.0,1.0,True,True,True,,0,0
5461200.0,4,0.05228069204825691,False,False,ok,,,True,1.0,0.0,1,0.0,1.0,0.0,0.0,38213.15386000004,8184.01093,0.05228069204825691,-8184.01093,-0.05228069204825691,156539.83544146415,0.0,0.0,0.05228069204825691,0.051504676007648076,0.002652731650652799,0.05,0.0,0.0,0.0,-0.0,0.0,0.0,-0.0,-299999.99999999994,-59999.99999999997,59999.99999999997,0.0,0.0,-0.0,0.0,0.0,-0.0,558934.2306999997,109079.94534999982,-109079.94534999982,-220721.07684000002,-40895.93442000012,40895.93442000012,0.5,0.798495352268219,0.5,0.5,7984953.0,263.64422607421875,473.1572265625,313.16363525390625,-150000000.0,0.0,0.0,-89428088.0,0.0,0.0,-0.0,-0.0,239428096.0,-0.0,0.0,0.85,1.0,-1.0,1.0,True,True,True,,0,0
5464800.0,5,0.03869424650229056,False,False,ok,,,True,1.0,0.0,1,0.0,1.0,0.0,0.0,44270.344840000056,6057.190980000014,0.03869424650229056,-6057.190980000014,-0.03869424650229056,156539.83544146415,0.0,0.0,0.03869424650229056,0.05352801564889009,0.0028652484593078226,0.05,0.0,0.0,0.0,-0.0,0.0,0.0,-0.0,-359999.99999999994,-60000.0,60000.0,0.0,0.0,-0.0,0.0,0.0,-0.0,678648.2758,119714.04510000022,-119714.04510000022,-274377.93095999997,-53656.854119999945,53656.854119999945,0.5,0.7964720129966736,0.5,0.5,7964720.0,262.9761657714844,473.1572265625,313.16363525390625,-150000000.0,0.0,0.0,-93982984.0,0.0,0.0,-0.0,-0.0,243982976.0,-0.0,0.0,0.85,1.0,-1.0,1.0,True,True,True,,0,0
5468400.0,6,0.049852907818928684,False,False,ok,,,True,1.0,0.0,1,0.0,1.0,0.0,0.0,52074.31082625363,7803.965986253577,0.049852907818928684,-7803.965986253577,-0.049852907818928684,156539.83544146415,0.0,0.0,0.049852907818928684,0.05393887325781077,0.002909402048322174,0.05,0.0,0.0,0.0,-0.0,-1573.0459330382805,-1573.0459330382805,1573.0459330382805,-419999.99999999994,-60000.0,60000.0,0.0,0.0,-0.0,0.0,0.0,-0.0,800639.7674000002,121991.4916000003,-121991.4916000003,-326992.41064070805,-52614.479680708086,52614.479680708086,0.5,0.796061098575592,0.5,0.5,7960611.5,262.84051513671875,473.1572265625,313.16363525390625,-150000000.0,0.0,0.0,-69881072.0,0.0,0.0,-13944320.0,-13944320.0,233825392.0,-0.0,0.0,0.85,1.0,-1.0,1.0,True,True,True,,0,0
5472000.0,7,0.12635860920954908,False,False,ok,,,True,1.0,0.0,1,0.0,1.0,0.0,0.0,71854.46671852873,19780.155892275092,0.12635860920954908,-19780.155892275092,-0.12635860920954908,156539.83544146415,0.0,0.0,0.12635860920954908,0.05090857329668008,0.0025916828351034483,0.05,0.0,0.0,0.0,-0.0,-10974.970998949066,-9401.925065910786,9401.925065910786,-479999.99999999994,-60000.0,60000.0,0.0,0.0,-0.0,0.0,0.0,-0.0,917552.4634000002,116912.696,-116912.696,-354723.02568252216,-27730.615041814104,27730.615041814104,0.5,0.7990913987159729,0.5,0.5,7990914.5,263.8410339355469,473.1572265625,313.16363525390625,-150000000.0,0.0,0.0,-11222743.0,0.0,0.0,-66039460.0,-66039460.0,227262208.0,-0.0,0.0,0.85,1.0,-1.0,1.0,True,True,True,,0,0
5475600.0,8,0.20411011185854275,False,False,ok,,,True,1.0,0.0,1,0.0,1.0,0.0,0.0,103805.83004080385,31951.363322275123,0.20411011185854275,-31951.363322275123,-0.20411011185854275,156539.83544146415,0.0,0.0,0.20411011185854275,0.04457337654715343,0.0019867858968143277,0.05,1.0,0.0,0.0,-0.0,-32569.71513267569,-21594.744133726625,21594.744133726625,-539999.9999999999,-59999.99999999994,59999.99999999994,0.0,0.0,-0.0,0.0,0.0,-0.0,1031183.5649500003,113631.10155000002,-113631.10155000002,-354808.01977652044,-84.9940939982771,84.9940939982771,0.5,0.8054265975952148,0.5,0.5,8054266.0,265.9327697753906,473.1572265625,313.16363525390625,-150000000.0,0.0,0.0,15822616.0,0.0,0.0,-110767056.0,-110767056.0,244944448.0,-0.0,0.0,0.85,1.0,-1.0,1.0,True,True,True,,0,0
5479200.0,9,0.22200711837315862,False,False,ok,,,True,1.0,0.0,1,0.0,1.0,0.0,0.0,138558.78781777175,34752.9577769679,0.22200711837315862,-34752.9577769679,-0.22200711837315862,156539.83544146415,0.0,0.0,0.22200711837315862,0.036875765446607645,0.0013598220772732222,0.05,1.0,0.0,0.0,-0.0,-62944.41397106252,-30374.698838386827,30374.698838386827,-599999.9999999999,-60000.0,60000.0,0.0,0.0,-0.0,0.0,0.0,-0.0,1153655.7862999998,122472.22134999954,-122472.22134999954,-352152.5845111657,2655.435265354754,-2655.435265354754,0.5,0.8131242394447327,0.5,0.5,8131242.5,268.4743347167969,473.1572265625,313.16363525390625,-150000000.0,0.0,0.0,79427872.0,0.0,0.0,-134402544.0,-134402544.0,204974672.0,-0.0,0.0,0.85,1.0,-1.0,1.0,True,True,True,,0,0
5482800.0,10,0.10054260519412264,False,False,ok,,,True,1.0,0.0,1,0.0,1.0,0.0,0.0,154297.7106897158,15738.922871944058,0.10054260519412264,-15738.922871944058,-0.10054260519412264,156539.83544146415,0.0,0.0,0.10054260519412264,0.029524271090447973,0.0008716825834222619,0.05,1.0,0.0,0.0,-0.0,-98362.6582511558,-35418.24428009328,35418.24428009328,-659999.9999999999,-60000.0,60000.0,0.0,0.0,-0.0,0.0,0.0,-0.0,1256143.1231000004,102487.33680000063,-102487.33680000063,-343482.7541591283,8669.830352037388,-8669.830352037388,0.5,0.8204757571220398,0.5,0.5,8204757.5,270.901611328125,473.1572265625,313.16363525390625,-150000000.0,0.0,0.0,95924608.0,0.0,0.0,-150471568.0,-150471568.0,204546960.0,-0.0,0.0,0.85,1.0,-1.0,1.0,True,True,True,,0,0
5486400.0,11,0.0888579182296662,False,False,ok,,,True,1.0,0.0,1,0.0,1.0,0.0,0.0,168207.51458705883,13909.803897343023,0.0888579182296662,-13909.803897343023,-0.0888579182296662,156539.83544146415,0.0,0.0,0.0888579182296662,0.023671659916992938,0.00056034748322577,0.05,1.0,0.0,0.0,-0.0,-136544.29482225075,-38181.63657109496,38181.63657109496,-719999.9999999999,-60000.0,60000.0,0.0,0.0,-0.0,0.0,0.0,-0.0,1358416.6053999993,102273.48229999887,-102273.48229999887,-333664.7959906903,9817.958168437995,-9817.958168437995,0.5,0.8263283371925354,0.5,0.5,8263283.5,272.833984375,473.1572265625,313.16363525390625,-150000000.0,0.0,0.0,103755032.0,0.0,0.0,-155467008.0,-155467008.0,201711968.0,-0.0,0.0,0.85,1.0,-1.0,1.0,True,True,True,,0,0
5490000.0,12,0.08868197082541113,False,False,ok,,,True,1.0,0.0,1,0.0,1.0,0.0,0.0,182089.7757066934,13882.261119634582,0.08868197082541113,-13882.261119634582,-0.08868197082541113,156539.83544146415,0.0,0.0,0.08868197082541113,0.019506366253274843,0.0003804983244068996,0.05,1.0,0.0,0.0,-0.0,-172881.8373561932,-36337.54253394244,36337.54253394244,-779999.9999999999,-60000.0,60000.0,0.0,0.0,-0.0,0.0,0.0,-0.0,1459272.5886999988,100855.9832999995,-100855.9832999995,-324300.9756371134,9363.820353576913,-9363.820353576913,0.5,0.8304936289787292,0.5,0.5,8304936.5,274.2092590332031,473.1572265625,313.16363525390625,-150000000.0,0.0,0.0,66746984.0,0.0,-0.0,-132955696.0,-132955696.0,216208704.0,-0.0,0.0,0.85,1.0,-1.0,1.0,True,True,True,,0,0
5493600.0,13,0.1496402453331797,False,False,ok,,,True,1.0,0.0,1,0.0,1.0,0.0,0.0,205514.4350865697,23424.659379876277,0.1496402453331797,-23424.659379876277,-0.1496402453331797,156539.83544146415,0.0,0.0,0.1496402453331797,0.01709023525653741,0.00029207614112379435,0.05,1.0,0.0,0.0,-0.0,-202979.87932306607,-30098.041966872872,30098.041966872872,-839999.9999999999,-60000.0,60000.0,0.0,0.0,-0.0,0.0,0.0,-0.0,1567376.9443999985,108104.35569999972,-108104.35569999972,-318882.6299903642,5418.345646749192,-5418.345646749192,0.5,0.8329097628593445,0.5,0.5,8329097.5,275.00701904296875,473.1572265625,313.16363525390625,-150000000.0,0.0,0.0,46641708.0,0.0,-0.0,-104944992.0,-104944992.0,208303280.0,-0.0,0.0,0.85,1.0,-1.0,1.0,True,True,False,,0,0
5497200.0,14,0.1610322118940375,False,False,ok,,,True,1.0,0.0,1,0.0,1.0,0.0,0.0,230722.3910372373,25207.955950667616,0.1610322118940375,-25207.955950667616,-0.1610322118940375,156539.83544146415,0.0,0.0,0.1610322118940375,0.016638999547001432,0.0002768563059251139,0.05,1.0,0.0,0.0,-0.0,-224835.47800528677,-21855.598682220705,21855.598682220705,-899999.9999999999,-60000.0,60000.0,0.0,0.0,-0.0,0.0,0.0,-0.0,1671528.5883499994,104151.64395000087,-104151.64395000087,-315970.7193074759,2911.910682888294,-2911.910682888294,0.5,0.833361029624939,0.5,0.5,8333610.0,275.156005859375,473.1572265625,313.16363525390625,-150000000.0,0.0,0.0,-34116084.0,0.0,0.0,-65787844.0,-65787844.0,249903936.0,-0.0,0.0,0.85,1.0,-1.0,1.0,True,True,False,,0,0
5500800.0,15,0.13408882333151642,False,False,ok,,,True,1.0,0.0,1,0.0,1.0,0.0,0.0,251712.63337609245,20990.24233885514,0.13408882333151642,-20990.24233885514,-0.13408882333151642,156539.83544146415,0.0,0.0,0.13408882333151642,0.019282869470044983,0.0003718290549987929,0.05,1.0,0.0,0.0,-0.0,-236250.2175116119,-11414.739506325132,11414.739506325132,-959999.9999999999,-60000.0,60000.0,0.0,0.0,-0.0,0.0,0.0,-0.0,1796480.553199999,124951.96484999964,-124951.96484999964,-348517.7023122957,-32546.983004819776,32546.983004819776,0.5,0.830717146396637,0.5,0.5,8307171.5,274.2830505371094,473.1572265625,313.16363525390625,-150000000.0,0.0,0.0,-50152304.0,0.0,0.0,-20621956.0,-20621956.0,220774256.0,-0.0,0.0,0.85,1.0,-1.0,1.0,True,True,False,,0,0
5504400.0,16,0.07606031648802836,False,False,ok,,,True,1.0,0.0,1,0.0,1.0,0.0,0.0,263619.1028027541,11906.469426661643,0.07606031648802836,-11906.469426661643,-0.07606031648802836,156539.83544146415,0.0,0.0,0.07606031648802836,0.024098642836836714,0.0005807445865774215,0.05,1.0,0.0,0.0,-0.0,-239095.85710922736,-2845.63959761546,2845.63959761546,-1019999.9999999999,-60000.0,60000.0,0.0,0.0,-0.0,0.0,0.0,-0.0,1906867.6832499993,110387.13005000027,-110387.13005000027,-384152.7233380186,-35635.021025722905,35635.021025722905,0.5,0.8259013295173645,0.5,0.5,8259013.5,272.6929931640625,473.1572265625,313.16363525390625,-150000000.0,0.0,0.0,-87716672.0,0.0,0.0,-0.0,-0.0,237716672.0,-0.0,0.0,0.85,1.0,-1.0,1.0,True,True,False,,0,0
5508000.0,17,0.03978752796331518,False,False,ok,,,True,1.0,0.0,1,0.0,1.0,0.0,0.0,269847.4358827541,6228.333080000011,0.03978752796331518,-6228.333080000011,-0.03978752796331518,156539.83544146415,0.0,0.0,0.03978752796331518,0.028427160968823695,0.0008081034807474134,0.05,1.0,0.0,0.0,-0.0,-239095.85710922736,0.0,-0.0,-1079999.9999999998,-59999.99999999988,59999.99999999988,0.0,0.0,-0.0,0.0,0.0,-0.0,2025726.0178500004,118858.33460000111,-118858.33460000111,-436782.7248580185,-52630.00151999993,52630.00151999993,0.5,0.8215728402137756,0.5,0.5,8215728.5,271.2638244628906,473.1572265625,313.16363525390625,-150000000.0,0.0,0.0,-84665672.0,0.0,0.0,-0.0,-0.0,234665680.0,-0.0,0.0,0.85,1.0,-1.0,1.0,True,True,True,,0,0
5511600.0,18,0.0417365489849574,False,False,ok,,,True,1.0,0.0,1,0.0,1.0,0.0,0.0,276380.86839275394,6533.432509999839,0.0417365489849574,-6533.432509999839,-0.0417365489849574,156539.83544146415,0.0,0.0,0.0417365489849574,0.032034460057315695,0.0010262066311637547,0.05,1.0,0.0,0.0,-0.0,-239095.85710922736,0.0,-0.0,-1139999.9999999998,-60000.0,60000.0,0.0,0.0,-0.0,0.0,0.0,-0.0,2143058.8553000004,117332.83744999999,-117332.83744999999,-487582.1297980183,-50799.404939999804,50799.404939999804,0.5,0.817965567111969,0.5,0.5,8179655.5,270.0727844238281,473.1572265625,313.16363525390625,-150000000.0,0.0,0.0,-88532200.0,0.0,0.0,-0.0,-0.0,238532208.0,-0.0,0.0,0.85,1.0,-1.0,1.0,True,True,True,,0,0
5515200.0,19,0.039266554245860126,False,False,ok,,,True,1.0,0.0,1,0.0,1.0,0.0,0.0,282527.6483327542,6146.77994000027,0.039266554245860126,-6146.77994000027,-0.039266554245860126,156539.83544146415,0.0,0.0,0.039266554245860126,0.03551064888489741,0.0012610061842264657,0.05,1.0,0.0,0.0,-0.0,-239095.85710922736,0.0,-0.0,-1199999.9999999998,-60000.0,60000.0,0.0,0.0,-0.0,0.0,0.0,-0.0,2262324.9556000014,119266.10030000098,-119266.10030000098,-540701.4501580183,-53119.320359999954,53119.320359999954,0.5,0.8144893646240234,0.5,0.5,8144893.5,268.9250183105469,473.1572265625,313.16363525390625,-150000000.0,0.0,0.0,-95613008.0,0.0,0.0,-0.0,-0.0,245613008.0,-0.0,0.0,0.85,1.0,-1.0,1.0,True,True,True,,0,0
5518800.0,20,0.03474323046694381,False,False,ok,,,True,1.0,0.0,1,0.0,1.0,0.0,0.0,287966.34791275446,5438.699580000248,0.03474323046694381,-5438.699580000248,-0.03474323046694381,156539.83544146415,0.0,0.0,0.03474323046694381,0.03863531885588489,0.0014926878630958948,0.05,1.0,0.0,0.0,-0.0,-239095.85710922736,0.0,-0.0,-1259999.9999999998,-60000.0,60000.0,0.0,0.0,-0.0,0.0,0.0,-0.0,2385131.4577000025,122806.50210000109,-122806.50210000109,-598069.252678018,-57367.80251999968,57367.80251999968,0.5,0.8113647103309631,0.5,0.5,8113647.0,267.893310546875,473.1572265625,313.16363525390625,-150000000.0,0.0,0.0,-65533988.0,0.0,0.0,-0.0,-0.0,215533984.0,-0.0,0.0,0.85,1.0,-1.0,1.0,True,True,True,,0,0
5522400.0,21,0.053958157910280496,False,False,ok,,,True,1.0,0.0,1,0.0,1.0,0.0,0.0,296412.9490727543,8446.601159999846,0.053958157910280496,-8446.601159999846,-0.053958157910280496,156539.83544146415,0.0,0.0,0.053958157910280496,0.04118740230913831,0.0016964021089748119,0.05,1.0,0.0,0.0,-0.0,-239095.85710922736,0.0,-0.0,-1319999.9999999998,-60000.0,60000.0,0.0,0.0,-0.0,0.0,0.0,-0.0,2492898.451900002,107766.99419999961,-107766.99419999961,-637389.6457180177,-39320.39303999976,39320.39303999976,0.5,0.8088126182556152,0.5,0.5,8088126.0,267.0506896972656,473.1572265625,313.16363525390625,-150000000.0,0.0,0.0,-60235852.0,0.0,0.0,-0.0,-0.0,210235856.0,-0.0,0.0,0.85,1.0,-1.0,1.0,True,True,True,,0,0
5526000.0,22,0.05734268619029315,False,False,ok,,,True,1.0,0.0,1,0.0,1.0,0.0,0.0,305389.3637327543,8976.41466000001,0.05734268619029315,-8976.41466000001,-0.05734268619029315,156539.83544146415,0.0,0.0,0.05734268619029315,0.04326292454876468,0.0018716806405121057,0.05,1.0,0.0,0.0,-0.0,-239095.85710922736,0.0,-0.0,-1379999.9999999998,-60000.0,60000.0,0.0,0.0,-0.0,0.0,0.0,-0.0,2598016.378600001,105117.92669999879,-105117.92669999879,-673531.1577580177,-36141.51203999994,36141.51203999994,0.5,0.8067370653152466,0.5,0.5,8067371.0,266.3653869628906,473.1572265625,313.16363525390625,-150000000.0,0.0,0.0,-53643940.0,0.0,0.0,-0.0,-0.0,203643936.0,-0.0,0.0,0.85,1.0,-1.0,1.0,True,True,True,,0,0
5529600.0,23,0.061553698985478085,False,False,ok,,,True,1.0,0.0,1,0.0,1.0,0.0,0.0,315024.96964275447,9635.605910000158,0.061553698985478085,-9635.605910000158,-0.061553698985478085,156539.83544146415,0.0,0.0,0.061553698985478085,0.04482675370437528,0.0020094378476727226,0.05,1.0,0.0,0.0,-0.0,-239095.85710922736,0.0,-0.0,-1439999.9999999998,-60000.0,60000.0,0.0,0.0,-0.0,0.0,0.0,-0.0,2699838.349049999,101821.97044999804,-101821.97044999804,-705717.5222980179,-32186.364540000213,32186.364540000213,0.5,0.8051732182502747,0.5,0.5,8051732.5,265.84906005859375,473.1572265625,313.16363525390625,-150000000.0,0.0,0.0,-79360032.0,0.0,0.0,-0.0,-0.0,229360032.0,-0.0,0.0,0.85,1.0,-1.0,1.0,True,True,True,,0,0
5533200.0,24,0.04512587195507311,False,False,ok,,,True,1.0,0.0,1,0.0,1.0,0.0,0.0,322088.9662127542,7063.9965699997265,0.04512587195507311,-7063.9965699997265,-0.04512587195507311,156539.83544146415,0.0,0.0,0.04512587195507311,0.045818610554570705,0.002099345073151418,0.05,1.0,0.0,0.0,-0.0,-239095.85710922736,0.0,-0.0,-1499999.9999999998,-60000.0,60000.0,0.0,0.0,-0.0,0.0,0.0,-0.0,2814518.366199997,114680.01714999788,-114680.01714999788,-753333.5428780183,-47616.02058000048,47616.02058000048,0.5,0.8041813969612122,0.5,0.5,8041814.0,265.5215759277344,473.1572265625,313.16363525390625,-150000000.0,0.0,0.0,-77124328.0,0.0,0.0,-0.0,-0.0,227124336.0,-0.0,0.0,0.85,1.0,-1.0,1.0,True,True,True,,0,0
5536800.0,25,0.04655407276651379,False,False,ok,,,True,1.0,0.0,1,0.0,1.0,0.0,0.0,329376.5331027542,7287.566890000016,0.04655407276651379,-7287.566890000016,-0.04655407276651379,156539.83544146415,0.0,0.0,0.04655407276651379,0.046340199744887345,0.002147414112396057,0.05,1.0,0.0,0.0,-0.0,-239095.85710922736,0.0,-0.0,-1559999.9999999998,-60000.0,60000.0,0.0,0.0,-0.0,0.0,0.0,-0.0,2928080.531749995,113562.16554999817,-113562.16554999817,-799608.1415380182,-46274.5986599999,46274.5986599999,0.5,0.8036597967147827,0.5,0.5,8036598.0,265.349365234375,473.1572265625,313.16363525390625,-150000000.0,0.0,0.0,-82204288.0,0.0,0.0,-0.0,-0.0,232204288.0,-0.0,0.0,0.85,1.0,-1.0,1.0,True,True,True,,0,0
5540400.0,26,0.04330891808388937,False,False,ok,,,True,1.0,0.0,1,0.0,1.0,0.0,0.0,336156.1040127541,6779.570909999893,0.04330891808388937,-6779.570909999893,-0.04330891808388937,156539.83544146415,0.0,0.0,0.04330891808388937,0.04674060708729777,0.0021846843508891503,0.05,1.0,0.0,0.0,-0.0,-239095.85710922736,0.0,-0.0,-1619999.9999999998,-60000.0,60000.0,0.0,0.0,-0.0,0.0,0.0,-0.0,3044182.6771999937,116102.14544999879,-116102.14544999879,-848930.7160780177,-49322.57453999948,49322.57453999948,0.5,0.8032593727111816,0.5,0.5,8032594.0,265.2171630859375,473.1572265625,313.16363525390625,-150000000.0,0.0,0.0,-79900264.0,0.0,0.0,-0.0,-0.0,229900256.0,-0.0,0.0,0.85,1.0,-1.0,1.0,True,True,True,,0,0
5544000.0,27,0.044780765740751356,False,False,ok,,,True,1.0,0.0,1,0.0,1.0,0.0,0.0,343166.0777127541,7009.973699999973,0.044780765740751356,-7009.973699999973,-0.044780765740751356,156539.83544146415,0.0,0.0,0.044780765740751356,0.047293608840223156,0.0022366854371320337,0.05,1.0,0.0,0.0,-0.0,-239095.85710922736,0.0,-0.0,-1679999.9999999998,-60000.0,60000.0,0.0,0.0,-0.0,0.0,0.0,-0.0,3159132.808699994,114950.13150000013,-114950.13150000013,-896870.8738780179,-47940.15780000016,47940.15780000016,0.5,0.8027064204216003,0.5,0.5,8027064.0,265.0345458984375,473.1572265625,313.16363525390625,-150000000.0,0.0,0.0,-72500984.0,0.0,0.0,-0.0,-0.0,222500992.0,-0.0,0.0,0.85,1.0,-1.0,1.0,True,True,True,,0,0
5547600.0,28,0.049507534731619035,False,False,ok,,,True,1.0,0.0,1,0.0,1.0,0.0,0.0,350915.9790527543,7749.901340000215,0.049507534731619035,-7749.901340000215,-0.049507534731619035,156539.83544146415,0.0,0.0,0.049507534731619035,0.047921563277644075,0.0022964762269732453,0.05,1.0,0.0,0.0,-0.0,-239095.85710922736,0.0,-0.0,-1739999.9999999998,-60000.0,60000.0,0.0,0.0,-0.0,0.0,0.0,-0.0,3270383.301999992,111250.49329999834,-111250.49329999834,-940371.4658380178,-43500.591959999874,43500.591959999874,0.5,0.8020784258842468,0.5,0.5,8020784.5,264.8272399902344,473.1572265625,313.16363525390625,-150000000.0,0.0,0.0,-58127508.0,0.0,0.0,-0.0,-0.0,208127504.0,-0.0,0.0,0.85,1.0,-1.0,1.0,True,True,True,,0,0
5551200.0,29,0.05868952828582307,False,False,ok,,,True,1.0,0.0,1,0.0,1.0,0.0,0.0,360103.2281527542,9187.249099999899,0.05868952828582307,-9187.249099999899,-0.05868952828582307,156539.83544146415,0.0,0.0,0.05868952828582307,0.04846274601620704,0.002348637751431391,0.05,1.0,0.0,0.0,-0.0,-239095.85710922736,0.0,-0.0,-1799999.9999999998,-60000.0,60000.0,0.0,0.0,-0.0,0.0,0.0,-0.0,3374447.056499994,104063.75450000167,-104063.75450000167,-975247.9712380172,-34876.50539999944,34876.50539999944,0.5,0.801537275314331,0.5,0.5,8015372.5,264.6485290527344,473.1572265625,313.16363525390625,-150000000.0,0.0,0.0,-88246040.0,0.0,0.0,-0.0,-0.0,238246032.0,-0.0,0.0,0.85,1.0,-1.0,1.0,True,True,True,,0,0
5554800.0,30,0.055253302741177304,False,False,ok,,,True,1.0,0.0,1,0.0,1.0,0.0,0.0,368752.5710714555,8649.342918701295,0.055253302741177304,-8649.342918701295,-0.055253302741177304,156539.83544146415,0.0,0.0,0.055253302741177304,0.0485024340694864,0.0023524861106648753,0.05,1.0,0.0,0.0,-0.0,-240862.9618154426,-1767.1047062152356,1767.1047062152356,-1859999.9999999998,-60000.0,60000.0,0.0,0.0,-0.0,0.0,0.0,-0.0,3493570.0748499944,119123.0183500005,-119123.0183500005,-1023954.5419631005,-48706.57072508335,48706.57072508335,0.5,0.8014975786209106,0.5,0.5,8014975.5,264.63543701171875,473.1572265625,313.16363525390625,-150000000.0,0.0,0.0,-83483680.0,0.0,0.0,-15681338.0,-15681338.0,249165024.0,-0.0,0.0,0.85,1.0,-1.0,1.0,True,True,True,,0,0
5558400.0,31,0.11727455801101122,False,False,ok,,,True,1.0,0.0,1,0.0,1.0,0.0,0.0,387110.7110839696,18358.140012514137,0.11727455801101122,-18358.140012514137,-0.11727455801101122,156539.83544146415,0.0,0.0,0.11727455801101122,0.04711640617523327,0.00221995573086956,0.05,1.0,0.0,0.0,-0.0,-250344.8487243812,-9481.886908938613,9481.886908938613,-1919999.9999999998,-60000.0,60000.0,0.0,0.0,-0.0,0.0,0.0,-0.0,3618152.5831499924,124582.50829999801,-124582.50829999801,-1060697.0233416476,-36742.48137854703,36742.48137854703,0.5,0.8028835654258728,0.5,0.5,8028836.0,265.09307861328125,473.1572265625,313.16363525390625,-150000000.0,0.0,0.0,7669176.0,0.0,0.0,-64826500.0,-64826500.0,207157328.0,-0.0,0.0,0.85,1.0,-1.0,1.0,True,True,True,,0,0
5562000.0,32,0.15755770159888358,False,False,ok,,,True,1.0,0.0,1,0.0,1.0,0.0,0.0,411774.7677647942,24664.05668082455,0.15755770159888358,-24664.05668082455,-0.15755770159888358,156539.83544146415,0.0,0.0,0.15755770159888358,0.043628687551441225,0.0019034623774612826,0.05,1.0,0.0,0.0,-0.0,-272342.96905634034,-21998.12033195913,21998.12033195913,-1979999.9999999998,-60000.0,60000.0,0.0,0.0,-0.0,0.0,0.0,-0.0,3721731.2442499907,103578.66109999828,-103578.66109999828,-1057613.5074288638,3083.515912783798,-3083.515912783798,0.5,0.8063713312149048,0.5,0.5,8063713.0,266.24462890625,473.1572265625,313.16363525390625,-150000000.0,0.0,0.0,24488550.0,0.0,0.0,-115873720.0,-115873720.0,241385168.0,-0.0,0.0,0.85,1.0,-1.0,1.0,True,True,True,,0,0
5565600.0,33,0.20459314542138327,False,False,ok,,,True,1.0,0.0,1,0.0,1.0,0.0,0.0,443801.74508150906,32026.97731671488,0.20459314542138327,-32026.97731671488,-0.20459314542138327,156539.83544146415,0.0,0.0,0.20459314542138327,0.03796620624790259,0.0014414328168582777,0.05,1.0,0.0,0.0,-0.0,-304888.11939514894,-32545.1503388086,32545.1503388086,-2039999.9999999998,-60000.0,60000.0,0.0,0.0,-0.0,0.0,0.0,-0.0,3842423.8286499907,120692.58440000005,-120692.58440000005,-1053733.9641733405,3879.543255523313,-3879.543255523313,0.5,0.8120337724685669,0.5,0.5,8120338.0,268.1142272949219,473.1572265625,313.16363525390625,-150000000.0,0.0,0.0,53313856.0,0.0,0.0,-147370496.0,-147370496.0,244056640.0,-0.0,0.0,0.85,1.0,-1.0,1.0,True,True,True,,0,0
5569200.0,34,0.18926972925917135,False,False,ok,,,True,1.0,0.0,1,0.0,1.0,0.0,0.0,473429.9973537902,29628.252272281155,0.18926972925917135,-29628.252272281155,-0.18926972925917135,156539.83544146415,0.0,0.0,0.18926972925917135,0.03091230484969143,0.0009555705911202562,0.05,1.0,0.0,0.0,-0.0,-343212.1256746803,-38324.00627953134,38324.00627953134,-2099999.9999999995,-59999.99999999977,59999.99999999977,0.0,0.0,-0.0,0.0,0.0,-0.0,3964452.148699993,122028.32005000208,-122028.32005000208,-1047810.0256715281,5923.938501812401,-5923.938501812401,0.5,0.8190876841545105,0.5,0.5,8190877.0,270.4432678222656,473.1572265625,313.16363525390625,-150000000.0,0.0,0.0,106910992.0,0.0,0.0,-160433504.0,-160433504.0,203522512.0,-0.0,0.0,0.85,1.0,-1.0,1.0,True,True,True,,0,0
5572800.0,35,0.0804508418901754,False,False,ok,,,True,1.0,0.0,1,0.0,1.0,0.0,0.0,486023.7589044055,12593.761550615309,0.0804508418901754,-12593.761550615309,-0.0804508418901754,156539.83544146415,0.0,0.0,0.0804508418901754,0.024291427397149734,0.0005900734449909967,0.05,1.0,0.0,0.0,-0.0,-382904.1990236547,-39692.0733489744,39692.0733489744,-2159999.9999999995,-60000.0,60000.0,0.0,0.0,-0.0,0.0,0.0,-0.0,4066213.405649992,101761.25694999937,-101761.25694999937,-1037285.4477219383,10524.577949589817,-10524.577949589817,0.5,0.8257085680961609,0.5,0.5,8257085.5,272.6293029785156,473.1572265625,313.16363525390625,-150000000.0,0.0,0.0,82847568.0,0.0,-0.0,-156740832.0,-156740832.0,223893264.0,-0.0,0.0,0.85,1.0,-1.0,1.0,True,True,True,,0,0
5576400.0,36,0.1428024047426266,False,False,ok,,,True,1.0,0.0,1,0.0,1.0,0.0,0.0,508378.02384346165,22354.264939056127,0.1428024047426266,-22354.264939056127,-0.1428024047426266,156539.83544146415,0.0,0.0,0.1428024047426266,0.01925870013292108,0.00037089753080977447,0.05,1.0,0.0,0.0,-0.0,-419909.26899189444,-37005.06996823975,37005.06996823975,-2219999.9999999995,-60000.0,60000.0,0.0,0.0,-0.0,0.0,0.0,-0.0,4178160.0392999914,111946.63364999928,-111946.63364999928,-1029872.7464646425,7412.70125729579,-7412.70125729579,0.5,0.830741286277771,0.5,0.5,8307413.0,274.2909851074219,473.1572265625,313.16363525390625,-150000000.0,0.0,0.0,50424252.0,0.0,-0.0,-137361984.0,-137361984.0,236937744.0,-0.0,0.0,0.85,1.0,-1.0,1.0,True,True,True,,0,0
5580000.0,37,0.19604930909741583,False,False,ok,,,True,1.0,0.0,1,0.0,1.0,0.0,0.0,539067.5504279839,30689.526584522217,0.19604930909741583,-30689.526584522217,-0.19604930909741583,156539.83544146415,0.0,0.0,0.19604930909741583,0.015938154468208454,0.0002540247678524731,0.05,1.0,0.0,0.0,-0.0,-451718.55115102394,-31809.282159129507,31809.282159129507,-2279999.9999999995,-60000.0,60000.0,0.0,0.0,-0.0,0.0,0.0,-0.0,4296628.909149993,118468.86985000176,-118468.86985000176,-1025842.8075709906,4029.9388936518226,-4029.9388936518226,0.5,0.834061861038208,0.5,0.5,8340618.5,275.3873596191406,473.1572265625,313.16363525390625,-150000000.0,0.0,0.0,28135724.0,0.0,0.0,-114822568.0,-114822568.0,236686848.0,-0.0,0.0,0.85,1.0,-1.0,1.0,True,True,False,,0,0
5583600.0,38,0.2199542394652069,False,False,ok,,,True,1.0,0.0,1,0.0,1.0,0.0,0.0,573499.1508785198,34431.60045053589,0.2199542394652069,-34431.60045053589,-0.2199542394652069,156539.83544146415,0.0,0.0,0.2199542394652069,0.014741384748119701,0.00021730842429209615,0.05,1.0,0.0,0.0,-0.0,-475653.5528807518,-23935.00172972784,23935.00172972784,-2339999.9999999995,-60000.0,60000.0,0.0,0.0,-0.0,0.0,0.0,-0.0,4414972.331849992,118343.42269999906,-118343.42269999906,-1025819.6280907271,23.17948026349768,-23.17948026349768,0.5,0.8352586030960083,0.5,0.5,8352586.0,275.7825012207031,473.1572265625,313.16363525390625,-150000000.0,0.0,0.0,-18637598.0,0.0,0.0,-72174664.0,-72174664.0,240812256.0,-0.0,0.0,0.85,1.0,-1.0,1.0,True,True,False,,0,0
5587200.0,39,0.14901988784671816,False,False,ok,,,True,1.0,0.0,1,0.0,1.0,0.0,0.0,596826.6995995505,23327.548721030704,0.14901988784671816,-23327.548721030704,-0.14901988784671816,156539.83544146415,0.0,0.0,0.14901988784671816,0.016598370439499077,0.0002755059012468368,0.05,1.0,0.0,0.0,-0.0,-488088.39224577363,-12434.83936502185,12434.83936502185,-2399999.9999999995,-60000.0,60000.0,0.0,0.0,-0.0,0.0,0.0,-0.0,4535378.463799994,120406.13195000216,-120406.13195000216,-1050463.3719546744,-24643.743863947224,24643.743863947224,0.5,0.833401620388031,0.5,0.5,8334016.5,275.16937255859375,473.1572265625,313.16363525390625,-150000000.0,0.0,0.0,-54837696.0,0.0,0.0,-21836306.0,-21836306.0,226674000.0,-0.0,0.0,0.85,1.0,-1.0,1.0,True,True,False,,0,0
5590800.0,40,0.07376375013191469,False,False,ok,,,True,1.0,0.0,1,0.0,1.0,0.0,0.0,608373.6649067457,11546.965307195205,0.07376375013191469,-11546.965307195205,-0.07376375013191469,156539.83544146415,0.0,0.0,0.07376375013191469,0.020064130449696238,0.00040256933070242776,0.05,1.0,0.0,0.0,-0.0,-491098.65339377034,-3010.2611479967018,3010.2611479967018,-2459999.9999999995,-60000.0,60000.0,0.0,0.0,-0.0,0.0,0.0,-0.0,4648715.465299994,113337.00149999931,-113337.00149999931,-1089243.1469994818,-38779.775044807466,38779.775044807466,0.5,0.8299358487129211,0.5,0.5,8299358.5,274.0250549316406,473.1572265625,313.16363525390625,-150000000.0,0.0,0.0,-78041672.0,0.0,0.0,-0.0,-0.0,228041664.0,-0.0,0.0,0.85,1.0,-1.0,1.0,True,True,False,,0,0
5594400.0,41,0.045968063015438224,False,False,ok,,,True,1.0,0.0,1,0.0,1.0,0.0,0.0,615569.4979267452,7195.833019999554,0.045968063015438224,-7195.833019999554,-0.045968063015438224,156539.83544146415,0.0,0.0,0.045968063015438224,0.022601473452871,0.0005108266022408326,0.05,1.0,0.0,0.0,-0.0,-491098.65339377034,0.0,-0.0,-2519999.9999999995,-60000.0,60000.0,0.0,0.0,-0.0,0.0,0.0,-0.0,4762736.300199995,114020.83490000106,-114020.83490000106,-1136068.1488794822,-46825.001880000345,46825.001880000345,0.5,0.8273985385894775,0.5,0.5,8273985.5,273.1872863769531,473.1572265625,313.16363525390625,-150000000.0,0.0,0.0,-67326304.0,0.0,0.0,-0.0,-0.0,217326304.0,-0.0,0.0,0.85,1.0,-1.0,1.0,True,True,False,,0,0
5598000.0,42,0.05281319944335305,False,False,ok,,,True,1.0,0.0,1,0.0,1.0,0.0,0.0,623836.8674767449,8267.369549999712,0.05281319944335305,-8267.369549999712,-0.05281319944335305,156539.83544146415,0.0,0.0,0.05281319944335305,0.02405766109913332,0.0005787710575607527,0.05,1.0,0.0,0.0,-0.0,-491098.65339377034,0.0,-0.0,-2579999.9999999995,-60000.0,60000.0,0.0,0.0,-0.0,0.0,0.0,-0.0,4871399.45244999,108663.15224999562,-108663.15224999562,-1176463.9315794816,-40395.7826999994,40395.7826999994,0.5,0.82594233751297,0.5,0.5,8259423.5,272.70648193359375,473.1572265625,313.16363525390625,-150000000.0,0.0,0.0,-77537784.0,0.0,0.0,-0.0,-0.0,227537776.0,-0.0,0.0,0.85,1.0,-1.0,1.0,True,True,False,,0,0
5601600.0,43,0.04628995386104106,False,False,ok,,,True,1.0,0.0,1,0.0,1.0,0.0,0.0,631083.0892367453,7246.221760000335,0.04628995386104106,-7246.221760000335,-0.04628995386104106,156539.83544146415,0.0,0.0,0.04628995386104106,0.025199352790903573,0.0006350073810804196,0.05,1.0,0.0,0.0,-0.0,-491098.65339377034,0.0,-0.0,-2639999.9999999995,-60000.0,60000.0,0.0,0.0,-0.0,0.0,0.0,-0.0,4985168.343649995,113768.89120000415,-113768.89120000415,-1222986.601019482,-46522.66944000032,46522.66944000032,0.5,0.8248006701469421,0.5,0.5,8248006.5,272.32952880859375,473.1572265625,313.16363525390625,-150000000.0,0.0,0.0,-51055136.0,0.0,0.0,-0.0,-0.0,201055136.0,-0.0,0.0,0.85,1.0,-1.0,1.0,True,True,True,,0,0
5605200.0,44,0.06320746679013771,False,False,ok,,,True,1.0,0.0,1,0.0,1.0,0.0,0.0,640977.5756867452,9894.486449999968,0.06320746679013771,-9894.486449999968,-0.06320746679013771,156539.83544146415,0.0,0.0,0.06320746679013771,0.02660941366672165,0.0007080608956867129,0.05,1.0,0.0,0.0,-0.0,-491098.65339377034,0.0,-0.0,-2699999.9999999995,-60000.0,60000.0,0.0,0.0,-0.0,0.0,0.0,-0.0,5085695.911399996,100527.56775000133,-100527.56775000133,-1253619.682319482,-30633.081300000194,30633.081300000194,0.5,0.8233906030654907,0.5,0.5,8233906.0,271.86395263671875,473.1572265625,313.16363525390625,-150000000.0,0.0,0.0,-86838560.0,0.0,0.0,-0.0,-0.0,236838560.0,-0.0,0.0,0.85,1.0,-1.0,1.0,True,True,True,,0,0
5608800.0,45,0.04034847693679965,False,False,ok,,,True,1.0,0.0,1,0.0,1.0,0.0,0.0,647293.7196267456,6316.143940000329,0.04034847693679965,-6316.143940000329,-0.04034847693679965,156539.83544146415,0.0,0.0,0.04034847693679965,0.028317738346923527,0.0008018943050848232,0.05,1.0,0.0,0.0,-0.0,-491098.65339377034,0.0,-0.0,-2759999.9999999995,-60000.0,60000.0,0.0,0.0,-0.0,0.0,0.0,-0.0,5204115.191699997,118419.28030000068,-118419.28030000068,-1305722.8186794824,-52103.13636000035,52103.13636000035,0.5,0.8216822743415833,0.5,0.5,8216822.5,271.2998962402344,473.1572265625,313.16363525390625,-150000000.0,0.0,0.0,-91698584.0,0.0,0.0,-0.0,-0.0,241698592.0,-0.0,0.0,0.85,1.0,-1.0,1.0,True,True,True,,0,0
5612400.0,46,0.0372438190800349,False,False,ok,,,True,1.0,0.0,1,0.0,1.0,0.0,0.0,653123.8609367459,5830.1413100003265,0.0372438190800349,-5830.1413100003265,-0.0372438190800349,156539.83544146415,0.0,0.0,0.0372438190800349,0.030259940681905295,0.0009156640100724271,0.05,1.0,0.0,0.0,-0.0,-491098.65339377034,0.0,-0.0,-2819999.9999999995,-60000.0,60000.0,0.0,0.0,-0.0,0.0,0.0,-0.0,5324964.485149993,120849.29344999604,-120849.29344999604,-1360741.9708194828,-55019.15214000037,55019.15214000037,0.5,0.8197400569915771,0.5,0.5,8197400.5,270.65863037109375,473.1572265625,313.16363525390625,-150000000.0,0.0,0.0,-91815984.0,0.0,0.0,-0.0,-0.0,241815984.0,-0.0,0.0,0.85,1.0,-1.0,1.0,True,True,True,,0,0
5616000.0,47,0.03716882468664356,False,False,ok,,,True,1.0,0.0,1,0.0,1.0,0.0,0.0,658942.2626367457,5818.401699999813,0.03716882468664356,-5818.401699999813,-0.03716882468664356,156539.83544146415,0.0,0.0,0.03716882468664356,0.03278838134389328,0.0010750779511525688,0.05,1.0,0.0,0.0,-0.0,-491098.65339377034,0.0,-0.0,-2879999.9999999995,-60000.0,60000.0,0.0,0.0,-0.0,0.0,0.0,-0.0,5445872.476649996,120907.99150000326,-120907.99150000326,-1415831.560619484,-55089.58980000112,55089.58980000112,0.5,0.8172116279602051,0.5,0.5,8172116.0,269.82379150390625,473.1572265625,313.16363525390625,-150000000.0,0.0,0.0,-51656020.0,0.0,0.0,-0.0,-0.0,201656016.0,-0.0,0.0,0.85,1.0,-1.0,1.0,True,True,True,,0,0
5619600.0,48,0.06282361376109916,False,False,ok,,,True,1.0,0.0,1,0.0,1.0,0.0,0.0,668776.6607967463,9834.398160000565,0.06282361376109916,-9834.398160000565,-0.06282361376109916,156539.83544146415,0.0,0.0,0.06282361376109916,0.035534978178987764,0.0012627346741811364,0.05,1.0,0.0,0.0,-0.0,-491098.65339377034,0.0,-0.0,-2939999.9999999995,-60000.0,60000.0,0.0,0.0,-0.0,0.0,0.0,-0.0,5546700.485849999,100828.009200003,-100828.009200003,-1446825.1716594829,-30993.61103999894,30993.61103999894,0.5,0.8144650459289551,0.5,0.5,8144650.0,268.91693115234375,473.1572265625,313.16363525390625,-150000000.0,0.0,0.0,-95608616.0,0.0,0.0,-0.0,-0.0,245608624.0,-0.0,0.0,0.85,1.0,-1.0,1.0,True,True,True,,0,0
5623200.0,49,0.03474603294848547,False,False,ok,,,True,1.0,0.0,1,0.0,1.0,0.0,0.0,674215.7990767459,5439.138279999606,0.03474603294848547,-5439.138279999606,-0.03474603294848547,156539.83544146415,0.0,0.0,0.03474603294848547,0.03769078002917192,0.001420594899207425,0.05,1.0,0.0,0.0,-0.0,-491098.65339377034,0.0,-0.0,-2999999.9999999995,-60000.0,60000.0,0.0,0.0,-0.0,0.0,0.0,-0.0,5669504.794449996,122804.30859999731,-122804.30859999731,-1504190.341979483,-57365.170320000034,57365.170320000034,0.5,0.812309205532074,0.5,0.5,8123092.0,268.20513916015625,473.1572265625,313.16363525390625,-150000000.0,0.0,0.0,-54746260.0,0.0,0.0,-0.0,-0.0,204746256.0,-0.0,0.0,0.85,1.0,-1.0,1.0,True,True,True,,0,0
5626800.0,50,0.06084952167693988,False,False,ok,,,True,1.0,0.0,1,0.0,1.0,0.0,0.0,683741.1731867458,9525.374109999975,0.06084952167693988,-9525.374109999975,-0.06084952167693988,156539.83544146415,0.0,0.0,0.06084952167693988,0.03977506570635725,0.0015820558519450364,0.05,1.0,0.0,0.0,-0.0,-491098.65339377034,0.0,-0.0,-3059999.9999999995,-60000.0,60000.0,0.0,0.0,-0.0,0.0,0.0,-0.0,5771877.923899995,102373.12944999896,-102373.12944999896,-1537038.097319483,-32847.75534000015,32847.75534000015,0.5,0.8102249503135681,0.5,0.5,8102249.5,267.5169677734375,473.1572265625,313.16363525390625,-150000000.0,0.0,0.0,-92545400.0,0.0,0.0,-0.0,-0.0,242545408.0,-0.0,0.0,0.85,1.0,-1.0,1.0,True,True,True,,0,0
5630400.0,51,0.03670286188686472,False,False,ok,,,True,1.0,0.0,1,0.0,1.0,0.0,0.0,689486.6331467464,5745.4599600005895,0.03670286188686472,-5745.4599600005895,-0.03670286188686472,156539.83544146415,0.0,0.0,0.03670286188686472,0.04222626482864866,0.001783057441379171,0.05,1.0,0.0,0.0,-0.0,-491098.65339377034,0.0,-0.0,-3119999.9999999995,-60000.0,60000.0,0.0,0.0,-0.0,0.0,0.0,-0.0,5893150.624099992,121272.70019999705,-121272.70019999705,-1592565.3375594842,-55527.24024000112,55527.24024000112,0.5,0.8077737092971802,0.5,0.5,8077737.5,266.7076416015625,473.1572265625,313.16363525390625,-150000000.0,0.0,0.0,-76109992.0,0.0,0.0,-0.0,-0.0,226109984.0,-0.0,0.0,0.85,1.0,-1.0,1.0,True,True,True,,0,0
5634000.0,52,0.047202048470040156,False,False,ok,,,True,1.0,0.0,1,0.0,1.0,0.0,0.0,696875.6340467465,7389.000900000101,0.047202048470040156,-7389.000900000101,-0.047202048470040156,156539.83544146415,0.0,0.0,0.047202048470040156,0.04443441089739253,0.001974416871798316,0.05,1.0,0.0,0.0,-0.0,-491098.65339377034,0.0,-0.0,-3179999.9999999995,-60000.0,60000.0,0.0,0.0,-0.0,0.0,0.0,-0.0,6006205.619599991,113054.99549999833,-113054.99549999833,-1638231.3321594836,-45665.994599999394,45665.994599999394,0.5,0.805565595626831,0.5,0.5,8055656.0,265.9785461425781,473.1572265625,313.16363525390625,-150000000.0,0.0,0.0,-50818324.0,0.0,0.0,-0.0,-0.0,200818320.0,-0.0,0.0,0.85,1.0,-1.0,1.0,True,True,True,,0,0
5637600.0,53,0.06335874630268952,False,False,ok,,,True,1.0,0.0,1,0.0,1.0,0.0,0.0,706793.801766747,9918.167720000492,0.06335874630268952,-9918.167720000492,-0.06335874630268952,156539.83544146415,0.0,0.0,0.06335874630268952,0.046086367071106915,0.0021239532298128077,0.05,1.0,0.0,0.0,-0.0,-491098.65339377034,0.0,-0.0,-3239999.9999999995,-60000.0,60000.0,0.0,0.0,-0.0,0.0,0.0,-0.0,6106614.780999994,100409.16140000336,-100409.16140000336,-1668722.325839483,-30490.993679999374,30490.993679999374,0.5,0.8039136528968811,0.5,0.5,8039136.5,265.4331359863281,473.1572265625,313.16363525390625,-150000000.0,0.0,0.0,-56458856.0,0.0,0.0,-0.0,-0.0,206458864.0,-0.0,0.0,0.85,1.0,-1.0,1.0,True,True,True,,0,0
5641200.0,54,0.07312180997226421,False,False,ok,,,True,1.0,0.0,1,0.0,1.0,0.0,0.0,718240.2778669873,11446.476100240252,0.07312180997226421,-11446.476100240252,-0.07312180997226421,156539.83544146415,0.0,0.0,0.07312180997226421,0.04632460895235191,0.0021459693945883227,0.05,1.0,0.0,0.0,-0.0,-492593.197593942,-1494.5442001716583,1494.5442001716583,-3299999.9999999995,-60000.0,60000.0,0.0,0.0,-0.0,0.0,0.0,-0.0,6209844.20989999,103229.42889999598,-103229.42889999598,-1699010.7344390713,-30288.40859958832,30288.40859958832,0.5,0.8036754131317139,0.5,0.5,8036754.0,265.3544616699219,473.1572265625,313.16363525390625,-150000000.0,0.0,0.0,-66411636.0,0.0,0.0,-13247099.0,-13247099.0,229658736.0,-0.0,0.0,0.85,1.0,-1.0,1.0,True,True,True,,0,0
5644800.0,55,0.116826949840941,False,False,ok,,,True,1.0,0.0,1,0.0,1.0,0.0,0.0,736528.3493702164,18288.07150322909,0.116826949840941,-18288.07150322909,-0.116826949840941,156539.83544146415,0.0,0.0,0.116826949840941,0.04293825206422197,0.0018436934903306623,0.05,1.0,0.0,0.0,-0.0,-500631.7297605343,-8038.532166592311,8038.532166592311,-3359999.9999999995,-60000.0,60000.0,0.0,0.0,-0.0,0.0,0.0,-0.0,6324673.577549992,114829.36765000224,-114829.36765000224,-1727513.49841925,-28502.763980178628,28502.763980178628,0.5,0.8070617318153381,0.5,0.5,8070617.5,266.4725646972656,473.1572265625,313.16363525390625,-150000000.0,0.0,0.0,-31236500.0,0.0,0.0,-54852868.0,-54852868.0,236089376.0,-0.0,0.0,0.85,1.0,-1.0,1.0,True,True,True,,0,0
5648400.0,56,0.20550658326493787,False,False,ok,,,True,1.0,0.0,1,0.0,1.0,0.0,0.0,768698.3160966473,32169.966726430925,0.20550658326493787,-32169.966726430925,-0.20550658326493787,156539.83544146415,0.0,0.0,0.20550658326493787,0.03618346861225619,0.0013092434008141287,0.05,1.0,0.0,0.0,-0.0,-519940.28692964173,-19308.55716910743,19308.55716910743,-3419999.9999999995,-60000.0,60000.0,0.0,0.0,-0.0,0.0,0.0,-0.0,6442718.261799993,118044.68425000086,-118044.68425000086,-1734079.6587737119,-6566.160354461987,6566.160354461987,0.5,0.8138165473937988,0.5,0.5,8138165.5,268.70281982421875,473.1572265625,313.16363525390625,-150000000.0,0.0,0.0,52211496.0,0.0,0.0,-104062760.0,-104062760.0,201851264.0,-0.0,0.0,0.85,1.0,-1.0,1.0,True,True,True,,0,0
5652000.0,57,0.11699256798866939,False,False,ok,,,True,1.0,0.0,1,0.0,1.0,0.0,0.0,787012.3134374679,18313.997340820613,0.11699256798866939,-18313.997340820613,-0.11699256798866939,156539.83544146415,0.0,0.0,0.11699256798866939,0.02822106130305624,0.0007964283010708583,0.05,1.0,0.0,0.0,-0.0,-548984.4654282739,-29044.178498632158,29044.178498632158,-3479999.9999999995,-60000.0,60000.0,0.0,0.0,-0.0,0.0,0.0,-0.0,6543643.892349996,100925.63055000268,-100925.63055000268,-1727647.1134842595,6432.545289452421,-6432.545289452421,0.5,0.8217789530754089,0.5,0.5,8217789.5,271.331787109375,473.1572265625,313.16363525390625,-150000000.0,0.0,0.0,71889864.0,0.0,0.0,-130698336.0,-130698336.0,208808464.0,-0.0,0.0,0.85,1.0,-1.0,1.0,True,True,True,,0,0
5655600.0,58,0.11248168372816787,False,False,ok,,,True,1.0,0.0,1,0.0,1.0,0.0,0.0,804620.1776984541,17607.864260986215,0.11248168372816787,-17607.864260986215,-0.11248168372816787,156539.83544146415,0.0,0.0,0.11248168372816787,0.02067225773069581,0.00042734223968431264,0.05,1.0,0.0,0.0,-0.0,-583843.6696599636,-34859.204231689684,34859.204231689684,-3539999.9999999995,-60000.0,60000.0,0.0,0.0,-0.0,0.0,0.0,-0.0,6648048.125849994,104404.23349999823,-104404.23349999823,-1719584.2784915834,8062.834992676042,-8062.834992676042,0.5,0.8293277621269226,0.5,0.5,8293277.5,273.82421875,473.1572265625,313.16363525390625,-150000000.0,0.0,0.0,88382776.0,0.0,-0.0,-150004608.0,-150004608.0,211621824.0,-0.0,0.0,0.85,1.0,-1.0,1.0,True,True,True,,0,0
5659200.0,59,0.11636028939611201,False,False,ok,,,True,1.0,0.0,1,0.0,1.0,0.0,0.0,822835.1982524426,18215.02055398852,0.11636028939611201,-18215.02055398852,-0.11636028939611201,156539.83544146415,0.0,0.0,0.11636028939611201,0.014745591516616585,0.000217432469174915,0.05,1.0,0.0,0.0,-0.0,-619566.5233366494,-35722.85367668583,35722.85367668583,-3599999.9999999995,-60000.0,60000.0,0.0,0.0,-0.0,0.0,0.0,-0.0,6753859.04179999,105810.91594999656,-105810.91594999656,-1711457.3202109088,8126.9582806746475,-8126.9582806746475,0.5,0.835254430770874,0.5,0.5,8352544.0,275.78106689453125,473.1572265625,313.16363525390625,-150000000.0,0.0,0.0,48447192.0,0.0,0.0,-134197832.0,-134197832.0,235750640.0,-0.0,0.0,0.85,1.0,-1.0,1.0,True,True,False,,0,0
5662800.0,60,0.19144838755055693,False,False,ok,,,True,1.0,0.0,1,0.0,1.0,0.0,0.0,852804.4973351405,29969.299082697835,0.19144838755055693,-29969.299082697835,-0.19144838755055693,156539.83544146415,0.0,0.0,0.19144838755055693,0.010589710435423227,0.0001121419671061116,0.05,1.0,-496.559901528777,-496.559901528777,496.559901528777,-651193.6419255711,-31627.11858892173,31627.11858892173,-3659999.9999999995,-60000.0,60000.0,0.0,0.0,-0.0,0.0,0.0,-0.0,6871734.361649988,117875.31984999776,-117875.31984999776,-1707239.6624877604,4217.657723148353,-4217.657723148353,0.5,0.8394103050231934,0.5,0.5,8394103.0,277.1532287597656,473.1572265625,313.16363525390625,-150000000.0,0.0,0.0,32137460.0,-3581029.5,-3581029.5,-117085736.0,-117085736.0,238529296.0,-0.0,0.0,0.85,1.0,-1.0,1.0,True,True,False,,0,0
5666400.0,61,0.21479423621787017,False,False,ok,,,True,1.0,0.0,1,0.0,1.0,0.0,0.0,886428.3517264609,33623.854391320376,0.21479423621787017,-33623.854391320376,-0.21479423621787017,156539.83544146415,0.0,0.0,0.21479423621787017,0.008314319190336539,6.912790359879844e-05,0.05,1.0,-2167.6284482913666,-1671.0685467625894,1671.0685467625894,-677184.0524891295,-25990.41056355834,25990.41056355834,-3719999.9999999995,-60000.0,60000.0,0.0,0.0,-0.0,0.0,0.0,-0.0,6990999.013049988,119264.65139999986,-119264.65139999986,-1705218.9803861193,2020.6821016410831,-2020.6821016410831,0.5,0.8416856527328491,0.5,0.5,8416857.0,277.9045104980469,473.1572265625,313.16363525390625,-150000000.0,0.0,0.0,14634040.0,-6301519.5,-6301519.5,-87801496.0,-87801496.0,229468976.0,-0.0,0.0,0.85,1.0,-1.0,1.0,True,True,False,,0,0
5670000.0,62,0.19762662424697727,False,False,ok,,,True,1.0,0.0,1,0.0,1.0,0.0,0.0,917364.7909649347,30936.43923847389,0.19762662424697727,-30936.43923847389,-0.19762662424697727,156539.83544146415,0.0,0.0,0.19762662424697727,0.008723685050020302,7.610268085194772e-05,0.05,1.0,-2801.217339928056,-633.5888916366894,633.5888916366894,-694941.7973547537,-17757.744865624234,17757.744865624234,-3779999.9999999995,-60000.0,60000.0,0.0,0.0,-0.0,0.0,0.0,-0.0,7105733.500099987,114734.48704999872,-114734.48704999872,-1710625.694440385,-5406.714054265758,5406.714054265758,0.5,0.8412762880325317,0.5,0.5,8412763.0,277.76934814453125,473.1572265625,313.16363525390625,-150000000.0,0.0,0.0,-43387208.0,0.0,0.0,-50259732.0,-50259732.0,243646944.0,-0.0,0.0,0.85,1.0,-1.0,1.0,True,True,False,,0,0
5673600.0,63,0.11457783459887501,False,False,ok,,,True,1.0,0.0,1,0.0,1.0,0.0,0.0,935300.7863382819,17935.995373347192,0.11457783459887501,-17935.995373347192,-0.11457783459887501,156539.83544146415,0.0,0.0,0.11457783459887501,0.012436481955371947,0.00015466608342629205,0.05,1.0,-2801.217339928056,0.0,-0.0,-703728.0040071446,-8786.206652390887,8786.206652390887,-3839999.9999999995,-60000.0,60000.0,0.0,0.0,-0.0,0.0,0.0,-0.0,7227556.96979999,121823.46970000304,-121823.46970000304,-1745726.9621146468,-35101.267674261704,35101.267674261704,0.5,0.8375635147094727,0.5,0.5,8375635.0,276.54345703125,473.1572265625,313.16363525390625,-150000000.0,0.0,0.0,-56319036.0,0.0,0.0,-16380533.0,-16380533.0,222699568.0,-0.0,0.0,0.85,1.0,-1.0,1.0,True,True,False,,0,0
5677200.0,64,0.0695801879328473,False,False,ok,,,True,1.0,0.0,1,0.0,1.0,0.0,0.0,946192.857507276,10892.071168994065,0.0695801879328473,-10892.071168994065,-0.0695801879328473,156539.83544146415,0.0,0.0,0.0695801879328473,0.017475319881143037,0.00030538680494827307,0.05,1.0,-2801.217339928056,0.0,-0.0,-705986.5955349976,-2258.5915278530447,2258.5915278530447,-3899999.9999999995,-60000.0,60000.0,0.0,0.0,-0.0,0.0,0.0,-0.0,7338906.754649993,111349.7848500032,-111349.7848500032,-1783926.0842677997,-38199.122153152945,38199.122153152945,0.5,0.8325246572494507,0.5,0.5,8325247.0,274.8797607421875,473.1572265625,313.16363525390625,-150000000.0,0.0,0.0,-99196456.0,0.0,0.0,-0.0,-0.0,249196448.0,-0.0,0.0,0.85,1.0,-1.0,1.0,True,True,False,,0,0
5680800.0,65,0.0324540699539721,False,False,ok,,,True,1.0,0.0,1,0.0,1.0,0.0,0.0,951273.2122772766,5080.354770000558,0.0324540699539721,-5080.354770000558,-0.0324540699539721,156539.83544146415,0.0,0.0,0.0324540699539721,0.02153415887315424,0.00046371999837424756,0.05,1.0,-2801.217339928056,0.0,-0.0,-705986.5955349976,0.0,-0.0,-3959999.9999999995,-60000.0,60000.0,0.0,0.0,-0.0,0.0,0.0,-0.0,7463504.980799997,124598.2261500042,-124598.2261500042,-1843443.9556477987,-59517.87137999898,59517.87137999898,0.5,0.8284658193588257,0.5,0.5,8284658.5,273.53961181640625,473.1572265625,313.16363525390625,-150000000.0,0.0,0.0,-62998072.0,0.0,0.0,-0.0,-0.0,212998064.0,-0.0,0.0,0.85,1.0,-1.0,1.0,True,True,False,,0,0
5684400.0,66,0.05557814019328735,False,False,ok,,,True,1.0,0.0,1,0.0,1.0,0.0,0.0,959973.4051972764,8700.192919999827,0.05557814019328735,-8700.192919999827,-0.05557814019328735,156539.83544146415,0.0,0.0,0.05557814019328735,0.024470699230759063,0.0005988151208422722,0.05,1.0,-2801.217339928056,0.0,-0.0,-705986.5955349976,0.0,-0.0,-4019999.9999999995,-60000.0,60000.0,0.0,0.0,-0.0,0.0,0.0,-0.0,7570004.0162,106499.0354000032,-106499.0354000032,-1881242.7981277998,-37798.84248000104,37798.84248000104,0.5,0.8255292773246765,0.5,0.5,8255293.0,272.5700378417969,473.1572265625,313.16363525390625,-150000000.0,0.0,0.0,-84533456.0,0.0,0.0,-0.0,-0.0,234533456.0,-0.0,0.0,0.85,1.0,-1.0,1.0,True,True,False,,0,0
5688000.0,67,0.04182101170311036,False,False,ok,,,True,1.0,0.0,1,0.0,1.0,0.0,0.0,966520.0594872768,6546.654290000442,0.04182101170311036,-6546.654290000442,-0.04182101170311036,156539.83544146415,0.0,0.0,0.04182101170311036,0.02648845500992858,0.0007016382488130104,0.05,1.0,-2801.217339928056,0.0,-0.0,-705986.5955349976,0.0,-0.0,-4079999.9999999995,-60000.0,60000.0,0.0,0.0,-0.0,0.0,0.0,-0.0,7687270.744750001,117266.72855000012,-117266.72855000012,-1931962.8723877994,-50720.074259999674,50720.074259999674,0.5,0.82351154088974,0.5,0.5,8235115.5,271.9038391113281,473.1572265625,313.16363525390625,-150000000.0,0.0,0.0,-79837192.0,0.0,0.0,-0.0,-0.0,229837184.0,-0.0,0.0,0.85,1.0,-1.0,1.0,True,True,True,,0,0
5691600.0,68,0.04482105765738644,False,False,ok,,,True,1.0,0.0,1,0.0,1.0,0.0,0.0,973536.3404772765,7016.28098999965,0.04482105765738644,-7016.28098999965,-0.04482105765738644,156539.83544146415,0.0,0.0,0.04482105765738644,0.0273076850555255,0.0007457096630917707,0.05,1.0,-2801.217339928056,0.0,-0.0,-705986.5955349976,0.0,-0.0,-4139999.9999999995,-60000.0,60000.0,0.0,0.0,-0.0,0.0,0.0,-0.0,7802189.339799996,114918.59504999593,-114918.59504999593,-1979865.1864477992,-47902.31405999977,47902.31405999977,0.5,0.822692334651947,0.5,0.5,8226923.0,271.6333312988281,473.1572265625,313.16363525390625,-150000000.0,0.0,0.0,-63966444.0,0.0,0.0,-0.0,-0.0,213966448.0,-0.0,0.0,0.85,1.0,-1.0,1.0,True,True,True,,0,0
5695200.0,69,0.05495952819764334,False,False,ok,,,True,1.0,0.0,1,0.0,1.0,0.0,0.0,982139.6959772761,8603.355499999598,0.05495952819764334,-8603.355499999598,-0.05495952819764334,156539.83544146415,0.0,0.0,0.05495952819764334,0.02737701604170928,0.0007495010073480072,0.05,1.0,-2801.217339928056,0.0,-0.0,-705986.5955349976,0.0,-0.0,-4199999.999999999,-59999.999999999534,59999.999999999534,0.0,0.0,-0.0,0.0,0.0,-0.0,7909172.5622999985,106983.22250000201,-106983.22250000201,-2018245.0534477993,-38379.867000000086,38379.867000000086,0.5,0.8226229548454285,0.5,0.5,8226230.0,271.6104431152344,473.1572265625,313.16363525390625,-150000000.0,0.0,0.0,-63960496.0,0.0,0.0,-0.0,-0.0,213960496.0,-0.0,0.0,0.85,1.0,-1.0,1.0,True,True,True,,0,0
5698800.0,70,0.05496332876379808,False,False,ok,,,True,1.0,0.0,1,0.0,1.0,0.0,0.0,990743.6464172761,8603.950440000044,0.05496332876379808,-8603.950440000044,-0.05496332876379808,156539.83544146415,0.0,0.0,0.05496332876379808,0.027924882201336154,0.0007797990459585008,0.05,1.0,-2801.217339928056,0.0,-0.0,-705986.5955349976,0.0,-0.0,-4259999.999999999,-60000.0,60000.0,0.0,0.0,-0.0,0.0,0.0,-0.0,8016152.810099995,106980.24779999629,-106980.24779999629,-2056621.350807799,-38376.297359999735,38376.297359999735,0.5,0.8220751285552979,0.5,0.5,8220751.0,271.4295654296875,473.1572265625,313.16363525390625,-150000000.0,0.0,0.0,-84188384.0,0.0,0.0,-0.0,-0.0,234188384.0,-0.0,0.0,0.85,1.0,-1.0,1.0,True,True,True,,0,0
5702400.0,71,0.0420414486283315,False,False,ok,,,True,1.0,0.0,1,0.0,1.0,0.0,0.0,997324.8078672759,6581.161449999781,0.0420414486283315,-6581.161449999781,-0.0420414486283315,156539.83544146415,0.0,0.0,0.0420414486283315,0.02943727022098308,0.0008665528780631772,0.05,1.0,-2801.217339928056,0.0,-0.0,-705986.5955349976,0.0,-0.0,-4319999.999999999,-60000.0,60000.0,0.0,0.0,-0.0,0.0,0.0,-0.0,8133247.002849992,117094.1927499976,-117094.1927499976,-2107134.382107798,-50513.031299998984,50513.031299998984,0.5,0.8205627202987671,0.5,0.5,8205627.5,270.9302062988281,473.1572265625,313.16363525390625,-150000000.0,0.0,0.0,-90564056.0,0.0,0.0,-0.0,-0.0,240564048.0,-0.0,0.0,0.85,1.0,-1.0,1.0,True,True,True,,0,0
5706000.0,72,0.037968575942589636,False,False,ok,,,True,1.0,0.0,1,0.0,1.0,0.0,0.0,1003268.4024972756,5943.594629999716,0.037968575942589636,-5943.594629999716,-0.037968575942589636,156539.83544146415,0.0,0.0,0.037968575942589636,0.031619195120412225,0.0009997735000627003,0.05,1.0,-2801.217339928056,0.0,-0.0,-705986.5955349976,0.0,-0.0,-4379999.999999999,-60000.0,60000.0,0.0,0.0,-0.0,0.0,0.0,-0.0,8253529.029699996,120282.02685000375,-120282.02685000375,-2161472.8143277997,-54338.432220001705,54338.432220001705,0.5,0.8183808326721191,0.5,0.5,8183808.0,270.20977783203125,473.1572265625,313.16363525390625,-150000000.0,0.0,0.0,-53812060.0,0.0,0.0,-0.0,-0.0,203812064.0,-0.0,0.0,0.85,1.0,-1.0,1.0,True,True,True,,0,0
5709600.0,73,0.06144630133840262,False,False,ok,,,True,1.0,0.0,1,0.0,1.0,0.0,0.0,1012887.1963972758,9618.793900000164,0.06144630133840262,-9618.793900000164,-0.06144630133840262,156539.83544146415,0.0,0.0,0.06144630133840262,0.033970840669187985,0.0011540180157713564,0.05,1.0,-2801.217339928056,0.0,-0.0,-705986.5955349976,0.0,-0.0,-4439999.999999999,-60000.0,60000.0,0.0,0.0,-0.0,0.0,0.0,-0.0,8355435.060199996,101906.03050000034,-101906.03050000034,-2193760.050927801,-32287.236600001343,32287.236600001343,0.5,0.8160291314125061,0.5,0.5,8160291.5,269.4333190917969,473.1572265625,313.16363525390625,-150000000.0,0.0,0.0,-68468632.0,0.0,0.0,-0.0,-0.0,218468640.0,-0.0,0.0,0.85,1.0,-1.0,1.0,True,True,True,,0,0
5713200.0,74,0.05208346173999418,False,False,ok,,,True,1.0,0.0,1,0.0,1.0,0.0,0.0,1021040.3329272763,8153.136530000484,0.05208346173999418,-8153.136530000484,-0.05208346173999418,156539.83544146415,0.0,0.0,0.05208346173999418,0.0362041050724935,0.0013107372241001494,0.05,1.0,-2801.217339928056,0.0,-0.0,-705986.5955349976,0.0,-0.0,-4499999.999999999,-60000.0,60000.0,0.0,0.0,-0.0,0.0,0.0,-0.0,8464669.377549993,109234.31734999642,-109234.31734999642,-2234841.2317478005,-41081.18081999943,41081.18081999943,0.5,0.8137959241867065,0.5,0.5,8137959.0,268.6959533691406,473.1572265625,313.16363525390625,-150000000.0,0.0,0.0,-90311856.0,0.0,0.0,-0.0,-0.0,240311856.0,-0.0,0.0,0.85,1.0,-1.0,1.0,True,True,True,,0,0
5716800.0,75,0.0381296847103966,False,False,ok,,,True,1.0,0.0,1,0.0,1.0,0.0,0.0,1027009.1474972767,5968.814570000395,0.0381296847103966,-5968.814570000395,-0.0381296847103966,156539.83544146415,0.0,0.0,0.0381296847103966,0.03822113266801208,0.0014608549824257804,0.05,1.0,-2801.217339928056,0.0,-0.0,-705986.5955349976,0.0,-0.0,-4559999.999999999,-60000.0,60000.0,0.0,0.0,-0.0,0.0,0.0,-0.0,8584825.3047,120155.92715000734,-120155.92715000734,-2289028.344327803,-54187.112580002286,54187.112580002286,0.5,0.8117788434028625,0.5,0.5,8117788.5,268.02996826171875,473.1572265625,313.16363525390625,-150000000.0,0.0,0.0,-97916552.0,0.0,0.0,-0.0,-0.0,247916544.0,-0.0,0.0,0.85,1.0,-1.0,1.0,True,True,True,,0,0
5720400.0,76,0.03327169110221749,False,False,ok,,,True,1.0,0.0,1,0.0,1.0,0.0,0.0,1032217.492547277,5208.345050000353,0.03327169110221749,-5208.345050000353,-0.03327169110221749,156539.83544146415,0.0,0.0,0.03327169110221749,0.039758635378120855,0.0015807490871303633,0.05,1.0,-2801.217339928056,0.0,-0.0,-705986.5955349976,0.0,-0.0,-4619999.999999999,-60000.0,60000.0,0.0,0.0,-0.0,0.0,0.0,-0.0,8708783.579450002,123958.27475000173,-123958.27475000173,-2347778.274027803,-58749.92970000021,58749.92970000021,0.5,0.8102413415908813,0.5,0.5,8102413.5,267.5223388671875,473.1572265625,313.16363525390625,-150000000.0,0.0,0.0,-99686744.0,0.0,0.0,-0.0,-0.0,249686736.0,-0.0,0.0,0.85,1.0,-1.0,1.0,True,True,True,,0,0
5724000.0,77,0.03214086545964893,False,False,ok,,,True,1.0,0.0,1,0.0,1.0,0.0,0.0,1037248.8183372767,5031.3257899996825,0.03214086545964893,-5031.3257899996825,-0.03214086545964893,156539.83544146415,0.0,0.0,0.03214086545964893,0.04081863441960876,0.0016661609158816688,0.05,1.0,-2801.217339928056,0.0,-0.0,-705986.5955349976,0.0,-0.0,-4679999.999999999,-60000.0,60000.0,0.0,0.0,-0.0,0.0,0.0,-0.0,8833626.950500006,124843.37105000392,-124843.37105000392,-2407590.319287805,-59812.045260001905,59812.045260001905,0.5,0.8091813921928406,0.5,0.5,8091813.5,267.1723327636719,473.1572265625,313.16363525390625,-150000000.0,0.0,0.0,-71278616.0,0.0,0.0,-0.0,-0.0,221278608.0,-0.0,0.0,0.85,1.0,-1.0,1.0,True,True,True,,0,0
5727600.0,78,0.06392875254093816,False,False,ok,,,True,1.0,0.0,1,0.0,1.0,0.0,0.0,1047256.2147400132,10007.396402736544,0.06392875254093816,-10007.396402736544,-0.06392875254093816,156539.83544146415,0.0,0.0,0.06392875254093816,0.041142913708877904,0.0016927393484561734,0.05,1.0,-2801.217339928056,0.0,-0.0,-707511.7796369524,-1525.184101954801,1525.184101954801,-4739999.999999999,-60000.0,60000.0,0.0,0.0,-0.0,0.0,0.0,-0.0,8944266.257200012,110639.30670000613,-110639.30670000613,-2446697.045483113,-39106.726195307914,39106.726195307914,0.5,0.8088570833206177,0.5,0.5,8088571.0,267.0652770996094,473.1572265625,313.16363525390625,-150000000.0,0.0,0.0,-58125140.0,0.0,0.0,-13532509.0,-13532509.0,221657648.0,-0.0,0.0,0.85,1.0,-1.0,1.0,True,True,True,,0,0
5731200.0,79,0.1218051094010588,False,False,ok,,,True,1.0,0.0,1,0.0,1.0,0.0,0.0,1066323.5665215845,19067.351781571284,0.1218051094010588,-19067.351781571284,-0.1218051094010588,156539.83544146415,0.0,0.0,0.1218051094010588,0.03977040578379942,0.0015816851762080666,0.05,1.0,-2801.217339928056,0.0,-0.0,-715535.4344523604,-8023.6548154079355,8023.6548154079355,-4799999.999999999,-60000.0,60000.0,0.0,0.0,-0.0,0.0,0.0,-0.0,9055095.082000004,110828.82479999214,-110828.82479999214,-2470434.8636861336,-23737.81820302084,23737.81820302084,0.5,0.8102295994758606,0.5,0.5,8102296.0,267.5184326171875,473.1572265625,313.16363525390625,-150000000.0,0.0,0.0,-12388940.0,0.0,0.0,-54533340.0,-54533340.0,216922272.0,-0.0,0.0,0.85,1.0,-1.0,1.0,True,True,True,,0,0
5734800.0,80,0.18839503206842928,False,False,ok,,,True,1.0,0.0,1,0.0,1.0,0.0,0.0,1095814.8938395658,29491.327317981282,0.18839503206842928,-29491.327317981282,-0.18839503206842928,156539.83544146415,0.0,0.0,0.18839503206842928,0.03578723793010863,0.0012807263986662058,0.05,1.0,-2801.217339928056,0.0,-0.0,-733982.6951108112,-18447.260658450774,18447.260658450774,-4859999.999999999,-60000.0,60000.0,0.0,0.0,-0.0,0.0,0.0,-0.0,9163556.221199999,108461.1391999945,-108461.1391999945,-2470957.4149097004,-522.5512235667557,522.5512235667557,0.5,0.8142127394676208,0.5,0.5,8142127.5,268.8335876464844,473.1572265625,313.16363525390625,-150000000.0,0.0,0.0,24209524.0,0.0,0.0,-96942920.0,-96942920.0,222733392.0,-0.0,0.0,0.85,1.0,-1.0,1.0,True,True,True,,0,0
5738400.0,81,0.17806814143067246,False,False,ok,,,True,1.0,0.0,1,0.0,1.0,0.0,0.0,1123689.6513964906,27874.75755692483,0.17806814143067246,-27874.75755692483,-0.17806814143067246,156539.83544146415,0.0,0.0,0.17806814143067246,0.029937864760163135,0.0008962757463978177,0.05,1.0,-2801.217339928056,0.0,-0.0,-761013.6939159356,-27030.99880512443,27030.99880512443,-4919999.999999999,-60000.0,60000.0,0.0,0.0,-0.0,0.0,0.0,-0.0,9274922.917249998,111366.69604999945,-111366.69604999945,-2467418.3545976505,3539.060312049929,-3539.060312049929,0.5,0.8200621604919434,0.5,0.5,8200621.5,270.764892578125,473.1572265625,313.16363525390625,-150000000.0,0.0,0.0,33128624.0,0.0,-0.0,-121627384.0,-121627384.0,238498768.0,-0.0,0.0,0.85,1.0,-1.0,1.0,True,True,True,,0,0
5742000.0,82,0.18887913286689517,False,False,ok,,,True,1.0,0.0,1,0.0,1.0,0.0,0.0,1153256.7597738008,29567.108377310215,0.18887913286689517,-29567.108377310215,-0.18887913286689517,156539.83544146415,0.0,0.0,0.18887913286689517,0.024047426071311273,0.0005782787006551811,0.05,1.0,-3395.2957284172635,-594.0783884892076,594.0783884892076,-795027.1195769791,-34013.4256610435,34013.4256610435,-4979999.999999999,-60000.0,60000.0,0.0,0.0,-0.0,0.0,0.0,-0.0,9394172.299100006,119249.38185000792,-119249.38185000792,-2462493.1240208074,4925.230576843023,-4925.230576843023,0.5,0.8259525895118713,0.5,0.5,8259525.5,272.70977783203125,473.1572265625,313.16363525390625,-150000000.0,0.0,0.0,70602192.0,-4894655.5,-4894655.5,-153492560.0,-153492560.0,237785008.0,-0.0,0.0,0.85,1.0,-1.0,1.0,True,True,True,,0,0
5745600.0,83,0.16530786547300655,False,False,ok,,,True,1.0,0.0,1,0.0,1.0,0.0,0.0,1179134.025832125,25877.266058324138,0.16530786547300655,-25877.266058324138,-0.16530786547300655,156539.83544146415,0.0,0.0,0.16530786547300655,0.01897218291310787,0.00035994372448842226,0.05,1.0,-5713.288626258989,-2317.9928978417256,2317.9928978417256,-832662.1701251994,-37635.050548220286,37635.050548220286,-5039999.999999999,-60000.0,60000.0,0.0,0.0,-0.0,0.0,0.0,-0.0,9513064.806100013,118892.50700000674,-118892.50700000674,-2455555.3215164216,6937.8025043858215,-6937.8025043858215,0.5,0.8310278058052063,0.5,0.5,8310278.0,274.385498046875,473.1572265625,313.16363525390625,-150000000.0,0.0,0.0,56185160.0,-8862169.0,-8862169.0,-146942688.0,-146942688.0,249619696.0,-0.0,0.0,0.85,1.0,-1.0,1.0,True,True,True,,0,0
5749200.0,84,0.1947150621517531,False,False,ok,,,True,1.0,0.0,1,0.0,1.0,0.0,0.0,1209614.6896193349,30480.663787209895,0.1947150621517531,-30480.663787209895,-0.1947150621517531,156539.83544146415,0.0,0.0,0.1947150621517531,0.014818383198862639,0.00021958448062833454,0.05,1.0,-9231.836873471215,-3518.5482472122258,3518.5482472122258,-869085.447033168,-36423.276907968684,36423.276907968684,-5099999.999999999,-60000.0,60000.0,0.0,0.0,-0.0,0.0,0.0,-0.0,9637874.65445002,124809.84835000709,-124809.84835000709,-2449942.68092403,5612.640592391603,-5612.640592391603,0.5,0.8351815938949585,0.5,0.5,8351816.0,275.7569885253906,473.1572265625,313.16363525390625,-150000000.0,0.0,0.0,95572552.0,-11556383.0,-11556383.0,-144169840.0,-144169840.0,210153664.0,-0.0,0.0,0.85,1.0,-1.0,1.0,True,True,False,,0,0
5752800.0,85,0.10718757156608737,False,False,ok,,,True,1.0,0.0,1,0.0,1.0,0.0,0.0,1226393.8144336604,16779.124814325478,0.10718757156608737,-16779.124814325478,-0.10718757156608737,156539.83544146415,0.0,0.0,0.10718757156608737,0.011791785646987796,0.0001390462087445074,0.05,1.0,-13114.393922481999,-3882.557049010784,3882.557049010784,-901600.5941509461,-32515.147117778077,32515.147117778077,-5159999.999999999,-60000.0,60000.0,0.0,0.0,-0.0,0.0,0.0,-0.0,9742951.489600012,105076.83514999226,-105076.83514999226,-2441842.687092916,8099.993831113912,-8099.993831113912,0.5,0.8382081985473633,0.5,0.5,8382082.0,276.75628662109375,473.1572265625,313.16363525390625,-150000000.0,0.0,0.0,54501396.0,-10533294.0,-10533294.0,-112738952.0,-112738952.0,218770848.0,-0.0,0.0,0.85,1.0,-1.0,1.0,True,True,False,,0,0
5756400.0,86,0.1759521413760652,False,False,ok,,,True,1.0,0.0,1,0.0,1.0,0.0,0.0,1253937.3336902428,27543.519256582484,0.1759521413760652,-27543.519256582484,-0.1759521413760652,156539.83544146415,0.0,0.0,0.1759521413760652,0.0107296673426589,0.00011512576128412089,0.05,1.0,-14424.389569521567,-1309.9956470395682,1309.9956470395682,-924982.442495881,-23381.84834493487,23381.84834493487,-5219999.999999999,-60000.0,60000.0,0.0,0.0,-0.0,0.0,0.0,-0.0,9852336.913900016,109385.4243000038,-109385.4243000038,-2438992.7481443593,2849.938948556781,-2849.938948556781,0.5,0.8392703533172607,0.5,0.5,8392703.0,277.1069641113281,473.1572265625,313.16363525390625,-150000000.0,0.0,0.0,-15617975.0,0.0,0.0,-69815536.0,-69815536.0,235433504.0,-0.0,0.0,0.85,1.0,-1.0,1.0,True,True,False,,0,0
5760000.0,87,0.15065920059500762,False,False,ok,,,True,1.0,0.0,1,0.0,1.0,0.0,0.0,1277521.5001591279,23584.16646888503,0.15065920059500762,-23584.16646888503,-0.15065920059500762,156539.83544146415,0.0,0.0,0.15065920059500762,0.013371828732605118,0.00017880580365412378,0.05,1.0,-14424.389569521567,0.0,-0.0,-937216.3834593702,-12233.940963489236,12233.940963489236,-5279999.999999999,-60000.0,60000.0,0.0,0.0,-0.0,0.0,0.0,-0.0,9970053.66830002,117716.7544000037,-117716.7544000037,-2460891.3951119846,-21898.646967625245,21898.646967625245,0.5,0.8366281986236572,0.5,0.5,8366281.5,276.2345886230469,473.1572265625,313.16363525390625,-150000000.0,0.0,0.0,-35281836.0,0.0,0.0,-22893060.0,-22893060.0,208174896.0,-0.0,0.0,0.85,1.0,-1.0,1.0,True,True,False,,0,0
5763600.0,88,0.08691477624532204,False,False,ok,,,True,1.0,0.0,1,0.0,1.0,0.0,0.0,1291127.1249300023,13605.62477087439,0.08691477624532204,-13605.62477087439,-0.08691477624532204,156539.83544146415,0.0,0.0,0.08691477624532204,0.01846229302854896,0.00034085626387200753,0.05,1.0,-14424.389569521567,0.0,-0.0,-940375.7509599946,-3159.3675006243866,3159.3675006243866,-5339999.999999999,-60000.0,60000.0,0.0,0.0,-0.0,0.0,0.0,-0.0,10074141.116950022,104087.44865000248,-104087.44865000248,-2488213.8514904864,-27322.45637850184,27322.45637850184,0.5,0.8315377235412598,0.5,0.5,8315377.0,274.5538330078125,473.1572265625,313.16363525390625,-150000000.0,0.0,0.0,-66198104.0,0.0,0.0,-0.0,-0.0,216198096.0,-0.0,0.0,0.85,1.0,-1.0,1.0,True,True,False,,0,0
5767200.0,89,0.05353391177629383,False,False,ok,,,True,1.0,0.0,1,0.0,1.0,0.0,0.0,1299507.3146700012,8380.189739998896,0.05353391177629383,-8380.189739998896,-0.05353391177629383,156539.83544146415,0.0,0.0,0.05353391177629383,0.022612158745291877,0.0005113097231222799,0.05,1.0,-14424.389569521567,0.0,-0.0,-940375.7509599946,0.0,-0.0,-5399999.999999999,-60000.0,60000.0,0.0,0.0,-0.0,0.0,0.0,-0.0,10182240.16825003,108099.05130000785,-108099.05130000785,-2527932.7130504884,-39718.86156000197,39718.86156000197,0.5,0.8273878693580627,0.5,0.5,8273878.5,273.18365478515625,473.1572265625,313.16363525390625,-150000000.0,0.0,0.0,-90450616.0,0.0,0.0,-0.0,-0.0,240450608.0,-0.0,0.0,0.85,1.0,-1.0,1.0,True,True,False,,0,0
5770800.0,90,0.03804104388640448,False,False,ok,,,True,1.0,0.0,1,0.0,1.0,0.0,0.0,1305462.2534200004,5954.938749999274,0.03804104388640448,-5954.938749999274,-0.03804104388640448,156539.83544146415,0.0,0.0,0.03804104388640448,0.025282700653811663,0.0006392149523502487,0.05,1.0,-14424.389569521567,0.0,-0.0,-940375.7509599946,0.0,-0.0,-5459999.999999999,-60000.0,60000.0,0.0,0.0,-0.0,0.0,0.0,-0.0,10302465.474500036,120225.30625000596,-120225.30625000596,-2582203.080550488,-54270.3674999997,54270.3674999997,0.5,0.8247172832489014,0.5,0.5,8247173.0,272.3019104003906,473.1572265625,313.16363525390625,-150000000.0,0.0,0.0,-60947844.0,0.0,0.0,-0.0,-0.0,210947840.0,-0.0,0.0,0.85,1.0,-1.0,1.0,True,True,False,,0,0
5774400.0,91,0.056887855317373975,False,False,ok,,,True,1.0,0.0,1,0.0,1.0,0.0,0.0,1314367.46893,8905.215509999543,0.056887855317373975,-8905.215509999543,-0.056887855317373975,156539.83544146415,0.0,0.0,0.056887855317373975,0.02708794847342566,0.0007337569524989636,0.05,1.0,-14424.389569521567,0.0,-0.0,-940375.7509599946,0.0,-0.0,-5519999.999999999,-60000.0,60000.0,0.0,0.0,-0.0,0.0,0.0,-0.0,10407939.396950038,105473.92245000228,-105473.92245000228,-2618771.787490486,-36568.70693999808,36568.70693999808,0.5,0.8229120373725891,0.5,0.5,8229120.5,271.7058410644531,473.1572265625,313.16363525390625,-150000000.0,0.0,0.0,-66419404.0,0.0,0.0,-0.0,-0.0,216419408.0,-0.0,0.0,0.85,1.0,-1.0,1.0,True,True,True,,0,0
5778000.0,92,0.05339254085983336,False,False,ok,,,True,1.0,0.0,1,0.0,1.0,0.0,0.0,1322725.52849,8358.059559999965,0.05339254085983336,-8358.059559999965,-0.05339254085983336,156539.83544146415,0.0,0.0,0.05339254085983336,0.028366563691249236,0.0008046619356496995,0.05,1.0,-14424.389569521567,0.0,-0.0,-940375.7509599946,0.0,-0.0,-5579999.999999999,-60000.0,60000.0,0.0,0.0,-0.0,0.0,0.0,-0.0,10516149.099150034,108209.70219999552,-108209.70219999552,-2658623.4301304864,-39851.64264000021,39851.64264000021,0.5,0.8216334581375122,0.5,0.5,8216334.5,271.28369140625,473.1572265625,313.16363525390625,-150000000.0,0.0,0.0,-73099912.0,0.0,0.0,-0.0,-0.0,223099904.0,-0.0,0.0,0.85,1.0,-1.0,1.0,True,True,True,,0,0
5781600.0,93,0.049124933332873134,False,False,ok,,,True,1.0,0.0,1,0.0,1.0,0.0,0.0,1330415.5374700008,7690.008980000857,0.049124933332873134,-7690.008980000857,-0.049124933332873134,156539.83544146415,0.0,0.0,0.049124933332873134,0.029530211995204336,0.00087203342048171,0.05,1.0,-14424.389569521567,0.0,-0.0,-940375.7509599946,0.0,-0.0,-5639999.999999999,-60000.0,60000.0,0.0,0.0,-0.0,0.0,0.0,-0.0,10627699.054250041,111549.95510000736,-111549.95510000736,-2702483.376250486,-43859.94611999951,43859.94611999951,0.5,0.8204697966575623,0.5,0.5,8204698.0,270.89947509765625,473.1572265625,313.16363525390625,-150000000.0,0.0,0.0,-67616512.0,0.0,0.0,-0.0,-0.0,217616512.0,-0.0,0.0,0.85,1.0,-1.0,1.0,True,True,True,,0,0
5785200.0,94,0.05262781289354879,False,False,ok,,,True,1.0,0.0,1,0.0,1.0,0.0,0.0,1338653.886640001,8238.349170000292,0.05262781289354879,-8238.349170000292,-0.05262781289354879,156539.83544146415,0.0,0.0,0.05262781289354879,0.030998737613441074,0.0009609217336269665,0.05,1.0,-14424.389569521567,0.0,-0.0,-940375.7509599946,0.0,-0.0,-5699999.999999999,-60000.0,60000.0,0.0,0.0,-0.0,0.0,0.0,-0.0,10736507.308400044,108808.2541500032,-108808.2541500032,-2743053.281230484,-40569.904979998246,40569.904979998246,0.5,0.8190012574195862,0.5,0.5,8190012.5,270.41461181640625,473.1572265625,313.16363525390625,-150000000.0,0.0,0.0,-53676976.0,0.0,0.0,-0.0,-0.0,203676976.0,-0.0,0.0,0.85,1.0,-1.0,1.0,True,True,True,,0,0
5788800.0,95,0.061532594389382314,False,False,ok,,,True,1.0,0.0,1,0.0,1.0,0.0,0.0,1348286.1888400014,9632.302200000267,0.061532594389382314,-9632.302200000267,-0.061532594389382314,156539.83544146415,0.0,0.0,0.061532594389382314,0.032862677679740715,0.0010799555842825287,0.05,1.0,-14424.389569521567,0.0,-0.0,-940375.7509599946,0.0,-0.0,-5759999.999999999,-60000.0,60000.0,0.0,0.0,-0.0,0.0,0.0,-0.0,10838345.79740004,101838.48899999633,-101838.48899999633,-2775259.4680304825,-32206.186799998395,32206.186799998395,0.5,0.8171373009681702,0.5,0.5,8171373.0,269.7991638183594,473.1572265625,313.16363525390625,-150000000.0,0.0,0.0,-75259656.0,0.0,0.0,-0.0,-0.0,225259648.0,-0.0,0.0,0.85,1.0,-1.0,1.0,True,True,True,,0,0
5792400.0,96,0.04774525691126523,False,False,ok,,,True,1.0,0.0,1,0.0,1.0,0.0,0.0,1355760.2235000012,7474.034659999888,0.04774525691126523,-7474.034659999888,-0.04774525691126523,156539.83544146415,0.0,0.0,0.04774525691126523,0.0350761715185256,0.0012303378083970266,0.05,1.0,-14424.389569521567,0.0,-0.0,-940375.7509599946,0.0,-0.0,-5819999.999999999,-60000.0,60000.0,0.0,0.0,-0.0,0.0,0.0,-0.0,10950975.624100039,112629.82669999823,-112629.82669999823,-2820415.260070483,-45155.79204000067,45155.79204000067,0.5,0.8149238228797913,0.5,0.5,8149238.5,269.0683288574219,473.1572265625,313.16363525390625,-150000000.0,0.0,0.0,-63710000.0,0.0,0.0,-0.0,-0.0,213710000.0,-0.0,0.0,0.85,1.0,-1.0,1.0,True,True,True,,0,0
5796000.0,97,0.05512335014065464,False,False,ok,,,True,1.0,0.0,1,0.0,1.0,0.0,0.0,1364389.2236600015,8629.000160000287,0.05512335014065464,-8629.000160000287,-0.05512335014065464,156539.83544146415,0.0,0.0,0.05512335014065464,0.03744512235374653,0.001402137188087048,0.05,1.0,-14424.389569521567,0.0,-0.0,-940375.7509599946,0.0,-0.0,-5879999.999999999,-60000.0,60000.0,0.0,0.0,-0.0,0.0,0.0,-0.0,11057830.623300033,106854.99919999391,-106854.99919999391,-2858641.2591104815,-38225.99903999828,38225.99903999828,0.5,0.8125548958778381,0.5,0.5,8125549.0,268.2861633300781,473.1572265625,313.16363525390625,-150000000.0,0.0,0.0,-78381768.0,0.0,0.0,-0.0,-0.0,228381776.0,-0.0,0.0,0.85,1.0,-1.0,1.0,True,True,True,,0,0
5799600.0,98,0.04575080068152238,False,False,ok,,,True,1.0,0.0,1,0.0,1.0,0.0,0.0,1371551.0464700023,7161.82281000074,0.04575080068152238,-7161.82281000074,-0.04575080068152238,156539.83544146415,0.0,0.0,0.04575080068152238,0.03973407111105787,0.0015787964070586033,0.05,1.0,-14424.389569521567,0.0,-0.0,-940375.7509599946,0.0,-0.0,-5939999.999999999,-60000.0,60000.0,0.0,0.0,-0.0,0.0,0.0,-0.0,11172021.509250024,114190.88594999164,-114190.88594999164,-2905670.3222504817,-47029.06314000022,47029.06314000022,0.5,0.8102659583091736,0.5,0.5,8102659.5,267.5303955078125,473.1572265625,313.16363525390625,-150000000.0,0.0,0.0,-51375556.0,0.0,0.0,-0.0,-0.0,201375552.0,-0.0,0.0,0.85,1.0,-1.0,1.0,True,True,True,,0,0
5803200.0,99,0.0630027776136804,False,False,ok,,,True,1.0,0.0,1,0.0,1.0,0.0,0.0,1381413.490910003,9862.44444000069,0.0630027776136804,-9862.44444000069,-0.0630027776136804,156539.83544146415,0.0,0.0,0.0630027776136804,0.04184728363038248,0.0017511951472416775,0.05,1.0,-14424.389569521567,0.0,-0.0,-940375.7509599946,0.0,-0.0,-5999999.999999999,-60000.0,60000.0,0.0,0.0,-0.0,0.0,0.0,-0.0,11272709.287050026,100687.7778000012,-100687.7778000012,-2936495.655610482,-30825.333360000513,30825.333360000513,0.5,0.8081527352333069,0.5,0.5,8081527.0,266.8326721191406,473.1572265625,313.16363525390625,-150000000.0,0.0,0.0,-80685864.0,0.0,0.0,-0.0,-0.0,230685856.0,-0.0,0.0,0.85,1.0,-1.0,1.0,True,True,True,,0,0
5806800.0,100,0.04427891271543356,False,False,ok,,,True,1.0,0.0,1,0.0,1.0,0.0,0.0,1388344.904620004,6931.413710000925,0.04427891271543356,-6931.413710000925,-0.04427891271543356,156539.83544146415,0.0,0.0,0.04427891271543356,0.04376265860512363,0.0019151702881886011,0.05,1.0,-14424.389569521567,0.0,-0.0,-940375.7509599946,0.0,-0.0,-6059999.999999999,-60000.0,60000.0,0.0,0.0,-0.0,0.0,0.0,-0.0,11388052.218500016,115342.93144999072,-115342.93144999072,-2984907.1733504813,-48411.51773999911,48411.51773999911,0.5,0.8062373399734497,0.5,0.5,8062373.5,266.20025634765625,473.1572265625,313.16363525390625,-150000000.0,0.0,0.0,-71180600.0,0.0,0.0,-0.0,-0.0,221180592.0,-0.0,0.0,0.85,1.0,-1.0,1.0,True,True,True,,0,0
5810400.0,101,0.050351018689729764,False,False,ok,,,True,1.0,0.0,1,0.0,1.0,0.0,0.0,1396226.8448000043,7881.940180000383,0.050351018689729764,-7881.940180000383,-0.050351018689729764,156539.83544146415,0.0,0.0,0.050351018689729764,0.04549986031655384,0.002070237288825911,0.05,1.0,-14424.389569521567,0.0,-0.0,-940375.7509599946,0.0,-0.0,-6119999.999999999,-60000.0,60000.0,0.0,0.0,-0.0,0.0,0.0,-0.0,11498642.517600017,110590.29910000041,-110590.29910000041,-3027615.532270479,-42708.3589199977,42708.3589199977,0.5,0.804500162601471,0.5,0.5,8045001.5,265.6266784667969,473.1572265625,313.16363525390625,-150000000.0,0.0,0.0,-82264784.0,0.0,0.0,-0.0,-0.0,232264784.0,-0.0,0.0,0.85,1.0,-1.0,1.0,True,True,True,,0,0
5814000.0,102,0.06000195489858637,False,False,ok,,,True,1.0,0.0,1,0.0,1.0,0.0,0.0,1405619.5409459951,9392.696145990863,0.06000195489858637,-9392.696145990863,-0.06000195489858637,156539.83544146415,0.0,0.0,0.06000195489858637,0.04585384047637564,0.002102574686432905,0.05,1.0,-14426.141269694228,-1.7517001726610033,1.7517001726610033,-942245.696339696,-1869.9453797013266,1869.9453797013266,-6179999.999999999,-60000.0,60000.0,0.0,0.0,-0.0,0.0,0.0,-0.0,11614774.910600012,116132.3929999955,-116132.3929999955,-3072483.5320446133,-44867.99977413425,44867.99977413425,0.5,0.8041461706161499,0.5,0.5,8041461.5,265.5097961425781,473.1572265625,313.16363525390625,-150000000.0,0.0,0.0,-47965480.0,-771930.8125,-771930.8125,-16568491.0,-16568491.0,215305904.0,-0.0,0.0,0.85,1.0,-1.0,1.0,True,True,True,,0,0
5817600.0,103,0.14674479610108127,False,False,ok,,,True,1.0,0.0,1,0.0,1.0,0.0,0.0,1428590.9471795496,22971.406233554473,0.14674479610108127,-22971.406233554473,-0.14674479610108127,156539.83544146415,0.0,0.0,0.14674479610108127,0.0434976558710507,0.0018920460662763515,0.05,1.0,-16136.67126205034,-1710.5299923561124,1710.5299923561124,-951900.4897062883,-9654.793366592377,9654.793366592377,-6239999.999999999,-60000.0,60000.0,0.0,0.0,-0.0,0.0,0.0,-0.0,11722427.862250017,107652.95165000483,-107652.95165000483,-3085799.7541021104,-13316.222057497129,13316.222057497129,0.5,0.8065023422241211,0.5,0.5,8065023.5,266.2877502441406,473.1572265625,313.16363525390625,-150000000.0,0.0,0.0,11514161.0,-10821933.0,-10821933.0,-65231456.0,-65231456.0,214539232.0,-0.0,0.0,0.85,1.0,-1.0,1.0,True,True,True,,0,0
5821200.0,104,0.167638242019227,False,False,ok,,,True,1.0,0.0,1,0.0,1.0,0.0,0.0,1454833.0099989357,26242.062819386134,0.167638242019227,-26242.062819386134,-0.167638242019227,156539.83544146415,0.0,0.0,0.167638242019227,0.03840454215944433,0.001474908858476537,0.05,1.0,-18301.97122365106,-2165.29996160072,2165.29996160072,-973612.1330244538,-21711.643318165443,21711.643318165443,-6299999.999999999,-60000.0,60000.0,0.0,0.0,-0.0,0.0,0.0,-0.0,11829697.476800023,107269.61455000564,-107269.61455000564,-3082950.3625529576,2849.391549152788,-2849.391549152788,0.5,0.8115954399108887,0.5,0.5,8115954.5,267.9693603515625,473.1572265625,313.16363525390625,-150000000.0,0.0,0.0,42537868.0,-1312191.625,-1312191.625,-112751448.0,-112751448.0,221525776.0,-0.0,0.0,0.85,1.0,-1.0,1.0,True,True,True,,0,0
5824800.0,105,0.15454527690065858,False,False,ok,,,True,1.0,0.0,1,0.0,1.0,0.0,0.0,1479025.5022132203,24192.492214284604,0.15454527690065858,-24192.492214284604,-0.15454527690065858,156539.83544146415,0.0,0.0,0.15454527690065858,0.03144928052436535,0.0009890572455002258,0.05,1.0,-18368.773216456815,-66.80199280575471,66.80199280575471,-1005895.6344854013,-32283.501460947562,32283.501460947562,-6359999.999999999,-60000.0,60000.0,0.0,0.0,-0.0,0.0,0.0,-0.0,11940460.362800019,110762.88599999622,-110762.88599999622,-3077170.45288492,5779.909668037668,-5779.909668037668,0.5,0.818550705909729,0.5,0.5,8185507.0,270.2658386230469,473.1572265625,313.16363525390625,-150000000.0,0.0,0.0,71229056.0,0.0,0.0,-148742768.0,-148742768.0,227513712.0,-0.0,0.0,0.85,1.0,-1.0,1.0,True,True,True,,0,0
5828400.0,106,0.14637474422087196,False,False,ok,,,True,1.0,0.0,1,0.0,1.0,0.0,0.0,1501938.980586342,22913.478373121703,0.14637474422087196,-22913.478373121703,-0.14637474422087196,156539.83544146415,0.0,0.0,0.14637474422087196,0.024509147035284173,0.000600698288397179,0.05,1.0,-18368.773216456815,0.0,-0.0,-1044382.3117301983,-38486.677244797,38486.677244797,-6419999.999999999,-60000.0,60000.0,0.0,0.0,-0.0,0.0,0.0,-0.0,12054217.218700027,113756.85590000823,-113756.85590000823,-3069527.153167002,7643.299717918038,-7643.299717918038,0.5,0.8254908323287964,0.5,0.5,8254908.5,272.5572814941406,473.1572265625,313.16363525390625,-150000000.0,0.0,0.0,104100536.0,0.0,0.0,-160223584.0,-160223584.0,206123056.0,-0.0,0.0,0.85,1.0,-1.0,1.0,True,True,True,,0,0
5832000.0,107,0.08647317070954473,False,False,ok,,,True,1.0,0.0,1,0.0,1.0,0.0,0.0,1515475.4764993158,13536.495912973769,0.08647317070954473,-13536.495912973769,-0.08647317070954473,156539.83544146415,0.0,0.0,0.08647317070954473,0.018955540815554395,0.0003593125276101486,0.05,1.0,-18368.773216456815,0.0,-0.0,-1084236.853408576,-39854.54167837766,39854.54167837766,-6479999.999999999,-60000.0,60000.0,0.0,0.0,-0.0,0.0,0.0,-0.0,12157278.744850023,103061.52614999563,-103061.52614999563,-3059197.641725651,10329.511441350915,-10329.511441350915,0.5,0.8310444355010986,0.5,0.5,8310444.5,274.39093017578125,473.1572265625,313.16363525390625,-150000000.0,0.0,0.0,101914576.0,0.0,-0.0,-158435824.0,-158435824.0,206521248.0,-0.0,0.0,0.85,1.0,-1.0,1.0,True,True,True,,0,0
5835600.0,108,0.09368447578106237,False,False,ok,,,True,1.0,0.0,1,0.0,1.0,0.0,0.0,1530140.8289215032,14665.352422187338,0.09368447578106237,-14665.352422187338,-0.09368447578106237,156539.83544146415,0.0,0.0,0.09368447578106237,0.01500744480955385,0.00022522339971180476,0.05,1.0,-18368.773216456815,0.0,-0.0,-1122475.434238264,-38238.580829688115,38238.580829688115,-6539999.999999999,-60000.0,60000.0,0.0,0.0,-0.0,0.0,0.0,-0.0,12260539.37100002,103260.62614999712,-103260.62614999712,-3049554.3346237764,9643.307101874612,-9643.307101874612,0.5,0.834992527961731,0.5,0.5,8349925.5,275.69451904296875,473.1572265625,313.16363525390625,-150000000.0,0.0,0.0,84807368.0,0.0,0.0,-146246784.0,-146246784.0,211439408.0,-0.0,0.0,0.85,1.0,-1.0,1.0,True,True,False,,0,0
5839200.0,109,0.12566164512177586,False,False,ok,,,True,1.0,0.0,1,0.0,1.0,0.0,0.0,1549811.8821701696,19671.05324866646,0.12566164512177586,-19671.05324866646,-0.12566164512177586,156539.83544146415,0.0,0.0,0.12566164512177586,0.012592445056461288,0.00015856967249999632,0.05,1.0,-18368.773216456815,0.0,-0.0,-1155649.9520904876,-33174.51785222348,33174.51785222348,-6599999.999999999,-60000.0,60000.0,0.0,0.0,-0.0,0.0,0.0,-0.0,12366259.075950025,105719.70495000482,-105719.70495000482,-3042428.4684728878,7125.866150888614,-7125.866150888614,0.5,0.8374075293540955,0.5,0.5,8374075.5,276.49188232421875,473.1572265625,313.16363525390625,-150000000.0,0.0,0.0,60672560.0,0.0,0.0,-116018728.0,-116018728.0,205346176.0,-0.0,0.0,0.85,1.0,-1.0,1.0,True,True,False,,0,0
5842800.0,110,0.14389596585527067,False,False,ok,,,True,1.0,0.0,1,0.0,1.0,0.0,0.0,1572337.3329858442,22525.450815674616,0.14389596585527067,-22525.450815674616,-0.14389596585527067,156539.83544146415,0.0,0.0,0.14389596585527067,0.011992363292125607,0.00014381677733032173,0.05,1.0,-18368.773216456815,0.0,-0.0,-1180004.9807310302,-24355.028640542645,24355.028640542645,-6659999.999999999,-60000.0,60000.0,0.0,0.0,-0.0,0.0,0.0,-0.0,12468932.160950018,102673.08499999344,-102673.08499999344,-3038221.0740166707,4207.394456217065,-4207.394456217065,0.5,0.8380076289176941,0.5,0.5,8380076.5,276.69000244140625,473.1572265625,313.16363525390625,-150000000.0,0.0,0.0,19771422.0,0.0,0.0,-74423280.0,-74423280.0,204651856.0,-0.0,0.0,0.85,1.0,-1.0,1.0,True,True,False,,0,0
5846400.0,111,0.16069074273628142,False,False,ok,,,True,1.0,0.0,1,0.0,1.0,0.0,0.0,1597491.8354107484,25154.502424904145,0.16069074273628142,-25154.502424904145,-0.16069074273628142,156539.83544146415,0.0,0.0,0.16069074273628142,0.014800875641176159,0.00021906591974556178,0.05,1.0,-18368.773216456815,0.0,-0.0,-1192915.4112541503,-12910.4305231201,12910.4305231201,-6719999.999999999,-60000.0,60000.0,0.0,0.0,-0.0,0.0,0.0,-0.0,12571258.090450013,102325.92949999496,-102325.92949999496,-3042482.0705686463,-4260.996551975608,4260.996551975608,0.5,0.8351991176605225,0.5,0.5,8351991.0,275.7626953125,473.1572265625,313.16363525390625,-150000000.0,0.0,0.0,-36214900.0,0.0,0.0,-23213746.0,-23213746.0,209428640.0,-0.0,0.0,0.85,1.0,-1.0,1.0,True,True,False,,0,0
5850000.0,112,0.08652069727593319,False,False,ok,,,True,1.0,0.0,1,0.0,1.0,0.0,0.0,1611035.7711246037,13543.935713855317,0.08652069727593319,-13543.935713855317,-0.08652069727593319,156539.83544146415,0.0,0.0,0.08652069727593319,0.020166343577577073,0.00040668141328888406,0.05,1.0,-18368.773216456815,0.0,-0.0,-1196120.26857119,-3204.857317039743,3204.857317039743,-6779999.999999999,-60000.0,60000.0,0.0,0.0,-0.0,0.0,0.0,-0.0,12675972.413100017,104714.32265000418,-104714.32265000418,-3070447.600187751,-27965.529619104695,27965.529619104695,0.5,0.8298336267471313,0.5,0.5,8298336.5,273.99114990234375,473.1572265625,313.16363525390625,-150000000.0,0.0,0.0,-84174776.0,0.0,0.0,-0.0,-0.0,234174768.0,-0.0,0.0,0.85,1.0,-1.0,1.0,True,True,False,,0,0
5853600.0,113,0.04396535912109059,False,False,ok,,,True,1.0,0.0,1,0.0,1.0,0.0,0.0,1617918.101206544,6882.330081940396,0.04396535912109059,-6882.330081940396,-0.04396535912109059,156539.83544146415,0.0,0.0,0.04396535912109059,0.0248435164985763,0.0006172003120150329,0.05,1.0,-18788.50388717264,-419.7306707158241,419.7306707158241,-1196120.26857119,0.0,-0.0,-6839999.999999999,-60000.0,60000.0,0.0,0.0,-0.0,0.0,0.0,-0.0,12793059.800800024,117087.38770000637,-117087.38770000637,-3120232.927135094,-49785.32694734307,49785.32694734307,0.5,0.8251565098762512,0.5,0.5,8251565.0,272.4468688964844,473.1572265625,313.16363525390625,-150000000.0,0.0,0.0,-72847744.0,-4226387.5,-4226387.5,-0.0,-0.0,227074128.0,-0.0,0.0,0.85,1.0,-1.0,1.0,True,True,False,,0,0
5857200.0,114,0.052563588540805124,False,False,ok,,,True,1.0,0.0,1,0.0,1.0,0.0,0.0,1626146.3967069346,8228.295500390464,0.052563588540805124,-8228.295500390464,-0.052563588540805124,156539.83544146415,0.0,0.0,0.052563588540805124,0.02826870044582963,0.0007991194248960484,0.05,1.0,-20098.4957037194,-1309.9918165467607,1309.9918165467607,-1196120.26857119,0.0,-0.0,-6899999.999999999,-60000.0,60000.0,0.0,0.0,-0.0,0.0,0.0,-0.0,12906596.86550002,113537.06469999626,-113537.06469999626,-3164231.7045181566,-43998.77738306252,43998.77738306252,0.5,0.8217313289642334,0.5,0.5,8217313.0,271.3159484863281,473.1572265625,313.16363525390625,-150000000.0,0.0,0.0,-72907024.0,-3163320.75,-3163320.75,-0.0,-0.0,226070352.0,-0.0,0.0,0.85,1.0,-1.0,1.0,True,True,True,,0,0
5860800.0,115,0.04998169418606959,False,False,ok,,,True,1.0,0.0,1,0.0,1.0,0.0,0.0,1633970.5228899075,7824.126182972919,0.04998169418606959,-7824.126182972919,-0.04998169418606959,156539.83544146415,0.0,0.0,0.04998169418606959,0.030947557200532105,0.0009577512966802065,0.05,1.0,-20702.120813881276,-603.6251101618764,603.6251101618764,-1196120.26857119,0.0,-0.0,-6959999.999999999,-60000.0,60000.0,0.0,0.0,-0.0,0.0,0.0,-0.0,13019632.038550017,113035.17304999754,-113035.17304999754,-3208839.1262750225,-44607.42175686592,44607.42175686592,0.5,0.8190524578094482,0.5,0.5,8190524.5,270.43145751953125,473.1572265625,313.16363525390625,-150000000.0,0.0,0.0,-97007304.0,-83525.484375,-83525.484375,-0.0,-0.0,247090832.0,-0.0,0.0,0.85,1.0,-1.0,1.0,True,True,True,,0,0
5864400.0,116,0.0338125132320366,False,False,ok,,,True,1.0,0.0,1,0.0,1.0,0.0,0.0,1639263.5281471128,5293.005257205339,0.0338125132320366,-5293.005257205339,-0.0338125132320366,156539.83544146415,0.0,0.0,0.0338125132320366,0.03297255405649746,0.001087189321008647,0.05,1.0,-20705.044205967606,-2.923392086329841,2.923392086329841,-1196120.26857119,0.0,-0.0,-7019999.999999999,-60000.0,60000.0,0.0,0.0,-0.0,0.0,0.0,-0.0,13143177.452950025,123545.41440000758,-123545.41440000758,-3267088.6120257312,-58249.48575070873,58249.48575070873,0.5,0.8170274496078491,0.5,0.5,8170274.5,269.7628479003906,473.1572265625,313.16363525390625,-150000000.0,0.0,0.0,-81875064.0,0.0,0.0,-0.0,-0.0,231875056.0,-0.0,0.0,0.85,1.0,-1.0,1.0,True,True,True,,0,0
5868000.0,117,0.04351923458196648,False,False,ok,,,True,1.0,0.0,1,0.0,1.0,0.0,0.0,1646076.0219671123,6812.493819999509,0.04351923458196648,-6812.493819999509,-0.04351923458196648,156539.83544146415,0.0,0.0,0.04351923458196648,0.034506299232810456,0.0011906846867442554,0.05,1.0,-20705.044205967606,0.0,-0.0,-1196120.26857119,0.0,-0.0,-7079999.999999999,-60000.0,60000.0,0.0,0.0,-0.0,0.0,0.0,-0.0,13259114.983850023,115937.5308999978,-115937.5308999978,-3316213.6491057295,-49125.03707999829,49125.03707999829,0.5,0.8154937028884888,0.5,0.5,8154937.0,269.2564392089844,473.1572265625,313.16363525390625,-150000000.0,0.0,0.0,-85927880.0,0.0,0.0,-0.0,-0.0,235927872.0,-0.0,0.0,0.85,1.0,-1.0,1.0,True,True,True,,0,0
5871600.0,118,0.04093023486277778,False,False,ok,,,True,1.0,0.0,1,0.0,1.0,0.0,0.0,1652483.234197112,6407.212229999714,0.04093023486277778,-6407.212229999714,-0.04093023486277778,156539.83544146415,0.0,0.0,0.04093023486277778,0.03587494393071289,0.0012870116020317936,0.05,1.0,-20705.044205967606,0.0,-0.0,-1196120.26857119,0.0,-0.0,-7139999.999999999,-60000.0,60000.0,0.0,0.0,-0.0,0.0,0.0,-0.0,13377078.92270002,117963.93884999678,-117963.93884999678,-3367770.3757257313,-51556.72662000172,51556.72662000172,0.5,0.8141250610351562,0.5,0.5,8141250.5,268.8045349121094,473.1572265625,313.16363525390625,-150000000.0,0.0,0.0,-71222080.0,0.0,0.0,-0.0,-0.0,221222080.0,-0.0,0.0,0.85,1.0,-1.0,1.0,True,True,True,,0,0
5875200.0,119,0.05032451993950269,False,False,ok,,,True,1.0,0.0,1,0.0,1.0,0.0,0.0,1660361.0262671125,7877.792070000432,0.05032451993950269,-7877.792070000432,-0.05032451993950269,156539.83544146415,0.0,0.0,0.05032451993950269,0.037589062774395776,0.0014129376402574664,0.05,1.0,-20705.044205967606,0.0,-0.0,-1196120.26857119,0.0,-0.0,-7199999.999999999,-60000.0,60000.0,0.0,0.0,-0.0,0.0,0.0,-0.0,13487689.962350013,110611.03964999318,-110611.03964999318,-3410503.6233057333,-42733.24758000206,42733.24758000206,0.5,0.8124109506607056,0.5,0.5,8124109.5,268.23858642578125,473.1572265625,313.16363525390625,-150000000.0,0.0,0.0,-62417880.0,0.0,0.0,-0.0,-0.0,212417872.0,-0.0,0.0,0.85,1.0,-1.0,1.0,True,True,True,,0,0
5878800.0,120,0.0559487752449723,False,False,ok,,,True,1.0,0.0,1,0.0,1.0,0.0,0.0,1669119.238337112,8758.212069999427,0.0559487752449723,-8758.212069999427,-0.0559487752449723,156539.83544146415,0.0,0.0,0.0559487752449723,0.03978248965274345,0.0015826464829706394,0.05,1.0,-20705.044205967606,0.0,-0.0,-1196120.26857119,0.0,-0.0,-7259999.999999999,-60000.0,60000.0,0.0,0.0,-0.0,0.0,0.0,-0.0,13593898.902000016,106208.93965000287,-106208.93965000287,-3447954.350885732,-37450.727579998784,37450.727579998784,0.5,0.8102174997329712,0.5,0.5,8102175.0,267.5143737792969,473.1572265625,313.16363525390625,-150000000.0,0.0,0.0,-96799368.0,0.0,0.0,-0.0,-0.0,246799360.0,-0.0,0.0,0.85,1.0,-1.0,1.0,True,True,True,,0,0
5882400.0,121,0.03398536592935975,False,False,ok,,,True,1.0,0.0,1,0.0,1.0,0.0,0.0,1674439.3019271118,5320.063589999918,0.03398536592935975,-5320.063589999918,-0.03398536592935975,156539.83544146415,0.0,0.0,0.03398536592935975,0.04215918498825644,0.001777396878874027,0.05,1.0,-20705.044205967606,0.0,-0.0,-1196120.26857119,0.0,-0.0,-7319999.999999999,-60000.0,60000.0,0.0,0.0,-0.0,0.0,0.0,-0.0,13717298.584050009,123399.68204999343,-123399.68204999343,-3506033.9693457326,-58079.61846000049,58079.61846000049,0.5,0.8078408241271973,0.5,0.5,8078408.0,266.7296447753906,473.1572265625,313.16363525390625,-150000000.0,0.0,0.0,-90106424.0,0.0,0.0,-0.0,-0.0,240106416.0,-0.0,0.0,0.85,1.0,-1.0,1.0,True,True,True,,0,0
5886000.0,122,0.038260919165463786,False,False,ok,,,True,1.0,0.0,1,0.0,1.0,0.0,0.0,1680428.6599171127,5989.357990000863,0.038260919165463786,-5989.357990000863,-0.038260919165463786,156539.83544146415,0.0,0.0,0.038260919165463786,0.0445173511361967,0.001981794552183434,0.05,1.0,-20705.044205967606,0.0,-0.0,-1196120.26857119,0.0,-0.0,-7379999.999999999,-60000.0,60000.0,0.0,0.0,-0.0,0.0,0.0,-0.0,13837351.794100007,120053.21004999802,-120053.21004999802,-3560097.821405732,-54063.85205999948,54063.85205999948,0.5,0.8054826259613037,0.5,0.5,8054826.5,265.9510192871094,473.1572265625,313.16363525390625,-150000000.0,0.0,0.0,-88081688.0,0.0,0.0,-0.0,-0.0,238081696.0,-0.0,0.0,0.85,1.0,-1.0,1.0,True,True,True,,0,0
5889600.0,123,0.03955434648655133,False,False,ok,,,True,1.0,0.0,1,0.0,1.0,0.0,0.0,1686620.490807112,6191.830889999401,0.03955434648655133,-6191.830889999401,-0.03955434648655133,156539.83544146415,0.0,0.0,0.03955434648655133,0.046702929662719495,0.0021811636390809243,0.05,1.0,-20705.044205967606,0.0,-0.0,-1196120.26857119,0.0,-0.0,-7439999.999999999,-60000.0,60000.0,0.0,0.0,-0.0,0.0,0.0,-0.0,13956392.639650008,119040.84555000067,-119040.84555000067,-3612946.836065731,-52849.01465999894,52849.01465999894,0.5,0.8032970428466797,0.5,0.5,8032970.5,265.2294006347656,473.1572265625,313.16363525390625,-150000000.0,0.0,0.0,-53087640.0,0.0,0.0,-0.0,-0.0,203087648.0,-0.0,0.0,0.85,1.0,-1.0,1.0,True,True,True,,0,0
5893200.0,124,0.06190907108512246,False,False,ok,,,True,1.0,0.0,1,0.0,1.0,0.0,0.0,1696311.726607111,9691.235799998976,0.06190907108512246,-9691.235799998976,-0.06190907108512246,156539.83544146415,0.0,0.0,0.06190907108512246,0.048234647931275076,0.002326581261054059,0.05,1.0,-20705.044205967606,0.0,-0.0,-1196120.26857119,0.0,-0.0,-7499999.999999999,-60000.0,60000.0,0.0,0.0,-0.0,0.0,0.0,-0.0,14057936.460649999,101543.82099999115,-101543.82099999115,-3644799.4212657325,-31852.585200001486,31852.585200001486,0.5,0.8017653226852417,0.5,0.5,8017653.5,264.7236633300781,473.1572265625,313.16363525390625,-150000000.0,0.0,0.0,-95332688.0,0.0,0.0,-0.0,-0.0,245332688.0,-0.0,0.0,0.85,1.0,-1.0,1.0,True,True,True,,0,0
5896800.0,125,0.034922299391609825,False,False,ok,,,True,1.0,0.0,1,0.0,1.0,0.0,0.0,1701778.4576071112,5466.731000000145,0.034922299391609825,-5466.731000000145,-0.034922299391609825,156539.83544146415,0.0,0.0,0.034922299391609825,0.04858693819106574,0.002360690562782443,0.05,1.0,-20705.044205967606,0.0,-0.0,-1196120.26857119,0.0,-0.0,-7559999.999999999,-60000.0,60000.0,0.0,0.0,-0.0,0.0,0.0,-0.0,14180602.805650005,122666.34500000626,-122666.34500000626,-3701999.0352657316,-57199.61399999913,57199.61399999913,0.5,0.8014130592346191,0.5,0.5,8014130.5,264.6073303222656,473.1572265625,313.16363525390625,-150000000.0,0.0,0.0,-82781408.0,0.0,0.0,-0.0,-0.0,232781408.0,-0.0,0.0,0.85,1.0,-1.0,1.0,True,True,True,,0,0
5900400.0,126,0.054794086852063946,False,False,ok,,,True,1.0,0.0,1,0.0,1.0,0.0,0.0,1710355.9149460986,8577.457338987384,0.054794086852063946,-8577.457338987384,-0.054794086852063946,156539.83544146415,0.0,0.0,0.054794086852063946,0.047557985761907284,0.002261762009729776,0.05,1.0,-20705.044205967606,0.0,-0.0,-1197445.695684753,-1325.4271135628223,1325.4271135628223,-7619999.999999999,-60000.0,60000.0,0.0,0.0,-0.0,0.0,0.0,-0.0,14296993.508750008,116390.7031000033,-116390.7031000033,-3748486.853913182,-46487.8186474503,46487.8186474503,0.5,0.8024420142173767,0.5,0.5,8024420.0,264.94708251953125,473.1572265625,313.16363525390625,-150000000.0,0.0,0.0,-85646112.0,0.0,0.0,-11751372.0,-11751372.0,247397488.0,-0.0,0.0,0.85,1.0,-1.0,1.0,True,True,True,,0,0
5904000.0,127,0.09605671771282183,False,False,ok,,,True,1.0,0.0,1,0.0,1.0,0.0,0.0,1725392.6177299109,15036.702783812303,0.09605671771282183,-15036.702783812303,-0.09605671771282183,156539.83544146415,0.0,0.0,0.09605671771282183,0.04483909227877192,0.0020105441963842235,0.05,1.0,-20705.044205967606,0.0,-0.0,-1204428.8751160474,-6983.179431294557,6983.179431294557,-7679999.999999999,-60000.0,60000.0,0.0,0.0,-0.0,0.0,0.0,-0.0,14420692.250850009,123698.74210000038,-123698.74210000038,-3790165.713798075,-41678.859884893056,41678.859884893056,0.5,0.8051608800888062,0.5,0.5,8051609.0,265.84478759765625,473.1572265625,313.16363525390625,-150000000.0,0.0,0.0,-29752862.0,0.0,0.0,-47509236.0,-47509236.0,227262096.0,-0.0,0.0,0.85,1.0,-1.0,1.0,True,True,True,,0,0
5907600.0,128,0.17631125107174211,False,False,ok,,,True,1.0,0.0,1,0.0,1.0,0.0,0.0,1752992.35195916,27599.73422924918,0.17631125107174211,-27599.73422924918,-0.17631125107174211,156539.83544146415,0.0,0.0,0.17631125107174211,0.04025112312194812,0.0016201529125782264,0.05,1.0,-20705.044205967606,0.0,-0.0,-1218947.406458368,-14518.53134232061,14518.53134232061,-7739999.999999999,-60000.0,60000.0,0.0,0.0,-0.0,0.0,0.0,-0.0,14534323.299100002,113631.04824999347,-113631.04824999347,-3801678.496476506,-11512.7826784309,11512.7826784309,0.5,0.8097488880157471,0.5,0.5,8097489.0,267.359619140625,473.1572265625,313.16363525390625,-150000000.0,0.0,0.0,5564176.0,0.0,0.0,-70830112.0,-70830112.0,215265936.0,-0.0,0.0,0.85,1.0,-1.0,1.0,True,True,True,,0,0
5911200.0,129,0.18245418999344598,False,False,ok,,,True,1.0,0.0,1,0.0,1.0,0.0,0.0,1781553.7008363397,28561.34887717967,0.18245418999344598,-28561.34887717967,-0.18245418999344598,156539.83544146415,0.0,0.0,0.18245418999344598,0.03397792545018341,0.0011544994178982215,0.05,1.0,-20705.044205967606,0.0,-0.0,-1239855.7844630678,-20908.378004699713,20908.378004699713,-7799999.999999999,-60000.0,60000.0,0.0,0.0,-0.0,0.0,0.0,-0.0,14641956.268700002,107632.96959999949,-107632.96959999949,-3799841.7391946255,1836.75728188036,-1836.75728188036,0.5,0.8160220980644226,0.5,0.5,8160220.5,269.4308776855469,473.1572265625,313.16363525390625,-150000000.0,0.0,0.0,44612552.0,0.0,0.0,-99038352.0,-99038352.0,204425792.0,-0.0,0.0,0.85,1.0,-1.0,1.0,True,True,True,,0,0
5914800.0,130,0.13380065013721756,False,False,ok,,,True,1.0,0.0,1,0.0,1.0,0.0,0.0,1802498.8325907807,20945.131754440954,0.13380065013721756,-20945.131754440954,-0.13380065013721756,156539.83544146415,0.0,0.0,0.13380065013721756,0.027381475260259136,0.0007497451874281831,0.05,1.0,-20705.044205967606,0.0,-0.0,-1266231.0976723332,-26375.31320926547,26375.31320926547,-7859999.999999999,-60000.0,60000.0,0.0,0.0,-0.0,0.0,0.0,-0.0,14744169.168300008,102212.89960000664,-102212.89960000664,-3794734.193830919,5107.545363706537,-5107.545363706537,0.5,0.8226185441017151,0.5,0.5,8226185.0,271.6088562011719,473.1572265625,313.16363525390625,-150000000.0,0.0,0.0,42247528.0,0.0,0.0,-113324256.0,-113324256.0,221076720.0,-0.0,0.0,0.85,1.0,-1.0,1.0,True,True,True,,0,0
5918400.0,131,0.17489158625101087,False,False,ok,,,True,1.0,0.0,1,0.0,1.0,0.0,0.0,1829876.3327226106,27377.500131829875,0.17489158625101087,-27377.500131829875,-0.17489158625101087,156539.83544146415,0.0,0.0,0.17489158625101087,0.02215964520136038,0.0004910498754501741,0.05,1.0,-20705.044205967606,0.0,-0.0,-1292986.4145859503,-26755.316913617076,26755.316913617076,-7919999.999999999,-60000.0,60000.0,0.0,0.0,-0.0,0.0,0.0,-0.0,14854707.531150015,110538.36285000667,-110538.36285000667,-3791139.7396354727,3594.454195446335,-3594.454195446335,0.5,0.8278403282165527,0.5,0.5,8278403.5,273.3329772949219,473.1572265625,313.16363525390625,-150000000.0,0.0,0.0,30944590.0,0.0,0.0,-99321256.0,-99321256.0,218376672.0,-0.0,0.0,0.85,1.0,-1.0,1.0,True,True,True,,0,0
5922000.0,132,0.18634552379681654,False,False,ok,,,True,1.0,0.0,1,0.0,1.0,0.0,0.0,1859046.8303530177,29170.497630407102,0.18634552379681654,-29170.497630407102,-0.18634552379681654,156539.83544146415,0.0,0.0,0.18634552379681654,0.018757155053974017,0.00035183086571882304,0.05,1.0,-20705.044205967606,0.0,-0.0,-1314953.3641352723,-21966.949549322017,21966.949549322017,-7979999.999999999,-60000.0,60000.0,0.0,0.0,-0.0,0.0,0.0,-0.0,14963895.865350006,109188.33419999108,-109188.33419999108,-3789190.626655744,1949.1129797287285,-1949.1129797287285,0.5,0.8312428593635559,0.5,0.5,8312428.5,274.4563903808594,473.1572265625,313.16363525390625,-150000000.0,0.0,0.0,-18808192.0,0.0,0.0,-73818240.0,-73818240.0,242626432.0,-0.0,0.0,0.85,1.0,-1.0,1.0,True,True,False,,0,0
5925600.0,133,0.1867322381454623,False,False,ok,,,True,1.0,0.0,1,0.0,1.0,0.0,0.0,1888277.8641839246,29231.033830906963,0.1867322381454623,-29231.033830906963,-0.1867322381454623,156539.83544146415,0.0,0.0,0.1867322381454623,0.016992476634684728,0.0002887442621803064,0.05,1.0,-20705.044205967606,0.0,-0.0,-1331734.56183592,-16781.197700647637,16781.197700647637,-8039999.999999999,-60000.0,60000.0,0.0,0.0,-0.0,0.0,0.0,-0.0,15085209.080099998,121313.2147499919,-121313.2147499919,-3804491.6098741894,-15300.983218445443,15300.983218445443,0.5,0.8330075144767761,0.5,0.5,8330075.0,275.0390625,473.1572265625,313.16363525390625,-150000000.0,0.0,0.0,-40276604.0,0.0,0.0,-58919596.0,-58919596.0,249196192.0,-0.0,0.0,0.85,1.0,-1.0,1.0,True,True,False,,0,0
5929200.0,134,0.13988417515926438,False,False,ok,,,True,1.0,0.0,1,0.0,1.0,0.0,0.0,1910175.3099442208,21897.445760296192,0.13988417515926438,-21897.445760296192,-0.13988417515926438,156539.83544146415,0.0,0.0,0.13988417515926438,0.01706188309429013,0.0002911078547232234,0.05,1.0,-20705.044205967606,0.0,-0.0,-1343746.7515861313,-12012.189750211313,12012.189750211313,-8099999.999999999,-60000.0,60000.0,0.0,0.0,-0.0,0.0,0.0,-0.0,15209807.179550001,124598.09945000336,-124598.09945000336,-3835180.073813681,-30688.46393949166,30688.46393949166,0.5,0.8329381346702576,0.5,0.5,8329381.0,275.0161437988281,473.1572265625,313.16363525390625,-150000000.0,0.0,0.0,-18038580.0,0.0,0.0,-34654076.0,-34654076.0,202692656.0,-0.0,0.0,0.85,1.0,-1.0,1.0,True,True,False,,0,0
5932800.0,135,0.11608097270823954,False,False,ok,,,True,1.0,0.0,1,0.0,1.0,0.0,0.0,1928346.6063098537,18171.29636563291,0.11608097270823954,-18171.29636563291,-0.11608097270823954,156539.83544146415,0.0,0.0,0.11608097270823954,0.018814913517815057,0.00035400097068285976,0.05,1.0,-20705.044205967606,0.0,-0.0,-1349775.724418726,-6028.972832594765,6028.972832594765,-8159999.999999999,-60000.0,60000.0,0.0,0.0,-0.0,0.0,0.0,-0.0,15311153.50755,101346.32799999788,-101346.32799999788,-3852326.132615453,-17146.058801772073,17146.058801772073,0.5,0.8311851024627686,0.5,0.5,8311851.0,274.43731689453125,473.1572265625,313.16363525390625,-150000000.0,0.0,0.0,-56719456.0,0.0,0.0,-11137304.0,-11137304.0,217856752.0,-0.0,0.0,0.85,1.0,-1.0,1.0,True,True,False,,0,0
5936400.0,136,0.06619219784978317,False,False,ok,,,True,1.0,0.0,1,0.0,1.0,0.0,0.0,1938708.3220687676,10361.715758913895,0.06619219784978317,-10361.715758913895,-0.06619219784978317,156539.83544146415,0.0,0.0,0.06619219784978317,0.02109180014066636,0.0004448640331738135,0.05,1.0,-20705.044205967606,0.0,-0.0,-1351309.5755679505,-1533.8511492244434,1533.8511492244434,-8219999.999999999,-60000.0,60000.0,0.0,0.0,-0.0,0.0,0.0,-0.0,15420081.8868,108928.37925000116,-108928.37925000116,-3889358.9449573145,-37032.81234186143,37032.81234186143,0.5,0.8289082050323486,0.5,0.5,8289082.0,273.685546875,473.1572265625,313.16363525390625,-150000000.0,0.0,0.0,-99953352.0,0.0,0.0,-0.0,-0.0,249953360.0,-0.0,0.0,0.85,1.0,-1.0,1.0,True,True,False,,0,0
5940000.0,137,0.031970550983942955,False,False,ok,,,True,1.0,0.0,1,0.0,1.0,0.0,0.0,1943712.986858767,5004.6647899993695,0.031970550983942955,-5004.6647899993695,-0.031970550983942955,156539.83544146415,0.0,0.0,0.031970550983942955,0.023037480204226468,0.0005307254941601264,0.05,1.0,-20705.044205967606,0.0,-0.0,-1351309.5755679505,0.0,-0.0,-8279999.999999999,-60000.0,60000.0,0.0,0.0,-0.0,0.0,0.0,-0.0,15545058.562849997,124976.67604999617,-124976.67604999617,-3949330.9562173137,-59972.011259999126,59972.011259999126,0.5,0.8269625306129456,0.5,0.5,8269625.0,273.0431213378906,473.1572265625,313.16363525390625,-150000000.0,0.0,0.0,-70750864.0,0.0,0.0,-0.0,-0.0,220750864.0,-0.0,0.0,0.85,1.0,-1.0,1.0,True,True,False,,0,0
5943600.0,138,0.050625536801229803,False,False,ok,,,True,1.0,0.0,1,0.0,1.0,0.0,0.0,1951637.9000587673,7924.913200000301,0.050625536801229803,-7924.913200000301,-0.050625536801229803,156539.83544146415,0.0,0.0,0.050625536801229803,0.024609722477957896,0.0006056384404421061,0.05,1.0,-20705.044205967606,0.0,-0.0,-1351309.5755679505,0.0,-0.0,-8339999.999999999,-60000.0,60000.0,0.0,0.0,-0.0,0.0,0.0,-0.0,15655433.996850004,110375.43400000781,-110375.43400000781,-3991781.477017312,-42450.520799998194,42450.520799998194,0.5,0.8253902792930603,0.5,0.5,8253903.0,272.5240173339844,473.1572265625,313.16363525390625,-150000000.0,0.0,0.0,-69032400.0,0.0,0.0,-0.0,-0.0,219032400.0,-0.0,0.0,0.85,1.0,-1.0,1.0,True,True,True,,0,0
5947200.0,139,0.05172332063060208,False,False,ok,,,True,1.0,0.0,1,0.0,1.0,0.0,0.0,1959734.6601587678,8096.760100000538,0.05172332063060208,-8096.760100000538,-0.05172332063060208,156539.83544146415,0.0,0.0,0.05172332063060208,0.02611107172246685,0.0006817880664958079,0.05,1.0,-20705.044205967606,0.0,-0.0,-1351309.5755679505,0.0,-0.0,-8399999.999999998,-59999.99999999907,59999.99999999907,0.0,0.0,-0.0,0.0,0.0,-0.0,15764950.196350006,109516.19950000197,-109516.19950000197,-4033200.9164173133,-41419.43940000143,41419.43940000143,0.5,0.8238889575004578,0.5,0.5,8238889.5,272.0282897949219,473.1572265625,313.16363525390625,-150000000.0,0.0,0.0,-55228976.0,0.0,0.0,-0.0,-0.0,205228976.0,-0.0,0.0,0.85,1.0,-1.0,1.0,True,True,True,,0,0
5950800.0,140,0.06054115345958639,False,False,ok,,,True,1.0,0.0,1,0.0,1.0,0.0,0.0,1969211.762358768,9477.102200000081,0.06054115345958639,-9477.102200000081,-0.06054115345958639,156539.83544146415,0.0,0.0,0.06054115345958639,0.027586152654769713,0.000760995818292258,0.05,1.0,-20705.044205967606,0.0,-0.0,-1351309.5755679505,0.0,-0.0,-8459999.999999998,-60000.0,60000.0,0.0,0.0,-0.0,0.0,0.0,-0.0,15867564.685349999,102614.48899999261,-102614.48899999261,-4066338.303217313,-33137.38679999951,33137.38679999951,0.5,0.8224138617515564,0.5,0.5,8224138.5,271.541259765625,473.1572265625,313.16363525390625,-150000000.0,0.0,0.0,-79480608.0,0.0,0.0,-0.0,-0.0,229480608.0,-0.0,0.0,0.85,1.0,-1.0,1.0,True,True,True,,0,0
5954400.0,141,0.04504884561883145,False,False,ok,,,True,1.0,0.0,1,0.0,1.0,0.0,0.0,1976263.7012387677,7051.938879999798,0.04504884561883145,-7051.938879999798,-0.04504884561883145,156539.83544146415,0.0,0.0,0.04504884561883145,0.028761859603313233,0.0008272445678407016,0.05,1.0,-20705.044205967606,0.0,-0.0,-1351309.5755679505,0.0,-0.0,-8519999.999999998,-60000.0,60000.0,0.0,0.0,-0.0,0.0,0.0,-0.0,15982304.990949998,114740.30559999868,-114740.30559999868,-4114026.669937314,-47688.36672000121,47688.36672000121,0.5,0.8212381601333618,0.5,0.5,8212381.5,271.153076171875,473.1572265625,313.16363525390625,-150000000.0,0.0,0.0,-57316032.0,0.0,0.0,-0.0,-0.0,207316032.0,-0.0,0.0,0.85,1.0,-1.0,1.0,True,True,True,,0,0
5958000.0,142,0.059207912183258736,False,False,ok,,,True,1.0,0.0,1,0.0,1.0,0.0,0.0,1985532.0980687677,9268.396829999983,0.059207912183258736,-9268.396829999983,-0.059207912183258736,156539.83544146415,0.0,0.0,0.059207912183258736,0.029595628179291733,0.0008759012073268869,0.05,1.0,-20705.044205967606,0.0,-0.0,-1351309.5755679505,0.0,-0.0,-8579999.999999998,-60000.0,60000.0,0.0,0.0,-0.0,0.0,0.0,-0.0,16085963.006799998,103658.01585000008,-103658.01585000008,-4148416.288957314,-34389.6190200001,34389.6190200001,0.5,0.8204043507575989,0.5,0.5,8204043.5,270.8777770996094,473.1572265625,313.16363525390625,-150000000.0,0.0,0.0,-68828784.0,0.0,0.0,-0.0,-0.0,218828784.0,-0.0,0.0,0.85,1.0,-1.0,1.0,True,True,True,,0,0
5961600.0,143,0.05185339180348782,False,False,ok,,,True,1.0,0.0,1,0.0,1.0,0.0,0.0,1993649.2194887674,8117.1214199997485,0.05185339180348782,-8117.1214199997485,-0.05185339180348782,156539.83544146415,0.0,0.0,0.05185339180348782,0.030556537335400313,0.0009337019739297132,0.05,1.0,-20705.044205967606,0.0,-0.0,-1351309.5755679505,0.0,-0.0,-8639999.999999998,-60000.0,60000.0,0.0,0.0,-0.0,0.0,0.0,-0.0,16195377.399699999,109414.39290000126,-109414.39290000126,-4189713.5604373156,-41297.27148000151,41297.27148000151,0.5,0.8194434642791748,0.5,0.5,8194434.5,270.5605163574219,473.1572265625,313.16363525390625,-150000000.0,0.0,0.0,-96817624.0,0.0,0.0,-0.0,-0.0,246817616.0,-0.0,0.0,0.85,1.0,-1.0,1.0,True,True,True,,0,0
5965200.0,144,0.033973701486287554,False,False,ok,,,True,1.0,0.0,1,0.0,1.0,0.0,0.0,1998967.4571287683,5318.23764000088,0.033973701486287554,-5318.23764000088,-0.033973701486287554,156539.83544146415,0.0,0.0,0.033973701486287554,0.0324120971520383,0.0010505440417931692,0.05,1.0,-20705.044205967606,0.0,-0.0,-1351309.5755679505,0.0,-0.0,-8699999.999999998,-60000.0,60000.0,0.0,0.0,-0.0,0.0,0.0,-0.0,16318786.211499995,123408.8117999956,-123408.8117999956,-4247804.134597319,-58090.57416000357,58090.57416000357,0.5,0.8175879120826721,0.5,0.5,8175879.0,269.9478454589844,473.1572265625,313.16363525390625,-150000000.0,0.0,0.0,-85018480.0,0.0,0.0,-0.0,-0.0,235018480.0,-0.0,0.0,0.85,1.0,-1.0,1.0,True,True,True,,0,0
5968800.0,145,0.041511173636249746,False,False,ok,,,True,1.0,0.0,1,0.0,1.0,0.0,0.0,2005465.609418769,6498.15229000058,0.041511173636249746,-6498.15229000058,-0.041511173636249746,156539.83544146415,0.0,0.0,0.041511173636249746,0.0351611891412793,0.0012363092218288176,0.05,1.0,-20705.044205967606,0.0,-0.0,-1351309.5755679505,0.0,-0.0,-8759999.999999998,-60000.0,60000.0,0.0,0.0,-0.0,0.0,0.0,-0.0,16436295.450049987,117509.23854999244,-117509.23854999244,-4298815.220857316,-51011.08625999652,51011.08625999652,0.5,0.8148388266563416,0.5,0.5,8148388.0,269.0401611328125,473.1572265625,313.16363525390625,-150000000.0,0.0,0.0,-62146708.0,0.0,0.0,-0.0,-0.0,212146704.0,-0.0,0.0,0.85,1.0,-1.0,1.0,True,True,True,,0,0
5972400.0,146,0.056122004186499964,False,False,ok,,,True,1.0,0.0,1,0.0,1.0,0.0,0.0,2014250.9387187688,8785.329299999867,0.056122004186499964,-8785.329299999867,-0.056122004186499964,156539.83544146415,0.0,0.0,0.056122004186499964,0.03801911328240071,0.0014454529747800178,0.05,1.0,-20705.044205967606,0.0,-0.0,-1351309.5755679505,0.0,-0.0,-8819999.999999998,-60000.0,60000.0,0.0,0.0,-0.0,0.0,0.0,-0.0,16542368.80354998,106073.35349999368,-106073.35349999368,-4336103.245057312,-37288.02419999614,37288.02419999614,0.5,0.8119809031486511,0.5,0.5,8119809.0,268.0965576171875,473.1572265625,313.16363525390625,-150000000.0,0.0,0.0,-87105968.0,0.0,0.0,-0.0,-0.0,237105968.0,-0.0,0.0,0.85,1.0,-1.0,1.0,True,True,True,,0,0
5976000.0,147,0.04017765179235055,False,False,ok,,,True,1.0,0.0,1,0.0,1.0,0.0,0.0,2020540.3417187678,6289.402999999002,0.04017765179235055,-6289.402999999002,-0.04017765179235055,156539.83544146415,0.0,0.0,0.04017765179235055,0.040504135722640444,0.0016405850106380778,0.05,1.0,-20705.044205967606,0.0,-0.0,-1351309.5755679505,0.0,-0.0,-8879999.999999998,-60000.0,60000.0,0.0,0.0,-0.0,0.0,0.0,-0.0,16660921.788549976,118552.98499999568,-118552.98499999568,-4388366.8270573085,-52263.58199999668,52263.58199999668,0.5,0.8094958662986755,0.5,0.5,8094958.5,267.27606201171875,473.1572265625,313.16363525390625,-150000000.0,0.0,0.0,-66331888.0,0.0,0.0,-0.0,-0.0,216331888.0,-0.0,0.0,0.85,1.0,-1.0,1.0,True,True,True,,0,0
5979600.0,148,0.05344844784335863,False,False,ok,,,True,1.0,0.0,1,0.0,1.0,0.0,0.0,2028907.1529487688,8366.81123000104,0.05344844784335863,-8366.81123000104,-0.05344844784335863,156539.83544146415,0.0,0.0,0.05344844784335863,0.04238008927437786,0.0017960719669042377,0.05,1.0,-20705.044205967606,0.0,-0.0,-1351309.5755679505,0.0,-0.0,-8939999.999999998,-60000.0,60000.0,0.0,0.0,-0.0,0.0,0.0,-0.0,16769087.732399976,108165.94384999946,-108165.94384999946,-4428165.959677312,-39799.132620003074,39799.132620003074,0.5,0.8076199293136597,0.5,0.5,8076199.0,266.6566467285156,473.1572265625,313.16363525390625,-150000000.0,0.0,0.0,-68497968.0,0.0,0.0,-0.0,-0.0,218497968.0,-0.0,0.0,0.85,1.0,-1.0,1.0,True,True,True,,0,0
5983200.0,149,0.052064722420434695,False,False,ok,,,True,1.0,0.0,1,0.0,1.0,0.0,0.0,2037057.3560287692,8150.203080000356,0.052064722420434695,-8150.203080000356,-0.052064722420434695,156539.83544146415,0.0,0.0,0.052064722420434695,0.043808242722030655,0.0019191621303923517,0.05,1.0,-20705.044205967606,0.0,-0.0,-1351309.5755679505,0.0,-0.0,-8999999.999999998,-60000.0,60000.0,0.0,0.0,-0.0,0.0,0.0,-0.0,16878336.71699998,109248.98460000567,-109248.98460000567,-4469264.741197309,-41098.781519997865,41098.781519997865,0.5,0.8061917424201965,0.5,0.5,8061917.5,266.18511962890625,473.1572265625,313.16363525390625,-150000000.0,0.0,0.0,-74639704.0,0.0,0.0,-0.0,-0.0,224639696.0,-0.0,0.0,0.85,1.0,-1.0,1.0,True,True,True,,0,0
5986800.0,150,0.061866008475782414,False,False,ok,,,True,1.0,0.0,1,0.0,1.0,0.0,0.0,2046741.8508149884,9684.494786219206,0.061866008475782414,-9684.494786219206,-0.061866008475782414,156539.83544146415,0.0,0.0,0.061866008475782414,0.043990713762435574,0.0019351828973285386,0.05,1.0,-20705.044205967606,0.0,-0.0,-1352844.1934366787,-1534.6178687282372,1534.6178687282372,-9059999.999999998,-60000.0,60000.0,0.0,0.0,-0.0,0.0,0.0,-0.0,16990656.568149973,112319.85114999115,-112319.85114999115,-4510365.479692361,-41100.73849505186,41100.73849505186,0.5,0.8060092926025391,0.5,0.5,8060093.0,266.1248779296875,473.1572265625,313.16363525390625,-150000000.0,0.0,0.0,-46429940.0,0.0,0.0,-13600979.0,-13600979.0,210030928.0,-0.0,0.0,0.85,1.0,-1.0,1.0,True,True,True,,0,0
5990400.0,151,0.11400736279312865,False,False,ok,,,True,1.0,0.0,1,0.0,1.0,0.0,0.0,2064588.54462574,17846.69381075166,0.11400736279312865,-17846.69381075166,-0.11400736279312865,156539.83544146415,0.0,0.0,0.11400736279312865,0.04163462135540674,0.0017334416954080912,0.05,1.0,-20705.044205967606,0.0,-0.0,-1359165.4690657873,-6321.275629108539,6321.275629108539,-9119999.999999998,-60000.0,60000.0,0.0,0.0,-0.0,0.0,0.0,-0.0,17095672.028499965,105015.46034999192,-105015.46034999192,-4531212.970602501,-20847.490910139866,20847.490910139866,0.5,0.8083654046058655,0.5,0.5,8083654.0,266.9028015136719,473.1572265625,313.16363525390625,-150000000.0,0.0,0.0,-24961456.0,0.0,0.0,-39416912.0,-39416912.0,214378368.0,-0.0,0.0,0.85,1.0,-1.0,1.0,True,True,True,,0,0
5994000.0,152,0.17613944464311074,False,False,ok,,,True,1.0,0.0,1,0.0,1.0,0.0,0.0,2092161.3843049235,27572.83967918344,0.17613944464311074,-27572.83967918344,-0.17613944464311074,156539.83544146415,0.0,0.0,0.17613944464311074,0.03685713048304673,0.0013584480674443324,0.05,1.0,-20705.044205967606,0.0,-0.0,-1373379.7143156799,-14214.245249892585,14214.245249892585,-9179999.999999998,-60000.0,60000.0,0.0,0.0,-0.0,0.0,0.0,-0.0,17202861.211449962,107189.18294999748,-107189.18294999748,-4536615.0686234245,-5402.098020923324,5402.098020923324,0.5,0.8131428956985474,0.5,0.5,8131428.5,268.4801940917969,473.1572265625,313.16363525390625,-150000000.0,0.0,0.0,13837920.0,-596436.6875,-596436.6875,-77871136.0,-77871136.0,214629648.0,-0.0,0.0,0.85,1.0,-1.0,1.0,True,True,True,,0,0
5997600.0,153,0.1656812506560195,False,False,ok,,,True,1.0,0.0,1,0.0,1.0,0.0,0.0,2118097.1000183527,25935.715713429265,0.1656812506560195,-25935.715713429265,-0.1656812506560195,156539.83544146415,0.0,0.0,0.1656812506560195,0.03109783011479139,0.0009670750378484264,0.05,1.0,-21792.51387116544,-1087.4696651978338,1087.4696651978338,-1396945.3504490142,-23565.636133334367,23565.636133334367,-9239999.999999998,-60000.0,60000.0,0.0,0.0,-0.0,0.0,0.0,-0.0,17310176.038249966,107314.82680000365,-107314.82680000365,-4533341.073911463,3273.994711961597,-3273.994711961597,0.5,0.8189021944999695,0.5,0.5,8189021.5,270.38177490234375,473.1572265625,313.16363525390625,-150000000.0,0.0,0.0,49119000.0,-6545286.0,-6545286.0,-114065896.0,-114065896.0,221492176.0,-0.0,0.0,0.85,1.0,-1.0,1.0,True,True,True,,0,0
6001200.0,154,0.1504310312486725,False,False,ok,,,True,1.0,0.0,1,0.0,1.0,0.0,0.0,2141645.5488953097,23548.448876956943,0.1504310312486725,-23548.448876956943,-0.1504310312486725,156539.83544146415,0.0,0.0,0.1504310312486725,0.02592737456356453,0.000672228751759373,0.05,1.0,-24462.38499715465,-2669.8711259892116,2669.8711259892116,-1427180.9713136235,-30235.620864609256,30235.620864609256,-9299999.999999998,-60000.0,60000.0,0.0,0.0,-0.0,0.0,0.0,-0.0,17420922.12849998,110746.09025001526,-110746.09025001526,-4527633.22329391,5707.850617553107,-5707.850617553107,0.5,0.8240725994110107,0.5,0.5,8240726.5,272.08892822265625,473.1572265625,313.16363525390625,-150000000.0,0.0,0.0,64383812.0,-8997499.0,-8997499.0,-129291952.0,-129291952.0,223905648.0,-0.0,0.0,0.85,1.0,-1.0,1.0,True,True,True,,0,0
6004800.0,155,0.14136863627813548,False,False,ok,,,True,1.0,0.0,1,0.0,1.0,0.0,0.0,2163775.371954873,22129.823059563525,0.14136863627813548,-22129.823059563525,-0.14136863627813548,156539.83544146415,0.0,0.0,0.14136863627813548,0.02175795547399495,0.00047340862640834683,0.05,1.0,-27422.024496345297,-2959.6394991906454,2959.6394991906454,-1461044.9794581719,-33864.008144548396,33864.008144548396,-9359999.999999998,-60000.0,60000.0,0.0,0.0,-0.0,0.0,0.0,-0.0,17532874.94869997,111952.82019998878,-111952.82019998878,-4520632.572790607,7000.650503302924,-7000.650503302924,0.5,0.8282420635223389,0.5,0.5,8282420.5,273.465576171875,473.1572265625,313.16363525390625,-150000000.0,0.0,0.0,54152668.0,-7804817.5,-7804817.5,-142943856.0,-142943856.0,246596000.0,-0.0,0.0,0.85,1.0,-1.0,1.0,True,True,True,,0,0
6008400.0,156,0.203212817502506,False,False,ok,,,True,1.0,0.0,1,0.0,1.0,0.0,0.0,2195586.272966312,31810.901011438575,0.203212817502506,-31810.901011438575,-0.203212817502506,156539.83544146415,0.0,0.0,0.203212817502506,0.01845276706137744,0.0003405046122214562,0.05,1.0,-29665.495847514354,-2243.471351169057,2243.471351169057,-1494753.3456781907,-33708.36622001883,33708.36622001883,-9419999.999999998,-60000.0,60000.0,0.0,0.0,-0.0,0.0,0.0,-0.0,17656172.94904997,123298.00034999847,-123298.00034999847,-4516167.834557979,4464.738232627511,-4464.738232627511,0.5,0.8315472602844238,0.5,0.5,8315472.5,274.5568542480469,473.1572265625,313.16363525390625,-150000000.0,0.0,0.0,37894548.0,-4781670.0,-4781670.0,-124924368.0,-124924368.0,241811488.0,-0.0,0.0,0.85,1.0,-1.0,1.0,True,True,False,,0,0
6012000.0,157,0.21458005140319858,False,False,ok,,,True,1.0,0.0,1,0.0,1.0,0.0,0.0,2229176.5989019894,33590.325935677625,0.21458005140319858,-33590.325935677625,-0.21458005140319858,156539.83544146415,0.0,0.0,0.21458005140319858,0.01605540228273683,0.000257775942460511,0.05,1.0,-30803.517440320105,-1138.0215928057514,1138.0215928057514,-1523622.339374911,-28868.99369672034,28868.99369672034,-9479999.999999998,-60000.0,60000.0,0.0,0.0,-0.0,0.0,0.0,-0.0,17777078.692449976,120905.74340000749,-120905.74340000749,-4513476.236732776,2691.597825203091,-2691.597825203091,0.5,0.8339446187019348,0.5,0.5,8339446.0,275.3484191894531,473.1572265625,313.16363525390625,-150000000.0,0.0,0.0,40902368.0,-1496920.75,-1496920.75,-103904232.0,-103904232.0,214498784.0,-0.0,0.0,0.85,1.0,-1.0,1.0,True,True,False,,0,0
6015600.0,158,0.1757703678570736,False,False,ok,,,True,1.0,0.0,1,0.0,1.0,0.0,0.0,2256691.6633618213,27515.06445983192,0.1757703678570736,-27515.06445983192,-0.1757703678570736,156539.83544146415,0.0,0.0,0.1757703678570736,0.01503092921913396,0.00022592883319061502,0.05,1.0,-30881.076178133055,-77.5587378129494,77.5587378129494,-1545670.756177795,-22048.416802883847,22048.416802883847,-9539999.999999998,-60000.0,60000.0,0.0,0.0,-0.0,0.0,0.0,-0.0,17884328.08449996,107249.39204998314,-107249.39204998314,-4511084.588782246,2391.647950530052,-2391.647950530052,0.5,0.8349690437316895,0.5,0.5,8349690.5,275.6866760253906,473.1572265625,313.16363525390625,-150000000.0,0.0,0.0,-29051978.0,0.0,0.0,-68851768.0,-68851768.0,247903744.0,-0.0,0.0,0.85,1.0,-1.0,1.0,True,True,False,,0,0
6019200.0,159,0.14152912057755226,False,False,ok,,,True,1.0,0.0,1,0.0,1.0,0.0,0.0,2278846.6086072065,22154.94524538517,0.14152912057755226,-22154.94524538517,-0.14152912057755226,156539.83544146415,0.0,0.0,0.14152912057755226,0.01668592320508344,0.0002784200332059421,0.05,1.0,-30881.076178133055,0.0,-0.0,-1557774.5563673554,-12103.800189560512,12103.800189560512,-9599999.999999998,-60000.0,60000.0,0.0,0.0,-0.0,0.0,0.0,-0.0,18008279.959599946,123951.87509998679,-123951.87509998679,-4540777.718447299,-29693.12966505252,29693.12966505252,0.5,0.833314061164856,0.5,0.5,8333141.0,275.1402282714844,473.1572265625,313.16363525390625,-150000000.0,0.0,0.0,-63115312.0,0.0,0.0,-23037106.0,-23037106.0,236152416.0,-0.0,0.0,0.85,1.0,-1.0,1.0,True,True,False,,0,0
6022800.0,160,0.06919355603216697,False,False,ok,,,True,1.0,0.0,1,0.0,1.0,0.0,0.0,2289678.1564820916,10831.547874885146,0.06919355603216697,-10831.547874885146,-0.06919355603216697,156539.83544146415,0.0,0.0,0.06919355603216697,0.020042240436811576,0.0004016914017269651,0.05,1.0,-30881.076178133055,0.0,-0.0,-1560950.8346137013,-3176.27824634593,3176.27824634593,-9659999.999999998,-60000.0,60000.0,0.0,0.0,-0.0,0.0,0.0,-0.0,18126356.167949934,118076.20834998786,-118076.20834998786,-4584846.100676067,-44068.38222876843,44068.38222876843,0.5,0.8299577832221985,0.5,0.5,8299577.5,274.03204345703125,473.1572265625,313.16363525390625,-150000000.0,0.0,0.0,-93240392.0,0.0,0.0,-0.0,-0.0,243240400.0,-0.0,0.0,0.85,1.0,-1.0,1.0,True,True,False,,0,0
6026400.0,161,0.03625889010292464,False,False,ok,,,True,1.0,0.0,1,0.0,1.0,0.0,0.0,2295354.1171720936,5675.960690001957,0.03625889010292464,-5675.960690001957,-0.03625889010292464,156539.83544146415,0.0,0.0,0.03625889010292464,0.022543302326805348,0.0005082004797977474,0.05,1.0,-30881.076178133055,0.0,-0.0,-1560950.8346137013,0.0,-0.0,-9719999.999999998,-60000.0,60000.0,0.0,0.0,-0.0,0.0,0.0,-0.0,18247976.364499938,121620.19655000418,-121620.19655000418,-4640790.336536065,-55944.23585999757,55944.23585999757,0.5,0.8274567127227783,0.5,0.5,8274567.0,273.2062683105469,473.1572265625,313.16363525390625,-150000000.0,0.0,0.0,-76162496.0,0.0,0.0,-0.0,-0.0,226162496.0,-0.0,0.0,0.85,1.0,-1.0,1.0,True,True,False,,0,0
6030000.0,162,0.04716850991428525,False,False,ok,,,True,1.0,0.0,1,0.0,1.0,0.0,0.0,2302737.867952095,7383.750780001283,0.04716850991428525,-7383.750780001283,-0.04716850991428525,156539.83544146415,0.0,0.0,0.04716850991428525,0.024100929833483997,0.000580854818838519,0.05,1.0,-30881.076178133055,0.0,-0.0,-1560950.8346137013,0.0,-0.0,-9779999.999999998,-60000.0,60000.0,0.0,0.0,-0.0,0.0,0.0,-0.0,18361057.61059993,113081.24609999359,-113081.24609999359,-4686487.831856066,-45697.49532000162,45697.49532000162,0.5,0.825899064540863,0.5,0.5,8258990.5,272.6919860839844,473.1572265625,313.16363525390625,-150000000.0,0.0,0.0,-52638436.0,0.0,0.0,-0.0,-0.0,202638432.0,-0.0,0.0,0.85,1.0,-1.0,1.0,True,True,False,,0,0
6033600.0,163,0.06219603114148572,False,False,ok,,,True,1.0,0.0,1,0.0,1.0,0.0,0.0,2312474.0244320952,9736.156480000354,0.06219603114148572,-9736.156480000354,-0.06219603114148572,156539.83544146415,0.0,0.0,0.06219603114148572,0.02568887620520477,0.0006599183606863357,0.05,1.0,-30881.076178133055,0.0,-0.0,-1560950.8346137013,0.0,-0.0,-9839999.999999998,-60000.0,60000.0,0.0,0.0,-0.0,0.0,0.0,-0.0,18462376.828199934,101319.21760000288,-101319.21760000288,-4718070.892976064,-31583.061119997874,31583.061119997874,0.5,0.8243111371994019,0.5,0.5,8243111.0,272.16766357421875,473.1572265625,313.16363525390625,-150000000.0,0.0,0.0,-98000768.0,0.0,0.0,-0.0,-0.0,248000768.0,-0.0,0.0,0.85,1.0,-1.0,1.0,True,True,True,,0,0
6037200.0,164,0.03321789112231516,False,False,ok,,,True,1.0,0.0,1,0.0,1.0,0.0,0.0,2317673.947642095,5199.923209999688,0.03321789112231516,-5199.923209999688,-0.03321789112231516,156539.83544146415,0.0,0.0,0.03321789112231516,0.02812412582157431,0.0007909664532277428,0.05,1.0,-30881.076178133055,0.0,-0.0,-1560950.8346137013,0.0,-0.0,-9899999.999999998,-60000.0,60000.0,0.0,0.0,-0.0,0.0,0.0,-0.0,18586377.21214992,124000.38394998759,-124000.38394998759,-4776871.353716066,-58800.46074000187,58800.46074000187,0.5,0.8218758702278137,0.5,0.5,8218758.5,271.3636169433594,473.1572265625,313.16363525390625,-150000000.0,0.0,0.0,-83610400.0,0.0,0.0,-0.0,-0.0,233610400.0,-0.0,0.0,0.85,1.0,-1.0,1.0,True,True,True,,0,0
6040800.0,165,0.04241067330419546,False,False,ok,,,True,1.0,0.0,1,0.0,1.0,0.0,0.0,2324312.9074620954,6638.959820000455,0.04241067330419546,-6638.959820000455,-0.04241067330419546,156539.83544146415,0.0,0.0,0.04241067330419546,0.031340712134359405,0.000982240237088783,0.05,1.0,-30881.076178133055,0.0,-0.0,-1560950.8346137013,0.0,-0.0,-9959999.999999998,-60000.0,60000.0,0.0,0.0,-0.0,0.0,0.0,-0.0,18703182.41304991,116805.20089998841,-116805.20089998841,-4827037.594796063,-50166.24107999727,50166.24107999727,0.5,0.8186593055725098,0.5,0.5,8186593.0,270.30157470703125,473.1572265625,313.16363525390625,-150000000.0,0.0,0.0,-53273336.0,0.0,0.0,-0.0,-0.0,203273344.0,-0.0,0.0,0.85,1.0,-1.0,1.0,False,True,False,,0,0
6044400.0,166,0.06179044581668823,False,False,ok,,,True,1.0,0.0,1,0.0,1.0,0.0,0.0,2333985.5736820945,9672.666219999082,0.06179044581668823,-9672.666219999082,-0.06179044581668823,156539.83544146415,0.0,0.0,0.06179044581668823,0.0345570973595285,0.0011941929779159316,0.05,1.0,-30881.076178133055,0.0,-0.0,-1560950.8346137013,0.0,-0.0,-10019999.999999998,-60000.0,60000.0,0.0,0.0,-0.0,0.0,0.0,-0.0,18804819.0819499,101636.66889999062,-101636.66889999062,-4859001.59747606,-31964.002679996192,31964.002679996192,0.5,0.8154429197311401,0.5,0.5,8154429.0,269.2395935058594,473.1572265625,313.16363525390625,-150000000.0,0.0,0.0,-98956808.0,0.0,0.0,-0.0,-0.0,248956800.0,-0.0,0.0,0.85,1.0,-1.0,1.0,False,True,False,,0,0
6048000.0,167,11.86263049725542,False,True,ok,,,True,1.0,0.0,1,0.0,1.0,0.0,0.0,2339089.892962094,5104.319279999472,0.03260715884621049,-5104.319279999472,-0.03260715884621049,156539.83544146415,0.0,11.830023338409209,11.86263049725542,0.03739536531424381,0.0013984133469857492,0.05,1.0,-30881.076178133055,0.0,-0.0,-1560950.8346137013,0.0,-0.0,-10079999.999999998,-60000.0,60000.0,0.0,0.0,-0.0,0.0,0.0,-0.0,18929297.485549908,124478.4036000073,-124478.4036000073,-4918375.681796063,-59374.08432000317,59374.08432000317,0.5,0.8126046061515808,0.5,0.5,8126046.5,268.3024597167969,473.1572265625,313.16363525390625,-150000000.0,0.0,0.0,-64742252.0,0.0,0.0,-0.0,-0.0,214742256.0,-0.0,0.0,0.85,1.0,-1.0,1.0,False,True,False,,0,0
