time,step,reward,terminated,truncated,fmu_status,fmu_error,failure_type,transition_valid,requested_u_tp,requested_u_battery,requested_caes_mode,requested_caes_magnitude,decoded_u_tp,decoded_u_battery,decoded_u_caes,rt_economic_cashflow_total,rt_economic_cashflow_delta,rt_economic_reward,rt_raw_total_cost,rt_normalized_cost,rt_cost_reference,rt_cost_reference_missing,rt_terminal_soc_bonus,rt_reward,rt_terminal_soc_l1_error,rt_terminal_soc_l1_full,rt_terminal_soc_l1_energy,rt_terminal_soc_l2_error,rt_terminal_soc_tolerance,rt_terminal_soc_satisfied,rt_soc_shaping_reward,rt_soc_shaping_potential,rt_soc_shaping_absolute,rt_soc_shaping_coef,rt_soc_recovery_scale,rt_soc_l1_prev,rt_market_settlement_enabled,rt_market_grid_cashflow,rt_market_grid_cost,rt_market_buy_cost,rt_market_sell_revenue,rt_market_energy_buy_mwh,rt_market_energy_sell_mwh,rt_market_buy_yuan_per_kwh,rt_market_sell_yuan_per_kwh,rt_p_grid_mw,rt_fmu_grid_cashflow_delta,rt_economic_cashflow_wind,rt_economic_cashflow_delta_wind,rt_raw_wind_cost,rt_economic_cashflow_pv,rt_economic_cashflow_delta_pv,rt_raw_pv_cost,rt_economic_cashflow_thermal,rt_economic_cashflow_delta_thermal,rt_raw_thermal_cost,rt_economic_cashflow_battery,rt_economic_cashflow_delta_battery,rt_raw_battery_cost,rt_economic_cashflow_caes,rt_economic_cashflow_delta_caes,rt_raw_caes_cost,rt_economic_cashflow_load,rt_economic_cashflow_delta_load,rt_raw_load_cost,rt_economic_cashflow_grid,rt_economic_cashflow_delta_grid,rt_raw_grid_cost,obs_battery_soc,obs_caes_gas_soc,obs_caes_hot_soc,obs_caes_cold_soc,obs_caes_gas_pressure,obs_caes_gas_temperature,obs_caes_hot_temperature,obs_caes_cold_temperature,obs_p_thermal,obs_p_battery,obs_p_caes,obs_p_grid,obs_p_wind_available,obs_p_wind_actual,obs_p_pv_available,obs_p_pv_actual,obs_p_load_actual,obs_p_curtailment,obs_p_unserved,u_tp_dynamic_low,u_tp_dynamic_high,u_battery_dynamic_low,u_battery_dynamic_high,caes_discharge_allowed,caes_idle_allowed,caes_charge_allowed,caes_locked_mode,caes_locked_steps_completed,caes_locked_steps_remaining
7779600.0,0,0.44509682656152944,False,False,ok,,,True,1.0,0.0,1,0.0,1.0,0.0,0.0,5693.574359999993,81023.92935,0.5175930402731115,-81023.92935,-0.5175930402731115,156539.83544146415,0.0,0.0,0.44509682656152944,0.014270908210941347,0.014270908210941347,0.014270908210941347,0.00020365882116511316,0.06,1.0,-0.07249621371158205,-0.07135454105470673,-0.0011416726568753077,5.0,1.0,0.0,1.0,19491.801150000003,-19491.801150000003,0.0,19491.801150000003,0.0,103.95627280000001,0.63457,0.1875,-103.95627280000001,-55838.55384000001,0.0,0.0,-0.0,0.0,0.0,-0.0,-59999.99999999999,-59999.99999999999,59999.99999999999,0.0,0.0,-0.0,0.0,0.0,-0.0,121532.12819999999,121532.12819999999,-121532.12819999999,-55838.55384000001,19491.801150000003,-19491.801150000003,0.5,0.8357290625572205,0.5,0.5,8357291.0,275.93804931640625,473.1572265625,313.16363525390625,-150000000.0,0.0,0.0,-103956272.0,0.0,0.0,-0.0,-0.0,253956272.0,-0.0,0.0,0.85,1.0,-1.0,1.0,True,True,False,,0,0
7783200.0,1,0.5152804310164256,False,False,ok,,,True,1.0,0.0,1,0.0,1.0,0.0,0.0,10297.947080000004,87576.4634,0.5594516127669494,-87576.4634,-0.5594516127669494,156539.83544146415,0.0,0.0,0.5152804310164256,0.022741284016777663,0.022741284016777663,0.022741284016777663,0.0005171659987317472,0.06,1.0,-0.04417118175052379,-0.04235187902918158,-0.001819302721342213,5.0,1.0,0.014270908210941347,1.0,20598.327,-20598.327,0.0,20598.327,0.0,109.857744,0.63457,0.1875,-109.857744,-62373.763679999975,0.0,0.0,-0.0,0.0,0.0,-0.0,-119999.99999999999,-59999.99999999999,59999.99999999999,0.0,0.0,-0.0,0.0,0.0,-0.0,248510.26460000005,126978.13640000006,-126978.13640000006,-118212.31751999998,20598.327,-20598.327,0.5,0.8272587060928345,0.5,0.5,8272587.0,273.14129638671875,473.1572265625,313.16363525390625,-150000000.0,0.0,0.0,-109857744.0,0.0,0.0,-0.0,-0.0,259857744.0,-0.0,0.0,0.85,1.0,-1.0,1.0,True,True,False,,0,0
7786800.0,2,0.5172970400238542,False,False,ok,,,True,1.0,0.0,1,0.0,1.0,0.0,0.0,14312.172680000012,85262.38584374994,0.5446689374835366,-85262.38584374994,-0.5446689374835366,156539.83544146415,0.0,0.0,0.5172970400238542,0.027771322351096583,0.027771322351096583,0.027771322351096583,0.0007712463451285166,0.06,1.0,-0.02737189745968233,-0.0251501916715946,-0.0022217057880877266,5.0,1.0,0.022741284016777663,1.0,15333.513843749999,-15333.513843749999,0.0,15333.513843749999,0.0,81.7787405,0.63457,0.1875,-81.7787405,-65914.64639999994,0.0,0.0,-0.0,0.0,0.0,-0.0,-179999.99999999997,-59999.999999999985,59999.999999999985,0.0,0.0,-0.0,0.0,0.0,-0.0,378439.1366,129928.87199999997,-129928.87199999997,-184126.96391999992,15333.513843749999,-15333.513843749999,0.5,0.8222286701202393,0.5,0.5,8222287.0,271.4804992675781,473.1572265625,313.16363525390625,-150000000.0,0.0,0.0,-81778744.0,0.0,0.0,-0.0,-0.0,231778736.0,-0.0,0.0,0.85,1.0,-1.0,1.0,True,True,False,,0,0
7790400.0,3,0.468536952013144,False,False,ok,,,True,1.0,0.0,1,0.0,1.0,0.0,0.0,21134.29863000002,76066.52385625003,0.4859243887776669,-76066.52385625003,-0.4859243887776669,156539.83544146415,0.0,0.0,0.468536952013144,0.030756702464568075,0.030756702464568075,0.030756702464568075,0.0009459747464939679,0.06,1.0,-0.017387436764522906,-0.01492690056735746,-0.002460536197165446,5.0,1.0,0.027771322351096583,1.0,20177.15360625,-20177.15360625,0.0,20177.15360625,0.0,107.6114859,0.63457,0.1875,-107.6114859,-49067.24430000002,0.0,0.0,-0.0,0.0,0.0,-0.0,-239999.99999999997,-60000.0,60000.0,0.0,0.0,-0.0,0.0,0.0,-0.0,494328.50684999995,115889.37024999992,-115889.37024999992,-233194.20821999994,20177.15360625,-20177.15360625,0.5,0.819243311882019,0.5,0.5,8192433.0,270.4947814941406,473.1572265625,313.16363525390625,-150000000.0,0.0,0.0,-107611488.0,0.0,0.0,-0.0,-0.0,257611488.0,-0.0,0.0,0.85,1.0,-1.0,1.0,True,True,True,,0,0
7794000.0,4,0.56706223081678,False,False,ok,,,True,1.0,0.0,1,0.0,1.0,0.0,0.0,25373.150040000008,90556.32577500006,0.5784874215538722,-90556.32577500006,-0.5784874215538722,156539.83544146415,0.0,0.0,0.56706223081678,0.03252139824014422,0.03252139824014422,0.03252139824014422,0.0010576413434940555,0.06,1.0,-0.011425190737092247,-0.008823478877880708,-0.0026017118592115375,5.0,1.0,0.030756702464568075,1.0,21750.582825,-21750.582825,0.0,21750.582825,0.0,116.0031084,0.63457,0.1875,-116.0031084,-64566.89154000007,0.0,0.0,-0.0,0.0,0.0,-0.0,-299999.99999999994,-59999.99999999997,59999.99999999997,0.0,0.0,-0.0,0.0,0.0,-0.0,623134.2498000003,128805.7429500004,-128805.7429500004,-297761.09976,21750.582825,-21750.582825,0.5,0.817478597164154,0.5,0.5,8174786.0,269.9121398925781,473.1572265625,313.16363525390625,-150000000.0,0.0,0.0,-116003112.0,0.0,0.0,-0.0,-0.0,266003104.0,-0.0,0.0,0.85,1.0,-1.0,1.0,True,True,True,,0,0
7797600.0,5,0.5956151744433495,False,False,ok,,,True,1.0,0.0,1,0.0,1.0,0.0,0.0,29407.960830789314,94242.25374899806,0.6020336835235693,-94242.25374899806,-0.6020336835235693,156539.83544146415,0.0,0.0,0.5956151744433495,0.03327273627577576,0.03327273627577576,0.03327273627577576,0.0011070749792773242,0.06,1.0,-0.006418509080219778,-0.0037566901781577178,-0.0026618189020620607,5.0,1.0,0.03252139824014422,1.0,21694.357856704697,-21694.357856704697,0.0,21694.357856704697,0.0,115.70324190242505,0.63457,0.1875,-115.70324190242505,-68513.08510150405,0.0,0.0,-0.0,-453.658307706639,-453.658307706639,453.658307706639,-359999.99999999994,-60000.0,60000.0,0.0,0.0,-0.0,0.0,0.0,-0.0,756135.804,133001.55419999966,-133001.55419999966,-366274.18486150407,21694.357856704697,-21694.357856704697,0.5,0.8167272806167603,0.5,0.5,8167272.5,269.6640625,473.1572265625,313.16363525390625,-150000000.0,0.0,0.0,-115703240.0,0.0,0.0,-4028678.0,-4028678.0,269731904.0,-0.0,0.0,0.85,1.0,-1.0,1.0,True,True,True,,0,0
7801200.0,6,0.5403288713759465,False,False,ok,,,True,1.0,0.0,1,0.0,1.0,0.0,0.0,39737.54347068787,83341.28479090816,0.5323966551764547,-83341.28479090816,-0.5323966551764547,156539.83544146415,0.0,0.0,0.5403288713759465,0.03118729629515493,0.03118729629515493,0.03118729629515493,0.0009726474502017845,0.06,1.0,0.00793221619949175,0.010427199903104145,-0.0024949837036123946,5.0,1.0,0.03327273627577576,1.0,13691.592390835656,-13691.592390835656,0.0,13691.592390835656,0.0,73.02182608445683,0.63457,0.1875,-73.02182608445683,-59320.109760173946,0.0,0.0,-0.0,-5669.925907634169,-5216.26759992753,5216.26759992753,-419999.99999999994,-60000.0,60000.0,0.0,0.0,-0.0,0.0,0.0,-0.0,891001.7640000002,134865.9600000002,-134865.9600000002,-425594.294621678,13691.592390835656,-13691.592390835656,0.5,0.8188127279281616,0.5,0.5,8188127.0,270.3526306152344,473.1572265625,313.16363525390625,-150000000.0,0.0,0.0,-73021824.0,0.0,0.0,-41126328.0,-41126328.0,264148160.0,-0.0,0.0,0.85,1.0,-1.0,1.0,True,True,True,,0,0
7804800.0,7,0.3700175567677743,False,False,ok,,,True,1.0,0.0,1,0.0,1.0,0.0,0.0,66684.11602085562,53953.00618219888,0.3446599137532238,-53953.00618219888,-0.3446599137532238,156539.83544146415,0.0,0.0,0.3700175567677743,0.02570449576008349,0.02570449576008349,0.02570449576008349,0.0006607211022801501,0.06,1.0,0.025357643014550527,0.027414002675357207,-0.002056359660806679,5.0,1.0,0.03118729629515493,1.0,-1434.3649676812488,1434.3649676812488,1434.3649676812488,0.0,2.2603731151508093,0.0,0.63457,0.1875,2.2603731151508093,-28440.798599712376,0.0,0.0,-0.0,-22356.63155775398,-16686.70565011981,16686.70565011981,-479999.99999999994,-60000.0,60000.0,0.0,0.0,-0.0,0.0,0.0,-0.0,1023075.8407999997,132074.07679999946,-132074.07679999946,-454035.0932213904,-1434.3649676812488,1434.3649676812488,0.5,0.8242955207824707,0.5,0.5,8242955.0,272.16290283203125,473.1572265625,313.16363525390625,-150000000.0,0.0,0.0,2260373.0,0.0,0.0,-97430472.0,-97430472.0,245170096.0,-0.0,0.0,0.85,1.0,-1.0,1.0,True,True,True,,0,0
7808400.0,8,-0.05787139472140945,False,False,ok,,,True,1.0,0.0,1,0.0,1.0,0.0,0.0,101835.51742896075,-14981.005135109452,-0.09570091276039054,14981.005135109452,0.09570091276039054,156539.83544146415,0.0,0.0,-0.05787139472140945,0.01785294503177881,0.01785294503177881,0.01785294503177881,0.0003187276463077157,0.06,1.0,0.03782951803898109,0.039257753641523396,-0.0014282356025423048,5.0,1.0,0.02570449576008349,1.0,-47840.67556571362,47840.67556571362,47840.67556571362,0.0,75.39069852926174,0.0,0.63457,0.1875,75.39069852926174,2291.7309775009635,-712.3408272517972,-712.3408272517972,712.3408272517972,-51369.66794989805,-29013.036392144073,29013.036392144073,-539999.9999999999,-59999.99999999994,59999.99999999994,0.0,0.0,-0.0,0.0,0.0,-0.0,1145660.8884499993,122585.04764999961,-122585.04764999961,-451743.3622438894,-47840.67556571362,47840.67556571362,0.5,0.8321470618247986,0.5,0.5,8321470.5,274.7552795410156,473.1572265625,313.16363525390625,-150000000.0,0.0,0.0,75390696.0,-7419777.5,-7419777.5,-138264928.0,-138264928.0,220294016.0,-0.0,0.0,0.85,1.0,-1.0,1.0,True,True,True,,0,0
7812000.0,9,-0.32220769555508844,False,False,ok,,,True,1.0,0.0,1,0.0,1.0,0.0,0.0,120289.31159918645,-56852.28180097911,-0.36318092222754517,56852.28180097911,0.36318092222754517,156539.83544146415,0.0,0.0,-0.32220769555508844,0.009506200489456162,0.009506200489456162,0.009506200489456162,9.036784774573659e-05,0.06,1.0,0.04097322667245675,0.04173372271161324,-0.000760496039156493,5.0,1.0,0.01785294503177881,1.0,-66418.56371072489,66418.56371072489,66418.56371072489,0.0,104.66704021735175,0.0,0.63457,0.1875,104.66704021735175,8887.51226047991,-3471.88096394244,-2759.5401366906426,2759.5401366906426,-89190.8511034616,-37821.18315356354,37821.18315356354,-599999.9999999999,-60000.0,60000.0,0.0,0.0,-0.0,0.0,0.0,-0.0,1255807.8936499988,110147.00519999955,-110147.00519999955,-442855.8499834095,-66418.56371072489,66418.56371072489,0.5,0.8404937982559204,0.5,0.5,8404938.0,277.51116943359375,473.1572265625,313.16363525390625,-150000000.0,0.0,0.0,104667040.0,-8460413.0,-8460413.0,-166960944.0,-166960944.0,220754320.0,-0.0,0.0,0.85,1.0,-1.0,1.0,True,True,False,,0,0
7815600.0,10,-0.7877409445404366,False,False,ok,,,True,0.9850000143051147,0.6000000238418579,1,0.0,0.9850000143051147,0.6000000238418579,0.0,141187.7329324357,339.8824267306172,0.0021712200333678737,-339.8824267306172,-0.0021712200333678737,156539.83544146415,0.0,0.0,-0.7877409445404366,0.1648510171301349,0.1648510171301349,0.1648510171301349,0.017504129652427765,0.06,0.0,-0.7899121645738045,-0.7767240832033937,-0.013188081370410791,5.0,1.0,0.009506200489456162,1.0,-15044.002542318807,15044.002542318807,15044.002542318807,0.0,53.04842393003563,0.0,0.28359,0.1875,53.04842393003563,5514.5363641998265,-7399.243383636683,-3927.362419694243,3927.362419694243,-131866.7630213952,-42675.9119179336,42675.9119179336,-659190.0007724761,-59190.000772476196,59190.000772476196,10800.000429153442,10800.000429153442,-10800.000429153442,0.0,0.0,-0.0,1366185.0532999986,110377.15964999981,-110377.15964999981,-437341.3136192097,-15044.002542318807,15044.002542318807,0.6079999804496765,0.8471490144729614,0.5,0.5,8471490.0,279.70855712890625,473.1572265625,313.16363525390625,-147750000.0,60000004.0,0.0,53048424.0,-14846284.0,-14846284.0,-175248976.0,-175248976.0,224796848.0,-0.0,0.0,0.85,1.0,-1.0,1.0,True,True,False,,0,0
7819200.0,11,-0.8682005861179928,False,False,ok,,,True,0.9835000038146973,0.6000000238418579,1,0.0,0.9835000038146973,0.6000000238418579,0.0,161548.4877032565,8707.111043216893,0.055622334204336085,-8707.111043216893,-0.055622334204336085,156539.83544146415,0.0,0.0,-0.8682005861179928,0.3441098436954731,0.3441098436954731,0.3441098436954731,0.07798045758005011,0.06,0.0,-0.9238229203223288,-0.896294132826691,-0.02752878749563785,5.0,1.0,0.1648510171301349,1.0,-5789.204607428372,5789.204607428372,5789.204607428372,0.0,31.58149914040899,0.0,0.18331,0.1875,31.58149914040899,5864.43912017555,-14083.094579589912,-6683.851195953229,6683.851195953229,-176066.01725980957,-44199.254238414374,44199.254238414374,-718209.0010643004,-59019.00029182434,59019.00029182434,22800.0009059906,12000.000476837158,-12000.000476837158,0.0,0.0,-0.0,1478583.474199998,112398.42089999933,-112398.42089999933,-431476.87449903414,-5789.204607428372,5789.204607428372,0.7279999852180481,0.8521098494529724,0.5,0.5,8521098.0,281.34649658203125,473.1572265625,313.16363525390625,-147525008.0,60000004.0,0.0,31581500.0,-24718974.0,-24718974.0,-178685536.0,-178685536.0,259348016.0,-0.0,0.0,0.8350000143051147,1.0,-1.0,1.0,True,True,False,,0,0
7822800.0,12,-0.7922244957725506,False,False,ok,,,True,0.9833499789237976,0.6000000238418579,1,0.0,0.9833499789237976,0.6000000238418579,0.0,194853.1505754274,26135.283999014486,0.16695612286361067,-26135.283999014486,-0.16695612286361067,156539.83544146415,0.0,0.0,-0.7922244957725506,0.5275058734475446,0.5275058734475446,0.5275058734475446,0.18168632885073197,0.06,0.0,-0.9591806186361613,-0.9169801487603577,-0.04220046987580357,5.0,1.0,0.3441098436954731,1.0,-4789.518780124213,4789.518780124213,4789.518780124213,0.0,26.127973270002798,0.0,0.18331,0.1875,26.127973270002798,2379.8600930321845,-24012.024735075516,-9928.930155485605,9928.930155485605,-217884.3907172491,-41818.373457439535,41818.373457439535,-777210.8999490737,-59001.898884773254,59001.898884773254,34800.00138282776,12000.000476837158,-12000.000476837158,0.0,0.0,-0.0,1608257.4789999987,129674.0048000007,-129674.0048000007,-429097.01440600195,-4789.518780124213,4789.518780124213,0.8479999899864197,0.8555058240890503,0.5,0.5,8555059.0,282.4677734375,473.1572265625,313.16363525390625,-147502496.0,60000004.0,0.0,26127974.0,-33057882.0,-33057882.0,-153247232.0,-153247232.0,247679632.0,-0.0,0.0,0.8335000038146972,1.0,-1.0,0.609999954700472,True,True,False,,0,0
7826400.0,13,-0.10112872291522265,False,False,ok,,,True,0.983335018157959,0.00999993085861206,1,0.0,0.983335018157959,0.00999993085861206,0.0,220403.0201147434,8746.024209723613,0.05587091736144098,-8746.024209723613,-0.05587091736144098,156539.83544146415,0.0,0.0,-0.10112872291522265,0.5501041353374777,0.5501041353374777,0.5501041353374777,0.19640368319726764,0.06,0.0,-0.15699964027666363,-0.1129913094496654,-0.04400833082699822,5.0,1.0,0.5275058734475446,1.0,-9905.49355828214,9905.49355828214,9905.49355828214,0.0,54.03684227964726,0.0,0.18331,0.1875,54.03684227964726,6898.351771310263,-36445.56108687408,-12433.53635179856,12433.53635179856,-253018.95939651094,-35134.568679261836,35134.568679261836,-836211.0908031462,-59000.19085407257,59000.19085407257,36180.00018596649,1379.998803138733,-1379.998803138733,0.0,0.0,-0.0,1732097.2938499998,123839.81485000113,-123839.81485000113,-422198.6626346917,-9905.49355828214,9905.49355828214,0.8618000149726868,0.8574041128158569,0.5,0.5,8574041.0,283.09454345703125,473.1572265625,313.16363525390625,-147500256.0,999993.0625,0.0,54036844.0,-38624864.0,-38624864.0,-124887680.0,-124887680.0,255975952.0,-0.0,0.0,0.8333499789237976,1.0,-1.0,0.00999993085861517,True,True,False,,0,0
7830000.0,14,0.7085135881925901,False,False,ok,,,True,1.0,-0.5295000076293945,1,0.0,1.0,-0.5295000076293945,0.0,238673.84138092288,-15446.166686461325,-0.09867243467390255,15446.166686461325,0.09867243467390255,156539.83544146415,0.0,0.0,0.7085135881925901,0.38254619169702675,0.38254619169702675,0.38254619169702675,0.09371287785910612,0.06,0.0,0.8071860228664927,0.8377897182022548,-0.03060369533576214,5.0,1.0,0.5501041353374777,1.0,-25295.350740769343,25295.350740769343,25295.350740769343,0.0,89.19690659321323,0.0,0.28359,0.1875,89.19690659321323,8421.63721187145,-48607.91498543523,-12162.353898561152,12162.353898561152,-280053.3893217531,-27034.429925242177,27034.429925242177,-896111.100912094,-59900.010108947754,59900.010108947754,17137.999773025513,-19042.00041294098,19042.00041294098,0.0,0.0,-0.0,1860085.2722499988,127987.97839999897,-127987.97839999897,-413777.02542282024,-25295.350740769343,25295.350740769343,0.7498705983161926,0.8577402830123901,0.5,0.5,8577403.0,283.2055358886719,473.1572265625,313.16363525390625,-150000000.0,-52950000.0,0.0,89196904.0,-30215828.0,-30215828.0,-87455000.0,-87455000.0,231423920.0,-0.0,0.0,0.833335018157959,1.0,-1.0,-0.059000009298321165,True,True,False,,0,0
7833600.0,15,0.3215052095596499,False,False,ok,,,True,1.0,0.0,1,0.0,1.0,0.0,0.0,266094.05537396326,37937.18520515904,0.24234844184019289,-37937.18520515904,-0.24234844184019289,156539.83544146415,0.0,0.0,0.3215052095596499,0.3609398013318261,0.3609398013318261,0.3609398013318261,0.08456977128309529,0.06,0.0,0.07915676771945702,0.10803195182600311,-0.02887518410654609,5.0,1.0,0.38254619169702675,1.0,5161.632390620219,-5161.632390620219,0.0,5161.632390620219,0.0,27.52870608330783,0.63457,0.1875,-27.52870608330783,-5355.338821498444,-52496.9353523417,-3889.020366906472,3889.020366906472,-296982.77815979015,-16929.388838037034,16929.388838037034,-956111.100912094,-60000.0,60000.0,15019.999742507935,-2118.000030517578,2118.000030517578,0.0,0.0,-0.0,1975797.234299998,115711.96204999927,-115711.96204999927,-419132.3642443187,5161.632390620219,-5161.632390620219,0.7374117374420166,0.8548221588134766,0.5,0.5,8548222.0,282.2420349121094,473.1572265625,313.16363525390625,-150000000.0,0.0,0.0,-27528706.0,0.0,0.0,-43105888.0,-43105888.0,220634592.0,-0.0,0.0,0.85,1.0,-1.0,0.5006470645175293,True,True,False,,0,0
7837200.0,16,0.3461780393408875,False,False,ok,,,True,1.0,0.0,1,0.0,1.0,0.0,0.0,283241.92364911543,56990.4754014563,0.3640637237207719,-56990.4754014563,-0.3640637237207719,156539.83544146415,0.0,0.0,0.3461780393408875,0.3587765139840581,0.3587765139840581,0.3587765139840581,0.08455358767603306,0.06,0.0,-0.017885684379884394,0.010816436738840252,-0.028702121118724645,5.0,1.0,0.3609398013318261,1.0,13252.697783707765,-13252.697783707765,0.0,13252.697783707765,0.0,70.68105484644141,0.63457,0.1875,-70.68105484644141,-26589.909342596366,-52496.9353523417,0.0,-0.0,-303562.2979920417,-6579.519832251535,6579.519832251535,-1016111.100912094,-60000.0,60000.0,15019.999742507935,0.0,-0.0,0.0,0.0,-0.0,2086114.531749997,110317.29744999902,-110317.29744999902,-445722.27358691505,13252.697783707765,-13252.697783707765,0.7374117374420166,0.8473411202430725,0.5,0.5,8473411.0,279.77197265625,473.1572265625,313.16363525390625,-150000000.0,0.0,0.0,-70681056.0,0.0,0.0,-5330137.5,-5330137.5,226011200.0,-0.0,0.0,0.85,1.0,-1.0,0.5629411830621639,True,True,False,,0,0
7840800.0,17,0.43269062610438513,False,False,ok,,,True,0.9775000214576721,-0.6000000238418579,0,0.550000011920929,0.9775000214576721,-0.6000000238418579,-0.6314999920129776,283807.1944989974,-58673.77518456965,-0.3748168957703413,58673.77518456965,0.3748168957703413,156539.83544146415,0.0,0.0,0.43269062610438513,0.19416831654440236,0.20008468097354545,0.19416831654440236,0.019086842745563392,0.06,0.0,0.8075075218747264,0.8230409871982786,-0.01553346532355219,5.0,1.0,0.3587765139840581,1.0,-56458.94948467362,56458.94948467362,56458.94948467362,0.0,49.70109200478324,0.0,1.13597,0.1875,49.70109200478324,2780.0965497780126,-52496.9353523417,0.0,-0.0,-304296.7183562156,-734.4203641739441,734.4203641739441,-1074896.1020708082,-58785.00115871418,58785.00115871418,-6580.00111579895,-21600.000858306885,21600.000858306885,-34100.99956870079,-34100.99956870079,34100.99956870079,2199120.127999999,113005.59625000204,-113005.59625000204,-442942.17703713704,-56458.94948467362,56458.94948467362,0.6103529334068298,0.8213610649108887,0.4915480613708496,0.5084519386291504,8213611.0,275.552734375,469.94720458984375,313.5906677246094,-146625008.0,-60000004.0,-94725000.0,49701092.0,0.0,0.0,-0.0,-0.0,251648912.0,-0.0,0.0,0.85,1.0,-1.0,0.5629411830621639,True,True,False,0,1,3
7844400.0,18,-0.07476611722802912,False,False,ok,,,True,0.9741250276565552,-0.6000000238418579,0,0.550000011920929,0.9741250276565552,-0.6000000238418579,-0.6314999920129776,294198.44538650766,-85505.42613391325,-0.546221515391121,85505.42613391325,0.546221515391121,156539.83544146415,0.0,0.0,-0.07476611722802912,0.09830436703915749,0.1108062607550973,0.09830436703915749,0.0041363225396276165,0.06,0.0,0.47145539816309184,0.4793197475262244,-0.007864349363132598,5.0,1.0,0.19416831654440236,1.0,-90972.1302372604,90972.1302372604,90972.1302372604,0.0,80.0832154346157,0.0,1.13597,0.1875,80.0832154346157,4924.546784163103,-52496.9353523417,0.0,-0.0,-304296.7183562156,0.0,-0.0,-1133363.8536930082,-58467.75162220001,58467.75162220001,-30580.002069473267,-24000.000953674316,24000.000953674316,-71990.99908947945,-37889.999520778656,37889.999520778656,2324944.584199998,125824.45619999897,-125824.45619999897,-438017.63025297393,-90972.1302372604,90972.1302372604,0.4691764712333679,0.7979309558868408,0.4821401536464691,0.5178598761558533,7979309.5,272.5664978027344,466.3603820800781,314.0577087402344,-146118752.0,-60000004.0,-94725000.0,80083216.0,0.0,0.0,-0.0,-0.0,220760544.0,-0.0,0.0,0.8275000214576721,1.0,-1.0,1.0,True,False,False,0,2,2
7848000.0,19,-1.494579274079212,False,False,ok,,,True,0.973618745803833,-0.6000000238418579,0,0.550000011920929,0.973618745803833,-0.6000000238418579,-0.6314999920129776,292270.03916115797,-48274.018406930474,-0.30838168617458306,48274.018406930474,0.30838168617458306,156539.83544146415,0.0,0.0,-1.494579274079212,0.3302597289567749,0.3493560034020192,0.3302597289567749,0.049597473691267255,0.06,0.0,-1.1861975879046291,-1.1597768095880872,-0.026420778316541993,5.0,1.0,0.09830436703915749,1.0,-38344.125443130884,38344.125443130884,38344.125443130884,0.0,33.75452295670738,0.0,1.13597,0.1875,33.75452295670738,8001.486738449894,-52496.9353523417,0.0,-0.0,-304296.7183562156,0.0,-0.0,-1191784.0161323545,-58420.16243934631,58420.16243934631,-54580.00302314758,-24000.000953674316,24000.000953674316,-109880.9986102581,-37889.999520778656,37889.999520778656,2435324.8541499977,110380.26994999964,-110380.26994999964,-430016.14351452404,-38344.125443130884,38344.125443130884,0.3279999792575836,0.7777402997016907,0.47271960973739624,0.5272803902626038,7777403.0,270.6015930175781,462.7547302246094,314.5169372558594,-146042816.0,-60000004.0,-94725000.0,33754524.0,0.0,0.0,-0.0,-0.0,267013296.0,-0.0,0.0,0.8241250276565552,1.0,-1.0,1.0,True,False,False,0,3,1
7851600.0,20,-1.3025373873636399,False,False,ok,,,True,0.9735428094863892,-0.6000000238418579,0,0.550000011920929,0.9735428094863892,-0.6000000238418579,-0.6314999920129776,308848.0867050024,-17129.76810587547,-0.10942753362150368,17129.76810587547,0.10942753362150368,156539.83544146415,0.0,0.0,-1.3025373873636399,0.5599229327807108,0.5856076755355166,0.5599229327807108,0.15524777399249245,0.06,0.0,-1.1931098537421363,-1.1483160191196795,-0.04479383462245687,5.0,1.0,0.3302597289567749,1.0,-30333.38849433442,30333.38849433442,30333.38849433442,0.0,30.77813250909078,0.0,0.98555,0.1875,30.77813250909078,3374.4271553854924,-52496.9353523417,0.0,-0.0,-304296.7183562156,0.0,-0.0,-1250197.0403194425,-58413.02418708801,58413.02418708801,-78580.0039768219,-24000.000953674316,24000.000953674316,-147770.99813103676,-37889.999520778656,37889.999520778656,2568831.4992,133506.64505000226,-133506.64505000226,-426641.71635913855,-30333.38849433442,30333.38849433442,0.1868235021829605,0.759841799736023,0.4633074998855591,0.5366925001144409,7598418.0,269.3689880371094,459.1388854980469,314.9676208496094,-146031424.0,-60000004.0,-94725000.0,30778132.0,0.0,0.0,-0.0,-0.0,269978304.0,-0.0,0.0,0.823618745803833,1.0,-0.7564999252557745,1.0,True,False,False,,0,0
7855200.0,21,0.39804483427701626,False,False,ok,,,True,1.0,0.0,1,0.0,1.0,0.0,0.0,313326.4795217297,85629.6873143863,0.5470153144910281,-85629.6873143863,-0.5470153144910281,156539.83544146415,0.0,0.0,0.39804483427701626,0.5804301464798358,0.606773270420674,0.5804301464798358,0.1686904518719858,0.06,0.0,-0.14897048021401188,-0.10253606849562502,-0.046434411718386866,5.0,1.0,0.5599229327807108,1.0,16670.79916875,-16670.79916875,0.0,16670.79916875,0.0,88.9109289,0.98555,0.1875,-88.9109289,-64480.49532890902,-52496.9353523417,0.0,-0.0,-304296.7183562156,0.0,-0.0,-1310038.2971763609,-59841.256856918335,59841.256856918335,-80980.00407218933,-2400.0000953674316,2400.0000953674316,-151559.99808311462,-3788.9999520778656,3788.9999520778656,2703820.644250002,134989.14505000226,-134989.14505000226,-491122.21168804757,16670.79916875,-16670.79916875,0.17270585894584656,0.760511040687561,0.4623669683933258,0.5376330614089966,7605110.5,270.11614990234375,458.7768249511719,315.0122375488281,-150000000.0,0.0,0.0,-88910928.0,0.0,0.0,-0.0,-0.0,238910928.0,-0.0,0.0,0.8235428094863891,1.0,-0.15649990141391643,1.0,True,True,True,,0,0
7858800.0,22,0.4778572280943746,False,False,ok,,,True,1.0,0.0,1,0.0,1.0,0.0,0.0,319438.5240549698,80856.79483421799,0.5165253598624948,-80856.79483421799,-0.5165253598624948,156539.83544146415,0.0,0.0,0.4778572280943746,0.5789013512140353,0.6052444751548735,0.5789013512140353,0.16841916856852956,0.06,0.0,-0.03866813176812022,0.0076439763290026,-0.04631210809712282,5.0,1.0,0.5804301464798358,1.0,21405.722776753595,-21405.722776753595,0.0,21405.722776753595,0.0,114.16385480935251,0.63457,0.1875,-114.16385480935251,-53339.02752422431,-52501.32774487767,-4.39239253597043,4.39239253597043,-304296.7183562156,0.0,-0.0,-1370038.2971763609,-60000.0,60000.0,-80980.00407218933,0.0,-0.0,-151559.99808311462,0.0,-0.0,2823276.108700002,119455.46444999985,-119455.46444999985,-544461.2392122719,21405.722776753595,-21405.722776753595,0.17270585894584656,0.762039840221405,0.4623669683933258,0.5376330614089966,7620398.5,270.6591491699219,458.7768249511719,315.0122375488281,-150000000.0,0.0,0.0,-114163856.0,-596436.6875,-596436.6875,-0.0,-0.0,264760288.0,-0.0,0.0,0.85,1.0,-0.09649989902973069,1.0,True,True,True,,0,0
7862400.0,23,0.529741328511773,False,False,ok,,,True,1.0,0.0,1,0.0,1.0,0.0,0.0,323469.06200311985,89596.25790930763,0.5723543637096187,-89596.25790930763,-0.5723543637096187,156539.83544146415,0.0,0.0,0.529741328511773,0.5781731872574847,0.6045163111983228,0.5781731872574847,0.16829159998545556,0.06,0.0,-0.04261303519784567,0.003640819782753102,-0.04625385498059877,5.0,1.0,0.5789013512140353,1.0,17925.306096717628,-17925.306096717628,0.0,17925.306096717628,0.0,95.60163251582735,0.63457,0.1875,-95.60163251582735,-67640.41386443994,-53210.52168228775,-709.1939374100766,709.1939374100766,-304296.7183562156,0.0,-0.0,-1430038.2971763609,-60000.0,60000.0,-80980.00407218933,0.0,-0.0,-151559.99808311462,0.0,-0.0,2955656.2544500013,132380.1457499992,-132380.1457499992,-612101.6530767118,17925.306096717628,-17925.306096717628,0.17270585894584656,0.762768030166626,0.4623669683933258,0.5376330614089966,7627680.0,270.91778564453125,458.7768249511719,315.0122375488281,-150000000.0,0.0,0.0,-95601632.0,-3900869.75,-3900869.75,-0.0,-0.0,249502496.0,-0.0,0.0,0.85,1.0,-0.09649989902973069,1.0,True,True,True,,0,0
7866000.0,24,0.4884788486912524,False,False,ok,,,True,1.0,0.0,1,0.0,1.0,0.0,0.0,329445.9871729143,83755.16454741781,0.535040581275792,-83755.16454741781,-0.535040581275792,156539.83544146415,0.0,0.0,0.4884788486912524,0.5782337930850321,0.6045769170258702,0.5782337930850321,0.16830217719060706,0.06,0.0,-0.04656173258453962,-0.0003030291377370542,-0.046258703446802565,5.0,1.0,0.5781731872574847,1.0,20301.95895713001,-20301.95895713001,0.0,20301.95895713001,0.0,108.27711443802671,0.63457,0.1875,-108.27711443802671,-57476.280420493335,-54508.567241999976,-1298.0455597122273,1298.0455597122273,-304296.7183562156,0.0,-0.0,-1490038.2971763609,-60000.0,60000.0,-80980.00407218933,0.0,-0.0,-151559.99808311462,0.0,-0.0,3080407.505600003,124751.25115000177,-124751.25115000177,-669577.9334972051,20301.95895713001,-20301.95895713001,0.17270585894584656,0.7627074122428894,0.4623669683933258,0.5376330614089966,7627074.0,270.896240234375,458.7768249511719,315.0122375488281,-150000000.0,0.0,0.0,-108277112.0,-3475669.0,-3475669.0,-0.0,-0.0,261752784.0,-0.0,0.0,0.85,1.0,-0.09649989902973069,1.0,True,True,True,,0,0
7869600.0,25,0.5094990364373114,False,False,ok,,,True,1.0,0.0,1,0.0,1.0,0.0,0.0,333890.2146001291,87410.04044304324,0.5583884779010706,-87410.04044304324,-0.5583884779010706,156539.83544146415,0.0,0.0,0.5094990364373114,0.5787516548993936,0.6050947788402318,0.5787516548993936,0.16839285636019685,0.06,0.0,-0.04888944146375915,-0.002589309071807655,-0.04630013239195149,5.0,1.0,0.5782337930850321,1.0,17400.95681714414,-17400.95681714414,0.0,17400.95681714414,0.0,92.80510302476874,0.63457,0.1875,-92.80510302476874,-65564.85619868431,-55375.8753161007,-867.3080741007216,867.3080741007216,-304296.7183562156,0.0,-0.0,-1550038.2971763609,-60000.0,60000.0,-80980.00407218933,0.0,-0.0,-151559.99808311462,0.0,-0.0,3211283.8973000017,130876.39169999864,-130876.39169999864,-735142.7896958895,17400.95681714414,-17400.95681714414,0.17270585894584656,0.7621895670890808,0.4623669683933258,0.5376330614089966,7621895.5,270.7123107910156,458.7768249511719,315.0122375488281,-150000000.0,0.0,0.0,-92805104.0,-1312191.625,-1312191.625,-0.0,-0.0,244117296.0,-0.0,0.0,0.85,1.0,-0.09649989902973069,1.0,True,True,True,,0,0
7873200.0,26,0.43369072696990485,False,False,ok,,,True,1.0,0.0,1,0.0,1.0,0.0,0.0,339596.24622840254,75576.04159991708,0.4827911143945061,-75576.04159991708,-0.4827911143945061,156539.83544146415,0.0,0.0,0.43369072696990485,0.5793028862050333,0.6056460101458715,0.5793028862050333,0.1684899679462075,0.06,0.0,-0.04910038742460127,-0.0027561565281986056,-0.04634423089640267,5.0,1.0,0.5787516548993936,1.0,13682.259787499996,-13682.259787499996,0.0,13682.259787499996,0.0,72.97205219999998,0.63457,0.1875,-72.97205219999998,-56187.75018414366,-55540.74085368343,-164.8655375827293,164.8655375827293,-304296.7183562156,0.0,-0.0,-1610038.2971763609,-60000.0,60000.0,-80980.00407218933,0.0,-0.0,-151559.99808311462,0.0,-0.0,3333342.54465,122058.64734999835,-122058.64734999835,-791330.5398800331,13682.259787499996,-13682.259787499996,0.17270585894584656,0.761638343334198,0.4623669683933258,0.5376330614089966,7616383.5,270.51654052734375,458.7768249511719,315.0122375488281,-150000000.0,0.0,0.0,-72972056.0,0.0,0.0,-0.0,-0.0,222972048.0,-0.0,0.0,0.85,1.0,-0.09649989902973069,1.0,True,True,True,,0,0
7876800.0,27,0.3916928008487056,False,False,ok,,,True,1.0,0.0,1,0.0,1.0,0.0,0.0,347299.04100840265,68926.6786500006,0.44031398433259983,-68926.6786500006,-0.44031398433259983,156539.83544146415,0.0,0.0,0.3916928008487056,0.5797511052183191,0.6060942291591572,0.5797511052183191,0.1685693796112442,0.06,0.0,-0.048621183483894194,-0.0022410950664286666,-0.04638008841746553,5.0,1.0,0.5793028862050333,1.0,17440.65255,-17440.65255,0.0,17440.65255,0.0,93.01681359999999,0.63457,0.1875,-93.01681359999999,-43783.23132000049,-55540.74085368343,0.0,-0.0,-304296.7183562156,0.0,-0.0,-1670038.2971763609,-60000.0,60000.0,-80980.00407218933,0.0,-0.0,-151559.99808311462,0.0,-0.0,3444828.5707499995,111486.02609999944,-111486.02609999944,-835113.7712000336,17440.65255,-17440.65255,0.17270585894584656,0.7611901164054871,0.4623669683933258,0.5376330614089966,7611901.0,270.3573303222656,458.7768249511719,315.0122375488281,-150000000.0,0.0,0.0,-93016816.0,0.0,0.0,-0.0,-0.0,243016816.0,-0.0,0.0,0.85,1.0,-0.09649989902973069,1.0,True,True,True,,0,0
7880400.0,28,0.4474535996032484,False,False,ok,,,True,1.0,0.0,1,0.0,1.0,0.0,0.0,352997.3596484027,77621.31798124965,0.4958566473661271,-77621.31798124965,-0.4958566473661271,156539.83544146415,0.0,0.0,0.4474535996032484,0.5801493255619043,0.6064924495027425,0.5801493255619043,0.16864027000298326,0.06,0.0,-0.04840304776287873,-0.00199110171792638,-0.04641194604495235,5.0,1.0,0.5797511052183191,1.0,16112.911181250001,-16112.911181250001,0.0,16112.911181250001,0.0,85.9355263,0.63457,0.1875,-85.9355263,-55810.08815999958,-55540.74085368343,0.0,-0.0,-304296.7183562156,0.0,-0.0,-1730038.2971763609,-60000.0,60000.0,-80980.00407218933,0.0,-0.0,-151559.99808311462,0.0,-0.0,3566336.9775499986,121508.40679999907,-121508.40679999907,-890923.8593600332,16112.911181250001,-16112.911181250001,0.17270585894584656,0.7607918977737427,0.4623669683933258,0.5376330614089966,7607919.0,270.21588134765625,458.7768249511719,315.0122375488281,-150000000.0,0.0,0.0,-85935528.0,0.0,0.0,-0.0,-0.0,235935520.0,-0.0,0.0,0.85,1.0,-0.09649989902973069,1.0,True,True,True,,0,0
7884000.0,29,0.4541620521208031,False,False,ok,,,True,1.0,0.0,1,0.0,1.0,0.0,0.0,360086.82051773294,78325.47639080512,0.5003549171360527,-78325.47639080512,-0.5003549171360527,156539.83544146415,0.0,0.0,0.4541620521208031,0.580106199374955,0.6064493233157932,0.580106199374955,0.16863257745129479,0.06,0.0,-0.046192865015249655,0.00021563093474674666,-0.0464084959499964,5.0,1.0,0.5801493255619043,1.0,20845.580026040927,-20845.580026040927,0.0,20845.580026040927,0.0,111.17642680555161,0.63457,0.1875,-111.17642680555161,-50390.43549543398,-55540.74085368343,0.0,-0.0,-304784.58514145145,-487.8667852358194,487.8667852358194,-1790038.2971763609,-60000.0,60000.0,-80980.00407218933,0.0,-0.0,-151559.99808311462,0.0,-0.0,3684304.7406999976,117967.76314999908,-117967.76314999908,-941314.2948554672,20845.580026040927,-20845.580026040927,0.17270585894584656,0.7608349919319153,0.4623669683933258,0.5376330614089966,7608350.0,270.231201171875,458.7768249511719,315.0122375488281,-150000000.0,0.0,0.0,-111176424.0,0.0,0.0,-4331595.5,-4331595.5,265508016.0,-0.0,0.0,0.85,1.0,-0.09649989902973069,1.0,True,True,True,,0,0
7887600.0,30,0.46848851587878515,False,False,ok,,,True,1.0,0.0,1,0.0,1.0,0.0,0.0,371612.3350328121,78424.80381694905,0.5009894356652425,-78424.80381694905,-0.5009894356652425,156539.83544146415,0.0,0.0,0.46848851587878515,0.5773684875317386,0.6037116114725768,0.5773684875317386,0.16815185643414468,0.06,0.0,-0.032500919786457284,0.013688559216081808,-0.04618947900253909,5.0,1.0,0.580106199374955,1.0,11881.293762383959,-11881.293762383959,0.0,11881.293762383959,0.0,63.36690006604778,0.63457,0.1875,-63.36690006604778,-55017.99553948594,-56442.55209112228,-901.8112374388511,901.8112374388511,-310093.27504944743,-5308.689907995984,5308.689907995984,-1850038.2971763609,-60000.0,60000.0,-80980.00407218933,0.0,-0.0,-151559.99808311462,0.0,-0.0,3817058.751899998,132754.01120000053,-132754.01120000053,-996332.2903949531,11881.293762383959,-11881.293762383959,0.17270585894584656,0.7635727524757385,0.4623669683933258,0.5376330614089966,7635727.0,271.2035827636719,458.7768249511719,315.0122375488281,-150000000.0,0.0,0.0,-63366900.0,-9964748.0,-9964748.0,-41561408.0,-41561408.0,264893056.0,-0.0,0.0,0.85,1.0,-0.09649989902973069,1.0,True,True,True,,0,0
7891200.0,31,0.31977871050419915,False,False,ok,,,True,1.0,0.0,1,0.0,1.0,0.0,0.0,400425.8957112741,52659.645681822585,0.33639773245778015,-52659.645681822585,-0.33639773245778015,156539.83544146415,0.0,0.0,0.31977871050419915,0.571547531419739,0.5978906553605772,0.571547531419739,0.16717956120995006,0.06,0.0,-0.016619021953581024,0.0291047805599981,-0.045723802513579125,5.0,1.0,0.5773684875317386,1.0,-174.34607221986235,174.34607221986235,174.34607221986235,0.0,0.2747467926625311,0.0,0.63457,0.1875,0.2747467926625311,-24020.431075580418,-59584.80105802876,-3142.2489669064817,3142.2489669064817,-326563.5627784987,-16470.287729051255,16470.287729051255,-1910038.2971763609,-60000.0,60000.0,-80980.00407218933,0.0,-0.0,-151559.99808311462,0.0,-0.0,3949505.2803499973,132446.52844999917,-132446.52844999917,-1020352.7214705335,-174.34607221986235,174.34607221986235,0.17270585894584656,0.7693936824798584,0.4623669683933258,0.5376330614089966,7693937.0,273.27105712890625,458.7768249511719,315.0122375488281,-150000000.0,0.0,0.0,274746.78125,-7804817.5,-7804817.5,-95028336.0,-95028336.0,252558400.0,-0.0,0.0,0.85,1.0,-0.09649989902973069,1.0,True,True,True,,0,0
7894800.0,32,-0.16273466145531246,False,False,ok,,,True,1.0,0.0,1,0.0,1.0,0.0,0.0,434912.7014762192,-24696.268404235,-0.15776347493012294,24696.268404235,0.15776347493012294,156539.83544146415,0.0,0.0,-0.16273466145531246,0.5635253629180875,0.5898684868589257,0.5635253629180875,0.16595064144577198,0.06,0.0,-0.004971186525189533,0.04011084250825747,-0.045082029033447005,5.0,1.0,0.571547531419739,1.0,-56157.90253971201,56157.90253971201,56157.90253971201,0.0,88.49756928268279,0.0,0.63457,0.1875,88.49756928268279,3025.1716294680955,-65237.43367601437,-5652.632617985611,5652.632617985611,-355728.49822503584,-29164.935446537158,29164.935446537158,-1970038.2971763609,-60000.0,60000.0,-80980.00407218933,0.0,-0.0,-151559.99808311462,0.0,-0.0,4075784.4825499994,126279.20220000204,-126279.20220000204,-1017327.5498410654,-56157.90253971201,56157.90253971201,0.17270585894584656,0.7774158716201782,0.4623669683933258,0.5376330614089966,7774158.5,276.1203308105469,458.7768249511719,315.0122375488281,-150000000.0,0.0,0.0,88497568.0,-28395320.0,-28395320.0,-142404912.0,-142404912.0,232302656.0,-0.0,0.0,0.85,1.0,-0.09649989902973069,1.0,True,True,True,,0,0
7898400.0,33,-0.4728727576679572,False,False,ok,,,True,1.0,0.0,1,0.0,1.0,0.0,0.0,451741.00310206047,-73833.71852281994,-0.47166089267053696,73833.71852281994,0.47166089267053696,156539.83544146415,0.0,0.0,-0.4728727576679572,0.5548895038558775,0.5812326277967157,0.5548895038558775,0.16477156651440752,0.06,0.0,-0.0012118649974202922,0.043179295311049914,-0.04439116030847021,5.0,1.0,0.5635253629180875,1.0,-80124.83960780357,80124.83960780357,80124.83960780357,0.0,126.26635297572149,0.0,0.63457,0.1875,126.26635297572149,10537.180540857604,-75533.00423356828,-10295.57055755391,10295.57055755391,-395293.1346324983,-39564.63640746247,39564.63640746247,-2030038.2971763609,-60000.0,60000.0,-80980.00407218933,0.0,-0.0,-151559.99808311462,0.0,-0.0,4191935.8106,116151.3280500006,-116151.3280500006,-1006790.3693002078,-80124.83960780357,80124.83960780357,0.17270585894584656,0.7860516905784607,0.4623669683933258,0.5376330614089966,7860517.0,279.18756103515625,458.7768249511719,315.0122375488281,-150000000.0,0.0,0.0,126266352.0,-30680166.0,-30680166.0,-177287408.0,-177287408.0,231701232.0,-0.0,0.0,0.85,1.0,-0.09649989902973069,1.0,True,True,True,,0,0
7902000.0,34,1.2428833502864263,False,False,ok,,,True,0.9850000143051147,0.6000000238418579,2,0.550000011920929,0.9850000143051147,0.6000000238418579,0.93700000166893,450473.3376408188,52725.30901972488,0.33681719973086827,-52725.30901972488,-0.33681719973086827,156539.83544146415,0.0,0.0,1.2428833502864263,0.3677916080165019,0.38895437914315684,0.3677916080165019,0.07364423162085394,0.06,0.0,0.9060661505555581,0.9354894791968782,-0.029423328641320152,5.0,1.0,0.5548895038558775,1.0,15918.702253335608,-15918.702253335608,0.0,15918.702253335608,0.0,84.89974535112324,0.28359,0.1875,-84.89974535112324,-38074.27222763095,-86493.01168320856,-10960.007449640281,10960.007449640281,-440286.1337182072,-44992.99908570887,44992.99908570887,-2089228.297948837,-59190.000772476196,59190.000772476196,-70180.00364303589,10800.000429153442,-10800.000429153442,-126260.99803805351,25299.00004506111,-25299.00004506111,4307786.424199997,115850.61359999748,-115850.61359999748,-1044864.6415278388,15918.702253335608,-15918.702253335608,0.28070586919784546,0.8111495971679688,0.4707406461238861,0.5312057137489319,8111496.0,283.3773193359375,462.1502685546875,314.5066223144531,-147750000.0,60000004.0,140550000.0,-84899744.0,-32095532.0,-32095532.0,-183226464.0,-183226464.0,247421744.0,-0.0,0.0,0.85,1.0,-0.09649989902973069,1.0,True,True,True,2,1,3
7905600.0,35,1.385663434957122,False,False,ok,,,True,0.9835000038146973,0.6000000238418579,2,0.550000011920929,0.9835000038146973,0.6000000238418579,0.93700000166893,447955.0148952108,60359.17260190941,0.3855834678226672,-60359.17260190941,-0.3855834678226672,156539.83544146415,0.0,0.0,1.385663434957122,0.16513347892678243,0.18210634877658322,0.16513347892678243,0.015051177022038367,0.06,0.0,1.0000799671344547,1.0132906454485973,-0.013210678314142594,5.0,1.0,0.3677916080165019,1.0,13398.643290942864,-13398.643290942864,0.0,13398.643290942864,0.0,71.45943088502861,0.18331,0.1875,-71.45943088502861,-49478.85205657454,-98223.16098743519,-11730.149304226623,11730.149304226623,-486397.3301880947,-46111.19646988751,46111.19646988751,-2148247.2982406616,-59019.000291824574,59019.000291824574,-58180.00316619873,12000.000476837158,-12000.000476837158,-98150.99798798561,28110.0000500679,-28110.0000500679,4431497.299049993,123710.8748499956,-123710.8748499956,-1094343.4935844133,13398.643290942864,-13398.643290942864,0.40070587396621704,0.8338077068328857,0.47998058795928955,0.5284745097160339,8338077.0,286.11181640625,465.8019104003906,314.2917785644531,-147525008.0,60000004.0,140550000.0,-71459432.0,-35278756.0,-35278756.0,-185927984.0,-185927984.0,239641168.0,-0.0,0.0,0.8350000143051147,1.0,-0.5554999172687518,1.0,False,False,True,,0,0
7909200.0,36,0.6778960132844732,False,False,ok,,,True,0.9833499789237976,0.6000000238418579,1,0.0,0.9833499789237976,0.6000000238418579,0.0,468051.3393975926,13342.358720141065,0.08523299313886305,-13342.358720141065,-0.08523299313886305,156539.83544146415,0.0,0.0,0.6778960132844732,0.04586700285202794,0.0624971133465856,0.04586700285202794,0.0008623823451893412,0.06,1.0,0.5926630201456102,0.5963323803737725,-0.003669360228162235,5.0,1.0,0.16513347892678243,1.0,-5714.650596439829,5714.650596439829,5714.650596439829,0.0,31.174789135561777,0.0,0.18331,0.1875,31.174789135561777,1039.3151858008932,-110452.52378356828,-12229.362796133093,12229.362796133093,-530740.6436724509,-44343.313484356215,44343.313484356215,-2207249.197125435,-59001.898884773254,59001.898884773254,-46180.00268936157,12000.000476837158,-12000.000476837158,-95339.99798297882,2811.00000500679,-2811.00000500679,4551317.8830499975,119820.58400000446,-119820.58400000446,-1093304.1783986124,-5714.650596439829,5714.650596439829,0.5207058787345886,0.8351917862892151,0.4809013605117798,0.5284159779548645,8351918.0,286.07952880859375,466.1617126464844,314.28717041015625,-147502496.0,60000004.0,0.0,31174790.0,-34529856.0,-34529856.0,-166882176.0,-166882176.0,257739744.0,-0.0,0.0,0.8335000038146972,1.0,-1.0,1.0,True,True,False,,0,0
7912800.0,37,-0.7261756854991441,False,False,ok,,,True,0.983335018157959,0.6000000238418579,1,0.0,0.983335018157959,0.6000000238418579,0.0,501894.04923999315,30533.51874328063,0.19505270755633447,-30533.51874328063,-0.19505270755633447,156539.83544146415,0.0,0.0,-0.7261756854991441,0.22648885970779886,0.2431189702023565,0.22648885970779886,0.029935302069876806,0.06,0.0,-0.9212283930554785,-0.9031092842788546,-0.01811910877662391,5.0,1.0,0.04586700285202794,1.0,-2056.079211596962,2056.079211596962,2056.079211596962,0.0,11.216405060263828,0.0,0.18331,0.1875,11.216405060263828,1253.1118875229731,-121663.91192664384,-11211.388143075557,11211.388143075557,-568809.3367972622,-38068.69312481128,38068.69312481128,-2266249.3879795074,-59000.19085407257,59000.19085407257,-34180.002212524414,12000.000476837158,-12000.000476837158,-95339.99798297882,0.0,-0.0,4680187.752650001,128869.86960000359,-128869.86960000359,-1092051.0665110894,-2056.079211596962,2056.079211596962,0.6407058835029602,0.8345699310302734,0.4809013605117798,0.5284159779548645,8345699.5,285.86651611328125,466.1617126464844,314.28717041015625,-147500256.0,60000004.0,0.0,11216405.0,-29071134.0,-29071134.0,-134273664.0,-134273664.0,239628640.0,-0.0,0.0,0.8333499789237976,1.0,-1.0,1.0,True,True,False,,0,0
7916400.0,38,-0.6741008539091355,False,False,ok,,,True,0.9833335280418396,0.6000000238418579,1,0.0,0.9833335280418396,0.6000000238418579,0.0,529305.9208446919,41433.585909036134,0.2646839751184588,-41433.585909036134,-0.2646839751184588,156539.83544146415,0.0,0.0,-0.6741008539091355,0.4077222692060214,0.42435237970057904,0.4077222692060214,0.1022290057744562,0.06,0.0,-0.9387848290275944,-0.9061670474911127,-0.03261778153648171,5.0,1.0,0.22648885970779886,1.0,6161.57676249309,-6161.57676249309,0.0,6161.57676249309,0.0,32.86174273329648,0.28359,0.1875,-32.86174273329648,-7860.137541844277,-130071.95448230932,-8408.04255566548,8408.04255566548,-597943.583698684,-29134.246901421808,29134.246901421808,-2325249.4086027145,-59000.02062320709,59000.02062320709,-22180.001735687256,12000.000476837158,-12000.000476837158,-95339.99798297882,0.0,-0.0,4800002.071399999,119814.31874999776,-119814.31874999776,-1099911.2040529337,6161.57676249309,-6161.57676249309,0.7607058882713318,0.8333365321159363,0.4809013605117798,0.5284159779548645,8333365.5,285.44403076171875,466.1617126464844,314.28717041015625,-147500032.0,60000004.0,0.0,-32861742.0,-18299348.0,-18299348.0,-94609912.0,-94609912.0,233271024.0,-0.0,0.0,0.833335018157959,1.0,-1.0,1.0,True,True,False,,0,0
7920000.0,39,0.14123112207779823,False,False,ok,,,True,1.0,0.0,1,0.0,1.0,0.0,0.0,558962.1254945644,44641.613194877056,0.28517733565377457,-44641.613194877056,-0.28517733565377457,156539.83544146415,0.0,0.0,0.14123112207779823,0.42963731488308726,0.4462674253776449,0.42963731488308726,0.11197622177488453,0.06,0.0,-0.14394621357597634,-0.10957522838532935,-0.034370985190646984,5.0,1.0,0.4077222692060214,1.0,7239.406704996139,-7239.406704996139,0.0,7239.406704996139,0.0,38.61016909331274,0.63457,0.1875,-38.61016909331274,-7746.001840008423,-132051.5455011043,-1979.5910187949776,1979.5910187949776,-616497.2985194407,-18553.714820756693,18553.714820756693,-2385149.4097709656,-59900.00116825104,59900.00116825104,-20980.00168800354,1200.0000476837158,-1200.0000476837158,-95339.99798297882,0.0,-0.0,4916637.584849999,116635.51345000044,-116635.51345000044,-1107657.2058929421,7239.406704996139,-7239.406704996139,0.7727058529853821,0.8294215202331543,0.4809013605117798,0.5284159779548645,8294215.0,284.1029968261719,466.1617126464844,314.28717041015625,-150000000.0,0.0,0.0,-38610168.0,0.0,0.0,-48734392.0,-48734392.0,237344560.0,-0.0,0.0,0.8333335280418396,1.0,-1.0,0.446470590198747,True,True,False,,0,0
7923600.0,40,0.38729289370218917,False,False,ok,,,True,1.0,0.0,1,0.0,1.0,0.0,0.0,575487.6842282849,72288.18608897828,0.4617877991574191,-72288.18608897828,-0.4617877991574191,156539.83544146415,0.0,0.0,0.38729289370218917,0.4375357243839894,0.45416583487854706,0.4375357243839894,0.1123636813487788,0.06,0.0,-0.0744949054552299,-0.03949204750451074,-0.035002857950719155,5.0,1.0,0.42963731488308726,1.0,20944.48748449315,-20944.48748449315,0.0,20944.48748449315,0.0,111.70393325063013,0.63457,0.1875,-111.70393325063013,-34818.13987076469,-132051.5455011043,0.0,-0.0,-623825.8805649551,-7328.582045514369,7328.582045514369,-2445149.4097709656,-60000.0,60000.0,-20980.00168800354,0.0,-0.0,-95339.99798297882,0.0,-0.0,5035309.865499998,118672.28064999916,-118672.28064999916,-1142475.3457637068,20944.48748449315,-20944.48748449315,0.7727058529853821,0.8215230703353882,0.4809013605117798,0.5284159779548645,8215231.0,281.3975524902344,466.1617126464844,314.28717041015625,-150000000.0,0.0,0.0,-111703936.0,0.0,0.0,-5009199.0,-5009199.0,266713136.0,-0.0,0.0,0.85,1.0,-1.0,0.3864705878145614,True,True,False,,0,0
7927200.0,41,0.46397108359420736,False,False,ok,,,True,0.9775000214576721,-0.6000000238418579,0,0.550000011920929,0.9775000214576721,-0.6000000238418579,-0.6314999920129776,590309.3933820416,-52996.04099728791,-0.33854667630019986,52996.04099728791,0.33854667630019986,156539.83544146415,0.0,0.0,0.46397108359420736,0.2726694610286496,0.29522713749127405,0.2726694610286496,0.03475711506594424,0.06,0.0,0.8025177598944072,0.8243313167766991,-0.021813556882291966,5.0,1.0,0.4375357243839894,1.0,-71176.86238753163,71176.86238753163,71176.86238753163,0.0,62.65734340478325,0.0,1.13597,0.1875,62.65734340478325,-3359.1122364869807,-132051.5455011043,0.0,-0.0,-624515.6236889893,-689.7431240342557,689.7431240342557,-2503934.41092968,-58785.001158714294,58785.001158714294,-42580.002546310425,-21600.000858306885,21600.000858306885,-129440.99755167961,-34100.99956870079,34100.99956870079,5168666.431599998,133356.56609999947,-133356.56609999947,-1145834.4580001938,-71176.86238753163,71176.86238753163,0.6456470489501953,0.7958011031150818,0.4724333882331848,0.5368838906288147,7958011.0,277.1436767578125,462.9157409667969,314.692138671875,-146625008.0,-60000004.0,-94725000.0,62657344.0,0.0,0.0,-0.0,-0.0,238692656.0,-0.0,0.0,0.85,1.0,-1.0,0.3864705878145614,True,True,True,0,1,3
7930800.0,42,0.5227074755779648,False,False,ok,,,True,0.9741250276565552,-0.6000000238418579,0,0.550000011920929,0.9741250276565552,-0.6000000238418579,-0.6314999920129776,595518.1437095517,-65440.72331940393,-0.41804517766900656,65440.72331940393,0.41804517766900656,156539.83544146415,0.0,0.0,0.5227074755779648,0.08318792360162924,0.11233970142145977,0.08318792360162924,0.005879484156790284,0.06,0.0,0.9407526532469713,0.9474076871351017,-0.0066550338881303395,5.0,1.0,0.2726694610286496,1.0,-64429.3017227504,64429.3017227504,64429.3017227504,0.0,56.7174324346157,0.0,1.13597,0.1875,56.7174324346157,6220.171924163587,-132051.5455011043,0.0,-0.0,-624515.6236889893,0.0,-0.0,-2562402.16255188,-58467.75162220001,58467.75162220001,-66580.00349998474,-24000.000953674316,24000.000953674316,-167330.99707245827,-37889.999520778656,37889.999520778656,5288012.762100001,119346.33050000295,-119346.33050000295,-1139614.2860760302,-64429.3017227504,64429.3017227504,0.5044705867767334,0.7735179662704468,0.46301326155662537,0.5463040471076965,7735179.5,274.48486328125,459.2919616699219,315.1352233886719,-146118752.0,-60000004.0,-94725000.0,56717432.0,0.0,0.0,-0.0,-0.0,244126320.0,-0.0,0.0,0.8275000214576721,1.0,-1.0,1.0,True,False,False,0,2,2
7934400.0,43,-1.5968090896368525,False,False,ok,,,True,0.973618745803833,-0.6000000238418579,0,0.550000011920929,0.973618745803833,-0.6000000238418579,-0.6314999920129776,602936.0506842023,-76466.58187653386,-0.48848001954829867,76466.58187653386,0.48848001954829867,156539.83544146415,0.0,0.0,-1.5968090896368525,0.30005289135761815,0.3357909424228525,0.30005289135761815,0.03705662235263907,0.06,0.0,-1.108329070088554,-1.0843248387799445,-0.02400423130860945,5.0,1.0,0.08318792360162924,1.0,-78219.58041273389,78219.58041273389,78219.58041273389,0.0,68.8570828567074,0.0,1.13597,0.1875,68.8570828567074,5664.908438450657,-132051.5455011043,0.0,-0.0,-624515.6236889893,0.0,-0.0,-2620822.324991226,-58420.16243934631,58420.16243934631,-90580.00445365906,-24000.000953674316,24000.000953674316,-205220.99659323692,-37889.999520778656,37889.999520778656,5410075.923550001,122063.16145000048,-122063.16145000048,-1133949.3776375796,-78219.58041273389,78219.58041273389,0.3632940948009491,0.755005955696106,0.4536042809486389,0.5557129979133606,7550059.5,273.0787353515625,455.6595153808594,315.5701904296875,-146042816.0,-60000004.0,-94725000.0,68857080.0,0.0,0.0,-0.0,-0.0,231910736.0,-0.0,0.0,0.8241250276565552,1.0,-1.0,1.0,True,False,False,0,3,1
7938000.0,44,-1.5536053962148002,False,False,ok,,,True,0.9735428094863892,-0.6000000238418579,0,0.550000011920929,0.9735428094863892,-0.6000000238418579,-0.6314999920129776,605473.0742680462,-57758.526309780376,-0.3689701483772056,57758.526309780376,0.3689701483772056,156539.83544146415,0.0,0.0,-1.5536053962148002,0.528523563902694,0.5708394474199444,0.528523563902694,0.12830481168492727,0.06,0.0,-1.1846352478375946,-1.142353362725379,-0.04228188511221552,5.0,1.0,0.30005289135761815,1.0,-53410.866748239445,53410.866748239445,53410.866748239445,0.0,54.1939696090908,0.0,0.98555,0.1875,54.1939696090908,6884.68314538477,-132051.5455011043,0.0,-0.0,-624515.6236889893,0.0,-0.0,-2679235.349178314,-58413.02418708801,58413.02418708801,-114580.00540733337,-24000.000953674316,24000.000953674316,-243110.99611401558,-37889.999520778656,37889.999520778656,5526031.288650001,115955.36510000005,-115955.36510000005,-1127064.6944921948,-53410.866748239445,53410.866748239445,0.22211763262748718,0.7383000254631042,0.44420740008354187,0.56510990858078,7383000.0,272.2752685546875,452.0192565917969,315.9972839355469,-146031424.0,-60000004.0,-94725000.0,54193968.0,0.0,0.0,-0.0,-0.0,246562448.0,-0.0,0.0,0.823618745803833,1.0,-0.9064999312162374,1.0,True,False,False,,0,0
7941600.0,45,0.31637905574691766,False,False,ok,,,True,1.0,0.0,1,0.0,1.0,0.0,0.0,611122.2589397732,72345.86094563553,0.46215623481147866,-72345.86094563553,-0.46215623481147866,156539.83544146415,0.0,0.0,0.31637905574691766,0.5488966532633919,0.5918698816512636,0.5488966532633919,0.1401940798508539,0.06,0.0,-0.145777179064561,-0.10186544680348963,-0.043911732261071354,5.0,1.0,0.528523563902694,1.0,15094.891349999996,-15094.891349999996,0.0,15094.891349999996,0.0,80.50608719999998,0.98555,0.1875,-80.50608719999998,-51601.78492390853,-132051.5455011043,0.0,-0.0,-624515.6236889893,0.0,-0.0,-2739076.6060352325,-59841.256856918335,59841.256856918335,-116980.0055027008,-2400.0000953674316,2400.0000953674316,-246899.99606609344,-3788.9999520778656,3788.9999520778656,5649312.515150004,123281.22650000267,-123281.22650000267,-1178666.4794161033,15094.891349999996,-15094.891349999996,0.20799997448921204,0.739103376865387,0.4432683289051056,0.5660489797592163,7391034.0,273.1069641113281,451.6548156738281,316.0395812988281,-150000000.0,0.0,0.0,-80506088.0,0.0,0.0,-0.0,-0.0,230506080.0,-0.0,0.0,0.8235428094863891,1.0,-0.30649990737437893,1.0,True,True,True,,0,0
7945200.0,46,0.4127035074053425,False,False,ok,,,True,1.0,0.0,1,0.0,1.0,0.0,0.0,618071.6502197738,71145.6098062495,0.45448885011031837,-71145.6098062495,-0.45448885011031837,156539.83544146415,0.0,0.0,0.4127035074053425,0.5484780726421132,0.591451301029985,0.5484780726421132,0.1401014167086214,0.06,0.0,-0.04178534270497585,0.002092903106393207,-0.04387824581136906,5.0,1.0,0.5488966532633919,1.0,15892.566206249998,-15892.566206249998,0.0,15892.566206249998,0.0,84.76035309999999,0.63457,0.1875,-84.76035309999999,-48303.652319998946,-132051.5455011043,0.0,-0.0,-624515.6236889893,0.0,-0.0,-2799076.6060352325,-60000.0,60000.0,-116980.0055027008,0.0,-0.0,-246899.99606609344,0.0,-0.0,5764565.558750008,115253.04360000417,-115253.04360000417,-1226970.1317361023,15892.566206249998,-15892.566206249998,0.20799997448921204,0.7395219802856445,0.4432683289051056,0.5660489797592163,7395219.5,273.2616271972656,451.6548156738281,316.0395812988281,-150000000.0,0.0,0.0,-84760352.0,0.0,0.0,-0.0,-0.0,234760352.0,-0.0,0.0,0.85,1.0,-0.24649990499019317,1.0,True,True,True,,0,0
7948800.0,47,0.433968826041777,False,False,ok,,,True,1.0,0.0,1,0.0,1.0,0.0,0.0,624595.614909774,75492.54485000091,0.4822577246047398,-75492.54485000091,-0.4822577246047398,156539.83544146415,0.0,0.0,0.433968826041777,0.5493463113727419,0.5923195397606137,0.5493463113727419,0.14029401317199186,0.06,0.0,-0.048288898562962805,-0.004341193653143449,-0.043947704909819356,5.0,1.0,0.5484780726421132,1.0,18112.3683,-18112.3683,0.0,18112.3683,0.0,96.59929759999999,0.63457,0.1875,-96.59929759999999,-50856.21186000062,-132051.5455011043,0.0,-0.0,-624515.6236889893,0.0,-0.0,-2859076.6060352325,-60000.0,60000.0,-116980.0055027008,0.0,-0.0,-246899.99606609344,0.0,-0.0,5881945.735300009,117380.1765500009,-117380.1765500009,-1277826.343596103,18112.3683,-18112.3683,0.20799997448921204,0.7386537194252014,0.4432683289051056,0.5660489797592163,7386537.0,272.9408264160156,451.6548156738281,316.0395812988281,-150000000.0,0.0,0.0,-96599296.0,0.0,0.0,-0.0,-0.0,246599296.0,-0.0,0.0,0.85,1.0,-0.24649990499019317,1.0,True,True,True,,0,0
7952400.0,48,0.46862566648445536,False,False,ok,,,True,1.0,0.0,1,0.0,1.0,0.0,0.0,629935.6851497745,81183.25161249985,0.5186108148354173,-81183.25161249985,-0.5186108148354173,156539.83544146415,0.0,0.0,0.46862566648445536,0.5505347844910771,0.5935080128789488,0.5505347844910771,0.14056008975642362,0.06,0.0,-0.04998514835096188,-0.005942365591675713,-0.044042782759286164,5.0,1.0,0.5493463113727419,1.0,17883.6028125,-17883.6028125,0.0,17883.6028125,0.0,95.379215,0.63457,0.1875,-95.379215,-57959.578559999354,-132051.5455011043,0.0,-0.0,-624515.6236889893,0.0,-0.0,-2919076.6060352325,-60000.0,60000.0,-116980.0055027008,0.0,-0.0,-246899.99606609344,0.0,-0.0,6005245.384100008,123299.64879999869,-123299.64879999869,-1335785.9221561023,17883.6028125,-17883.6028125,0.20799997448921204,0.7374652624130249,0.4432683289051056,0.5660489797592163,7374652.5,272.50164794921875,451.6548156738281,316.0395812988281,-150000000.0,0.0,0.0,-95379216.0,0.0,0.0,-0.0,-0.0,245379216.0,-0.0,0.0,0.85,1.0,-0.24649990499019317,1.0,True,True,True,,0,0
7956000.0,49,0.4655033611877324,False,False,ok,,,True,1.0,0.0,1,0.0,1.0,0.0,0.0,635397.7636497746,80493.8622437497,0.5142068919182506,-80493.8622437497,-0.5142068919182506,156539.83544146415,0.0,0.0,0.4655033611877324,0.5514522545641543,0.594425482952026,0.5514522545641543,0.1407674260401293,0.06,0.0,-0.04870353073051827,-0.004587350365385934,-0.04411618036513234,5.0,1.0,0.5505347844910771,1.0,17804.25474375,-17804.25474375,0.0,17804.25474375,0.0,94.95602530000001,0.63457,0.1875,-94.95602530000001,-57227.52899999963,-132051.5455011043,0.0,-0.0,-624515.6236889893,0.0,-0.0,-2979076.6060352325,-60000.0,60000.0,-116980.0055027008,0.0,-0.0,-246899.99606609344,0.0,-0.0,6127934.991600004,122689.6074999962,-122689.6074999962,-1393013.451156102,17804.25474375,-17804.25474375,0.20799997448921204,0.7365477681159973,0.4432683289051056,0.5660489797592163,7365478.0,272.16265869140625,451.6548156738281,316.0395812988281,-150000000.0,0.0,0.0,-94956024.0,0.0,0.0,-0.0,-0.0,244956032.0,-0.0,0.0,0.85,1.0,-0.24649990499019317,1.0,True,True,True,,0,0
7959600.0,50,0.49162561526748033,False,False,ok,,,True,1.0,0.0,1,0.0,1.0,0.0,0.0,640902.1611197746,84148.30188125017,0.5375520016610483,-84148.30188125017,-0.5375520016610483,156539.83544146415,0.0,0.0,0.49162561526748033,0.5518085943335314,0.5947818227214031,0.5518085943335314,0.14084840809471572,0.06,0.0,-0.04592638639356801,-0.0017816988468855044,-0.04414468754668251,5.0,1.0,0.5514522545641543,1.0,21670.28923125,-21670.28923125,0.0,21670.28923125,0.0,115.5748759,0.63457,0.1875,-115.5748759,-56973.6151800002,-132051.5455011043,0.0,-0.0,-624515.6236889893,0.0,-0.0,-3039076.6060352325,-60000.0,60000.0,-116980.0055027008,0.0,-0.0,-246899.99606609344,0.0,-0.0,6250413.004250008,122478.01265000366,-122478.01265000366,-1449987.066336102,21670.28923125,-21670.28923125,0.20799997448921204,0.73619145154953,0.4432683289051056,0.5660489797592163,7361914.5,272.0309753417969,451.6548156738281,316.0395812988281,-150000000.0,0.0,0.0,-115574872.0,0.0,0.0,-0.0,-0.0,265574880.0,-0.0,0.0,0.85,1.0,-0.24649990499019317,1.0,True,True,True,,0,0
7963200.0,51,0.550018602380172,False,False,ok,,,True,1.0,0.0,1,0.0,1.0,0.0,0.0,644344.6735297748,92759.40740000134,0.5925610381434661,-92759.40740000134,-0.5925610381434661,156539.83544146415,0.0,0.0,0.550018602380172,0.5514931904391636,0.5944664188270353,0.5514931904391636,0.1407767162477545,0.06,0.0,-0.04254243576329412,0.0015770194718389696,-0.04411945523513309,5.0,1.0,0.5518085943335314,1.0,19971.96945,-19971.96945,0.0,19971.96945,0.0,106.5171704,0.63457,0.1875,-106.5171704,-69344.92554000113,-132051.5455011043,0.0,-0.0,-624515.6236889893,0.0,-0.0,-3099076.6060352325,-60000.0,60000.0,-116980.0055027008,0.0,-0.0,-246899.99606609344,0.0,-0.0,6383200.442200008,132787.43795000017,-132787.43795000017,-1519331.9918761032,19971.96945,-19971.96945,0.20799997448921204,0.7365068197250366,0.4432683289051056,0.5660489797592163,7365068.5,272.14752197265625,451.6548156738281,316.0395812988281,-150000000.0,0.0,0.0,-106517168.0,0.0,0.0,-0.0,-0.0,256517168.0,-0.0,0.0,0.85,1.0,-0.24649990499019317,1.0,True,True,True,,0,0
7966800.0,52,0.5342613269858864,False,False,ok,,,True,1.0,0.0,1,0.0,1.0,0.0,0.0,648692.956489775,89818.38688750126,0.5737733570129346,-89818.38688750126,-0.5737733570129346,156539.83544146415,0.0,0.0,0.5342613269858864,0.5505862169730051,0.5935594453608769,0.5505862169730051,0.14057166828481366,0.06,0.0,-0.0395120300270483,0.004534867330792114,-0.04404689735784041,5.0,1.0,0.5514931904391636,1.0,21559.8016875,-21559.8016875,0.0,21559.8016875,0.0,114.985609,0.63457,0.1875,-114.985609,-63910.30224000104,-132051.5455011043,0.0,-0.0,-624515.6236889893,0.0,-0.0,-3159076.6060352325,-60000.0,60000.0,-116980.0055027008,0.0,-0.0,-246899.99606609344,0.0,-0.0,6511459.02740001,128258.58520000242,-128258.58520000242,-1583242.2941161043,21559.8016875,-21559.8016875,0.20799997448921204,0.7374138236045837,0.4432683289051056,0.5660489797592163,7374138.0,272.482666015625,451.6548156738281,316.0395812988281,-150000000.0,0.0,0.0,-114985608.0,0.0,0.0,-0.0,-0.0,264985616.0,-0.0,0.0,0.85,1.0,-0.24649990499019317,1.0,True,True,True,,0,0
7970400.0,53,0.5478206314751446,False,False,ok,,,True,1.0,0.0,1,0.0,1.0,0.0,0.0,652993.2641586949,91643.66073068933,0.5854334806999217,-91643.66073068933,-0.5854334806999217,156539.83544146415,0.0,0.0,0.5478206314751446,0.5493196720649218,0.5922929004527936,0.5493196720649218,0.14028808150610458,0.06,0.0,-0.037612849224777194,0.006332724540416557,-0.04394557376519375,5.0,1.0,0.5505862169730051,1.0,19721.476637060085,-19721.476637060085,0.0,19721.476637060085,0.0,105.18120873098712,0.63457,0.1875,-105.18120873098712,-67621.87642470933,-132051.5455011043,0.0,-0.0,-625086.2440953607,-570.6204063714249,570.6204063714249,-3219076.6060352325,-60000.0,60000.0,-116980.0055027008,0.0,-0.0,-246899.99606609344,0.0,-0.0,6643951.831900015,132492.80450000428,-132492.80450000428,-1650864.1705408136,19721.476637060085,-19721.476637060085,0.20799997448921204,0.738680362701416,0.4432683289051056,0.5660489797592163,7386803.5,272.9506530761719,451.6548156738281,316.0395812988281,-150000000.0,0.0,0.0,-105181208.0,0.0,0.0,-5065033.0,-5065033.0,260246240.0,-0.0,0.0,0.85,1.0,-0.24649990499019317,1.0,True,True,True,,0,0
7974000.0,54,0.4354356828763968,False,False,ok,,,True,1.0,0.0,1,0.0,1.0,0.0,0.0,665013.3885957386,73333.72682918569,0.4684668705724288,-73333.72682918569,-0.4684668705724288,156539.83544146415,0.0,0.0,0.4354356828763968,0.547171170870205,0.5901443992580767,0.547171170870205,0.1398143568107252,0.06,0.0,-0.033031187696032006,0.010742505973584393,-0.0437736936696164,5.0,1.0,0.5493196720649218,1.0,8956.855069931209,-8956.855069931209,0.0,8956.855069931209,0.0,47.76989370629978,0.63457,0.1875,-47.76989370629978,-52356.74732221081,-132051.5455011043,0.0,-0.0,-630832.4930861063,-5746.2489907455165,5746.2489907455165,-3279076.6060352325,-60000.0,60000.0,-116980.0055027008,0.0,-0.0,-246899.99606609344,0.0,-0.0,6774074.952650017,130123.12075000256,-130123.12075000256,-1703220.9178630244,8956.855069931209,-8956.855069931209,0.20799997448921204,0.7408288717269897,0.4432683289051056,0.5660489797592163,7408288.5,273.7445373535156,451.6548156738281,316.0395812988281,-150000000.0,0.0,0.0,-47769892.0,0.0,0.0,-44626816.0,-44626816.0,242396704.0,-0.0,0.0,0.85,1.0,-0.24649990499019317,1.0,True,True,True,,0,0
7977600.0,55,0.18987212257870684,False,False,ok,,,True,1.0,0.0,1,0.0,1.0,0.0,0.0,694843.4676036058,33790.733134669324,0.21586028271573654,-33790.733134669324,-0.21586028271573654,156539.83544146415,0.0,0.0,0.18987212257870684,0.5436700815921367,0.5866433099800085,0.5436700815921367,0.1390621786400457,0.06,0.0,-0.025988160137029696,0.01750544639034124,-0.043493606527370936,5.0,1.0,0.547171170870205,1.0,-10206.114924448,10206.114924448,10206.114924448,0.0,16.083513126129507,0.0,0.63457,0.1875,16.083513126129507,-14166.76905125007,-132051.5455011043,0.0,-0.0,-648034.0000769888,-17201.506990882568,17201.506990882568,-3339076.6060352325,-60000.0,60000.0,-116980.0055027008,0.0,-0.0,-246899.99606609344,0.0,-0.0,6895273.30770002,121198.35505000316,-121198.35505000316,-1717387.6869142745,-10206.114924448,10206.114924448,0.20799997448921204,0.7443299293518066,0.4432683289051056,0.5660489797592163,7443299.5,275.0382385253906,451.6548156738281,316.0395812988281,-150000000.0,0.0,0.0,16083513.0,0.0,0.0,-97833800.0,-97833800.0,231750288.0,-0.0,0.0,0.85,1.0,-0.24649990499019317,1.0,True,True,True,,0,0
7981200.0,56,-0.1217983005373453,False,False,ok,,,True,1.0,0.0,1,0.0,1.0,0.0,0.0,724895.8062840805,-16636.70980893357,-0.10627780310370029,16636.70980893357,0.10627780310370029,156539.83544146415,0.0,0.0,-0.1217983005373453,0.5381635640540017,0.5811367924418734,0.5381635640540017,0.13792875242965566,0.06,0.0,-0.01552049743364501,0.027532587690675125,-0.043053085124320135,5.0,1.0,0.5436700815921367,1.0,-43098.893126391245,43098.893126391245,43098.893126391245,0.0,67.91826453565604,0.0,0.63457,0.1875,67.91826453565604,3590.1553630169947,-132051.5455011043,0.0,-0.0,-677446.9602095309,-29412.960132542066,29412.960132542066,-3399076.6060352325,-60000.0,60000.0,-116980.0055027008,0.0,-0.0,-246899.99606609344,0.0,-0.0,7011148.451150016,115875.14344999567,-115875.14344999567,-1713797.5315512575,-43098.893126391245,43098.893126391245,0.20799997448921204,0.7498364448547363,0.4432683289051056,0.5660489797592163,7498364.5,277.0729675292969,451.6548156738281,316.0395812988281,-150000000.0,0.0,0.0,67918264.0,0.0,0.0,-141274448.0,-141274448.0,223356192.0,-0.0,0.0,0.85,1.0,-0.24649990499019317,1.0,True,True,True,,0,0
7984800.0,57,-0.27865330805064814,False,False,ok,,,True,1.0,0.0,1,0.0,1.0,0.0,0.0,745956.7701669657,-42729.31442918677,-0.2729612836801837,42729.31442918677,0.2729612836801837,156539.83544146415,0.0,0.0,-0.27865330805064814,0.5308090245355261,0.5737822529233979,0.5308090245355261,0.13650952839412916,0.06,0.0,-0.005692024370464427,0.03677269759237767,-0.042464721962842095,5.0,1.0,0.5381635640540017,1.0,-55604.88986732883,55604.88986732883,55604.88986732883,0.0,87.6260930509303,0.0,0.63457,0.1875,87.6260930509303,8185.388444743119,-132051.5455011043,0.0,-0.0,-716249.4778713888,-38802.517661857884,38802.517661857884,-3459076.6060352325,-60000.0,60000.0,-116980.0055027008,0.0,-0.0,-246899.99606609344,0.0,-0.0,7122826.54425002,111678.0931000039,-111678.0931000039,-1705612.1431065144,-55604.88986732883,55604.88986732883,0.20799997448921204,0.757191002368927,0.4432683289051056,0.5660489797592163,7571910.0,279.79052734375,451.6548156738281,316.0395812988281,-150000000.0,0.0,0.0,87626096.0,0.0,0.0,-171836032.0,-171836032.0,234209936.0,-0.0,0.0,0.85,1.0,-0.24649990499019317,1.0,True,True,True,,0,0
7988400.0,58,1.3630543273592783,False,False,ok,,,True,0.9850000143051147,0.6000000238418579,2,0.550000011920929,0.9850000143051147,0.6000000238418579,0.93700000166893,737315.0653591891,70959.04042568964,0.45329701686203555,-70959.04042568964,-0.45329701686203555,156539.83544146415,0.0,0.0,1.3630543273592783,0.3433637425551945,0.3804392167260482,0.3433637425551945,0.05532188013169586,0.06,0.0,0.9097573104972427,0.9372264099016583,-0.027469099404415557,5.0,1.0,0.5308090245355261,1.0,21061.924728923117,-21061.924728923117,0.0,21061.924728923117,0.0,112.3302652209233,0.28359,0.1875,-112.3302652209233,-58538.82050454314,-132051.5455011043,0.0,-0.0,-760366.3308763606,-44116.85300497187,44116.85300497187,-3518266.6068077087,-59190.000772476196,59190.000772476196,-106180.00507354736,10800.000429153442,-10800.000429153442,-221600.99602103233,25299.00004506111,-25299.00004506111,7239931.513250017,117104.96899999678,-117104.96899999678,-1764150.9636110575,21061.924728923117,-21061.924728923117,0.31599998474121094,0.782636284828186,0.45169368386268616,0.5576236248016357,7826363.0,284.2328796386719,455.217041015625,315.394775390625,-147750000.0,60000004.0,140550000.0,-112330264.0,0.0,0.0,-182056624.0,-182056624.0,241586896.0,-0.0,0.0,0.85,1.0,-0.24649990499019317,1.0,True,True,True,2,1,3
7992000.0,59,1.5059102564609572,False,False,ok,,,True,0.9835000038146973,0.6000000238418579,2,0.550000011920929,0.9835000038146973,0.6000000238418579,0.93700000166893,725909.5613049595,78181.25572737897,0.4994336138587148,-78181.25572737897,-0.4994336138587148,156539.83544146415,0.0,0.0,1.5059102564609572,0.13983111617593108,0.17082268364625514,0.13983111617593108,0.008065167549685314,0.06,0.0,1.0064766426022425,1.017663131896317,-0.011186489294074486,5.0,1.0,0.3433637425551945,1.0,21628.01193063285,-21628.01193063285,0.0,21628.01193063285,0.0,115.3493969633752,0.18331,0.1875,-115.3493969633752,-67958.74785097572,-132051.5455011043,0.0,-0.0,-805697.535514695,-45331.20463833434,45331.20463833434,-3577285.607099533,-59019.00029182434,59019.00029182434,-94180.0045967102,12000.000476837158,-12000.000476837158,-193490.99597096443,28110.0000500679,-28110.0000500679,7360724.961450019,120793.44820000231,-120793.44820000231,-1832109.7114620332,21628.01193063285,-21628.01193063285,0.4359999895095825,0.8061689138412476,0.4609786570072174,0.5495259761810303,8061689.0,287.3435974121094,459.07574462890625,314.7750549316406,-147525008.0,60000004.0,140550000.0,-115349400.0,0.0,-0.0,-180431824.0,-180431824.0,242756224.0,-0.0,0.0,0.8350000143051147,1.0,-0.705499923229214,1.0,False,False,True,2,2,2
7995600.0,60,0.7177742582415557,False,False,ok,,,True,0.9833499789237976,0.6000000238418579,2,0.550000011920929,0.9833499789237976,0.6000000238418579,0.93700000166893,711929.9983962107,87992.51792067819,0.5621094315867078,-87992.51792067819,-0.5621094315867078,156539.83544146415,0.0,0.0,0.7177742582415557,0.10698636894189123,0.1331037481986695,0.10698636894189123,0.005232372312614128,0.06,0.0,0.15566482665484796,0.16422373617019925,-0.008558909515351298,5.0,1.0,0.13983111617593108,1.0,29088.529451885315,-29088.529451885315,0.0,29088.529451885315,0.0,155.13882374338834,0.18331,0.1875,-155.13882374338834,-72883.55137754162,-132051.5455011043,0.0,-0.0,-849279.7572380339,-43582.22172333894,43582.22172333894,-3636287.5059843063,-59001.898884773254,59001.898884773254,-82180.00411987305,12000.000476837158,-12000.000476837158,-165380.99592089653,28110.0000500679,-28110.0000500679,7482103.070000022,121378.1085500028,-121378.1085500028,-1904993.2628395748,29088.529451885315,-29088.529451885315,0.5559999942779541,0.8270136117935181,0.47019749879837036,0.5448185801506042,8270136.0,289.43463134765625,462.8326416015625,314.414794921875,-147502496.0,60000004.0,140550000.0,-155138816.0,0.0,0.0,-166876272.0,-166876272.0,268967584.0,-0.0,0.0,0.8335000038146972,1.0,-1.0,1.0,False,False,True,,0,0
7999200.0,61,-0.5861326340077135,False,False,ok,,,True,0.983335018157959,0.6000000238418579,1,0.0,0.983335018157959,0.6000000238418579,0.0,738745.7281242366,59549.52025284785,0.3804112869092388,-59549.52025284785,-0.3804112869092388,156539.83544146415,0.0,0.0,-0.5861326340077135,0.2955660955957497,0.31433991305396247,0.2955660955957497,0.047460416762552124,0.06,0.0,-0.9665439209169523,-0.9428986332692924,-0.023645287647659975,5.0,1.0,0.10698636894189123,1.0,7708.052714131342,-7708.052714131342,0.0,7708.052714131342,0.0,41.10961447536716,0.18331,0.1875,-41.10961447536716,-25025.737810690654,-132051.5455011043,0.0,-0.0,-887732.8962770891,-38453.13903905521,38453.13903905521,-3695287.696838379,-59000.19085407257,59000.19085407257,-70180.00364303589,12000.000476837158,-12000.000476837158,-162569.99591588974,2811.00000500679,-2811.00000500679,7616586.866950023,134483.79695000127,-134483.79695000127,-1930019.0006502655,7708.052714131342,-7708.052714131342,0.6759999990463257,0.8184338808059692,0.46698421239852905,0.47937631607055664,8184339.0,288.28680419921875,461.7782287597656,309.40631103515625,-147500256.0,60000004.0,0.0,-41109616.0,0.0,-0.0,-137735424.0,-137735424.0,266345280.0,-0.0,0.0,0.8333499789237976,1.0,-1.0,1.0,True,True,False,,0,0
8002800.0,62,-0.07849098757664463,False,False,ok,,,True,0.9833335280418396,0.6000000238418579,2,0.550000011920929,0.9833335280418396,0.6000000238418579,0.93700000166893,708884.6772643948,120136.12142485844,0.7674476026249666,-120136.12142485844,-0.7674476026249666,156539.83544146415,0.0,0.0,-0.07849098757664463,0.4574348559410157,0.4742835662345571,0.4574348559410157,0.13160449621013418,0.06,0.0,-0.8459385902016112,-0.8093438017263299,-0.036594788475281255,5.0,1.0,0.2955660955957497,1.0,38572.69187784706,-38572.69187784706,0.0,38572.69187784706,0.0,205.72102334851763,0.28359,0.1875,-205.72102334851763,-111424.48040685314,-132051.5455011043,0.0,-0.0,-917641.0877787687,-29908.191501679597,29908.191501679597,-3754287.717461586,-59000.02062320709,59000.02062320709,-58180.00316619873,12000.000476837158,-12000.000476837158,-137270.99587082863,25299.00004506111,-25299.00004506111,7749759.508100024,133172.64115000144,-133172.64115000144,-2041443.4810571186,38572.69187784706,-38572.69187784706,0.7960000038146973,0.8365651369094849,0.47525331377983093,0.4766075015068054,8365651.5,289.9318542480469,465.1058349609375,309.19439697265625,-147500032.0,60000004.0,140550000.0,-205721024.0,0.0,0.0,-97207640.0,-97207640.0,249878688.0,-0.0,0.0,0.833335018157959,1.0,-1.0,0.8700000187930013,True,True,True,,0,0
8006400.0,63,0.19297774465538076,False,False,ok,,,True,1.0,0.0,1,0.0,1.0,0.0,0.0,731857.9721274112,60497.94215295591,0.38646994857470807,-60497.94215295591,-0.38646994857470807,156539.83544146415,0.0,0.0,0.19297774465538076,0.48832017394181215,0.5406135171975542,0.48832017394181215,0.1429887528125699,0.06,0.0,-0.1934922039193273,-0.15442659000398234,-0.03906561391534497,5.0,1.0,0.4574348559410157,1.0,10042.716257281942,-10042.716257281942,0.0,10042.716257281942,0.0,53.56115337217036,0.63457,0.1875,-53.56115337217036,-27481.931032657623,-132051.5455011043,0.0,-0.0,-936236.2042675341,-18595.116488765343,18595.116488765343,-3814187.718629837,-59900.00116825104,59900.00116825104,-56980.003118515015,1200.0000476837158,-1200.0000476837158,-134459.99586582184,2811.00000500679,-2811.00000500679,7874698.851600022,124939.34349999763,-124939.34349999763,-2068925.4120897762,10042.716257281942,-10042.716257281942,0.8080000281333923,0.8236798048019409,0.47201234102249146,0.3785781264305115,8236798.5,287.3156433105469,464.0915222167969,301.6923828125,-150000000.0,0.0,0.0,-53561152.0,0.0,0.0,-45622840.0,-45622840.0,249184000.0,-0.0,0.0,0.8333335280418396,1.0,-1.0,0.26999999495114446,True,True,False,,0,0
8010000.0,64,0.37377641848403476,False,False,ok,,,True,1.0,0.0,1,0.0,1.0,0.0,0.0,746717.201689737,70698.52003223836,0.45163277342702374,-70698.52003223836,-0.45163277342702374,156539.83544146415,0.0,0.0,0.37377641848403476,0.49595614658504916,0.5482494898407912,0.49595614658504916,0.14344902111309288,0.06,0.0,-0.07785635494298898,-0.03817986321618505,-0.03967649172680393,5.0,1.0,0.48832017394181215,1.0,13090.544233899716,-13090.544233899716,0.0,13090.544233899716,0.0,69.81623591413182,0.63457,0.1875,-69.81623591413182,-42748.74623601278,-132051.5455011043,0.0,-0.0,-943220.2248691955,-6984.02060166141,6984.02060166141,-3874187.718629837,-60000.0,60000.0,-56980.003118515015,0.0,-0.0,-134459.99586582184,0.0,-0.0,7999290.848000024,124591.99640000239,-124591.99640000239,-2111674.158325789,13090.544233899716,-13090.544233899716,0.8080000281333923,0.8160438537597656,0.47201234102249146,0.3785781264305115,8160438.5,284.65203857421875,464.0915222167969,301.6923828125,-150000000.0,0.0,0.0,-69816232.0,0.0,0.0,-5837367.0,-5837367.0,225653600.0,-0.0,0.0,0.85,1.0,-1.0,0.20999999256695878,True,True,True,,0,0
8013600.0,65,0.3350039505519916,False,False,ok,,,True,0.9775000214576721,-0.6000000238418579,0,0.550000011920929,0.9775000214576721,-0.6000000238418579,-0.6314999920129776,747140.1480444289,-72201.72315536611,-0.4612354609403235,72201.72315536611,0.4612354609403235,156539.83544146415,0.0,0.0,0.3350039505519916,0.33140577193561627,0.3836991151913583,0.33140577193561627,0.0527088436247881,0.06,0.0,0.7962394114923151,0.8227518732471645,-0.026512461754849302,5.0,1.0,0.49595614658504916,1.0,-69737.22000246061,69737.22000246061,69737.22000246061,0.0,61.390019104783235,0.0,1.13597,0.1875,61.390019104783235,2887.449507597368,-132051.5455011043,0.0,-0.0,-944025.527836379,-805.3029671835247,805.3029671835247,-3932972.7197885513,-58785.001158714294,58785.001158714294,-78580.0039768219,-21600.000858306885,21600.000858306885,-168560.99543452263,-34100.99956870079,34100.99956870079,8112117.649400023,112826.80139999837,-112826.80139999837,-2108786.7088181917,-69737.22000246061,69737.22000246061,0.6809411644935608,0.7900059819221497,0.4635410010814667,0.38704946637153625,7900060.0,280.2642517089844,460.8132019042969,302.2562255859375,-146625008.0,-60000004.0,-94725000.0,61390020.0,0.0,0.0,-0.0,-0.0,239959984.0,-0.0,0.0,0.85,1.0,-1.0,0.20999999256695878,True,True,True,0,1,3
8017200.0,66,0.6788786756232233,False,False,ok,,,True,0.9741250276565552,-0.6000000238418579,0,0.550000011920929,0.9741250276565552,-0.6000000238418579,-0.6314999920129776,752855.8280919389,-38659.71265860231,-0.2469640558237239,38659.71265860231,0.2469640558237239,156539.83544146415,0.0,0.0,0.6788786756232233,0.14393427721085317,0.1962276204665952,0.14393427721085317,0.009476184159433118,0.06,0.0,0.9258427314469473,0.9373574736238155,-0.011514742176868254,5.0,1.0,0.33140577193561627,1.0,-38281.9532119504,38281.9532119504,38281.9532119504,0.0,33.6997924346157,0.0,1.13597,0.1875,33.6997924346157,6093.439494161867,-132051.5455011043,0.0,-0.0,-944025.527836379,0.0,-0.0,-3991440.4714107513,-58467.75162220001,58467.75162220001,-102580.00493049622,-24000.000953674316,24000.000953674316,-206450.99495530128,-37889.999520778656,37889.999520778656,8232097.642050025,119979.99265000224,-119979.99265000224,-2102693.26932403,-38281.9532119504,38281.9532119504,0.5397647023200989,0.7657127976417542,0.45412299036979675,0.3964674472808838,7657127.5,276.8882751464844,457.15576171875,302.8687438964844,-146118752.0,-60000004.0,-94725000.0,33699792.0,0.0,0.0,-0.0,-0.0,267143968.0,-0.0,0.0,0.8275000214576721,1.0,-1.0,0.8452941354583361,True,False,False,0,2,2
8020800.0,67,-1.0138386135839148,False,False,ok,,,True,0.973618745803833,-0.6000000238418579,0,0.550000011920929,0.973618745803833,-0.6000000238418579,-0.6314999920129776,769480.7910665894,-66314.67486081569,-0.4236281114886768,66314.67486081569,0.4236281114886768,156539.83544146415,0.0,0.0,-1.0138386135839148,0.2578507653837606,0.31014410863950265,0.2578507653837606,0.026606011150223697,0.06,0.0,-0.5902105020952381,-0.5695824408645372,-0.02062806123070085,5.0,1.0,0.14393427721085317,1.0,-79576.49339701788,79576.49339701788,79576.49339701788,0.0,70.05158005670738,0.0,1.13597,0.1875,70.05158005670738,3363.144438448362,-132051.5455011043,0.0,-0.0,-944025.527836379,0.0,-0.0,-4049860.6338500977,-58420.16243934631,58420.16243934631,-126580.00588417053,-24000.000953674316,24000.000953674316,-244340.99447607994,-37889.999520778656,37889.999520778656,8365669.623500028,133571.98145000264,-133571.98145000264,-2099330.1248855814,-79576.49339701788,79576.49339701788,0.3985882103443146,0.744266927242279,0.4447202682495117,0.4058701694011688,7442669.0,274.4187316894531,453.4914245605469,303.4659423828125,-146042816.0,-60000004.0,-94725000.0,70051584.0,0.0,0.0,-0.0,-0.0,230716240.0,-0.0,0.0,0.8241250276565552,1.0,-1.0,1.0,True,False,False,0,3,1
8024400.0,68,-1.6813390906419703,False,False,ok,,,True,0.9735428094863892,-0.6000000238418579,0,0.550000011920929,0.9735428094863892,-0.6000000238418579,-0.6314999920129776,771540.0157704334,-76134.93320992542,-0.486361398012297,76134.93320992542,0.486361398012297,156539.83544146415,0.0,0.0,-1.6813390906419703,0.4890219526670229,0.541315295922765,0.4890219526670229,0.1039335044591859,0.06,0.0,-1.1949776926296733,-1.1558559364163115,-0.039121756213361836,5.0,1.0,0.2578507653837606,1.0,-71190.02504838444,71190.02504838444,71190.02504838444,0.0,72.2338035090908,0.0,0.98555,0.1875,72.2338035090908,7004.13286538492,-132051.5455011043,0.0,-0.0,-944025.527836379,0.0,-0.0,-4108273.6580371857,-58413.02418708801,58413.02418708801,-150580.00683784485,-24000.000953674316,24000.000953674316,-282230.9939968586,-37889.999520778656,37889.999520778656,8481027.740000032,115358.1165000042,-115358.1165000042,-2092325.9920201965,-71190.02504838444,71190.02504838444,0.25741174817085266,0.724860429763794,0.43533164262771606,0.4152587950229645,7248604.5,272.607666015625,449.82025146484375,304.048583984375,-146031424.0,-60000004.0,-94725000.0,72233800.0,0.0,0.0,-0.0,-0.0,228522624.0,-0.0,0.0,0.823618745803833,1.0,-1.0,1.0,True,False,False,,0,0
8028000.0,69,-1.2890232609387797,False,False,ok,,,True,0.9735314249992371,-0.4564999043941498,0,0.550000011920929,0.9735314249992371,-0.4564999043941498,-0.6314999920129776,776597.1009245237,-49226.1884050757,-0.314464291253731,49226.1884050757,0.314464291253731,156539.83544146415,0.0,0.0,-1.2890232609387797,0.673163136421292,0.7254564796770341,0.673163136421292,0.20778955621670459,0.06,0.0,-0.9745589696850487,-0.9207059187713453,-0.05385305091370336,5.0,1.0,0.4890219526670229,1.0,-48351.54797386367,48351.54797386367,48351.54797386367,0.0,49.06047179124719,0.0,0.98555,0.1875,49.06047179124719,5931.725585302338,-132051.5455011043,0.0,-0.0,-944025.527836379,0.0,-0.0,-4166685.611844063,-58411.953806877136,58411.953806877136,-169414.00349140167,-18833.996653556824,18833.996653556824,-320120.99351763725,-37889.999520778656,37889.999520778656,8595289.049550027,114261.30954999477,-114261.30954999477,-2086394.2664348942,-48351.54797386367,48351.54797386367,0.14662352204322815,0.7069015502929688,0.4259558618068695,0.42463457584381104,7069015.5,271.2696228027344,446.14227294921875,304.617431640625,-146029712.0,-45649992.0,-94725000.0,49060472.0,0.0,0.0,-0.0,-0.0,237344224.0,-0.0,0.0,0.8235428094863891,1.0,-0.4564999133348413,1.0,True,True,True,0,1,3
8031600.0,70,0.5725151181508065,False,False,ok,,,True,1.0,0.5071750283241272,0,0.20000000298023224,1.0,0.5071750283241272,-0.8659999980032445,788261.4472012055,19673.634247746173,0.12567813293187502,-19673.634247746173,-0.12567813293187502,156539.83544146415,0.0,0.0,0.5725151181508065,0.5746021056865214,0.6268954489422635,0.5746021056865214,0.1389960414054666,0.06,0.0,0.44683698521893145,0.49280515367385314,-0.04596816845492171,5.0,1.0,0.673163136421292,1.0,4092.5561497361327,-4092.5561497361327,0.0,4092.5561497361327,0.0,21.826966131926042,0.63457,0.1875,-21.826966131926042,-3916.7318213281687,-132051.5455011043,0.0,-0.0,-944025.527836379,0.0,-0.0,-4226526.800394058,-59841.18854999542,59841.18854999542,-162110.85259914398,7303.15089225769,-7303.15089225769,-370673.9933618903,-50552.99984425306,50552.99984425306,8713961.165150024,118672.11559999734,-118672.11559999734,-2090310.9982562223,4092.5561497361327,-4092.5561497361327,0.22717386484146118,0.6846371293067932,0.41393107175827026,0.4366593658924103,6846371.0,269.7755432128906,441.40863037109375,305.3291015625,-150000000.0,50717504.0,-129900000.0,-21826966.0,0.0,0.0,-0.0,-0.0,251009456.0,-0.0,0.0,0.823531424999237,1.0,0.01435000300407918,1.0,True,False,False,,0,0
8035200.0,71,0.5035090431710613,False,False,ok,,,True,1.0,0.0,1,0.0,1.0,0.0,0.0,793729.8007819193,78533.09987488041,0.5016812471624627,-78533.09987488041,-0.5016812471624627,156539.83544146415,0.0,0.0,0.5035090431710613,0.5651934512645685,0.6174867945203106,0.5651934512645685,0.13280224873499905,0.06,0.0,0.0018277960085986283,0.04704327210976411,-0.04521547610116548,5.0,1.0,0.5746021056865214,1.0,17210.01830625,-17210.01830625,0.0,17210.01830625,0.0,91.7867643,0.63457,0.1875,-91.7867643,-55854.727987916674,-132051.5455011043,0.0,-0.0,-944025.527836379,0.0,-0.0,-4286526.800394058,-60000.0,60000.0,-161096.50254249573,1014.3500566482544,-1014.3500566482544,-375869.9933499098,-5195.999988019466,5195.999988019466,8839465.896650024,125504.73149999976,-125504.73149999976,-2146165.726244139,17210.01830625,-17210.01830625,0.23731735348701477,0.6788305044174194,0.4094606935977936,0.44112974405288696,6788305.0,270.2056884765625,439.6442565917969,305.5885009765625,-150000000.0,0.0,0.0,-91786768.0,0.0,0.0,-0.0,-0.0,241786768.0,-0.0,0.0,0.85,1.0,-0.3279889032244635,1.0,False,True,True,,0,0
8038800.0,72,0.4630117142393078,False,False,ok,,,True,1.0,0.0,1,0.0,1.0,0.0,0.0,799551.1243519195,77916.77030625113,0.4977440412308789,-77916.77030625113,-0.4977440412308789,156539.83544146415,0.0,0.0,0.4630117142393078,0.5631298392351208,0.6154231824908629,0.5631298392351208,0.13210005238619046,0.06,0.0,-0.0347323269915711,0.010318060147238572,-0.04505038713880967,5.0,1.0,0.5651934512645685,1.0,17023.38815625,-17023.38815625,0.0,17023.38815625,0.0,90.7914035,0.63457,0.1875,-90.7914035,-55072.058580000885,-132051.5455011043,0.0,-0.0,-944025.527836379,0.0,-0.0,-4346526.800394058,-60000.0,60000.0,-161096.50254249573,0.0,-0.0,-375869.9933499098,0.0,-0.0,8960359.278800033,120893.38215000927,-120893.38215000927,-2201237.78482414,17023.38815625,-17023.38815625,0.23731735348701477,0.680894136428833,0.4094606935977936,0.44112974405288696,6808941.0,271.027099609375,439.6442565917969,305.5885009765625,-150000000.0,0.0,0.0,-90791400.0,0.0,0.0,-0.0,-0.0,240791408.0,-0.0,0.0,0.85,1.0,-0.3710987806320144,1.0,False,True,True,,0,0
8042400.0,73,0.4449998695227515,False,False,ok,,,True,1.0,0.0,1,0.0,1.0,0.0,0.0,805471.9840019193,76194.41676249885,0.4867413878877538,-76194.41676249885,-0.4867413878877538,156539.83544146415,0.0,0.0,0.4449998695227515,0.5624784871142926,0.6147718303700347,0.5624784871142926,0.13188018169931656,0.06,0.0,-0.041741518365002256,0.003256760604141151,-0.04499827896914341,5.0,1.0,0.5631298392351208,1.0,15798.715012499999,-15798.715012499999,0.0,15798.715012499999,0.0,84.2598134,0.63457,0.1875,-84.2598134,-54474.84209999908,-132051.5455011043,0.0,-0.0,-944025.527836379,0.0,-0.0,-4406526.800394058,-60000.0,60000.0,-161096.50254249573,0.0,-0.0,-375869.9933499098,0.0,-0.0,9080754.980550028,120395.70174999535,-120395.70174999535,-2255712.626924139,15798.715012499999,-15798.715012499999,0.23731735348701477,0.6815454959869385,0.4094606935977936,0.44112974405288696,6815454.5,271.286376953125,439.6442565917969,305.5885009765625,-150000000.0,0.0,0.0,-84259816.0,0.0,0.0,-0.0,-0.0,234259808.0,-0.0,0.0,0.85,1.0,-0.3710987806320144,1.0,False,True,True,,0,0
8046000.0,74,0.45821063046907307,False,False,ok,,,True,1.0,0.0,1,0.0,1.0,0.0,0.0,812046.0026619196,78740.12070625086,0.5030037273528029,-78740.12070625086,-0.5030037273528029,156539.83544146415,0.0,0.0,0.45821063046907307,0.5624380969399986,0.6147314401957407,0.5624380969399986,0.1318665755152432,0.06,0.0,-0.04479309688372976,0.00020195087147012458,-0.044995047755199885,5.0,1.0,0.5624784871142926,1.0,21610.214006249997,-21610.214006249997,0.0,21610.214006249997,0.0,115.25447469999999,0.63457,0.1875,-115.25447469999999,-50555.88804000057,-132051.5455011043,0.0,-0.0,-944025.527836379,0.0,-0.0,-4466526.800394058,-60000.0,60000.0,-161096.50254249573,0.0,-0.0,-375869.9933499098,0.0,-0.0,9197884.887250021,117129.90669999272,-117129.90669999272,-2306268.5149641396,21610.214006249997,-21610.214006249997,0.23731735348701477,0.6815858483314514,0.4094606935977936,0.44112974405288696,6815858.5,271.30242919921875,439.6442565917969,305.5885009765625,-150000000.0,0.0,0.0,-115254472.0,0.0,0.0,-0.0,-0.0,265254480.0,-0.0,0.0,0.85,1.0,-0.3710987806320144,1.0,False,True,True,,0,0
8049600.0,75,0.5427299492461408,False,False,ok,,,True,1.0,0.0,1,0.0,1.0,0.0,0.0,815520.5551919198,92153.27963750123,0.5886890028829795,-92153.27963750123,-0.5886890028829795,156539.83544146415,0.0,0.0,0.5427299492461408,0.562627861877329,0.6149212051330711,0.562627861877329,0.13193052972234326,0.06,0.0,-0.045959053636838686,-0.0009488246866523609,-0.045010228950186325,5.0,1.0,0.5624380969399986,1.0,19526.042287499997,-19526.042287499997,0.0,19526.042287499997,0.0,104.13889219999999,0.63457,0.1875,-104.13889219999999,-69152.68482000101,-132051.5455011043,0.0,-0.0,-944025.527836379,0.0,-0.0,-4526526.800394058,-60000.0,60000.0,-161096.50254249573,0.0,-0.0,-375869.9933499098,0.0,-0.0,9330512.124600012,132627.23734999076,-132627.23734999076,-2375421.1997841406,19526.042287499997,-19526.042287499997,0.23731735348701477,0.6813961267471313,0.4094606935977936,0.44112974405288696,6813961.0,271.2268981933594,439.6442565917969,305.5885009765625,-150000000.0,0.0,0.0,-104138896.0,0.0,0.0,-0.0,-0.0,254138896.0,-0.0,0.0,0.85,1.0,-0.3710987806320144,1.0,False,True,True,,0,0
8053200.0,76,0.4735269673014269,False,False,ok,,,True,1.0,0.0,1,0.0,1.0,0.0,0.0,820106.6659719202,81171.91230625006,0.5185383776425595,-81171.91230625006,-0.5185383776425595,156539.83544146415,0.0,0.0,0.4735269673014269,0.5626280944346019,0.614921437690344,0.5626280944346019,0.13193060814252466,0.06,0.0,-0.045011410341132575,-1.1627863644170233e-06,-0.04501024755476816,5.0,1.0,0.562627861877329,1.0,14102.466206249997,-14102.466206249997,0.0,14102.466206249997,0.0,75.21315309999999,0.63457,0.1875,-75.21315309999999,-62483.335319999605,-132051.5455011043,0.0,-0.0,-944025.527836379,0.0,-0.0,-4586526.800394058,-60000.0,60000.0,-161096.50254249573,0.0,-0.0,-375869.9933499098,0.0,-0.0,9457581.570700008,127069.44609999657,-127069.44609999657,-2437904.53510414,14102.466206249997,-14102.466206249997,0.23731735348701477,0.6813958883285522,0.4094606935977936,0.44112974405288696,6813958.5,271.226806640625,439.6442565917969,305.5885009765625,-150000000.0,0.0,0.0,-75213152.0,0.0,0.0,-0.0,-0.0,225213152.0,-0.0,0.0,0.85,1.0,-0.3710987806320144,1.0,False,True,True,,0,0
8056800.0,77,0.373830172453393,False,False,ok,,,True,1.0,0.0,1,0.0,1.0,0.0,0.0,828414.4864673192,64936.80223541626,0.4148260540346515,-64936.80223541626,-0.4148260540346515,156539.83544146415,0.0,0.0,0.373830172453393,0.5618378649122575,0.6141312081679996,0.5618378649122575,0.13166476067563102,0.06,0.0,-0.0409958815812585,0.003951147611722106,-0.0449470291929806,5.0,1.0,0.5626280944346019,1.0,12922.465546416011,-12922.465546416011,0.0,12922.465546416011,0.0,68.91981624755206,0.63457,0.1875,-68.91981624755206,-43706.5161936013,-132051.5455011043,0.0,-0.0,-944617.7676973783,-592.2398609992815,592.2398609992815,-4646526.800394058,-60000.0,60000.0,-161096.50254249573,0.0,-0.0,-375869.9933499098,0.0,-0.0,9570188.147250015,112606.57655000687,-112606.57655000687,-2481611.0512977415,12922.465546416011,-12922.465546416011,0.23731735348701477,0.6821860671043396,0.4094606935977936,0.44112974405288696,6821861.0,271.5413513183594,439.6442565917969,305.5885009765625,-150000000.0,0.0,0.0,-68919816.0,0.0,0.0,-5254108.5,-5254108.5,224173920.0,-0.0,0.0,0.85,1.0,-0.3710987806320144,1.0,False,True,True,,0,0
8060400.0,78,0.2970830430090475,False,False,ok,,,True,1.0,0.0,1,0.0,1.0,0.0,0.0,844118.0631013926,51138.3597084775,0.32667952897906277,-51138.3597084775,-0.32667952897906277,156539.83544146415,0.0,0.0,0.2970830430090475,0.5588161044352958,0.6111094476910379,0.5588161044352958,0.13065970485996614,0.06,0.0,-0.029596485970015282,0.015108802384808384,-0.044705288354823666,5.0,1.0,0.5618378649122575,1.0,4852.089532815847,-4852.089532815847,0.0,4852.089532815847,0.0,25.877810841684518,0.63457,0.1875,-25.877810841684518,-30582.69354158826,-132051.5455011043,0.0,-0.0,-950418.4599217166,-5800.6922243383015,5800.6922243383015,-4706526.800394058,-60000.0,60000.0,-161096.50254249573,0.0,-0.0,-375869.9933499098,0.0,-0.0,9682275.10965002,112086.96240000427,-112086.96240000427,-2512193.7448393297,4852.089532815847,-4852.089532815847,0.23731735348701477,0.6852078437805176,0.4094606935977936,0.44112974405288696,6852078.5,272.7441711425781,439.6442565917969,305.5885009765625,-150000000.0,0.0,0.0,-25877810.0,0.0,0.0,-44791888.0,-44791888.0,220669696.0,-0.0,0.0,0.85,1.0,-0.3710987806320144,1.0,False,True,True,,0,0
8064000.0,79,0.21976300343689098,False,False,ok,,,True,1.0,0.0,1,0.0,1.0,0.0,0.0,873317.1553417668,37052.00107508691,0.23669375255566805,-37052.00107508691,-0.23669375255566805,156539.83544146415,0.0,0.0,0.21976300343689098,0.5533486754518221,0.6056420187075642,0.5533486754518221,0.12888761894374762,0.06,0.0,-0.016930749118777053,0.027337144917368716,-0.04426789403614577,5.0,1.0,0.5588161044352958,1.0,3739.2183698421845,-3739.2183698421845,0.0,3739.2183698421845,0.0,19.94249797249165,0.63457,0.1875,-19.94249797249165,-4113.690464870539,-132051.5455011043,0.0,-0.0,-967440.5269164724,-17022.06699475576,17022.06699475576,-4766526.800394058,-60000.0,60000.0,-161096.50254249573,0.0,-0.0,-375869.9933499098,0.0,-0.0,9792609.959350016,110334.84969999641,-110334.84969999641,-2516307.4353042003,3739.2183698421845,-3739.2183698421845,0.23731735348701477,0.6906752586364746,0.4094606935977936,0.44112974405288696,6906753.0,274.9204406738281,439.6442565917969,305.5885009765625,-150000000.0,0.0,0.0,-19942498.0,0.0,0.0,-95995584.0,-95995584.0,265938080.0,-0.0,0.0,0.85,1.0,-0.3710987806320144,1.0,False,True,True,,0,0
8067600.0,80,0.00953520744788226,False,False,ok,,,True,1.0,0.0,1,0.0,1.0,0.0,0.0,913645.2745565689,2300.5128475666934,0.01469602188528515,-2300.5128475666934,-0.01469602188528515,156539.83544146415,0.0,0.0,0.00953520744788226,0.5456504314363215,0.5979437746920636,0.5456504314363215,0.12649384082673878,0.06,0.0,-0.005160814437402891,0.03849122007750283,-0.04365203451490572,5.0,1.0,0.5533486754518221,1.0,-40144.65526063594,40144.65526063594,40144.65526063594,0.0,63.26276889962643,0.0,0.63457,0.1875,63.26276889962643,-2117.048893400468,-133935.37660326253,-1883.831102158234,1883.831102158234,-996080.5671061117,-28640.040189639316,28640.040189639316,-4826526.800394058,-60000.0,60000.0,-161096.50254249573,0.0,-0.0,-375869.9933499098,0.0,-0.0,9925578.998750012,132969.0393999964,-132969.0393999964,-2518424.4841976007,-40144.65526063594,40144.65526063594,0.23731735348701477,0.698373556137085,0.4094606935977936,0.44112974405288696,6983735.5,277.98468017578125,439.6442565917969,305.5885009765625,-150000000.0,0.0,0.0,63262768.0,-15011398.0,-15011398.0,-136630016.0,-136630016.0,238378640.0,-0.0,0.0,0.85,1.0,-0.3710987806320144,1.0,False,True,True,,0,0
8071200.0,81,-0.42985130396530546,False,False,ok,,,True,1.0,0.0,1,0.0,1.0,0.0,0.0,934200.2175856497,-67876.21278977969,-0.4336034505105957,67876.21278977969,0.4336034505105957,156539.83544146415,0.0,0.0,-0.42985130396530546,0.5363188997315586,0.5886122429873006,0.5363188997315586,0.12375110385555398,0.06,0.0,0.003752146545290186,0.04665765852381487,-0.042905511978524685,5.0,1.0,0.5456504314363215,1.0,-79369.13612149509,79369.13612149509,79369.13612149509,0.0,125.07546231541848,0.0,0.63457,0.1875,125.07546231541848,9062.019697365351,-144248.7881028129,-10313.411499550362,10313.411499550362,-1033463.5554248453,-37382.98831873364,37382.98831873364,-4886526.800394058,-60000.0,60000.0,-161096.50254249573,0.0,-0.0,-375869.9933499098,0.0,-0.0,10044768.321900006,119189.32314999402,-119189.32314999402,-2509362.4645002354,-79369.13612149509,79369.13612149509,0.23731735348701477,0.7077050805091858,0.4094606935977936,0.44112974405288696,7077050.5,281.69903564453125,439.6442565917969,305.5885009765625,-150000000.0,0.0,0.0,125075464.0,-51212916.0,-51212916.0,-164963792.0,-164963792.0,241101248.0,-0.0,0.0,0.85,1.0,-0.3710987806320144,1.0,False,True,True,,0,0
8074800.0,82,1.1653240008698318,False,False,ok,,,True,0.9850000143051147,0.6000000238418579,2,0.550000011920929,0.9850000143051147,0.6000000238418579,0.93700000166893,937513.1942614419,39171.79482310663,0.25023531366719987,-39171.79482310663,-0.25023531366719987,156539.83544146415,0.0,0.0,1.1653240008698318,0.34773736445967734,0.4000307077154194,0.34773736445967734,0.049279670128604666,0.06,0.0,0.9150886872026318,0.942907676359406,-0.02781898915677419,5.0,1.0,0.5363188997315586,1.0,7284.523831779738,-7284.523831779738,0.0,7284.523831779738,0.0,38.850793769491936,0.28359,0.1875,-38.850793769491936,-28574.294315534644,-166884.19133734526,-22635.403234532365,22635.403234532365,-1076400.5055007248,-42936.95007587946,42936.95007587946,-4945716.801166534,-59190.000772476196,59190.000772476196,-150296.50211334229,10800.000429153442,-10800.000429153442,-350570.9933048487,25299.00004506111,-25299.00004506111,10165318.946500003,120550.62459999695,-120550.62459999695,-2537936.75881577,7284.523831779738,-7284.523831779738,0.34531736373901367,0.7342866063117981,0.41796210408210754,0.432628333568573,7342866.0,286.8394775390625,443.57476806640625,304.9550476074219,-147750000.0,60000004.0,140550000.0,-38850792.0,-82756928.0,-82756928.0,-179977760.0,-179977760.0,248785472.0,-0.0,0.0,0.85,1.0,-0.3710987806320144,1.0,True,True,True,2,1,3
8078400.0,83,1.1840151350062889,False,False,ok,,,True,0.9835000038146973,0.6000000238418579,2,0.550000011920929,0.9835000038146973,0.6000000238418579,0.93700000166893,947859.5415669263,27926.32535267935,0.1783975642616668,-27926.32535267935,-0.1783975642616668,156539.83544146415,0.0,0.0,1.1840151350062889,0.14430497077830012,0.19659831403404215,0.14430497077830012,0.010320114817523103,0.06,0.0,1.005617570744622,1.017161968406886,-0.01154439766226401,5.0,1.0,0.34773736445967734,1.0,-294.2327667641309,294.2327667641309,294.2327667641309,0.0,1.6051102872954606,0.0,0.18331,0.1875,1.6051102872954606,-17874.21081395913,-199307.4009622553,-32423.209624910058,32423.209624910058,-1121240.4773914514,-44839.97189072659,44839.97189072659,-5004735.801458359,-59019.00029182434,59019.00029182434,-138296.50163650513,12000.000476837158,-12000.000476837158,-322460.99325478077,28110.0000500679,-28110.0000500679,10289711.68590001,124392.73940000683,-124392.73940000683,-2555810.969629729,-294.2327667641309,294.2327667641309,0.46531736850738525,0.7577189803123474,0.4273368716239929,0.4232535660266876,7577190.0,290.0340270996094,447.826171875,304.2565612792969,-147525008.0,60000004.0,140550000.0,1605110.25,-105324304.0,-105324304.0,-178606960.0,-178606960.0,229301152.0,-0.0,0.0,0.8350000143051147,1.0,-0.8300987988710349,1.0,False,False,True,2,2,2
8082000.0,84,-0.20134658888132556,False,False,ok,,,True,0.9833499789237976,0.6000000238418579,2,0.550000011920929,0.9833499789237976,0.6000000238418579,0.93700000166893,961419.789741425,14935.185921791432,0.09540821273813228,-14935.185921791432,-0.09540821273813228,156539.83544146415,0.0,0.0,-0.20134658888132556,0.20044875108483434,0.2527420943405764,0.20044875108483434,0.016170872266629447,0.06,0.0,-0.29675480161945783,-0.2807189015326711,-0.016035900086786747,5.0,1.0,0.14430497077830012,1.0,-171.7944241719516,171.7944241719516,171.7944241719516,0.0,0.9371797729090153,0.0,0.18331,0.1875,0.9371797729090153,-1546.7321714647114,-236622.6578219675,-37315.256859712186,37315.256859712186,-1164576.9181779074,-43336.44078645599,43336.44078645599,-5063737.700343132,-59001.898884773254,59001.898884773254,-126296.50115966797,12000.000476837158,-12000.000476837158,-294350.99320471287,28110.0000500679,-28110.0000500679,10404362.26225001,114650.57634999976,-114650.57634999976,-2557357.701801194,-171.7944241719516,171.7944241719516,0.5853173732757568,0.7775273323059082,0.43665194511413574,0.4139385223388672,7775273.0,291.77545166015625,451.9598388671875,303.5625305175781,-147502496.0,60000004.0,140550000.0,937179.75,-108201360.0,-108201360.0,-166894640.0,-166894640.0,221111312.0,-0.0,0.0,0.8335000038146972,1.0,-1.0,1.0,False,False,True,2,3,1
8085600.0,85,-0.6417343753303306,False,False,ok,,,True,0.983335018157959,0.6000000238418579,2,0.550000011920929,0.983335018157959,0.6000000238418579,0.93700000166893,967528.7800797442,31688.489415255615,0.20243083382507499,-31688.489415255615,-0.20243083382507499,156539.83544146415,0.0,0.0,-0.6417343753303306,0.363466331610153,0.4156889824834683,0.363466331610153,0.06631200836472145,0.06,0.0,-0.8441652091554056,-0.8150879026265934,-0.02907730652881224,5.0,1.0,0.20044875108483434,1.0,14114.515726660387,-14114.515726660387,0.0,14114.515726660387,0.0,75.2774172088554,0.18331,0.1875,-75.2774172088554,-11464.983350276016,-272703.58347808255,-36080.925656115054,36080.925656115054,-1202587.487456029,-38010.56927812169,38010.56927812169,-5122737.891197205,-59000.19085407257,59000.19085407257,-114296.50068283081,12000.000476837158,-12000.000476837158,-266240.99315464497,28110.0000500679,-28110.0000500679,10514917.921200015,110555.65895000473,-110555.65895000473,-2568822.68515147,14114.515726660387,-14114.515726660387,0.7053173780441284,0.7945097088813782,0.44592544436454773,0.4048669934272766,7945097.5,292.4325866699219,455.9790344238281,302.8866271972656,-147500256.0,60000004.0,140550000.0,-75277416.0,-96978040.0,-96978040.0,-133694320.0,-133694320.0,252900032.0,-0.0,0.0,0.8333499789237976,1.0,-1.0,1.0,False,False,True,,0,0
8089200.0,86,-0.3944819404333184,False,False,ok,,,True,0.9833335280418396,0.6000000238418579,2,0.550000011920929,0.9833335280418396,0.6000000238418579,0.93700000166893,952880.414778494,74322.56567179908,0.4747837217421309,-74322.56567179908,-0.4747837217421309,156539.83544146415,0.0,0.0,-0.3944819404333184,0.5288577402020107,0.5802987474313573,0.5288577402020107,0.1604184105518926,0.06,0.0,-0.8692656621754493,-0.8269570429592885,-0.04230861921616086,5.0,1.0,0.363466331610153,1.0,25112.3860294078,-25112.3860294078,0.0,25112.3860294078,0.0,133.93272549017493,0.28359,0.1875,-133.93272549017493,-63858.544943641406,-302348.7463226869,-29645.162844604347,29645.162844604347,-1231292.1388227306,-28704.651366701582,28704.651366701582,-5181737.911820412,-59000.02062320709,59000.02062320709,-102296.50020599365,12000.000476837158,-12000.000476837158,-238130.99310457706,28110.0000500679,-28110.0000500679,10641367.935150016,126450.01395000145,-126450.01395000145,-2632681.2300951113,25112.3860294078,-25112.3860294078,0.8253173828125,0.8091183304786682,0.45517557859420776,0.3978501260280609,8091183.5,292.2203674316406,459.8846740722656,302.3638610839844,-147500032.0,60000004.0,140550000.0,-133932728.0,-70621136.0,-70621136.0,-91428584.0,-91428584.0,242932464.0,-0.0,0.0,0.833335018157959,1.0,-1.0,0.7234131062732119,True,True,True,2,1,3
8092800.0,87,0.49506390137658596,False,False,ok,,,True,1.0,0.0,2,0.20000000298023224,1.0,0.0,0.8880000004172325,936033.5804859459,90269.36669685102,0.5766542838267258,-90269.36669685102,-0.5766542838267258,156539.83544146415,0.0,0.0,0.49506390137658596,0.5365903707598806,0.5873530914879218,0.5365903707598806,0.17161176135786982,0.06,0.0,-0.08159038245013985,-0.0386631527893494,-0.04292722966079045,5.0,1.0,0.5288577402020107,1.0,30673.499888852744,-30673.499888852744,0.0,30673.499888852744,0.0,163.59199940721464,0.63457,0.1875,-163.59199940721464,-76442.7011005464,-314700.68451036676,-12351.938187679858,12351.938187679858,-1248897.5667227576,-17605.427900027018,17605.427900027018,-5241637.912988663,-59900.00116825104,59900.00116825104,-101096.50015830994,1200.0000476837158,-1200.0000476837158,-211343.993088305,26787.000016272068,-26787.000016272068,10762834.169150025,121466.23400000855,-121466.23400000855,-2709123.9311956577,30673.499888852744,-30673.499888852744,0.8373174071311951,0.8193857073783875,0.463772177696228,0.3911914825439453,8193857.0,290.8562927246094,463.3933410644531,301.8677673339844,-150000000.0,0.0,133200000.0,-163592000.0,-5353092.5,-5353092.5,-44254348.0,-44254348.0,229999440.0,-0.0,0.0,0.8333335280418396,1.0,-1.0,0.12341308243135507,False,False,True,2,2,2
8096400.0,88,0.7100553866339414,False,False,ok,,,True,1.0,0.0,2,0.20000000298023224,1.0,0.0,0.8880000004172325,899668.8526767407,113102.54767279062,0.7225160762040261,-113102.54767279062,-0.7225160762040261,156539.83544146415,0.0,0.0,0.7100553866339414,0.5305930203483243,0.5804007749309886,0.5305930203483243,0.17128052026310372,0.06,0.0,-0.01246068957008472,0.02998675205778123,-0.04244744162786595,5.0,1.0,0.5365903707598806,1.0,38766.65583085191,-38766.65583085191,0.0,38766.65583085191,0.0,206.75549776454352,0.63457,0.1875,-206.75549776454352,-110700.6196511439,-315152.9772355466,-452.2927251798683,452.2927251798683,-1255749.1024681558,-6851.535745398141,6851.535745398141,-5301637.912988663,-60000.0,60000.0,-101096.50015830994,0.0,-0.0,-184703.99307578802,26640.000012516975,-26640.000012516975,10877833.889450032,114999.72030000761,-114999.72030000761,-2819824.5508468016,38766.65583085191,-38766.65583085191,0.8373174071311951,0.8253830671310425,0.4723336696624756,0.38535845279693604,8253830.5,288.0690002441406,466.7650451660156,301.4331970214844,-150000000.0,0.0,133200000.0,-206755504.0,0.0,0.0,-6270478.5,-6270478.5,229825984.0,-0.0,0.0,0.85,1.0,-1.0,0.06341308004716939,False,False,True,2,3,1
8100000.0,89,1.5518342105477934,False,False,ok,,,True,0.9775000214576721,-0.6000000238418579,2,0.20000000298023224,0.9775000214576721,-0.6000000238418579,0.8880000004172325,864809.449052089,94288.27428928997,0.6023276696528005,-94288.27428928997,-0.6023276696528005,156539.83544146415,0.0,0.0,1.5518342105477934,0.3353264883556356,0.38415097581197094,0.3353264883556356,0.06671054015876285,0.06,0.0,0.9495065408949928,0.9763326599634436,-0.026826119068450848,5.0,1.0,0.5305930203483243,1.0,33985.068873702796,-33985.068873702796,0.0,33985.068873702796,0.0,181.25370065974826,1.13597,0.1875,-181.25370065974826,-95162.6090402389,-315152.9772355466,0.0,-0.0,-1256613.8831980638,-864.7807299080305,864.7807299080305,-5360422.914147377,-58785.001158714294,58785.001158714294,-122696.50101661682,-21600.000858306885,21600.000858306885,-158063.99306327105,26640.000012516975,-26640.000012516975,10992746.87760004,114912.98815000802,-114912.98815000802,-2914987.1598870405,33985.068873702796,-33985.068873702796,0.7102585434913635,0.8300613164901733,0.4809363782405853,0.3795650899410248,8300613.5,284.90020751953125,470.0418701171875,301.0015563964844,-146625008.0,-60000004.0,133200000.0,-181253696.0,0.0,0.0,-0.0,-0.0,254678704.0,-0.0,0.0,0.85,1.0,-1.0,0.06341308004716939,False,False,True,,0,0
8103600.0,90,0.6773576607464826,False,False,ok,,,True,0.9741250276565552,-0.6000000238418579,0,0.550000011920929,0.9741250276565552,-0.6000000238418579,-0.6314999920129776,871523.6823912957,-35949.30679651199,-0.22964957574619863,35949.30679651199,0.22964957574619863,156539.83544146415,0.0,0.0,0.6773576607464826,0.15150102466249937,0.20022610135416877,0.15150102466249937,0.009450794370574693,0.06,0.0,0.9070072364926812,0.9191273184656812,-0.01212008197299995,5.0,1.0,0.3353264883556356,1.0,-49383.9077531884,49383.9077531884,49383.9077531884,0.0,43.47289783461571,0.0,1.13597,0.1875,43.47289783461571,-6720.367617469747,-315152.9772355466,0.0,-0.0,-1256613.8831980638,0.0,-0.0,-5418890.665769577,-58467.75162220001,58467.75162220001,-146696.50197029114,-24000.000953674316,24000.000953674316,-189500.99263072014,-31436.999567449093,31436.999567449093,11120086.230700046,127339.35310000554,-127339.35310000554,-2921707.5275045102,-49383.9077531884,49383.9077531884,0.5690820813179016,0.8021221160888672,0.47333458065986633,0.3874509036540985,8021221.0,279.4505615234375,467.06787109375,301.521240234375,-146118752.0,-60000004.0,-94725000.0,43472896.0,0.0,0.0,-0.0,-0.0,257370864.0,-0.0,0.0,0.8275000214576721,1.0,-1.0,0.6987072229385466,True,True,False,0,1,3
8107200.0,91,-0.49910153135682833,False,False,ok,,,True,0.973618745803833,-0.6000000238418579,0,0.550000011920929,0.973618745803833,-0.6000000238418579,-0.6314999920129776,884239.4032059461,-52513.97443205276,-0.3354671626168255,52513.97443205276,0.3354671626168255,156539.83544146415,0.0,0.0,-0.49910153135682833,0.1813266716638779,0.23005174835554726,0.1813266716638779,0.013152458491355776,0.06,0.0,-0.16363436874000284,-0.1491282350068926,-0.014506133733110231,5.0,1.0,0.15150102466249937,1.0,-60889.2402682539,60889.2402682539,60889.2402682539,0.0,53.601098856707395,0.0,1.13597,0.1875,53.601098856707395,4340.45497844927,-315152.9772355466,0.0,-0.0,-1256613.8831980638,0.0,-0.0,-5477310.828208923,-58420.16243934631,58420.16243934631,-170696.50292396545,-24000.000953674316,24000.000953674316,-227390.9921514988,-37889.999520778656,37889.999520778656,11248771.65945004,128685.42874999344,-128685.42874999344,-2917367.072526061,-60889.2402682539,60889.2402682539,0.4279055893421173,0.7768149375915527,0.4639151394367218,0.39687037467956543,7768149.0,275.762451171875,463.3840637207031,302.13323974609375,-146042816.0,-60000004.0,-94725000.0,53601100.0,0.0,0.0,-0.0,-0.0,247166720.0,-0.0,0.0,0.8241250276565552,1.0,-1.0,1.0,True,False,False,0,2,2
8110800.0,92,-1.5194206780679447,False,False,ok,,,True,0.9735428094863892,-0.6000000238418579,0,0.550000011920929,0.9735428094863892,-0.6000000238418579,-0.6314999920129776,892878.82038979,-50396.276730565274,-0.3219389913656211,50396.276730565274,0.3219389913656211,156539.83544146415,0.0,0.0,-1.5194206780679447,0.41419587500427424,0.4629209516959436,0.41419587500427424,0.07711722013320814,0.06,0.0,-1.1974816867023237,-1.1643460167019817,-0.03313567000034194,5.0,1.0,0.1813266716638779,1.0,-53676.60916902443,53676.60916902443,53676.60916902443,0.0,54.46360830909079,0.0,0.98555,0.1875,54.46360830909079,5359.084745384753,-315152.9772355466,0.0,-0.0,-1256613.8831980638,0.0,-0.0,-5535723.852396011,-58413.02418708801,58413.02418708801,-194696.50387763977,-24000.000953674316,24000.000953674316,-265280.99167227745,-37889.999520778656,37889.999520778656,11372355.016550042,123583.35710000247,-123583.35710000247,-2912007.987780676,-53676.60916902443,53676.60916902443,0.2867291271686554,0.7557104229927063,0.45450472831726074,0.4062807559967041,7557104.5,273.44488525390625,459.6896667480469,302.7303161621094,-146031424.0,-60000004.0,-94725000.0,54463608.0,0.0,0.0,-0.0,-0.0,246292816.0,-0.0,0.0,0.823618745803833,1.0,-1.0,1.0,True,False,False,0,3,1
8114400.0,93,-1.5184619468067244,False,False,ok,,,True,0.9735314249992371,-0.5810987949371338,0,0.550000011920929,0.9735314249992371,-0.5810987949371338,-0.6314999920129776,901679.8135792199,-54158.23194680528,-0.3459709267872393,54158.23194680528,0.3459709267872393,156539.83544146415,0.0,0.0,-1.5184619468067244,0.638478424220641,0.6872035009123104,0.638478424220641,0.1969436635978269,0.06,0.0,-1.1724910200194851,-1.121412746081834,-0.05107827393765128,5.0,1.0,0.41419587500427424,1.0,-57683.12905604744,57683.12905604744,57683.12905604744,0.0,58.52887124554557,0.0,0.98555,0.1875,58.52887124554557,5276.096080187708,-315152.9772355466,0.0,-0.0,-1256613.8831980638,0.0,-0.0,-5594135.8062028885,-58411.953806877136,58411.953806877136,-218016.06059074402,-23319.556713104248,23319.556713104248,-303170.9911930561,-37889.999520778656,37889.999520778656,11495501.423700035,123146.40714999288,-123146.40714999288,-2906731.8917004885,-57683.12905604744,57683.12905604744,0.1495552659034729,0.7371886968612671,0.44510796666145325,0.4156775176525116,7371887.0,271.9795837402344,455.9870910644531,303.3128662109375,-146029712.0,-58109880.0,-94725000.0,58528872.0,0.0,0.0,-0.0,-0.0,240335728.0,-0.0,0.0,0.8235428094863891,1.0,-0.5810987889766628,1.0,True,False,False,,0,0
8118000.0,94,1.1123432967546723,False,False,ok,,,True,1.0,0.5009450912475586,1,0.0,1.0,0.5009450912475586,0.0,889664.9451907495,90919.69743495416,0.580808694339993,-90919.69743495416,-0.580808694339993,156539.83544146415,0.0,0.0,1.1123432967546723,0.5237908501355366,0.5725159268272061,0.5237908501355366,0.12531041152144778,0.06,0.0,0.5315346024146792,0.5734378704255222,-0.04190326801084293,5.0,1.0,0.638478424220641,1.0,27692.039251250146,-27692.039251250146,0.0,27692.039251250146,0.0,147.69087600666745,0.63457,0.1875,-147.69087600666745,-75242.52657217439,-315155.6074124783,-2.630176931677852,2.630176931677852,-1256613.8831980638,0.0,-0.0,-5653976.994752884,-59841.18854999542,59841.18854999542,-211323.4441280365,6692.6164627075195,-6692.6164627075195,-306959.991145134,-3788.9999520778656,3788.9999520778656,11615669.28410004,120167.86040000618,-120167.86040000618,-2981974.418272663,27692.039251250146,-27692.039251250146,0.22605246305465698,0.7371304631233215,0.44416898488998413,0.4166165292263031,7371304.5,272.4925842285156,455.6163635253906,303.3703308105469,-150000000.0,50094508.0,0.0,-147690880.0,-252248.8125,-252248.8125,-0.0,-0.0,247848608.0,-0.0,0.0,0.823531424999237,1.0,0.0018901288509436467,1.0,True,True,True,,0,0
8121600.0,95,0.5777844797190449,False,False,ok,,,True,1.0,0.0,1,0.0,1.0,0.0,0.0,892968.2064291277,84676.65906864607,0.5409272267972308,-84676.65906864607,-0.5409272267972308,156539.83544146415,0.0,0.0,0.5777844797190449,0.508286810581864,0.5570118872735335,0.508286810581864,0.11711986397224976,0.06,0.0,0.03685725292181404,0.07752019776836316,-0.04066294484654912,5.0,1.0,0.5237908501355366,1.0,19879.125478866907,-19879.125478866907,0.0,19879.125478866907,0.0,106.02200255395684,0.63457,0.1875,-106.02200255395684,-61494.27235140093,-315284.271855194,-128.66444271570072,128.66444271570072,-1256613.8831980638,0.0,-0.0,-5713976.994752884,-60000.0,60000.0,-210321.55394554138,1001.8901824951172,-1001.8901824951172,-306959.991145134,0.0,-0.0,11739593.591950044,123924.30785000324,-123924.30785000324,-3043468.690624064,19879.125478866907,-19879.125478866907,0.2360713630914688,0.7376061081886292,0.44416898488998413,0.4166165292263031,7376061.5,272.6684265136719,455.6163635253906,303.3703308105469,-150000000.0,0.0,0.0,-106022000.0,-509542.4375,-509542.4375,-0.0,-0.0,256531552.0,-0.0,0.0,0.85,1.0,-0.3232229864597248,1.0,True,True,True,,0,0
8125200.0,96,0.49548696629322264,False,False,ok,,,True,1.0,0.0,1,0.0,1.0,0.0,0.0,897413.387443195,83957.47966441397,0.5363330006553423,-83957.47966441397,-0.5363330006553423,156539.83544146415,0.0,0.0,0.49548696629322264,0.5083228518250865,0.557047928516756,0.5083228518250865,0.11712796690042973,0.06,0.0,-0.04084603436211962,-0.00018020621611269938,-0.04066582814600692,5.0,1.0,0.508286810581864,1.0,15829.376884108426,-15829.376884108426,0.0,15829.376884108426,0.0,84.42334338191161,0.63457,0.1875,-84.42334338191161,-63682.92176623829,-315421.94157488813,-137.66971969412407,137.66971969412407,-1256613.8831980638,0.0,-0.0,-5773976.994752884,-60000.0,60000.0,-210321.55394554138,0.0,-0.0,-306959.991145134,0.0,-0.0,11867859.364450045,128265.7725000009,-128265.7725000009,-3107151.612390302,15829.376884108426,-15829.376884108426,0.2360713630914688,0.7375701069831848,0.44416898488998413,0.4166165292263031,7375701.0,272.6551208496094,455.6163635253906,303.3703308105469,-150000000.0,0.0,0.0,-84423344.0,-252248.8125,-252248.8125,-0.0,-0.0,234675600.0,-0.0,0.0,0.85,1.0,-0.3658033192157672,1.0,True,True,True,,0,0
8128800.0,97,0.454851980578238,False,False,ok,,,True,1.0,0.0,1,0.0,1.0,0.0,0.0,903980.4089015739,77769.58740026962,0.4968038147028106,-77769.58740026962,-0.4968038147028106,156539.83544146415,0.0,0.0,0.454851980578238,0.5085760026082687,0.5573010792999382,0.5085760026082687,0.11718495442309364,0.06,0.0,-0.0419518341245726,-0.0012657539159111053,-0.0406860802086615,5.0,1.0,0.5083228518250865,1.0,20480.20425,-20480.20425,0.0,20480.20425,0.0,109.227756,0.63457,0.1875,-109.227756,-50722.36169189075,-315470.35452461836,-48.412949730234686,48.412949730234686,-1256613.8831980638,0.0,-0.0,-5833976.994752884,-60000.0,60000.0,-210321.55394554138,0.0,-0.0,-306959.991145134,0.0,-0.0,11985197.16055005,117337.79610000551,-117337.79610000551,-3157873.974082193,20480.20425,-20480.20425,0.2360713630914688,0.7373169660568237,0.44416898488998413,0.4166165292263031,7373169.5,272.5615234375,455.6163635253906,303.3703308105469,-150000000.0,0.0,0.0,-109227760.0,0.0,0.0,-0.0,-0.0,259227760.0,-0.0,0.0,0.85,1.0,-0.3658033192157672,1.0,True,True,True,,0,0
8132400.0,98,0.488991639140651,False,False,ok,,,True,1.0,0.0,1,0.0,1.0,0.0,0.0,908104.9563600915,83304.07503950413,0.5321589536910846,-83304.07503950413,-0.5321589536910846,156539.83544146415,0.0,0.0,0.488991639140651,0.5090644345653105,0.55778951125698,0.5090644345653105,0.11729526900044408,0.06,0.0,-0.043167314550433517,-0.002442159785208675,-0.04072515476522484,5.0,1.0,0.5085760026082687,1.0,13756.449321428569,-13756.449321428569,0.0,13756.449321428569,0.0,73.3677297142857,0.63457,0.1875,-73.3677297142857,-65423.07825955795,-315536.6068065428,-66.25228192441864,66.25228192441864,-1256613.8831980638,0.0,-0.0,-5893976.994752884,-60000.0,60000.0,-210321.55394554138,0.0,-0.0,-306959.991145134,0.0,-0.0,12114811.038550057,129613.87800000608,-129613.87800000608,-3223297.052341751,13756.449321428569,-13756.449321428569,0.2360713630914688,0.7368285059928894,0.44416898488998413,0.4166165292263031,7368285.0,272.3809814453125,455.6163635253906,303.3703308105469,-150000000.0,0.0,0.0,-73367728.0,-423214.28125,-423214.28125,-0.0,-0.0,223790944.0,-0.0,0.0,0.85,1.0,-0.3658033192157672,1.0,True,True,True,,0,0
8136000.0,99,0.3996148297555735,False,False,ok,,,True,1.0,0.0,1,0.0,1.0,0.0,0.0,915764.1942736169,69388.81111106434,0.4432661559620158,-69388.81111106434,-0.4432661559620158,156539.83544146415,0.0,0.0,0.3996148297555735,0.5096404525655501,0.5583655292572196,0.5096404525655501,0.11742597842605242,0.06,0.0,-0.04365132620644228,-0.0028800900011982655,-0.04077123620524401,5.0,1.0,0.5090644345653105,1.0,17547.00435,-17547.00435,0.0,17547.00435,0.0,93.58402319999999,0.63457,0.1875,-93.58402319999999,-44182.5688475389,-315590.2720454781,-53.66523893532576,53.66523893532576,-1256613.8831980638,0.0,-0.0,-5953976.994752884,-60000.0,60000.0,-210321.55394554138,0.0,-0.0,-306959.991145134,0.0,-0.0,12226706.510550056,111895.47199999914,-111895.47199999914,-3267479.6211892897,17547.00435,-17547.00435,0.2360713630914688,0.73625248670578,0.44416898488998413,0.4166165292263031,7362525.0,272.16802978515625,455.6163635253906,303.3703308105469,-150000000.0,0.0,0.0,-93584024.0,0.0,0.0,-0.0,-0.0,243584016.0,-0.0,0.0,0.85,1.0,-0.3658033192157672,1.0,True,True,True,,0,0
8139600.0,100,0.45893657581911174,False,False,ok,,,True,1.0,0.0,1,0.0,1.0,0.0,0.0,921405.791953617,78659.10013124939,0.5024861557406124,-78659.10013124939,-0.5024861557406124,156539.83544146415,0.0,0.0,0.45893657581911174,0.5101873706199314,0.5589124473116008,0.5101873706199314,0.11755069867519964,0.06,0.0,-0.04354957992150065,-0.0027345902719061455,-0.040814989649594506,5.0,1.0,0.5096404525655501,1.0,16867.08853125,-16867.08853125,0.0,16867.08853125,0.0,89.95780549999999,0.63457,0.1875,-89.95780549999999,-56150.413919999264,-315590.2720454781,0.0,-0.0,-1256613.8831980638,0.0,-0.0,-6013976.994752884,-60000.0,60000.0,-210321.55394554138,0.0,-0.0,-306959.991145134,0.0,-0.0,12348498.522150062,121792.01160000637,-121792.01160000637,-3323630.035109289,16867.08853125,-16867.08853125,0.2360713630914688,0.735705554485321,0.44416898488998413,0.4166165292263031,7357056.0,271.9658508300781,455.6163635253906,303.3703308105469,-150000000.0,0.0,0.0,-89957808.0,0.0,0.0,-0.0,-0.0,239957808.0,-0.0,0.0,0.85,1.0,-0.3658033192157672,1.0,True,True,True,,0,0
8143200.0,101,0.4689124467706911,False,False,ok,,,True,1.0,0.0,1,0.0,1.0,0.0,0.0,928439.4917268116,79686.85978846099,0.5090516389245775,-79686.85978846099,-0.5090516389245775,156539.83544146415,0.0,0.0,0.4689124467706911,0.5100543396168392,0.5587794163085087,0.5100543396168392,0.11752030696857971,0.06,0.0,-0.04013919215388642,0.0006651550154607166,-0.04080434716934714,5.0,1.0,0.5101873706199314,1.0,20443.30012645711,-20443.30012645711,0.0,20443.30012645711,0.0,109.03093400777125,0.63457,0.1875,-109.03093400777125,-52209.85988880927,-315590.2720454781,0.0,-0.0,-1257349.22628606,-735.3430879961234,735.3430879961234,-6073976.994752884,-60000.0,60000.0,-210321.55394554138,0.0,-0.0,-306959.991145134,0.0,-0.0,12468477.424900059,119978.90274999663,-119978.90274999663,-3375839.8949980983,20443.30012645711,-20443.30012645711,0.2360713630914688,0.7358385920524597,0.44416898488998413,0.4166165292263031,7358386.0,272.0150451660156,455.6163635253906,303.3703308105469,-150000000.0,0.0,0.0,-109030936.0,0.0,0.0,-6524652.0,-6524652.0,265555584.0,-0.0,0.0,0.85,1.0,-0.3658033192157672,1.0,True,True,True,,0,0
8146800.0,102,0.4377692169156618,False,False,ok,,,True,1.0,0.0,1,0.0,1.0,0.0,0.0,941553.8882492158,72133.3333659617,0.4607985766851974,-72133.3333659617,-0.4607985766851974,156539.83544146415,0.0,0.0,0.4377692169156618,0.5065553263491598,0.5552804030408293,0.5065553263491598,0.11673364560169659,0.06,0.0,-0.023029359769535636,0.017495066338397147,-0.04052442610793278,5.0,1.0,0.5100543396168392,1.0,6541.408650094433,-6541.408650094433,0.0,6541.408650094433,0.0,34.88751280050364,0.63457,0.1875,-34.88751280050364,-52477.528193463106,-316159.40181790973,-569.1297724316246,569.1297724316246,-1263965.964747761,-6616.738461700967,6616.738461700967,-6133976.994752884,-60000.0,60000.0,-210321.55394554138,0.0,-0.0,-306959.991145134,0.0,-0.0,12601255.217850052,132777.79294999316,-132777.79294999316,-3428317.4231915614,6541.408650094433,-6541.408650094433,0.2360713630914688,0.7393376231193542,0.44416898488998413,0.4166165292263031,7393376.0,273.3085021972656,455.6163635253906,303.3703308105469,-150000000.0,0.0,0.0,-34887512.0,-6180641.5,-6180641.5,-50332960.0,-50332960.0,241401120.0,-0.0,0.0,0.85,1.0,-0.3658033192157672,1.0,True,True,True,,0,0
8150400.0,103,0.2643830029190912,False,False,ok,,,True,1.0,0.0,1,0.0,1.0,0.0,0.0,973836.1196353013,42157.513599654965,0.26930853402755217,-42157.513599654965,-0.26930853402755217,156539.83544146415,0.0,0.0,0.2643830029190912,0.49954766985320076,0.5482727465448702,0.49954766985320076,0.1152317849564682,0.06,0.0,-0.0049255311084609385,0.035038282479795124,-0.03996381358825606,5.0,1.0,0.5065553263491598,1.0,1900.4174866786466,-1900.4174866786466,0.0,1900.4174866786466,0.0,10.135559928952782,0.63457,0.1875,-10.135559928952782,-7974.86472689081,-318081.39447105717,-1921.9926531474339,1921.9926531474339,-1282487.432231638,-18521.467483877204,18521.467483877204,-6193976.994752884,-60000.0,60000.0,-210321.55394554138,0.0,-0.0,-306959.991145134,0.0,-0.0,12721955.774100043,120700.55624999106,-120700.55624999106,-3436292.287918452,1900.4174866786466,-1900.4174866786466,0.2360713630914688,0.7463452816009521,0.44416898488998413,0.4166165292263031,7463453.0,275.89898681640625,455.6163635253906,303.3703308105469,-150000000.0,0.0,0.0,-10135560.0,-4669329.5,-4669329.5,-102449320.0,-102449320.0,267254208.0,-0.0,0.0,0.85,1.0,-0.3658033192157672,1.0,True,True,True,,0,0
8154000.0,104,-0.09610765929727846,False,False,ok,,,True,1.0,0.0,1,0.0,1.0,0.0,0.0,1013003.9914173399,-16043.533013460867,-0.10248850056738508,16043.533013460867,0.10248850056738508,156539.83544146415,0.0,0.0,-0.09610765929727846,0.49042470629840496,0.5391497829900744,0.49042470629840496,0.11342373688740366,0.06,0.0,0.006380841270106623,0.04561481777397902,-0.0392339765038724,5.0,1.0,0.49954766985320076,1.0,-54017.29875566339,54017.29875566339,54017.29875566339,0.0,85.12425541022014,0.0,0.63457,0.1875,85.12425541022014,1194.1060398360714,-323599.051645068,-5517.657174010819,5517.657174010819,-1312623.1128154248,-30135.680583786685,30135.680583786685,-6253976.994752884,-60000.0,60000.0,-210321.55394554138,0.0,-0.0,-306959.991145134,0.0,-0.0,12855582.877600037,133627.10349999368,-133627.10349999368,-3435098.181878616,-54017.29875566339,54017.29875566339,0.2360713630914688,0.7554682493209839,0.44416898488998413,0.4166165292263031,7554682.5,279.27142333984375,455.6163635253906,303.3703308105469,-150000000.0,0.0,0.0,85124256.0,-33300832.0,-33300832.0,-142049888.0,-142049888.0,240226464.0,-0.0,0.0,0.85,1.0,-0.3658033192157672,1.0,True,True,True,,0,0
8157600.0,105,-0.5846664212505787,False,False,ok,,,True,1.0,0.0,1,0.0,1.0,0.0,0.0,1029063.3187804528,-93086.38787957426,-0.594649838598959,93086.38787957426,0.594649838598959,156539.83544146415,0.0,0.0,-0.5846664212505787,0.4807362429416623,0.5294613196333318,0.4807362429416623,0.11168586822130332,0.06,0.0,0.009983417348380375,0.04844231678371336,-0.03845889943533298,5.0,1.0,0.49042470629840496,1.0,-97980.58183637267,97980.58183637267,97980.58183637267,0.0,154.4046863803405,0.0,0.63457,0.1875,154.4046863803405,11165.133406314533,-340222.61166602117,-16623.560020953184,16623.560020953184,-1351218.5909376736,-38595.47812224878,38595.47812224878,-6313976.994752884,-60000.0,60000.0,-210321.55394554138,0.0,-0.0,-306959.991145134,0.0,-0.0,12975696.109700028,120113.23209999129,-120113.23209999129,-3423933.0484723016,-97980.58183637267,97980.58183637267,0.2360713630914688,0.7651566863059998,0.44416898488998413,0.4166165292263031,7651567.0,282.8529052734375,455.6163635253906,303.3703308105469,-150000000.0,0.0,0.0,154404688.0,-67311728.0,-67311728.0,-169217792.0,-169217792.0,232124832.0,-0.0,0.0,0.85,1.0,-0.3658033192157672,1.0,True,True,True,,0,0
8161200.0,106,1.1149442328992958,False,False,ok,,,True,0.9850000143051147,0.6000000238418579,2,0.550000011920929,0.9850000143051147,0.6000000238418579,0.93700000166893,1036029.189206654,31148.026477012845,0.19897827533273604,-31148.026477012845,-0.19897827533273604,156539.83544146415,0.0,0.0,1.1149442328992958,0.292857334083022,0.3415750745316756,0.292857334083022,0.03994740463686377,0.06,0.0,0.9159659575665597,0.9393945442932015,-0.023428586726641762,5.0,1.0,0.4807362429416623,1.0,8625.456260774463,-8625.456260774463,0.0,8625.456260774463,0.0,46.00243339079714,0.28359,0.1875,-46.00243339079714,-15556.699790037237,-366657.5223422802,-26434.910676259024,26434.910676259024,-1395232.5263469156,-44013.935409242054,44013.935409242054,-6373166.99552536,-59190.000772476196,59190.000772476196,-199521.55351638794,10800.000429153442,-10800.000429153442,-281660.99110007286,25299.00004506111,-25299.00004506111,13091758.526300035,116062.41660000756,-116062.41660000756,-3439489.748262339,8625.456260774463,-8625.456260774463,0.3440713882446289,0.7910355925559998,0.45253729820251465,0.40826913714408875,7910356.0,287.4329833984375,459.1676025390625,302.7562561035156,-147750000.0,60000004.0,140550000.0,-46002432.0,-86078736.0,-86078736.0,-184349792.0,-184349792.0,263630960.0,-0.0,0.0,0.85,1.0,-0.3658033192157672,1.0,True,True,True,2,1,3
8164800.0,107,1.250594232673483,False,False,ok,,,True,0.9835000038146973,0.6000000238418579,2,0.550000011920929,0.9835000038146973,0.6000000238418579,0.93700000166893,1046181.0341213951,38002.46509845011,0.2427654596114648,-38002.46509845011,-0.2427654596114648,156539.83544146415,0.0,0.0,1.250594232673483,0.08985391680178972,0.13787557372251735,0.08985391680178972,0.0032294911742487865,0.06,0.0,1.0078287730620181,1.0150170864061614,-0.007188313344143178,5.0,1.0,0.292857334083022,1.0,3053.8445340841185,-3053.8445340841185,0.0,3053.8445340841185,0.0,16.287170848448632,0.18331,0.1875,-16.287170848448632,-24796.775649624877,-398617.71703697427,-31960.194694694073,31960.194694694073,-1441230.1916229364,-45997.665276020765,45997.665276020765,-6432185.995817184,-59019.00029182434,59019.00029182434,-187521.55303955078,12000.000476837158,-12000.000476837158,-253550.99105000496,28110.0000500679,-28110.0000500679,13223574.006600037,131815.4803000018,-131815.4803000018,-3464286.5239119637,3053.8445340841185,-3053.8445340841185,0.4640713930130005,0.8140389919281006,0.4617656469345093,0.4010296165943146,8140390.0,290.3270568847656,463.0117492675781,302.22369384765625,-147525008.0,60000004.0,140550000.0,-16287171.0,-97884512.0,-97884512.0,-183552736.0,-183552736.0,244699408.0,-0.0,0.0,0.8350000143051147,1.0,-0.8248033374547877,1.0,False,False,True,2,2,2
8168400.0,108,-0.08016620236165553,False,False,ok,,,True,0.9833499789237976,0.6000000238418579,2,0.550000011920929,0.9833499789237976,0.6000000238418579,0.93700000166893,1057336.2988531059,30405.072422130885,0.19423217314867072,-30405.072422130885,-0.19423217314867072,156539.83544146415,0.0,0.0,-0.08016620236165553,0.14245432274001474,0.1888030848702864,0.14245432274001474,0.010869228695599082,0.06,0.0,-0.27439837551032625,-0.26300202969112507,-0.01139634581920118,5.0,1.0,0.08985391680178972,1.0,5297.0282082701215,-5297.0282082701215,0.0,5297.0282082701215,0.0,28.25081711077398,0.18331,0.1875,-28.25081711077398,-13952.779482149985,-432663.1108151217,-34045.39377814741,34045.39377814741,-1485534.5626230594,-44304.37100012298,44304.37100012298,-6491187.894701958,-59001.898884773254,59001.898884773254,-175521.55256271362,12000.000476837158,-12000.000476837158,-225440.99099993706,28110.0000500679,-28110.0000500679,13345923.713950042,122349.70735000446,-122349.70735000446,-3478239.3033941137,5297.0282082701215,-5297.0282082701215,0.5840713977813721,0.8336527347564697,0.4709382653236389,0.3966366946697235,8336527.5,291.9578552246094,466.75250244140625,301.9005432128906,-147502496.0,60000004.0,140550000.0,-28250818.0,-96526736.0,-96526736.0,-169448640.0,-169448640.0,241178688.0,-0.0,0.0,0.8335000038146972,1.0,-1.0,1.0,False,False,True,,0,0
8172000.0,109,-0.9605369486620663,False,False,ok,,,True,0.983335018157959,0.6000000238418579,1,0.0,0.983335018157959,0.6000000238418579,0.0,1069960.4020327765,-4697.413011407301,-0.030007780435950645,4697.413011407301,0.030007780435950645,156539.83544146415,0.0,0.0,-0.9605369486620663,0.32338598069413177,0.36951819745136794,0.32338598069413177,0.06276625734176251,0.06,0.0,-0.9305291682261156,-0.9046582897705852,-0.025870878455530544,5.0,1.0,0.14245432274001474,1.0,-10990.04550521314,10990.04550521314,10990.04550521314,0.0,59.95333317993094,0.0,0.18331,0.1875,59.95333317993094,6331.470685864799,-463512.7760319382,-30849.66521681653,30849.66521681653,-1524792.4207402086,-39257.85811714921,39257.85811714921,-6550188.08555603,-59000.19085407257,59000.19085407257,-163521.55208587646,12000.000476837158,-12000.000476837158,-222629.99099493027,2811.00000500679,-2811.00000500679,13466513.060150046,120589.34620000422,-120589.34620000422,-3471907.832708249,-10990.04550521314,10990.04550521314,0.7040714025497437,0.8327211141586304,0.47185301780700684,0.39634063839912415,8327211.0,291.1076354980469,467.1210632324219,301.8787536621094,-147500256.0,60000004.0,0.0,59953332.0,-78318000.0,-78318000.0,-141753408.0,-141753408.0,247618320.0,-0.0,0.0,0.8333499789237976,1.0,-1.0,1.0,True,True,False,,0,0
8175600.0,110,-0.8150339627877611,False,False,ok,,,True,0.9833335280418396,0.6000000238418579,1,0.0,0.9833335280418396,0.6000000238418579,0.0,1095874.7449300056,21625.398829559777,0.13814629847139637,-21625.398829559777,-0.13814629847139637,156539.83544146415,0.0,0.0,-0.8150339627877611,0.5059271977814599,0.552059414538696,0.5059271977814599,0.15792623796156233,0.06,0.0,-0.9531802612591574,-0.9127060854366407,-0.04047417582251679,5.0,1.0,0.32338598069413177,1.0,-1611.5719494435648,1611.5719494435648,1611.5719494435648,0.0,5.682753092293679,0.0,0.28359,0.1875,5.682753092293679,2677.372118225787,-486246.32262969005,-22733.546597751847,22733.546597751847,-1555631.0447670843,-30838.62402687571,30838.62402687571,-6609188.106179237,-59000.02062320709,59000.02062320709,-151521.5516090393,12000.000476837158,-12000.000476837158,-222629.99099493027,0.0,-0.0,13590322.221700039,123809.16154999286,-123809.16154999286,-3469230.460590023,-1611.5719494435648,1611.5719494435648,0.8240714073181152,0.8301798701286316,0.47185301780700684,0.39634063839912415,8301799.0,290.2192687988281,467.1210632324219,301.8787536621094,-147500032.0,60000004.0,0.0,5682753.0,-49985372.0,-49985372.0,-100625800.0,-100625800.0,232428448.0,-0.0,0.0,0.833335018157959,1.0,-1.0,0.7296430608805615,True,True,False,,0,0
8179200.0,111,0.07914518951645191,False,False,ok,,,True,1.0,0.0,1,0.0,1.0,0.0,0.0,1124883.4551307487,36269.01739823012,0.23169193512914102,-36269.01739823012,-0.23169193512914102,156539.83544146415,0.0,0.0,0.07914518951645191,0.5279887272677143,0.5741209440249504,0.5279887272677143,0.16998630447662233,0.06,0.0,-0.1525467456126891,-0.11030764743127197,-0.04223909818141714,5.0,1.0,0.5059271977814599,1.0,5831.950891509739,-5831.950891509739,0.0,5831.950891509739,0.0,31.103738088051944,0.63457,0.1875,-31.103738088051944,-1428.3563059773296,-493606.9214440785,-7360.598814388446,7360.598814388446,-1575347.6030254082,-19716.55825832393,19716.55825832393,-6669088.107347488,-59900.00116825104,59900.00116825104,-150321.5515613556,1200.0000476837158,-1200.0000476837158,-222629.99099493027,0.0,-0.0,13706536.446400035,116214.22469999641,-116214.22469999641,-3470658.8168960004,5831.950891509739,-5831.950891509739,0.8360713720321655,0.8261183500289917,0.47185301780700684,0.39634063839912415,8261183.5,288.7994079589844,467.1210632324219,301.8787536621094,-150000000.0,0.0,0.0,-31103738.0,0.0,0.0,-51754208.0,-51754208.0,232857952.0,-0.0,0.0,0.8333335280418396,1.0,-1.0,0.12964303703870472,True,True,False,,0,0
8182800.0,112,1.168591132752453,False,False,ok,,,True,1.0,-0.675,1,0.0,1.0,-0.675,0.0,1148268.7718724473,25211.080679076225,0.1610521731288235,-25211.080679076225,-0.1610521731288235,156539.83544146415,0.0,0.0,1.168591132752453,0.3213395032903429,0.36747172004757905,0.3213395032903429,0.05695027487122143,0.06,0.0,1.0075389596236295,1.033246119886857,-0.025707160263227433,5.0,1.0,0.5279887272677143,1.0,1083.636996430546,-1083.636996430546,0.0,1083.636996430546,0.0,5.779397314296245,0.63457,0.1875,-5.779397314296245,-742.126940947026,-493606.9214440785,0.0,-0.0,-1583349.1317927628,-8001.528767354554,8001.528767354554,-6729088.107347488,-60000.0,60000.0,-174621.5515613556,-24300.0,24300.0,-222629.99099493027,0.0,-0.0,13822965.418850027,116428.97244999185,-116428.97244999185,-3471400.9438369474,1083.636996430546,-1083.636996430546,0.6931301951408386,0.8183557987213135,0.47185301780700684,0.39634063839912415,8183558.0,286.0857238769531,467.1210632324219,301.8787536621094,-150000000.0,-67500000.0,0.0,-5779397.5,0.0,0.0,-7207374.0,-7207374.0,230486768.0,-0.0,0.0,0.85,1.0,-1.0,0.06964303465451904,True,True,True,,0,0
8186400.0,113,1.3513318166264652,False,False,ok,,,True,1.0,-0.675,1,0.0,1.0,-0.675,0.0,1170111.7832867582,33161.41610406377,0.2118401109247621,-33161.41610406377,-0.2118401109247621,156539.83544146415,0.0,0.0,1.3513318166264652,0.09196964778543526,0.13810186454267137,0.09196964778543526,0.003406452248511319,0.06,0.0,1.139491705701703,1.146849277524538,-0.007357571822834821,5.0,1.0,0.3213395032903429,1.0,5912.0937,-5912.0937,0.0,5912.0937,0.0,31.531166400000004,1.13597,0.1875,-31.531166400000004,-5406.3109897528775,-493606.9214440785,0.0,-0.0,-1584343.195038699,-994.0632459362969,994.0632459362969,-6789088.107347488,-60000.0,60000.0,-201621.5515613556,-27000.0,27000.0,-222629.99099493027,0.0,-0.0,13938208.804500021,115243.38564999402,-115243.38564999402,-3476807.2548267003,5912.0937,-5912.0937,0.5343067049980164,0.8094903826713562,0.47185301780700684,0.39634063839912415,8094904.0,282.9864807128906,467.1210632324219,301.8787536621094,-150000000.0,-67500000.0,0.0,-31531166.0,0.0,0.0,-0.0,-0.0,249031168.0,-0.0,0.0,0.85,1.0,-1.0,0.7843489170074597,True,True,True,,0,0
8190000.0,114,-0.43658103636756235,False,False,ok,,,True,1.0,-0.675,1,0.0,1.0,-0.675,0.0,1188708.666646759,45813.87262500069,0.2926659051084293,-45813.87262500069,-0.2926659051084293,156539.83544146415,0.0,0.0,-0.43658103636756235,0.23407385441007245,0.28020607116730856,0.23407385441007245,0.02549382271398364,0.06,0.0,-0.7292469414759917,-0.7105210331231859,-0.018725908352805794,5.0,1.0,0.09196964778543526,1.0,8298.289424999999,-8298.289424999999,0.0,8298.289424999999,0.0,44.25754359999999,1.13597,0.1875,-44.25754359999999,-18918.6998399999,-493606.9214440785,0.0,-0.0,-1584343.195038699,0.0,-0.0,-6849088.107347488,-60000.0,60000.0,-228621.5515613556,-27000.0,27000.0,-222629.99099493027,0.0,-0.0,14062724.387700029,124515.58320000768,-124515.58320000768,-3495725.9546667,8298.289424999999,-8298.289424999999,0.3754831552505493,0.8027014136314392,0.47185301780700684,0.39634063839912415,8027014.0,280.6131286621094,467.1210632324219,301.8787536621094,-150000000.0,-67500000.0,0.0,-44257544.0,0.0,0.0,-0.0,-0.0,261757536.0,-0.0,0.0,0.85,1.0,-1.0,1.0,True,True,True,,0,0
8193600.0,115,1.489136110839522,False,False,ok,,,True,1.0,0.675,1,0.0,1.0,0.675,0.0,1169582.912286759,114103.70928125069,0.7289116470543253,-114103.70928125069,-0.7289116470543253,156539.83544146415,0.0,0.0,1.489136110839522,0.08073716698133179,0.12686938373856793,0.08073716698133179,0.003280311121570842,0.06,0.0,0.7602244637851967,0.7666834371437032,-0.006458973358506544,5.0,1.0,0.23407385441007245,1.0,33774.937481249995,-33774.937481249995,0.0,33774.937481249995,0.0,180.1329999,1.13597,0.1875,-180.1329999,-99454.52616000082,-493606.9214440785,0.0,-0.0,-1584343.195038699,0.0,-0.0,-6909088.107347488,-60000.0,60000.0,-219171.5515613556,9450.0,-9450.0,-222629.99099493027,0.0,-0.0,14193603.159500036,130878.77180000767,-130878.77180000767,-3595180.480826701,33774.937481249995,-33774.937481249995,0.48110079765319824,0.797611653804779,0.47185301780700684,0.39634063839912415,7976116.5,278.83380126953125,467.1210632324219,301.8787536621094,-150000000.0,67500000.0,0.0,-180132992.0,0.0,0.0,-0.0,-0.0,262632992.0,-0.0,0.0,0.85,1.0,-0.9583034205436601,1.0,True,True,True,,0,0
8197200.0,116,0.6632702370875199,False,False,ok,,,True,1.0,0.0,1,0.0,1.0,0.0,0.0,1170619.6122967582,91828.03511249868,0.5866112919662323,-91828.03511249868,-0.5866112919662323,156539.83544146415,0.0,0.0,0.6632702370875199,0.06437537200499438,0.1105075887622305,0.06437537200499438,0.003210780335386914,0.06,0.0,0.07665894512128751,0.08180897488168706,-0.00515002976039955,5.0,1.0,0.08073716698133179,1.0,19161.535162499997,-19161.535162499997,0.0,19161.535162499997,0.0,102.19485419999998,0.98555,0.1875,-102.19485419999998,-71629.79993999936,-493606.9214440785,0.0,-0.0,-1584343.195038699,0.0,-0.0,-6969088.107347488,-60000.0,60000.0,-217821.5515613556,1350.0,-1350.0,-222629.99099493027,0.0,-0.0,14324919.659450028,131316.4999499917,-131316.4999499917,-3666810.2807667004,19161.535162499997,-19161.535162499997,0.4946008026599884,0.7937234044075012,0.47185301780700684,0.39634063839912415,7937234.0,277.47454833984375,467.1210632324219,301.8787536621094,-150000000.0,0.0,0.0,-102194856.0,0.0,0.0,-0.0,-0.0,252194848.0,-0.0,0.0,0.85,1.0,-1.0,1.0,True,True,True,,0,0
8200800.0,117,0.5446860114663893,False,False,ok,,,True,1.0,0.0,1,0.0,1.0,0.0,0.0,1175400.126876758,88456.87490625137,0.5650758138130825,-88456.87490625137,-0.5650758138130825,156539.83544146415,0.0,0.0,0.5446860114663893,0.06737532723851675,0.11350754399575287,0.06737532723851675,0.003557434503715788,0.06,0.0,-0.020389802346693173,-0.014999776167611834,-0.00539002617908134,5.0,1.0,0.06437537200499438,1.0,22359.447806250002,-22359.447806250002,0.0,22359.447806250002,0.0,119.25038830000001,0.98555,0.1875,-119.25038830000001,-61316.91252000164,-493606.9214440785,0.0,-0.0,-1584343.195038699,0.0,-0.0,-7029088.107347488,-60000.0,60000.0,-217821.5515613556,0.0,-0.0,-222629.99099493027,0.0,-0.0,14451017.086550027,126097.42709999904,-126097.42709999904,-3728127.193286702,22359.447806250002,-22359.447806250002,0.4946008026599884,0.790723443031311,0.47185301780700684,0.39634063839912415,7907234.5,276.4258117675781,467.1210632324219,301.8787536621094,-150000000.0,0.0,0.0,-119250392.0,0.0,0.0,-0.0,-0.0,269250400.0,-0.0,0.0,0.85,1.0,-1.0,1.0,True,True,True,,0,0
8204400.0,118,0.6009279988692293,False,False,ok,,,True,1.0,0.0,1,0.0,1.0,0.0,0.0,1178475.088046758,96928.14978124987,0.619191591123748,-96928.14978124987,-0.619191591123748,156539.83544146415,0.0,0.0,0.6009279988692293,0.06990949378879968,0.1160417105460358,0.06990949378879968,0.003864289725658912,0.06,0.0,-0.018263592254518648,-0.012670832751414673,-0.005592759503103974,5.0,1.0,0.06737532723851675,1.0,22302.955631249995,-22302.955631249995,0.0,22302.955631249995,0.0,118.94909669999998,0.63457,0.1875,-118.94909669999998,-71550.23297999986,-493606.9214440785,0.0,-0.0,-1584343.195038699,0.0,-0.0,-7089088.107347488,-60000.0,60000.0,-217821.5515613556,0.0,-0.0,-222629.99099493027,0.0,-0.0,14585642.280700032,134625.19415000454,-134625.19415000454,-3799677.426266702,22302.955631249995,-22302.955631249995,0.4946008026599884,0.7881892919540405,0.47185301780700684,0.39634063839912415,7881893.0,275.5398864746094,467.1210632324219,301.8787536621094,-150000000.0,0.0,0.0,-118949096.0,0.0,0.0,-0.0,-0.0,268949088.0,-0.0,0.0,0.85,1.0,-1.0,1.0,True,True,True,,0,0
8208000.0,119,0.5828651031578712,False,False,ok,,,True,1.0,0.0,1,0.0,1.0,0.0,0.0,1181580.178376759,93999.16856249982,0.6004808188114487,-93999.16856249982,-0.6004808188114487,156539.83544146415,0.0,0.0,0.5828651031578712,0.0722762174404677,0.11840843419770382,0.0722762174404677,0.004162468802655024,0.06,0.0,-0.017615715653577477,-0.011833618258340062,-0.005782097395237416,5.0,1.0,0.06990949378879968,1.0,19524.6202125,-19524.6202125,0.0,19524.6202125,0.0,104.1313078,0.63457,0.1875,-104.1313078,-71369.45801999886,-493606.9214440785,0.0,-0.0,-1584343.195038699,0.0,-0.0,-7149088.107347488,-60000.0,60000.0,-217821.5515613556,0.0,-0.0,-222629.99099493027,0.0,-0.0,14720116.829050027,134474.54834999517,-134474.54834999517,-3871046.8842867007,19524.6202125,-19524.6202125,0.4946008026599884,0.7858225703239441,0.47185301780700684,0.39634063839912415,7858226.0,274.7125244140625,467.1210632324219,301.8787536621094,-150000000.0,0.0,0.0,-104131304.0,0.0,0.0,-0.0,-0.0,254131312.0,-0.0,0.0,0.85,1.0,-1.0,1.0,True,True,True,,0,0
8211600.0,120,0.5425605632653988,False,False,ok,,,True,1.0,0.0,1,0.0,1.0,0.0,0.0,1186167.0475967592,87554.50776874888,0.5593113568941284,-87554.50776874888,-0.5593113568941284,156539.83544146415,0.0,0.0,0.5425605632653988,0.07443540961241496,0.12056762636965108,0.07443540961241496,0.004444273699508248,0.06,0.0,-0.016750793628729527,-0.010795960859736331,-0.0059548327689931966,5.0,1.0,0.0722762174404677,1.0,20488.853868750004,-20488.853868750004,0.0,20488.853868750004,0.0,109.27388730000001,0.63457,0.1875,-109.27388730000001,-62478.784679998644,-493606.9214440785,0.0,-0.0,-1584343.195038699,0.0,-0.0,-7209088.107347488,-60000.0,60000.0,-217821.5515613556,0.0,-0.0,-222629.99099493027,0.0,-0.0,14847182.482950028,127065.6539000012,-127065.6539000012,-3933525.6689666994,20488.853868750004,-20488.853868750004,0.4946008026599884,0.7836633920669556,0.47185301780700684,0.39634063839912415,7836634.0,273.95770263671875,467.1210632324219,301.8787536621094,-150000000.0,0.0,0.0,-109273888.0,0.0,0.0,-0.0,-0.0,259273888.0,-0.0,0.0,0.85,1.0,-1.0,1.0,True,True,True,,0,0
8215200.0,121,0.5348679365839323,False,False,ok,,,True,1.0,0.0,1,0.0,1.0,0.0,0.0,1190239.658866759,86031.92400000119,0.5495848629032934,-86031.92400000119,-0.5495848629032934,156539.83544146415,0.0,0.0,0.5348679365839323,0.07616023117744802,0.12229244793468415,0.07616023117744802,0.004676086363573137,0.06,0.0,-0.014716926319361159,-0.008624107825165317,-0.006092818494195842,5.0,1.0,0.07443540961241496,1.0,16394.980349999998,-16394.980349999998,0.0,16394.980349999998,0.0,87.43989519999998,0.63457,0.1875,-87.43989519999998,-65564.33238000143,-493606.9214440785,0.0,-0.0,-1584343.195038699,0.0,-0.0,-7269088.107347488,-60000.0,60000.0,-217821.5515613556,0.0,-0.0,-222629.99099493027,0.0,-0.0,14976819.426600032,129636.94365000352,-129636.94365000352,-3999090.001346701,16394.980349999998,-16394.980349999998,0.4946008026599884,0.7819385528564453,0.47185301780700684,0.39634063839912415,7819385.5,273.3547058105469,467.1210632324219,301.8787536621094,-150000000.0,0.0,0.0,-87439896.0,0.0,0.0,-0.0,-0.0,237439888.0,-0.0,0.0,0.85,1.0,-1.0,1.0,True,True,True,,0,0
8218800.0,122,0.49362751294923146,False,False,ok,,,True,1.0,0.0,1,0.0,1.0,0.0,0.0,1196495.6693467582,79162.27285624914,0.5057004987452587,-79162.27285624914,-0.5057004987452587,156539.83544146415,0.0,0.0,0.49362751294923146,0.0773374294652101,0.12346964622244623,0.0773374294652101,0.004837715776942336,0.06,0.0,-0.012072985796027221,-0.005885991438810412,-0.0061869943572168086,5.0,1.0,0.07616023117744802,1.0,20442.32525625,-20442.32525625,0.0,20442.32525625,0.0,109.02573469999999,0.63457,0.1875,-109.02573469999999,-52463.9371199999,-493606.9214440785,0.0,-0.0,-1584343.195038699,0.0,-0.0,-7329088.107347488,-60000.0,60000.0,-217821.5515613556,0.0,-0.0,-222629.99099493027,0.0,-0.0,15095539.374200024,118719.94759999216,-118719.94759999216,-4051553.9384667007,20442.32525625,-20442.32525625,0.4946008026599884,0.7807613611221313,0.47185301780700684,0.39634063839912415,7807613.5,272.94317626953125,467.1210632324219,301.8787536621094,-150000000.0,0.0,0.0,-109025736.0,0.0,0.0,-0.0,-0.0,259025728.0,-0.0,0.0,0.85,1.0,-1.0,1.0,True,True,True,,0,0
8222400.0,123,0.5205728177981006,False,False,ok,,,True,1.0,0.0,1,0.0,1.0,0.0,0.0,1200593.0958767575,83072.84239374856,0.530681804790912,-83072.84239374856,-0.530681804790912,156539.83544146415,0.0,0.0,0.5205728177981006,0.07810947525961848,0.1242416920168546,0.07810947525961848,0.00494522262822518,0.06,0.0,-0.010108986992811335,-0.003860228972041857,-0.006248758020769478,5.0,1.0,0.0773374294652101,1.0,13559.97504375,-13559.97504375,0.0,13559.97504375,0.0,72.31986690000001,0.63457,0.1875,-72.31986690000001,-65415.4408199992,-493606.9214440785,0.0,-0.0,-1584343.195038699,0.0,-0.0,-7389088.107347488,-60000.0,60000.0,-217821.5515613556,0.0,-0.0,-222629.99099493027,0.0,-0.0,15225052.241550025,129512.86735000089,-129512.86735000089,-4116969.3792867,13559.97504375,-13559.97504375,0.4946008026599884,0.7799893021583557,0.47185301780700684,0.39634063839912415,7799893.0,272.67327880859375,467.1210632324219,301.8787536621094,-150000000.0,0.0,0.0,-72319864.0,0.0,0.0,-0.0,-0.0,222319872.0,-0.0,0.0,0.85,1.0,-1.0,1.0,True,True,True,,0,0
8226000.0,124,0.42275947311349493,False,False,ok,,,True,1.0,0.0,1,0.0,1.0,0.0,0.0,1208361.109186757,67592.7394499985,0.43179258020412215,-67592.7394499985,-0.43179258020412215,156539.83544146415,0.0,0.0,0.42275947311349493,0.0786575754702204,0.12478979222745652,0.0786575754702204,0.005022268781722626,0.06,0.0,-0.009033107090627235,-0.002740501053009603,-0.006292606037617632,5.0,1.0,0.07810947525961848,1.0,16432.806,-16432.806,0.0,16432.806,0.0,87.641632,0.63457,0.1875,-87.641632,-43391.92013999913,-493606.9214440785,0.0,-0.0,-1584343.195038699,0.0,-0.0,-7449088.107347488,-60000.0,60000.0,-217821.5515613556,0.0,-0.0,-222629.99099493027,0.0,-0.0,15336212.175000023,111159.9334499985,-111159.9334499985,-4160361.299426699,16432.806,-16432.806,0.4946008026599884,0.779441237449646,0.47185301780700684,0.39634063839912415,7794412.0,272.481689453125,467.1210632324219,301.8787536621094,-150000000.0,0.0,0.0,-87641632.0,0.0,0.0,-0.0,-0.0,237641632.0,-0.0,0.0,0.85,1.0,-1.0,1.0,True,True,True,,0,0
8229600.0,125,0.462893243967092,False,False,ok,,,True,1.0,0.0,1,0.0,1.0,0.0,0.0,1215600.6554013297,73382.77691978768,0.46878020992444525,-73382.77691978768,-0.46878020992444525,156539.83544146415,0.0,0.0,0.462893243967092,0.07857772506071953,0.12470994181795565,0.07857772506071953,0.005011006862422226,0.06,0.0,-0.0058869659573532115,0.0003992520475043504,-0.006286218004857562,5.0,1.0,0.0786575754702204,1.0,15278.896215912117,-15278.896215912117,0.0,15278.896215912117,0.0,81.48744648486462,0.63457,0.1875,-81.48744648486462,-50864.33448930271,-493606.9214440785,0.0,-0.0,-1585060.1303348227,-716.9352961236145,716.9352961236145,-7509088.107347488,-60000.0,60000.0,-217821.5515613556,0.0,-0.0,-222629.99099493027,0.0,-0.0,15455032.991000015,118820.81599999219,-118820.81599999219,-4211225.633916002,15278.896215912117,-15278.896215912117,0.4946008026599884,0.7795210480690002,0.47185301780700684,0.39634063839912415,7795210.5,272.50958251953125,467.1210632324219,301.8787536621094,-150000000.0,0.0,0.0,-81487448.0,0.0,0.0,-6362444.5,-6362444.5,237849888.0,-0.0,0.0,0.85,1.0,-1.0,1.0,True,True,True,,0,0
8233200.0,126,0.37353175463445065,False,False,ok,,,True,1.0,0.0,1,0.0,1.0,0.0,0.0,1230844.2301625952,56820.469326447404,0.36297769935815866,-56820.469326447404,-0.36297769935815866,156539.83544146415,0.0,0.0,0.37353175463445065,0.07526271063529638,0.1213949273925325,0.07526271063529638,0.00455471882846141,0.06,0.0,0.01055405527629202,0.01657507212711573,-0.006021016850823711,5.0,1.0,0.07857772506071953,1.0,4485.6839123751815,-4485.6839123751815,0.0,4485.6839123751815,0.0,23.923647532667637,0.63457,0.1875,-23.923647532667637,-37091.210652806796,-493895.17616350297,-288.25471942446893,288.25471942446893,-1591362.0358013269,-6301.905466504162,6301.905466504162,-7569088.107347488,-60000.0,60000.0,-217821.5515613556,0.0,-0.0,-222629.99099493027,0.0,-0.0,15573957.93660001,118924.94559999555,-118924.94559999555,-4248316.844568809,4485.6839123751815,-4485.6839123751815,0.4946008026599884,0.7828360795974731,0.47185301780700684,0.39634063839912415,7828361.0,273.6684875488281,467.1210632324219,301.8787536621094,-150000000.0,0.0,0.0,-23923648.0,-4781670.0,-4781670.0,-47781436.0,-47781436.0,226486752.0,-0.0,0.0,0.85,1.0,-1.0,1.0,True,True,True,,0,0
8236800.0,127,0.23650601878202016,False,False,ok,,,True,1.0,0.0,1,0.0,1.0,0.0,0.0,1260988.2320762808,35241.477964695725,0.22512785876713007,-35241.477964695725,-0.22512785876713007,156539.83544146415,0.0,0.0,0.23650601878202016,0.06859687841383305,0.11472909517106918,0.06859687841383305,0.0037037453317376743,0.06,0.0,0.011378160014890074,0.03332916110731665,-0.021951001092426578,5.0,1.0,0.07526271063529638,1.0,2068.437702344678,-2068.437702344678,0.0,2068.437702344678,0.0,11.031667745838284,0.63457,0.1875,-11.031667745838284,-3029.038348665461,-496091.32872753165,-2196.1525640286854,2196.1525640286854,-1609236.2189249482,-17874.18312362139,17874.18312362139,-7629088.107347488,-60000.0,60000.0,-217821.5515613556,0.0,-0.0,-222629.99099493027,0.0,-0.0,15687201.31255002,113243.37595000863,-113243.37595000863,-4251345.882917474,2068.437702344678,-2068.437702344678,0.4946008026599884,0.7895019054412842,0.47185301780700684,0.39634063839912415,7895019.0,275.9987487792969,467.1210632324219,301.8787536621094,-150000000.0,0.0,0.0,-11031668.0,-8196084.0,-8196084.0,-99884560.0,-99884560.0,269112320.0,-0.0,0.0,0.85,1.0,-1.0,1.0,True,True,True,,0,0
8240400.0,128,0.6125960060633817,False,False,ok,,,True,1.0,0.0,2,0.675,1.0,0.0,0.9545,1259064.5647132723,74453.87673082243,0.47562255652596114,-74453.87673082243,-0.47562255652596114,156539.83544146415,0.0,0.0,0.6125960060633817,0.041290271776402265,0.086685406446291,0.041290271776402265,0.0011454012426708568,0.06,1.0,0.1369734495374206,0.15018633650586932,-0.013212886968448726,5.5,1.1,0.06859687841383305,1.0,10566.071741593483,-10566.071741593483,0.0,10566.071741593483,0.0,56.35238262183191,0.63457,0.1875,-56.35238262183191,-65811.47235223744,-502632.2872747439,-6540.958547212242,6540.958547212242,-1639135.1123385073,-29898.893413559068,29898.893413559068,-7689088.107347488,-60000.0,60000.0,-217821.5515613556,0.0,-0.0,-196858.49099493027,25771.5,-25771.5,15821757.469500016,134556.15694999695,-134556.15694999695,-4317157.355269711,10566.071741593483,-10566.071741593483,0.4946008026599884,0.8168085217475891,0.4804750382900238,0.3898245692253113,8168085.0,280.80328369140625,470.4718017578125,301.3994140625,-150000000.0,0.0,143175008.0,-56352384.0,-34529856.0,-34529856.0,-143080448.0,-143080448.0,240787696.0,-0.0,0.0,0.85,1.0,-1.0,1.0,True,True,True,2,1,3
8244000.0,129,0.2798793172258406,False,False,ok,,,True,1.0,0.0,2,0.675,1.0,0.0,0.9545,1275097.9963213436,18100.46100730243,0.11562846579119371,-18100.46100730243,-0.11562846579119371,156539.83544146415,0.0,0.0,0.2798793172258406,0.013210566332874485,0.05674843108801006,0.013210566332874485,6.985719183380392e-05,0.06,1.0,0.16425085143464688,0.1684782326611667,-0.0042273812265198355,6.000000000000001,1.2000000000000002,0.041290271776402265,1.0,-12966.655044556559,12966.655044556559,12966.655044556559,0.0,20.43376624258405,0.0,0.63457,0.1875,20.43376624258405,-15033.684443787672,-521675.56049371866,-19043.273218974762,19043.273218974762,-1678053.5691676731,-38918.45682916581,38918.45682916581,-7749088.107347488,-60000.0,60000.0,-217821.5515613556,0.0,-0.0,-168223.49099493027,28635.0,-28635.0,15942151.315600008,120393.84609999135,-120393.84609999135,-4332191.039713499,-12966.655044556559,12966.655044556559,0.4946008026599884,0.8448882102966309,0.4899401068687439,0.38566598296165466,8448882.0,285.2519226074219,474.1109313964844,301.093505859375,-150000000.0,0.0,143175008.0,20433766.0,-83167824.0,-83167824.0,-170765216.0,-170765216.0,240324256.0,-0.0,0.0,0.85,1.0,-1.0,1.0,False,False,True,,0,0
8247600.0,130,-1.1351029575762832,False,False,ok,,,True,1.0,0.0,0,0.25,1.0,0.0,-0.8325,1240553.2749779518,-160267.87547486112,-1.023815280135458,160267.87547486112,1.023815280135458,156539.83544146415,0.0,0.0,-1.1351029575762832,0.028908556980133338,0.07222574145350555,0.028908556980133338,0.0004767732500070638,0.06,1.0,-0.1112876774408252,-0.10203693920718253,-0.009250738233642667,6.499999999999999,1.2999999999999998,0.013210566332874485,1.0,-96526.6247554859,96526.6247554859,96526.6247554859,0.0,340.3738663404418,0.0,0.28359,0.1875,340.3738663404418,29196.529375983402,-559325.0363591864,-37649.47586546774,37649.47586546774,-1722215.9756715787,-44162.40650390554,44162.40650390554,-7809088.107347488,-60000.0,60000.0,-217821.5515613556,0.0,-0.0,-210314.99099493027,-42091.5,42091.5,16062313.447250009,120162.13165000081,-120162.13165000081,-4302994.510337516,-96526.6247554859,96526.6247554859,0.4946008026599884,0.8291902542114258,0.48026326298713684,0.3959733545780182,8291902.5,285.2308349609375,470.33856201171875,301.7633972167969,-150000000.0,0.0,-124875000.0,340373856.0,-140823216.0,-140823216.0,-183810192.0,-183810192.0,259134544.0,-0.0,0.0,0.85,1.0,-1.0,1.0,True,True,False,0,1,3
8251200.0,131,-1.1730267338543616,False,False,ok,,,True,1.0,0.0,0,0.25,1.0,0.0,-0.8325,1192903.6320850116,-160091.79698401043,-1.0226904642676369,160091.79698401043,1.0226904642676369,156539.83544146415,0.0,0.0,-1.1730267338543616,0.048182536673177345,0.09149972114654953,0.048182536673177345,0.0016504334896193136,0.06,1.0,-0.1503362695867248,-0.13491785785130805,-0.01541841173541675,7.0,1.4,0.028908556980133338,1.0,-75957.19303433393,75957.19303433393,75957.19303433393,0.0,414.3646993308272,0.0,0.18331,0.1875,414.3646993308272,36484.9610567363,-616986.0854616145,-57661.04910242814,57661.04910242814,-1768306.7988188262,-46090.823147247545,46090.823147247545,-7869088.107347488,-60000.0,60000.0,-217821.5515613556,0.0,-0.0,-260264.99099493027,-49950.0,49950.0,16191880.71555001,129567.26830000058,-129567.26830000058,-4266509.549280779,-75957.19303433393,75957.19303433393,0.4946008026599884,0.8099162578582764,0.4684666693210602,0.40776994824409485,8099162.5,285.1490478515625,465.72509765625,302.51153564453125,-150000000.0,0.0,-124875000.0,414364704.0,-196111456.0,-196111456.0,-185038432.0,-185038432.0,241660208.0,-0.0,0.0,0.85,1.0,-1.0,1.0,True,False,False,0,2,2
8254800.0,132,-1.2996029970496479,False,False,ok,,,True,1.0,0.0,0,0.20000000298023224,1.0,0.0,-0.8659999980032445,1130441.6378341855,-175333.0892756849,-1.1200541305107492,175333.0892756849,1.1200541305107492,156539.83544146415,0.0,0.0,-1.2996029970496479,0.06917108588078374,0.11248827035415593,0.06917108588078374,0.003773551951002376,0.06,0.0,-0.1795488665388988,-0.157414119057048,-0.0221347474818508,7.5,1.5,0.048182536673177345,1.0,-71882.7571127324,71882.7571127324,71882.7571127324,0.0,392.1376745007496,0.0,0.18331,0.1875,392.1376745007496,40988.337912126444,-685183.28226737,-68197.19680575549,68197.19680575549,-1812631.0361838469,-44324.23736502067,44324.23736502067,-7929088.107347488,-60000.0,60000.0,-217821.5515613556,0.0,-0.0,-312023.99088710546,-51758.9998921752,51758.9998921752,16312710.817450017,120830.10190000758,-120830.10190000758,-4225521.211368653,-71882.7571127324,71882.7571127324,0.4946008026599884,0.7889277338981628,0.456290066242218,0.419946551322937,7889277.0,284.66705322265625,460.9389953613281,303.2614440917969,-150000000.0,0.0,-129900000.0,392137664.0,-193311008.0,-193311008.0,-167740576.0,-167740576.0,248813904.0,-0.0,0.0,0.85,1.0,-1.0,1.0,True,False,False,0,3,1
8258400.0,133,-1.111109040559111,False,False,ok,,,True,1.0,0.0,0,0.20000000298023224,1.0,0.0,-0.8659999980032445,1079818.541201423,-142128.4818832009,-0.9079381071430079,142128.4818832009,0.9079381071430079,156539.83544146415,0.0,0.0,-1.111109040559111,0.09093024284403523,0.1342474273174074,0.09093024284403523,0.0069047760874612766,0.06,0.0,-0.20317093341610312,-0.17407325570601184,-0.029097677710091273,8.0,1.6,0.06917108588078374,1.0,-56041.38944354079,56041.38944354079,56041.38944354079,0.0,305.7192157740483,0.0,0.18331,0.1875,305.7192157740483,35463.995806897525,-746942.8110155716,-61759.528748201556,61759.528748201556,-1849405.553345111,-36774.517161264084,36774.517161264084,-7989088.107347488,-60000.0,60000.0,-217821.5515613556,0.0,-0.0,-363983.9907673001,-51959.999880194664,51959.999880194664,16437117.770800024,124406.95335000753,-124406.95335000753,-4190057.2155617555,-56041.38944354079,56041.38944354079,0.4946008026599884,0.7671685218811035,0.44405683875083923,0.4321797788143158,7671685.5,283.90985107421875,456.1072692871094,303.99322509765625,-150000000.0,0.0,-129900000.0,305719200.0,-156748400.0,-156748400.0,-121594224.0,-121594224.0,252523424.0,-0.0,0.0,0.85,1.0,-1.0,1.0,True,False,False,,0,0
8262000.0,134,0.2447526935938255,False,False,ok,,,True,1.0,0.0,2,0.675,1.0,0.0,0.9545,1089130.502604165,14865.336027890316,0.09496200111599708,-14865.336027890316,-0.09496200111599708,156539.83544146415,0.0,0.0,0.2447526935938255,0.0706481147048153,0.11396529917818748,0.0706481147048153,0.003956144639759219,0.06,0.0,0.14979069247782845,0.17239808918336935,-0.0226073967055409,8.5,1.7000000000000002,0.09093024284403523,1.0,2533.8104336586443,-2533.8104336586443,0.0,2533.8104336586443,0.0,13.513655646179437,0.28359,0.1875,-13.513655646179437,-3019.5641914894804,-795012.7963550498,-48069.98533947824,48069.98533947824,-1875841.2507233815,-26435.69737827056,26435.69737827056,-8049088.107347488,-60000.0,60000.0,-217821.5515613556,0.0,-0.0,-343408.4907553196,20575.500011980534,-20575.500011980534,16563379.479100026,126261.70830000192,-126261.70830000192,-4193076.779753245,2533.8104336586443,-2533.8104336586443,0.4946008026599884,0.7874506711959839,0.45145881175994873,0.4247778058052063,7874507.0,287.0131530761719,459.2707214355469,303.44146728515625,-150000000.0,0.0,143175008.0,-13513656.0,-115102432.0,-115102432.0,-86209456.0,-86209456.0,221650544.0,-0.0,0.0,0.85,1.0,-1.0,1.0,True,True,True,2,1,3
8265600.0,135,0.576082776287836,False,False,ok,,,True,1.0,0.0,2,0.675,1.0,0.0,0.9545,1081979.69149453,65713.56932050882,0.4197881589385053,-65713.56932050882,-0.4197881589385053,156539.83544146415,0.0,0.0,0.576082776287836,0.05145261963455011,0.09432543591223316,0.05145261963455011,0.0019232812682606,0.06,1.0,0.15629461734933067,0.1727594556323867,-0.016464838283056036,9.0,1.7999999999999998,0.0706481147048153,1.0,28855.360047617072,-28855.360047617072,0.0,28855.360047617072,0.0,153.89525358729105,0.63457,0.1875,-153.89525358729105,-44009.020382526796,-820327.482353611,-25314.68599856121,25314.68599856121,-1893128.6252019275,-17287.37447854597,17287.37447854597,-8109088.107347488,-60000.0,60000.0,-217821.5515613556,0.0,-0.0,-314773.4907553196,28635.0,-28635.0,16674204.748850029,110825.26975000277,-110825.26975000277,-4237085.800135772,28855.360047617072,-28855.360047617072,0.4946008026599884,0.8066461682319641,0.46100738644599915,0.4164988696575165,8066461.5,288.3768615722656,463.20965576171875,302.84271240234375,-150000000.0,0.0,143175008.0,-153895248.0,-31383646.0,-31383646.0,-48096684.0,-48096684.0,240200592.0,-0.0,0.0,0.85,1.0,-1.0,1.0,False,False,True,2,2,2
8269200.0,136,0.9130886411181385,False,False,ok,,,True,1.0,0.0,2,0.675,1.0,0.0,0.9545,1044063.3815698931,124842.05565072948,0.7975098178598278,-124842.05565072948,-0.7975098178598278,156539.83544146415,0.0,0.0,0.9130886411181385,0.038006218255592195,0.0794148545304122,0.038006218255592195,0.0009381810630786793,0.06,1.0,0.11557882325831072,0.12774081310010021,-0.012161989841789502,9.5,1.9,0.05145261963455011,1.0,47698.24103713388,-47698.24103713388,0.0,47698.24103713388,0.0,254.390618864714,0.63457,0.1875,-254.390618864714,-115060.12453823257,-824490.0324201146,-4162.55006650358,4162.55006650358,-1900557.5526718278,-7428.927469900344,7428.927469900344,-8169088.107347488,-60000.0,60000.0,-217821.5515613556,0.0,-0.0,-286138.4907553196,28635.0,-28635.0,16794305.041000035,120100.2921500057,-120100.2921500057,-4352145.924674004,47698.24103713388,-47698.24103713388,0.4946008026599884,0.8200925588607788,0.4705601632595062,0.4111294448375702,8200925.5,287.6687927246094,467.0236511230469,302.45440673828125,-150000000.0,0.0,143175008.0,-254390624.0,0.0,0.0,-6731593.0,-6731593.0,267947216.0,-0.0,0.0,0.85,1.0,-1.0,1.0,False,False,True,2,3,1
8272800.0,137,0.9829492300956708,False,False,ok,,,True,1.0,0.0,2,0.15,1.0,0.0,0.881,995267.8627735174,143181.51298580322,0.9146650281189539,-143181.51298580322,-0.9146650281189539,156539.83544146415,0.0,0.0,0.9829492300956708,0.030211044629767925,0.07081506846038722,0.030211044629767925,0.0005326786458894605,0.06,1.0,0.06828420197671696,0.0779517362582427,-0.009667534281525737,10.0,2.0,0.038006218255592195,1.0,43486.12303125,-43486.12303125,0.0,43486.12303125,0.0,231.9259895,1.13597,0.1875,-231.9259895,-148490.90875092894,-824490.0324201146,0.0,-0.0,-1901486.2686672737,-928.7159954458475,928.7159954458475,-8229088.107347488,-60000.0,60000.0,-217821.5515613556,0.0,-0.0,-259487.9907553196,26650.5,-26650.5,16928278.646950025,133973.60594999045,-133973.60594999045,-4500636.833424933,43486.12303125,-43486.12303125,0.4946008026599884,0.827887773513794,0.4791484773159027,0.40484005212783813,8278877.5,285.5746154785156,470.32513427734375,301.99957275390625,-150000000.0,0.0,132150000.0,-231925984.0,0.0,0.0,-0.0,-0.0,249775984.0,-0.0,0.0,0.85,1.0,-1.0,1.0,False,False,True,,0,0
8276400.0,138,-0.2618215795237472,False,False,ok,,,True,1.0,0.0,0,0.25,1.0,0.0,-0.8325,1006187.2090985172,13237.097228724819,0.08456056690870001,-13237.097228724819,-0.08456056690870001,156539.83544146415,0.0,0.0,-0.2618215795237472,0.06133069455129486,0.10186427936428051,0.06133069455129486,0.0028773623321216636,0.06,0.0,-0.3463821464324472,-0.32675632417603284,-0.019625822256414356,10.5,2.1,0.030211044629767925,1.0,-9338.897521271992,9338.897521271992,9338.897521271992,0.0,8.221077599999994,0.0,1.13597,0.1875,8.221077599999994,-11656.648424996994,-824490.0324201146,0.0,-0.0,-1901486.2686672737,0.0,-0.0,-8289088.107347488,-60000.0,60000.0,-217821.5515613556,0.0,-0.0,-301799.9907553196,-42312.0,42312.0,17053166.64170002,124887.99474999309,-124887.99474999309,-4512293.48184993,-9338.897521271992,9338.897521271992,0.4946008026599884,0.796768069267273,0.4693799614906311,0.41480979323387146,7967681.0,280.1986999511719,466.4873352050781,302.613525390625,-150000000.0,0.0,-124875000.0,8221077.5,0.0,0.0,-0.0,-0.0,266653920.0,-0.0,0.0,0.85,1.0,-1.0,1.0,True,True,False,0,1,3
8280000.0,139,-0.05809865490515606,False,False,ok,,,True,1.0,0.0,0,0.550000011920929,1.0,0.0,-0.6314999920129776,1028658.7627628681,38379.78187468586,0.24517581589663442,-38379.78187468586,-0.24517581589663442,156539.83544146415,0.0,0.0,-0.05809865490515606,0.08638799565954364,0.1269215804725293,0.08638799565954364,0.00617292625498593,0.06,0.0,-0.3032744708017905,-0.2756303121907365,-0.027644158611053963,11.0,2.2,0.06133069455129486,1.0,4148.820243385004,-4148.820243385004,0.0,4148.820243385004,0.0,22.127041298053353,1.13597,0.1875,-22.127041298053353,-11759.407966949977,-824490.0324201146,0.0,-0.0,-1901486.2686672737,0.0,-0.0,-8349088.107347488,-60000.0,60000.0,-217821.5515613556,0.0,-0.0,-340895.9903240204,-39095.99956870079,39095.99956870079,17186493.602900032,133326.96120001376,-133326.96120001376,-4524052.88981688,4148.820243385004,-4148.820243385004,0.4946008026599884,0.7717108130455017,0.4597223401069641,0.42446741461753845,7717108.0,276.71246337890625,462.68798828125,303.1999206542969,-150000000.0,0.0,-94725000.0,-22127042.0,0.0,0.0,-0.0,-0.0,266852048.0,-0.0,0.0,0.85,1.0,-1.0,1.0,True,False,False,0,2,2
8283600.0,140,-0.03554410309220743,False,False,ok,,,True,1.0,0.0,0,0.550000011920929,1.0,0.0,-0.6314999920129776,1050918.558513257,37985.13761635861,0.24265476905118258,-37985.13761635861,-0.24265476905118258,156539.83544146415,0.0,0.0,-0.03554410309220743,0.10758551795500354,0.1481191027679892,0.10758551795500354,0.009941335454819959,0.06,0.0,-0.27819887214339,-0.24377150639778888,-0.03442736574560113,11.5,2.3,0.08638799565954364,1.0,2449.1170871350037,-2449.1170871350037,0.0,2449.1170871350037,0.0,13.061957798053353,0.98555,0.1875,-13.061957798053353,-13276.22477883473,-824490.0324201146,0.0,-0.0,-1901486.2686672737,0.0,-0.0,-8409088.107347488,-60000.0,60000.0,-217821.5515613556,0.0,-0.0,-378785.98984479904,-37889.999520778656,37889.999520778656,17319919.622950044,133426.02005001158,-133426.02005001158,-4537329.114595715,2449.1170871350037,-2449.1170871350037,0.4946008026599884,0.7505132555961609,0.4503154456615448,0.43387430906295776,7505132.5,274.3536376953125,458.972900390625,303.7583312988281,-150000000.0,0.0,-94725000.0,-13061958.0,0.0,0.0,-0.0,-0.0,257786960.0,-0.0,0.0,0.85,1.0,-1.0,1.0,True,False,False,0,3,1
8287200.0,141,-0.062413363940745675,False,False,ok,,,True,1.0,0.0,0,0.550000011920929,1.0,0.0,-0.6314999920129776,1074084.8626136456,31419.861997609685,0.2007148015008531,-31419.861997609685,-0.2007148015008531,156539.83544146415,0.0,0.0,-0.062413363940745675,0.12614889455370465,0.1666824793666903,0.12614889455370465,0.013979553498695233,0.06,0.0,-0.2631281654415988,-0.2227605191844133,-0.04036764625718549,12.0,2.4,0.10758551795500354,1.0,416.38321838500724,-416.38321838500724,0.0,416.38321838500724,0.0,2.220710498053372,0.98555,0.1875,-2.220710498053372,-7837.174678836018,-824490.0324201146,0.0,-0.0,-1901486.2686672737,0.0,-0.0,-8469088.107347488,-60000.0,60000.0,-217821.5515613556,0.0,-0.0,-416675.9893655777,-37889.999520778656,37889.999520778656,17448813.101250056,128893.47830001265,-128893.47830001265,-4545166.289274551,416.38321838500724,-416.38321838500724,0.4946008026599884,0.7319499254226685,0.4409223198890686,0.44326743483543396,7319499.0,272.8733825683594,455.2496643066406,304.30401611328125,-150000000.0,0.0,-94725000.0,-2220710.5,0.0,0.0,-0.0,-0.0,246945712.0,-0.0,0.0,0.85,1.0,-1.0,1.0,True,False,False,,0,0
8290800.0,142,1.0676696238786623,False,False,ok,,,True,1.0,0.0,2,0.6875,1.0,0.0,0.95625,1029647.2916596851,133249.86718541945,0.8512201818127396,-133249.86718541945,-0.8512201818127396,156539.83544146415,0.0,0.0,1.0676696238786623,0.1061163603631346,0.14664994517612023,0.1061163603631346,0.009651170523597416,0.06,0.0,0.21644944206592256,0.25040667738212563,-0.03395723531620307,12.5,2.5,0.12614889455370465,1.0,47747.2624875,-47747.2624875,0.0,47747.2624875,0.0,254.65206659999998,0.63457,0.1875,-254.65206659999998,-129940.17565187998,-824490.0324201146,0.0,-0.0,-1901486.2686672737,0.0,-0.0,-8529088.107347488,-60000.0,60000.0,-217821.5515613556,0.0,-0.0,-394646.23931765556,22029.750047922134,-22029.750047922134,17572285.95590004,123472.85464998335,-123472.85464998335,-4675106.464926431,47747.2624875,-47747.2624875,0.4946008026599884,0.7519824504852295,0.44885939359664917,0.4353303611278534,7519824.5,275.78070068359375,458.4977111816406,303.72576904296875,-150000000.0,0.0,143437504.0,-254652064.0,0.0,0.0,-0.0,-0.0,261214560.0,-0.0,0.0,0.85,1.0,-1.0,1.0,True,True,True,2,1,3
8294400.0,143,1.1332148057852773,False,False,ok,,,True,1.0,0.0,2,0.7,1.0,0.0,0.958,976056.3349996854,139511.53498124838,0.8912206569516724,-139511.53498124838,-0.8912206569516724,156539.83544146415,0.0,0.0,1.1332148057852773,0.08539928948101688,0.12593287429400252,0.08539928948101688,0.006019093757634795,0.06,0.0,0.2419941488336049,0.2693219214675303,-0.027327772633925402,13.0,2.6,0.1061163603631346,1.0,40169.501681249996,-40169.501681249996,0.0,40169.501681249996,0.0,214.2373423,0.63457,0.1875,-214.2373423,-152932.98995999806,-824490.0324201146,0.0,-0.0,-1901486.2686672737,0.0,-0.0,-8589088.107347488,-60000.0,60000.0,-217821.5515613556,0.0,-0.0,-365911.48931765556,28734.75,-28734.75,17702893.239200052,130607.28330001235,-130607.28330001235,-4828039.454886429,40169.501681249996,-40169.501681249996,0.4946008026599884,0.7726994752883911,0.4586900770664215,0.42549967765808105,7726995.0,277.7699890136719,462.42401123046875,303.0256042480469,-150000000.0,0.0,143700000.0,-214237344.0,0.0,0.0,-0.0,-0.0,220537344.0,-0.0,0.0,0.85,1.0,-1.0,1.0,False,False,True,2,2,2
8298000.0,144,1.035007104706254,False,False,ok,,,True,1.0,0.0,2,0.7125,1.0,0.0,0.95975,926428.1007696856,126172.50516875146,0.8060089293752445,-126172.50516875146,-0.8060089293752445,156539.83544146415,0.0,0.0,1.035007104706254,0.06685182580772203,0.107372007923736,0.06685182580772203,0.003495645856228514,0.06,0.0,0.22899817533100944,0.2503907595894805,-0.02139258425847105,13.5,2.7,0.08539928948101688,1.0,47116.58401875,-47116.58401875,0.0,47116.58401875,0.0,251.28844809999998,0.63457,0.1875,-251.28844809999998,-128684.15538000129,-824490.0324201146,0.0,-0.0,-1901486.2686672737,0.0,-0.0,-8649088.107347488,-60000.0,60000.0,-217821.5515613556,0.0,-0.0,-337124.23931765556,28787.25,-28787.25,17813161.910350036,110268.671149984,-110268.671149984,-4956723.61026643,47116.58401875,-47116.58401875,0.4946008026599884,0.7912469506263733,0.46849673986434937,0.4157313108444214,7912469.5,278.9281921386719,466.2532043457031,302.3299255371094,-150000000.0,0.0,143962496.0,-251288448.0,0.0,0.0,-0.0,-0.0,257325952.0,-0.0,0.0,0.85,1.0,-1.0,1.0,False,False,True,2,3,1
8301600.0,145,1.1019298090984342,False,False,ok,,,True,1.0,0.0,2,0.725,1.0,0.0,0.9615,873016.0059596854,138635.8625374961,0.8856267297491636,-138635.8625374961,-0.8856267297491636,156539.83544146415,0.0,0.0,1.1019298090984342,0.05025296661723727,0.0903022132168922,0.05025296661723727,0.0018207013371526407,0.06,1.0,0.21630307934927073,0.23238402866678665,-0.016080949317515927,14.0,2.8,0.06685182580772203,1.0,41133.13848749999,-41133.13848749999,0.0,41133.13848749999,0.0,219.37673859999998,0.63457,0.1875,-219.37673859999998,-150914.81885999627,-824490.0324201146,0.0,-0.0,-1901486.2686672737,0.0,-0.0,-8709088.107347488,-60000.0,60000.0,-217821.5515613556,0.0,-0.0,-308284.48931765556,28839.75,-28839.75,17941824.884400044,128662.97405000776,-128662.97405000776,-5107638.429126427,41133.13848749999,-41133.13848749999,0.4946008026599884,0.8078458309173584,0.4782924950122833,0.4072810709476471,8078458.5,279.3729553222656,469.9852600097656,301.7281188964844,-150000000.0,0.0,144224992.0,-219376736.0,0.0,0.0,-0.0,-0.0,225151744.0,-0.0,0.0,0.85,1.0,-1.0,1.0,False,False,True,,0,0
8305200.0,146,0.9824847850238977,False,False,ok,,,True,1.0,0.0,2,0.7375,1.0,0.0,0.96325,822716.3320996852,122138.37664999874,0.7802383099838549,-122138.37664999874,-0.7802383099838549,156539.83544146415,0.0,0.0,0.9824847850238977,0.035521021653839246,0.07458361688439,0.035521021653839246,0.0007957056007571912,0.06,1.0,0.2022464750400428,0.21361320196927136,-0.01136672692922856,14.5,2.9,0.05025296661723727,1.0,40670.25735,-40670.25735,0.0,40670.25735,0.0,216.9080392,0.63457,0.1875,-216.9080392,-131767.79315999895,-824490.0324201146,0.0,-0.0,-1901486.2686672737,0.0,-0.0,-8769088.107347488,-60000.0,60000.0,-217821.5515613556,0.0,-0.0,-279392.23931765556,28892.25,-28892.25,18054400.753700037,112575.86929999292,-112575.86929999292,-5239406.2222864255,40670.25735,-40670.25735,0.4946008026599884,0.8225777745246887,0.4880906343460083,0.4003019630908966,8225777.5,279.16546630859375,473.6206359863281,301.2311096191406,-150000000.0,0.0,144487504.0,-216908032.0,0.0,0.0,-0.0,-0.0,222420544.0,-0.0,0.0,0.85,1.0,-1.0,1.0,True,True,True,2,1,3
8308800.0,147,0.90510539476357,False,False,ok,,,True,1.0,0.0,2,0.15,1.0,0.0,0.881,777120.7781796849,117530.99883124698,0.7508056878927538,-117530.99883124698,-0.7508056878927538,156539.83544146415,0.0,0.0,0.90510539476357,0.024707285766107867,0.06317789470950479,0.024707285766107867,0.000319569002953517,0.06,1.0,0.15429970687081618,0.1622060383159707,-0.007906331445154518,15.0,3.0,0.035521021653839246,1.0,39643.97923125,-39643.97923125,0.0,39643.97923125,0.0,211.4345559,0.63457,0.1875,-211.4345559,-123482.5735199973,-824490.0324201146,0.0,-0.0,-1901486.2686672737,0.0,-0.0,-8829088.107347488,-60000.0,60000.0,-217821.5515613556,0.0,-0.0,-252715.48931765556,26676.75,-26676.75,18165611.02330004,111210.26960000396,-111210.26960000396,-5362888.795806423,39643.97923125,-39643.97923125,0.4946008026599884,0.8333914875984192,0.49676352739334106,0.3933204412460327,8333915.0,278.24420166015625,474.5345153808594,300.7339172363281,-150000000.0,0.0,132150000.0,-211434560.0,0.0,0.0,-0.0,-0.0,229284560.0,-0.0,0.0,0.85,1.0,-1.0,1.0,False,False,True,,0,0
8312400.0,148,-0.4986220587230715,False,False,ok,,,True,1.0,0.0,0,0.25,1.0,0.0,-0.8325,780868.1227446852,-7489.256061264165,-0.04784249351063529,7489.256061264165,0.04784249351063529,156539.83544146415,0.0,0.0,-0.4986220587230715,0.05270180117491202,0.09111629913274079,0.05270180117491202,0.002033155323279591,0.06,1.0,-0.45077956521243623,-0.4339149888364644,-0.016864576375971847,15.5,3.1,0.024707285766107867,1.0,-19819.534011264997,19819.534011264997,19819.534011264997,0.0,31.2330145,0.0,0.63457,0.1875,31.2330145,-8582.933385000564,-824490.0324201146,0.0,-0.0,-1901486.2686672737,0.0,-0.0,-8889088.107347488,-60000.0,60000.0,-217821.5515613556,0.0,-0.0,-295027.48931765556,-42312.0,42312.0,18280253.30125005,114642.2779500112,-114642.2779500112,-5371471.729191423,-19819.534011264997,19819.534011264997,0.4946008026599884,0.8053969740867615,0.4870012700557709,0.4032430052757263,8053970.0,273.96417236328125,472.9429016113281,301.36444091796875,-150000000.0,0.0,-124875000.0,31233014.0,0.0,0.0,-0.0,-0.0,243641984.0,-0.0,0.0,0.85,1.0,-1.0,1.0,True,True,False,0,1,3
8316000.0,149,-0.6562666966496372,False,False,ok,,,True,1.0,0.0,0,0.20000000298023224,1.0,0.0,-0.8659999980032445,794054.1162750361,-32632.5559798166,-0.2084616729523718,32632.5559798166,0.2084616729523718,156539.83544146415,0.0,0.0,-0.6562666966496372,0.07910746583920697,0.11752196379703572,0.07910746583920697,0.005085958616653853,0.06,0.0,-0.4478050236972654,-0.42249063462871916,-0.02531438906854623,16.0,3.2,0.05270180117491202,1.0,-41941.96425344668,41941.96425344668,41941.96425344668,0.0,66.095094715235,0.0,0.63457,0.1875,66.095094715235,3876.585256720893,-824490.0324201146,0.0,-0.0,-1902238.8532514696,-752.5845841958653,752.5845841958653,-8949088.107347488,-60000.0,60000.0,-217821.5515613556,0.0,-0.0,-346786.48920983076,-51758.9998921752,51758.9998921752,18402074.294000056,121820.99275000393,-121820.99275000393,-5367595.1439347025,-41941.96425344668,41941.96425344668,0.4946008026599884,0.7789913415908813,0.47482067346572876,0.41542360186576843,7789913.5,271.3507080078125,468.19329833984375,302.12286376953125,-150000000.0,0.0,-129900000.0,66095096.0,0.0,0.0,-6676876.0,-6676876.0,220481776.0,-0.0,0.0,0.85,1.0,-1.0,1.0,True,False,False,0,2,2
8319600.0,150,-0.7520290257405772,False,False,ok,,,True,1.0,0.0,0,0.20000000298023224,1.0,0.0,-0.8659999980032445,793088.1491138259,-61344.28886888761,-0.391876538619631,61344.28886888761,0.391876538619631,156539.83544146415,0.0,0.0,-0.7520290257405772,0.099014606032572,0.13742910399040076,0.099014606032572,0.008309412067623503,0.06,0.0,-0.36015248712094616,-0.3284678131905231,-0.03168467393042304,16.5,3.3,0.07910746583920697,1.0,-51427.81917208087,51427.81917208087,51427.81917208087,0.0,81.04357150839289,0.0,0.63457,0.1875,81.04357150839289,8950.50253559649,-826854.8378797116,-2364.8054595970316,2364.8054595970316,-1908071.408208485,-5832.55495701544,5832.55495701544,-9009088.107347488,-60000.0,60000.0,-217821.5515613556,0.0,-0.0,-398746.4890900254,-51959.999880194664,51959.999880194664,18512315.184600066,110240.89060001075,-110240.89060001075,-5358644.641399106,-51427.81917208087,51427.81917208087,0.4946008026599884,0.759084165096283,0.4625774323940277,0.42766687273979187,7590842.0,270.9570617675781,463.3940124511719,302.86309814453125,-150000000.0,0.0,-129900000.0,81043568.0,-20718306.0,-20718306.0,-43334288.0,-43334288.0,262909024.0,-0.0,0.0,0.85,1.0,-1.0,1.0,True,False,False,0,3,1
8323200.0,151,-1.0357124019885497,False,False,ok,,,True,1.0,0.0,0,0.20000000298023224,1.0,0.0,-0.8659999980032445,796920.526689127,-117941.18868110066,-0.7534260423137029,117941.18868110066,0.7534260423137029,156539.83544146415,0.0,0.0,-1.0357124019885497,0.11348352553282742,0.1518980234906562,0.11348352553282742,0.011149668866520315,0.06,0.0,-0.2822863596748469,-0.2459716315043421,-0.036314728170504774,17.0,3.4,0.099014606032572,1.0,-110366.15233584835,110366.15233584835,110366.15233584835,0.0,173.9227387614422,0.0,0.63457,0.1875,173.9227387614422,11407.413920553401,-836650.4897905029,-9795.65191079129,9795.65191079129,-1925345.30496275,-17273.896754265064,17273.896754265064,-9069088.107347488,-60000.0,60000.0,-217821.5515613556,0.0,-0.0,-450706.4889702201,-51959.999880194664,51959.999880194664,18643769.69680005,131454.512199983,-131454.512199983,-5347237.227478553,-110366.15233584835,110366.15233584835,0.4946008026599884,0.7446152567863464,0.45031628012657166,0.4399280250072479,7446152.5,272.53912353515625,458.5635681152344,303.58343505859375,-150000000.0,0.0,-129900000.0,173922736.0,-37838012.0,-37838012.0,-99859200.0,-99859200.0,243674480.0,-0.0,0.0,0.85,1.0,-1.0,1.0,True,False,False,,0,0
8326800.0,152,0.5979168341196536,False,False,ok,,,True,1.0,0.0,2,0.8125,1.0,0.0,0.97375,802126.7906165154,13103.671358417898,0.08370822239249018,-13103.671358417898,-0.08370822239249018,156539.83544146415,0.0,0.0,0.5979168341196536,0.0825899598820043,0.12100445783983305,0.0825899598820043,0.005592660943457085,0.06,0.0,0.5142086117271634,0.5406373988894048,-0.026428787162241375,17.5,3.5,0.11348352553282742,1.0,-16969.674381075714,16969.674381075714,16969.674381075714,0.0,26.74200542268893,0.0,0.63457,0.1875,26.74200542268893,-24867.08181210514,-859616.9806717978,-22966.490881294827,22966.490881294827,-1955237.9565039421,-29892.651541192085,29892.651541192085,-9129088.107347488,-60000.0,60000.0,-217821.5515613556,0.0,-0.0,-429611.23895823956,21095.250011980534,-21095.250011980534,18765606.934950065,121837.23815001547,-121837.23815001547,-5372104.309290658,-16969.674381075714,16969.674381075714,0.4946008026599884,0.7755088210105896,0.45806124806404114,0.43218305706977844,7755088.5,279.42144775390625,461.75531005859375,303.02532958984375,-150000000.0,0.0,146062496.0,26742006.0,-107237008.0,-107237008.0,-143064240.0,-143064240.0,227496736.0,-0.0,0.0,0.85,1.0,-1.0,1.0,True,True,True,2,1,3
8330400.0,153,0.13702670732149136,False,False,ok,,,True,1.0,0.0,2,0.825,1.0,0.0,0.9755,807478.6853419079,-63153.15626532781,-0.40343185545856175,63153.15626532781,0.40343185545856175,156539.83544146415,0.0,0.0,0.13702670732149136,0.05164632724323276,0.0899394877339395,0.05164632724323276,0.0019401147231646295,0.06,1.0,0.5404585627800531,0.5569853874978876,-0.016526824717834482,18.0,3.6,0.0825899598820043,1.0,-62469.57930233887,62469.57930233887,62469.57930233887,0.0,98.44395307426899,0.0,0.63457,0.1875,98.44395307426899,6035.471688381396,-903906.4868314202,-44289.506159622455,44289.506159622455,-1994640.1460573091,-39402.189553366974,39402.189553366974,-9189088.107347488,-60000.0,60000.0,-217821.5515613556,0.0,-0.0,-400351.48895823956,29259.75,-29259.75,18879355.303700056,113748.36874999106,-113748.36874999106,-5366068.837602276,-62469.57930233887,62469.57930233887,0.4946008026599884,0.8064524531364441,0.46791866421699524,0.422672301530838,8064524.5,284.8995361328125,465.7550964355469,302.35845947265625,-150000000.0,0.0,146324992.0,98443952.0,-151917312.0,-151917312.0,-175124384.0,-175124384.0,232272736.0,-0.0,0.0,0.85,1.0,-1.0,1.0,False,False,True,2,2,2
8334000.0,154,0.14084083616788595,False,False,ok,,,True,1.0,0.0,2,0.8375,1.0,0.0,0.97725,803822.2856143541,-51748.55545083172,-0.3305775511063595,51748.55545083172,0.3305775511063595,156539.83544146415,0.0,0.0,0.14084083616788595,0.025719376552899076,0.06341123665314045,0.025719376552899076,0.00035421193624382704,0.06,1.0,0.47141838727424545,0.47964858777117314,-0.008230200496927704,18.5,3.7,0.05164632724323276,1.0,-37209.53581030615,37209.53581030615,37209.53581030615,0.0,131.2089136087526,0.0,0.28359,0.1875,131.2089136087526,10882.619912971742,-958410.5533472474,-54504.0665158272,54504.0665158272,-2040123.7153320094,-45483.56927470025,45483.56927470025,-9249088.107347488,-60000.0,60000.0,-217821.5515613556,0.0,-0.0,-371039.23895823956,29312.25,-29312.25,18995491.669850063,116136.36615000665,-116136.36615000665,-5355186.217689305,-37209.53581030615,37209.53581030615,0.4946008026599884,0.8323794007301331,0.47771257162094116,0.41459640860557556,8323794.0,288.4593200683594,469.6546630859375,301.792236328125,-150000000.0,0.0,146587504.0,131208912.0,-160434768.0,-160434768.0,-190201200.0,-190201200.0,222839552.0,-0.0,0.0,0.85,1.0,-1.0,1.0,False,False,True,,0,0
8337600.0,155,-0.6192497826856077,False,False,ok,,,True,1.0,0.0,1,0.0,1.0,0.0,0.0,785043.0886931143,-86097.7753853184,-0.5500055314515354,86097.7753853184,0.5500055314515354,156539.83544146415,0.0,0.0,-0.6192497826856077,0.02887745371320677,0.0852797470613676,0.02887745371320677,0.00047547971411717593,0.06,1.0,-0.06924425123407234,-0.060003466045846165,-0.009240785188226167,19.0,3.8,0.025719376552899076,1.0,-42729.7176898466,42729.7176898466,42729.7176898466,0.0,233.1008547806808,0.0,0.18331,0.1875,233.1008547806808,24588.860774232075,-1008715.55480687,-50305.00145962252,50305.00145962252,-2087538.3001678588,-47414.58483584947,47414.58483584947,-9309088.107347488,-60000.0,60000.0,-217821.5515613556,0.0,-0.0,-368107.48895823956,2931.75,-2931.75,19106911.448450062,111419.77859999985,-111419.77859999985,-5330597.356915073,-42729.7176898466,42729.7176898466,0.4946008026599884,0.8292213678359985,0.47596052289009094,0.3628900647163391,8292213.5,288.3750915527344,469.14501953125,298.1671142578125,-150000000.0,0.0,0.0,233100848.0,-124368616.0,-124368616.0,-188994480.0,-188994480.0,230262240.0,-0.0,0.0,0.85,1.0,-1.0,1.0,True,True,False,,0,0
8341200.0,156,-0.3493710040411479,False,False,ok,,,True,1.0,0.0,1,0.0,1.0,0.0,0.0,778417.575467099,-57712.16800652983,-0.3686740045674219,57712.16800652983,0.3686740045674219,156539.83544146415,0.0,0.0,-0.3493710040411479,0.027437303071708274,0.0838395964198691,0.027437303071708274,0.0004177049441540734,0.06,1.0,0.01930300052627399,0.02808293750922064,-0.008779936982946648,19.5,3.9,0.02887745371320677,1.0,-30319.00832433897,30319.00832433897,30319.00832433897,0.0,165.39745962761972,0.0,0.18331,0.1875,165.39745962761972,20767.646456175484,-1045604.167115503,-36888.61230863305,36888.61230863305,-2133173.9674914163,-45635.66732355743,45635.66732355743,-9369088.107347488,-60000.0,60000.0,-217821.5515613556,0.0,-0.0,-368107.48895823956,0.0,-0.0,19222042.568400066,115131.11995000392,-115131.11995000392,-5309829.710458897,-30319.00832433897,30319.00832433897,0.4946008026599884,0.8306614756584167,0.47596052289009094,0.3628900647163391,8306615.0,288.87591552734375,469.14501953125,298.1671142578125,-150000000.0,0.0,0.0,165397456.0,-83993312.0,-83993312.0,-174678608.0,-174678608.0,243274464.0,-0.0,0.0,0.85,1.0,-1.0,1.0,True,True,False,,0,0
8344800.0,157,-0.161135662459639,False,False,ok,,,True,1.0,0.0,1,0.0,1.0,0.0,0.0,787387.6074489016,-27410.794738916527,-0.17510427720595378,27410.794738916527,0.17510427720595378,156539.83544146415,0.0,0.0,-0.161135662459639,0.026317787730701314,0.08272008107886214,0.026317787730701314,0.0003756587407964998,0.06,1.0,0.013968614746314785,0.022390306820139205,-0.00842169207382442,20.0,4.0,0.027437303071708274,1.0,-21924.93819404483,21924.93819404483,21924.93819404483,0.0,119.60579452318385,0.0,0.18331,0.1875,119.60579452318385,14455.88852667436,-1072430.7902891543,-26826.623173651285,26826.623173651285,-2173470.429362637,-40296.46187122073,40296.46187122073,-9429088.107347488,-60000.0,60000.0,-217821.5515613556,0.0,-0.0,-368107.48895823956,0.0,-0.0,19343679.796900053,121637.22849998623,-121637.22849998623,-5295373.821932223,-21924.93819404483,21924.93819404483,0.4946008026599884,0.8317810297012329,0.47596052289009094,0.3628900647163391,8317810.0,289.2652587890625,469.14501953125,298.1671142578125,-150000000.0,0.0,0.0,119605792.0,-68039000.0,-68039000.0,-144615552.0,-144615552.0,243048752.0,-0.0,0.0,0.85,1.0,-1.0,1.0,True,True,False,,0,0
8348400.0,158,-0.09444810388814796,False,False,ok,,,True,1.0,0.0,1,0.0,1.0,0.0,0.0,804536.6413044921,-14284.10908916299,-0.09124903606088387,14284.10908916299,0.09124903606088387,156539.83544146415,0.0,0.0,-0.09444810388814796,0.026066941225102835,0.08246923457326366,0.026066941225102835,0.0003665813223126674,0.06,1.0,-0.003199067827264092,0.005142353364768815,-0.008341421192032907,20.5,4.1,0.026317787730701314,1.0,-21658.171678747374,21658.171678747374,21658.171678747374,0.0,76.37142240116849,0.0,0.28359,0.1875,76.37142240116849,9774.97126600612,-1095008.2366855575,-22577.446396403247,22577.446396403247,-2205043.299826649,-31572.870464012027,31572.870464012027,-9489088.107347488,-60000.0,60000.0,-217821.5515613556,0.0,-0.0,-368107.48895823956,0.0,-0.0,19465204.17635006,121524.37945000827,-121524.37945000827,-5285598.850666217,-21658.171678747374,21658.171678747374,0.4946008026599884,0.8320318460464478,0.47596052289009094,0.3628900647163391,8320318.5,289.35247802734375,469.14501953125,298.1671142578125,-150000000.0,0.0,0.0,76371424.0,-60291372.0,-60291372.0,-103632856.0,-103632856.0,237552800.0,-0.0,0.0,0.85,1.0,-1.0,1.0,True,True,False,,0,0
8352000.0,159,0.14934162397957138,False,False,ok,,,True,1.0,0.0,1,0.0,1.0,0.0,0.0,832489.8511623926,31281.045507496012,0.1998280208949952,-31281.045507496012,-0.1998280208949952,156539.83544146415,0.0,0.0,0.14934162397957138,0.028043722450402597,0.08444601579856342,0.028043722450402597,0.00044152718344611116,0.06,1.0,-0.05048639691542383,-0.041512405731295,-0.00897399118412883,21.0,4.2,0.026066941225102835,1.0,5186.454541792999,-5186.454541792999,0.0,5186.454541792999,0.0,27.661090889562665,0.63457,0.1875,-27.661090889562665,1858.6188921974972,-1107573.5447003955,-12565.308014838025,12565.308014838025,-2225159.8026961084,-20116.502869459335,20116.502869459335,-9549088.107347488,-60000.0,60000.0,-217821.5515613556,0.0,-0.0,-368107.48895823956,0.0,-0.0,19583980.578200046,118776.40184998512,-118776.40184998512,-5283740.231774019,5186.454541792999,-5186.454541792999,0.4946008026599884,0.8300550580024719,0.47596052289009094,0.3628900647163391,8300550.5,288.6650390625,469.14501953125,298.1671142578125,-150000000.0,0.0,0.0,-27661090.0,-12770173.0,-12770173.0,-51618876.0,-51618876.0,242050144.0,-0.0,0.0,0.85,1.0,-1.0,1.0,True,True,False,,0,0
8355600.0,160,0.26825321345381126,False,False,ok,,,True,1.0,0.0,1,0.0,1.0,0.0,0.0,850827.0015328199,65933.81457389823,0.42119511872460885,-65933.81457389823,-0.42119511872460885,156539.83544146415,0.0,0.0,0.26825321345381126,0.034641702014411246,0.09104399536257207,0.034641702014411246,0.0007482529949201653,0.06,1.0,-0.15294190527079757,-0.14185656062618596,-0.011085344644611599,21.5,4.3,0.028043722450402597,1.0,14720.111251438402,-14720.111251438402,0.0,14720.111251438402,0.0,78.50726000767148,0.63457,0.1875,-78.50726000767148,-32876.552952032536,-1109314.4274018346,-1740.8827014390845,1740.8827014390845,-2233230.2859722106,-8070.483276102226,8070.483276102226,-9609088.107347488,-60000.0,60000.0,-217821.5515613556,0.0,-0.0,-368107.48895823956,0.0,-0.0,19705005.647500057,121025.0693000108,-121025.0693000108,-5316616.784726052,14720.111251438402,-14720.111251438402,0.4946008026599884,0.8234570622444153,0.47596052289009094,0.3628900647163391,8234571.0,286.3704528808594,469.14501953125,298.1671142578125,-150000000.0,0.0,0.0,-78507264.0,0.0,0.0,-7963091.5,-7963091.5,236470352.0,-0.0,0.0,0.85,1.0,-1.0,1.0,True,True,False,,0,0
8359200.0,161,0.2800020589016918,False,False,ok,,,True,1.0,0.0,1,0.0,1.0,0.0,0.0,858717.5230523644,75593.90647596108,0.4829052379081384,-75593.90647596108,-0.4829052379081384,156539.83544146415,0.0,0.0,0.2800020589016918,0.043235691009117116,0.09963798435727794,0.043235691009117116,0.0012783285819850411,0.06,1.0,-0.2029031790064466,-0.18906775788352914,-0.013835421122917477,22.0,4.4,0.034641702014411246,1.0,18456.985404207353,-18456.985404207353,0.0,18456.985404207353,0.0,98.43725548910588,1.13597,0.1875,-98.43725548910588,-49246.3995522093,-1109314.4274018346,0.0,-0.0,-2234328.540750457,-1098.2547782463953,1098.2547782463953,-9669088.107347488,-60000.0,60000.0,-217821.5515613556,0.0,-0.0,-368107.48895823956,0.0,-0.0,19823240.82335004,118235.1758499816,-118235.1758499816,-5365863.184278261,18456.985404207353,-18456.985404207353,0.4946008026599884,0.8148630857467651,0.47596052289009094,0.3628900647163391,8148631.0,283.3817443847656,469.14501953125,298.1671142578125,-150000000.0,0.0,0.0,-98437256.0,-167607.8125,-167607.8125,-0.0,-0.0,248604864.0,-0.0,0.0,0.85,1.0,-1.0,1.0,True,True,True,,0,0
8362800.0,162,1.189671764324282,False,False,ok,,,True,1.0,0.0,2,0.9375,1.0,0.0,0.99125,811201.7777761283,138615.49677360564,0.8854966301880325,-138615.49677360564,-0.8854966301880325,156539.83544146415,0.0,0.0,1.189671764324282,0.02930008385490296,0.08537505696472325,0.02930008385490296,0.0004932217072087154,0.06,1.0,0.3041751341362496,0.31355116096981855,-0.009376026833568947,22.5,4.5,0.043235691009117116,1.0,48770.4525988759,-48770.4525988759,0.0,48770.4525988759,0.0,260.1090805273381,1.13597,0.1875,-260.1090805273381,-137360.78945096582,-1110535.5648771047,-1221.1374752700794,1221.1374752700794,-2234328.540750457,0.0,-0.0,-9729088.107347488,-60000.0,60000.0,-217821.5515613556,0.0,-0.0,-341343.73895823956,26763.75,-26763.75,19947543.25500005,124302.43165001273,-124302.43165001273,-5503223.973729227,48770.4525988759,-48770.4525988759,0.4946008026599884,0.8287987112998962,0.4850894808769226,0.3546963036060333,8287987.0,283.1864318847656,472.5989074707031,297.5926818847656,-150000000.0,0.0,148687504.0,-260109088.0,-8196084.0,-8196084.0,-0.0,-0.0,269617664.0,-0.0,0.0,0.85,1.0,-1.0,1.0,True,True,True,,0,0
8366400.0,163,0.24628150264237675,False,False,ok,,,True,1.0,0.0,1,0.0,1.0,0.0,0.0,811467.0404469299,89659.62614067236,0.5727591694971426,-89659.62614067236,-0.5727591694971426,156539.83544146415,0.0,0.0,0.24628150264237675,0.04289792433608636,0.13345278893037524,0.04289792433608636,0.0012547065218587714,0.06,1.0,-0.3264776668547658,-0.31275033106721817,-0.013727335787547635,23.0,4.6,0.02930008385490296,1.0,16321.384587795474,-16321.384587795474,0.0,16321.384587795474,0.0,87.04738446824253,1.13597,0.1875,-87.04738446824253,-73072.97888207529,-1114979.905674227,-4444.340797122335,4444.340797122335,-2234328.540750457,0.0,-0.0,-9789088.107347488,-60000.0,60000.0,-217821.5515613556,0.0,-0.0,-338369.98895823956,2973.75,-2973.75,20082352.08735005,134808.83235000074,-134808.83235000074,-5576296.952611302,16321.384587795474,-16321.384587795474,0.4946008026599884,0.8152008652687073,0.4818096458911896,0.2594621777534485,8152008.5,280.32281494140625,471.5147705078125,290.9178161621094,-150000000.0,0.0,0.0,-87047384.0,-18845156.0,-18845156.0,-0.0,-0.0,255892544.0,-0.0,0.0,0.85,1.0,-1.0,1.0,True,True,False,,0,0
8370000.0,164,1.1996824860135207,False,False,ok,,,True,1.0,0.0,2,0.9625,1.0,0.0,0.99475,768001.8534044608,125620.98501767345,0.8024857357451843,-125620.98501767345,-0.8024857357451843,156539.83544146415,0.0,0.0,1.1996824860135207,0.025646703259013137,0.1159981286925717,0.025646703259013137,0.0003516561259210692,0.06,1.0,0.39719675026833645,0.40540369531122067,-0.008206945042884203,23.5,4.7,0.04289792433608636,1.0,38993.258326214025,-38993.258326214025,0.0,38993.258326214025,0.0,207.9640444064748,0.98555,0.1875,-207.9640444064748,-130092.91373392846,-1123156.69958277,-8176.793908542953,8176.793908542953,-2234328.540750457,0.0,-0.0,-9849088.107347488,-60000.0,60000.0,-217821.5515613556,0.0,-0.0,-311511.73895823956,26858.25,-26858.25,20210298.35795005,127946.27059999853,-127946.27059999853,-5706389.8663452305,38993.258326214025,-38993.258326214025,0.4946008026599884,0.832452118396759,0.490987628698349,0.25086545944213867,8324521.0,281.2792053222656,474.5345458984375,290.3153991699219,-150000000.0,0.0,149212496.0,-207964048.0,-29298234.0,-29298234.0,-0.0,-0.0,238049776.0,-0.0,0.0,0.85,1.0,-1.0,1.0,True,True,True,,0,0
8373600.0,165,0.1064485819778766,False,False,ok,,,True,1.0,0.0,1,0.0,1.0,0.0,0.0,775917.7883271227,63630.51221879581,0.4064812770458644,-63630.51221879581,-0.4064812770458644,156539.83544146415,0.0,0.0,0.1064485819778766,0.03764611732254536,0.16555487321246837,0.03764611732254536,0.0009167713521009686,0.06,1.0,-0.3000326950679878,-0.2879859375247733,-0.012046757543214515,24.0,4.8,0.025646703259013137,1.0,12386.551210521582,-12386.551210521582,0.0,12386.551210521582,0.0,66.0616064561151,0.98555,0.1875,-66.0616064561151,-43328.026085612364,-1133921.8773244966,-10765.177741726628,10765.177741726628,-2234328.540750457,0.0,-0.0,-9909088.107347488,-60000.0,60000.0,-217821.5515613556,0.0,-0.0,-308527.48895823956,2984.25,-2984.25,20329323.246700067,119024.88875001669,-119024.88875001669,-5749717.892430843,12386.551210521582,-12386.551210521582,0.4946008026599884,0.8204526901245117,0.48771584033966064,0.14683055877685547,8204527.0,278.9742126464844,473.866943359375,283.0277404785156,-150000000.0,0.0,0.0,-66061608.0,-32574820.0,-32574820.0,-0.0,-0.0,248636432.0,-0.0,0.0,0.85,1.0,-1.0,1.0,False,True,False,,0,0
8377200.0,166,0.33396423022460875,False,False,ok,,,True,1.0,0.0,1,0.0,1.0,0.0,0.0,789063.3595112261,63911.51732943205,0.4082763799335336,-63911.51732943205,-0.4082763799335336,156539.83544146415,0.0,0.0,0.33396423022460875,0.0401547954919938,0.1680635513819168,0.0401547954919938,0.001071314274503871,0.06,1.0,-0.07431214970892484,-0.06146261515148682,-0.012849534557438017,24.5,4.9,0.03764611732254536,1.0,10806.203411176777,-10806.203411176777,0.0,10806.203411176777,0.0,57.63308485960948,0.63457,0.1875,-57.63308485960948,-39959.74273415189,-1145134.776706241,-11212.899381744443,11212.899381744443,-2234328.540750457,0.0,-0.0,-9969088.107347488,-60000.0,60000.0,-217821.5515613556,0.0,-0.0,-308527.48895823956,0.0,-0.0,20453641.460000064,124318.21329999715,-124318.21329999715,-5789677.635164995,10806.203411176777,-10806.203411176777,0.4946008026599884,0.8179439902305603,0.48771584033966064,0.14683055877685547,8179440.0,278.1212158203125,473.866943359375,283.0277404785156,-150000000.0,0.0,0.0,-57633084.0,-31383646.0,-31383646.0,-0.0,-0.0,239016736.0,-0.0,0.0,0.85,1.0,-1.0,1.0,False,True,False,,0,0
8380800.0,167,15.31667430995901,False,True,ok,,,True,1.0,0.0,1,0.0,1.0,0.0,0.0,802414.6445947024,61054.72509348106,0.39002676169486333,-61054.72509348106,-0.39002676169486333,156539.83544146415,0.0,15.0,15.31667430995901,0.042544326186243986,0.170453082076167,0.042544326186243986,0.001230221736419923,0.06,1.0,-0.07335245173585273,-0.05973826735625465,-0.013614184379598077,25.0,5.0,0.0401547954919938,1.0,11700.501122347125,-11700.501122347125,0.0,11700.501122347125,0.0,62.402672652518,0.63457,0.1875,-62.402672652518,-36002.9388876576,-1155288.9181351077,-10154.141428866656,10154.141428866656,-2234328.540750457,0.0,-0.0,-10029088.107347488,-60000.0,60000.0,-217821.5515613556,0.0,-0.0,-308527.48895823956,0.0,-0.0,20573149.82540005,119508.3653999865,-119508.3653999865,-5825680.574052652,11700.501122347125,-11700.501122347125,0.4946008026599884,0.8155544400215149,0.48771584033966064,0.14683055877685547,8155544.5,277.3087158203125,473.866943359375,283.0277404785156,-150000000.0,0.0,0.0,-62402672.0,-26201490.0,-26201490.0,-0.0,-0.0,238604160.0,-0.0,0.0,0.85,1.0,-1.0,1.0,False,True,False,,0,0
