time,step,reward,terminated,truncated,fmu_status,fmu_error,failure_type,transition_valid,requested_u_tp,requested_u_battery,requested_caes_mode,requested_caes_magnitude,decoded_u_tp,decoded_u_battery,decoded_u_caes,rt_economic_cashflow_total,rt_economic_cashflow_delta,rt_economic_reward,rt_raw_total_cost,rt_normalized_cost,rt_cost_reference,rt_cost_reference_missing,rt_terminal_soc_bonus,rt_reward,rt_terminal_soc_l1_error,rt_terminal_soc_l1_full,rt_terminal_soc_l1_energy,rt_terminal_soc_l2_error,rt_terminal_soc_tolerance,rt_terminal_soc_satisfied,rt_soc_shaping_reward,rt_soc_shaping_potential,rt_soc_shaping_absolute,rt_soc_shaping_coef,rt_soc_recovery_scale,rt_soc_l1_prev,rt_market_settlement_enabled,rt_market_grid_cashflow,rt_market_grid_cost,rt_market_buy_cost,rt_market_sell_revenue,rt_market_energy_buy_mwh,rt_market_energy_sell_mwh,rt_market_buy_yuan_per_kwh,rt_market_sell_yuan_per_kwh,rt_p_grid_mw,rt_fmu_grid_cashflow_delta,rt_economic_cashflow_wind,rt_economic_cashflow_delta_wind,rt_raw_wind_cost,rt_economic_cashflow_pv,rt_economic_cashflow_delta_pv,rt_raw_pv_cost,rt_economic_cashflow_thermal,rt_economic_cashflow_delta_thermal,rt_raw_thermal_cost,rt_economic_cashflow_battery,rt_economic_cashflow_delta_battery,rt_raw_battery_cost,rt_economic_cashflow_caes,rt_economic_cashflow_delta_caes,rt_raw_caes_cost,rt_economic_cashflow_load,rt_economic_cashflow_delta_load,rt_raw_load_cost,rt_economic_cashflow_grid,rt_economic_cashflow_delta_grid,rt_raw_grid_cost,obs_battery_soc,obs_caes_gas_soc,obs_caes_hot_soc,obs_caes_cold_soc,obs_caes_gas_pressure,obs_caes_gas_temperature,obs_caes_hot_temperature,obs_caes_cold_temperature,obs_p_thermal,obs_p_battery,obs_p_caes,obs_p_grid,obs_p_wind_available,obs_p_wind_actual,obs_p_pv_available,obs_p_pv_actual,obs_p_load_actual,obs_p_curtailment,obs_p_unserved,u_tp_dynamic_low,u_tp_dynamic_high,u_battery_dynamic_low,u_battery_dynamic_high,caes_discharge_allowed,caes_idle_allowed,caes_charge_allowed,caes_locked_mode,caes_locked_steps_completed,caes_locked_steps_remaining
3600.0,0,0.24501488418240452,False,False,ok,,,True,1.0,0.0,1,0.0,1.0,0.0,0.0,8580.213810000014,57160.43223750001,0.36514943353747387,-57160.43223750001,-0.36514943353747387,156539.83544146415,0.0,0.0,0.24501488418240452,0.023648533337612077,0.023648533337612077,0.023648533337612077,0.0005592531290201498,0.06,1.0,-0.12013454935506934,-0.11824266668806038,-0.0018918826670089662,5.0,1.0,0.0,1.0,10061.501287499997,-10061.501287499997,0.0,10061.501287499997,0.0,53.661340199999984,0.63457,0.1875,-53.661340199999984,-38518.71714,0.0,0.0,-0.0,0.0,0.0,-0.0,-59999.99999999999,-59999.99999999999,59999.99999999999,0.0,0.0,-0.0,0.0,0.0,-0.0,107098.93095000001,107098.93095000001,-107098.93095000001,-38518.71714,10061.501287499997,-10061.501287499997,0.5,0.8263514637947083,0.5,0.5,8263514.5,272.8417053222656,473.1572265625,313.16363525390625,-150000000.0,0.0,0.0,-53661340.0,0.0,0.0,-0.0,-0.0,203661344.0,-0.0,0.0,0.85,1.0,-1.0,1.0,True,True,False,,0,0
7200.0,1,0.2991787424415639,False,False,ok,,,True,1.0,0.0,1,0.0,1.0,0.0,0.0,18214.079790000025,58049.20965000002,0.37082707725029324,-58049.20965000002,-0.37082707725029324,156539.83544146415,0.0,0.0,0.2991787424415639,0.03738011840487987,0.03738011840487987,0.03738011840487987,0.0013972732519628387,0.06,1.0,-0.07164833480872936,-0.06865792533633897,-0.0029904094723903897,5.0,1.0,0.023648533337612077,1.0,16218.539549999998,-16218.539549999998,0.0,16218.539549999998,0.0,86.49887759999999,0.63457,0.1875,-86.49887759999999,-32196.804120000008,0.0,0.0,-0.0,0.0,0.0,-0.0,-119999.99999999999,-59999.99999999999,59999.99999999999,0.0,0.0,-0.0,0.0,0.0,-0.0,208929.60105,101830.67009999999,-101830.67009999999,-70715.52126000001,16218.539549999998,-16218.539549999998,0.5,0.8126198649406433,0.5,0.5,8126199.0,268.3078308105469,473.1572265625,313.16363525390625,-150000000.0,0.0,0.0,-86498880.0,0.0,0.0,-0.0,-0.0,236498880.0,-0.0,0.0,0.85,1.0,-1.0,1.0,True,True,True,,0,0
10800.0,2,0.15851594657601742,False,False,ok,,,True,0.9850000143051147,0.6000000238418579,2,0.550000011920929,0.9850000143051147,0.6000000238418579,0.93700000166893,-48038.808532190975,145805.70517463048,0.9314287622919627,-145805.70517463048,-0.9314287622919627,156539.83544146415,0.0,0.0,0.15851594657601742,0.18893964719298123,0.1946227282531027,0.18893964719298123,0.018221745634502205,0.06,0.0,-0.7729128157159453,-0.7577976439405067,-0.015115171775438498,5.0,1.0,0.03738011840487987,1.0,50647.26667289215,-50647.26667289215,0.0,50647.26667289215,0.0,270.1187555887581,0.28359,0.1875,-270.1187555887581,-161411.32682392932,0.0,0.0,-0.0,0.0,0.0,-0.0,-179190.00077247617,-59190.00077247618,59190.00077247618,10800.000429153442,10800.000429153442,-10800.000429153442,25299.00004506111,25299.00004506111,-25299.00004506111,327179.0398499999,118249.43879999989,-118249.43879999989,-232126.84808392933,50647.26667289215,-50647.26667289215,0.6079999804496765,0.8230603337287903,0.5086238980293274,0.4923865497112274,8230603.5,267.4935302734375,474.5345153808594,312.54779052734375,-147750000.0,60000004.0,140550000.0,-270118752.0,0.0,-0.0,-0.0,-0.0,217318752.0,2.9802322387695312e-08,0.0,0.85,1.0,-1.0,1.0,True,True,True,2,1,3
14400.0,3,0.054149329219965736,False,False,ok,,,True,0.9835000038146973,0.6000000238418579,2,0.550000011920929,0.9835000038146973,0.6000000238418579,0.93700000166893,-120481.18495008888,143306.9900780159,0.9154665946458306,-143306.9900780159,-0.9154665946458306,156539.83544146415,0.0,0.0,0.054149329219965736,0.35551486247849823,0.3673136711018935,0.35551486247849823,0.07815865733745832,0.06,0.0,-0.8613172654258648,-0.832876076427585,-0.028441188998279857,5.0,1.0,0.18893964719298123,1.0,53556.612292935126,-53556.612292935126,0.0,53556.612292935126,0.0,285.6352655623207,0.28359,0.1875,-285.6352655623207,-162192.7542029787,0.0,0.0,-0.0,0.0,0.0,-0.0,-238209.0010643005,-59019.00029182434,59019.00029182434,22800.0009059906,12000.000476837158,-12000.000476837158,53409.00009512901,28110.0000500679,-28110.0000500679,435838.4174000001,108659.37755000021,-108659.37755000021,-394319.602286908,53556.612292935126,-53556.612292935126,0.7279999852180481,0.8364851474761963,0.5181711316108704,0.4844602644443512,8364851.5,267.2170715332031,474.5344543457031,311.9066162109375,-147525008.0,60000004.0,140550000.0,-285635264.0,0.0,0.0,-0.0,-0.0,232610256.0,-0.0,0.0,0.8350000143051147,1.0,-1.0,1.0,False,False,True,,0,0
18000.0,4,-0.38950635192365546,False,False,ok,,,True,0.9833499789237976,0.6000000238418579,1,0.0,0.9833499789237976,0.6000000238418579,0.0,-143863.26282139006,97723.9917493737,0.6242755492477581,-97723.9917493737,-0.6242755492477581,156539.83544146415,0.0,0.0,-0.38950635192365546,0.5494795695991939,0.5668465610741508,0.5494795695991939,0.18241114004209347,0.06,0.0,-1.0137819011714135,-0.9698235356034781,-0.04395836556793551,5.0,1.0,0.35551486247849823,1.0,25609.75840230303,-25609.75840230303,0.0,25609.75840230303,0.0,136.58537814561615,0.28359,0.1875,-136.58537814561615,-95496.31121837185,0.0,0.0,-0.0,0.0,0.0,-0.0,-297210.8999490738,-59001.89888477328,59001.89888477328,34800.00138282776,12000.000476837158,-12000.000476837158,56220.0001001358,2811.00000500679,-2811.00000500679,552143.5491499999,116305.13174999977,-116305.13174999977,-489815.91350527987,25609.75840230303,-25609.75840230303,0.8479999899864197,0.8225204348564148,0.5147190093994141,0.465099036693573,8225204.5,264.3643493652344,474.2497253417969,310.3404846191406,-147502496.0,60000004.0,0.0,-136585376.0,0.0,0.0,-0.0,-0.0,224087872.0,-0.0,0.0,0.8335000038146972,1.0,-1.0,0.609999954700472,True,True,False,,0,0
21600.0,5,0.6958183244670584,False,False,ok,,,True,0.983335018157959,0.00999993085861206,2,0.550000011920929,0.983335018157959,0.00999993085861206,0.93700000166893,-190129.95235075342,119693.8860152225,0.7646225363510128,-119693.8860152225,-0.7646225363510128,156539.83544146415,0.0,0.0,0.6958183244670584,0.5543704842283315,0.5772052290543219,0.5543704842283315,0.19648506215549374,0.06,0.0,-0.06880421188395452,-0.024454573145687997,-0.04434963873826652,5.0,1.0,0.5494795695991939,1.0,39971.14172109504,-39971.14172109504,0.0,39971.14172109504,0.0,213.17942251250687,0.28359,0.1875,-213.17942251250687,-125989.4338234908,0.0,0.0,-0.0,0.0,0.0,-0.0,-356211.09080314636,-59000.19085407257,59000.19085407257,36180.00018596649,1379.998803138733,-1379.998803138733,81519.00014519691,25299.00004506111,-25299.00004506111,664187.4854499993,112043.93629999948,-112043.93629999948,-615805.3473287707,39971.14172109504,-39971.14172109504,0.8618000149726868,0.8383294939994812,0.5233074426651001,0.45806533098220825,8383295.0,265.3490295410156,474.5345153808594,309.7715148925781,-147500256.0,999993.0625,140550000.0,-213179424.0,0.0,0.0,-0.0,-0.0,219129680.0,-0.0,0.0,0.8333499789237976,1.0,-1.0,0.00999993085861517,True,True,True,,0,0
25200.0,6,0.9972036134253502,False,False,ok,,,True,1.0,-0.5295000076293945,1,0.0,1.0,-0.5295000076293945,0.0,-176114.28468025912,31924.32077606753,0.2039373600083103,-31924.32077606753,-0.2039373600083103,156539.83544146415,0.0,0.0,0.9972036134253502,0.3894854660875231,0.41291919531709864,0.3894854660875231,0.09386845567269192,0.06,0.0,0.7932662534170399,0.8244250907040418,-0.031158837287001848,5.0,1.0,0.5543704842283315,1.0,-2.630798379571347,2.630798379571347,2.630798379571347,0.0,0.004145796964198351,0.0,0.63457,0.1875,0.004145796964198351,-17911.283903952804,0.0,0.0,-0.0,-1506.8788586709795,-1506.8788586709795,1506.8788586709795,-416111.1009120941,-59900.010108947754,59900.010108947754,17137.999773025513,-19042.00041294098,19042.00041294098,84330.0001502037,2811.00000500679,-2811.00000500679,773752.326399999,109564.84094999963,-109564.84094999963,-633716.6312327235,-2.630798379571347,2.630798379571347,0.7498705983161926,0.8353204131126404,0.5242596864700317,0.4573061764240265,8353204.0,263.9515380859375,474.53448486328125,309.7100830078125,-150000000.0,-52950000.0,0.0,4145.796875,0.0,0.0,-13398437.0,-13398437.0,216344288.0,-0.0,0.0,0.833335018157959,1.0,-1.0,-0.059000009298321165,True,True,False,,0,0
28800.0,7,-0.1509736071508051,False,False,ok,,,True,0.9775000214576721,-0.6000000238418579,0,0.550000011920929,0.9775000214576721,-0.6000000238418579,-0.6314999920129776,-182027.16822749135,-170128.34992465473,-1.086805473155565,170128.34992465473,1.086805473155565,156539.83544146415,0.0,0.0,-0.1509736071508051,0.1991329654395385,0.21664655316461312,0.1991329654395385,0.01939585479299265,0.06,0.0,0.9358318660047599,0.951762503239923,-0.01593063723516308,5.0,1.0,0.3894854660875231,1.0,-153370.5016445723,153370.5016445723,153370.5016445723,0.0,155.6191990711504,0.0,0.98555,0.1875,155.6191990711504,10844.964732850203,-17.53094653597131,-17.53094653597131,17.53094653597131,-9815.340575977783,-8308.461717306804,8308.461717306804,-474896.1020708084,-58785.001158714294,58785.001158714294,-6580.00111579895,-23718.000888824463,23718.000888824463,50229.000581502914,-34100.99956870079,34100.99956870079,881924.4723999985,108172.14599999948,-108172.14599999948,-622871.6664998733,-153370.5016445723,153370.5016445723,0.6103529334068298,0.8163964152336121,0.5158023238182068,0.46576353907585144,8163964.5,261.9366455078125,474.28021240234375,310.1769714355469,-146625008.0,-60000004.0,-94725000.0,155619200.0,-2162042.25,-2162042.25,-57259148.0,-57259148.0,205152000.0,-0.0,0.0,0.85,1.0,-1.0,0.5006470645175293,True,True,False,0,1,3
32400.0,8,-1.0251700109260784,False,False,ok,,,True,0.9741250276565552,-0.6000000238418579,0,0.550000011920929,0.9741250276565552,-0.6000000238418579,-0.6314999920129776,-204161.78340483332,-240831.22728031638,-1.5384660818196132,240831.22728031638,1.5384660818196132,156539.83544146415,0.0,0.0,-1.0251700109260784,0.09495447958743267,0.10588191366192232,0.09495447958743267,0.0037986933379264972,0.06,0.0,0.5132960708935347,0.5208924292605293,-0.007596358366994614,5.0,1.0,0.1991329654395385,1.0,-200507.87936988936,200507.87936988936,200507.87936988936,0.0,203.44769861487427,0.0,0.98555,0.1875,203.44769861487427,18188.732733085053,-3536.2840041798536,-3518.753057643882,3518.753057643882,-28838.181282107827,-19022.840706130046,19022.840706130046,-533363.8536930084,-58467.75162220001,58467.75162220001,-30580.002069473267,-24000.000953674316,24000.000953674316,12339.001060724258,-37889.999520778656,37889.999520778656,984500.4703499989,102575.99795000046,-102575.99795000046,-604682.9337667882,-200507.87936988936,200507.87936988936,0.4691764712333679,0.8012808561325073,0.506393551826477,0.4751723110675812,8012808.5,261.5563049316406,470.7997131347656,310.6864929199219,-146118752.0,-60000004.0,-94725000.0,203447696.0,-22277342.0,-22277342.0,-98847216.0,-98847216.0,218520624.0,-0.0,0.0,0.8275000214576721,1.0,-1.0,1.0,True,False,False,0,2,2
36000.0,9,-1.364299153957895,False,False,ok,,,True,1.0,0.0,0,0.20000000298023224,1.0,0.0,-0.8659999980032445,-225074.98215199597,-182347.22748916846,-1.164861499789647,182347.22748916846,1.164861499789647,156539.83544146415,0.0,0.0,-1.364299153957895,0.13271851419397862,0.13917045814865925,0.13271851419397862,0.007294534776510959,0.06,0.0,-0.19943765416824805,-0.18882017303272977,-0.010617481135518289,5.0,1.0,0.09495447958743267,1.0,-141185.63411400095,141185.63411400095,141185.63411400095,0.0,222.49024396678217,0.0,0.63457,0.1875,222.49024396678217,20248.39462800487,-13586.902433676252,-10050.618429496399,10050.618429496399,-56411.71562221917,-27573.534340111342,27573.534340111342,-593208.6038589478,-59844.75016593933,59844.75016593933,-32980.0021648407,-2400.0000953674316,2400.0000953674316,-38213.99878352881,-50552.99984425307,50552.99984425307,1093760.7798499994,109260.30950000044,-109260.30950000044,-584434.5391387834,-141185.63411400095,141185.63411400095,0.4550588130950928,0.7846932411193848,0.49445226788520813,0.4871135950088501,7846932.5,261.91864013671875,466.3624572753906,311.3189697265625,-150000000.0,0.0,-129900000.0,222490240.0,-37318364.0,-37318364.0,-124143960.0,-124143960.0,218872080.0,-0.0,0.0,0.8241250276565552,1.0,-1.0,1.0,True,False,False,0,3,1
39600.0,10,-0.7333158407940759,False,False,ok,,,True,0.9850000143051147,0.6000000238418579,0,0.20000000298023224,0.9850000143051147,0.6000000238418579,-0.8659999980032445,-243654.27892281997,-79323.48279059443,-0.5067303320390695,79323.48279059443,0.5067303320390695,156539.83544146415,0.0,0.0,-0.7333158407940759,0.17523190545765738,0.181683849412338,0.17523190545765738,0.012468024809855448,0.06,0.0,-0.22658550875500638,-0.21256695631839378,-0.01401855243661259,5.0,1.0,0.13271851419397862,1.0,-44081.34275226291,44081.34275226291,44081.34275226291,0.0,155.44039899948132,0.0,0.28359,0.1875,155.44039899948132,16662.843267507502,-27313.205120007187,-13726.302686330935,13726.302686330935,-87013.59125070216,-30601.875628482987,30601.875628482987,-652398.604631424,-59190.000772476196,59190.000772476196,-22180.001735687256,10800.000429153442,-10800.000429153442,-90173.99866372348,-51959.99988019467,51959.99988019467,1203196.81835,109436.03850000072,-109436.03850000072,-567771.6958712758,-44081.34275226291,44081.34275226291,0.5630587935447693,0.7693563103675842,0.4822176694869995,0.4993482232093811,7693563.0,262.8724365234375,461.79400634765625,311.95111083984375,-147750000.0,60000004.0,-129900000.0,155440400.0,-41586420.0,-41586420.0,-120293896.0,-120293896.0,224089920.0,-0.0,0.0,0.85,1.0,-1.0,1.0,True,False,False,,0,0
43200.0,11,-0.36015787217475626,False,False,ok,,,True,0.9835000038146973,0.6000000238418579,2,0.550000011920929,0.9835000038146973,0.6000000238418579,0.93700000166893,-265700.4973938142,68968.01433863642,0.44057804292522096,-68968.01433863642,-0.44057804292522096,156539.83544146415,0.0,0.0,-0.36015787217475626,0.33009752802918585,0.3365189239648656,0.33009752802918585,0.05334707955701333,0.06,0.0,-0.8007359150999772,-0.7743281128576424,-0.02640780224233487,5.0,1.0,0.17523190545765738,1.0,26919.590662223844,-26919.590662223844,0.0,26919.590662223844,0.0,143.57115019852716,0.18331,0.1875,-143.57115019852716,-64094.64214740682,-41440.74279986331,-14127.53767985612,14127.53767985612,-115966.58813648799,-28952.996885785833,28952.996885785833,-711417.6049232483,-59019.00029182434,59019.00029182434,-10180.001258850098,12000.000476837158,-12000.000476837158,-70070.99860668184,20103.000057041645,-20103.000057041645,1315241.7763499992,112044.95799999917,-112044.95799999917,-631866.3380186827,26919.590662223844,-26919.590662223844,0.6830587983131409,0.7944906949996948,0.48959556221961975,0.49205759167671204,7944907.0,267.69683837890625,464.4713439941406,311.3450622558594,-147525008.0,60000004.0,140550000.0,-143571152.0,-38889120.0,-38889120.0,-110345712.0,-110345712.0,239780976.0,-0.0,0.0,0.8350000143051147,1.0,-1.0,1.0,True,True,True,2,1,3
46800.0,12,-0.21011318976267668,False,False,ok,,,True,0.9833499789237976,0.6000000238418579,2,0.550000011920929,0.9833499789237976,0.6000000238418579,0.93700000166893,-296765.5750006016,95513.20277620142,0.6101526969594728,-95513.20277620142,-0.6101526969594728,156539.83544146415,0.0,0.0,-0.21011318976267668,0.4863688045015903,0.4919486493255475,0.4863688045015903,0.1387769814077598,0.06,0.0,-0.8202658867221495,-0.7813563823620223,-0.038909504360127224,5.0,1.0,0.33009752802918585,1.0,31870.694870239768,-31870.694870239768,0.0,31870.694870239768,0.0,169.97703930794543,0.18331,0.1875,-169.97703930794543,-94707.58551274904,-54079.30709194963,-12638.564292086325,12638.564292086325,-140684.10663057174,-24717.51849408375,24717.51849408375,-770419.5038080215,-59001.898884773254,59001.898884773254,1819.9992179870605,12000.000476837158,-12000.000476837158,-41960.99855661394,28110.0000500679,-28110.0000500679,1435132.2654000001,119890.4890500009,-119890.4890500009,-726573.9235314317,31870.694870239768,-31870.694870239768,0.8030588030815125,0.8182194232940674,0.49908703565597534,0.4849705696105957,8182194.5,270.84637451171875,467.8773498535156,310.7887268066406,-147502496.0,60000004.0,140550000.0,-169977040.0,-32815878.0,-32815878.0,-84824272.0,-84824272.0,234569680.0,-0.0,0.0,0.8335000038146972,1.0,-1.0,0.8347058997434753,False,False,True,2,2,2
50400.0,13,0.22859083202641145,False,False,ok,,,True,0.983335018157959,0.2347058802843094,2,0.550000011920929,0.983335018157959,0.2347058802843094,0.93700000166893,-322892.2079999978,91053.0181586984,0.5816603671641547,-91053.0181586984,-0.5816603671641547,156539.83544146415,0.0,0.0,0.22859083202641145,0.5482113302452155,0.5579432804866962,0.5482113302452155,0.1916513657106288,0.06,0.0,-0.35306953513774325,-0.309212628718126,-0.043856906419617245,5.0,1.0,0.4863688045015903,1.0,29957.131877158004,-29957.131877158004,0.0,29957.131877158004,0.0,159.77137001150936,0.18331,0.1875,-159.77137001150936,-87222.51928093657,-65911.06839527696,-11831.76130332733,11831.76130332733,-159575.81653450074,-18891.709903929004,18891.709903929004,-829419.6946620941,-59000.19085407257,59000.19085407257,7244.705110788345,5424.705892801285,-5424.705892801285,-13850.998506546035,28110.0000500679,-28110.0000500679,1552417.1077999992,117284.84239999903,-117284.84239999903,-813796.4428123683,29957.131877158004,-29957.131877158004,0.8573058843612671,0.8377475142478943,0.5085246562957764,0.48071911931037903,8377475.0,272.5438537597656,471.2029724121094,310.4549865722656,-147500256.0,23470588.0,140550000.0,-159771376.0,-35028160.0,-35028160.0,-64210312.0,-64210312.0,242489504.0,-0.0,0.0,0.8333499789237976,1.0,-1.0,0.23470587590161848,False,False,True,,0,0
54000.0,14,0.8269583783576466,False,False,ok,,,True,1.0,-0.5182647109031677,1,0.0,1.0,-0.5182647109031677,0.0,-306682.33996297326,12817.55136538254,0.08188044486718195,-12817.55136538254,-0.08188044486718195,156539.83544146415,0.0,0.0,0.8269583783576466,0.3929091964046482,0.4030755105286393,0.3929091964046482,0.09565621344025094,0.06,0.0,0.7450779334904647,0.7765106692028365,-0.03143273571237186,5.0,1.0,0.5482113302452155,1.0,-9574.897368522208,9574.897368522208,9574.897368522208,0.0,33.76316995846894,0.0,0.28359,0.1875,33.76316995846894,-6182.580696880235,-77936.2901787302,-12025.221783453235,12025.221783453235,-171125.7705312564,-11549.953996755648,11549.953996755648,-889319.7047710419,-59900.010108947754,59900.010108947754,-10943.412721157072,-18188.11783194542,18188.11783194542,-11039.998501539245,2811.00000500679,-2811.00000500679,1673661.8602500001,121244.75245000096,-121244.75245000096,-819979.0235092485,-9574.897368522208,9574.897368522208,0.7522498369216919,0.8354655504226685,0.5094661712646484,0.4804195165634155,8354655.5,271.3360900878906,471.5310974121094,310.43145751953125,-150000000.0,-51826472.0,0.0,33763168.0,-33544730.0,-33544730.0,-24006094.0,-24006094.0,225614128.0,-0.0,0.0,0.833335018157959,1.0,-1.0,-0.03652941873844462,True,True,False,,0,0
57600.0,15,0.3872161865990726,False,False,ok,,,True,1.0,0.0,1,0.0,1.0,0.0,0.0,-289468.93361002934,54397.480730828676,0.3474992839836595,-54397.480730828676,-0.3474992839836595,156539.83544146415,0.0,0.0,0.3872161865990726,0.3789033620881551,0.3890696762121462,0.3789033620881551,0.0867940706394533,0.06,0.0,0.03971690261541311,0.07002917158246552,-0.03031226896705241,5.0,1.0,0.3929091964046482,1.0,15082.929823843784,-15082.929823843784,0.0,15082.929823843784,0.0,80.44229239383351,0.63457,0.1875,-80.44229239383351,-22101.144554040977,-86045.77078304671,-8109.480604316515,8109.480604316515,-174435.74332634246,-3309.972795086069,3309.972795086069,-949319.7047710419,-60000.0,60000.0,-13016.471564769743,-2073.058843612671,2073.058843612671,-11039.998501539245,0.0,-0.0,1786468.923400001,112807.06315000076,-112807.06315000076,-842080.1680632895,15082.929823843784,-15082.929823843784,0.7400553822517395,0.831179678440094,0.5094661712646484,0.4804195165634155,8311797.0,269.94415283203125,471.5310974121094,310.43145751953125,-150000000.0,0.0,0.0,-80442296.0,-12309378.0,-12309378.0,-0.0,-0.0,242751664.0,-0.0,0.0,0.85,1.0,-1.0,0.488750863601185,True,True,False,,0,0
61200.0,16,0.2992433140409929,False,False,ok,,,True,0.9775000214576721,-0.6000000238418579,0,0.550000011920929,0.9775000214576721,-0.6000000238418579,-0.6314999920129776,-283344.1642574298,-83329.34543672699,-0.5323203847872117,83329.34543672699,0.5323203847872117,156539.83544146415,0.0,0.0,0.2992433140409929,0.20924273850641162,0.21348682631746502,0.20924273850641162,0.020732223781217342,0.06,0.0,0.8315636988282046,0.8483031179087175,-0.01673941908051293,5.0,1.0,0.3789033620881551,1.0,-88694.18285322061,88694.18285322061,88694.18285322061,0.0,78.07792710478323,0.0,1.13597,0.1875,78.07792710478323,759.9319361059461,-87570.76698083089,-1524.996197784174,1524.996197784174,-174435.74332634246,0.0,-0.0,-1008104.7059297562,-58785.001158714294,58785.001158714294,-34616.47242307663,-21600.000858306885,21600.000858306885,-45140.998070240035,-34100.99956870079,34100.99956870079,1907844.758600002,121375.83520000102,-121375.83520000102,-841320.2361271835,-88694.18285322061,88694.18285322061,0.612996518611908,0.8102520704269409,0.5010058283805847,0.48887985944747925,8102520.5,267.30859375,468.3989562988281,310.8761901855469,-146625008.0,-60000004.0,-94725000.0,78077928.0,0.0,0.0,-0.0,-0.0,223272080.0,-0.0,0.0,0.85,1.0,-1.0,0.5497231825309695,True,True,False,0,1,3
64800.0,17,-0.16548701921527076,False,False,ok,,,True,0.9741250276565552,-0.6000000238418579,0,0.550000011920929,0.9741250276565552,-0.6000000238418579,-0.6314999920129776,-284303.64740991977,-108234.19110061327,-0.6914162826054964,108234.19110061327,0.6914162826054964,156539.83544146415,0.0,0.0,-0.16548701921527076,0.10241819471295915,0.10595820930782818,0.10241819471295915,0.004808979558513284,0.06,0.0,0.5259292633902256,0.5341227189672624,-0.008193455577036733,5.0,1.0,0.20924273850641162,1.0,-99512.4776539604,99512.4776539604,99512.4776539604,0.0,87.6013254346157,0.0,1.13597,0.1875,87.6013254346157,7762.230294162873,-87570.76698083089,0.0,-0.0,-174435.74332634246,0.0,-0.0,-1066572.4575519562,-58467.75162220001,58467.75162220001,-58616.473376750946,-24000.000953674316,24000.000953674316,-83030.99759101869,-37889.999520778656,37889.999520778656,2019480.7972500015,111636.03864999954,-111636.03864999954,-833558.0058330207,-99512.4776539604,99512.4776539604,0.47182005643844604,0.789851725101471,0.49159133434295654,0.4982943534851074,7898517.0,265.24462890625,464.9007263183594,311.36212158203125,-146118752.0,-60000004.0,-94725000.0,87601328.0,0.0,0.0,-0.0,-0.0,213242432.0,-0.0,0.0,0.8275000214576721,1.0,-1.0,1.0,True,False,False,0,2,2
68400.0,18,-1.767555810414226,False,False,ok,,,True,0.973618745803833,-0.6000000238418579,0,0.550000011920929,0.973618745803833,-0.6000000238418579,-0.6314999920129776,-289239.297635269,-92404.40143294848,-0.5902932066611364,92404.40143294848,0.5902932066611364,156539.83544146415,0.0,0.0,-1.767555810414226,0.33254991679485935,0.3414897920251121,0.33254991679485935,0.04918704506671845,0.06,0.0,-1.1772626037530896,-1.150658610409501,-0.026603993343588747,5.0,1.0,0.10241819471295915,1.0,-78715.4534691489,78715.4534691489,78715.4534691489,0.0,69.2936023567074,0.0,1.13597,0.1875,69.2936023567074,8753.297738450347,-87570.76698083089,0.0,-0.0,-174435.74332634246,0.0,-0.0,-1124992.6199913025,-58420.16243934631,58420.16243934631,-82616.47433042526,-24000.000953674316,24000.000953674316,-120920.99711179735,-37889.999520778656,37889.999520778656,2126102.012200002,106621.21495000063,-106621.21495000063,-824804.7080945703,-78715.4534691489,78715.4534691489,0.33064359426498413,0.7714847326278687,0.48217159509658813,0.5077140927314758,7714847.0,263.80230712890625,461.38751220703125,311.8392028808594,-146042816.0,-60000004.0,-94725000.0,69293600.0,0.0,0.0,-0.0,-0.0,231474208.0,-0.0,0.0,0.8241250276565552,1.0,-1.0,1.0,True,False,False,0,3,1
72000.0,19,-1.6743349240185768,False,False,ok,,,True,0.9735428094863892,-0.6000000238418579,0,0.550000011920929,0.9735428094863892,-0.6000000238418579,-0.6314999920129776,-286876.8818514248,-76136.28111418581,-0.4863700086273305,76136.28111418581,0.4863700086273305,156539.83544146415,0.0,0.0,-1.6743349240185768,0.5611642715286502,0.5766898857835756,0.5611642715286502,0.1537404871513709,0.06,0.0,-1.1879649153912464,-1.1430717736689544,-0.04489314172229202,5.0,1.0,0.33254991679485935,1.0,-71570.36180264445,71570.36180264445,71570.36180264445,0.0,72.6197167090908,0.0,0.98555,0.1875,72.6197167090908,6928.335095385555,-87570.76698083089,0.0,-0.0,-174435.74332634246,0.0,-0.0,-1183405.6441783905,-58413.02418708801,58413.02418708801,-106616.47528409958,-24000.000953674316,24000.000953674316,-158810.996632576,-37889.99952077864,37889.99952077864,2241839.117550003,115737.10535000078,-115737.10535000078,-817876.3729991848,-71570.36180264445,71570.36180264445,0.18946710228919983,0.7546350955963135,0.47276338934898376,0.5171222686767578,7546350.5,262.8279113769531,457.8660888671875,312.30694580078125,-146031424.0,-60000004.0,-94725000.0,72619720.0,0.0,0.0,-0.0,-0.0,228136704.0,-0.0,0.0,0.823618745803833,1.0,-0.7677352257072898,1.0,True,False,False,,0,0
75600.0,20,0.24683374224272694,False,False,ok,,,True,1.0,0.0,1,0.0,1.0,0.0,0.0,-280306.40982469765,62486.437933135756,0.3991727585308576,-62486.437933135756,-0.3991727585308576,156539.83544146415,0.0,0.0,0.24683374224272694,0.582315034238461,0.5984987791979668,0.582315034238461,0.16718652825513206,0.06,0.0,-0.15233901628813065,-0.10575381354905378,-0.04658520273907688,5.0,1.0,0.5611642715286502,1.0,14448.3418875,-14448.3418875,0.0,14448.3418875,0.0,77.0578234,0.98555,0.1875,-77.0578234,-41467.624018908595,-87570.76698083089,0.0,-0.0,-174435.74332634246,0.0,-0.0,-1243246.9010353088,-59841.256856918335,59841.256856918335,-109016.47537946701,-2400.0000953674316,2400.0000953674316,-162599.99658465385,-3788.9999520778656,3788.9999520778656,2355907.470500004,114068.35295000114,-114068.35295000114,-859343.9970180934,14448.3418875,-14448.3418875,0.17534945905208588,0.7546607851982117,0.47182321548461914,0.5180624723434448,7546608.0,263.3250427246094,457.5135192871094,312.35321044921875,-150000000.0,0.0,0.0,-77057824.0,0.0,0.0,-0.0,-0.0,227057824.0,-0.0,0.0,0.8235428094863891,1.0,-0.1677352018654319,1.0,True,True,True,,0,0
79200.0,21,0.37706367636412746,False,False,ok,,,True,1.0,0.0,1,0.0,1.0,0.0,0.0,-273012.1921646978,66591.20644999959,0.42539463684884493,-66591.20644999959,-0.42539463684884493,156539.83544146415,0.0,0.0,0.37706367636412746,0.5826586873379965,0.5988424322975023,0.5826586873379965,0.16725217359107986,0.06,0.0,-0.04833096048471745,-0.001718265497677729,-0.046612694987039724,5.0,1.0,0.582315034238461,1.0,13062.29475,-13062.29475,0.0,13062.29475,0.0,69.665572,0.63457,0.1875,-69.665572,-46234.69403999974,-87570.76698083089,0.0,-0.0,-174435.74332634246,0.0,-0.0,-1303246.9010353088,-60000.0,60000.0,-109016.47537946701,0.0,-0.0,-162599.99658465385,0.0,-0.0,2469436.382200006,113528.91170000192,-113528.91170000192,-905578.6910580931,13062.29475,-13062.29475,0.17534945905208588,0.7543171048164368,0.47182321548461914,0.5180624723434448,7543171.0,263.20513916015625,457.5135192871094,312.35321044921875,-150000000.0,0.0,0.0,-69665568.0,0.0,0.0,-0.0,-0.0,219665568.0,-0.0,0.0,0.85,1.0,-0.10773519948124614,1.0,True,True,True,,0,0
82800.0,22,0.34801954567422316,False,False,ok,,,True,1.0,0.0,1,0.0,1.0,0.0,0.0,-264978.7493646976,63149.6207375002,0.40340926997533544,-63149.6207375002,-0.40340926997533544,156539.83544146415,0.0,0.0,0.34801954567422316,0.5843864490139951,0.6005701939735009,0.5843864490139951,0.16758579316178598,0.06,0.0,-0.055389724301112254,-0.008638808379992646,-0.04675091592111961,5.0,1.0,0.5826586873379965,1.0,13316.834737499998,-13316.834737499998,0.0,13316.834737499998,0.0,71.02311859999999,0.63457,0.1875,-71.02311859999999,-41799.3432,-87570.76698083089,0.0,-0.0,-174435.74332634246,0.0,-0.0,-1363246.9010353088,-60000.0,60000.0,-109016.47537946701,0.0,-0.0,-162599.99658465385,0.0,-0.0,2579269.1682000044,109832.78599999845,-109832.78599999845,-947378.0342580931,13316.834737499998,-13316.834737499998,0.17534945905208588,0.7525893449783325,0.47182321548461914,0.5180624723434448,7525893.5,262.6022644042969,457.5135192871094,312.35321044921875,-150000000.0,0.0,0.0,-71023120.0,0.0,0.0,-0.0,-0.0,221023120.0,-0.0,0.0,0.85,1.0,-0.10773519948124614,1.0,True,True,True,,0,0
86400.0,23,0.33288873638421085,False,False,ok,,,True,1.0,0.0,1,0.0,1.0,0.0,0.0,-257081.0612246975,61172.07784375067,0.39077642870414986,-61172.07784375067,-0.39077642870414986,156539.83544146415,0.0,0.0,0.33288873638421085,0.5865787278326603,0.6027624727921661,0.5865787278326603,0.16801770180091058,0.06,0.0,-0.05788769231993902,-0.010961394093326193,-0.046926298226612824,5.0,1.0,0.5843864490139951,1.0,10660.51854375,-10660.51854375,0.0,10660.51854375,0.0,56.856098900000006,0.63457,0.1875,-56.856098900000006,-42613.87116000056,-87570.76698083089,0.0,-0.0,-174435.74332634246,0.0,-0.0,-1423246.9010353088,-60000.0,60000.0,-109016.47537946701,0.0,-0.0,-162599.99658465385,0.0,-0.0,2689780.7275000033,110511.55929999892,-110511.55929999892,-989991.9054180937,10660.51854375,-10660.51854375,0.17534945905208588,0.7503970861434937,0.47182321548461914,0.5180624723434448,7503971.0,261.8373107910156,457.5135192871094,312.35321044921875,-150000000.0,0.0,0.0,-56856100.0,0.0,0.0,-0.0,-0.0,206856096.0,-0.0,0.0,0.85,1.0,-0.10773519948124614,1.0,True,True,True,,0,0
90000.0,24,0.29661760533412185,False,False,ok,,,True,1.0,0.0,1,0.0,1.0,0.0,0.0,-247766.6711146974,55542.217056250105,0.3548120317081803,-55542.217056250105,-0.3548120317081803,156539.83544146415,0.0,0.0,0.29661760533412185,0.5887968632947559,0.6049806082542617,0.5887968632947559,0.1684644874455435,0.06,0.0,-0.058194426374058444,-0.01109067731047797,-0.047103749063580475,5.0,1.0,0.5865787278326603,1.0,12114.16760625,-12114.16760625,0.0,12114.16760625,0.0,64.6088939,0.63457,0.1875,-64.6088939,-34113.65934000001,-87570.76698083089,0.0,-0.0,-174435.74332634246,0.0,-0.0,-1483246.9010353088,-60000.0,60000.0,-109016.47537946701,0.0,-0.0,-162599.99658465385,0.0,-0.0,2793208.776950003,103428.04944999982,-103428.04944999982,-1024105.5647580937,12114.16760625,-12114.16760625,0.17534945905208588,0.7481789588928223,0.47182321548461914,0.5180624723434448,7481789.5,261.0633239746094,457.5135192871094,312.35321044921875,-150000000.0,0.0,0.0,-64608892.0,0.0,0.0,-0.0,-0.0,214608896.0,-0.0,0.0,0.85,1.0,-0.10773519948124614,1.0,True,True,True,,0,0
93600.0,25,0.3047536863146835,False,False,ok,,,True,1.0,0.0,1,0.0,1.0,0.0,0.0,-239227.5605046975,56748.10208124995,0.36251540651753206,-56748.10208124995,-0.36251540651753206,156539.83544146415,0.0,0.0,0.3047536863146835,0.5908948891095724,0.6070786340690782,0.5908948891095724,0.16889613554629848,0.06,0.0,-0.05776172020284855,-0.010490129074082755,-0.0472715911287658,5.0,1.0,0.5887968632947559,1.0,9443.655131249998,-9443.655131249998,0.0,9443.655131249998,0.0,50.36616069999999,0.63457,0.1875,-50.36616069999999,-38765.33634000004,-87570.76698083089,0.0,-0.0,-174435.74332634246,0.0,-0.0,-1543246.9010353088,-60000.0,60000.0,-109016.47537946701,0.0,-0.0,-162599.99658465385,0.0,-0.0,2900513.223900004,107304.44695000071,-107304.44695000071,-1062870.9010980937,9443.655131249998,-9443.655131249998,0.17534945905208588,0.7460809350013733,0.47182321548461914,0.5180624723434448,7460809.0,260.3312683105469,457.5135192871094,312.35321044921875,-150000000.0,0.0,0.0,-50366160.0,0.0,0.0,-0.0,-0.0,200366160.0,-0.0,0.0,0.85,1.0,-0.10773519948124614,1.0,True,True,True,,0,0
97200.0,26,1.7134762900446703,False,False,ok,,,True,0.9850000143051147,0.6000000238418579,2,0.550000011920929,0.9850000143051147,0.6000000238418579,0.93700000166893,-301867.1771368884,133236.15411838103,0.8511325806791384,-133236.15411838103,-0.8511325806791384,156539.83544146415,0.0,0.0,1.7134762900446703,0.4118367590910099,0.42187310545047013,0.4118367590910099,0.07795100803504613,0.06,0.0,0.8623437093655318,0.8952906500928126,-0.03294694072728079,5.0,1.0,0.5908948891095724,1.0,56144.07406664214,-56144.07406664214,0.0,56144.07406664214,0.0,299.4350616887581,0.28359,0.1875,-299.4350616887581,-139731.69668392977,-87570.76698083089,0.0,-0.0,-174435.74332634246,0.0,-0.0,-1602436.901807785,-59190.000772476196,59190.000772476196,-98216.47495031357,10800.000429153442,-10800.000429153442,-137300.99653959274,25299.00004506111,-25299.00004506111,3000696.304250006,100183.08035000227,-100183.08035000227,-1202602.5977820235,56144.07406664214,-56144.07406664214,0.2833494544029236,0.7631390690803528,0.48060518503189087,0.5092805027961731,7631390.5,261.8028564453125,460.63555908203125,311.68133544921875,-147750000.0,60000004.0,140550000.0,-299435072.0,0.0,0.0,-0.0,-0.0,246635056.0,-0.0,0.0,0.85,1.0,-0.10773519948124614,1.0,True,True,True,2,1,3
100800.0,27,1.9716974983136533,False,False,ok,,,True,0.9835000038146973,0.6000000238418579,2,0.550000011920929,0.9835000038146973,0.6000000238418579,0.93700000166893,-377241.18416478613,157562.51755301718,1.0065330470590372,-157562.51755301718,-1.0065330470590372,156539.83544146415,0.0,0.0,1.9716974983136533,0.21535813862213263,0.21889815321700165,0.21535813862213263,0.018965661894079146,0.06,0.0,0.9651644512546159,0.9823931023443865,-0.017228651089770612,5.0,1.0,0.4118367590910099,1.0,53153.986717935135,-53153.986717935135,0.0,53153.986717935135,0.0,283.4879291623207,0.28359,0.1875,-283.4879291623207,-179782.5378629798,-87570.76698083089,0.0,-0.0,-174435.74332634246,0.0,-0.0,-1661455.9020996094,-59019.00029182434,59019.00029182434,-86216.47447347641,12000.000476837158,-12000.000476837158,-109190.99648952484,28110.0000500679,-28110.0000500679,3124013.8348500063,123317.53060000017,-123317.53060000017,-1382385.1356450033,53153.986717935135,-53153.986717935135,0.40334945917129517,0.7796176671981812,0.49034589529037476,0.4995397627353668,7796176.5,262.5547790527344,464.0121154785156,310.9361267089844,-147525008.0,60000004.0,140550000.0,-283487936.0,0.0,-0.0,-0.0,-0.0,230462928.0,2.9802322387695312e-08,0.0,0.8350000143051147,1.0,-0.5667352177202672,1.0,False,False,True,2,2,2
104400.0,28,1.5902419712868723,False,False,ok,,,True,0.9833499789237976,0.6000000238418579,2,0.550000011920929,0.9833499789237976,0.6000000238418579,0.93700000166893,-451006.52848620946,152147.02591012383,0.9719380723829689,-152147.02591012383,-0.9719380723829689,156539.83544146415,0.0,0.0,1.5902419712868723,0.09025330594621256,0.09384194682598464,0.09025330594621256,0.0038680499733061238,0.06,0.0,0.6183038989039034,0.6255241633796004,-0.007220264475697005,5.0,1.0,0.21535813862213263,1.0,55807.460717991686,-55807.460717991686,0.0,55807.460717991686,0.0,297.63979049595565,0.28359,0.1875,-297.63979049595565,-170104.90951355547,-87570.76698083089,0.0,-0.0,-174435.74332634246,0.0,-0.0,-1720457.8009843826,-59001.898884773254,59001.898884773254,-74216.47399663925,12000.000476837158,-12000.000476837158,-81080.99643945694,28110.0000500679,-28110.0000500679,3239245.298400005,115231.46354999859,-115231.46354999859,-1552490.0451585588,55807.460717991686,-55807.460717991686,0.5233494639396667,0.7947708964347839,0.5000663995742798,0.4898131191730499,7947709.0,262.8506164550781,467.30035400390625,310.19195556640625,-147502496.0,60000004.0,140550000.0,-297639776.0,0.0,0.0,-0.0,-0.0,244592288.0,-0.0,0.0,0.8335000038146972,1.0,-1.0,1.0,False,False,True,2,3,1
108000.0,29,0.14192636094555677,False,False,ok,,,True,0.983335018157959,0.6000000238418579,2,0.550000011920929,0.983335018157959,0.6000000238418579,0.93700000166893,-526185.6625829834,154798.01300611265,0.9888729764507589,-154798.01300611265,-0.9888729764507589,156539.83544146415,0.0,0.0,0.14192636094555677,0.25555376874729624,0.2659357058603137,0.25555376874729624,0.03246625361264319,0.06,0.0,-0.8469466155052021,-0.8265023140054184,-0.0204443014997837,5.0,1.0,0.09025330594621256,1.0,51392.0609832809,-51392.0609832809,0.0,51392.0609832809,0.0,274.09099191083146,0.28359,0.1875,-274.09099191083146,-178585.0861196057,-87570.76698083089,0.0,-0.0,-174435.74332634246,0.0,-0.0,-1779457.9918384552,-59000.19085407257,59000.19085407257,-62216.47351980209,12000.000476837158,-12000.000476837158,-52970.99638938904,28110.0000500679,-28110.0000500679,3361541.440750007,122296.14235000219,-122296.14235000219,-1731075.1312781645,51392.0609832809,-51392.0609832809,0.6433494687080383,0.8094704747200012,0.509746789932251,0.4800841212272644,8094704.5,263.00640869140625,470.5197448730469,309.4476318359375,-147500256.0,60000004.0,140550000.0,-274090976.0,0.0,0.0,-0.0,-0.0,221041248.0,-0.0,0.0,0.8333499789237976,1.0,-1.0,1.0,False,False,True,,0,0
111600.0,30,0.23639241373096523,False,False,ok,,,True,1.0,0.0,1,0.0,1.0,0.0,0.0,-524242.4466435082,63724.21244350591,0.4070798481664092,-63724.21244350591,-0.4070798481664092,156539.83544146415,0.0,0.0,0.23639241373096523,0.2851291886165207,0.2935880150711842,0.2851291886165207,0.038915118469763275,0.06,0.0,-0.17068743443544396,-0.1478770993461223,-0.022810335089321655,5.0,1.0,0.25555376874729624,1.0,10606.412350036293,-10606.412350036293,0.0,10606.412350036293,0.0,56.567532533526894,0.63457,0.1875,-56.567532533526894,-51174.58415399445,-87570.76698083089,0.0,-0.0,-175949.55417661555,-1513.8108502730902,1513.8108502730902,-1839358.001947403,-59900.010108947754,59900.010108947754,-61016.47347211838,1200.0000476837158,-1200.0000476837158,-50159.99638438225,2811.00000500679,-2811.00000500679,3472062.061750009,110520.62100000214,-110520.62100000214,-1782249.715432159,10606.412350036293,-10606.412350036293,0.6553494930267334,0.7978950142860413,0.5071194767951965,0.48295140266418457,7978950.5,260.4491271972656,466.2806091308594,309.6669921875,-150000000.0,0.0,0.0,-56567532.0,0.0,0.0,-13441535.0,-13441535.0,220009072.0,-0.0,0.0,0.833335018157959,1.0,-1.0,1.0,True,True,True,,0,0
115200.0,31,-0.07919958752554146,False,False,ok,,,True,0.9775000214576721,-0.6000000238418579,0,0.550000011920929,0.9775000214576721,-0.6000000238418579,-0.6314999920129776,-530206.2089014177,-146416.40020255942,-0.9353299739305638,146416.40020255942,0.9353299739305638,156539.83544146415,0.0,0.0,-0.07919958752554146,0.11210936155070494,0.11558455892171952,0.11210936155070494,0.006054922209308458,0.06,0.0,0.8561303864050224,0.8650991353290788,-0.008968748924056396,5.0,1.0,0.2851291886165207,1.0,-133144.0800136014,133144.0800136014,133144.0800136014,0.0,135.09622039835767,0.0,0.98555,0.1875,135.09622039835767,7308.557931048563,-87570.76698083089,0.0,-0.0,-184740.40637985157,-8790.85220323602,8790.85220323602,-1898143.0031061172,-58785.001158714294,58785.001158714294,-82616.47433042526,-21600.000858306885,21600.000858306885,-84260.99595308304,-34100.99956870079,34100.99956870079,3582066.595350011,110004.5336000016,-110004.5336000016,-1774941.1575011103,-133144.0800136014,133144.0800136014,0.5282906293869019,0.7803266048431396,0.49864065647125244,0.49143022298812866,7803266.0,258.7706604003906,463.19720458984375,310.1103820800781,-146625008.0,-60000004.0,-94725000.0,135096224.0,0.0,-0.0,-61442920.0,-61442920.0,227696704.0,-0.0,0.0,0.85,1.0,-1.0,0.9732526111252233,True,True,True,0,1,3
118800.0,32,-1.981249972127007,False,False,ok,,,True,0.9741250276565552,-0.6000000238418579,0,0.550000011920929,0.9741250276565552,-0.6000000238418579,-0.6314999920129776,-541365.2349914062,-196891.8104702447,-1.2577744822267276,196891.8104702447,1.2577744822267276,156539.83544146415,0.0,0.0,-1.981249972127007,0.25276029481374096,0.25682713357773684,0.25276029481374096,0.026075639161541694,0.06,0.0,-0.7234754899002793,-0.7032546663151801,-0.020220823585099277,5.0,1.0,0.11210936155070494,1.0,-170433.42069442707,170433.42069442707,170433.42069442707,0.0,172.93229231842835,0.0,0.98555,0.1875,172.93229231842835,15299.3636858291,-87570.76698083089,0.0,-0.0,-204689.39700901607,-19948.990629164502,19948.990629164502,-1956610.7547283173,-58467.75162220001,58467.75162220001,-106616.47528409958,-24000.000953674316,24000.000953674316,-122150.9954738617,-37889.999520778656,37889.999520778656,3695914.948300012,113848.35295000114,-113848.35295000114,-1759641.7938152812,-170433.42069442707,170433.42069442707,0.38711416721343994,0.7665684223175049,0.4892256557941437,0.500845193862915,7665684.5,258.7810363769531,459.76171875,310.59381103515625,-146118752.0,-60000004.0,-94725000.0,172932288.0,0.0,0.0,-101901512.0,-101901512.0,229812976.0,-0.0,0.0,0.8275000214576721,1.0,-1.0,1.0,True,False,False,0,2,2
122400.0,33,-1.086155058449084,False,False,ok,,,True,1.0,0.0,0,0.20000000298023224,1.0,0.0,-0.8659999980032445,-550696.8023971518,-137784.76679366268,-0.8801898022001265,137784.76679366268,0.8801898022001265,156539.83544146415,0.0,0.0,-1.086155058449084,0.2893241595113508,0.3017698510826589,0.2893241595113508,0.03396000824951778,0.06,0.0,-0.20596525624895737,-0.1828193234880493,-0.023145932760908067,5.0,1.0,0.25276029481374096,1.0,-112129.42999381012,112129.42999381012,112129.42999381012,0.0,176.7014356080655,0.0,0.63457,0.1875,176.7014356080655,16323.76939410693,-87570.76698083089,0.0,-0.0,-232453.46965330897,-27764.0726442929,27764.0726442929,-2016455.5048942566,-59844.75016593933,59844.75016593933,-109016.47537946701,-2400.0000953674316,2400.0000953674316,-172703.99531811476,-50552.99984425306,50552.99984425306,3810821.4342500134,114906.48595000152,-114906.48595000152,-1743318.0244211743,-112129.42999381012,112129.42999381012,0.3729965388774872,0.7511810660362244,0.4772558808326721,0.512814998626709,7511810.5,259.5197448730469,455.3771057128906,311.1956481933594,-150000000.0,0.0,-129900000.0,176701440.0,0.0,0.0,-122115376.0,-122115376.0,225313936.0,-0.0,0.0,0.8241250276565552,1.0,-1.0,1.0,True,False,False,0,3,1
126000.0,34,0.3757175423212725,False,False,ok,,,True,0.9850000143051147,0.6000000238418579,0,0.20000000298023224,0.9850000143051147,0.6000000238418579,-0.8659999980032445,-557750.6159147319,-54794.16676364136,-0.3500333739914455,54794.16676364136,0.3500333739914455,156539.83544146415,0.0,0.0,0.3757175423212725,0.14190351992992836,0.16293760378575214,0.14190351992992836,0.013400875543648686,0.06,0.0,0.725750916312718,0.7371031979071123,-0.011352281594394269,5.0,1.0,0.2893241595113508,1.0,-35072.98761903467,35072.98761903467,35072.98761903467,0.0,123.6749801439919,0.0,0.28359,0.1875,123.6749801439919,12667.365627026651,-87570.76698083089,0.0,-0.0,-264481.6191243982,-32028.149471089244,32028.149471089244,-2075645.5056667328,-59190.000772476196,59190.000772476196,-98216.47495031357,10800.000429153442,-10800.000429153442,-224663.99519830942,-51959.999880194664,51959.999880194664,3923478.4048000122,112656.9705499988,-112656.9705499988,-1730650.6587941477,-35072.98761903467,35072.98761903467,0.4809965193271637,0.736601710319519,0.46498674154281616,0.5250841379165649,7366017.0,260.7348327636719,450.8640441894531,311.798095703125,-147750000.0,60000004.0,-129900000.0,123674984.0,0.0,-0.0,-135385456.0,-135385456.0,229360480.0,-0.0,0.0,0.85,1.0,-0.9477352328598456,1.0,True,False,False,,0,0
129600.0,35,-0.00200489787993674,False,False,ok,,,True,0.9835000038146973,0.6000000238418579,2,0.550000011920929,0.9835000038146973,0.6000000238418579,0.93700000166893,-582847.0477845668,78877.66311695865,0.5038823689478953,-78877.66311695865,-0.5038823689478953,156539.83544146415,0.0,0.0,-0.00200489787993674,0.23925292647194368,0.25507095128603563,0.23925292647194368,0.023001938423791928,0.06,0.0,-0.505887266827832,-0.4867470327100766,-0.019140234117755495,5.0,1.0,0.14190351992992836,1.0,24337.612304361024,-24337.612304361024,0.0,24337.612304361024,0.0,129.80059895659213,0.18331,0.1875,-129.80059895659213,-79636.48268243251,-87570.76698083089,0.0,-0.0,-297705.80925385497,-33224.19012945675,33224.19012945675,-2134664.505958557,-59019.00029182434,59019.00029182434,-86216.47447347641,12000.000476837158,-12000.000476837158,-204560.99514126778,20103.000057041645,-20103.000057041645,4038158.6455000103,114680.2406999981,-114680.2406999981,-1810287.1414765802,24337.612304361024,-24337.612304361024,0.6009965538978577,0.7622418999671936,0.472438246011734,0.5176326036453247,7622419.0,265.9014587402344,453.6978759765625,311.2121887207031,-147525008.0,60000004.0,140550000.0,-129800600.0,0.0,0.0,-129865488.0,-129865488.0,206641088.0,-0.0,0.0,0.8350000143051147,1.0,-1.0,1.0,True,True,True,2,1,3
133200.0,36,-0.2443004885737069,False,False,ok,,,True,0.9833499789237976,0.6000000238418579,2,0.550000011920929,0.9833499789237976,0.6000000238418579,0.93700000166893,-612105.4108595923,88536.97124747578,0.5655874812809736,-88536.97124747578,-0.5655874812809736,156539.83544146415,0.0,0.0,-0.2443004885737069,0.39491192956976356,0.40402117182031205,0.39491192956976356,0.077280936717632,0.06,0.0,-0.8098879698546805,-0.7782950154890994,-0.031592954365581086,5.0,1.0,0.23925292647194368,1.0,34197.4681456283,-34197.4681456283,0.0,34197.4681456283,0.0,182.38649677668428,0.18331,0.1875,-182.38649677668428,-83597.86617687298,-87570.76698083089,0.0,-0.0,-327794.94994413905,-30089.140690284083,30089.140690284083,-2193666.4048433304,-59001.898884773254,59001.898884773254,-74216.47399663925,12000.000476837158,-12000.000476837158,-176450.99509119987,28110.0000500679,-28110.0000500679,4141479.1876500105,103320.54215000011,-103320.54215000011,-1893885.0076534532,34197.4681456283,-34197.4681456283,0.7209965586662292,0.786582887172699,0.482022225856781,0.5080486536026001,7865829.0,269.3575744628906,457.26165771484375,310.49945068359375,-147502496.0,60000004.0,140550000.0,-182386496.0,0.0,0.0,-108740912.0,-108740912.0,238079904.0,-0.0,0.0,0.8335000038146972,1.0,-1.0,1.0,False,False,True,2,2,2
136800.0,37,-0.09821644747358615,False,False,ok,,,True,0.983335018157959,0.6000000238418579,2,0.550000011920929,0.983335018157959,0.6000000238418579,0.93700000166893,-653895.2117458244,116271.33436715559,0.7427587619423147,-116271.33436715559,-0.7427587619423147,156539.83544146415,0.0,0.0,-0.09821644747358615,0.5542391451308502,0.5573238787964554,0.5542391451308502,0.17624504218078316,0.06,0.0,-0.8409752094159009,-0.7966360778054329,-0.04433913161046801,5.0,1.0,0.39491192956976356,1.0,39505.928466138925,-39505.928466138925,0.0,39505.928466138925,0.0,210.69828515274094,0.18331,0.1875,-210.69828515274094,-118555.20678724884,-87570.76698083089,0.0,-0.0,-351179.30326595437,-23384.353321815317,23384.353321815317,-2252666.595697403,-59000.19085407257,59000.19085407257,-62216.47351980209,12000.000476837158,-12000.000476837158,-148340.99504113197,28110.0000500679,-28110.0000500679,4260519.137200008,119039.94954999769,-119039.94954999769,-2012440.214440702,39505.928466138925,-39505.928466138925,0.8409965634346008,0.8072556853294373,0.491548627614975,0.4996378421783447,8072556.5,271.4815368652344,460.7408752441406,309.8739929199219,-147500256.0,60000004.0,140550000.0,-210698288.0,0.0,0.0,-74908640.0,-74908640.0,232557168.0,-0.0,0.0,0.8333499789237976,1.0,-1.0,0.6450173039646789,False,False,True,2,3,1
140400.0,38,0.5853275088087003,False,False,ok,,,True,0.9833335280418396,0.04501727968454361,2,0.550000011920929,0.9833335280418396,0.04501727968454361,0.93700000166893,-688642.7469679652,108263.7143256421,0.6916048814049366,-108263.7143256421,-0.6916048814049366,156539.83544146415,0.0,0.0,0.5853275088087003,0.5664317122540329,0.5690166031596124,0.5664317122540329,0.19620359996692016,0.06,0.0,-0.10627737259623628,-0.060962835615913646,-0.04531453698032263,5.0,1.0,0.5542391451308502,1.0,34613.97513849196,-34613.97513849196,0.0,34613.97513849196,0.0,184.60786740529045,0.28359,0.1875,-184.60786740529045,-108397.27440929087,-87570.76698083089,0.0,-0.0,-364928.4419876705,-13749.138721716125,13749.138721716125,-2311666.61632061,-59000.02062320709,59000.02062320709,-60206.16243779659,2010.3110820055008,-2010.3110820055008,-120230.99499106407,28110.0000500679,-28110.0000500679,4376797.724600009,116278.58740000054,-116278.58740000054,-2120837.488849993,34613.97513849196,-34613.97513849196,0.8610996603965759,0.8252177834510803,0.5010244846343994,0.4936390817165375,8252177.5,272.6579284667969,464.1399841308594,309.4278869628906,-147500032.0,4501728.0,140550000.0,-184607872.0,0.0,0.0,-30498326.0,-30498326.0,217554496.0,-0.0,0.0,0.833335018157959,1.0,-1.0,0.045017280122822134,False,False,True,,0,0
144000.0,39,0.9795141124079191,False,False,ok,,,True,1.0,-0.5277491211891174,1,0.0,1.0,-0.5277491211891174,0.0,-672518.0756848523,30979.401567609228,0.1979010740636273,-30979.401567609228,-0.1979010740636273,156539.83544146415,0.0,0.0,0.9795141124079191,0.403650693489345,0.4067371778069199,0.403650693489345,0.0947313572697529,0.06,0.0,0.7816130383442917,0.8139050938234393,-0.032292055479147604,5.0,1.0,0.5664317122540329,1.0,2410.295021454049,-2410.295021454049,0.0,2410.295021454049,0.0,12.854906781088262,0.63457,0.1875,-12.854906781088262,-12444.435263042338,-87570.76698083089,0.0,-0.0,-369138.64717483206,-4210.2051871615695,4210.2051871615695,-2371566.617488861,-59900.00116825104,59900.00116825104,-79115.09624123573,-18908.93380343914,18908.93380343914,-117419.99498605728,2811.00000500679,-2811.00000500679,4485574.971300012,108777.24670000374,-108777.24670000374,-2133281.924113035,2410.295021454049,-2410.295021454049,0.7502413392066956,0.8217113614082336,0.5019699335098267,0.49315139651298523,8217113.5,271.0252990722656,464.47540283203125,309.3916015625,-150000000.0,-52774912.0,0.0,-12854907.0,0.0,0.0,-0.0,-0.0,215629824.0,-0.0,0.0,0.8333335280418396,1.0,-1.0,-0.055498273977453993,True,True,True,,0,0
147600.0,40,0.22626353212427386,False,False,ok,,,True,0.9775000214576721,-0.6000000238418579,0,0.550000011920929,0.9775000214576721,-0.6000000238418579,-0.6314999920129776,-674356.6420167658,-108335.63462316727,-0.692064319076647,108335.63462316727,0.692064319076647,156539.83544146415,0.0,0.0,0.22626353212427386,0.21652079059956775,0.21936092456847947,0.21652079059956775,0.020940779575556907,0.06,0.0,0.9183278512009209,0.9356495144488863,-0.01732166324796542,5.0,1.0,0.403650693489345,1.0,-99553.54600269061,99553.54600269061,99553.54600269061,0.0,87.63747810478323,0.0,1.13597,0.1875,87.63747810478323,6943.522288563196,-87570.76698083089,0.0,-0.0,-369138.64717483206,0.0,-0.0,-2430351.6186475754,-58785.001158714294,58785.001158714294,-102826.09358429909,-23710.997343063354,23710.997343063354,-151520.99455475807,-34100.99956870079,34100.99956870079,4593389.880750014,107814.90945000201,-107814.90945000201,-2126338.401824472,-99553.54600269061,99553.54600269061,0.6107649207115173,0.7996265888214111,0.4935033321380615,0.5016180276870728,7996265.5,267.9814758300781,461.3894958496094,309.82525634765625,-146625008.0,-60000004.0,-94725000.0,87637480.0,0.0,0.0,-0.0,-0.0,213712528.0,-0.0,0.0,0.85,1.0,-1.0,0.49879318519550797,True,True,True,0,1,3
151200.0,41,-0.2742766254156909,False,False,ok,,,True,0.9741250276565552,-0.6000000238418579,0,0.550000011920929,0.9741250276565552,-0.6000000238418579,-0.6314999920129776,-679139.9455692557,-119563.84807182453,-0.7637918344211735,119563.84807182453,0.7637918344211735,156539.83544146415,0.0,0.0,-0.2742766254156909,0.11674975275440083,0.12618406195795115,0.11674975275440083,0.006447113615422176,0.06,0.0,0.48951520900548257,0.4988551892258346,-0.009339980220352066,5.0,1.0,0.21652079059956775,1.0,-106062.35912517039,106062.35912517039,106062.35912517039,0.0,93.3672184346157,0.0,1.13597,0.1875,93.3672184346157,8718.185394164175,-87570.76698083089,0.0,-0.0,-369138.64717483206,0.0,-0.0,-2488819.3702697754,-58467.75162220001,58467.75162220001,-126826.0945379734,-24000.000953674316,24000.000953674316,-189410.99407553673,-37889.999520778656,37889.999520778656,4700246.143900011,106856.26314999629,-106856.26314999629,-2117620.216430308,-106062.35912517039,106062.35912517039,0.46958842873573303,0.7788676023483276,0.4840830862522125,0.5110382437705994,7788676.0,265.7773132324219,457.9446105957031,310.29925537109375,-146118752.0,-60000004.0,-94725000.0,93367216.0,0.0,0.0,-0.0,-0.0,207476544.0,-0.0,0.0,0.8275000214576721,1.0,-1.0,1.0,True,False,False,0,2,2
154800.0,42,-1.8952550526285,False,False,ok,,,True,0.973618745803833,-0.6000000238418579,0,0.550000011920929,0.973618745803833,-0.6000000238418579,-0.6314999920129776,-686381.9529946052,-112050.77418354199,-0.715797189051229,112050.77418354199,0.715797189051229,156539.83544146415,0.0,0.0,-1.8952550526285,0.34708791876954237,0.363111104415479,0.34708791876954237,0.05221082538362888,0.06,0.0,-1.179457863577271,-1.1516908300757076,-0.02776703350156339,5.0,1.0,0.11674975275440083,1.0,-95478.87971974186,95478.87971974186,95478.87971974186,0.0,84.05052925670736,0.0,1.13597,0.1875,84.05052925670736,9329.887038450688,-87570.76698083089,0.0,-0.0,-369138.64717483206,0.0,-0.0,-2547239.5327091217,-58420.16243934631,58420.16243934631,-150826.09549164772,-24000.000953674316,24000.000953674316,-227300.99359631538,-37889.999520778656,37889.999520778656,4803984.412350006,103738.26844999567,-103738.26844999567,-2108290.329391857,-95478.87971974186,95478.87971974186,0.3284119665622711,0.7602941393852234,0.47467041015625,0.5204509496688843,7602941.5,264.245849609375,454.4909362792969,310.7641906738281,-146042816.0,-60000004.0,-94725000.0,84050528.0,0.0,0.0,-0.0,-0.0,216717280.0,-0.0,0.0,0.8241250276565552,1.0,-1.0,1.0,True,False,False,0,3,1
158400.0,43,-1.6389047992435324,False,False,ok,,,True,0.9735428094863892,-0.6000000238418579,0,0.550000011920929,0.9735428094863892,-0.6000000238418579,-0.6314999920129776,-689922.307970761,-70195.03966505433,-0.4484164651578592,70195.03966505433,0.4484164651578592,156539.83544146415,0.0,0.0,-1.6389047992435324,0.5759700645538159,0.598573523522442,0.5759700645538159,0.15814368194520256,0.06,0.0,-1.1904883340856731,-1.1444107289213679,-0.04607760516430528,5.0,1.0,0.34708791876954237,1.0,-58250.65690351444,58250.65690351444,58250.65690351444,0.0,59.1047201090908,0.0,0.98555,0.1875,59.1047201090908,8404.027785384096,-87570.76698083089,0.0,-0.0,-369138.64717483206,0.0,-0.0,-2605652.5568962097,-58413.02418708801,58413.02418708801,-174826.09644532204,-24000.000953674316,24000.000953674316,-265190.99311709404,-37889.999520778656,37889.999520778656,4912343.0542500075,108358.6419000011,-108358.6419000011,-2099886.301606473,-58250.65690351444,58250.65690351444,0.18723547458648682,0.7431766986846924,0.4652700126171112,0.5298513174057007,7431767.0,263.1647033691406,451.03070068359375,311.2201843261719,-146031424.0,-60000004.0,-94725000.0,59104720.0,0.0,0.0,-0.0,-0.0,241651696.0,-0.0,0.0,0.823618745803833,1.0,-0.7582508113235205,1.0,True,False,False,,0,0
162000.0,44,0.27210279801246057,False,False,ok,,,True,1.0,0.0,1,0.0,1.0,0.0,0.0,-684027.5857740332,66360.3671143883,0.4239200004729966,-66360.3671143883,-0.4239200004729966,156539.83544146415,0.0,0.0,0.27210279801246057,0.5967849459113417,0.6200459843556769,0.5967849459113417,0.171612020045467,0.06,0.0,-0.15181720246053604,-0.10407440678762869,-0.04774279567290734,5.0,1.0,0.5759700645538159,1.0,11564.77276875,-11564.77276875,0.0,11564.77276875,0.0,61.67878809999999,0.98555,0.1875,-61.67878809999999,-48900.87214891054,-87570.76698083089,0.0,-0.0,-369138.64717483206,0.0,-0.0,-2665493.813753128,-59841.256856918335,59841.256856918335,-177226.09654068947,-2400.0000953674316,2400.0000953674316,-268979.9930691719,-3788.9999520778656,3788.9999520778656,5033168.90550001,120825.85125000216,-120825.85125000216,-2148787.1737553836,11564.77276875,-11564.77276875,0.17311783134937286,0.7435383200645447,0.46433061361312866,0.5307907462120056,7435383.0,263.78955078125,450.684326171875,311.26531982421875,-150000000.0,0.0,0.0,-61678788.0,0.0,0.0,-0.0,-0.0,211678784.0,-0.0,0.0,0.8235428094863891,1.0,-0.15825078748166238,1.0,True,True,True,,0,0
165600.0,45,0.31149351800357006,False,False,ok,,,True,1.0,0.0,1,0.0,1.0,0.0,0.0,-675195.4645840329,55863.52808749837,0.3568646148755391,-55863.52808749837,-0.3568646148755391,156539.83544146415,0.0,0.0,0.31149351800357006,0.5963180760686373,0.6195791145129725,0.5963180760686373,0.1715128305046336,0.06,0.0,-0.04537109687196905,0.0023343492135219357,-0.04770544608549099,5.0,1.0,0.5967849459113417,1.0,10024.134037499996,-10024.134037499996,0.0,10024.134037499996,0.0,53.462048199999984,0.63457,0.1875,-53.462048199999984,-37007.27285999805,-87570.76698083089,0.0,-0.0,-369138.64717483206,0.0,-0.0,-2725493.813753128,-60000.0,60000.0,-177226.09654068947,0.0,-0.0,-268979.9930691719,0.0,-0.0,5139008.299550008,105839.39404999837,-105839.39404999837,-2185794.4466153816,10024.134037499996,-10024.134037499996,0.17311783134937286,0.7440052032470703,0.46433061361312866,0.5307907462120056,7440052.0,263.9551696777344,450.684326171875,311.26531982421875,-150000000.0,0.0,0.0,-53462048.0,0.0,0.0,-0.0,-0.0,203462048.0,-0.0,0.0,0.85,1.0,-0.09825078509747666,1.0,True,True,True,,0,0
169200.0,46,0.3039265050073066,False,False,ok,,,True,1.0,0.0,1,0.0,1.0,0.0,0.0,-665541.6694040335,55744.09131874818,0.3561016348429272,-55744.09131874818,-0.3561016348429272,156539.83544146415,0.0,0.0,0.3039265050073066,0.5971979350745683,0.6204589735189037,0.5971979350745683,0.1717001256570211,0.06,0.0,-0.052175129835620546,-0.0043992950296550815,-0.047775834805965464,5.0,1.0,0.5963180760686373,1.0,14013.067218749999,-14013.067218749999,0.0,14013.067218749999,0.0,74.7363585,0.63457,0.1875,-74.7363585,-32077.228919998743,-87570.76698083089,0.0,-0.0,-369138.64717483206,0.0,-0.0,-2785493.813753128,-60000.0,60000.0,-177226.09654068947,0.0,-0.0,-268979.9930691719,0.0,-0.0,5240739.323650006,101731.02409999818,-101731.02409999818,-2217871.6755353804,14013.067218749999,-14013.067218749999,0.17311783134937286,0.743125319480896,0.46433061361312866,0.5307907462120056,7431253.0,263.6430358886719,450.684326171875,311.26531982421875,-150000000.0,0.0,0.0,-74736360.0,0.0,0.0,-0.0,-0.0,224736352.0,-0.0,0.0,0.85,1.0,-0.09825078509747666,1.0,True,True,True,,0,0
172800.0,47,0.34484211321647273,False,False,ok,,,True,1.0,0.0,1,0.0,1.0,0.0,0.0,-658015.3052540339,62888.34808124981,0.4017402209724822,-62888.34808124981,-0.4017402209724822,156539.83544146415,0.0,0.0,0.34484211321647273,0.5989936580962305,0.6222546965405658,0.5989936580962305,0.17208718493470732,0.06,0.0,-0.05689810775600944,-0.008978615108310994,-0.047919492647698445,5.0,1.0,0.5971979350745683,1.0,10520.168831249997,-10520.168831249997,0.0,10520.168831249997,0.0,56.10756709999999,0.63457,0.1875,-56.10756709999999,-44841.81510000024,-87570.76698083089,0.0,-0.0,-369138.64717483206,0.0,-0.0,-2845493.813753128,-60000.0,60000.0,-177226.09654068947,0.0,-0.0,-268979.9930691719,0.0,-0.0,5353107.5029000025,112368.17924999632,-112368.17924999632,-2262713.4906353806,10520.168831249997,-10520.168831249997,0.17311783134937286,0.7413296103477478,0.46433061361312866,0.5307907462120056,7413296.0,263.0059509277344,450.684326171875,311.26531982421875,-150000000.0,0.0,0.0,-56107568.0,0.0,0.0,-0.0,-0.0,206107568.0,-0.0,0.0,0.85,1.0,-0.09825078509747666,1.0,True,True,True,,0,0
176400.0,48,0.29996436099998186,False,False,ok,,,True,1.0,0.0,1,0.0,1.0,0.0,0.0,-648626.0619640345,56203.35791875052,0.35903549892108433,-56203.35791875052,-0.35903549892108433,156539.83544146415,0.0,0.0,0.29996436099998186,0.6011888638587116,0.624449902303047,0.6011888638587116,0.17256911166499567,0.06,0.0,-0.05907113792110249,-0.010976028812405558,-0.04809510910869693,5.0,1.0,0.5989936580962305,1.0,13149.574368750002,-13149.574368750002,0.0,13149.574368750002,0.0,70.13106330000001,0.63457,0.1875,-70.13106330000001,-33664.540260001086,-87570.76698083089,0.0,-0.0,-369138.64717483206,0.0,-0.0,-2905493.813753128,-60000.0,60000.0,-177226.09654068947,0.0,-0.0,-268979.9930691719,0.0,-0.0,5456161.286450004,103053.78355000168,-103053.78355000168,-2296378.0308953817,13149.574368750002,-13149.574368750002,0.17311783134937286,0.7391343712806702,0.46433061361312866,0.5307907462120056,7391344.0,262.2271423339844,450.684326171875,311.26531982421875,-150000000.0,0.0,0.0,-70131064.0,0.0,0.0,-0.0,-0.0,220131056.0,-0.0,0.0,0.85,1.0,-0.09825078509747666,1.0,True,True,True,,0,0
180000.0,49,0.32631112227622044,False,False,ok,,,True,1.0,0.0,1,0.0,1.0,0.0,0.0,-640639.1682940343,60295.66488749932,0.3851777709964824,-60295.66488749932,-0.3851777709964824,156539.83544146415,0.0,0.0,0.32631112227622044,0.6033092456720118,0.6265702841163472,0.6033092456720118,0.17304376253689022,0.06,0.0,-0.058866648720261996,-0.010601909066501047,-0.04826473965376095,5.0,1.0,0.6011888638587116,1.0,10230.133237499998,-10230.133237499998,0.0,10230.133237499998,0.0,54.56071059999999,0.63457,0.1875,-54.56071059999999,-42078.637979999185,-87570.76698083089,0.0,-0.0,-369138.64717483206,0.0,-0.0,-2965493.813753128,-60000.0,60000.0,-177226.09654068947,0.0,-0.0,-268979.9930691719,0.0,-0.0,5566226.8181000035,110065.53164999932,-110065.53164999932,-2338456.668875381,10230.133237499998,-10230.133237499998,0.17311783134937286,0.7370139956474304,0.46433061361312866,0.5307907462120056,7370140.0,261.4748840332031,450.684326171875,311.26531982421875,-150000000.0,0.0,0.0,-54560712.0,0.0,0.0,-0.0,-0.0,204560704.0,-0.0,0.0,0.85,1.0,-0.09825078509747666,1.0,True,True,True,,0,0
183600.0,50,1.7131264425690178,False,False,ok,,,True,0.9850000143051147,0.6000000238418579,2,0.550000011920929,0.9850000143051147,0.6000000238418579,0.93700000166893,-703698.2399162248,133344.49334338275,0.851824667934093,-133344.49334338275,-0.851824667934093,156539.83544146415,0.0,0.0,1.7131264425690178,0.4242607192372312,0.44137603076248516,0.4242607192372312,0.08106810131792601,0.06,0.0,0.8613017746349247,0.8952426321739032,-0.0339408575389785,5.0,1.0,0.6033092456720118,1.0,54155.13834164214,-54155.13834164214,0.0,54155.13834164214,0.0,288.8274044887581,0.28359,0.1875,-288.8274044887581,-142248.42662393115,-87570.76698083089,0.0,-0.0,-369138.64717483206,0.0,-0.0,-3024683.8145256042,-59190.000772476196,59190.000772476196,-166426.09611153603,10800.000429153442,-10800.000429153442,-243680.9930241108,25299.00004506111,-25299.00004506111,5668507.173400003,102280.35529999994,-102280.35529999994,-2480705.095499312,54155.13834164214,-54155.13834164214,0.28111782670021057,0.7540625333786011,0.47311022877693176,0.5220111012458801,7540625.5,262.947998046875,453.8929443359375,310.6277160644531,-147750000.0,60000004.0,140550000.0,-288827392.0,0.0,0.0,-0.0,-0.0,236027408.0,-0.0,0.0,0.85,1.0,-0.09825078509747666,1.0,True,True,True,2,1,3
187200.0,51,1.9212880980686131,False,False,ok,,,True,0.9835000038146973,0.6000000238418579,2,0.550000011920929,0.9835000038146973,0.6000000238418579,0.93700000166893,-778011.4812241233,149756.35488426356,0.9566661065020912,-149756.35488426356,-0.9566661065020912,156539.83544146415,0.0,0.0,1.9212880980686131,0.22769322925583346,0.2379933287061737,0.22769322925583346,0.02096611749425706,0.06,0.0,0.964621991566522,0.9828374499069886,-0.018215458340466676,5.0,1.0,0.4242607192372312,1.0,50651.652649185125,-50651.652649185125,0.0,50651.652649185125,0.0,270.1421474623207,0.28359,0.1875,-270.1421474623207,-173417.94354297686,-87570.76698083089,0.0,-0.0,-369138.64717483206,0.0,-0.0,-3083702.8148174286,-59019.00029182434,59019.00029182434,-154426.09563469887,12000.000476837158,-12000.000476837158,-215570.9929740429,28110.0000500679,-28110.0000500679,5786520.875400001,118013.70199999772,-118013.70199999772,-2654123.039042289,50651.652649185125,-50651.652649185125,0.40111783146858215,0.7706300020217896,0.4828462302684784,0.5122750997543335,7706300.0,263.7223815917969,457.3635559082031,309.920654296875,-147525008.0,60000004.0,140550000.0,-270142144.0,0.0,0.0,-0.0,-0.0,217117152.0,-0.0,0.0,0.8350000143051147,1.0,-0.5572508033364978,1.0,False,False,True,2,2,2
190800.0,52,1.561876293037077,False,False,ok,,,True,0.9833499789237976,0.6000000238418579,2,0.550000011920929,0.9833499789237976,0.6000000238418579,0.93700000166893,-850442.2473755473,142422.18998512154,0.9098143586485262,-142422.18998512154,-0.9098143586485262,156539.83544146415,0.0,0.0,1.561876293037077,0.09574886060838905,0.09924764011542883,0.09574886060838905,0.004774178102087144,0.06,0.0,0.652061934388551,0.659721843237222,-0.007659908848671125,5.0,1.0,0.22769322925583346,1.0,52755.51564299169,-52755.51564299169,0.0,52755.51564299169,0.0,281.3627500959557,0.28359,0.1875,-281.3627500959557,-162097.44049355388,-87570.76698083089,0.0,-0.0,-369138.64717483206,0.0,-0.0,-3142704.713702202,-59001.898884773254,59001.898884773254,-142426.0951578617,12000.000476837158,-12000.000476837158,-187460.992923975,28110.0000500679,-28110.0000500679,5895079.448099997,108558.57269999571,-108558.57269999571,-2816220.479535843,52755.51564299169,-52755.51564299169,0.5211178660392761,0.7859278917312622,0.4925624132156372,0.5025589466094971,7859279.0,264.0513610839844,460.7418518066406,309.2150573730469,-147502496.0,60000004.0,140550000.0,-281362752.0,0.0,0.0,-0.0,-0.0,228315248.0,-0.0,0.0,0.8335000038146972,1.0,-1.0,1.0,False,False,True,2,3,1
194400.0,53,0.10312614743534132,False,False,ok,,,True,0.983335018157959,0.6000000238418579,2,0.550000011920929,0.983335018157959,0.6000000238418579,0.93700000166893,-923993.6774323211,148850.31341861567,0.950878177422616,-148850.31341861567,-0.950878177422616,156539.83544146415,0.0,0.0,0.10312614743534132,0.26112132539945276,0.26438770695104963,0.26112132539945276,0.032316135052825185,0.06,0.0,-0.8477520299872747,-0.8268623239553186,-0.02088970603195622,5.0,1.0,0.09574886060838905,1.0,53582.8815957809,-53582.8815957809,0.0,53582.8815957809,0.0,285.77536851083147,0.28359,0.1875,-285.77536851083147,-168818.8618796086,-87570.76698083089,0.0,-0.0,-369138.64717483206,0.0,-0.0,-3201704.9045562744,-59000.19085407257,59000.19085407257,-130426.09468102455,12000.000476837158,-12000.000476837158,-159350.9928739071,28110.0000500679,-28110.0000500679,6009237.070249993,114157.62214999646,-114157.62214999646,-2985039.3414154514,53582.8815957809,-53582.8815957809,0.6411178708076477,0.8005554676055908,0.5022512674331665,0.4929187595844269,8005554.5,264.1600036621094,464.0388488769531,308.5149841308594,-147500256.0,60000004.0,140550000.0,-285775360.0,0.0,-0.0,-0.0,-0.0,232725616.0,2.9802322387695312e-08,0.0,0.8333499789237976,1.0,-1.0,1.0,False,False,True,,0,0
198000.0,54,0.2736247352052505,False,False,ok,,,True,1.0,0.0,1,0.0,1.0,0.0,0.0,-923180.576894824,71857.89103811255,0.45903900969017425,-71857.89103811255,-0.45903900969017425,156539.83544146415,0.0,0.0,0.2736247352052505,0.29350805147287157,0.29546636237837126,0.29350805147287157,0.03924204606975121,0.06,0.0,-0.18541427448492376,-0.16193363036709402,-0.023480644117829727,5.0,1.0,0.26112132539945276,1.0,12925.275686086827,-12925.275686086827,0.0,12925.275686086827,0.0,68.93480365912974,0.63457,0.1875,-68.93480365912974,-58119.51481452864,-87570.76698083089,0.0,-0.0,-370679.8310665494,-1541.1838917173445,1541.1838917173445,-3261604.914665222,-59900.010108947754,59900.010108947754,-129226.09463334084,1200.0000476837158,-1200.0000476837158,-156539.9928689003,2811.00000500679,-2811.00000500679,6125599.879549997,116362.80930000357,-116362.80930000357,-3043158.85622998,12925.275686086827,-12925.275686086827,0.653117835521698,0.7861687541007996,0.49853524565696716,0.49586957693099976,7861687.0,261.1470642089844,458.2566833496094,308.729248046875,-150000000.0,0.0,0.0,-68934800.0,0.0,0.0,-13690254.0,-13690254.0,232625056.0,-0.0,0.0,0.833335018157959,1.0,-1.0,1.0,True,True,True,,0,0
201600.0,55,-0.015094585142549355,False,False,ok,,,True,0.9775000214576721,-0.6000000238418579,0,0.550000011920929,0.9775000214576721,-0.6000000238418579,-0.6314999920129776,-924964.8349139938,-136534.9760189384,-0.8722059508615858,136534.9760189384,0.8722059508615858,156539.83544146415,0.0,0.0,-0.015094585142549355,0.1201631676467168,0.12516339681759017,0.1201631676467168,0.0075917052778095555,0.06,0.0,0.8571113657190365,0.8667244191307738,-0.009613053411737345,5.0,1.0,0.29350805147287157,1.0,-129156.43707167932,129156.43707167932,129156.43707167932,0.0,131.05011117820436,0.0,0.98555,0.1875,131.05011117820436,5594.280928089283,-87570.76698083089,0.0,-0.0,-379884.89727808593,-9205.066211536527,9205.066211536527,-3320389.9158239365,-58785.001158714294,58785.001158714294,-150826.09549164772,-21600.000858306885,21600.000858306885,-190640.9924376011,-34100.99956870079,34100.99956870079,6241912.408399995,116312.52884999849,-116312.52884999849,-3037564.5753018907,-129156.43707167932,129156.43707167932,0.5260590314865112,0.7689253687858582,0.4900592267513275,0.5043455958366394,7689253.5,259.5579833984375,455.2330627441406,309.1610412597656,-146625008.0,-60000004.0,-94725000.0,131050112.0,0.0,0.0,-64742944.0,-64742944.0,235042832.0,-0.0,0.0,0.85,1.0,-1.0,0.984410745694364,True,True,True,0,1,3
205200.0,56,-2.0969226327433503,False,False,ok,,,True,0.9741250276565552,-0.6000000238418579,0,0.550000011920929,0.9741250276565552,-0.6000000238418579,-0.6314999920129776,-933563.1294777759,-209963.43800788294,-1.3412780038752232,209963.43800788294,1.3412780038752232,156539.83544146415,0.0,0.0,-2.0969226327433503,0.26701977698852586,0.27860513736376313,0.26701977698852586,0.028778756421926534,0.06,0.0,-0.7556446288681273,-0.7342830467090453,-0.021361582159082067,5.0,1.0,0.1201631676467168,1.0,-186548.57917574237,186548.57917574237,186548.57917574237,0.0,189.28372906066903,0.0,0.98555,0.1875,189.28372906066903,14816.564268358517,-87570.76698083089,0.0,-0.0,-400463.42176357313,-20578.5244854872,20578.5244854872,-3378857.6674461365,-58467.75162220001,58467.75162220001,-174826.09644532204,-24000.000953674316,24000.000953674316,-228530.99195837975,-37889.999520778656,37889.999520778656,6359433.8261499945,117521.41774999909,-117521.41774999909,-3022748.011033532,-186548.57917574237,186548.57917574237,0.38488253951072693,0.7556564211845398,0.4806518852710724,0.5137529373168945,7556564.0,259.74688720703125,451.8671569824219,309.6318359375,-146118752.0,-60000004.0,-94725000.0,189283728.0,0.0,0.0,-103495200.0,-103495200.0,215055232.0,-0.0,0.0,0.8275000214576721,1.0,-1.0,1.0,True,False,False,0,2,2
208800.0,57,-1.2563542782383987,False,False,ok,,,True,1.0,0.0,0,0.20000000298023224,1.0,0.0,-0.8659999980032445,-949485.8410349038,-164828.76289414562,-1.0529509145662863,164828.76289414562,1.0529509145662863,156539.83544146415,0.0,0.0,-1.2563542782383987,0.3028547733493586,0.32282544662801965,0.3028547733493586,0.03693402959585915,0.06,0.0,-0.20340336367211248,-0.1791749818041638,-0.02422838186794869,5.0,1.0,0.26701977698852586,1.0,-130647.8104419895,130647.8104419895,130647.8104419895,0.0,205.88400088562256,0.0,0.63457,0.1875,205.88400088562256,18258.240895028226,-87570.76698083089,0.0,-0.0,-429374.2362601697,-28910.814496596577,28910.814496596577,-3438702.417612076,-59844.75016593933,59844.75016593933,-177226.09654068947,-2400.0000953674316,2400.0000953674316,-279083.9918026328,-50552.99984425306,50552.99984425306,6466961.438299999,107527.61215000413,-107527.61215000413,-3004489.770138504,-130647.8104419895,130647.8104419895,0.37076491117477417,0.740997850894928,0.46867287158966064,0.5257319211959839,7409979.0,260.7830810546875,447.5663757324219,310.2191162109375,-150000000.0,0.0,-129900000.0,205884000.0,0.0,0.0,-130257192.0,-130257192.0,204273184.0,-0.0,0.0,0.8241250276565552,1.0,-0.9982508208602615,1.0,True,False,False,0,3,1
212400.0,58,0.31545421764584763,False,False,ok,,,True,0.9850000143051147,0.6000000238418579,0,0.20000000298023224,0.9850000143051147,0.6000000238418579,-0.8659999980032445,-965484.7961526107,-65096.075411912345,-0.41584351502818656,65096.075411912345,0.41584351502818656,156539.83544146415,0.0,0.0,0.31545421764584763,0.15412916025054307,0.1826952365569919,0.15412916025054307,0.015627940002626073,0.06,0.0,0.7312977326740342,0.7436280654940777,-0.012330332820043446,5.0,1.0,0.3028547733493586,1.0,-33976.0417620503,33976.0417620503,33976.0417620503,0.0,119.80691054709368,0.0,0.28359,0.1875,119.80691054709368,15121.078532155138,-87586.11322934888,-15.346248517991626,15.346248517991626,-462265.51878799667,-32891.28252782696,32891.28252782696,-3497892.418384552,-59190.000772476196,59190.000772476196,-166426.09611153603,10800.000429153442,-10800.000429153442,-331043.9916828275,-51959.999880194664,51959.999880194664,6569098.03365,102136.59535000101,-102136.59535000101,-2989368.691606349,-33976.0417620503,33976.0417620503,0.4787648916244507,0.7277234792709351,0.4563937187194824,0.5380110740661621,7277235.0,262.5279846191406,443.1414794921875,310.8074035644531,-147750000.0,60000004.0,-129900000.0,119806912.0,-683898.875,-683898.875,-133144800.0,-133144800.0,231671792.0,-0.0,0.0,0.85,1.0,-0.9382508184760756,1.0,True,False,False,,0,0
216000.0,59,0.06830639394399174,False,False,ok,,,True,0.9835000038146973,0.6000000238418579,2,0.550000011920929,0.9835000038146973,0.6000000238418579,0.93700000166893,-992327.9808590863,83681.99553939146,0.5345731666536928,-83681.99553939146,-0.5345731666536928,156539.83544146415,0.0,0.0,0.06830639394399174,0.243486727157956,0.2668521773896712,0.243486727157956,0.02372135512221198,0.06,0.0,-0.46626677270970107,-0.4467878345370646,-0.01947893817263648,5.0,1.0,0.15412916025054307,1.0,27053.4219554244,-27053.4219554244,0.0,27053.4219554244,0.0,144.2849170955968,0.18331,0.1875,-144.2849170955968,-83471.75829044264,-88173.83144517621,-587.7182158273354,587.7182158273354,-493969.1198802559,-31703.601092259225,31703.601092259225,-3556911.4186763763,-59019.00029182434,59019.00029182434,-154426.09563469887,12000.000476837158,-12000.000476837158,-310940.9916257858,20103.000057041645,-20103.000057041645,6684933.9263,115835.89265000075,-115835.89265000075,-3072840.4498967915,27053.4219554244,-27053.4219554244,0.5987648963928223,0.7546606063842773,0.46382319927215576,0.5305816531181335,7546606.5,268.23681640625,446.1002197265625,310.2530517578125,-147525008.0,60000004.0,140550000.0,-144284912.0,-2958181.25,-2958181.25,-119103632.0,-119103632.0,213321728.0,-0.0,0.0,0.8350000143051147,1.0,-1.0,1.0,True,True,True,2,1,3
219600.0,60,-0.21222605705584952,False,False,ok,,,True,0.9833499789237976,0.6000000238418579,2,0.550000011920929,0.9833499789237976,0.6000000238418579,0.93700000166893,-1023682.4604428653,93041.28922470158,0.5943617416123645,-93041.28922470158,-0.5943617416123645,156539.83544146415,0.0,0.0,-0.21222605705584952,0.3984294162318886,0.4151066470990343,0.3984294162318886,0.07672669651784265,0.06,0.0,-0.8065877986682141,-0.774713445369663,-0.03187435329855109,5.0,1.0,0.243486727157956,1.0,34936.887871042134,-34936.887871042134,0.0,34936.887871042134,0.0,186.33006864555804,0.18331,0.1875,-186.33006864555804,-89458.88093743846,-89389.56644382728,-1215.7349986510671,1215.7349986510671,-522417.950570078,-28448.83068982209,28448.83068982209,-3615913.3175611496,-59001.898884773254,59001.898884773254,-142426.0951578617,12000.000476837158,-12000.000476837158,-282830.9915757179,28110.0000500679,-28110.0000500679,6791594.791699996,106660.86539999582,-106660.86539999582,-3162299.33083423,34936.887871042134,-34936.887871042134,0.7187649011611938,0.7797179818153381,0.4733777940273285,0.5210270285606384,7797179.5,271.9765930175781,449.7894592285156,309.5771179199219,-147502496.0,60000004.0,140550000.0,-186330064.0,-4117247.75,-4117247.75,-107312776.0,-107312776.0,244712592.0,-0.0,0.0,0.8335000038146972,1.0,-1.0,1.0,False,False,True,2,2,2
223200.0,61,-0.10647706839384896,False,False,ok,,,True,0.983335018157959,0.6000000238418579,2,0.550000011920929,0.983335018157959,0.6000000238418579,0.93700000166893,-1065824.1302912503,115120.9383740375,0.7354098594097817,-115120.9383740375,-0.7354098594097817,156539.83544146415,0.0,0.0,-0.10647706839384896,0.5578807104258019,0.5681068009917216,0.5578807104258019,0.17461590814128666,0.06,0.0,-0.8418869278036306,-0.7972564709695664,-0.04463045683406415,5.0,1.0,0.3984294162318886,1.0,35975.840395987376,-35975.840395987376,0.0,35975.840395987376,0.0,191.87114877859932,0.18331,0.1875,-191.87114877859932,-121286.76782643516,-90847.7743521906,-1458.2079083633143,1458.2079083633143,-545280.748856497,-22862.798286419013,22862.798286419013,-3674913.508415222,-59000.19085407257,59000.19085407257,-130426.09468102455,12000.000476837158,-12000.000476837158,-254720.99152565002,28110.0000500679,-28110.0000500679,6913951.086199995,122356.29449999891,-122356.29449999891,-3283586.098660665,35975.840395987376,-35975.840395987376,0.8387649059295654,0.800266683101654,0.4828813076019287,0.5120987296104431,8002666.5,274.0588073730469,453.3837585449219,308.94549560546875,-147500256.0,60000004.0,140550000.0,-191871152.0,-4226387.5,-4226387.5,-71965664.0,-71965664.0,215013456.0,-0.0,0.0,0.8333499789237976,1.0,-1.0,0.6561754385338203,False,False,True,2,3,1
226800.0,62,0.5332048715655835,False,False,ok,,,True,0.9833335280418396,0.056175414472818375,2,0.550000011920929,0.9833335280418396,0.056175414472818375,0.93700000166893,-1099529.8806508225,103399.41232239838,0.660530989002241,-103399.41232239838,-0.660530989002241,156539.83544146415,0.0,0.0,0.5332048715655835,0.5741593837727691,0.5787997128337463,0.5741593837727691,0.19642653461454668,0.06,0.0,-0.1273261174366575,-0.08139336673483599,-0.045932750701821526,5.0,1.0,0.5578807104258019,1.0,38312.710426122285,-38312.710426122285,0.0,38312.710426122285,0.0,204.3344556059855,0.28359,0.1875,-204.3344556059855,-98792.45225584833,-91284.87142773018,-437.0970755395829,437.0970755395829,-558584.811069736,-13304.062213239027,13304.062213239027,-3733913.5290384293,-59000.02062320709,59000.02062320709,-128214.9371728301,2211.1575081944466,-2211.1575081944466,-226610.99147558212,28110.0000500679,-28110.0000500679,7021457.810449995,107506.72424999997,-107506.72424999997,-3382378.5509165134,38312.710426122285,-38312.710426122285,0.8608765006065369,0.8171553611755371,0.49234962463378906,0.5056077241897583,8171553.5,274.85137939453125,456.8848571777344,308.4862976074219,-147500032.0,5617541.5,140550000.0,-204334448.0,0.0,0.0,-30085904.0,-30085904.0,235752848.0,-0.0,0.0,0.833335018157959,1.0,-1.0,0.05617541469196352,False,False,True,,0,0
230400.0,63,1.0236761014270308,False,False,ok,,,True,1.0,-0.5271912217140198,1,0.0,1.0,-0.5271912217140198,0.0,-1083682.9877794306,40344.2230889515,0.2577249616698214,-40344.2230889515,-0.2577249616698214,156539.83544146415,0.0,0.0,1.0236761014270308,0.4143397202965819,0.4184589943421679,0.4143397202965819,0.09552529943212967,0.06,0.0,0.7659511397572095,0.7990983173809361,-0.03314717762372655,5.0,1.0,0.5741593837727691,1.0,2587.217536612127,-2587.217536612127,0.0,2587.217536612127,0.0,13.79849352859801,0.63457,0.1875,-13.79849352859801,-21910.112680947408,-91284.87142773018,0.0,-0.0,-562748.6943513927,-4163.883281656657,4163.883281656657,-3793813.5302066803,-59900.00116825104,59900.00116825104,-147081.47032558918,-18866.533152759075,18866.533152759075,-223799.99147057533,2811.00000500679,-2811.00000500679,7139334.233599998,117876.42315000296,-117876.42315000296,-3404288.663597461,2587.217536612127,-2587.217536612127,0.7503595352172852,0.8111995458602905,0.4932953119277954,0.5050646662712097,8111995.5,272.36285400390625,457.22979736328125,308.4479064941406,-150000000.0,-52719124.0,0.0,-13798494.0,0.0,0.0,-0.0,-0.0,216517616.0,-0.0,0.0,0.8333335280418396,1.0,-1.0,-0.054382460717760095,True,True,True,,0,0
234000.0,64,0.2441112262558104,False,False,ok,,,True,0.9775000214576721,-0.6000000238418579,0,0.550000011920929,0.9775000214576721,-0.6000000238418579,-0.6314999920129776,-1085211.9410302937,-102742.26926816923,-0.6563330603895278,102742.26926816923,0.6563330603895278,156539.83544146415,0.0,0.0,0.2441112262558104,0.2305618729995219,0.24061306841964508,0.2305618729995219,0.022570844434275643,0.06,0.0,0.9004442866453382,0.9188892364852999,-0.01844494983996175,5.0,1.0,0.4143397202965819,1.0,-94406.31064559163,94406.31064559163,94406.31064559163,0.0,83.10634140478325,0.0,1.13597,0.1875,83.10634140478325,6807.0053717144765,-91284.87142773018,0.0,-0.0,-562748.6943513927,0.0,-0.0,-3852598.5313653946,-58785.001158714294,58785.001158714294,-170790.23607075214,-23708.765745162964,23708.765745162964,-257900.99103927612,-34100.99956870079,34100.99956870079,7247593.041449994,108258.80784999579,-108258.80784999579,-3397481.6582257464,-94406.31064559163,94406.31064559163,0.6108961701393127,0.7857823967933655,0.4848211407661438,0.5135388374328613,7857824.0,268.1540832519531,454.18939208984375,308.87176513671875,-146625008.0,-60000004.0,-94725000.0,83106344.0,0.0,0.0,-0.0,-0.0,218243664.0,-0.0,0.0,0.85,1.0,-1.0,0.49820246788509714,True,True,True,0,1,3
237600.0,65,-0.11295643867001232,False,False,ok,,,True,0.9741250276565552,-0.6000000238418579,0,0.550000011920929,0.9741250276565552,-0.6000000238418579,-0.6314999920129776,-1088182.789902783,-92146.91710468501,-0.5886483580669282,92146.91710468501,0.5886483580669282,156539.83544146415,0.0,0.0,-0.11295643867001232,0.13329083574816805,0.14993306843472542,0.13329083574816805,0.009096549943141699,0.06,0.0,0.47569191939691585,0.4863551862567693,-0.010663266859853445,5.0,1.0,0.2305618729995219,1.0,-80910.99650803141,80910.99650803141,80910.99650803141,0.0,71.22634973461571,0.0,1.13597,0.1875,71.22634973461571,8265.0717241643,-91284.87142773018,0.0,-0.0,-562748.6943513927,0.0,-0.0,-3911066.2829875946,-58467.75162220001,58467.75162220001,-194790.23702442646,-24000.000953674316,24000.000953674316,-295790.9905600548,-37889.999520778656,37889.999520778656,7356714.872949993,109121.83149999939,-109121.83149999939,-3389216.586501582,-80910.99650803141,80910.99650803141,0.46971970796585083,0.7621296048164368,0.47540536522865295,0.5229545831680298,7621296.0,264.90582275390625,450.8011169433594,309.3346252441406,-146118752.0,-60000004.0,-94725000.0,71226352.0,0.0,0.0,-0.0,-0.0,229617408.0,-0.0,0.0,0.8275000214576721,1.0,-1.0,1.0,True,False,False,0,2,2
241200.0,66,-1.6300203992397235,False,False,ok,,,True,0.973618745803833,-0.6000000238418579,0,0.550000011920929,0.973618745803833,-0.6000000238418579,-0.6314999920129776,-1086568.4498481317,-68557.49590762769,-0.4379555894784608,68557.49590762769,0.4379555894784608,156539.83544146415,0.0,0.0,-1.6300203992397235,0.36585019458702817,0.3890727401341239,0.36585019458702817,0.055904227528708994,0.06,0.0,-1.1920648097612627,-1.1627967941943005,-0.029268015566962253,5.0,1.0,0.13329083574816805,1.0,-63056.035793829884,63056.035793829884,63056.035793829884,0.0,55.50853965670738,0.0,1.13597,0.1875,55.50853965670738,7115.800168449059,-91284.87142773018,0.0,-0.0,-562748.6943513927,0.0,-0.0,-3969486.445426941,-58420.16243934631,58420.16243934631,-218790.23797810078,-24000.000953674316,24000.000953674316,-333680.99008083344,-37889.999520778656,37889.999520778656,7471523.575749997,114808.70280000381,-114808.70280000381,-3382100.786333133,-63056.035793829884,63056.035793829884,0.32854321599006653,0.7413349747657776,0.4660049080848694,0.5323550701141357,7413349.5,262.5372314453125,447.40814208984375,309.7884521484375,-146042816.0,-60000004.0,-94725000.0,55508540.0,0.0,0.0,-0.0,-0.0,245259280.0,-0.0,0.0,0.8241250276565552,1.0,-1.0,1.0,True,False,False,0,3,1
244800.0,67,-1.7356191163228898,False,False,ok,,,True,0.9735428094863892,-0.6000000238418579,0,0.550000011920929,0.9735428094863892,-0.6000000238418579,-0.6314999920129776,-1078692.0089842873,-83938.56044938341,-0.5362121418657747,83938.56044938341,0.5362121418657747,156539.83544146415,0.0,0.0,-1.7356191163228898,0.5961925093291842,0.6259858602454449,0.5961925093291842,0.1628000115460899,0.06,0.0,-1.1994069744571152,-1.1517115737107804,-0.047695400746334736,5.0,1.0,0.36585019458702817,1.0,-86265.17248784444,86265.17248784444,86265.17248784444,0.0,87.5299807090908,0.0,0.98555,0.1875,87.5299807090908,5549.828825383447,-91284.87142773018,0.0,-0.0,-562748.6943513927,0.0,-0.0,-4027899.469614029,-58413.02418708801,58413.02418708801,-242790.2389317751,-24000.000953674316,24000.000953674316,-371570.9896016121,-37889.999520778656,37889.999520778656,7594153.212450001,122629.63670000434,-122629.63670000434,-3376550.9575077496,-86265.17248784444,86265.17248784444,0.18736675381660461,0.7227573394775391,0.4566180408000946,0.5417419075965881,7227573.5,260.8691711425781,444.01031494140625,310.23370361328125,-146031424.0,-60000004.0,-94725000.0,87529984.0,0.0,0.0,-0.0,-0.0,213226448.0,-0.0,0.0,0.823618745803833,1.0,-0.7588087109848791,1.0,True,False,False,,0,0
248400.0,68,0.21906566865984795,False,False,ok,,,True,1.0,0.0,1,0.0,1.0,0.0,0.0,-1071376.023757559,58862.58167063612,0.37602301998488397,-58862.58167063612,-0.37602301998488397,156539.83544146415,0.0,0.0,0.21906566865984795,0.6177007673171175,0.6481507153920053,0.6177007673171175,0.176424456557972,0.06,0.0,-0.15695735132503602,-0.1075412899396666,-0.04941606138536941,5.0,1.0,0.5961925093291842,1.0,18279.617625,-18279.617625,0.0,18279.617625,0.0,97.491294,0.98555,0.1875,-97.491294,-33266.97881890787,-91284.87142773018,0.0,-0.0,-562748.6943513927,0.0,-0.0,-4087740.7264709473,-59841.256856918335,59841.256856918335,-245190.23902714252,-2400.0000953674316,2400.0000953674316,-375359.98955368996,-3788.9999520778656,3788.9999520778656,7700766.433400003,106613.22095000185,-106613.22095000185,-3409817.9363266574,18279.617625,-18279.617625,0.17324909567832947,0.7224255800247192,0.4556800425052643,0.5426799058914185,7224256.0,261.250244140625,443.6702575683594,310.27777099609375,-150000000.0,0.0,0.0,-97491296.0,0.0,0.0,-0.0,-0.0,247491296.0,-0.0,0.0,0.8235428094863891,1.0,-0.15880868714302113,1.0,True,True,True,,0,0
252000.0,69,0.4656061938476324,False,False,ok,,,True,1.0,0.0,1,0.0,1.0,0.0,0.0,-1066125.1531575585,80046.23118750221,0.5113473574426642,-80046.23118750221,-0.5113473574426642,156539.83544146415,0.0,0.0,0.4656061938476324,0.6169773622402794,0.6474273103151672,0.6169773622402794,0.17624040390557025,0.06,0.0,-0.045741163595031845,0.0036170253841905087,-0.04935818897922235,5.0,1.0,0.6177007673171175,1.0,16300.584187499999,-16300.584187499999,0.0,16300.584187499999,0.0,86.936449,0.63457,0.1875,-86.936449,-58494.77640000172,-91284.87142773018,0.0,-0.0,-562748.6943513927,0.0,-0.0,-4147740.7264709473,-60000.0,60000.0,-245190.23902714252,0.0,-0.0,-375359.98955368996,0.0,-0.0,7824512.080400003,123745.64699999988,-123745.64699999988,-3468312.712726659,16300.584187499999,-16300.584187499999,0.17324909567832947,0.7231490015983582,0.4556800425052643,0.5426799058914185,7231490.0,261.5118408203125,443.6702575683594,310.27777099609375,-150000000.0,0.0,0.0,-86936448.0,0.0,0.0,-0.0,-0.0,236936448.0,-0.0,0.0,0.85,1.0,-0.09880868475883536,1.0,True,True,True,,0,0
255600.0,70,0.3843854953165954,False,False,ok,,,True,1.0,0.0,1,0.0,1.0,0.0,0.0,-1059818.7980575592,67885.04776249861,0.43365988964440466,-67885.04776249861,-0.43365988964440466,156539.83544146415,0.0,0.0,0.3843854953165954,0.6169608672301587,0.6474108153050465,0.6169608672301587,0.17623621936008052,0.06,0.0,-0.049274394327809265,8.247505060343663e-05,-0.0493568693784127,5.0,1.0,0.6169773622402794,1.0,9416.8232625,-9416.8232625,0.0,9416.8232625,0.0,50.2230574,0.63457,0.1875,-50.2230574,-52161.86939999927,-91284.87142773018,0.0,-0.0,-562748.6943513927,0.0,-0.0,-4207740.726470947,-60000.0,60000.0,-245190.23902714252,0.0,-0.0,-375359.98955368996,0.0,-0.0,7942980.304900002,118468.22449999861,-118468.22449999861,-3520474.5821266584,9416.8232625,-9416.8232625,0.17324909567832947,0.7231654524803162,0.4556800425052643,0.5426799058914185,7231655.0,261.517822265625,443.6702575683594,310.27777099609375,-150000000.0,0.0,0.0,-50223056.0,0.0,0.0,-0.0,-0.0,200223056.0,-0.0,0.0,0.85,1.0,-0.09880868475883536,1.0,True,True,True,,0,0
259200.0,71,0.3156047486828693,False,False,ok,,,True,1.0,0.0,1,0.0,1.0,0.0,0.0,-1049841.1037975585,57462.18582500107,0.3670770808142841,-57462.18582500107,-0.3670770808142841,156539.83544146415,0.0,0.0,0.3156047486828693,0.6173772969059466,0.6478272449808343,0.6173772969059466,0.17634202809040173,0.06,0.0,-0.05147233213141478,-0.0020821483789390527,-0.049390183752475725,5.0,1.0,0.6169608672301587,1.0,17350.657124999998,-17350.657124999998,0.0,17350.657124999998,0.0,92.53683799999999,0.63457,0.1875,-92.53683799999999,-30133.834440000355,-91284.87142773018,0.0,-0.0,-562748.6943513927,0.0,-0.0,-4267740.726470947,-60000.0,60000.0,-245190.23902714252,0.0,-0.0,-375359.98955368996,0.0,-0.0,8043091.833600005,100111.5287000034,-100111.5287000034,-3550608.4165666588,17350.657124999998,-17350.657124999998,0.17324909567832947,0.7227490544319153,0.4556800425052643,0.5426799058914185,7227490.5,261.3672180175781,443.6702575683594,310.27777099609375,-150000000.0,0.0,0.0,-92536840.0,0.0,0.0,-0.0,-0.0,242536832.0,-0.0,0.0,0.85,1.0,-0.09880868475883536,1.0,True,True,True,,0,0
262800.0,72,0.4410493106879724,False,False,ok,,,True,1.0,0.0,1,0.0,1.0,0.0,0.0,-1044094.7875975582,77164.40826250256,0.49293783939971686,-77164.40826250256,-0.49293783939971686,156539.83544146415,0.0,0.0,0.4410493106879724,0.617869097094779,0.6483190451696668,0.617869097094779,0.17646743404065018,0.06,0.0,-0.0518885287117445,-0.002459000944162182,-0.04942952776758232,5.0,1.0,0.6173772969059466,1.0,15895.989262500001,-15895.989262500001,0.0,15895.989262500001,0.0,84.77860940000001,0.63457,0.1875,-84.77860940000001,-55522.10280000232,-91284.87142773018,0.0,-0.0,-562748.6943513927,0.0,-0.0,-4327740.726470947,-60000.0,60000.0,-245190.23902714252,0.0,-0.0,-375359.98955368996,0.0,-0.0,8164360.252600009,121268.41900000349,-121268.41900000349,-3606130.519366661,15895.989262500001,-15895.989262500001,0.17324909567832947,0.7222572565078735,0.4556800425052643,0.5426799058914185,7222572.5,261.18939208984375,443.6702575683594,310.27777099609375,-150000000.0,0.0,0.0,-84778608.0,0.0,0.0,-0.0,-0.0,234778608.0,-0.0,0.0,0.85,1.0,-0.09880868475883536,1.0,True,True,True,,0,0
266400.0,73,0.40837101913862833,False,False,ok,,,True,1.0,0.0,1,0.0,1.0,0.0,0.0,-1037572.648537558,72037.10584375137,0.46018386080831564,-72037.10584375137,-0.46018386080831564,156539.83544146415,0.0,0.0,0.40837101913862833,0.6183382533747209,0.6487882014496087,0.6183382533747209,0.1765875167755301,0.06,0.0,-0.05181284166968732,-0.0023457813997096455,-0.04946706026997767,5.0,1.0,0.617869097094779,1.0,14647.801143749999,-14647.801143749999,0.0,14647.801143749999,0.0,78.1216061,0.63457,0.1875,-78.1216061,-50867.165640001185,-91284.87142773018,0.0,-0.0,-562748.6943513927,0.0,-0.0,-4387740.726470947,-60000.0,60000.0,-245190.23902714252,0.0,-0.0,-375359.98955368996,0.0,-0.0,8281749.557300009,117389.30470000021,-117389.30470000021,-3656997.6850066623,14647.801143749999,-14647.801143749999,0.17324909567832947,0.7217881083488464,0.4556800425052643,0.5426799058914185,7217881.0,261.01971435546875,443.6702575683594,310.27777099609375,-150000000.0,0.0,0.0,-78121608.0,0.0,0.0,-0.0,-0.0,228121600.0,-0.0,0.0,0.85,1.0,-0.09880868475883536,1.0,True,True,True,,0,0
270000.0,74,1.7713912735029764,False,False,ok,,,True,0.9850000143051147,0.6000000238418579,2,0.550000011920929,0.9850000143051147,0.6000000238418579,0.93700000166893,-1102987.8097097492,141535.8914121312,0.9041525501351159,-141535.8914121312,-0.9041525501351159,156539.83544146415,0.0,0.0,1.7713912735029764,0.4378843589578236,0.46218056962805915,0.4378843589578236,0.08382475275255333,0.06,0.0,0.8672387233678606,0.9022694720844865,-0.03503074871662589,5.0,1.0,0.6183382533747209,1.0,50566.08866039214,-50566.08866039214,0.0,50566.08866039214,0.0,269.6858061887581,0.28359,0.1875,-269.6858061887581,-156384.9639239302,-91284.87142773018,0.0,-0.0,-562748.6943513927,0.0,-0.0,-4446930.727243423,-59190.000772476196,59190.000772476196,-234390.23859798908,10800.000429153442,-10800.000429153442,-350060.98950862885,25299.00004506111,-25299.00004506111,8395810.360350007,114060.80304999836,-114060.80304999836,-3813382.6489305925,50566.08866039214,-50566.08866039214,0.28124910593032837,0.7402420043945312,0.46447110176086426,0.5338888764381409,7402420.0,263.02239990234375,446.973876953125,309.6693420410156,-147750000.0,60000004.0,140550000.0,-269685792.0,0.0,0.0,-0.0,-0.0,216885808.0,-0.0,0.0,0.85,1.0,-0.09880868475883536,1.0,True,True,True,2,1,3
273600.0,75,1.863862875673196,False,False,ok,,,True,0.9835000038146973,0.6000000238418579,2,0.550000011920929,0.9835000038146973,0.6000000238418579,0.93700000166893,-1175386.891187647,140096.08485926464,0.8949548494424704,-140096.08485926464,-0.8949548494424704,156539.83544146415,0.0,0.0,1.863862875673196,0.24025861585795127,0.25773473916331485,0.24025861585795127,0.023115964562850037,0.06,0.0,0.9689080262307257,0.9881287154993618,-0.019220689268636102,5.0,1.0,0.4378843589578236,1.0,50562.181774185134,-50562.181774185134,0.0,50562.181774185134,0.0,269.6649694623207,0.28359,0.1875,-269.6649694623207,-161932.98456297722,-91284.87142773018,0.0,-0.0,-562748.6943513927,0.0,-0.0,-4505949.727535248,-59019.00029182434,59019.00029182434,-222390.23812115192,12000.000476837158,-12000.000476837158,-321950.98945856094,28110.0000500679,-28110.0000500679,8504253.263200013,108442.90285000578,-108442.90285000578,-3975315.6334935697,50562.181774185134,-50562.181774185134,0.40124911069869995,0.757867693901062,0.4742140769958496,0.5241459012031555,7578677.0,264.1748352050781,450.5484619140625,308.9949951171875,-147525008.0,60000004.0,140550000.0,-269664960.0,0.0,0.0,-0.0,-0.0,216639968.0,-0.0,0.0,0.8350000143051147,1.0,-0.5578087029978566,1.0,False,False,True,2,2,2
277200.0,76,1.5317933297736643,False,False,ok,,,True,0.9833499789237976,0.6000000238418579,2,0.550000011920929,0.9833499789237976,0.6000000238418579,0.93700000166893,-1247769.9395390702,137599.3938163728,0.8790056117557765,-137599.3938163728,-0.8790056117557765,156539.83544146415,0.0,0.0,1.5317933297736643,0.10797349631335995,0.11864610384970166,0.10797349631335995,0.006468470331814736,0.06,0.0,0.6527877180178878,0.6614255977229566,-0.008637879705068796,5.0,1.0,0.24025861585795127,1.0,48171.30847424169,-48171.30847424169,0.0,48171.30847424169,0.0,256.91364519595567,0.28359,0.1875,-256.91364519595567,-161811.13369355444,-91284.87142773018,0.0,-0.0,-562748.6943513927,0.0,-0.0,-4564951.626420021,-59001.898884773254,59001.898884773254,-210390.23764431477,12000.000476837158,-12000.000476837158,-293840.98940849304,28110.0000500679,-28110.0000500679,8612573.246900005,108319.9836999923,-108319.9836999923,-4137126.767187124,48171.30847424169,-48171.30847424169,0.5212491154670715,0.7739001512527466,0.48393338918685913,0.514426589012146,7739002.0,264.75048828125,454.0281066894531,308.32232666015625,-147502496.0,60000004.0,140550000.0,-256913648.0,0.0,0.0,-0.0,-0.0,203866144.0,-0.0,0.0,0.8335000038146972,1.0,-1.0,1.0,False,False,True,2,3,1
280800.0,77,0.015070600516424504,False,False,ok,,,True,0.983335018157959,0.6000000238418579,2,0.550000011920929,0.983335018157959,0.6000000238418579,0.93700000166893,-1318876.4591058446,134786.2787186142,0.8610350096414635,-134786.2787186142,-0.8610350096414635,156539.83544146415,0.0,0.0,0.015070600516424504,0.27280155328579503,0.2766865067004586,0.27280155328579503,0.033639176809434776,0.06,0.0,-0.845964409125039,-0.8241402848621754,-0.021824124262863603,5.0,1.0,0.10797349631335995,1.0,51743.399345780905,-51743.399345780905,0.0,51743.399345780905,0.0,275.9647965108315,0.28359,0.1875,-275.9647965108315,-154149.39893960766,-91284.87142773018,0.0,-0.0,-562748.6943513927,0.0,-0.0,-4623951.817274094,-59000.19085407257,59000.19085407257,-198390.2371674776,12000.000476837158,-12000.000476837158,-265730.98935842514,28110.0000500679,-28110.0000500679,8714506.316600008,101933.06970000267,-101933.06970000267,-4291276.166126732,51743.399345780905,-51743.399345780905,0.6412491202354431,0.7890721559524536,0.49363064765930176,0.5047305226325989,7890721.5,265.0268249511719,457.4176025390625,307.6512451171875,-147500256.0,60000004.0,140550000.0,-275964800.0,0.0,-0.0,-0.0,-0.0,222915040.0,2.9802322387695312e-08,0.0,0.8333499789237976,1.0,-1.0,1.0,False,False,True,,0,0
284400.0,78,0.24273498583129977,False,False,ok,,,True,1.0,0.0,1,0.0,1.0,0.0,0.0,-1317008.8543698324,66856.3255065594,0.42708825723506894,-66856.3255065594,-0.42708825723506894,156539.83544146415,0.0,0.0,0.24273498583129977,0.3047954798883355,0.311199570638873,0.3047954798883355,0.04084121559152,0.06,0.0,-0.18435327140376917,-0.15996963301270234,-0.02438363839106684,5.0,1.0,0.27280155328579503,1.0,12881.458296330698,-12881.458296330698,0.0,12881.458296330698,0.0,68.70111091376373,0.63457,0.1875,-68.70111091376373,-52107.26247421652,-91284.87142773018,0.0,-0.0,-564342.3403849065,-1593.6460335138254,1593.6460335138254,-4683851.827383041,-59900.010108947754,59900.010108947754,-197190.2371197939,1200.0000476837158,-1200.0000476837158,-262919.98935341835,2811.00000500679,-2811.00000500679,8825963.839900004,111457.52329999581,-111457.52329999581,-4343383.428600948,12881.458296330698,-12881.458296330698,0.6532491445541382,0.7750781774520874,0.4899618923664093,0.5082592964172363,7750782.0,262.07769775390625,451.5672912597656,307.8954772949219,-150000000.0,0.0,0.0,-68701112.0,0.0,0.0,-14158392.0,-14158392.0,232859504.0,-0.0,0.0,0.833335018157959,1.0,-1.0,1.0,True,True,True,,0,0
288000.0,79,-0.04111799395495397,False,False,ok,,,True,0.9775000214576721,-0.6000000238418579,0,0.550000011920929,0.9775000214576721,-0.6000000238418579,-0.6314999920129776,-1318545.775673655,-140003.03296192706,-0.8943604199346383,140003.03296192706,0.8943604199346383,156539.83544146415,0.0,0.0,-0.04111799395495397,0.13203444359488054,0.14436688138378606,0.13203444359488054,0.00963127497338204,0.06,0.0,0.8532424259796844,0.8638051814672748,-0.010562755487590444,5.0,1.0,0.3047954798883355,1.0,-132978.1732114653,132978.1732114653,132978.1732114653,0.0,134.92788109326293,0.0,0.98555,0.1875,134.92788109326293,5487.938446639106,-91284.87142773018,0.0,-0.0,-573310.9501996452,-8968.609814738738,8968.609814738738,-4742636.828541756,-58785.001158714294,58785.001158714294,-218790.23797810078,-21600.000858306885,21600.000858306885,-297020.98892211914,-34100.99956870079,34100.99956870079,8942393.591550006,116429.75165000185,-116429.75165000185,-4337895.490154309,-132978.1732114653,132978.1732114653,0.5261902809143066,0.7572510242462158,0.481492817401886,0.5167283415794373,7572510.0,260.27117919921875,448.590576171875,308.31646728515625,-146625008.0,-60000004.0,-94725000.0,134927888.0,0.0,-0.0,-62175568.0,-62175568.0,228597696.0,-0.0,0.0,0.85,1.0,-1.0,0.9837543931515891,True,True,True,0,1,3
291600.0,80,-2.065253177556375,False,False,ok,,,True,0.9741250276565552,-0.6000000238418579,0,0.550000011920929,0.9741250276565552,-0.6000000238418579,-0.6314999920129776,-1329285.8532070331,-204233.1802474199,-1.3046722559242117,204233.1802474199,1.3046722559242117,156539.83544146415,0.0,0.0,-2.065253177556375,0.2796758148831824,0.29858750723916455,0.2796758148831824,0.03132383170099111,0.06,0.0,-0.7605809216321637,-0.7382068564415092,-0.02237406519065459,5.0,1.0,0.13203444359488054,1.0,-178322.87366595367,178322.87366595367,178322.87366595367,0.0,180.93741937593592,0.0,0.98555,0.1875,180.93741937593592,15170.229048088193,-91284.87142773018,0.0,-0.0,-593162.3508344592,-19851.400634813937,19851.400634813937,-4801104.580163956,-58467.75162220001,58467.75162220001,-242790.2389317751,-24000.000953674316,24000.000953674316,-334910.9884428978,-37889.999520778656,37889.999520778656,9056692.437700009,114298.84615000337,-114298.84615000337,-4322725.261106221,-178322.87366595367,178322.87366595367,0.3850138187408447,0.7428034543991089,0.4720938801765442,0.526127278804779,7428034.5,260.0605773925781,445.2781066894531,308.775634765625,-146118752.0,-60000004.0,-94725000.0,180937424.0,0.0,0.0,-100199096.0,-100199096.0,220105440.0,-0.0,0.0,0.8275000214576721,1.0,-1.0,1.0,True,False,False,0,2,2
295200.0,81,-1.0393001004370404,False,False,ok,,,True,1.0,0.0,0,0.20000000298023224,1.0,0.0,-0.8659999980032445,-1342437.0508182878,-129633.09809068375,-0.8281157171597909,129633.09809068375,0.8281157171597909,156539.83544146415,0.0,0.0,-1.0393001004370404,0.3168432003332995,0.3441484411745618,0.3168432003332995,0.04017684755071624,0.06,0.0,-0.2111843832772495,-0.18583692725058554,-0.02534745602666396,5.0,1.0,0.2796758148831824,1.0,-99229.63423164812,99229.63423164812,99229.63423164812,0.0,156.37303092117202,0.0,0.63457,0.1875,156.37303092117202,17252.266247780994,-91284.87142773018,0.0,-0.0,-620820.780687934,-27658.429853474838,27658.429853474838,-4860949.330329895,-59844.75016593933,59844.75016593933,-245190.23902714252,-2400.0000953674316,2400.0000953674316,-385463.98828715086,-50552.99984425306,50552.99984425306,9166745.153800001,110052.7160999924,-110052.7160999924,-4305472.99485844,-99229.63423164812,99229.63423164812,0.3708961606025696,0.7268125414848328,0.4601030945777893,0.5381180644035339,7268125.5,260.6536560058594,441.03900146484375,309.3498229980469,-150000000.0,0.0,-129900000.0,156373024.0,0.0,0.0,-123208088.0,-123208088.0,246735056.0,-0.0,0.0,0.8241250276565552,1.0,-0.9988087205216202,1.0,True,False,False,0,3,1
298800.0,82,0.424060093762993,False,False,ok,,,True,0.9850000143051147,0.6000000238418579,0,0.20000000298023224,0.9850000143051147,0.6000000238418579,-0.8659999980032445,-1340911.1641941569,-46852.819512749455,-0.29930285400273976,46852.819512749455,0.29930285400273976,156539.83544146415,0.0,0.0,0.424060093762993,0.1694592625788907,0.2053707154286365,0.1694592625788907,0.01965786806120934,0.06,0.0,0.7233629477657327,0.736919688772044,-0.013556741006311258,5.0,1.0,0.3168432003332995,1.0,-37860.95437099588,37860.95437099588,37860.95437099588,0.0,133.5059570894456,0.0,0.28359,0.1875,133.5059570894456,10517.751765884459,-91284.87142773018,0.0,-0.0,-652830.174856172,-32009.394168237923,32009.394168237923,-4920139.331102371,-59190.000772476196,59190.000772476196,-234390.23859798908,10800.000429153442,-10800.000429153442,-437423.9881673455,-51959.999880194664,51959.999880194664,9290112.683049994,123367.52924999222,-123367.52924999222,-4294955.243092556,-37860.95437099588,37860.95437099588,0.4788961708545685,0.7121964693069458,0.44780850410461426,0.550412654876709,7121965.0,261.945556640625,436.6778564453125,309.9254455566406,-147750000.0,60000004.0,-129900000.0,133505960.0,0.0,0.0,-133882672.0,-133882672.0,218026704.0,-0.0,0.0,0.85,1.0,-0.9388087181374344,1.0,True,False,False,,0,0
302400.0,83,0.04875671645383017,False,False,ok,,,True,0.9835000038146973,0.6000000238418579,2,0.550000011920929,0.9835000038146973,0.6000000238418579,0.93700000166893,-1366010.2500746506,81732.37493288089,0.5221186971506914,-81732.37493288089,-0.5221186971506914,156539.83544146415,0.0,0.0,0.04875671645383017,0.2599721050376604,0.2906562098317383,0.2599721050376604,0.027131455258197205,0.06,0.0,-0.4733619806968612,-0.45256421229384836,-0.020797768403012833,5.0,1.0,0.1694592625788907,1.0,32398.864632151475,-32398.864632151475,0.0,32398.864632151475,0.0,172.79394470480787,0.18331,0.1875,-172.79394470480787,-74432.59618122317,-91284.87142773018,0.0,-0.0,-685594.0205974956,-32763.84574132366,32763.84574132366,-4979158.331394196,-59019.00029182434,59019.00029182434,-222390.23812115192,12000.000476837158,-12000.000476837158,-417320.9881103039,20103.000057041645,-20103.000057041645,9399126.03885,109013.35580000654,-109013.35580000654,-4369387.839273779,32398.864632151475,-32398.864632151475,0.5988962054252625,0.7383721470832825,0.45527616143226624,0.5429450273513794,7383721.5,267.4773254394531,439.7225341796875,309.394775390625,-147525008.0,60000004.0,140550000.0,-172793952.0,0.0,0.0,-127616760.0,-127616760.0,247385696.0,-0.0,0.0,0.8350000143051147,1.0,-1.0,1.0,True,True,True,2,1,3
306000.0,84,-0.14701231175644913,False,False,ok,,,True,0.9833499789237976,0.6000000238418579,2,0.550000011920929,0.9833499789237976,0.6000000238418579,0.93700000166893,-1400293.8636114404,103343.10881886135,0.6601713137580564,-103343.10881886135,-0.6601713137580564,156539.83544146415,0.0,0.0,-0.14701231175644913,0.41477247061078887,0.4387390914742618,0.41477247061078887,0.07934314140215014,0.06,0.0,-0.8071836255145055,-0.7740018278656424,-0.03318179764886311,5.0,1.0,0.2599721050376604,1.0,27952.16277289523,-27952.16277289523,0.0,27952.16277289523,0.0,149.07820145544122,0.18331,0.1875,-149.07820145544122,-109674.5595827559,-91284.87142773018,0.0,-0.0,-715004.0263936626,-29410.00579616695,29410.00579616695,-5038160.230278969,-59001.898884773254,59001.898884773254,-210390.23764431477,12000.000476837158,-12000.000476837158,-389210.988060236,28110.0000500679,-28110.0000500679,9522818.889049994,123692.8501999937,-123692.8501999937,-4479062.398856535,27952.16277289523,-27952.16277289523,0.718896210193634,0.7635717988014221,0.4648725688457489,0.5333486199378967,7635718.0,271.33087158203125,443.50262451171875,308.74652099609375,-147502496.0,60000004.0,140550000.0,-149078208.0,0.0,0.0,-105475480.0,-105475480.0,201506176.0,-0.0,0.0,0.8335000038146972,1.0,-1.0,1.0,False,False,True,2,2,2
309600.0,85,-0.21433356628725253,False,False,ok,,,True,0.983335018157959,0.6000000238418579,2,0.550000011920929,0.983335018157959,0.6000000238418579,0.93700000166893,-1439650.7978150384,97598.49181384116,0.6234738367943202,-97598.49181384116,-0.6234738367943202,156539.83544146415,0.0,0.0,-0.21433356628725253,0.5731633378219522,0.5904557054032537,0.5731633378219522,0.1764774490056203,0.06,0.0,-0.8378074030815728,-0.7919543360558166,-0.04585306702575617,5.0,1.0,0.41477247061078887,1.0,38245.29934327688,-38245.29934327688,0.0,38245.29934327688,0.0,203.97492983081,0.18331,0.1875,-203.97492983081,-98710.12667416222,-91284.87142773018,0.0,-0.0,-737513.7330459312,-22509.70665226865,22509.70665226865,-5097160.421133041,-59000.19085407257,59000.19085407257,-198390.2371674776,12000.000476837158,-12000.000476837158,-361100.9880101681,28110.0000500679,-28110.0000500679,9623571.978499996,100753.08945000172,-100753.08945000172,-4577772.525530697,38245.29934327688,-38245.29934327688,0.8388962149620056,0.785180926322937,0.4744071960449219,0.5238139629364014,7851809.5,273.8173828125,447.1913757324219,308.1024475097656,-147500256.0,60000004.0,140550000.0,-203974928.0,0.0,0.0,-71129656.0,-71129656.0,222054832.0,-0.0,0.0,0.8333499789237976,1.0,-1.0,0.6555190859910454,False,False,True,2,3,1
313200.0,86,0.5651755039661976,False,False,ok,,,True,0.9833335280418396,0.05551906302571297,2,0.550000011920929,0.9833335280418396,0.05551906302571297,0.93700000166893,-1474523.040118787,107332.80835078716,0.6856581141029929,-107332.80835078716,-0.6856581141029929,156539.83544146415,0.0,0.0,0.5651755039661976,0.5878541927650701,0.5988613306952097,0.5878541927650701,0.19752606448957294,0.06,0.0,-0.12048261013679534,-0.07345427471558974,-0.04702833542120561,5.0,1.0,0.5731633378219522,1.0,38176.00989112131,-38176.00989112131,0.0,38176.00989112131,0.0,203.60538608598034,0.28359,0.1875,-203.60538608598034,-104029.04076341446,-91284.87142773018,0.0,-0.0,-750693.6738952718,-13179.940849340637,13179.940849340637,-5156160.4417562485,-59000.02062320709,59000.02062320709,-196190.89398533106,2199.343182146549,-2199.343182146549,-332990.9879601002,28110.0000500679,-28110.0000500679,9734599.39519999,111027.41669999436,-111027.41669999436,-4681801.566294111,38176.00989112131,-38176.00989112131,0.8608896136283875,0.8034802079200745,0.4838986396789551,0.5153475999832153,8034802.5,275.10009765625,450.7857360839844,307.5305480957031,-147500032.0,5551906.5,140550000.0,-203605392.0,0.0,0.0,-30031948.0,-30031948.0,235035456.0,-0.0,0.0,0.833335018157959,1.0,-1.0,0.05551906214918856,False,False,True,,0,0
316800.0,87,1.0520820865667946,False,False,ok,,,True,1.0,-0.527224063873291,1,0.0,1.0,-0.527224063873291,0.0,-1458619.2799235901,43488.84267041032,0.27781326425804476,-43488.84267041032,-0.27781326425804476,156539.83544146415,0.0,0.0,1.0520820865667946,0.4261815239205907,0.43660922289491383,0.4261815239205907,0.09658029594269321,0.06,0.0,0.7742688223087497,0.808363344222397,-0.03409452191364726,5.0,1.0,0.5878541927650701,1.0,6080.106452375795,-6080.106452375795,0.0,6080.106452375795,0.0,32.427234412670906,0.63457,0.1875,-32.427234412670906,-21504.976022837684,-91284.87142773018,0.0,-0.0,-754844.637090606,-4150.963195334189,4150.963195334189,-5216060.4429244995,-59900.00116825104,59900.00116825104,-215059.9221587181,-18869.02817338705,18869.02817338705,-330179.9879550934,2811.00000500679,-2811.00000500679,9852117.123949988,117517.72874999791,-117517.72874999791,-4703306.542316949,6080.106452375795,-6080.106452375795,0.7503525614738464,0.7993472814559937,0.4848461449146271,0.5146395564079285,7993473.0,273.18865966796875,451.1399230957031,307.4826965332031,-150000000.0,-52722408.0,0.0,-32427234.0,0.0,0.0,-0.0,-0.0,235149648.0,-0.0,0.0,0.8333335280418396,1.0,-1.0,-0.054448096958136794,True,True,True,,0,0
320400.0,88,0.3668083807726311,False,False,ok,,,True,0.9775000214576721,-0.6000000238418579,0,0.550000011920929,0.9775000214576721,-0.6000000238418579,-0.6314999920129776,-1453626.9587051347,-85173.94692755071,-0.5441039763926435,85173.94692755071,0.5441039763926435,156539.83544146415,0.0,0.0,0.3668083807726311,0.24015654772395256,0.2565189466207149,0.24015654772395256,0.023894336828329175,0.06,0.0,0.9109123571652746,0.9301248809831908,-0.019212523817916206,5.0,1.0,0.4261815239205907,1.0,-86153.86948633264,86153.86948633264,86153.86948633264,0.0,75.84167670478325,0.0,1.13597,0.1875,75.84167670478325,4012.3986596735194,-91284.87142773018,0.0,-0.0,-754844.637090606,0.0,-0.0,-5274845.444083214,-58785.001158714294,58785.001158714294,-238768.81927251816,-23708.89711380005,23708.89711380005,-364280.9875237942,-34100.99956870079,34100.99956870079,9969691.94434998,117574.82039999217,-117574.82039999217,-4699294.1436572755,-86153.86948633264,86153.86948633264,0.6108884215354919,0.7761761546134949,0.4763680100440979,0.52311772108078,7761761.5,269.6983642578125,448.1349182128906,307.8989562988281,-146625008.0,-60000004.0,-94725000.0,75841680.0,0.0,0.0,-0.0,-0.0,225508320.0,-0.0,0.0,0.85,1.0,-1.0,0.4982372408404251,True,True,True,0,1,3
324000.0,89,-0.07372433025584668,False,False,ok,,,True,0.9741250276565552,-0.6000000238418579,0,0.550000011920929,0.9741250276565552,-0.6000000238418579,-0.6314999920129776,-1453691.9416976245,-87384.53463514431,-0.5582255429661578,87384.53463514431,0.5582255429661578,156539.83544146415,0.0,0.0,-0.07372433025584668,0.14100030037587633,0.16394955781037474,0.14100030037587633,0.010509339549745377,0.06,0.0,0.4845012127103111,0.4957812367403812,-0.011280024030070106,5.0,1.0,0.24015654772395256,1.0,-79780.94638849239,79780.94638849239,79780.94638849239,0.0,70.2315610346157,0.0,1.13597,0.1875,70.2315610346157,7538.605254162103,-91284.87142773018,0.0,-0.0,-754844.637090606,0.0,-0.0,-5333313.195705414,-58467.75162220001,58467.75162220001,-262768.8202261925,-24000.000953674316,24000.000953674316,-402170.98704457283,-37889.999520778656,37889.999520778656,10082446.108199986,112754.16385000572,-112754.16385000572,-4691755.538403113,-79780.94638849239,79780.94638849239,0.4697119891643524,0.7544317245483398,0.4669581949710846,0.532527506351471,7544317.5,267.0901794433594,444.7906188964844,308.35308837890625,-146118752.0,-60000004.0,-94725000.0,70231560.0,0.0,0.0,-0.0,-0.0,230612192.0,-0.0,0.0,0.8275000214576721,1.0,-1.0,1.0,True,False,False,0,2,2
327600.0,90,-1.6805317506810795,False,False,ok,,,True,0.973618745803833,-0.6000000238418579,0,0.550000011920929,0.973618745803833,-0.6000000238418579,-0.6314999920129776,-1451679.6861629738,-77080.64189604523,-0.4924027272589567,77080.64189604523,0.4924027272589567,156539.83544146415,0.0,0.0,-1.6805317506810795,0.37266348923257964,0.40218960273702525,0.37266348923257964,0.05743268021662701,0.06,0.0,-1.188129023422123,-1.1583159442835165,-0.029813079138606372,5.0,1.0,0.14100030037587633,1.0,-72076.57613224389,72076.57613224389,72076.57613224389,0.0,63.44936585670739,0.0,1.13597,0.1875,63.44936585670739,7016.321298452094,-91284.87142773018,0.0,-0.0,-754844.637090606,0.0,-0.0,-5391733.35814476,-58420.16243934631,58420.16243934631,-286768.8211798668,-24000.000953674316,24000.000953674316,-440060.9865653515,-37889.999520778656,37889.999520778656,10197752.205349984,115306.09714999795,-115306.09714999795,-4684739.217104661,-72076.57613224389,72076.57613224389,0.3285354971885681,0.7345332503318787,0.4575626850128174,0.5419230461120605,7345332.5,265.0388488769531,441.44219970703125,308.7986145019531,-146042816.0,-60000004.0,-94725000.0,63449364.0,0.0,0.0,-0.0,-0.0,237318448.0,-0.0,0.0,0.8241250276565552,1.0,-1.0,1.0,True,False,False,0,3,1
331200.0,91,-1.594308215884125,False,False,ok,,,True,0.9735428094863892,-0.6000000238418579,0,0.550000011920929,0.9735428094863892,-0.6000000238418579,-0.6314999920129776,-1446979.5757791298,-61451.550092153426,-0.3925617394374505,61451.550092153426,0.3925617394374505,156539.83544146415,0.0,0.0,-1.594308215884125,0.6033590398837742,0.6394526591083496,0.6033590398837742,0.16467927898038331,0.06,0.0,-1.2017464764466745,-1.1534777532559726,-0.04826872319070193,5.0,1.0,0.37266348923257964,1.0,-59807.74903061445,59807.74903061445,59807.74903061445,0.0,60.6846421090908,0.0,0.98555,0.1875,60.6846421090908,6343.9114453829825,-91284.87142773018,0.0,-0.0,-754844.637090606,0.0,-0.0,-5450146.382331848,-58413.02418708801,58413.02418708801,-310768.8221335411,-24000.000953674316,24000.000953674316,-477950.98608613014,-37889.999520778656,37889.999520778656,10316411.428949976,118659.22359999269,-118659.22359999269,-4678395.305659278,-59807.74903061445,59807.74903061445,0.187359020113945,0.7156023979187012,0.44818052649497986,0.5513051748275757,7156024.5,263.2552185058594,438.0897216796875,309.23583984375,-146031424.0,-60000004.0,-94725000.0,60684644.0,0.0,0.0,-0.0,-0.0,240071776.0,-0.0,0.0,0.823618745803833,1.0,-0.7587758697569231,1.0,True,False,False,,0,0
334800.0,92,0.2613153521204752,False,False,ok,,,True,1.0,0.0,1,0.0,1.0,0.0,0.0,-1441005.8574824026,66537.43001438747,0.42505110489443565,-66537.43001438747,-0.42505110489443565,156539.83544146415,0.0,0.0,0.2613153521204752,0.6260887701166991,0.6628386422960391,0.6260887701166991,0.17863942743652256,0.06,0.0,-0.16373575277396046,-0.11364865116462453,-0.050087101609335924,5.0,1.0,0.6033590398837742,1.0,12531.79666875,-12531.79666875,0.0,12531.79666875,0.0,66.8362489,0.98555,0.1875,-66.8362489,-48031.915048910305,-91284.87142773018,0.0,-0.0,-754844.637090606,0.0,-0.0,-5509987.6391887665,-59841.256856918335,59841.256856918335,-313168.82222890854,-2400.0000953674316,2400.0000953674316,-481739.986038208,-3788.9999520778656,3788.9999520778656,10436447.319199977,120035.8902500011,-120035.8902500011,-4726427.220708189,12531.79666875,-12531.79666875,0.17324137687683105,0.7140491604804993,0.4472430348396301,0.5522426962852478,7140491.5,263.1978759765625,437.7542419433594,309.27911376953125,-150000000.0,0.0,0.0,-66836248.0,0.0,0.0,-0.0,-0.0,216836256.0,-0.0,0.0,0.8235428094863891,1.0,-0.15877584591506516,1.0,True,True,True,,0,0
338400.0,93,0.34833611914377,False,False,ok,,,True,1.0,0.0,1,0.0,1.0,0.0,0.0,-1432689.4823724022,63081.496381248144,0.40297408134708673,-63081.496381248144,-0.40297408134708673,156539.83544146415,0.0,0.0,0.34833611914377,0.6269846088163016,0.6637344809956416,0.6269846088163016,0.17888380999756215,0.06,0.0,-0.05463796220331675,-0.0044791934980126236,-0.05015876870530413,5.0,1.0,0.6260887701166991,1.0,14663.371931250002,-14663.371931250002,0.0,14663.371931250002,0.0,78.20465030000001,0.63457,0.1875,-78.20465030000001,-40101.74933999777,-91284.87142773018,0.0,-0.0,-754844.637090606,0.0,-0.0,-5569987.6391887665,-60000.0,60000.0,-313168.82222890854,0.0,-0.0,-481739.986038208,0.0,-0.0,10544865.443649976,108418.12444999814,-108418.12444999814,-4766528.970048186,14663.371931250002,-14663.371931250002,0.17324137687683105,0.7131533026695251,0.4472430348396301,0.5522426962852478,7131533.5,262.8676452636719,437.7542419433594,309.27911376953125,-150000000.0,0.0,0.0,-78204648.0,0.0,0.0,-0.0,-0.0,228204656.0,-0.0,0.0,0.85,1.0,-0.09877584353087944,1.0,True,True,True,,0,0
342000.0,94,0.3993197019321929,False,False,ok,,,True,1.0,0.0,1,0.0,1.0,0.0,0.0,-1425509.9474024018,71495.44455624807,0.4567236470807635,-71495.44455624807,-0.4567236470807635,156539.83544146415,0.0,0.0,0.3993197019321929,0.6284108246515903,0.6651606968309303,0.6284108246515903,0.17927618986822608,0.06,0.0,-0.05740394514857062,-0.0071310791764434,-0.05027286597212722,5.0,1.0,0.6269846088163016,1.0,17393.11940625,-17393.11940625,0.0,17393.11940625,0.0,92.76330349999999,0.63457,0.1875,-92.76330349999999,-46922.79017999768,-91284.87142773018,0.0,-0.0,-754844.637090606,0.0,-0.0,-5629987.6391887665,-60000.0,60000.0,-313168.82222890854,0.0,-0.0,-481739.986038208,0.0,-0.0,10658967.768799974,114102.32514999807,-114102.32514999807,-4813451.760228184,17393.11940625,-17393.11940625,0.17324137687683105,0.7117271423339844,0.4472430348396301,0.5522426962852478,7117271.0,262.3419494628906,437.7542419433594,309.27911376953125,-150000000.0,0.0,0.0,-92763304.0,0.0,0.0,-0.0,-0.0,242763296.0,-0.0,0.0,0.85,1.0,-0.09877584353087944,1.0,True,True,True,,0,0
345600.0,95,0.42906991671942424,False,False,ok,,,True,1.0,0.0,1,0.0,1.0,0.0,0.0,-1419786.2777524013,76280.0136624974,0.4872881937519426,-76280.0136624974,-0.4872881937519426,156539.83544146415,0.0,0.0,0.42906991671942424,0.6299748819469428,0.6667247541262828,0.6299748819469428,0.17971116957900513,0.06,0.0,-0.05821827703251835,-0.007820286476762917,-0.05039799055575543,5.0,1.0,0.6284108246515903,1.0,14898.361912499997,-14898.361912499997,0.0,14898.361912499997,0.0,79.45793019999998,0.63457,0.1875,-79.45793019999998,-55657.98209999688,-91284.87142773018,0.0,-0.0,-754844.637090606,0.0,-0.0,-5689987.6391887665,-60000.0,60000.0,-313168.82222890854,0.0,-0.0,-481739.986038208,0.0,-0.0,10780349.420549976,121381.65175000206,-121381.65175000206,-4869109.742328181,14898.361912499997,-14898.361912499997,0.17324137687683105,0.7101630568504333,0.4472430348396301,0.5522426962852478,7101630.5,261.76544189453125,437.7542419433594,309.27911376953125,-150000000.0,0.0,0.0,-79457928.0,0.0,0.0,-0.0,-0.0,229457936.0,-0.0,0.0,0.85,1.0,-0.09877584353087944,1.0,True,True,True,,0,0
349200.0,96,0.3823176014137601,False,False,ok,,,True,1.0,0.0,1,0.0,1.0,0.0,0.0,-1412732.0707724025,68868.72631250108,0.4399437760892087,-68868.72631250108,-0.4399437760892087,156539.83544146415,0.0,0.0,0.3823176014137601,0.6313977528366462,0.6681476250159862,0.6313977528366462,0.18011113397547107,0.06,0.0,-0.05762617467544864,-0.007114354448516935,-0.0505118202269317,5.0,1.0,0.6299748819469428,1.0,14139.761212500001,-14139.761212500001,0.0,14139.761212500001,0.0,75.41205980000001,0.63457,0.1875,-75.41205980000001,-47674.758120002225,-91284.87142773018,0.0,-0.0,-754844.637090606,0.0,-0.0,-5749987.6391887665,-60000.0,60000.0,-313168.82222890854,0.0,-0.0,-481739.986038208,0.0,-0.0,10895078.38564997,114728.9650999941,-114728.9650999941,-4916784.500448183,14139.761212500001,-14139.761212500001,0.17324137687683105,0.7087401747703552,0.4472430348396301,0.5522426962852478,7087402.0,261.240966796875,437.7542419433594,309.27911376953125,-150000000.0,0.0,0.0,-75412056.0,0.0,0.0,-0.0,-0.0,225412064.0,-0.0,0.0,0.85,1.0,-0.09877584353087944,1.0,True,True,True,,0,0
352800.0,97,0.3915572311624421,False,False,ok,,,True,1.0,0.0,1,0.0,1.0,0.0,0.0,-1405273.2767524025,70081.94083750043,0.4476939728463339,-70081.94083750043,-0.4476939728463339,156539.83544146415,0.0,0.0,0.3915572311624421,0.6325050208399848,0.6692548930193248,0.6325050208399848,0.18042518496509058,0.06,0.0,-0.056136741683891794,-0.005536340016693009,-0.050600401667198786,5.0,1.0,0.6313977528366462,1.0,17375.9109375,-17375.9109375,0.0,17375.9109375,0.0,92.671525,0.63457,0.1875,-92.671525,-45247.23588000052,-91284.87142773018,0.0,-0.0,-754844.637090606,0.0,-0.0,-5809987.6391887665,-60000.0,60000.0,-313168.82222890854,0.0,-0.0,-481739.986038208,0.0,-0.0,11007784.415549966,112706.02989999577,-112706.02989999577,-4962031.736328184,17375.9109375,-17375.9109375,0.17324137687683105,0.7076328992843628,0.4472430348396301,0.5522426962852478,7076329.0,260.83282470703125,437.7542419433594,309.27911376953125,-150000000.0,0.0,0.0,-92671528.0,0.0,0.0,-0.0,-0.0,242671520.0,-0.0,0.0,0.85,1.0,-0.09877584353087944,1.0,True,True,True,,0,0
356400.0,98,1.8361757604580804,False,False,ok,,,True,0.9850000143051147,0.6000000238418579,2,0.550000011920929,0.9850000143051147,0.6000000238418579,0.93700000166893,-1472143.4298145925,152055.37174963442,0.971352571828232,-152055.37174963442,-0.971352571828232,156539.83544146415,0.0,0.0,1.8361757604580804,0.4523035266870228,0.48288541476218033,0.4523035266870228,0.08720009635277973,0.06,0.0,0.8648231886298484,0.9010074707648102,-0.036184282134961825,5.0,1.0,0.6325050208399848,1.0,53810.60954789214,-53810.60954789214,0.0,53810.60954789214,0.0,286.9899175887581,0.28359,0.1875,-286.9899175887581,-165114.9152639322,-91284.87142773018,0.0,-0.0,-754844.637090606,0.0,-0.0,-5869177.639961243,-59190.000772476196,59190.000772476196,-302368.8217997551,10800.000429153442,-10800.000429153442,-456440.9859931469,25299.00004506111,-25299.00004506111,11129120.178049965,121335.76249999925,-121335.76249999925,-5127146.651592116,53810.60954789214,-53810.60954789214,0.28124138712882996,0.7258344292640686,0.4560544490814209,0.543431282043457,7258344.0,262.7746276855469,441.138671875,308.6957702636719,-147750000.0,60000004.0,140550000.0,-286989920.0,0.0,-0.0,-0.0,-0.0,234189920.0,2.9802322387695312e-08,0.0,0.85,1.0,-0.09877584353087944,1.0,True,True,True,2,1,3
360000.0,99,1.9040360897684532,False,False,ok,,,True,0.9835000038146973,0.6000000238418579,2,0.550000011920929,0.9835000038146973,0.6000000238418579,0.93700000166893,-1546272.9224324916,146625.0678217669,0.9366629740491534,-146625.0678217669,-0.9366629740491534,156539.83544146415,0.0,0.0,1.9040360897684532,0.25475285781807366,0.27849673432050026,0.25475285781807366,0.025996640464582166,0.06,0.0,0.9673731157192997,0.9877533443447456,-0.020380228625445893,5.0,1.0,0.4523035266870228,1.0,48439.109036685135,-48439.109036685135,0.0,48439.109036685135,0.0,258.3419148623207,0.28359,0.1875,-258.3419148623207,-172315.45140298083,-91284.87142773018,0.0,-0.0,-754844.637090606,0.0,-0.0,-5928196.640253067,-59019.00029182434,59019.00029182434,-290368.82132291794,12000.000476837158,-12000.000476837158,-428330.985943079,28110.0000500679,-28110.0000500679,11246215.136599964,117094.9585499987,-117094.9585499987,-5299462.102995097,48439.109036685135,-48439.109036685135,0.40124139189720154,0.7433850765228271,0.4658230245113373,0.5336626768112183,7433850.5,263.9132385253906,444.80194091796875,308.0490417480469,-147525008.0,60000004.0,140550000.0,-258341920.0,0.0,0.0,-0.0,-0.0,205316912.0,-0.0,0.0,0.8350000143051147,1.0,-0.5577758617699006,1.0,False,False,True,2,2,2
363600.0,100,1.5208448045530685,False,False,ok,,,True,0.9833499789237976,0.6000000238418579,2,0.550000011920929,0.9833499789237976,0.6000000238418579,0.93700000166893,-1617523.6653239154,135918.81066012074,0.8682697939269628,-135918.81066012074,-0.8682697939269628,156539.83544146415,0.0,0.0,1.5208448045530685,0.12228135402839813,0.13920516050948187,0.12228135402839813,0.008852439439199878,0.06,0.0,0.6525750106261058,0.6623575189483777,-0.00978250832227185,5.0,1.0,0.25475285781807366,1.0,52152.25261799169,-52152.25261799169,0.0,52152.25261799169,0.0,278.1453472959557,0.28359,0.1875,-278.1453472959557,-155017.3009335529,-91284.87142773018,0.0,-0.0,-754844.637090606,0.0,-0.0,-5987198.53913784,-59001.898884773254,59001.898884773254,-278368.8208460808,12000.000476837158,-12000.000476837158,-400220.9858930111,28110.0000500679,-28110.0000500679,11348873.592999963,102658.45639999956,-102658.45639999956,-5454479.40392865,52152.25261799169,-52152.25261799169,0.5212413668632507,0.7595807313919067,0.47556599974632263,0.5239197015762329,7595807.5,264.54901123046875,448.36859130859375,307.4040222167969,-147502496.0,60000004.0,140550000.0,-278145344.0,0.0,0.0,-0.0,-0.0,225097840.0,-0.0,0.0,0.8335000038146972,1.0,-1.0,1.0,False,False,True,2,3,1
367200.0,101,0.05842192093338594,False,False,ok,,,True,0.983335018157959,0.6000000238418579,2,0.550000011920929,0.983335018157959,0.6000000238418579,0.93700000166893,-1690753.3551006895,141285.24602485972,0.9025513897239998,-141285.24602485972,-0.9025513897239998,156539.83544146415,0.0,0.0,0.05842192093338594,0.28652288167964657,0.2966462090276334,0.28652288167964657,0.035497930642640445,0.06,0.0,-0.8441294687906139,-0.8212076382562422,-0.022921830534371725,5.0,1.0,0.12228135402839813,1.0,47626.51560203089,-47626.51560203089,0.0,47626.51560203089,0.0,254.00808321083144,0.28359,0.1875,-254.00808321083144,-166888.42019960284,-91284.87142773018,0.0,-0.0,-754844.637090606,0.0,-0.0,-6046198.729991913,-59000.19085407257,59000.19085407257,-266368.8203692436,12000.000476837158,-12000.000476837158,-372110.9858429432,28110.0000500679,-28110.0000500679,11461422.513749966,112548.92075000331,-112548.92075000331,-5621367.824128252,47626.51560203089,-47626.51560203089,0.6412413716316223,0.7753391861915588,0.48528096079826355,0.514204740524292,7753392.0,265.0255126953125,451.8457336425781,306.7608642578125,-147500256.0,60000004.0,140550000.0,-254008080.0,0.0,0.0,-0.0,-0.0,200958336.0,-0.0,0.0,0.8333499789237976,1.0,-1.0,1.0,False,False,True,,0,0
370800.0,102,0.17149384643327284,False,False,ok,,,True,1.0,0.0,1,0.0,1.0,0.0,0.0,-1687090.2338078711,54630.78393581302,0.3489896599274338,-54630.78393581302,-0.3489896599274338,156539.83544146415,0.0,0.0,0.17149384643327284,0.3169508310811799,0.32948978872080115,0.3169508310811799,0.042808835905873914,0.06,0.0,-0.17749581349416096,-0.15213974700766658,-0.02535606648649439,5.0,1.0,0.28652288167964657,1.0,11348.44853758791,-11348.44853758791,0.0,11348.44853758791,0.0,60.52505886713552,0.63457,0.1875,-60.52505886713552,-39619.214105406776,-91284.87142773018,0.0,-0.0,-756152.4582861242,-1307.8211955181323,1307.8211955181323,-6106098.740100861,-59900.010108947754,59900.010108947754,-265168.8203215599,1200.0000476837158,-1200.0000476837158,-369299.9858379364,2811.00000500679,-2811.00000500679,11561901.680399975,100479.16665000841,-100479.16665000841,-5660987.038233659,11348.44853758791,-11348.44853758791,0.6532413959503174,0.7629112601280212,0.48183006048202515,0.5176556706428528,7629112.5,262.4657287597656,446.2230529785156,306.98931884765625,-150000000.0,0.0,0.0,-60525060.0,0.0,0.0,-11605410.0,-11605410.0,222130464.0,-0.0,0.0,0.833335018157959,1.0,-1.0,1.0,True,True,True,,0,0
374400.0,103,0.056397413007082675,False,False,ok,,,True,0.9775000214576721,-0.6000000238418579,0,0.550000011920929,0.9775000214576721,-0.6000000238418579,-0.6314999920129776,-1692131.6498357123,-125718.19551060349,-0.8031067309867846,125718.19551060349,0.8031067309867846,156539.83544146415,0.0,0.0,0.056397413007082675,0.14276575027795907,0.1612280974105387,0.14276575027795907,0.011738863902675955,0.06,0.0,0.8595041439938673,0.8709254040161041,-0.011421260022236725,5.0,1.0,0.3169508310811799,1.0,-113959.34589956049,113959.34589956049,113959.34589956049,0.0,115.63020232312971,0.0,0.98555,0.1875,115.63020232312971,6717.4335832018405,-91284.87142773018,0.0,-0.0,-764490.5409114464,-8338.082625322277,8338.082625322277,-6164883.741259575,-58785.001158714294,58785.001158714294,-286768.8211798668,-21600.000858306885,21600.000858306885,-403400.9854066372,-34100.99956870079,34100.99956870079,11672966.914999982,111065.23460000753,-111065.23460000753,-5654269.604650457,-113959.34589956049,113959.34589956049,0.5261825919151306,0.7465081214904785,0.4733680784702301,0.5261176228523254,7465081.0,261.1272888183594,443.27911376953125,307.4023742675781,-146625008.0,-60000004.0,-94725000.0,115630200.0,0.0,0.0,-59638968.0,-59638968.0,245358768.0,-0.0,0.0,0.85,1.0,-1.0,0.9837930298903609,True,True,True,0,1,3
378000.0,104,-2.101247140359197,False,False,ok,,,True,0.9741250276565552,-0.6000000238418579,0,0.550000011920929,0.9741250276565552,-0.6000000238418579,-0.6314999920129776,-1695806.256078367,-210616.01602482068,-1.3454467703434987,210616.01602482068,1.3454467703434987,156539.83544146415,0.0,0.0,-2.101247140359197,0.2892970711428138,0.3143337715284338,0.2892970711428138,0.033479088795007904,0.06,0.0,-0.7558003700156986,-0.7326566043242735,-0.0231437656914251,5.0,1.0,0.14276575027795907,1.0,-193687.98171122692,193687.98171122692,193687.98171122692,0.0,196.5278085446978,0.0,0.98555,0.1875,196.5278085446978,13253.428070939146,-91284.87142773018,0.0,-0.0,-783740.2089283883,-19249.66801694187,19249.66801694187,-6223351.492881775,-58467.75162220001,58467.75162220001,-310768.8221335411,-24000.000953674316,24000.000953674316,-441290.98492741585,-37889.999520778656,37889.999520778656,11795646.30079999,122679.38580000773,-122679.38580000773,-5641016.176579518,-193687.98171122692,193687.98171122692,0.3850060999393463,0.7331938147544861,0.4639761447906494,0.5355095863342285,7331938.0,261.3285217285156,440.00347900390625,307.85308837890625,-146118752.0,-60000004.0,-94725000.0,196527808.0,0.0,-0.0,-97917536.0,-97917536.0,202233488.0,-0.0,0.0,0.8275000214576721,1.0,-1.0,1.0,True,False,False,0,2,2
381600.0,105,-1.0875277831668466,False,False,ok,,,True,1.0,0.0,0,0.20000000298023224,1.0,0.0,-0.8659999980032445,-1715882.4281353771,-137525.01950027503,-0.8785304974445342,137525.01950027503,0.8785304974445342,156539.83544146415,0.0,0.0,-1.0875277831668466,0.3258824097315711,0.3593182848811471,0.3258824097315711,0.04248551706771131,0.06,0.0,-0.2089972857223124,-0.18292669294378672,-0.026070592778525692,5.0,1.0,0.2892970711428138,1.0,-98558.59006498182,98558.59006498182,98558.59006498182,0.0,155.3155523661406,0.0,0.63457,0.1875,155.3155523661406,18890.257378282957,-91284.87142773018,0.0,-0.0,-811025.6288581219,-27285.419929733616,27285.419929733616,-6283196.243047714,-59844.75016593933,59844.75016593933,-313168.82222890854,-2400.0000953674316,2400.0000953674316,-491843.9847716689,-50552.99984425306,50552.99984425306,11896763.041399991,101116.74060000107,-101116.74060000107,-5622125.919201235,-98558.59006498182,98558.59006498182,0.37088844180107117,0.7177849411964417,0.45197731256484985,0.5475084185600281,7177849.5,262.1803894042969,435.8065490722656,308.4176940917969,-150000000.0,0.0,-129900000.0,155315552.0,0.0,0.0,-122675096.0,-122675096.0,247259536.0,-0.0,0.0,0.8241250276565552,1.0,-0.9987758792936642,1.0,True,False,False,0,3,1
385200.0,106,0.41478595531121837,False,False,ok,,,True,0.9850000143051147,0.6000000238418579,0,0.20000000298023224,0.9850000143051147,0.6000000238418579,-0.8659999980032445,-1713977.992950637,-48344.09919118461,-0.30882937275900096,48344.09919118461,0.30882937275900096,156539.83544146415,0.0,0.0,0.41478595531121837,0.17830644106055832,0.22035503172205612,0.17830644106055832,0.022171575136649205,0.06,0.0,0.7236153280702193,0.737879843355064,-0.014264515284844665,5.0,1.0,0.3258824097315711,1.0,-39895.734700446235,39895.734700446235,39895.734700446235,0.0,140.6810349463882,0.0,0.28359,0.1875,140.6810349463882,10352.7996754786,-91284.87142773018,0.0,-0.0,-842753.7632253444,-31728.134367222432,31728.134367222432,-6342386.24382019,-59190.000772476196,59190.000772476196,-302368.8217997551,10800.000429153442,-10800.000429153442,-543803.9846518636,-51959.999880194664,51959.999880194664,12020392.811499996,123629.77010000497,-123629.77010000497,-5611773.119525757,-39895.734700446235,39895.734700446235,0.47888845205307007,0.703360915184021,0.43967345356941223,0.5598122477531433,7033609.0,263.613525390625,431.4895324707031,308.9839172363281,-147750000.0,60000004.0,-129900000.0,140681040.0,0.0,0.0,-132050056.0,-132050056.0,209019024.0,-0.0,0.0,0.85,1.0,-0.9387758769094784,1.0,True,False,False,,0,0
388800.0,107,-0.007364820456874477,False,False,ok,,,True,0.9835000038146973,0.6000000238418579,2,0.550000011920929,0.9835000038146973,0.6000000238418579,0.93700000166893,-1739321.3886370456,72888.53089105623,0.4656228919974294,-72888.53089105623,-0.4656228919974294,156539.83544146415,0.0,0.0,-0.007364820456874477,0.2686062830230503,0.3054363344955064,0.2686062830230503,0.02913412905799692,0.06,0.0,-0.4729877124543039,-0.45149920981245983,-0.021488502641844022,5.0,1.0,0.17830644106055832,1.0,27497.206480991383,-27497.206480991383,0.0,27497.206480991383,0.0,146.6517678986207,0.18331,0.1875,-146.6517678986207,-70734.72009647358,-91284.87142773018,0.0,-0.0,-874955.9480573337,-32202.184831989347,32202.184831989347,-6401405.244112015,-59019.00029182434,59019.00029182434,-290368.82132291794,12000.000476837158,-12000.000476837158,-523700.98459482193,20103.000057041645,-20103.000057041645,12124902.320499992,104509.50899999589,-104509.50899999589,-5682507.83962223,27497.206480991383,-27497.206480991383,0.5988884568214417,0.7297263741493225,0.4471285045146942,0.5523571968078613,7297264.0,269.2989501953125,434.6379699707031,308.4775695800781,-147525008.0,60000004.0,140550000.0,-146651760.0,0.0,0.0,-124868640.0,-124868640.0,218495408.0,-0.0,0.0,0.8350000143051147,1.0,-1.0,1.0,False,True,True,2,1,3
392400.0,108,-0.22155501837224045,False,False,ok,,,True,0.9833499789237976,0.6000000238418579,2,0.550000011920929,0.9833499789237976,0.6000000238418579,0.93700000166893,-1771655.7406854643,91699.51855717407,0.5857903088921018,-91699.51855717407,-0.5857903088921018,156539.83544146415,0.0,0.0,-0.22155501837224045,0.4233025083424397,0.4534214728635831,0.4233025083424397,0.08088750158776464,0.06,0.0,-0.8073453272643423,-0.7734811265969471,-0.03386420066739518,5.0,1.0,0.2686062830230503,1.0,30082.456331473957,-30082.456331473957,0.0,30082.456331473957,0.0,160.43976710119443,0.18331,0.1875,-160.43976710119443,-93951.41427411884,-91284.87142773018,0.0,-0.0,-903694.6911237657,-28738.743066431955,28738.743066431955,-6460407.142996788,-59001.898884773254,59001.898884773254,-278368.8208460808,12000.000476837158,-12000.000476837158,-495590.984544754,28110.0000500679,-28110.0000500679,12234150.02414999,109247.70364999771,-109247.70364999771,-5776459.253896349,30082.456331473957,-30082.456331473957,0.7188884615898132,0.7550301551818848,0.45671576261520386,0.5427699685096741,7550301.5,273.2289733886719,438.5274658203125,307.85687255859375,-147502496.0,60000004.0,140550000.0,-160439760.0,0.0,-0.0,-102869696.0,-102869696.0,210261952.0,-0.0,0.0,0.8335000038146972,1.0,-1.0,1.0,False,False,True,2,2,2
396000.0,109,-0.20532890122442238,False,False,ok,,,True,0.983335018157959,0.6000000238418579,2,0.550000011920929,0.983335018157959,0.6000000238418579,0.93700000166893,-1812483.6249173193,99275.367479738,0.6341859706174318,-99275.367479738,-0.6341859706174318,156539.83544146415,0.0,0.0,-0.20532890122442238,0.5818951601484356,0.6053456511666317,0.5818951601484356,0.17767951967312867,0.06,0.0,-0.8395148718418541,-0.7929632590299793,-0.046551612811874844,5.0,1.0,0.4233025083424397,1.0,35119.021331845695,-35119.021331845695,0.0,35119.021331845695,0.0,187.30144710317705,0.18331,0.1875,-187.30144710317705,-104984.23037974723,-91284.87142773018,0.0,-0.0,-925779.1316987076,-22084.440574941924,22084.440574941924,-6519407.333850861,-59000.19085407257,59000.19085407257,-266368.8203692436,12000.000476837158,-12000.000476837158,-467480.9844946861,28110.0000500679,-28110.0000500679,12339281.001199981,105130.97704999149,-105130.97704999149,-5881443.484276096,35119.021331845695,-35119.021331845695,0.8388884663581848,0.776437520980835,0.4662421643733978,0.5332435369491577,7764375.5,275.6554870605469,442.32037353515625,307.24017333984375,-147500256.0,60000004.0,140550000.0,-187301440.0,0.0,0.0,-70527592.0,-70527592.0,204779296.0,-0.0,0.0,0.8333499789237976,1.0,-1.0,0.655557722729817,False,False,True,2,3,1
399600.0,110,0.4930473285981236,False,False,ok,,,True,0.9833335280418396,0.055557698011398315,2,0.550000011920929,0.9833335280418396,0.055557698011398315,0.93700000166893,-1845816.7772155814,96405.59491978458,0.6158534321178207,-96405.59491978458,-0.6158534321178207,156539.83544146415,0.0,0.0,0.4930473285981236,0.5969058866657234,0.6137894180400619,0.5969058866657234,0.1984494548976487,0.06,0.0,-0.12280610351969715,-0.07505363258643927,-0.04775247093325787,5.0,1.0,0.5818951601484356,1.0,35752.24787678231,-35752.24787678231,0.0,35752.24787678231,0.0,190.678655342839,0.28359,0.1875,-190.678655342839,-93986.49934126437,-91284.87142773018,0.0,-0.0,-938825.4487944557,-13046.317095748149,13046.317095748149,-6578407.354474068,-59000.02062320709,59000.02062320709,-264168.78175735474,2200.0386118888855,-2200.0386118888855,-439370.9844446182,28110.0000500679,-28110.0000500679,12441670.647299973,102389.6460999921,-102389.6460999921,-5975429.983617361,35752.24787678231,-35752.24787678231,0.8608888387680054,0.7944273948669434,0.4757296144962311,0.5239682793617249,7944274.0,276.8196716308594,446.01202392578125,306.63970947265625,-147500032.0,5555770.0,140550000.0,-190678656.0,0.0,0.0,-29564132.0,-29564132.0,221637040.0,-0.0,0.0,0.833335018157959,1.0,-1.0,0.055557698887960257,False,False,True,,0,0
403200.0,111,0.9845947485669194,False,False,ok,,,True,1.0,-0.5272220969200134,1,0.0,1.0,-0.5272220969200134,0.0,-1829388.4601368245,32868.6669001628,0.2099699850039358,-32868.6669001628,-0.2099699850039358,156539.83544146415,0.0,0.0,0.9845947485669194,0.4350206042845735,0.4512833009683107,0.4350206042845735,0.09755411008696342,0.06,0.0,0.7746247635629836,0.8094264119057495,-0.03480164834276588,5.0,1.0,0.5969058866657234,1.0,2091.719513999747,-2091.719513999747,0.0,2091.719513999747,0.0,11.15583740799865,0.63457,0.1875,-11.15583740799865,-14348.630307406187,-91284.87142773018,0.0,-0.0,-942909.1435019504,-4083.6947074946947,4083.6947074946947,-6638307.355642319,-59900.00116825104,59900.00116825104,-283037.6618504524,-18868.880093097687,18868.880093097687,-436559.98443961143,2811.00000500679,-2811.00000500679,12552489.170649977,110818.5233500041,-110818.5233500041,-5989778.613924767,2091.719513999747,-2091.719513999747,0.7503529787063599,0.7905088663101196,0.47667694091796875,0.5231418013572693,7905088.5,274.94580078125,446.3755798339844,306.586181640625,-150000000.0,-52722208.0,0.0,-11155837.0,0.0,0.0,-0.0,-0.0,213878048.0,-0.0,0.0,0.8333335280418396,1.0,-1.0,-0.05444423170648471,True,True,True,,0,0
406800.0,112,1.161050865307057,False,False,ok,,,True,1.0,-0.675,1,0.0,1.0,-0.675,0.0,-1809201.6994579842,6379.255203004524,0.04075164117180867,-6379.255203004524,-0.04075164117180867,156539.83544146415,0.0,0.0,1.161050865307057,0.2076385427731534,0.22390123945689064,0.2076385427731534,0.017781118103253772,0.06,0.0,1.1202992241352483,1.1369103075571005,-0.016611083421852274,5.0,1.0,0.4350206042845735,1.0,-14150.879959314998,14150.879959314998,14150.879959314998,0.0,12.457089499999999,0.0,1.13597,0.1875,12.457089499999999,-343.3744834791869,-91284.87142773018,0.0,-0.0,-942909.1435019504,0.0,-0.0,-6698307.355642319,-60000.0,60000.0,-309446.5502381325,-26408.888387680054,26408.888387680054,-436559.98443961143,0.0,-0.0,12659428.194199981,106939.02355000377,-106939.02355000377,-5990121.988408246,-14150.879959314998,14150.879959314998,0.5950065851211548,0.7848712801933289,0.47667694091796875,0.5231418013572693,7848713.0,272.9850158691406,446.3755798339844,306.586181640625,-150000000.0,-67500000.0,0.0,12457090.0,0.0,0.0,-0.0,-0.0,205042912.0,-0.0,0.0,0.85,1.0,-1.0,0.498235159937096,True,True,True,,0,0
410400.0,113,0.30397226144135386,False,False,ok,,,True,1.0,-0.675,1,0.0,1.0,-0.675,0.0,-1792434.5352579847,16917.584506245923,0.1080720728914527,-16917.584506245923,-0.1080720728914527,156539.83544146415,0.0,0.0,0.30397226144135386,0.16580561521965864,0.18206831190339587,0.16580561521965864,0.011020137465141102,0.06,0.0,0.19590018854990116,0.20916463776747385,-0.013264449217572692,5.0,1.0,0.2076385427731534,1.0,1396.1292562499978,-1396.1292562499978,0.0,1396.1292562499978,0.0,7.446022699999988,1.13597,0.1875,-7.446022699999988,1245.708950003609,-91284.87142773018,0.0,-0.0,-942909.1435019504,0.0,-0.0,-6758307.355642319,-60000.0,60000.0,-336446.5502381325,-27000.0,27000.0,-436559.98443961143,0.0,-0.0,12761949.649449972,102521.45524999127,-102521.45524999127,-5988876.2794582425,1396.1292562499978,-1396.1292562499978,0.43618303537368774,0.7799198031425476,0.47667694091796875,0.5231418013572693,7799198.5,271.2628479003906,446.3755798339844,306.586181640625,-150000000.0,-67500000.0,0.0,-7446022.5,0.0,0.0,-0.0,-0.0,224946016.0,-0.0,0.0,0.85,1.0,-1.0,1.0,True,True,True,,0,0
414000.0,114,0.6832078097738069,False,False,ok,,,True,1.0,0.675,1,0.0,1.0,0.675,0.0,-1807879.1375279853,86195.20579375306,0.5506279315464372,-86195.20579375306,-0.5506279315464372,156539.83544146415,0.0,0.0,0.6832078097738069,0.13709610194309518,0.1533587986268324,0.13709610194309518,0.008155573159587525,0.06,0.0,0.1325798782273697,0.1435475663828173,-0.010967688155447615,5.0,1.0,0.16580561521965864,1.0,24272.19444375,-24272.19444375,0.0,24272.19444375,0.0,129.4517037,1.13597,0.1875,-129.4517037,-77367.61362000369,-91284.87142773018,0.0,-0.0,-942909.1435019504,0.0,-0.0,-6818307.355642319,-60000.0,60000.0,-326996.5502381325,9450.0,-9450.0,-436559.98443961143,0.0,-0.0,12874422.66079997,112473.01134999841,-112473.01134999841,-6066243.893078246,24272.19444375,-24272.19444375,0.5418006777763367,0.7756049036979675,0.47667694091796875,0.5231418013572693,7756049.0,269.7620849609375,446.3755798339844,306.586181640625,-150000000.0,67500000.0,0.0,-129451704.0,0.0,0.0,-0.0,-0.0,211951696.0,-0.0,0.0,0.85,1.0,-1.0,1.0,True,True,True,,0,0
417600.0,115,-0.231864475436382,False,False,ok,,,True,1.0,-0.675,1,0.0,1.0,-0.675,0.0,-1792121.041232986,23006.20648762578,0.14696710535529228,-23006.20648762578,-0.14696710535529228,156539.83544146415,0.0,0.0,-0.231864475436382,0.2095102540368406,0.22577295072057782,0.2095102540368406,0.017613010741991467,0.06,0.0,-0.3788315807916743,-0.36207076046872705,-0.016760820322947248,5.0,1.0,0.13709610194309518,1.0,-19.645362370005877,19.645362370005877,19.645362370005877,0.0,0.01993340000000596,0.0,0.98555,0.1875,0.01993340000000596,-7267.755554996431,-91284.87142773018,0.0,-0.0,-942909.1435019504,0.0,-0.0,-6878307.355642319,-60000.0,60000.0,-349946.5502381325,-22950.0,22950.0,-436559.98443961143,0.0,-0.0,12980398.512649978,105975.85185000673,-105975.85185000673,-6073511.648633243,-19.645362370005877,19.645362370005877,0.4123595058917999,0.7719504833221436,0.47667694091796875,0.5231418013572693,7719505.0,268.49102783203125,446.3755798339844,306.586181640625,-150000000.0,-67500000.0,0.0,19933.400390625,0.0,0.0,-0.0,-0.0,217480064.0,-0.0,0.0,0.85,1.0,-1.0,1.0,True,True,True,,0,0
421200.0,116,1.045415700735414,False,False,ok,,,True,1.0,0.675,1,0.0,1.0,0.675,0.0,-1806820.044562986,85454.99226875373,0.5458993362792208,-85454.99226875373,-0.5458993362792208,156539.83544146415,0.0,0.0,1.045415700735414,0.10788088695433262,0.12414358363806983,0.10788088695433262,0.00703202956817807,0.06,0.0,0.4995163644561932,0.5081468354125398,-0.00863047095634661,5.0,1.0,0.2095102540368406,1.0,27264.95896875,-27264.95896875,0.0,27264.95896875,0.0,145.4131145,0.98555,0.1875,-145.4131145,-72889.03663000371,-91284.87142773018,0.0,-0.0,-942909.1435019504,0.0,-0.0,-6938307.355642319,-60000.0,60000.0,-340496.5502381325,9450.0,-9450.0,-436559.98443961143,0.0,-0.0,13089138.545949975,108740.03329999745,-108740.03329999745,-6146400.685263246,27264.95896875,-27264.95896875,0.5179771780967712,0.7690848708152771,0.47667694091796875,0.5231418013572693,7690848.5,267.49432373046875,446.3755798339844,306.586181640625,-150000000.0,67500000.0,0.0,-145413120.0,0.0,0.0,-0.0,-0.0,227913120.0,-0.0,0.0,0.85,1.0,-1.0,1.0,True,True,True,,0,0
424800.0,117,0.32459195464508095,False,False,ok,,,True,1.0,0.0,1,0.0,1.0,0.0,0.0,-1802311.3560129858,69819.6845499996,0.4460186402591925,-69819.6845499996,-0.4460186402591925,156539.83544146415,0.0,0.0,0.32459195464508095,0.13008486621767218,0.1463475629014094,0.13008486621767218,0.00835351041265989,0.06,0.0,-0.12142668561411156,-0.11101989631669779,-0.010406789297413774,5.0,1.0,0.10788088695433262,1.0,14513.127299999998,-14513.127299999998,0.0,14513.127299999998,0.0,77.4033456,0.63457,0.1875,-77.4033456,-50797.868699999526,-91284.87142773018,0.0,-0.0,-942909.1435019504,0.0,-0.0,-6998307.355642319,-60000.0,60000.0,-339146.5502381325,1350.0,-1350.0,-436559.98443961143,0.0,-0.0,13203095.10319998,113956.55725000426,-113956.55725000426,-6197198.553963246,14513.127299999998,-14513.127299999998,0.531477153301239,0.7671308517456055,0.47667694091796875,0.5231418013572693,7671308.5,266.8147277832031,446.3755798339844,306.586181640625,-150000000.0,0.0,0.0,-77403344.0,0.0,0.0,-0.0,-0.0,227403344.0,-0.0,0.0,0.85,1.0,-1.0,1.0,True,True,True,,0,0
428400.0,118,-0.4347144483776677,False,False,ok,,,True,1.0,-0.675,1,0.0,1.0,-0.675,0.0,-1782901.6905729861,30069.86589375169,0.19209082345685669,-30069.86589375169,-0.19209082345685669,156539.83544146415,0.0,0.0,-0.4347144483776677,0.25142315018167033,0.26768584686540753,0.25142315018167033,0.025730549610475065,0.06,0.0,-0.6268052718345244,-0.6066914198199908,-0.020113852014533626,5.0,1.0,0.13008486621767218,1.0,668.19309375,-668.19309375,0.0,668.19309375,0.0,3.5636965,0.63457,0.1875,-3.5636965,-9992.007360002026,-91284.87142773018,0.0,-0.0,-942909.1435019504,0.0,-0.0,-7058307.355642319,-60000.0,60000.0,-363446.5502381325,-24300.0,24300.0,-436559.98443961143,0.0,-0.0,13316796.775999976,113701.67279999703,-113701.67279999703,-6207190.561323248,668.19309375,-668.19309375,0.3885359764099121,0.7657728791236877,0.47667694091796875,0.5231418013572693,7657729.0,266.3424072265625,446.3755798339844,306.586181640625,-150000000.0,-67500000.0,0.0,-3563696.5,0.0,0.0,-0.0,-0.0,221063696.0,-0.0,0.0,0.85,1.0,-1.0,1.0,True,True,True,,0,0
432000.0,119,1.3237402497833721,False,False,ok,,,True,1.0,0.675,1,0.0,1.0,0.675,0.0,-1797958.0602229869,85627.15761875352,0.54699915441506,-85627.15761875352,-0.54699915441506,156539.83544146415,0.0,0.0,1.3237402497833721,0.09456194006693688,0.1108246367506741,0.09456194006693688,0.007411602092974321,0.06,0.0,0.7767410953683123,0.7843060505736672,-0.007564955205354951,5.0,1.0,0.25142315018167033,1.0,25645.30936875,-25645.30936875,0.0,25645.30936875,0.0,136.7749833,0.63457,0.1875,-136.7749833,-75038.21790000424,-91284.87142773018,0.0,-0.0,-942909.1435019504,0.0,-0.0,-7118307.355642319,-60000.0,60000.0,-353996.5502381325,9450.0,-9450.0,-436559.98443961143,0.0,-0.0,13427328.62424997,110531.84824999422,-110531.84824999422,-6282228.779223252,25645.30936875,-25645.30936875,0.49415361881256104,0.7642076015472412,0.47667694091796875,0.5231418013572693,7642076.0,265.7980041503906,446.3755798339844,306.586181640625,-150000000.0,67500000.0,0.0,-136774976.0,0.0,0.0,-0.0,-0.0,219274976.0,-0.0,0.0,0.85,1.0,-1.0,1.0,True,True,True,,0,0
435600.0,120,0.3766997702460834,False,False,ok,,,True,1.0,0.0,1,0.0,1.0,0.0,0.0,-1792585.5585529858,63931.21458750394,0.4084022089790053,-63931.21458750394,-0.4084022089790053,156539.83544146415,0.0,0.0,0.3766997702460834,0.0993134132022847,0.11557610988602192,0.0993134132022847,0.007802498691064615,0.06,0.0,-0.03170243873292189,-0.02375736567673911,-0.007945073056182776,5.0,1.0,0.09456194006693688,1.0,12943.722937499999,-12943.722937499999,0.0,12943.722937499999,0.0,69.033189,0.63457,0.1875,-69.033189,-45614.989980002865,-91284.87142773018,0.0,-0.0,-942909.1435019504,0.0,-0.0,-7178307.355642319,-60000.0,60000.0,-352646.5502381325,1350.0,-1350.0,-436559.98443961143,0.0,-0.0,13536966.115899974,109637.49165000394,-109637.49165000394,-6327843.769203255,12943.722937499999,-12943.722937499999,0.5076536536216736,0.7621670365333557,0.47667694091796875,0.5231418013572693,7621670.0,265.0882568359375,446.3755798339844,306.586181640625,-150000000.0,0.0,0.0,-69033192.0,0.0,0.0,-0.0,-0.0,219033184.0,-0.0,0.0,0.85,1.0,-1.0,1.0,True,True,True,,0,0
439200.0,121,0.3742173924956579,False,False,ok,,,True,1.0,0.0,1,0.0,1.0,0.0,0.0,-1784488.877452986,61523.422893751514,0.3930208736980392,-61523.422893751514,-0.3930208736980392,156539.83544146415,0.0,0.0,0.3742173924956579,0.10145089512082772,0.11771359180456493,0.10145089512082772,0.008182550317697074,0.06,0.0,-0.018803481202381296,-0.01068740959271508,-0.008116071609666218,5.0,1.0,0.0993134132022847,1.0,12006.828393749998,-12006.828393749998,0.0,12006.828393749998,0.0,64.03641809999999,0.63457,0.1875,-64.03641809999999,-41419.913400001824,-91284.87142773018,0.0,-0.0,-942909.1435019504,0.0,-0.0,-7238307.355642319,-60000.0,60000.0,-352646.5502381325,0.0,-0.0,-436559.98443961143,0.0,-0.0,13646482.710399976,109516.59450000152,-109516.59450000152,-6369263.682603257,12006.828393749998,-12006.828393749998,0.5076536536216736,0.7600295543670654,0.47667694091796875,0.5231418013572693,7600295.5,264.3448181152344,446.3755798339844,306.586181640625,-150000000.0,0.0,0.0,-64036420.0,0.0,0.0,-0.0,-0.0,214036416.0,-0.0,0.0,0.85,1.0,-1.0,1.0,True,True,True,,0,0
442800.0,122,0.35268834348827777,False,False,ok,,,True,1.0,0.0,1,0.0,1.0,0.0,0.0,-1775892.5192629865,58079.887649997385,0.3710230529258192,-58079.887649997385,-0.3710230529258192,156539.83544146415,0.0,0.0,0.35268834348827777,0.10346243800033073,0.11972513468406794,0.10346243800033073,0.008548555491920308,0.06,0.0,-0.018334709437541473,-0.010057714397515016,-0.008276995040026458,5.0,1.0,0.10145089512082772,1.0,11061.678599999997,-11061.678599999997,0.0,11061.678599999997,0.0,58.995619199999986,0.28359,0.1875,-58.995619199999986,-38421.850859997794,-91284.87142773018,0.0,-0.0,-942909.1435019504,0.0,-0.0,-7298307.355642319,-60000.0,60000.0,-352646.5502381325,0.0,-0.0,-436559.98443961143,0.0,-0.0,13753500.919449976,107018.20904999971,-107018.20904999971,-6407685.533463255,11061.678599999997,-11061.678599999997,0.5076536536216736,0.7580180168151855,0.47667694091796875,0.5231418013572693,7580180.0,263.6451721191406,446.3755798339844,306.586181640625,-150000000.0,0.0,0.0,-58995620.0,0.0,0.0,-0.0,-0.0,208995616.0,-0.0,0.0,0.85,1.0,-1.0,1.0,True,True,True,,0,0
446400.0,123,0.33509256316294284,False,False,ok,,,True,1.0,0.0,1,0.0,1.0,0.0,0.0,-1766792.0811829872,55066.09732499887,0.3517705072942283,-55066.09732499887,-0.3517705072942283,156539.83544146415,0.0,0.0,0.33509256316294284,0.10511616813640534,0.12137886482014255,0.10511616813640534,0.008855517129895478,0.06,0.0,-0.016677944131285507,-0.00826865068037308,-0.008409293450912427,5.0,1.0,0.10346243800033073,1.0,10568.287724999996,-10568.287724999996,0.0,10568.287724999996,0.0,56.36420119999998,0.28359,0.1875,-56.36420119999998,-35397.37151999958,-91284.87142773018,0.0,-0.0,-942909.1435019504,0.0,-0.0,-7358307.355642319,-60000.0,60000.0,-352646.5502381325,0.0,-0.0,-436559.98443961143,0.0,-0.0,13857998.729049968,104497.80959999189,-104497.80959999189,-6443082.904983254,10568.287724999996,-10568.287724999996,0.5076536536216736,0.7563642859458923,0.47667694091796875,0.5231418013572693,7563642.5,263.07000732421875,446.3755798339844,306.586181640625,-150000000.0,0.0,0.0,-56364200.0,0.0,0.0,-0.0,-0.0,206364208.0,-0.0,0.0,0.85,1.0,-1.0,1.0,True,True,True,,0,0
450000.0,124,0.3235808472942529,False,False,ok,,,True,1.0,0.0,1,0.0,1.0,0.0,0.0,-1757428.501302988,52704.19644999488,0.33668232946177373,-52704.19644999488,-0.33668232946177373,156539.83544146415,0.0,0.0,0.3235808472942529,0.1060398273325881,0.12230252401632531,0.1060398273325881,0.009029345284824698,0.06,0.0,-0.013101482167520837,-0.004618295980913789,-0.008483186186607048,5.0,1.0,0.10511616813640534,1.0,9522.095849999996,-9522.095849999996,0.0,9522.095849999996,0.0,50.78451119999998,0.28359,0.1875,-50.78451119999998,-33818.52071999572,-91284.87142773018,0.0,-0.0,-942909.1435019504,0.0,-0.0,-7418307.355642319,-60000.0,60000.0,-352646.5502381325,0.0,-0.0,-436559.98443961143,0.0,-0.0,13961180.829649972,103182.1006000042,-103182.1006000042,-6476901.42570325,9522.095849999996,-9522.095849999996,0.5076536536216736,0.7554405927658081,0.47667694091796875,0.5231418013572693,7554406.0,262.7487487792969,446.3755798339844,306.586181640625,-150000000.0,0.0,0.0,-50784512.0,0.0,0.0,-0.0,-0.0,200784512.0,-0.0,0.0,0.85,1.0,-1.0,1.0,True,True,True,,0,0
453600.0,125,0.3551908958814022,False,False,ok,,,True,1.0,0.0,1,0.0,1.0,0.0,0.0,-1747506.952422987,56827.45531874933,0.3630223269271236,-56827.45531874933,-0.3630223269271236,156539.83544146415,0.0,0.0,0.3551908958814022,0.10591152907650825,0.12217422576024546,0.10591152907650825,0.009005098135473188,0.06,0.0,-0.007831431045721407,0.0006414912803992534,-0.00847292232612066,5.0,1.0,0.1060398273325881,1.0,16435.19971875,-16435.19971875,0.0,16435.19971875,0.0,87.6543985,0.28359,0.1875,-87.6543985,-30470.70671999827,-91284.87142773018,0.0,-0.0,-942909.1435019504,0.0,-0.0,-7478307.355642319,-60000.0,60000.0,-352646.5502381325,0.0,-0.0,-436559.98443961143,0.0,-0.0,14061573.085249973,100392.25560000166,-100392.25560000166,-6507372.132423248,16435.19971875,-16435.19971875,0.5076536536216736,0.7555689215660095,0.47667694091796875,0.5231418013572693,7555689.0,262.7933654785156,446.3755798339844,306.586181640625,-150000000.0,0.0,0.0,-87654400.0,0.0,0.0,-0.0,-0.0,237654400.0,-0.0,0.0,0.85,1.0,-1.0,1.0,True,True,True,,0,0
457200.0,126,0.4412173194614805,False,False,ok,,,True,1.0,0.0,1,0.0,1.0,0.0,0.0,-1739451.084666512,69471.52273989463,0.44379453028026544,-69471.52273989463,-0.44379453028026544,156539.83544146415,0.0,0.0,0.4412173194614805,0.10475095594514294,0.12101365262888016,0.10475095594514294,0.008787256688620914,0.06,0.0,-0.002577210818784908,0.005802865656826528,-0.008380076475611436,5.0,1.0,0.10591152907650825,1.0,11945.257494519174,-11945.257494519174,0.0,11945.257494519174,0.0,63.70803997076892,0.63457,0.1875,-63.70803997076892,-49470.39748890046,-91284.87142773018,0.0,-0.0,-944210.0775065754,-1300.9340046249563,1300.9340046249563,-7538307.355642319,-60000.0,60000.0,-352646.5502381325,0.0,-0.0,-436559.98443961143,0.0,-0.0,14180400.284499967,118827.19924999401,-118827.19924999401,-6556842.529912149,11945.257494519174,-11945.257494519174,0.5076536536216736,0.7567294836044312,0.47667694091796875,0.5231418013572693,7567295.0,263.197021484375,446.3755798339844,306.586181640625,-150000000.0,0.0,0.0,-63708040.0,0.0,-0.0,-11539719.0,-11539719.0,225247760.0,-0.0,0.0,0.85,1.0,-1.0,1.0,True,True,True,,0,0
460800.0,127,0.3098697435468561,False,False,ok,,,True,1.0,0.0,1,0.0,1.0,0.0,0.0,-1721692.7860454128,51863.773793011234,0.33131358319592047,-51863.773793011234,-0.33131358319592047,156539.83544146415,0.0,0.0,0.3098697435468561,0.10248094349149983,0.11874364017523704,0.10248094349149983,0.00836895916527805,0.06,0.0,-0.021443839649064392,0.011350062268215555,-0.03279390191727995,5.0,1.0,0.10475095594514294,1.0,6584.947350938368,-6584.947350938368,0.0,6584.947350938368,0.0,35.11971920500463,0.98555,0.1875,-35.11971920500463,-27520.527820973657,-91284.87142773018,0.0,-0.0,-951555.1307645031,-7345.053257927764,7345.053257927764,-7598307.355642319,-60000.0,60000.0,-352646.5502381325,0.0,-0.0,-436559.98443961143,0.0,-0.0,14293024.164199973,112623.87970000505,-112623.87970000505,-6584363.057733122,6584.947350938368,-6584.947350938368,0.5076536536216736,0.7589994668960571,0.47667694091796875,0.5231418013572693,7589995.0,263.9865417480469,446.3755798339844,306.586181640625,-150000000.0,0.0,0.0,-35119720.0,0.0,0.0,-50985792.0,-50985792.0,236105504.0,-0.0,0.0,0.85,1.0,-1.0,1.0,True,True,True,,0,0
464400.0,128,0.6970077262192064,False,False,ok,,,True,1.0,0.0,2,0.675,1.0,0.0,0.9545,-1742872.1884438675,93250.90169125696,0.5957007775578429,-93250.90169125696,-0.5957007775578429,156539.83544146415,0.0,0.0,0.6970077262192064,0.07943956023056453,0.08947497365600551,0.07943956023056453,0.004706309406160963,0.06,0.0,0.1013069486613635,0.12672760793514415,-0.02542065927378065,5.5,1.1,0.10248094349149983,1.0,26551.037692361217,-26551.037692361217,0.0,26551.037692361217,0.0,141.60553435925982,0.98555,0.1875,-141.60553435925982,-87879.26639735047,-91284.87142773018,0.0,-0.0,-968679.5227656072,-17124.392001104075,17124.392001104075,-7658307.355642319,-60000.0,60000.0,-352646.5502381325,0.0,-0.0,-410788.48443961143,25771.5,-25771.5,14411076.920199966,118052.75599999353,-118052.75599999353,-6672242.324130473,26551.037692361217,-26551.037692361217,0.5076536536216736,0.7820408940315247,0.48557305335998535,0.5142456889152527,7820409.0,267.3767395019531,449.6556396484375,306.0102844238281,-150000000.0,0.0,143175008.0,-141605536.0,0.0,0.0,-89624504.0,-89624504.0,238055040.0,-0.0,0.0,0.85,1.0,-1.0,1.0,True,True,True,2,1,3
468000.0,129,0.6384706189431396,False,False,ok,,,True,1.0,0.0,2,0.675,1.0,0.0,0.9545,-1759039.1318331368,80484.8550242237,0.5141493524459457,-80484.8550242237,-0.5141493524459457,156539.83544146415,0.0,0.0,0.6384706189431396,0.05574621754528375,0.05912973176809637,0.05574621754528375,0.0020473262952853347,0.06,1.0,0.12432126649719392,0.14216005611168472,-0.0178387896144908,6.000000000000001,1.2000000000000002,0.07943956023056453,1.0,17757.02104617494,-17757.02104617494,0.0,17757.02104617494,0.0,94.70411224626635,0.63457,0.1875,-94.70411224626635,-78894.77736731805,-91284.87142773018,0.0,-0.0,-993614.2089375578,-24934.68617195054,24934.68617195054,-7718307.355642319,-60000.0,60000.0,-352646.5502381325,0.0,-0.0,-382153.48443961143,28635.0,-28635.0,14530104.440349968,119027.52015000209,-119027.52015000209,-6751137.101497791,17757.02104617494,-17757.02104617494,0.5076536536216736,0.8057342171669006,0.49537336826324463,0.5050405859947205,8057342.0,270.4097900390625,453.2298278808594,305.41436767578125,-150000000.0,0.0,143175008.0,-94704112.0,0.0,0.0,-111918328.0,-111918328.0,213447440.0,-0.0,0.0,0.85,1.0,-1.0,1.0,False,False,True,2,2,2
471600.0,130,0.5212909146409168,False,False,ok,,,True,1.0,0.0,2,0.675,1.0,0.0,0.9545,-1766177.6134477702,60057.62732624586,0.3836571512731886,-60057.62732624586,-0.3836571512731886,156539.83544146415,0.0,0.0,0.5212909146409168,0.03294965552443052,0.035277275285336605,0.03294965552443052,0.0005487943044587704,0.06,1.0,0.1376337633677282,0.14817765313554596,-0.010543889767817767,6.499999999999999,1.2999999999999998,0.05574621754528375,1.0,14324.807315793334,-14324.807315793334,0.0,14324.807315793334,0.0,76.39897235089778,0.28359,0.1875,-76.39897235089778,-52871.301625085995,-91284.87142773018,0.0,-0.0,-1023240.1109271054,-29625.901989547652,29625.901989547652,-7778307.355642319,-60000.0,60000.0,-352646.5502381325,0.0,-0.0,-353518.48443961143,28635.0,-28635.0,14636828.16234996,106723.72199999169,-106723.72199999169,-6804008.403122877,14324.807315793334,-14324.807315793334,0.5076536536216736,0.8285307884216309,0.505078136920929,0.4984278082847595,8285308.0,273.0822448730469,456.737060546875,304.9862976074219,-150000000.0,0.0,143175008.0,-76398976.0,0.0,-0.0,-126457128.0,-126457128.0,209681104.0,-0.0,0.0,0.85,1.0,-1.0,1.0,False,False,True,,0,0
475200.0,131,0.039912475618391584,False,False,ok,,,True,1.0,0.0,1,0.0,1.0,0.0,0.0,-1748202.6344763853,4672.062615693892,0.02984583829744055,-4672.062615693892,-0.02984583829744055,156539.83544146415,0.0,0.0,0.039912475618391584,0.030134009747276314,0.03296998875300796,0.030134009747276314,0.0004358227357091122,0.06,1.0,0.010066637320951033,0.019709520440079453,-0.00964288311912842,7.0,1.4,0.03294965552443052,1.0,-12183.216849189372,12183.216849189372,12183.216849189372,0.0,66.46236893344265,0.0,0.18331,0.1875,66.46236893344265,1119.6995065016672,-91284.87142773018,0.0,-0.0,-1054088.881012222,-30848.770085116616,30848.770085116616,-7838307.355642319,-60000.0,60000.0,-352646.5502381325,0.0,-0.0,-350654.98443961143,2863.5,-2863.5,14741668.71189996,104840.54955000058,-104840.54955000058,-6802888.703616375,-12183.216849189372,12183.216849189372,0.5076536536216736,0.8313464522361755,0.5060437321662903,0.49794092774391174,8313464.5,273.52288818359375,457.0839538574219,304.95477294921875,-150000000.0,0.0,0.0,66462368.0,0.0,0.0,-119669808.0,-119669808.0,203207440.0,-0.0,0.0,0.85,1.0,-1.0,1.0,True,True,False,,0,0
478800.0,132,0.06520184857451651,False,False,ok,,,True,1.0,0.0,1,0.0,1.0,0.0,0.0,-1728380.7385884635,9342.293673864626,0.05967997633010189,-9342.293673864626,-0.05967997633010189,156539.83544146415,0.0,0.0,0.06520184857451651,0.028194782718690248,0.031030761724421898,0.028194782718690248,0.00036723631162916264,0.06,1.0,0.005521872244414614,0.014544202714395493,-0.00902233046998088,7.5,1.5,0.030134009747276314,1.0,-4826.292889337228,4826.292889337228,4826.292889337228,0.0,26.328584852638855,0.0,0.18331,0.1875,26.328584852638855,5653.309324719943,-91284.87142773018,0.0,-0.0,-1081524.01419902,-27435.133186798077,27435.133186798077,-7898307.355642319,-60000.0,60000.0,-352646.5502381325,0.0,-0.0,-350654.98443961143,0.0,-0.0,14843272.431649951,101603.71974999085,-101603.71974999085,-6797235.394291655,-4826.292889337228,4826.292889337228,0.5076536536216736,0.8332856297492981,0.5060437321662903,0.49794092774391174,8332856.5,274.1609191894531,457.0839538574219,304.95477294921875,-150000000.0,0.0,0.0,26328584.0,0.0,-0.0,-97597304.0,-97597304.0,221268720.0,-0.0,0.0,0.85,1.0,-1.0,1.0,True,True,False,,0,0
482400.0,133,0.22667730495200125,False,False,ok,,,True,1.0,0.0,1,0.0,1.0,0.0,0.0,-1697509.0290248485,34597.91426177065,0.22101667709180678,-34597.91426177065,-0.22101667709180678,156539.83544146415,0.0,0.0,0.22667730495200125,0.02643000407323648,0.02926598307896813,0.02643000407323648,0.0003113565139146463,0.06,1.0,0.005660627860194474,0.014118229163630147,-0.008457601303435673,8.0,1.6,0.028194782718690248,1.0,4356.647759419849,-4356.647759419849,0.0,4356.647759419849,0.0,23.23545471690586,0.18331,0.1875,-23.23545471690586,630.4430612642318,-91284.87142773018,0.0,-0.0,-1101917.1056466685,-20393.09144764836,20393.09144764836,-7958307.355642319,-60000.0,60000.0,-352646.5502381325,0.0,-0.0,-350654.98443961143,0.0,-0.0,14953906.78959995,110634.35794999823,-110634.35794999823,-6796604.951230391,4356.647759419849,-4356.647759419849,0.5076536536216736,0.8350504040718079,0.5060437321662903,0.49794092774391174,8350504.5,274.7415466308594,457.0839538574219,304.95477294921875,-150000000.0,0.0,0.0,-23235454.0,0.0,0.0,-61871896.0,-61871896.0,235107344.0,-0.0,0.0,0.85,1.0,-1.0,1.0,True,True,False,,0,0
486000.0,134,0.37598262330656107,False,False,ok,,,True,1.0,0.0,1,0.0,1.0,0.0,0.0,-1675369.8803215655,60508.44203441766,0.38653702339583673,-60508.44203441766,-0.38653702339583673,156539.83544146415,0.0,0.0,0.37598262330656107,0.026667736361880467,0.029503715367612118,0.026667736361880467,0.0003185210202240089,0.06,1.0,-0.010554400089275648,-0.002020724453473899,-0.008533675635801749,8.5,1.7000000000000002,0.02643000407323648,1.0,14133.255608192307,-14133.255608192307,0.0,14133.255608192307,0.0,75.3773632436923,0.28359,0.1875,-75.3773632436923,-24236.03772294242,-91284.87142773018,0.0,-0.0,-1113095.593970442,-11178.48832377349,11178.48832377349,-8018307.355642319,-60000.0,60000.0,-352646.5502381325,0.0,-0.0,-350654.98443961143,0.0,-0.0,15071460.464349942,117553.67474999279,-117553.67474999279,-6820840.988953333,14133.255608192307,-14133.255608192307,0.5076536536216736,0.8348127007484436,0.5060437321662903,0.49794092774391174,8348127.0,274.663330078125,457.0839538574219,304.95477294921875,-150000000.0,0.0,0.0,-75377360.0,0.0,0.0,-23488670.0,-23488670.0,248866032.0,-0.0,0.0,0.85,1.0,-1.0,1.0,True,True,False,,0,0
489600.0,135,0.44600172759091805,False,False,ok,,,True,1.0,0.0,1,0.0,1.0,0.0,0.0,-1665711.9678473198,75733.02161660927,0.48379392633850415,-75733.02161660927,-0.48379392633850415,156539.83544146415,0.0,0.0,0.44600172759091805,0.029807062876020418,0.032643041881752065,0.029807062876020418,0.00042373217536190405,0.06,1.0,-0.03779219874758609,-0.028253938627259556,-0.009538260120326533,9.0,1.7999999999999998,0.026667736361880467,1.0,14546.088112499998,-14546.088112499998,0.0,14546.088112499998,0.0,77.57913659999998,0.63457,0.1875,-77.57913659999998,-51529.02102986351,-91284.87142773018,0.0,-0.0,-1116341.6766163316,-3246.0826458896045,3246.0826458896045,-8078307.355642319,-60000.0,60000.0,-352646.5502381325,0.0,-0.0,-350654.98443961143,0.0,-0.0,15195893.48049994,124433.01614999771,-124433.01614999771,-6872370.009983197,14546.088112499998,-14546.088112499998,0.5076536536216736,0.8316733837127686,0.5060437321662903,0.49794092774391174,8316733.5,273.6304626464844,457.0839538574219,304.95477294921875,-150000000.0,0.0,0.0,-77579136.0,0.0,0.0,-0.0,-0.0,227579136.0,-0.0,0.0,0.85,1.0,-1.0,1.0,True,True,False,,0,0
493200.0,136,0.35209232779391847,False,False,ok,,,True,1.0,0.0,1,0.0,1.0,0.0,0.0,-1658469.8815073194,63575.256825002725,0.4061282972842768,-63575.256825002725,-0.4061282972842768,156539.83544146415,0.0,0.0,0.35209232779391847,0.034338397842418766,0.03717437684815041,0.034338397842418766,0.0006103533347451327,0.06,1.0,-0.05403596949035831,-0.04304768218078431,-0.010988287309574005,9.5,1.9,0.029807062876020418,1.0,9785.688525000001,-9785.688525000001,0.0,9785.688525000001,0.0,52.190338800000006,1.13597,0.1875,-52.190338800000006,-46547.48196000233,-91284.87142773018,0.0,-0.0,-1116341.6766163316,0.0,-0.0,-8138307.355642319,-60000.0,60000.0,-352646.5502381325,0.0,-0.0,-350654.98443961143,0.0,-0.0,15309683.048799945,113789.56830000505,-113789.56830000505,-6918917.491943199,9785.688525000001,-9785.688525000001,0.5076536536216736,0.827142059803009,0.5060437321662903,0.49794092774391174,8271420.5,272.13958740234375,457.0839538574219,304.95477294921875,-150000000.0,0.0,0.0,-52190340.0,0.0,0.0,-0.0,-0.0,202190336.0,-0.0,0.0,0.85,1.0,-1.0,1.0,True,True,False,,0,0
496800.0,137,0.2997230038007147,False,False,ok,,,True,1.0,0.0,1,0.0,1.0,0.0,0.0,-1648688.9153873203,55927.81411874536,0.3572752837066752,-55927.81411874536,-0.3572752837066752,156539.83544146415,0.0,0.0,0.2997230038007147,0.03885041262889033,0.041686391634621976,0.03885041262889033,0.0008369825283004984,0.06,1.0,-0.05755227990596054,-0.04512014786471563,-0.012432132041244905,10.0,2.0,0.034338397842418766,1.0,14832.64471875,-14832.64471875,0.0,14832.64471875,0.0,79.1074385,1.13597,0.1875,-79.1074385,-31314.20327999629,-91284.87142773018,0.0,-0.0,-1116341.6766163316,0.0,-0.0,-8198307.355642319,-60000.0,60000.0,-352646.5502381325,0.0,-0.0,-350654.98443961143,0.0,-0.0,15410778.21819994,101095.16939999536,-101095.16939999536,-6950231.6952231955,14832.64471875,-14832.64471875,0.5076536536216736,0.8226300477981567,0.5060437321662903,0.49794092774391174,8226300.0,270.65509033203125,457.0839538574219,304.95477294921875,-150000000.0,0.0,0.0,-79107440.0,0.0,0.0,-0.0,-0.0,229107440.0,-0.0,0.0,0.85,1.0,-1.0,1.0,True,True,False,,0,0
500400.0,138,0.3677805712374411,False,False,ok,,,True,1.0,0.0,1,0.0,1.0,0.0,0.0,-1641599.6592373196,66538.49175624635,0.42505788746103207,-66538.49175624635,-0.42505788746103207,156539.83544146415,0.0,0.0,0.3677805712374411,0.04299506920766538,0.04583104821339703,0.04299506920766538,0.001081039006939373,0.06,1.0,-0.057277316223590974,-0.04351889407713805,-0.013758422146452922,10.5,2.1,0.03885041262889033,1.0,11984.772506249998,-11984.772506249998,0.0,11984.772506249998,0.0,63.918786699999984,1.13597,0.1875,-63.918786699999984,-47464.46309999563,-91284.87142773018,0.0,-0.0,-1116341.6766163316,0.0,-0.0,-8258307.355642319,-60000.0,60000.0,-352646.5502381325,0.0,-0.0,-350654.98443961143,0.0,-0.0,15525331.937449941,114553.71925000101,-114553.71925000101,-6997696.158323191,11984.772506249998,-11984.772506249998,0.5076536536216736,0.8184853792190552,0.5060437321662903,0.49794092774391174,8184853.5,269.29144287109375,457.0839538574219,304.95477294921875,-150000000.0,0.0,0.0,-63918788.0,0.0,0.0,-0.0,-0.0,213918784.0,-0.0,0.0,0.85,1.0,-1.0,1.0,True,True,True,,0,0
504000.0,139,0.8929118712226265,False,False,ok,,,True,1.0,0.0,2,0.675,1.0,0.0,0.9545,-1684534.5379073196,114034.27694374537,0.7284681028452139,-114034.27694374537,-0.7284681028452139,156539.83544146415,0.0,0.0,0.8929118712226265,0.027252826228525318,0.035440719395911584,0.027252826228525318,0.0003366352204876176,0.06,1.0,0.1644437683774126,0.1731646727705407,-0.008720904393128101,11.0,2.2,0.04299506920766538,1.0,41303.38359375,-41303.38359375,0.0,41303.38359375,0.0,220.28471249999998,0.98555,0.1875,-220.28471249999998,-115665.77201999538,-91284.87142773018,0.0,-0.0,-1116341.6766163316,0.0,-0.0,-8318307.355642319,-60000.0,60000.0,-352646.5502381325,0.0,-0.0,-324883.48443961143,25771.5,-25771.5,15632291.33079994,106959.3933499977,-106959.3933499977,-7113361.9303431865,41303.38359375,-41303.38359375,0.5076536536216736,0.8342276215553284,0.5148189067840576,0.49142494797706604,8342276.0,270.10626220703125,460.13287353515625,304.532958984375,-150000000.0,0.0,143175008.0,-220284720.0,0.0,0.0,-0.0,-0.0,227109712.0,-0.0,0.0,0.85,1.0,-1.0,1.0,True,True,True,,0,0
507600.0,140,0.2890974851897853,False,False,ok,,,True,1.0,0.0,1,0.0,1.0,0.0,0.0,-1682972.5091573205,69949.48963124971,0.44684785463062743,-69949.48963124971,-0.44684785463062743,156539.83544146415,0.0,0.0,0.2890974851897853,0.0398610720024436,0.06121385195166744,0.0398610720024436,0.0008933274058530057,0.06,1.0,-0.15775036944084217,-0.14499482640006023,-0.012755543040781952,11.5,2.3,0.027252826228525318,1.0,13531.133381249998,-13531.133381249998,0.0,13531.133381249998,0.0,72.16604469999999,0.98555,0.1875,-72.16604469999999,-54856.327500000596,-91284.87142773018,0.0,-0.0,-1116341.6766163316,0.0,-0.0,-8378307.355642319,-60000.0,60000.0,-352646.5502381325,0.0,-0.0,-322019.98443961143,2863.5,-2863.5,15745846.187049946,113554.8562500067,-113554.8562500067,-7168218.257843187,13531.133381249998,-13531.133381249998,0.5076536536216736,0.8216193914413452,0.5114105939865112,0.4504026770591736,8216193.5,267.6639709472656,456.73321533203125,301.8774719238281,-150000000.0,0.0,0.0,-72166048.0,0.0,0.0,-0.0,-0.0,222166048.0,-0.0,0.0,0.85,1.0,-1.0,1.0,True,True,False,,0,0
511200.0,141,0.3486205862120197,False,False,ok,,,True,1.0,0.0,1,0.0,1.0,0.0,0.0,-1675189.113627321,61556.82325625301,0.39323424023446935,-61556.82325625301,-0.39323424023446935,156539.83544146415,0.0,0.0,0.3486205862120197,0.04244695763407247,0.06379973758329631,0.04244695763407247,0.0010467923637528234,0.06,1.0,-0.044613654022449635,-0.031030627579546444,-0.01358302644290319,12.0,2.4,0.0398610720024436,1.0,10473.800906249999,-10473.800906249999,0.0,10473.800906249999,0.0,55.860271499999996,0.63457,0.1875,-55.860271499999996,-43299.626820003614,-91284.87142773018,0.0,-0.0,-1116341.6766163316,0.0,-0.0,-8438307.355642319,-60000.0,60000.0,-352646.5502381325,0.0,-0.0,-322019.98443961143,0.0,-0.0,15856929.209399944,111083.02234999835,-111083.02234999835,-7211517.884663191,10473.800906249999,-10473.800906249999,0.5076536536216736,0.8190335035324097,0.5114105939865112,0.4504026770591736,8190335.0,266.8215637207031,456.73321533203125,301.8774719238281,-150000000.0,0.0,0.0,-55860272.0,0.0,0.0,-0.0,-0.0,205860272.0,-0.0,0.0,0.85,1.0,-1.0,1.0,True,True,True,,0,0
514800.0,142,0.898058302957025,False,False,ok,,,True,1.0,0.0,2,0.6875,1.0,0.0,0.95625,-1717412.6407773215,108580.36593750223,0.693627699500836,-108580.36593750223,-0.693627699500836,156539.83544146415,0.0,0.0,0.898058302957025,0.0254412142722088,0.052327495583250096,0.0254412142722088,0.000282770259952325,0.06,1.0,0.20443060345618902,0.21257179202329585,-0.008141188567106817,12.5,2.5,0.04244695763407247,1.0,39831.4801875,-39831.4801875,0.0,39831.4801875,0.0,212.434561,0.63457,0.1875,-212.434561,-110972.41290000267,-91284.87142773018,0.0,-0.0,-1116341.6766163316,0.0,-0.0,-8498307.355642319,-60000.0,60000.0,-352646.5502381325,0.0,-0.0,-296201.23443961143,25818.75,-25818.75,15959859.345149951,102930.13575000688,-102930.13575000688,-7322490.297563193,39831.4801875,-39831.4801875,0.5076536536216736,0.8360392451286316,0.5202253460884094,0.44340741634368896,8360392.0,268.0550537109375,459.7498779296875,301.4246826171875,-150000000.0,0.0,143437504.0,-212434560.0,0.0,0.0,-0.0,-0.0,218997056.0,-0.0,0.0,0.85,1.0,-1.0,1.0,True,True,True,,0,0
518400.0,143,0.2741591807673227,False,False,ok,,,True,1.0,0.0,1,0.0,1.0,0.0,0.0,-1715049.8468773211,68912.58880625266,0.44022397629274085,-68912.58880625266,-0.44022397629274085,156539.83544146415,0.0,0.0,0.2741591807673227,0.03729734092073067,0.0750384761985963,0.03729734092073067,0.0007543794899093883,0.06,1.0,-0.1660647955254181,-0.1541296464307843,-0.011935149094633815,13.0,2.6,0.0254412142722088,1.0,16545.30830625,-16545.30830625,0.0,16545.30830625,0.0,88.2416443,0.63457,0.1875,-88.2416443,-50004.486600002274,-91284.87142773018,0.0,-0.0,-1116341.6766163316,0.0,-0.0,-8558307.355642319,-60000.0,60000.0,-352646.5502381325,0.0,-0.0,-293332.48443961143,2868.75,-2868.75,16069357.875649942,109498.53049999103,-109498.53049999103,-7372494.784163196,16545.30830625,-16545.30830625,0.5076536536216736,0.8241831064224243,0.5168213248252869,0.40898948907852173,8241831.0,265.8614807128906,455.5520324707031,299.1969299316406,-150000000.0,0.0,0.0,-88241648.0,0.0,0.0,-0.0,-0.0,238241648.0,-0.0,0.0,0.85,1.0,-1.0,1.0,True,True,False,,0,0
522000.0,144,-0.3578355359873367,False,False,ok,,,True,1.0,0.0,0,0.25,1.0,0.0,-0.8325,-1702881.5213723204,-4209.158247281124,-0.026888735607845195,4209.158247281124,0.026888735607845195,156539.83544146415,0.0,0.0,-0.3578355359873367,0.06038067314105322,0.09068994532290911,0.06038067314105322,0.0024791000641965284,0.06,0.0,-0.3309468003794915,-0.3116249849743544,-0.01932181540513703,13.5,2.7,0.03729734092073067,1.0,-18374.980397278003,18374.980397278003,18374.980397278003,0.0,28.956585400000005,0.0,0.63457,0.1875,28.956585400000005,-1997.4966449961066,-91284.87142773018,0.0,-0.0,-1116341.6766163316,0.0,-0.0,-8618307.355642319,-60000.0,60000.0,-352646.5502381325,0.0,-0.0,-338287.48443961143,-44955.0,44955.0,16188478.697799942,119120.82214999944,-119120.82214999944,-7374492.280808192,-18374.980397278003,18374.980397278003,0.5076536536216736,0.8010997772216797,0.50620436668396,0.41960644721984863,8010997.5,263.5275573730469,451.94415283203125,299.8499755859375,-150000000.0,0.0,-124875000.0,28956586.0,0.0,0.0,-0.0,-0.0,245918416.0,-0.0,0.0,0.85,1.0,-1.0,1.0,True,True,True,0,1,3
525600.0,145,-0.4661148162327261,False,False,ok,,,True,1.0,0.0,0,0.20000000298023224,1.0,0.0,-0.8659999980032445,-1688333.4054514512,-17523.633403815726,-0.11194360435090939,17523.633403815726,0.11194360435090939,156539.83544146415,0.0,0.0,-0.4661148162327261,0.08376401088383811,0.10973022389596837,0.08376401088383811,0.0053127820307545814,0.06,0.0,-0.3541712118818167,-0.3273667283989885,-0.026804483482828198,14.0,2.8,0.06038067314105322,1.0,-28723.840811641818,28723.840811641818,28723.840811641818,0.0,45.26504690048666,0.0,0.63457,0.1875,45.26504690048666,3347.908513043076,-91284.87142773018,0.0,-0.0,-1116341.6766163316,0.0,-0.0,-8678307.355642319,-60000.0,60000.0,-352646.5502381325,0.0,-0.0,-390046.48433178663,-51758.9998921752,51758.9998921752,16311437.905099945,122959.20730000362,-122959.20730000362,-7371144.372295149,-28723.840811641818,28723.840811641818,0.5076536536216736,0.7777163982391357,0.4940224289894104,0.4317883849143982,7777164.5,261.7760009765625,447.78997802734375,300.5792236328125,-150000000.0,0.0,-129900000.0,45265048.0,0.0,0.0,-0.0,-0.0,234634960.0,-0.0,0.0,0.85,1.0,-1.0,1.0,True,False,False,0,2,2
529200.0,146,-0.36947498378971455,False,False,ok,,,True,1.0,0.0,0,0.20000000298023224,1.0,0.0,-0.8659999980032445,-1678449.4242415975,-3538.3979274604353,-0.022603817855574335,3538.3979274604353,0.022603817855574335,156539.83544146415,0.0,0.0,-0.36947498378971455,0.10536095301955417,0.13132716603168443,0.10536095301955417,0.00890141827262559,0.06,0.0,-0.3468711659341402,-0.31315566096788283,-0.03371550496625734,14.5,2.9,0.08376401088383811,1.0,-8895.87444726302,8895.87444726302,8895.87444726302,0.0,31.368787500486686,0.0,0.28359,0.1875,31.368787500486686,4526.504690051079,-91284.87142773018,0.0,-0.0,-1116341.6766163316,0.0,-0.0,-8738307.355642319,-60000.0,60000.0,-352646.5502381325,0.0,-0.0,-442006.4842119813,-51959.999880194664,51959.999880194664,16428755.381499952,117317.47640000656,-117317.47640000656,-7366617.867605098,-8895.87444726302,8895.87444726302,0.5076536536216736,0.7561194896697998,0.481777548789978,0.44403326511383057,7561195.0,260.5876770019531,443.5994873046875,301.29180908203125,-150000000.0,0.0,-129900000.0,31368788.0,0.0,0.0,-0.0,-0.0,248531216.0,-0.0,0.0,0.85,1.0,-1.0,1.0,True,False,False,0,3,1
532800.0,147,-0.3984703129506468,False,False,ok,,,True,1.0,0.0,0,0.20000000298023224,1.0,0.0,-0.8659999980032445,-1663006.9392717446,-8564.27855985591,-0.054709898829926905,8564.27855985591,0.054709898829926905,156539.83544146415,0.0,0.0,-0.3984703129506468,0.12559887137167314,0.1515650843838034,0.12559887137167314,0.01311088405471055,0.06,0.0,-0.3437604141207199,-0.3035687752817845,-0.0401916388389354,15.0,3.0,0.10536095301955417,1.0,-20869.884779664015,20869.884779664015,20869.884779664015,0.0,73.59175140048666,0.0,0.28359,0.1875,73.59175140048666,3136.8787500448525,-91284.87142773018,0.0,-0.0,-1116341.6766163316,0.0,-0.0,-8798307.355642319,-60000.0,60000.0,-352646.5502381325,0.0,-0.0,-493966.48409217596,-51959.999880194664,51959.999880194664,16553020.987599952,124265.60610000044,-124265.60610000044,-7363480.988855053,-20869.884779664015,20869.884779664015,0.5076536536216736,0.7358815670013428,0.4695108234882355,0.4562999904155731,7358815.5,259.8315124511719,439.38720703125,301.9862060546875,-150000000.0,0.0,-129900000.0,73591752.0,0.0,0.0,-0.0,-0.0,206308256.0,-0.0,0.0,0.85,1.0,-1.0,1.0,True,False,False,,0,0
536400.0,148,0.9880557614656935,False,False,ok,,,True,1.0,0.0,2,0.7625,1.0,0.0,0.96675,-1706923.8516777582,106685.34809322988,0.6815220406509457,-106685.34809322988,-0.6815220406509457,156539.83544146415,0.0,0.0,0.9880557614656935,0.10368197126714196,0.12964818427927222,0.10368197126714196,0.00858898990518354,0.06,0.0,0.30653372081474783,0.33971195162023327,-0.033178230805485424,15.5,3.1,0.12559887137167314,1.0,42624.97393125,-42624.97393125,0.0,42624.97393125,0.0,227.3331943,0.28359,0.1875,-227.3331943,-107977.28656799346,-91284.87142773018,0.0,-0.0,-1116341.6766163316,0.0,-0.0,-8858307.355642319,-60000.0,60000.0,-352646.5502381325,0.0,-0.0,-473060.2340801954,20906.250011980534,-20906.250011980534,16656175.111749949,103154.12414999679,-103154.12414999679,-7471458.275423046,42624.97393125,-42624.97393125,0.5076536536216736,0.7577984929084778,0.4774358868598938,0.4483749270439148,7577984.5,263.4613037109375,442.3741455078125,301.4678955078125,-150000000.0,0.0,145012496.0,-227333200.0,0.0,0.0,-0.0,-0.0,232320688.0,-0.0,0.0,0.85,1.0,-1.0,1.0,True,True,True,2,1,3
540000.0,149,1.1190823911207082,False,False,ok,,,True,1.0,0.0,2,0.775,1.0,0.0,0.9685,-1758255.4211077578,125450.87798750307,0.8013990664658239,-125450.87798750307,-0.8013990664658239,156539.83544146415,0.0,0.0,1.1190823911207082,0.08218310144726637,0.10814931445939666,0.08218310144726637,0.005086733736750472,0.06,0.0,0.3176833246548842,0.3439819171180094,-0.02629859246312524,16.0,3.2,0.10368197126714196,1.0,40240.7808375,-40240.7808375,0.0,40240.7808375,0.0,214.6174978,0.28359,0.1875,-214.6174978,-136541.66658000275,-91284.87142773018,0.0,-0.0,-1116341.6766163316,0.0,-0.0,-8918307.355642319,-60000.0,60000.0,-352646.5502381325,0.0,-0.0,-444010.4840801954,29049.75,-29049.75,16772335.458899954,116160.3471500054,-116160.3471500054,-7607999.942003049,40240.7808375,-40240.7808375,0.5076536536216736,0.7792973518371582,0.4875885546207428,0.4382222592830658,7792973.5,265.6942443847656,446.0692443847656,300.8170471191406,-150000000.0,0.0,145275008.0,-214617504.0,0.0,0.0,-0.0,-0.0,219342496.0,-0.0,0.0,0.85,1.0,-1.0,1.0,False,False,True,2,2,2
543600.0,150,1.037212197526654,False,False,ok,,,True,1.0,0.0,2,0.7875,1.0,0.0,0.97025,-1806696.6750387829,117476.58114259527,0.750458059517534,-117476.58114259527,-0.750458059517534,156539.83544146415,0.0,0.0,1.037212197526654,0.0635711674120556,0.08951349075230565,0.0635711674120556,0.0028013111654699068,0.06,0.0,0.28675413800912,0.3070969115809778,-0.020342773571857792,16.5,3.3,0.08218310144726637,1.0,39915.579277577104,-39915.579277577104,0.0,39915.579277577104,0.0,212.88308948041123,0.63457,0.1875,-212.88308948041123,-126002.2557960432,-91284.87142773018,0.0,-0.0,-1117554.1736513132,-1212.497034981614,1212.497034981614,-8978307.355642319,-60000.0,60000.0,-352646.5502381325,0.0,-0.0,-414908.2340801954,29102.25,-29102.25,16882006.707799952,109671.24889999814,-109671.24889999814,-7734002.197799092,39915.579277577104,-39915.579277577104,0.5076536536216736,0.7979092597961426,0.49772804975509644,0.42815101146698,7979092.5,266.8812561035156,449.67535400390625,300.1714172363281,-150000000.0,0.0,145537504.0,-212883088.0,0.0,0.0,-10771640.0,-10771640.0,228117232.0,-0.0,0.0,0.85,1.0,-1.0,1.0,False,False,True,2,3,1
547200.0,151,0.9530448414898323,False,False,ok,,,True,1.0,0.0,2,0.8,1.0,0.0,0.972,-1846851.2542822694,103409.23951250661,0.6605937665698839,-103409.23951250661,-0.6605937665698839,156539.83544146415,0.0,0.0,0.9530448414898323,0.04551147639058872,0.07675314769488499,0.04551147639058872,0.0012459786065969205,0.06,1.0,0.29245107491994843,0.30701474736493684,-0.014563672444988391,17.0,3.4,0.0635711674120556,1.0,28029.1916957297,-28029.1916957297,0.0,28029.1916957297,0.0,149.48902237722507,0.98555,0.1875,-149.48902237722507,-115534.62706026342,-91284.87142773018,0.0,-0.0,-1125387.490584537,-7833.316933223745,7833.316933223745,-9038307.355642319,-60000.0,60000.0,-352646.5502381325,0.0,-0.0,-385753.4840801954,29154.75,-29154.75,16996065.322549935,114058.61474998295,-114058.61474998295,-7849536.824859356,28029.1916957297,-28029.1916957297,0.5076536536216736,0.815968930721283,0.5078310966491699,0.4185691773891449,8159689.5,267.8587646484375,453.2122497558594,299.5571594238281,-150000000.0,0.0,145800000.0,-149489024.0,0.0,0.0,-56228508.0,-56228508.0,209917536.0,-0.0,0.0,0.85,1.0,-1.0,1.0,False,False,True,,0,0
550800.0,152,0.8296295761668241,False,False,ok,,,True,1.0,0.0,2,0.8125,1.0,0.0,0.97375,-1870216.5149612569,77964.91843659933,0.4980516187252107,-77964.91843659933,-0.4980516187252107,156539.83544146415,0.0,0.0,0.8296295761668241,0.0260871425024517,0.06389837493992356,0.0260871425024517,0.0003012228037586022,0.06,1.0,0.3315779574416134,0.3399258430423979,-0.008347885600784545,17.5,3.5,0.04551147639058872,1.0,22399.612580180066,-22399.612580180066,0.0,22399.612580180066,0.0,119.46460042762702,0.98555,0.1875,-119.46460042762702,-78930.56653540675,-91284.87142773018,0.0,-0.0,-1143988.1993281173,-18600.708743580384,18600.708743580384,-9098307.355642319,-60000.0,60000.0,-352646.5502381325,0.0,-0.0,-356546.2340801954,29207.25,-29207.25,17101024.087149944,104958.76460000873,-104958.76460000873,-7928467.391394762,22399.612580180066,-22399.612580180066,0.5076536536216736,0.8353933095932007,0.5178764462471008,0.40984436869621277,8353933.0,269.2666931152344,456.6913146972656,298.9978942871094,-150000000.0,0.0,146062496.0,-119464600.0,0.0,0.0,-96294216.0,-96294216.0,219696320.0,-0.0,0.0,0.85,1.0,-1.0,1.0,True,True,True,,0,0
554400.0,153,-0.015157528479249983,False,False,ok,,,True,1.0,0.0,1,0.0,1.0,0.0,0.0,-1847712.7529551995,-5471.015995220918,-0.034949672585204206,5471.015995220918,0.034949672585204206,156539.83544146415,0.0,0.0,-0.015157528479249983,0.02455111468003146,0.06299252812475807,0.02455111468003146,0.00025870957262690085,0.06,1.0,0.019792144105954222,0.02764850080356429,-0.007856356697610067,18.0,3.6,0.0260871425024517,1.0,-31803.49174095009,31803.49174095009,31803.49174095009,0.0,50.11817725538568,0.0,0.63457,0.1875,50.11817725538568,-3828.7137396717444,-91284.87142773018,0.0,-0.0,-1170425.1314823856,-26436.93215426826,26436.93215426826,-9158307.355642319,-60000.0,60000.0,-352646.5502381325,0.0,-0.0,-353624.9840801954,2921.25,-2921.25,17210872.245049957,109848.15790001303,-109848.15790001303,-7932296.105134434,-31803.49174095009,31803.49174095009,0.5076536536216736,0.8369293212890625,0.5188761949539185,0.4090435802936554,8369293.0,269.2761535644531,457.0357666015625,298.9465637207031,-150000000.0,0.0,0.0,50118176.0,0.0,0.0,-117130288.0,-117130288.0,217012112.0,-0.0,0.0,0.85,1.0,-1.0,1.0,True,True,False,,0,0
558000.0,154,0.04779243596382693,False,False,ok,,,True,1.0,0.0,1,0.0,1.0,0.0,0.0,-1824225.3654482053,867.4431369604608,0.005541357153686474,-867.4431369604608,-0.005541357153686474,156539.83544146415,0.0,0.0,0.04779243596382693,0.021888657958046842,0.06033007140277345,0.021888657958046842,0.00019619802023634097,0.06,1.0,0.04225107881014045,0.04925544935671544,-0.0070043705465749895,18.5,3.7,0.02455111468003146,1.0,-17109.51720803002,17109.51720803002,17109.51720803002,0.0,60.33187773909524,0.0,0.28359,0.1875,60.33187773909524,5510.427162003703,-91284.87142773018,0.0,-0.0,-1200954.2276373957,-30529.096155010164,30529.096155010164,-9218307.355642319,-60000.0,60000.0,-352646.5502381325,0.0,-0.0,-353624.9840801954,0.0,-0.0,17319378.30154996,108506.05650000274,-108506.05650000274,-7926785.67797243,-17109.51720803002,17109.51720803002,0.5076536536216736,0.8395918011665344,0.5188761949539185,0.4090435802936554,8395918.0,270.1327819824219,457.0357666015625,298.9465637207031,-150000000.0,0.0,0.0,60331876.0,0.0,0.0,-128155768.0,-128155768.0,217823888.0,-0.0,0.0,0.85,1.0,-1.0,1.0,True,True,False,,0,0
561600.0,155,0.11111811270901464,False,False,ok,,,True,1.0,0.0,1,0.0,1.0,0.0,0.0,-1800974.305342434,7474.573193301372,0.04774869714294789,-7474.573193301372,-0.04774869714294789,156539.83544146415,0.0,0.0,0.11111811270901464,0.018246122444970148,0.05668753588969676,0.018246122444970148,0.00013364145505183824,0.06,1.0,0.06336941556606675,0.0692081747484572,-0.005838759182390447,19.0,3.8,0.021888657958046842,1.0,-9973.212232984211,9973.212232984211,9973.212232984211,0.0,54.40626388622667,0.0,0.18331,0.1875,54.40626388622667,5803.2746794857085,-91284.87142773018,0.0,-0.0,-1232418.3864611106,-31464.158823714824,31464.158823714824,-9278307.355642319,-60000.0,60000.0,-352646.5502381325,0.0,-0.0,-353624.9840801954,0.0,-0.0,17428290.245799977,108911.9442500174,-108911.9442500174,-7920982.403292945,-9973.212232984211,9973.212232984211,0.5076536536216736,0.8432343006134033,0.5188761949539185,0.4090435802936554,8432343.0,271.30474853515625,457.0357666015625,298.9465637207031,-150000000.0,0.0,0.0,54406264.0,0.0,0.0,-123058256.0,-123058256.0,218652000.0,-0.0,0.0,0.85,1.0,-1.0,1.0,True,True,False,,0,0
565200.0,156,0.14955208869387426,False,False,ok,,,True,1.0,0.0,1,0.0,1.0,0.0,0.0,-1775375.8663732668,13223.27279288356,0.0844722543344452,-13223.27279288356,-0.0844722543344452,156539.83544146415,0.0,0.0,0.14955208869387426,0.014667989572022644,0.053109403016749254,0.014667989572022644,9.802744571915867e-05,0.06,1.0,0.06507983435942907,0.06977359102247632,-0.004693756663047246,19.5,3.9,0.018246122444970148,1.0,-7998.793072395848,7998.793072395848,7998.793072395848,0.0,43.6353339828479,0.0,0.18331,0.1875,43.6353339828479,4376.373103887774,-91284.87142773018,0.0,-0.0,-1260522.3178458323,-28103.93138472177,28103.93138472177,-9338307.355642319,-60000.0,60000.0,-352646.5502381325,0.0,-0.0,-353624.9840801954,0.0,-0.0,17537616.243049983,109325.9972500056,-109325.9972500056,-7916606.030189057,-7998.793072395848,7998.793072395848,0.5076536536216736,0.8468124270439148,0.5188761949539185,0.4090435802936554,8468124.0,272.45599365234375,457.0357666015625,298.9465637207031,-150000000.0,0.0,0.0,43635332.0,0.0,0.0,-99403544.0,-99403544.0,205768208.0,-0.0,0.0,0.85,1.0,-1.0,1.0,True,True,False,,0,0
568800.0,157,0.1963325889080601,False,False,ok,,,True,1.0,0.0,1,0.0,1.0,0.0,0.0,-1750846.878221697,22960.874641324874,0.1466775187068008,-22960.874641324874,-0.1466775187068008,156539.83544146415,0.0,0.0,0.1963325889080601,0.011993342580668975,0.050434756025395586,0.011993342580668975,8.81300255635587e-05,0.06,1.0,0.049655070201259296,0.05349293982707337,-0.0038378696258140723,20.0,4.0,0.014667989572022644,1.0,1373.9296553754396,-1373.9296553754396,0.0,1373.9296553754396,0.0,7.327624828669011,0.18331,0.1875,-7.327624828669011,2942.0431656204164,-91284.87142773018,0.0,-0.0,-1281819.4786598834,-21297.16081405105,21297.16081405105,-9398307.355642319,-60000.0,60000.0,-352646.5502381325,0.0,-0.0,-353624.9840801954,0.0,-0.0,17640500.34885,102884.10580001771,-102884.10580001771,-7913663.987023436,1373.9296553754396,-1373.9296553754396,0.5076536536216736,0.8494870662689209,0.5188761949539185,0.4090435802936554,8494871.0,273.3165283203125,457.0357666015625,298.9465637207031,-150000000.0,0.0,0.0,-7327625.0,0.0,0.0,-67732864.0,-67732864.0,225060480.0,-0.0,0.0,0.85,1.0,-1.0,1.0,True,True,False,,0,0
572400.0,158,0.33436130180741325,False,False,ok,,,True,1.0,0.0,1,0.0,1.0,0.0,0.0,-1726284.3050273273,52614.35028307731,0.3361083786417528,-52614.35028307731,-0.3361083786417528,156539.83544146415,0.0,0.0,0.33436130180741325,0.01189292025639066,0.05033433370111727,0.01189292025639066,8.803709583223124e-05,0.06,1.0,-0.0017470768343395473,0.002058657647705464,-0.0038057344820450114,20.5,4.1,0.011993342580668975,1.0,12275.979179054817,-12275.979179054817,0.0,12275.979179054817,0.0,65.47188895495903,0.28359,0.1875,-65.47188895495903,-15775.797909652814,-91284.87142773018,0.0,-0.0,-1294011.3515058616,-12191.872845978243,12191.872845978243,-9458307.355642319,-60000.0,60000.0,-352646.5502381325,0.0,-0.0,-353624.9840801954,0.0,-0.0,17753030.592800003,112530.2439500019,-112530.2439500019,-7929439.784933089,12275.979179054817,-12275.979179054817,0.5076536536216736,0.8504124879837036,0.5188761949539185,0.4090435802936554,8504125.0,273.6142578125,457.0357666015625,298.9465637207031,-150000000.0,0.0,0.0,-65471888.0,0.0,0.0,-25373752.0,-25373752.0,240845648.0,-0.0,0.0,0.85,1.0,-1.0,1.0,True,True,False,,0,0
576000.0,159,0.43251467233077084,False,False,ok,,,True,1.0,0.0,1,0.0,1.0,0.0,0.0,-1715465.7252319604,69515.9529292015,0.44407835700834125,-69515.9529292015,-0.44407835700834125,156539.83544146415,0.0,0.0,0.43251467233077084,0.012256801597644196,0.050698215042370806,0.012256801597644196,8.846969550510567e-05,0.06,1.0,-0.011563684677570393,-0.007641508166324251,-0.003922176511246143,21.0,4.2,0.01189292025639066,1.0,12595.378068749997,-12595.378068749997,0.0,12595.378068749997,0.0,67.17534969999998,0.63457,0.1875,-67.17534969999998,-46101.99506508466,-91284.87142773018,0.0,-0.0,-1297513.5971454096,-3502.2456395479385,3502.2456395479385,-9518307.355642319,-60000.0,60000.0,-352646.5502381325,0.0,-0.0,-353624.9840801954,0.0,-0.0,17873453.41329999,120422.82049998641,-120422.82049998641,-7975541.779998174,12595.378068749997,-12595.378068749997,0.5076536536216736,0.8492236137390137,0.5188761949539185,0.4090435802936554,8492236.0,273.23175048828125,457.0357666015625,298.9465637207031,-150000000.0,0.0,0.0,-67175352.0,0.0,0.0,-0.0,-0.0,217175344.0,-0.0,0.0,0.85,1.0,-1.0,1.0,True,True,False,,0,0
579600.0,160,0.34403258243991586,False,False,ok,,,True,1.0,0.0,1,0.0,1.0,0.0,0.0,-1707183.2602019613,62636.451687499604,0.4001310689439278,-62636.451687499604,-0.4001310689439278,156539.83544146415,0.0,0.0,0.34403258243991586,0.014648016537734287,0.0530894299824609,0.014648016537734287,9.790051444097083e-05,0.06,1.0,-0.056098486504011946,-0.05141112121193697,-0.0046873652920749725,21.5,4.3,0.012256801597644196,1.0,14048.776837500003,-14048.776837500003,0.0,14048.776837500003,0.0,74.92680980000002,1.13597,0.1875,-74.92680980000002,-40305.209820000455,-91284.87142773018,0.0,-0.0,-1297513.5971454096,0.0,-0.0,-9578307.355642319,-60000.0,60000.0,-352646.5502381325,0.0,-0.0,-353624.9840801954,0.0,-0.0,17982041.08814999,108587.67485000193,-108587.67485000193,-8015846.989818174,14048.776837500003,-14048.776837500003,0.5076536536216736,0.8468323945999146,0.5188761949539185,0.4090435802936554,8468324.0,272.46240234375,457.0357666015625,298.9465637207031,-150000000.0,0.0,0.0,-74926808.0,0.0,0.0,-0.0,-0.0,224926816.0,-0.0,0.0,0.85,1.0,-1.0,1.0,True,True,False,,0,0
583200.0,161,0.3425187371377759,False,False,ok,,,True,1.0,0.0,1,0.0,1.0,0.0,0.0,-1699675.941181961,62944.87973124857,0.40210135365055955,-62944.87973124857,-0.40210135365055955,156539.83544146415,0.0,0.0,0.3425187371377759,0.0171074811981603,0.05554889464288691,0.0171074811981603,0.00011953058154034747,0.06,1.0,-0.059582616512783605,-0.05410822252937231,-0.005474393983411297,22.0,4.4,0.014648016537734287,1.0,10481.474831249998,-10481.474831249998,0.0,10481.474831249998,0.0,55.90119909999999,1.13597,0.1875,-55.90119909999999,-44956.08587999828,-91284.87142773018,0.0,-0.0,-1297513.5971454096,0.0,-0.0,-9638307.355642319,-60000.0,60000.0,-352646.5502381325,0.0,-0.0,-353624.9840801954,0.0,-0.0,18094504.493049975,112463.4048999846,-112463.4048999846,-8060803.075698173,10481.474831249998,-10481.474831249998,0.5076536536216736,0.8443729281425476,0.5188761949539185,0.4090435802936554,8443730.0,271.67108154296875,457.0357666015625,298.9465637207031,-150000000.0,0.0,0.0,-55901200.0,0.0,0.0,-0.0,-0.0,205901200.0,-0.0,0.0,0.85,1.0,-1.0,1.0,True,True,False,,0,0
586800.0,162,0.3114813380953316,False,False,ok,,,True,1.0,0.0,1,0.0,1.0,0.0,0.0,-1690266.0610919613,57721.06836874713,0.368730861419176,-57721.06836874713,-0.368730861419176,156539.83544146415,0.0,0.0,0.3114813380953316,0.01937632998608463,0.05781774343081124,0.01937632998608463,0.00015021208193570805,0.06,1.0,-0.057249523323844434,-0.051049097728297355,-0.006200425595547081,22.5,4.5,0.0171074811981603,1.0,14770.468818749996,-14770.468818749996,0.0,14770.468818749996,0.0,78.77583369999998,1.13597,0.1875,-78.77583369999998,-33540.71945999749,-91284.87142773018,0.0,-0.0,-1297513.5971454096,0.0,-0.0,-9698307.355642319,-60000.0,60000.0,-352646.5502381325,0.0,-0.0,-353624.9840801954,0.0,-0.0,18197455.092599984,102950.59955000877,-102950.59955000877,-8094343.79515817,14770.468818749996,-14770.468818749996,0.5076536536216736,0.8421040773391724,0.5188761949539185,0.4090435802936554,8421041.0,270.94110107421875,457.0357666015625,298.9465637207031,-150000000.0,0.0,0.0,-78775832.0,0.0,0.0,-0.0,-0.0,228775840.0,-0.0,0.0,0.85,1.0,-1.0,1.0,True,True,False,,0,0
590400.0,163,0.37912128265967915,False,False,ok,,,True,1.0,0.0,1,0.0,1.0,0.0,0.0,-1683143.6444619605,68595.39415625528,0.43819768918759056,-68595.39415625528,-0.43819768918759056,156539.83544146415,0.0,0.0,0.37912128265967915,0.021643739116975036,0.060085152561701646,0.021643739116975036,0.00019115966656414697,0.06,1.0,-0.059076406527911386,-0.052150410010479376,-0.0069259965174320115,23.0,4.6,0.01937632998608463,1.0,14207.477306250003,-14207.477306250003,0.0,14207.477306250003,0.0,75.77321230000001,0.98555,0.1875,-75.77321230000001,-47265.50022000447,-91284.87142773018,0.0,-0.0,-1297513.5971454096,0.0,-0.0,-9758307.355642319,-60000.0,60000.0,-352646.5502381325,0.0,-0.0,-353624.9840801954,0.0,-0.0,18311843.009449985,114387.91685000062,-114387.91685000062,-8141609.295378175,14207.477306250003,-14207.477306250003,0.5076536536216736,0.8398367166519165,0.5188761949539185,0.4090435802936554,8398367.0,270.2115783691406,457.0357666015625,298.9465637207031,-150000000.0,0.0,0.0,-75773216.0,0.0,0.0,-0.0,-0.0,225773216.0,-0.0,0.0,0.85,1.0,-1.0,1.0,True,True,False,,0,0
594000.0,164,0.35602546649011485,False,False,ok,,,True,1.0,0.0,1,0.0,1.0,0.0,0.0,-1675720.9656919613,65592.32502499477,0.41901363215321696,-65592.32502499477,-0.41901363215321696,156539.83544146415,0.0,0.0,0.35602546649011485,0.02399731464785959,0.0624387280925862,0.02399731464785959,0.0002445391834786552,0.06,1.0,-0.06298816566310211,-0.05530902497578705,-0.0076791406873150695,23.5,4.7,0.021643739116975036,1.0,12705.718875,-12705.718875,0.0,12705.718875,0.0,67.763834,0.98555,0.1875,-67.763834,-45463.927379995584,-91284.87142773018,0.0,-0.0,-1297513.5971454096,0.0,-0.0,-9818307.355642319,-60000.0,60000.0,-352646.5502381325,0.0,-0.0,-353624.9840801954,0.0,-0.0,18424729.615599994,112886.60615000874,-112886.60615000874,-8187073.22275817,12705.718875,-12705.718875,0.5076536536216736,0.8374831080436707,0.5188761949539185,0.4090435802936554,8374831.0,269.454345703125,457.0357666015625,298.9465637207031,-150000000.0,0.0,0.0,-67763832.0,0.0,0.0,-0.0,-0.0,217763840.0,-0.0,0.0,0.85,1.0,-1.0,1.0,True,True,False,,0,0
597600.0,165,0.3593266138281756,False,False,ok,,,True,1.0,0.0,1,0.0,1.0,0.0,0.0,-1667497.349091962,66350.81323750316,0.42385896887130753,-66350.81323750316,-0.42385896887130753,156539.83544146415,0.0,0.0,0.3593266138281756,0.026335029053937586,0.0647764424986642,0.026335029053937586,0.00030852586329472133,0.06,1.0,-0.06453235504313191,-0.05610514574587189,-0.008427209297260027,24.0,4.8,0.02399731464785959,1.0,17468.896237499997,-17468.896237499997,0.0,17468.896237499997,0.0,93.16744659999999,0.63457,0.1875,-93.16744659999999,-40658.30040000379,-91284.87142773018,0.0,-0.0,-1297513.5971454096,0.0,-0.0,-9878307.355642319,-60000.0,60000.0,-352646.5502381325,0.0,-0.0,-353624.9840801954,0.0,-0.0,18533611.532599997,108881.91700000316,-108881.91700000316,-8227731.523158174,17468.896237499997,-17468.896237499997,0.5076536536216736,0.8351454138755798,0.5188761949539185,0.4090435802936554,8351454.0,268.7021789550781,457.0357666015625,298.9465637207031,-150000000.0,0.0,0.0,-93167448.0,0.0,0.0,-0.0,-0.0,243167440.0,-0.0,0.0,0.85,1.0,-1.0,1.0,False,True,False,,0,0
601200.0,166,0.400304851693957,False,False,ok,,,True,1.0,0.0,1,0.0,1.0,0.0,0.0,-1661814.0937519614,74183.86375624692,0.47389767305579494,-74183.86375624692,-0.47389767305579494,156539.83544146415,0.0,0.0,0.400304851693957,0.02896055734018166,0.06740197078490827,0.02896055734018166,0.00039342156618756084,0.06,1.0,-0.0735928213618379,-0.06432544301297977,-0.009267378348858131,24.5,4.9,0.026335029053937586,1.0,12600.14045625,-12600.14045625,0.0,12600.14045625,0.0,67.2007491,0.63457,0.1875,-67.2007491,-55900.46795999631,-91284.87142773018,0.0,-0.0,-1297513.5971454096,0.0,-0.0,-9938307.355642319,-60000.0,60000.0,-352646.5502381325,0.0,-0.0,-353624.9840801954,0.0,-0.0,18655195.255899984,121583.72329998761,-121583.72329998761,-8283631.99111817,12600.14045625,-12600.14045625,0.5076536536216736,0.8325198888778687,0.5188761949539185,0.4090435802936554,8325199.0,267.8574523925781,457.0357666015625,298.9465637207031,-150000000.0,0.0,0.0,-67200752.0,0.0,0.0,-0.0,-0.0,217200752.0,-0.0,0.0,0.85,1.0,-1.0,1.0,False,True,False,,0,0
604800.0,167,15.317254476591618,False,True,ok,,,True,1.0,0.0,1,0.0,1.0,0.0,0.0,-1653534.1686619613,62258.63750624983,0.39771753516075825,-62258.63750624983,-0.39771753516075825,156539.83544146415,0.0,15.0,15.317254476591618,0.031772393051883174,0.07021380649660978,0.031772393051883174,0.0004996304404284546,0.06,1.0,-0.08046305856914052,-0.0702958927925379,-0.010167165776602616,25.0,5.0,0.02896055734018166,1.0,13658.262956249997,-13658.262956249997,0.0,13658.262956249997,0.0,72.84406909999998,0.63457,0.1875,-72.84406909999998,-40320.4494599998,-91284.87142773018,0.0,-0.0,-1297513.5971454096,0.0,-0.0,-9998307.355642319,-60000.0,60000.0,-352646.5502381325,0.0,-0.0,-353624.9840801954,0.0,-0.0,18763795.630449984,108600.37454999983,-108600.37454999983,-8323952.44057817,13658.262956249997,-13658.262956249997,0.5076536536216736,0.8297080397605896,0.5188761949539185,0.4090435802936554,8297080.5,266.9527587890625,457.0357666015625,298.9465637207031,-150000000.0,0.0,0.0,-72844072.0,0.0,0.0,-0.0,-0.0,222844064.0,-0.0,0.0,0.85,1.0,-1.0,1.0,False,True,False,,0,0
