time,value
0.0,264.92417
3600.0,264.92417
7200.0,264.92417
10800.0,264.92417
14400.0,264.92417
18000.0,264.92417
21600.0,264.92417
25200.0,264.92417
28800.0,264.92417
32400.0,264.92417
36000.0,264.92417
39600.0,264.92417
43200.0,264.92417
46800.0,264.92417
50400.0,264.92417
54000.0,264.92417
57600.0,264.92417
61200.0,264.92417
64800.0,264.92417
68400.0,264.92417
72000.0,264.92417
75600.0,264.92417
79200.0,264.92417
82800.0,264.92417
86400.0,262.4
90000.0,262.45
93600.0,262.07
97200.0,261.73
100800.0,262.21
104400.0,262.44
108000.0,261.87
111600.0,261.31
115200.0,263.2
118800.0,265.66
122400.0,267.8
126000.0,269.25
129600.0,270.06
133200.0,270.34
136800.0,269.95
140400.0,268.7
144000.0,267.38
147600.0,266.52
151200.0,265.41
154800.0,265.33
158400.0,264.69
162000.0,263.7
165600.0,262.41
169200.0,261.3
172800.0,260.48
176400.0,259.73
180000.0,259.12
183600.0,258.59
187200.0,258.18
190800.0,258.09
194400.0,258.19
198000.0,258.56
201600.0,260.7
205200.0,263.6
208800.0,265.91
212400.0,267.34
216000.0,268.42
219600.0,269.2
223200.0,269.7
226800.0,269.34
230400.0,267.62
234000.0,266.72
237600.0,266.05
241200.0,265.44
244800.0,265.05
248400.0,264.55
252000.0,263.76
255600.0,262.77
259200.0,261.7
262800.0,260.87
266400.0,260.26
270000.0,259.73
273600.0,259.47
277200.0,259.35
280800.0,259.17
284400.0,259.26
288000.0,261.93
291600.0,264.77
295200.0,268
298800.0,270.09
302400.0,271.45
306000.0,272.07
309600.0,271.93
313200.0,270.59
316800.0,266.92
320400.0,264.97
324000.0,263.55
327600.0,262.52
331200.0,261.98
334800.0,261.92
338400.0,261.72
342000.0,261.33
345600.0,261.05
349200.0,260.91
352800.0,260.73
356400.0,260.55
360000.0,260.44
363600.0,260.41
367200.0,260.31
370800.0,260.26
374400.0,261.91
378000.0,264.41
381600.0,266.97
385200.0,268.78
388800.0,270.38
392400.0,271.8
396000.0,272.52
399600.0,271.66
403200.0,269.14
406800.0,267.95
410400.0,266.76
414000.0,265.28
417600.0,263.89
421200.0,262.88
424800.0,262.1
428400.0,261.38
432000.0,260.83
435600.0,260.45
439200.0,260.28
442800.0,260.2
446400.0,260.12
450000.0,260.4
453600.0,260.78
457200.0,261.53
460800.0,263.64
464400.0,266.25
468000.0,268.81
471600.0,270.58
475200.0,272.35
478800.0,273.7
482400.0,274.13
486000.0,273.24
489600.0,271.3
493200.0,269.79
496800.0,268.45
500400.0,267.34
504000.0,266.48
507600.0,266.03
511200.0,265.91
514800.0,265.6
518400.0,264.64
522000.0,263.77
525600.0,263.07
529200.0,262.48
532800.0,262.23
536400.0,262.47
540000.0,263.23
543600.0,264.17
547200.0,265.77
550800.0,268.09
554400.0,270.66
558000.0,272.96
561600.0,274.55
565200.0,275.49
568800.0,275.55
572400.0,273.55
576000.0,270.92
579600.0,269.35
583200.0,267.97
586800.0,266.95
590400.0,266.42
594000.0,265.99
597600.0,265.36
601200.0,264.91
604800.0,265.09097
608400.0,264.44277
612000.0,264.45791
615600.0,263.43265
619200.0,264.02462
622800.0,263.44468
626400.0,263.35909
630000.0,263.95744
633600.0,265.32558
637200.0,268.10554
640800.0,270.80504
644400.0,272.42022
648000.0,273.79449
651600.0,273.86942
655200.0,272.1172
658800.0,271.13233
662400.0,267.97695
666000.0,268.88658
669600.0,266.72711
673200.0,268.56498
676800.0,266.86306
680400.0,266.13563
684000.0,266.37619
687600.0,263.83042
691200.0,264.16768
694800.0,262.60067
698400.0,261.50418
702000.0,262.83979
705600.0,261.95836
709200.0,263.54413
712800.0,264.11082
716400.0,263.64318
720000.0,266.38951
723600.0,267.09124
727200.0,270.15958
730800.0,273.09144
734400.0,273.2609
738000.0,272.64205
741600.0,271.09538
745200.0,269.74456
748800.0,267.89518
752400.0,266.68553
756000.0,265.33786
759600.0,264.50102
763200.0,263.35622
766800.0,261.47273
770400.0,260.45325
774000.0,259.99708
777600.0,260.37805
781200.0,258.94593
784800.0,258.57368
788400.0,258.13172
792000.0,258.73909
795600.0,258.12504
799200.0,258.01135
802800.0,258.08246
806400.0,261.04325
810000.0,263.30168
813600.0,265.38834
817200.0,265.66902
820800.0,267.94398
824400.0,266.90513
828000.0,267.03406
831600.0,266.54957
835200.0,264.0309
838800.0,261.84493
842400.0,261.41415
846000.0,259.89814
849600.0,261.04544
853200.0,260.79326
856800.0,259.93644
860400.0,259.2021
864000.0,258.31763
867600.0,259.38656
871200.0,258.27745
874800.0,257.10129
878400.0,257.85599
882000.0,258.01645
885600.0,258.0423
889200.0,258.58897
892800.0,259.87748
896400.0,261.33064
900000.0,262.97593
903600.0,263.94592
907200.0,265.80977
910800.0,266.69429
914400.0,266.14231
918000.0,265.30676
921600.0,263.95632
925200.0,263.514
928800.0,263.50424
932400.0,263.22426
936000.0,261.94279
939600.0,261.10264
943200.0,260.99784
946800.0,260.01534
950400.0,259.35196
954000.0,259.74132
957600.0,259.74079
961200.0,259.5938
964800.0,259.01216
968400.0,259.28705
972000.0,258.79528
975600.0,258.40526
979200.0,259.90132
982800.0,262.3048
986400.0,264.7129
990000.0,266.31304
993600.0,267.66291
997200.0,267.00706
1000800.0,266.42869
1004400.0,265.96868
1008000.0,264.41541
1011600.0,263.79813
1015200.0,261.93737
1018800.0,261.42524
1022400.0,260.58247
1026000.0,260.69375
1029600.0,259.76548
1033200.0,258.57992
1036800.0,258.79777
1040400.0,258.37747
1044000.0,257.95649
1047600.0,257.05975
1051200.0,256.13077
1054800.0,255.31979
1058400.0,255.14988
1062000.0,255.1986
1065600.0,258.72717
1069200.0,261.34285
1072800.0,262.67766
1076400.0,264.29373
1080000.0,265.81111
1083600.0,266.00526
1087200.0,266.54974
1090800.0,264.95266
1094400.0,262.01073
1098000.0,260.40991
1101600.0,260.17488
1105200.0,260.37677
1108800.0,259.92176
1112400.0,260.40365
1116000.0,260.2678
1119600.0,259.91758
1123200.0,259.94023
1126800.0,260.09828
1130400.0,260.21463
1134000.0,260.05046
1137600.0,260.53599
1141200.0,260.66682
1144800.0,260.9638
1148400.0,261.54754
1152000.0,264.1455
1155600.0,267.2402
1159200.0,269.74786
1162800.0,270.70175
1166400.0,269.85716
1170000.0,270.21272
1173600.0,269.36843
1177200.0,267.93839
1180800.0,265.47552
1184400.0,263.96273
1188000.0,263.96858
1191600.0,263.24603
1195200.0,263.58149
1198800.0,263.14727
1202400.0,261.34633
1206000.0,261.21591
1209600.0,261.98253
1213200.0,260.83862
1216800.0,260.61317
1220400.0,261.53203
1224000.0,259.94498
1227600.0,260.82561
1231200.0,260.20505
1234800.0,260.99683
1238400.0,260.30402
1242000.0,260.87758
1245600.0,262.72696
1249200.0,262.77474
1252800.0,260.37882
1256400.0,262.06299
1260000.0,261.76685
1263600.0,259.81229
1267200.0,262.89142
1270800.0,262.64107
1274400.0,259.96271
1278000.0,259.73884
1281600.0,257.81252
1285200.0,258.87146
1288800.0,258.17499
1292400.0,258.97742
1296000.0,256.87392
1299600.0,255.90854
1303200.0,255.528
1306800.0,255.63488
1310400.0,255.34368
1314000.0,254.94884
1317600.0,254.86791
1321200.0,254.75866
1324800.0,256.0977
1328400.0,257.58112
1332000.0,259.34032
1335600.0,259.76452
1339200.0,260.19361
1342800.0,261.05812
1346400.0,260.67614
1350000.0,260.99281
1353600.0,259.16733
1357200.0,258.6769
1360800.0,258.4266
1364400.0,258.34742
1368000.0,258.14578
1371600.0,259.00314
1375200.0,257.79853
1378800.0,256.83508
1382400.0,256.76592
1386000.0,256.50859
1389600.0,256.08539
1393200.0,255.36922
1396800.0,255.11907
1400400.0,254.56499
1404000.0,254.65429
1407600.0,254.95031
1411200.0,257.33579
1414800.0,261.54885
1418400.0,263.06652
1422000.0,265.23903
1425600.0,267.71754
1429200.0,267.37147
1432800.0,269.12109
1436400.0,267.30116
1440000.0,264.34513
1443600.0,263.01423
1447200.0,261.8405
1450800.0,262.11344
1454400.0,260.57856
1458000.0,260.88831
1461600.0,260.84257
1465200.0,260.63055
1468800.0,260.34116
1472400.0,260.20342
1476000.0,258.5838
1479600.0,258.63085
1483200.0,258.22948
1486800.0,258.27004
1490400.0,258.39594
1494000.0,258.19411
1497600.0,261.5299
1501200.0,264.81037
1504800.0,268.57987
1508400.0,271.32165
1512000.0,273.22006
1515600.0,273.75736
1519200.0,272.49338
1522800.0,269.72336
1526400.0,266.31233
1530000.0,264.41718
1533600.0,263.28979
1537200.0,263.00788
1540800.0,262.70179
1544400.0,262.30064
1548000.0,261.75766
1551600.0,261.53375
1555200.0,262.05
1558800.0,261.95652
1562400.0,261.35634
1566000.0,260.77872
1569600.0,260.68211
1573200.0,260.13741
1576800.0,260.38687
1580400.0,259.84344
1584000.0,261.65791
1587600.0,265.05046
1591200.0,268.58202
1594800.0,270.04348
1598400.0,271.97933
1602000.0,272.00323
1605600.0,270.57768
1609200.0,268.89189
1612800.0,266.53159
1616400.0,264.95945
1620000.0,264.35403
1623600.0,263.67096
1627200.0,263.36788
1630800.0,263.95747
1634400.0,263.17457
1638000.0,263.62659
1641600.0,263.50757
1645200.0,262.41323
1648800.0,261.6937
1652400.0,261.88101
1656000.0,262.08348
1659600.0,262.05006
1663200.0,261.92373
1666800.0,262.74396
1670400.0,263.2243
1674000.0,265.34712
1677600.0,267.84688
1681200.0,269.27151
1684800.0,268.76577
1688400.0,267.61585
1692000.0,267.77223
1695600.0,266.77164
1699200.0,264.87167
1702800.0,262.42275
1706400.0,261.85
1710000.0,261.64895
1713600.0,261.16177
1717200.0,261.38856
1720800.0,262.15067
1724400.0,262.89317
1728000.0,262.58607
1731600.0,262.66124
1735200.0,262.13606
1738800.0,261.99286
1742400.0,261.47898
1746000.0,260.9082
1749600.0,260.79061
1753200.0,260.82731
1756800.0,264.42473
1760400.0,266.19297
1764000.0,268.23265
1767600.0,269.09898
1771200.0,268.92434
1774800.0,269.78464
1778400.0,268.64799
1782000.0,268.22739
1785600.0,265.76416
1789200.0,265.23798
1792800.0,265.15295
1796400.0,264.99097
1800000.0,264.18174
1803600.0,264.10412
1807200.0,262.97405
1810800.0,261.9585
1814400.0,260.97732
1818000.0,260.88267
1821600.0,261.72982
1825200.0,261.38156
1828800.0,262.04085
1832400.0,262.21583
1836000.0,261.84275
1839600.0,261.70762
1843200.0,263.87169
1846800.0,266.56637
1850400.0,269.88802
1854000.0,274.18276
1857600.0,274.92724
1861200.0,274.96024
1864800.0,275.34966
1868400.0,272.8497
1872000.0,270.56005
1875600.0,269.74962
1879200.0,268.75829
1882800.0,267.03069
1886400.0,266.04889
1890000.0,265.82221
1893600.0,265.77255
1897200.0,264.35073
1900800.0,263.49589
1904400.0,262.91842
1908000.0,262.41926
1911600.0,262.40251
1915200.0,261.7198
1918800.0,260.88066
1922400.0,260.18214
1926000.0,260.46109
1929600.0,263.39103
1933200.0,266.01876
1936800.0,268.22206
1940400.0,268.33319
1944000.0,270.78753
1947600.0,271.06378
1951200.0,271.66248
1954800.0,271.23158
1958400.0,268.39552
1962000.0,267.6159
1965600.0,267.74442
1969200.0,267.53285
1972800.0,266.50756
1976400.0,266.1973
1980000.0,265.79185
1983600.0,265.81137
1987200.0,265.70043
1990800.0,265.00518
1994400.0,266.12867
1998000.0,264.46955
2001600.0,262.8977
2005200.0,263.05875
2008800.0,261.45683
2012400.0,261.12866
2016000.0,263.72321
2019600.0,265.73834
2023200.0,267.89168
2026800.0,269.20162
2030400.0,270.11391
2034000.0,269.54321
2037600.0,271.0916
2041200.0,270.54322
2044800.0,269.83561
2048400.0,268.26954
2052000.0,267.76903
2055600.0,266.32645
2059200.0,266.78853
2062800.0,266.25417
2066400.0,265.97734
2070000.0,263.66889
2073600.0,263.18308
2077200.0,263.35327
2080800.0,261.68579
2084400.0,260.32678
2088000.0,259.3471
2091600.0,259.86432
2095200.0,259.87157
2098800.0,260.00865
2102400.0,261.85272
2106000.0,264.77938
2109600.0,266.82205
2113200.0,267.8987
2116800.0,269.02626
2120400.0,269.04853
2124000.0,268.88418
2127600.0,267.66115
2131200.0,264.77832
2134800.0,263.6871
2138400.0,262.45105
2142000.0,261.01319
2145600.0,259.98841
2149200.0,259.24426
2152800.0,259.0871
2156400.0,258.94033
2160000.0,257.76111
2163600.0,257.2822
2167200.0,257.2582
2170800.0,256.88742
2174400.0,256.9786
2178000.0,257.12583
2181600.0,257.34695
2185200.0,257.41063
2188800.0,259.80879
2192400.0,263.37459
2196000.0,265.54879
2199600.0,267.0794
2203200.0,267.89488
2206800.0,269.23742
2210400.0,267.97326
2214000.0,266.19
2217600.0,264.17078
2221200.0,261.58861
2224800.0,261.26777
2228400.0,261.34431
2232000.0,261.38673
2235600.0,259.31094
2239200.0,258.34698
2242800.0,257.77525
2246400.0,257.40436
2250000.0,257.52442
2253600.0,257.46719
2257200.0,257.2743
2260800.0,256.3084
2264400.0,256.64759
2268000.0,256.33725
2271600.0,256.64368
2275200.0,259.73695
2278800.0,262.56748
2282400.0,265.97856
2286000.0,267.5
2289600.0,268.39145
2293200.0,268.5342
2296800.0,268.54127
2300400.0,267.37809
2304000.0,264.64466
2307600.0,263.04558
2311200.0,261.10811
2314800.0,259.4626
2318400.0,259.07701
2322000.0,258.45178
2325600.0,258.43211
2329200.0,258.29063
2332800.0,258.04733
2336400.0,257.96043
2340000.0,257.84335
2343600.0,257.48252
2347200.0,257.56312
2350800.0,258.00604
2354400.0,257.96062
2358000.0,257.55511
2361600.0,260.75268
2365200.0,262.51825
2368800.0,264.51423
2372400.0,266.18691
2376000.0,267.68836
2379600.0,267.75182
2383200.0,268.17024
2386800.0,266.8678
2390400.0,262.99855
2394000.0,261.81097
2397600.0,261.18965
2401200.0,260.81155
2404800.0,261.04812
2408400.0,261.20531
2412000.0,260.55146
2415600.0,259.61668
2419200.0,259.01259
2422800.0,258.60511
2426400.0,258.56012
2430000.0,258.2165
2433600.0,259.35973
2437200.0,260.14225
2440800.0,259.50421
2444400.0,258.59548
2448000.0,259.02621
2451600.0,262.14496
2455200.0,264.78379
2458800.0,267.71253
2462400.0,267.64345
2466000.0,268.24191
2469600.0,268.60504
2473200.0,268.43289
2476800.0,265.82838
2480400.0,264.57649
2484000.0,263.66745
2487600.0,262.36579
2491200.0,261.25403
2494800.0,261.56754
2498400.0,260.2958
2502000.0,260.21282
2505600.0,260.81416
2509200.0,260.81912
2512800.0,259.51911
2516400.0,258.90517
2520000.0,259.60109
2523600.0,259.90381
2527200.0,258.31165
2530800.0,257.55842
2534400.0,258.82479
2538000.0,261.23982
2541600.0,264.47242
2545200.0,266.66708
2548800.0,269.3347
2552400.0,270.93543
2556000.0,271.49293
2559600.0,269.54907
2563200.0,265.82853
2566800.0,264.69111
2570400.0,263.91645
2574000.0,263.16593
2577600.0,262.20442
2581200.0,261.83431
2584800.0,261.43079
2588400.0,260.96824
2592000.0,260.3325
2595600.0,259.45584
2599200.0,258.79365
2602800.0,258.86343
2606400.0,257.92853
2610000.0,257.37544
2613600.0,258.48667
2617200.0,259.20171
2620800.0,261.03497
2624400.0,263.47212
2628000.0,266.7789
2631600.0,269.48572
2635200.0,271.15356
2638800.0,272.0894
2642400.0,272.0939
2646000.0,269.96858
2649600.0,266.7715
2653200.0,265.85722
2656800.0,263.85231
2660400.0,262.30705
2664000.0,261.40525
2667600.0,260.67803
2671200.0,260.11746
2674800.0,259.41368
2678400.0,259.51387
2682000.0,259.3234
2685600.0,259.693
2689200.0,259.72335
2692800.0,259.73759
2696400.0,259.67811
2700000.0,259.91652
2703600.0,259.18072
2707200.0,262.3244
2710800.0,264.13542
2714400.0,267.0361
2718000.0,269.04183
2721600.0,270.78881
2725200.0,271.80641
2728800.0,271.18069
2732400.0,268.91108
2736000.0,265.98346
2739600.0,264.56001
2743200.0,263.83385
2746800.0,262.48154
2750400.0,262.28501
2754000.0,262.04501
2757600.0,260.93759
2761200.0,260.10506
2764800.0,260.20109
2768400.0,260.37367
2772000.0,259.80854
2775600.0,260.03742
2779200.0,258.847
2782800.0,258.63347
2786400.0,258.79728
2790000.0,259.45428
2793600.0,261.40829
2797200.0,263.32086
2800800.0,265.56851
2804400.0,268.99008
2808000.0,271.20246
2811600.0,272.13912
2815200.0,271.87225
2818800.0,271.128
2822400.0,267.77779
2826000.0,266.09984
2829600.0,265.59695
2833200.0,264.48289
2836800.0,263.84008
2840400.0,263.34999
2844000.0,262.44743
2847600.0,261.18978
2851200.0,260.5089
2854800.0,261.05958
2858400.0,261.90958
2862000.0,261.79052
2865600.0,261.50522
2869200.0,261.33015
2872800.0,261.39179
2876400.0,262.13322
2880000.0,263.67378
2883600.0,266.44488
2887200.0,269.0502
2890800.0,270.43211
2894400.0,271.83513
2898000.0,272.75873
2901600.0,272.4565
2905200.0,270.76018
2908800.0,266.80676
2912400.0,264.96836
2916000.0,263.89174
2919600.0,263.52628
2923200.0,262.8424
2926800.0,262.47695
2930400.0,262.38292
2934000.0,261.34436
2937600.0,261.37441
2941200.0,260.96226
2944800.0,260.776
2948400.0,261.78722
2952000.0,261.59654
2955600.0,261.74476
2959200.0,261.54781
2962800.0,260.78045
2966400.0,262.07938
2970000.0,264.91317
2973600.0,268.06344
2977200.0,271.84143
2980800.0,273.44715
2984400.0,274.26717
2988000.0,273.6307
2991600.0,271.47037
2995200.0,267.35968
2998800.0,264.56188
3002400.0,264.59888
3006000.0,263.5909
3009600.0,262.55041
3013200.0,262.91566
3016800.0,262.19476
3020400.0,262.45239
3024000.0,262.51357
3027600.0,262.74991
3031200.0,262.19594
3034800.0,262.97434
3038400.0,262.23844
3042000.0,262.25087
3045600.0,262.62487
3049200.0,262.24991
3052800.0,263.11037
3056400.0,265.30963
3060000.0,269.12163
3063600.0,271.31065
3067200.0,272.72092
3070800.0,271.96469
3074400.0,270.14401
3078000.0,269.73483
3081600.0,268.5268
3085200.0,268.27111
3088800.0,268.35892
3092400.0,268.24273
3096000.0,267.96025
3099600.0,266.79758
3103200.0,265.73297
3106800.0,264.55588
3110400.0,263.55901
3114000.0,262.81701
3117600.0,261.71535
3121200.0,260.5966
3124800.0,260.93842
3128400.0,262.3772
3132000.0,261.54288
3135600.0,260.90459
3139200.0,264.49913
3142800.0,267.03222
3146400.0,272.31589
3150000.0,274.70389
3153600.0,276.22634
3157200.0,276.30682
3160800.0,276.34005
3164400.0,274.7184
3168000.0,271.03847
3171600.0,269.33782
3175200.0,268.89477
3178800.0,268.22379
3182400.0,267.5874
3186000.0,267.5275
3189600.0,266.72224
3193200.0,265.98446
3196800.0,266.99895
3200400.0,267.66315
3204000.0,267.14419
3207600.0,267.13766
3211200.0,267.25401
3214800.0,266.58139
3218400.0,265.92625
3222000.0,265.93534
3225600.0,267.213
3229200.0,269.56635
3232800.0,271.55721
3236400.0,274.53837
3240000.0,276.6149
3243600.0,278.68532
3247200.0,278.24468
3250800.0,275.618
3254400.0,273.79835
3258000.0,271.13772
3261600.0,270.67022
3265200.0,269.74798
3268800.0,269.76031
3272400.0,270.46589
3276000.0,270.32724
3279600.0,268.75501
3283200.0,268.17634
3286800.0,268.00593
3290400.0,267.00427
3294000.0,266.45942
3297600.0,266.22008
3301200.0,266.76515
3304800.0,267.23366
3308400.0,265.79045
3312000.0,269.28135
3315600.0,271.04295
3319200.0,273.04494
3322800.0,273.97199
3326400.0,275.06251
3330000.0,276.04441
3333600.0,276.74591
3337200.0,274.31231
3340800.0,272.42126
3344400.0,271.71672
3348000.0,272.23246
3351600.0,271.95268
3355200.0,271.52304
3358800.0,271.5387
3362400.0,271.13917
3366000.0,270.55177
3369600.0,269.04385
3373200.0,267.94084
3376800.0,267.23936
3380400.0,267.18558
3384000.0,266.79042
3387600.0,265.82517
3391200.0,265.31914
3394800.0,265.3477
3398400.0,267.97559
3402000.0,270.76443
3405600.0,272.10985
3409200.0,274.98083
3412800.0,276.14112
3416400.0,276.50759
3420000.0,276.82726
3423600.0,275.15786
3427200.0,274.08749
3430800.0,274.30412
3434400.0,274.18732
3438000.0,273.1618
3441600.0,272.14505
3445200.0,271.74058
3448800.0,271.51428
3452400.0,270.30212
3456000.0,270.51908
3459600.0,269.50687
3463200.0,268.18483
3466800.0,268.05294
3470400.0,266.55521
3474000.0,266.9415
3477600.0,266.00385
3481200.0,264.78317
3484800.0,267.89997
3488400.0,271.44842
3492000.0,273.00679
3495600.0,274.02925
3499200.0,276.13501
3502800.0,277.11451
3506400.0,277.52045
3510000.0,274.60532
3513600.0,272.77524
3517200.0,272.3203
3520800.0,271.00666
3524400.0,271.52475
3528000.0,271.3017
3531600.0,271.10369
3535200.0,271.00241
3538800.0,270.78018
3542400.0,270.3124
3546000.0,270.27261
3549600.0,269.19123
3553200.0,268.39562
3556800.0,267.67977
3560400.0,267.06407
3564000.0,266.9087
3567600.0,267.14938
3571200.0,268.30322
3574800.0,268.62059
3578400.0,271.344
3582000.0,274.22995
3585600.0,276.1016
3589200.0,275.99024
3592800.0,275.98119
3596400.0,274.15727
3600000.0,272.36445
3603600.0,271.64957
3607200.0,271.77475
3610800.0,271.32992
3614400.0,269.84768
3618000.0,268.8306
3621600.0,270.44273
3625200.0,270.05815
3628800.0,269.02882
3632400.0,267.49887
3636000.0,267.32723
3639600.0,267.41503
3643200.0,266.20275
3646800.0,265.19223
3650400.0,264.78948
3654000.0,265.41656
3657600.0,267.43788
3661200.0,268.88769
3664800.0,272.26075
3668400.0,275.44113
3672000.0,274.98789
3675600.0,273.38544
3679200.0,274.22195
3682800.0,273.05305
3686400.0,270.86451
3690000.0,269.27255
3693600.0,267.28592
3697200.0,269.1249
3700800.0,268.86374
3704400.0,267.68565
3708000.0,268.24081
3711600.0,267.3641
3715200.0,264.93255
3718800.0,265.30363
3722400.0,264.30903
3726000.0,263.38787
3729600.0,262.33806
3733200.0,262.02299
3736800.0,261.34441
3740400.0,260.33416
3744000.0,261.08742
3747600.0,262.28538
3751200.0,263.34898
3754800.0,263.64078
3758400.0,264.73739
3762000.0,265.09696
3765600.0,265.01868
3769200.0,264.018
3772800.0,263.10102
3776400.0,262.1884
3780000.0,260.79331
3783600.0,260.19205
3787200.0,258.94178
3790800.0,257.80485
3794400.0,257.46642
3798000.0,256.01754
3801600.0,256.30318
3805200.0,258.0141
3808800.0,258.24713
3812400.0,257.61298
3816000.0,256.20345
3819600.0,257.04164
3823200.0,256.456
3826800.0,255.92887
3830400.0,257.41831
3834000.0,259.68414
3837600.0,260.50147
3841200.0,262.44964
3844800.0,263.30937
3848400.0,263.41352
3852000.0,263.74964
3855600.0,262.05804
3859200.0,260.57361
3862800.0,259.11045
3866400.0,257.71898
3870000.0,257.24159
3873600.0,257.22144
3877200.0,257.22848
3880800.0,256.61848
3884400.0,256.37637
3888000.0,256.22185
3891600.0,254.99308
3895200.0,254.65284
3898800.0,254.06214
3902400.0,254.01212
3906000.0,254.43517
3909600.0,253.72394
3913200.0,254.21734
3916800.0,257.26442
3920400.0,260.22209
3924000.0,262.59368
3927600.0,264.65358
3931200.0,265.4727
3934800.0,265.71496
3938400.0,265.30515
3942000.0,264.02989
3945600.0,261.75919
3949200.0,260.25478
3952800.0,259.34482
3956400.0,258.47864
3960000.0,258.25524
3963600.0,258.84561
3967200.0,258.9014
3970800.0,258.26946
3974400.0,257.2984
3978000.0,256.75358
3981600.0,255.33823
3985200.0,255.22661
3988800.0,256.35523
3992400.0,258.07305
3996000.0,258.88146
3999600.0,258.29953
4003200.0,260.33994
4006800.0,263.99157
4010400.0,265.97573
4014000.0,266.74494
4017600.0,267.39285
4021200.0,266.50839
4024800.0,265.85843
4028400.0,264.4876
4032000.0,262.38532
4035600.0,261.6736
4039200.0,261.59908
4042800.0,260.49951
4046400.0,259.40063
4050000.0,259.36572
4053600.0,259.25273
4057200.0,258.71272
4060800.0,258.85387
4064400.0,258.65962
4068000.0,258.55137
4071600.0,258.04327
4075200.0,258.16692
4078800.0,257.69665
4082400.0,257.63849
4086000.0,258.76802
4089600.0,261.9438
4093200.0,264.29938
4096800.0,265.61987
4100400.0,267.22254
4104000.0,267.27798
4107600.0,267.01447
4111200.0,266.53638
4114800.0,265.16776
4118400.0,263.55058
4122000.0,261.58801
4125600.0,261.41671
4129200.0,261.08531
4132800.0,261.02132
4136400.0,260.62107
4140000.0,259.84394
4143600.0,258.96209
4147200.0,258.09807
4150800.0,257.4627
4154400.0,256.79162
4158000.0,256.51816
4161600.0,256.32563
4165200.0,256.88323
4168800.0,256.64075
4172400.0,257.60247
4176000.0,260.02971
4179600.0,263.30319
4183200.0,265.58435
4186800.0,267.29176
4190400.0,267.88853
4194000.0,267.92345
4197600.0,267.32478
4201200.0,266.77377
4204800.0,265.0139
4208400.0,263.8992
4212000.0,263.05712
4215600.0,262.40236
4219200.0,262.54536
4222800.0,262.82439
4226400.0,263.35619
4230000.0,262.52669
4233600.0,261.4312
4237200.0,259.95404
4240800.0,258.93122
4244400.0,258.15739
4248000.0,256.66998
4251600.0,255.90234
4255200.0,256.15339
4258800.0,256.857
4262400.0,259.73804
4266000.0,261.87508
4269600.0,262.9595
4273200.0,263.90167
4276800.0,264.34728
4280400.0,264.32604
4284000.0,263.40286
4287600.0,262.64252
4291200.0,260.69883
4294800.0,259.61315
4298400.0,259.01619
4302000.0,258.30237
4305600.0,259.02258
4309200.0,258.52116
4312800.0,258.58842
4316400.0,257.79362
4320000.0,256.56906
4323600.0,256.33835
4327200.0,256.69647
4330800.0,255.71911
4334400.0,256.23019
4338000.0,256.14528
4341600.0,254.95939
4345200.0,256.07237
4348800.0,257.32869
4352400.0,260.16341
4356000.0,263.27367
4359600.0,266.20779
4363200.0,268.75751
4366800.0,270.25663
4370400.0,270.1239
4374000.0,269.45268
4377600.0,266.5775
4381200.0,264.85646
4384800.0,264.37109
4388400.0,262.88637
4392000.0,262.20388
4395600.0,261.23271
4399200.0,260.16954
4402800.0,259.4119
4406400.0,258.7978
4410000.0,258.20232
4413600.0,257.38802
4417200.0,256.71173
4420800.0,255.91372
4424400.0,255.82634
4428000.0,256.71566
4431600.0,256.7279
4435200.0,260.86601
4438800.0,265.10006
4442400.0,267.88464
4446000.0,269.09013
4449600.0,269.91528
4453200.0,269.49223
4456800.0,268.37536
4460400.0,267.16907
4464000.0,264.76831
4467600.0,262.14482
4471200.0,260.76409
4474800.0,260.31762
4478400.0,259.42987
4482000.0,258.74928
4485600.0,258.7265
4489200.0,258.90046
4492800.0,257.76106
4496400.0,257.03455
4500000.0,256.49949
4503600.0,257.7464
4507200.0,258.08888
4510800.0,257.59674
4514400.0,256.21824
4518000.0,257.53433
4521600.0,259.51581
4525200.0,264.07024
4528800.0,264.05271
4532400.0,265.73971
4536000.0,266.79585
4539600.0,264.77273
4543200.0,265.65439
4546800.0,263.88036
4550400.0,261.89995
4554000.0,261.33453
4557600.0,260.03049
4561200.0,258.98268
4564800.0,258.70837
4568400.0,257.43508
4572000.0,257.61764
4575600.0,256.59334
4579200.0,254.92144
4582800.0,254.39479
4586400.0,253.66432
4590000.0,252.52263
4593600.0,251.5492
4597200.0,250.93038
4600800.0,250.23594
4604400.0,251.35511
4608000.0,253.45472
4611600.0,255.07471
4615200.0,256.20534
4618800.0,257.37317
4622400.0,258.04371
4626000.0,258.45034
4629600.0,258.63551
4633200.0,257.77857
4636800.0,256.16773
4640400.0,256.32
4644000.0,255.14136
4647600.0,254.19244
4651200.0,252.86538
4654800.0,252.91516
4658400.0,251.81932
4662000.0,250.86906
4665600.0,250.25667
4669200.0,250.63335
4672800.0,251.76785
4676400.0,251.06304
4680000.0,251.00564
4683600.0,250.24008
4687200.0,250.67309
4690800.0,251.4441
4694400.0,253.59957
4698000.0,256.87263
4701600.0,258.69639
4705200.0,260.57284
4708800.0,262.47138
4712400.0,263.68684
4716000.0,263.42101
4719600.0,262.81167
4723200.0,259.51567
4726800.0,257.9575
4730400.0,257.12169
4734000.0,256.45088
4737600.0,256.15727
4741200.0,254.90731
4744800.0,254.4285
4748400.0,254.4989
4752000.0,254.50279
4755600.0,254.89904
4759200.0,255.18679
4762800.0,254.30255
4766400.0,253.57897
4770000.0,252.49841
4773600.0,252.77061
4777200.0,253.26867
4780800.0,255.32724
4784400.0,258.6242
4788000.0,263.69005
4791600.0,266.53324
4795200.0,267.69401
4798800.0,268.07959
4802400.0,267.0311
4806000.0,264.93704
4809600.0,262.20156
4813200.0,260.29589
4816800.0,259.64444
4820400.0,259.18592
4824000.0,258.76317
4827600.0,258.32231
4831200.0,257.09536
4834800.0,255.91933
4838400.0,255.52354
4842000.0,255.50078
4845600.0,254.8665
4849200.0,255.34211
4852800.0,254.95094
4856400.0,254.42372
4860000.0,254.46007
4863600.0,255.52709
4867200.0,259.20365
4870800.0,263.793
4874400.0,266.67881
4878000.0,267.41503
4881600.0,268.88623
4885200.0,268.19858
4888800.0,267.02024
4892400.0,266.1882
4896000.0,263.72693
4899600.0,261.95363
4903200.0,260.35305
4906800.0,259.44381
4910400.0,258.44075
4914000.0,257.78013
4917600.0,257.19094
4921200.0,256.25797
4924800.0,255.86039
4928400.0,255.92768
4932000.0,255.86329
4935600.0,254.6226
4939200.0,255.27557
4942800.0,254.45817
4946400.0,254.18455
4950000.0,255.25761
4953600.0,258.92234
4957200.0,261.53838
4960800.0,264.53551
4964400.0,266.96345
4968000.0,267.77433
4971600.0,268.41982
4975200.0,268.1281
4978800.0,267.48764
4982400.0,265.1421
4986000.0,262.83504
4989600.0,261.37484
4993200.0,260.02711
4996800.0,260.104
5000400.0,259.13799
5004000.0,259.5689
5007600.0,258.18946
5011200.0,257.32254
5014800.0,258.80005
5018400.0,259.23365
5022000.0,258.32813
5025600.0,257.2254
5029200.0,255.66589
5032800.0,257.15175
5036400.0,258.59861
5040000.0,261.01459
5043600.0,264.45203
5047200.0,269.03183
5050800.0,272.2942
5054400.0,273.16556
5058000.0,274.26686
5061600.0,273.32212
5065200.0,272.15711
5068800.0,268.52911
5072400.0,266.99215
5076000.0,265.0175
5079600.0,265.43016
5083200.0,265.18891
5086800.0,264.38189
5090400.0,263.27242
5094000.0,262.86426
5097600.0,262.56412
5101200.0,262.41756
5104800.0,262.4606
5108400.0,261.31794
5112000.0,260.55237
5115600.0,260.13086
5119200.0,259.48528
5122800.0,260.10356
5126400.0,262.88414
5130000.0,265.68435
5133600.0,270.01278
5137200.0,273.66152
5140800.0,275.8281
5144400.0,276.60451
5148000.0,276.39915
5151600.0,274.58476
5155200.0,271.06879
5158800.0,268.27854
5162400.0,267.10023
5166000.0,265.57965
5169600.0,265.57067
5173200.0,264.86259
5176800.0,263.79449
5180400.0,263.58209
5184000.0,264.01901
5187600.0,262.92561
5191200.0,262.1751
5194800.0,261.68366
5198400.0,260.82505
5202000.0,260.5534
5205600.0,260.47921
5209200.0,261.85581
5212800.0,265.00827
5216400.0,268.0501
5220000.0,272.13176
5223600.0,275.59147
5227200.0,278.06367
5230800.0,279.00635
5234400.0,278.40744
5238000.0,275.19732
5241600.0,272.6195
5245200.0,271.69643
5248800.0,269.98136
5252400.0,266.91826
5256000.0,265.40189
5259600.0,265.53051
5263200.0,265.68402
5266800.0,264.30833
5270400.0,264.74771
5274000.0,263.95113
5277600.0,263.42382
5281200.0,263.38375
5284800.0,263.74975
5288400.0,264.03605
5292000.0,263.66714
5295600.0,264.40056
5299200.0,268.10869
5302800.0,271.03794
5306400.0,272.5789
5310000.0,273.45809
5313600.0,274.08183
5317200.0,274.24943
5320800.0,273.22328
5324400.0,272.26948
5328000.0,270.52575
5331600.0,269.28894
5335200.0,268.84573
5338800.0,268.45773
5342400.0,267.7252
5346000.0,266.16363
5349600.0,265.37548
5353200.0,265.20566
5356800.0,265.24153
5360400.0,265.1194
5364000.0,264.40887
5367600.0,264.33176
5371200.0,264.59967
5374800.0,263.29466
5378400.0,262.43636
5382000.0,262.85494
5385600.0,265.70788
5389200.0,268.42728
5392800.0,269.67146
5396400.0,270.87482
5400000.0,271.4374
5403600.0,271.64858
5407200.0,271.48785
5410800.0,271.30016
5414400.0,270.98497
5418000.0,269.94844
5421600.0,268.64135
5425200.0,268.54467
5428800.0,267.61431
5432400.0,266.3343
5436000.0,266.6486
5439600.0,265.48986
5443200.0,265.04956
5446800.0,265.08563
5450400.0,265.7951
5454000.0,264.85724
5457600.0,264.10264
5461200.0,264.35172
5464800.0,265.55556
5468400.0,266.2327
5472000.0,266.4976
5475600.0,268.77361
5479200.0,271.45246
5482800.0,272.46031
5486400.0,273.49893
5490000.0,274.07367
5493600.0,273.65725
5497200.0,273.37095
5500800.0,270.81252
5504400.0,269.42346
5508000.0,269.22493
5511600.0,268.15218
5515200.0,268.43251
5518800.0,266.40436
5522400.0,264.20902
5526000.0,264.22453
5529600.0,264.10078
5533200.0,263.8549
5536800.0,263.89324
5540400.0,263.05195
5544000.0,263.1591
5547600.0,262.9725
5551200.0,262.05864
5554800.0,264.28192
5558400.0,267.15024
5562000.0,270.49978
5565600.0,272.34143
5569200.0,275.03322
5572800.0,276.10643
5576400.0,275.48613
5580000.0,275.29479
5583600.0,274.53414
5587200.0,271.58969
5590800.0,269.96008
5594400.0,269.72919
5598000.0,268.75236
5601600.0,268.12117
5605200.0,266.99266
5608800.0,265.9367
5612400.0,265.63077
5616000.0,266.71433
5619600.0,267.09459
5623200.0,266.33079
5626800.0,266.32149
5630400.0,264.59115
5634000.0,264.03326
5637600.0,264.21328
5641200.0,264.41936
5644800.0,265.97148
5648400.0,269.58268
5652000.0,272.02173
5655600.0,274.39964
5659200.0,276.27402
5662800.0,277.40595
5666400.0,277.55
5670000.0,276.22141
5673600.0,272.97224
5677200.0,272.15269
5680800.0,271.81818
5684400.0,271.96608
5688000.0,270.98433
5691600.0,271.24783
5695200.0,270.41818
5698800.0,269.7967
5702400.0,268.85819
5706000.0,268.11834
5709600.0,267.80657
5713200.0,266.62599
5716800.0,265.82965
5720400.0,264.80316
5724000.0,264.84301
5727600.0,266.59022
5731200.0,270.49274
5734800.0,272.97451
5738400.0,275.23975
5742000.0,277.92351
5745600.0,278.93986
5749200.0,279.11744
5752800.0,278.30182
5756400.0,276.55214
5760000.0,273.71152
5763600.0,272.93217
5767200.0,272.70614
5770800.0,270.67297
5774400.0,271.13443
5778000.0,271.25677
5781600.0,269.49217
5785200.0,269.35219
5788800.0,269.02267
5792400.0,268.25415
5796000.0,267.66695
5799600.0,266.80522
5803200.0,266.56416
5806800.0,266.38915
5810400.0,266.08697
5814000.0,266.06027
5817600.0,268.33761
5821200.0,271.12106
5824800.0,273.22365
5828400.0,274.90664
5832000.0,276.06203
5835600.0,276.79651
5839200.0,277.03603
5842800.0,275.93417
5846400.0,272.00647
5850000.0,270.38668
5853600.0,269.99855
5857200.0,270.35546
5860800.0,269.38234
5864400.0,270.12093
5868000.0,269.22732
5871600.0,269.59659
5875200.0,267.7327
5878800.0,267.22851
5882400.0,266.36513
5886000.0,265.89915
5889600.0,265.42339
5893200.0,264.65516
5896800.0,264.37355
5900400.0,265.7744
5904000.0,268.59622
5907600.0,271.89644
5911200.0,274.75263
5914800.0,276.13926
5918400.0,275.92941
5922000.0,276.58599
5925600.0,278.01802
5929200.0,277.9002
5932800.0,273.7367
5936400.0,271.72153
5940000.0,271.44681
5943600.0,271.05021
5947200.0,270.5544
5950800.0,270.00698
5954400.0,269.24649
5958000.0,268.33398
5961600.0,266.67354
5965200.0,265.21766
5968800.0,265.90574
5972400.0,264.46493
5976000.0,264.94829
5979600.0,265.71907
5983200.0,265.68799
5986800.0,267.02788
5990400.0,268.11053
5994000.0,270.76666
5997600.0,273.89446
6001200.0,274.73974
6004800.0,275.31108
6008400.0,276.20008
6012000.0,275.18077
6015600.0,274.02598
6019200.0,273.0589
6022800.0,272.61604
6026400.0,272.43809
6030000.0,271.79803
6033600.0,271.76266
6037200.0,270.33335
6040800.0,270.32632
6044400.0,270.21169
6048000.0,269.01412
6051600.0,267.26994
6055200.0,265.9461
6058800.0,265.3084
6062400.0,264.3829
6066000.0,264.8585
6069600.0,265.6366
6073200.0,266.70574
6076800.0,268.35647
6080400.0,269.88024
6084000.0,271.77767
6087600.0,273.42616
6091200.0,274.69276
6094800.0,276.12782
6098400.0,276.83026
6102000.0,276.76244
6105600.0,274.23449
6109200.0,272.73978
6112800.0,272.20112
6116400.0,270.18487
6120000.0,269.26898
6123600.0,268.75265
6127200.0,268.01002
6130800.0,267.54566
6134400.0,266.45214
6138000.0,266.17797
6141600.0,265.84745
6145200.0,265.79682
6148800.0,266.39828
6152400.0,264.6387
6156000.0,263.78506
6159600.0,264.54337
6163200.0,266.59569
6166800.0,268.4676
6170400.0,271.64071
6174000.0,273.45305
6177600.0,274.82826
6181200.0,276.22615
6184800.0,276.40328
6188400.0,275.8581
6192000.0,273.08475
6195600.0,271.52603
6199200.0,270.69215
6202800.0,270.88931
6206400.0,271.02157
6210000.0,270.56479
6213600.0,269.40699
6217200.0,268.22083
6220800.0,268.40282
6224400.0,267.16867
6228000.0,265.89865
6231600.0,266.15897
6235200.0,265.89941
6238800.0,267.23373
6242400.0,266.999
6246000.0,268.04583
6249600.0,268.72244
6253200.0,271.07136
6256800.0,273.21625
6260400.0,273.76845
6264000.0,276.49496
6267600.0,276.52821
6271200.0,275.77492
6274800.0,275.46856
6278400.0,272.40953
6282000.0,272.05361
6285600.0,272.18693
6289200.0,273.29761
6292800.0,272.10155
6296400.0,270.69098
6300000.0,269.1104
6303600.0,267.91538
6307200.0,266.65541
6310800.0,267.39236
6314400.0,265.24245
6318000.0,266.15778
6321600.0,265.62548
6325200.0,266.58023
6328800.0,266.4352
6332400.0,266.59965
6336000.0,267.91493
6339600.0,270.10396
6343200.0,270.58635
6346800.0,272.03324
6350400.0,273.70578
6354000.0,273.78474
6357600.0,274.07678
6361200.0,272.51453
6364800.0,271.22862
6368400.0,269.46558
6372000.0,268.87076
6375600.0,266.43571
6379200.0,266.17983
6382800.0,265.41885
6386400.0,264.59364
6390000.0,265.23411
6393600.0,264.02394
6397200.0,263.27537
6400800.0,261.88302
6404400.0,261.71193
6408000.0,262.28568
6411600.0,261.31009
6415200.0,261.86013
6418800.0,264.00943
6422400.0,267.52413
6426000.0,269.76146
6429600.0,271.41697
6433200.0,272.51667
6436800.0,272.2933
6440400.0,272.09289
6444000.0,272.28654
6447600.0,272.57932
6451200.0,271.93377
6454800.0,270.79894
6458400.0,270.54803
6462000.0,269.48712
6465600.0,268.9802
6469200.0,268.33216
6472800.0,267.86787
6476400.0,267.72032
6480000.0,266.61174
6483600.0,265.99258
6487200.0,266.50586
6490800.0,265.99919
6494400.0,266.08971
6498000.0,265.6328
6501600.0,265.65028
6505200.0,266.2703
6508800.0,267.36453
6512400.0,269.80945
6516000.0,271.59946
6519600.0,273.31008
6523200.0,273.14993
6526800.0,273.77268
6530400.0,273.4375
6534000.0,272.77353
6537600.0,272.02685
6541200.0,270.44403
6544800.0,269.45454
6548400.0,268.54604
6552000.0,268.02531
6555600.0,267.55936
6559200.0,267.14058
6562800.0,266.94041
6566400.0,266.76777
6570000.0,265.7557
6573600.0,265.78942
6577200.0,264.95985
6580800.0,265.42423
6584400.0,265.63465
6588000.0,265.7013
6591600.0,266.38814
6595200.0,268.25848
6598800.0,271.85445
6602400.0,273.90681
6606000.0,275.29213
6609600.0,276.0077
6613200.0,276.75186
6616800.0,277.46001
6620400.0,276.23963
6624000.0,273.09259
6627600.0,271.0652
6631200.0,271.12503
6634800.0,270.77975
6638400.0,270.49396
6642000.0,270.8654
6645600.0,270.65594
6649200.0,269.92908
6652800.0,269.30328
6656400.0,268.60689
6660000.0,268.39669
6663600.0,267.32899
6667200.0,267.57938
6670800.0,267.49246
6674400.0,266.87643
6678000.0,267.34898
6681600.0,269.79622
6685200.0,273.37556
6688800.0,275.77232
6692400.0,278.02542
6696000.0,278.16996
6699600.0,278.47853
6703200.0,278.15157
6706800.0,277.29549
6710400.0,273.1245
6714000.0,271.6531
6717600.0,272.47435
6721200.0,272.66761
6724800.0,271.66227
6728400.0,272.06945
6732000.0,272.33805
6735600.0,271.64769
6739200.0,270.56169
6742800.0,269.04777
6746400.0,267.68043
6750000.0,266.37691
6753600.0,267.0042
6757200.0,266.79796
6760800.0,266.25974
6764400.0,268.278
6768000.0,271.87231
6771600.0,273.98694
6775200.0,275.98694
6778800.0,276.60827
6782400.0,278.30914
6786000.0,276.52797
6789600.0,276.69939
6793200.0,274.74802
6796800.0,274.17313
6800400.0,273.53236
6804000.0,275.05255
6807600.0,273.459
6811200.0,271.08403
6814800.0,271.64147
6818400.0,271.74288
6822000.0,271.51667
6825600.0,268.90156
6829200.0,268.2233
6832800.0,266.81702
6836400.0,266.48958
6840000.0,265.44984
6843600.0,264.96548
6847200.0,264.90954
6850800.0,265.45733
6854400.0,267.29791
6858000.0,269.24194
6861600.0,271.34578
6865200.0,273.44968
6868800.0,274.3109
6872400.0,275.07947
6876000.0,275.32041
6879600.0,273.88938
6883200.0,272.62192
6886800.0,270.52273
6890400.0,269.56855
6894000.0,269.22886
6897600.0,268.77305
6901200.0,267.96582
6904800.0,266.68268
6908400.0,265.58072
6912000.0,264.6507
6915600.0,265.25174
6919200.0,266.47248
6922800.0,265.79184
6926400.0,265.50382
6930000.0,264.48376
6933600.0,264.05282
6937200.0,266.81458
6940800.0,269.58131
6944400.0,274.05237
6948000.0,277.22163
6951600.0,278.13525
6955200.0,278.60112
6958800.0,278.56157
6962400.0,279.18324
6966000.0,277.98851
6969600.0,273.3844
6973200.0,270.26276
6976800.0,270.74909
6980400.0,270.08686
6984000.0,271.03133
6987600.0,271.44642
6991200.0,271.25645
6994800.0,270.11673
6998400.0,270.0091
7002000.0,268.74994
7005600.0,267.52483
7009200.0,266.84639
7012800.0,265.93725
7016400.0,264.98987
7020000.0,265.34548
7023600.0,268.28948
7027200.0,270.47384
7030800.0,273.20924
7034400.0,275.38661
7038000.0,275.99272
7041600.0,276.1956
7045200.0,276.05048
7048800.0,276.49216
7052400.0,276.26725
7056000.0,274.44451
7059600.0,272.93124
7063200.0,272.5951
7066800.0,273.02314
7070400.0,273.15501
7074000.0,272.53526
7077600.0,272.20915
7081200.0,271.67496
7084800.0,271.0848
7088400.0,270.4786
7092000.0,269.96176
7095600.0,269.82114
7099200.0,269.10161
7102800.0,269.3394
7106400.0,269.20999
7110000.0,270.04319
7113600.0,271.3452
7117200.0,273.56181
7120800.0,276.105
7124400.0,278.0391
7128000.0,278.74489
7131600.0,279.65788
7135200.0,280.22806
7138800.0,280.56719
7142400.0,277.3406
7146000.0,275.30206
7149600.0,274.18124
7153200.0,274.0892
7156800.0,274.1601
7160400.0,273.92132
7164000.0,273.11412
7167600.0,272.8326
7171200.0,271.88102
7174800.0,271.60436
7178400.0,271.91403
7182000.0,271.96596
7185600.0,270.61432
7189200.0,270.84384
7192800.0,270.78019
7196400.0,273.09559
7200000.0,275.50514
7203600.0,278.93535
7207200.0,279.89187
7210800.0,281.35624
7214400.0,282.30051
7218000.0,281.21888
7221600.0,281.09896
7225200.0,279.7041
7228800.0,275.69219
7232400.0,274.57578
7236000.0,274.90158
7239600.0,276.43423
7243200.0,276.36628
7246800.0,276.61519
7250400.0,274.10055
7254000.0,273.71626
7257600.0,271.2494
7261200.0,272.96618
7264800.0,271.85952
7268400.0,272.48648
7272000.0,271.97596
7275600.0,271.16517
7279200.0,271.03541
7282800.0,272.93346
7286400.0,274.67291
7290000.0,275.19841
7293600.0,276.03303
7297200.0,276.85649
7300800.0,277.60591
7304400.0,277.86488
7308000.0,277.1081
7311600.0,275.82382
7315200.0,274.10858
7318800.0,272.7916
7322400.0,272.17045
7326000.0,272.469
7329600.0,272.4319
7333200.0,272.33749
7336800.0,272.52869
7340400.0,272.50475
7344000.0,272.02376
7347600.0,271.07274
7351200.0,270.90197
7354800.0,270.66063
7358400.0,270.5306
7362000.0,270.16391
7365600.0,269.04397
7369200.0,270.86732
7372800.0,273.58991
7376400.0,275.36869
7380000.0,276.1764
7383600.0,277.20537
7387200.0,277.98009
7390800.0,277.50792
7394400.0,278.08539
7398000.0,277.92453
7401600.0,275.17547
7405200.0,272.20925
7408800.0,271.4085
7412400.0,270.94579
7416000.0,270.36237
7419600.0,270.22312
7423200.0,268.35888
7426800.0,268.38803
7430400.0,269.65145
7434000.0,270.49125
7437600.0,270.60294
7441200.0,270.00512
7444800.0,269.03799
7448400.0,268.39738
7452000.0,268.69258
7455600.0,270.9351
7459200.0,273.43039
7462800.0,276.57171
7466400.0,278.58395
7470000.0,279.39097
7473600.0,280.41093
7477200.0,280.74678
7480800.0,281.18641
7484400.0,280.56201
7488000.0,276.85299
7491600.0,273.59383
7495200.0,272.79216
7498800.0,272.37139
7502400.0,272.26567
7506000.0,271.23524
7509600.0,271.10418
7513200.0,271.23522
7516800.0,271.15082
7520400.0,269.84295
7524000.0,268.84337
7527600.0,269.23223
7531200.0,268.86825
7534800.0,268.84607
7538400.0,268.71776
7542000.0,270.67845
7545600.0,273.76028
7549200.0,277.5399
7552800.0,280.32683
7556400.0,282.72618
7560000.0,284.13477
7563600.0,284.96377
7567200.0,285.6334
7570800.0,284.9831
7574400.0,281.09475
7578000.0,279.14272
7581600.0,277.36646
7585200.0,276.4305
7588800.0,273.17291
7592400.0,270.69954
7596000.0,269.27479
7599600.0,270.18098
7603200.0,269.58479
7606800.0,271.36974
7610400.0,270.76407
7614000.0,271.42898
7617600.0,271.64078
7621200.0,271.3371
7624800.0,271.27499
7628400.0,273.78012
7632000.0,276.6188
7635600.0,281.04316
7639200.0,283.03744
7642800.0,283.64533
7646400.0,283.48246
7650000.0,282.62553
7653600.0,282.12925
7657200.0,281.34373
7660800.0,279.25849
7664400.0,274.89916
7668000.0,272.84674
7671600.0,273.01515
7675200.0,271.8129
7678800.0,271.54687
7682400.0,270.60676
7686000.0,269.39391
7689600.0,269.44565
7693200.0,269.7312
7696800.0,268.76285
7700400.0,267.9778
7704000.0,268.11364
7707600.0,268.51512
7711200.0,268.5314
7714800.0,271.13819
7718400.0,274.38914
7722000.0,276.60247
7725600.0,278.29769
7729200.0,278.81711
7732800.0,280.73318
7736400.0,280.46907
7740000.0,280.47816
7743600.0,279.66325
7747200.0,277.52937
7750800.0,273.12933
7754400.0,271.82236
7758000.0,271.13805
7761600.0,270.82535
7765200.0,270.77392
7768800.0,270.16261
7772400.0,269.56924
7776000.0,268.07012
7779600.0,267.38337
7783200.0,267.29116
7786800.0,268.88201
7790400.0,269.6202
7794000.0,269.2392
7797600.0,269.92285
7801200.0,272.91799
7804800.0,275.89227
7808400.0,278.02456
7812000.0,279.68561
7815600.0,280.99275
7819200.0,281.34888
7822800.0,282.79055
7826400.0,283.30043
7830000.0,282.70174
7833600.0,278.74639
7837200.0,274.15078
7840800.0,272.82892
7844400.0,272.93135
7848000.0,272.80993
7851600.0,272.91805
7855200.0,272.55091
7858800.0,271.64439
7862400.0,271.27381
7866000.0,270.8628
7869600.0,270.59839
7873200.0,270.52325
7876800.0,269.89871
7880400.0,270.26456
7884000.0,270.61785
7887600.0,273.26068
7891200.0,275.91353
7894800.0,279.80789
7898400.0,282.00372
7902000.0,283.68158
7905600.0,284.95979
7909200.0,284.94164
7912800.0,284.79739
7916400.0,284.30573
7920000.0,280.53733
7923600.0,275.44992
7927200.0,273.2274
7930800.0,272.51772
7934400.0,271.45767
7938000.0,271.08143
7941600.0,272.60774
7945200.0,272.39428
7948800.0,271.69841
7952400.0,270.51192
7956000.0,270.40243
7959600.0,269.32554
7963200.0,270.54568
7966800.0,271.135
7970400.0,271.21109
7974000.0,274.88749
7977600.0,278.83372
7981200.0,282.05841
7984800.0,284.14253
7988400.0,285.56893
7992000.0,286.7747
7995600.0,286.77092
7999200.0,285.90061
8002800.0,285.72167
8006400.0,282.50778
8010000.0,277.59967
8013600.0,276.46142
8017200.0,276.29107
8020800.0,275.99422
8024400.0,275.52678
8028000.0,274.90136
8031600.0,272.34106
8035200.0,270.96634
8038800.0,270.72972
8042400.0,270.57874
8046000.0,271.12534
8049600.0,272.39912
8053200.0,273.80536
8056800.0,273.78967
8060400.0,274.90298
8064000.0,277.05133
8067600.0,282.22227
8071200.0,286.08844
8074800.0,287.6082
8078400.0,288.56224
8082000.0,288.29527
8085600.0,287.20526
8089200.0,285.70339
8092800.0,280.91364
8096400.0,278.00364
8100000.0,275.91775
8103600.0,274.76357
8107200.0,273.69146
8110800.0,273.39539
8114400.0,273.14481
8118000.0,272.12492
8121600.0,271.90822
8125200.0,271.734
8128800.0,271.73967
8132400.0,271.3457
8136000.0,270.63067
8139600.0,270.60939
8143200.0,271.6673
8146800.0,276.15813
8150400.0,279.29453
8154000.0,283.78704
8157600.0,287.84136
8161200.0,288.86904
8164800.0,289.85709
8168400.0,289.76031
8172000.0,289.01432
8175600.0,287.64162
8179200.0,284.47973
8182800.0,279.14858
8186400.0,277.80377
8190000.0,276.80815
8193600.0,275.53724
8197200.0,274.913
8200800.0,274.60814
8204400.0,274.47615
8208000.0,274.41142
8211600.0,274.04576
8215200.0,273.88249
8218800.0,273.41219
8222400.0,273.11923
8226000.0,272.86775
8229600.0,273.65294
8233200.0,278.22846
8236800.0,281.46057
8240400.0,285.38755
8244000.0,287.6622
8247600.0,289.15389
8251200.0,290.34953
8254800.0,290.15671
8258400.0,290.051
8262000.0,288.85129
8265600.0,285.16446
8269200.0,279.50152
8272800.0,277.88877
8276400.0,275.81909
8280000.0,274.59815
8283600.0,274.26375
8287200.0,274.07636
8290800.0,273.74666
8294400.0,272.73581
8298000.0,272.34898
8301600.0,272.47655
8305200.0,272.69661
8308800.0,272.18146
8312400.0,271.32928
8316000.0,271.77702
8319600.0,276.5905
8323200.0,280.69717
8326800.0,284.99999
8330400.0,288.04517
8334000.0,288.74367
8337600.0,288.11002
8341200.0,287.06297
8344800.0,286.81419
8348400.0,286.51928
8352000.0,284.67117
8355600.0,280.20576
8359200.0,278.14209
8362800.0,276.54726
8366400.0,274.87791
8370000.0,274.17623
8373600.0,274.68428
8377200.0,274.52349
8380800.0,275.28775
8384400.0,275.35523
8388000.0,273.71261
8391600.0,273.41145
8395200.0,272.02462
8398800.0,272.11444
8402400.0,273.34656
8406000.0,277.52196
8409600.0,280.65225
8413200.0,285.52047
8416800.0,288.53521
8420400.0,289.55684
8424000.0,290.12548
8427600.0,290.86139
8431200.0,290.95385
8434800.0,290.44027
8438400.0,287.57116
8442000.0,281.5138
8445600.0,280.20565
8449200.0,279.55035
8452800.0,279.42417
8456400.0,279.15152
8460000.0,278.52841
8463600.0,277.95308
8467200.0,276.77092
8470800.0,275.42833
8474400.0,275.31151
8478000.0,275.44685
8481600.0,274.66833
8485200.0,275.39671
8488800.0,276.448
8492400.0,279.55263
8496000.0,282.56294
8499600.0,287.55084
8503200.0,291.48157
8506800.0,292.17545
8510400.0,292.53274
8514000.0,292.00673
8517600.0,293.26032
8521200.0,291.67149
8524800.0,287.93449
8528400.0,281.56304
8532000.0,278.46602
8535600.0,278.07979
8539200.0,277.23859
8542800.0,277.05696
8546400.0,277.59516
8550000.0,276.47129
8553600.0,276.55689
8557200.0,276.46424
8560800.0,275.5457
8564400.0,273.94867
8568000.0,273.17864
8571600.0,272.76652
8575200.0,272.46175
8578800.0,275.3847
8582400.0,277.87087
8586000.0,279.9063
8589600.0,280.46738
8593200.0,280.58197
8596800.0,281.70228
8600400.0,280.70605
8604000.0,279.66546
8607600.0,278.95152
8611200.0,278.88504
8614800.0,274.68991
8618400.0,273.31703
8622000.0,273.00762
8625600.0,272.0104
8629200.0,272.44158
8632800.0,272.49969
8636400.0,271.99225
8640000.0,270.93674
8643600.0,270.18973
8647200.0,270.232
8650800.0,269.0638
8654400.0,267.83677
8658000.0,267.75479
8661600.0,268.663
8665200.0,272.89068
8668800.0,276.18565
8672400.0,277.43452
8676000.0,276.7042
8679600.0,276.76243
8683200.0,277.02497
8686800.0,276.46078
8690400.0,276.47978
8694000.0,276.31559
8697600.0,275.0048
8701200.0,274.34238
8704800.0,270.547
8708400.0,268.76325
8712000.0,268.21474
8715600.0,268.64098
8719200.0,269.63582
8722800.0,269.52876
8726400.0,268.12493
8730000.0,267.58141
8733600.0,267.72087
8737200.0,267.76802
8740800.0,268.07709
8744400.0,268.62279
8748000.0,269.02716
8751600.0,273.10069
8755200.0,275.33838
8758800.0,278.20873
8762400.0,281.86184
8766000.0,282.40006
8769600.0,284.43107
8773200.0,285.14519
8776800.0,285.37671
8780400.0,285.34766
8784000.0,284.52469
8787600.0,276.86357
8791200.0,275.86939
8794800.0,274.17473
8798400.0,273.70488
8802000.0,273.12145
8805600.0,273.20083
8809200.0,271.66732
8812800.0,271.76096
8816400.0,272.01374
8820000.0,270.98378
8823600.0,270.3899
8827200.0,270.04777
8830800.0,269.9565
8834400.0,270.44768
8838000.0,272.93183
8841600.0,276.28404
8845200.0,281.55457
8848800.0,284.67028
8852400.0,286.00198
8856000.0,288.65902
8859600.0,287.69849
8863200.0,288.48144
8866800.0,285.87657
8870400.0,282.6476
8874000.0,279.63204
8877600.0,276.92945
8881200.0,275.79862
8884800.0,274.50459
8888400.0,275.08813
8892000.0,274.0466
8895600.0,274.36344
8899200.0,273.66978
8902800.0,273.01983
8906400.0,272.17085
8910000.0,272.08968
8913600.0,272.38617
8917200.0,270.9205
8920800.0,270.94759
8924400.0,272.39306
8928000.0,274.58513
8931600.0,276.03749
8935200.0,277.87367
8938800.0,278.30653
8942400.0,278.56202
8946000.0,278.20407
8949600.0,278.13325
8953200.0,277.63676
8956800.0,276.85785
8960400.0,274.08587
8964000.0,271.99553
8967600.0,270.75586
8971200.0,270.0985
8974800.0,268.56265
8978400.0,268.16382
8982000.0,269.04036
8985600.0,269.27982
8989200.0,268.66038
8992800.0,267.05905
8996400.0,267.49944
9000000.0,268.50919
9003600.0,268.12351
9007200.0,269.09935
9010800.0,271.80809
9014400.0,274.263
9018000.0,276.3138
9021600.0,277.92451
9025200.0,280.7716
9028800.0,282.38994
9032400.0,283.47533
9036000.0,284.61578
9039600.0,285.31943
9043200.0,281.77241
9046800.0,278.50764
9050400.0,275.21777
9054000.0,272.18877
9057600.0,270.895
9061200.0,269.6979
9064800.0,269.02666
9068400.0,269.06751
9072000.0,268.66209
9075600.0,268.53873
9079200.0,268.62715
9082800.0,269.08738
9086400.0,268.60531
9090000.0,268.49713
9093600.0,269.58509
9097200.0,271.84259
9100800.0,274.88029
9104400.0,278.33441
9108000.0,281.32996
9111600.0,282.99251
9115200.0,283.81873
9118800.0,283.27588
9122400.0,283.45799
9126000.0,285.1011
9129600.0,283.5631
9133200.0,277.92495
9136800.0,274.43596
9140400.0,272.70403
9144000.0,271.78291
9147600.0,271.24001
9151200.0,271.06893
9154800.0,270.78753
9158400.0,270.93152
9162000.0,270.25708
9165600.0,269.69746
9169200.0,268.97533
9172800.0,267.96059
9176400.0,267.89534
9180000.0,268.21407
9183600.0,270.50271
9187200.0,274.67612
9190800.0,276.9809
9194400.0,278.79558
9198000.0,279.85134
9201600.0,280.5987
9205200.0,280.89619
9208800.0,280.70694
9212400.0,280.30112
9216000.0,279.51252
9219600.0,277.34385
9223200.0,274.13425
9226800.0,274.55267
9230400.0,271.77774
9234000.0,270.566
9237600.0,268.06931
9241200.0,268.71584
9244800.0,267.63714
9248400.0,269.78776
9252000.0,269.29224
9255600.0,269.24129
9259200.0,268.69768
9262800.0,267.12182
9266400.0,268.5983
9270000.0,271.20356
9273600.0,274.66699
9277200.0,277.68485
9280800.0,279.94223
9284400.0,282.24744
9288000.0,283.15858
9291600.0,283.01582
9295200.0,283.87108
9298800.0,283.96424
9302400.0,282.63457
9306000.0,281.35168
9309600.0,279.8224
9313200.0,278.51942
9316800.0,276.74946
9320400.0,274.48974
9324000.0,272.92842
9327600.0,271.96458
9331200.0,272.27412
9334800.0,271.67025
9338400.0,270.38263
9342000.0,269.74192
9345600.0,270.21234
9349200.0,270.4911
9352800.0,272.74368
9356400.0,276.17094
9360000.0,280.40062
9363600.0,282.76719
9367200.0,284.93158
9370800.0,286.82085
9374400.0,287.75763
9378000.0,288.14288
9381600.0,288.459
9385200.0,288.69113
9388800.0,287.27552
9392400.0,284.30928
9396000.0,282.50585
9399600.0,280.12468
9403200.0,278.11265
9406800.0,276.62523
9410400.0,276.03988
9414000.0,275.32005
9417600.0,275.30128
9421200.0,272.84978
9424800.0,271.37968
9428400.0,271.19528
9432000.0,270.39399
9435600.0,270.95406
9439200.0,273.59165
9442800.0,277.90803
9446400.0,280.86911
9450000.0,284.0324
9453600.0,286.67097
9457200.0,287.23068
9460800.0,287.56008
9464400.0,286.82366
9468000.0,286.35792
9471600.0,287.11866
9475200.0,286.62205
9478800.0,281.21299
9482400.0,279.51935
9486000.0,280.47933
9489600.0,278.32247
9493200.0,276.60383
9496800.0,275.76858
9500400.0,273.82576
9504000.0,272.33257
9507600.0,271.53696
9511200.0,270.05267
9514800.0,269.5775
9518400.0,269.51065
9522000.0,267.94227
9525600.0,269.87083
9529200.0,272.88965
9532800.0,277.33151
9536400.0,279.53024
9540000.0,281.15715
9543600.0,281.9972
9547200.0,282.97121
9550800.0,283.77205
9554400.0,282.81413
9558000.0,282.70489
9561600.0,280.90897
9565200.0,279.06822
9568800.0,275.38485
9572400.0,273.08558
9576000.0,270.96964
9579600.0,269.71369
9583200.0,268.32646
9586800.0,267.12763
9590400.0,266.39895
9594000.0,266.06485
9597600.0,266.16025
9601200.0,266.2022
9604800.0,266.09394
9608400.0,267.60826
9612000.0,269.15589
9615600.0,271.20418
9619200.0,272.9002
9622800.0,274.0412
9626400.0,278.66623
9630000.0,280.25082
9633600.0,281.886
9637200.0,283.67091
9640800.0,283.38643
9644400.0,283.16753
9648000.0,281.20912
9651600.0,277.00369
9655200.0,273.57506
9658800.0,271.57897
9662400.0,271.44794
9666000.0,270.63478
9669600.0,269.49574
9673200.0,267.50125
9676800.0,266.80481
9680400.0,266.83401
9684000.0,267.04295
9687600.0,267.81309
9691200.0,268.47927
9694800.0,268.70937
9698400.0,270.18407
9702000.0,273.05784
9705600.0,273.58106
9709200.0,276.54333
9712800.0,278.62657
9716400.0,279.58015
9720000.0,280.83129
9723600.0,280.45043
9727200.0,280.06696
9730800.0,279.41679
9734400.0,278.02117
9738000.0,275.77534
9741600.0,272.94888
9745200.0,272.60571
9748800.0,271.19297
9752400.0,270.74087
9756000.0,270.53993
9759600.0,269.92062
9763200.0,269.2492
9766800.0,269.15068
9770400.0,268.658
9774000.0,268.39759
9777600.0,269.63955
9781200.0,269.17806
9784800.0,270.55824
9788400.0,271.64448
9792000.0,275.54914
9795600.0,278.88161
9799200.0,281.02024
9802800.0,282.54876
9806400.0,283.93192
9810000.0,284.21098
9813600.0,283.84434
9817200.0,283.56573
9820800.0,282.08363
9824400.0,277.89971
9828000.0,274.96539
9831600.0,274.35277
9835200.0,272.42386
9838800.0,270.52263
9842400.0,269.06221
9846000.0,268.62074
9849600.0,268.4538
9853200.0,268.35234
9856800.0,267.78483
9860400.0,268.28237
9864000.0,268.59244
9867600.0,269.12805
9871200.0,270.5941
9874800.0,274.54024
9878400.0,278.75276
9882000.0,280.51194
9885600.0,282.80631
9889200.0,284.01213
9892800.0,284.71067
9896400.0,285.03972
9900000.0,284.92448
9903600.0,284.67561
9907200.0,283.66257
9910800.0,280.33525
9914400.0,278.30351
9918000.0,276.99374
9921600.0,275.86026
9925200.0,274.0337
9928800.0,274.18511
9932400.0,273.69048
9936000.0,272.5726
9939600.0,271.53898
9943200.0,271.13818
9946800.0,271.41246
9950400.0,271.45619
9954000.0,271.91897
9957600.0,274.86061
9961200.0,278.3228
9964800.0,282.68213
9968400.0,285.7501
9972000.0,286.95564
9975600.0,288.11569
9979200.0,288.54065
9982800.0,288.32044
9986400.0,288.15075
9990000.0,288.08705
9993600.0,286.62675
9997200.0,282.98113
10000800.0,280.65321
10004400.0,280.38157
10008000.0,279.6189
10011600.0,278.64813
10015200.0,277.57939
10018800.0,275.23748
10022400.0,274.92267
10026000.0,274.24897
10029600.0,273.78276
10033200.0,274.59739
10036800.0,274.80472
10040400.0,275.56278
10044000.0,276.77038
10047600.0,279.68226
10051200.0,283.55306
10054800.0,287.3034
10058400.0,288.89002
10062000.0,290.39216
10065600.0,291.43363
10069200.0,291.89859
10072800.0,291.72392
10076400.0,291.56426
10080000.0,289.98931
10083600.0,285.36514
10087200.0,283.7753
10090800.0,283.39074
10094400.0,282.52499
10098000.0,280.54984
10101600.0,278.45583
10105200.0,277.67127
10108800.0,276.73056
10112400.0,276.2544
10116000.0,276.19354
10119600.0,276.50738
10123200.0,277.03941
10126800.0,277.56925
10130400.0,277.87457
10134000.0,279.80584
10137600.0,283.52718
10141200.0,289.83276
10144800.0,292.48882
10148400.0,293.08848
10152000.0,293.44402
10155600.0,293.78557
10159200.0,293.94661
10162800.0,294.11976
10166400.0,292.80454
10170000.0,289.12773
10173600.0,286.07212
10177200.0,284.48682
10180800.0,282.71107
10184400.0,281.75487
10188000.0,280.76625
10191600.0,280.05381
10195200.0,278.91215
10198800.0,277.87921
10202400.0,277.49035
10206000.0,277.05552
10209600.0,275.27879
10213200.0,275.20357
10216800.0,275.70909
10220400.0,280.14828
10224000.0,283.85513
10227600.0,288.42797
10231200.0,291.42428
10234800.0,293.20033
10238400.0,293.63037
10242000.0,293.61282
10245600.0,292.85499
10249200.0,291.45675
10252800.0,291.01264
10256400.0,288.52511
10260000.0,286.06549
10263600.0,282.68582
10267200.0,279.71882
10270800.0,279.20879
10274400.0,279.04356
10278000.0,277.97297
10281600.0,276.21932
10285200.0,275.87673
10288800.0,276.13719
10292400.0,274.67849
10296000.0,275.29011
10299600.0,274.04944
10303200.0,276.81082
10306800.0,282.13644
10310400.0,285.85071
10314000.0,288.62432
10317600.0,291.32644
10321200.0,292.6178
10324800.0,294.07601
10328400.0,294.64087
10332000.0,295.06738
10335600.0,294.94068
10339200.0,293.38753
10342800.0,289.41981
10346400.0,285.71745
10350000.0,284.45963
10353600.0,284.01838
10357200.0,283.57547
10360800.0,283.14901
10364400.0,282.51372
10368000.0,281.58047
10371600.0,281.14483
10375200.0,280.89809
10378800.0,280.66466
10382400.0,279.45092
10386000.0,279.97297
10389600.0,278.94373
10393200.0,281.29241
10396800.0,283.8378
10400400.0,287.84008
10404000.0,290.91337
10407600.0,293.30027
10411200.0,294.73531
10414800.0,294.88288
10418400.0,294.17408
10422000.0,293.4198
10425600.0,292.92738
10429200.0,288.81557
10432800.0,284.89133
10436400.0,283.00365
10440000.0,281.74112
10443600.0,281.78367
10447200.0,282.50314
10450800.0,281.72107
10454400.0,281.84824
10458000.0,281.38606
10461600.0,280.26264
10465200.0,278.90422
10468800.0,278.47328
10472400.0,277.601
10476000.0,277.8764
10479600.0,278.69977
10483200.0,281.37192
10486800.0,284.33937
10490400.0,287.65186
10494000.0,290.93068
10497600.0,292.45114
10501200.0,291.55066
10504800.0,292.66432
10508400.0,294.1532
10512000.0,293.40725
10515600.0,289.89206
10519200.0,286.92278
10522800.0,283.19702
10526400.0,281.46294
10530000.0,281.09978
10533600.0,281.44599
10537200.0,282.51258
10540800.0,280.04549
10544400.0,279.43838
10548000.0,279.24738
10551600.0,278.01602
10555200.0,276.51702
10558800.0,275.96806
10562400.0,274.46925
10566000.0,275.2568
10569600.0,276.43671
10573200.0,278.26822
10576800.0,279.83292
10580400.0,282.2418
10584000.0,282.979
10587600.0,282.55706
10591200.0,282.89954
10594800.0,281.02791
10598400.0,279.82613
10602000.0,279.25516
10605600.0,277.84582
10609200.0,276.69656
10612800.0,275.53499
10616400.0,274.27381
10620000.0,273.35619
10623600.0,272.72543
10627200.0,272.41087
10630800.0,271.58667
10634400.0,271.45716
10638000.0,270.90546
10641600.0,271.52954
10645200.0,271.22487
10648800.0,273.34965
10652400.0,276.18825
10656000.0,279.20278
10659600.0,281.65491
10663200.0,281.97617
10666800.0,283.07987
10670400.0,282.69308
10674000.0,283.43841
10677600.0,284.45015
10681200.0,283.82598
10684800.0,282.82794
10688400.0,281.75982
10692000.0,279.36805
10695600.0,277.55869
10699200.0,276.54297
10702800.0,276.37533
10706400.0,275.15014
10710000.0,274.14031
10713600.0,274.60626
10717200.0,274.01143
10720800.0,273.61625
10724400.0,273.39455
10728000.0,272.2054
10731600.0,271.62326
10735200.0,273.78741
10738800.0,276.67279
10742400.0,279.04904
10746000.0,281.4106
10749600.0,282.43818
10753200.0,283.21279
10756800.0,283.45374
10760400.0,283.48294
10764000.0,283.21093
10767600.0,281.98106
10771200.0,280.42241
10774800.0,277.48022
10778400.0,276.31129
10782000.0,275.68229
10785600.0,274.26131
10789200.0,273.40838
10792800.0,272.96959
10796400.0,272.77146
10800000.0,272.18552
10803600.0,271.28858
10807200.0,270.51305
10810800.0,270.38202
10814400.0,270.94071
10818000.0,270.79415
10821600.0,272.18795
10825200.0,273.91008
10828800.0,277.28259
10832400.0,279.24945
10836000.0,280.56247
10839600.0,280.47924
10843200.0,280.22612
10846800.0,279.72766
10850400.0,279.2354
10854000.0,279.28876
10857600.0,278.44904
10861200.0,278.11168
10864800.0,276.39069
10868400.0,275.79513
10872000.0,275.57953
10875600.0,273.48847
10879200.0,272.56383
10882800.0,271.32482
10886400.0,271.17621
10890000.0,271.00092
10893600.0,270.79755
10897200.0,270.9719
10900800.0,270.23652
10904400.0,269.78629
10908000.0,272.05439
10911600.0,276.88455
10915200.0,280.66915
10918800.0,281.88762
10922400.0,282.82612
10926000.0,283.90396
10929600.0,284.07798
10933200.0,284.02645
10936800.0,283.54797
10940400.0,282.71044
10944000.0,282.29133
10947600.0,281.25911
10951200.0,279.24415
10954800.0,278.4588
10958400.0,277.56843
10962000.0,276.57839
10965600.0,275.10379
10969200.0,274.15293
10972800.0,271.75586
10976400.0,271.15027
10980000.0,270.36741
10983600.0,269.4713
10987200.0,269.81649
10990800.0,268.82134
10994400.0,272.50096
10998000.0,276.29513
11001600.0,278.45968
11005200.0,280.87363
11008800.0,283.31552
11012400.0,284.09492
11016000.0,284.5238
11019600.0,284.8605
11023200.0,284.53825
11026800.0,284.36415
11030400.0,283.4581
11034000.0,281.74126
11037600.0,279.79952
11041200.0,278.6157
11044800.0,276.83023
11048400.0,274.47186
11052000.0,273.57579
11055600.0,272.94778
11059200.0,272.21976
11062800.0,271.41933
11066400.0,270.76916
11070000.0,270.25126
11073600.0,269.53949
11077200.0,271.02744
11080800.0,272.96594
11084400.0,276.18776
11088000.0,280.69021
11091600.0,285.58771
11095200.0,288.29949
11098800.0,289.73257
11102400.0,289.70561
11106000.0,291.73739
11109600.0,291.60855
11113200.0,291.62842
11116800.0,290.76906
11120400.0,286.94275
11124000.0,282.83394
11127600.0,281.22093
11131200.0,279.87787
11134800.0,279.31112
11138400.0,277.7453
11142000.0,277.62004
11145600.0,276.10043
11149200.0,275.73342
11152800.0,275.36955
11156400.0,274.64955
11160000.0,274.82792
11163600.0,276.51851
11167200.0,278.77734
11170800.0,283.46238
11174400.0,286.84103
11178000.0,289.90353
11181600.0,289.81708
11185200.0,290.10809
11188800.0,291.45152
11192400.0,290.86663
11196000.0,290.84541
11199600.0,289.70694
11203200.0,288.79419
11206800.0,286.28987
11210400.0,283.67184
11214000.0,280.46321
11217600.0,280.52536
11221200.0,279.58513
11224800.0,277.90395
11228400.0,276.81313
11232000.0,275.4599
11235600.0,277.05694
11239200.0,275.9053
11242800.0,276.25797
11246400.0,276.37682
11250000.0,277.04305
11253600.0,278.61502
11257200.0,280.71057
11260800.0,282.09128
11264400.0,284.88947
11268000.0,287.36985
11271600.0,288.25204
11275200.0,288.50511
11278800.0,288.18216
11282400.0,288.66496
11286000.0,288.06966
11289600.0,285.71553
11293200.0,283.68618
11296800.0,280.60191
11300400.0,278.40138
11304000.0,276.32894
11307600.0,274.42693
11311200.0,273.39075
11314800.0,271.51833
11318400.0,272.41961
11322000.0,271.76705
11325600.0,273.78871
11329200.0,272.01943
11332800.0,272.62365
11336400.0,273.31284
11340000.0,273.43417
11343600.0,275.77021
11347200.0,279.8646
11350800.0,282.95823
11354400.0,285.60132
11358000.0,287.71861
11361600.0,289.75525
11365200.0,291.31611
11368800.0,291.57364
11372400.0,290.3744
11376000.0,288.77142
11379600.0,285.15936
11383200.0,281.43825
11386800.0,280.16325
11390400.0,279.92053
11394000.0,278.69607
11397600.0,278.88768
11401200.0,278.3641
11404800.0,277.5687
11408400.0,277.20894
11412000.0,275.89933
11415600.0,275.93997
11419200.0,276.73148
11422800.0,275.58612
11426400.0,275.97383
11430000.0,278.93444
11433600.0,282.62128
11437200.0,286.99015
11440800.0,290.81857
11444400.0,292.50146
11448000.0,292.97504
11451600.0,294.46667
11455200.0,293.99161
11458800.0,292.71731
11462400.0,290.79094
11466000.0,288.8183
11469600.0,284.14099
11473200.0,283.92621
11476800.0,283.34291
11480400.0,282.91505
11484000.0,281.02291
11487600.0,279.3968
11491200.0,278.47344
11494800.0,279.12555
11498400.0,279.2144
11502000.0,278.69552
11505600.0,277.76909
11509200.0,277.45101
11512800.0,277.87884
11516400.0,282.45041
11520000.0,286.2264
11523600.0,288.96223
11527200.0,289.84606
11530800.0,290.73079
11534400.0,290.64181
11538000.0,290.20935
11541600.0,289.55538
11545200.0,288.71129
11548800.0,287.35059
11552400.0,286.12808
11556000.0,281.64258
11559600.0,279.57166
11563200.0,279.11871
11566800.0,278.55292
11570400.0,277.54389
11574000.0,275.65369
11577600.0,275.44882
11581200.0,274.72904
11584800.0,273.28987
11588400.0,272.17293
11592000.0,271.32092
11595600.0,272.0699
11599200.0,275.34379
11602800.0,278.56718
11606400.0,282.92112
11610000.0,287.03554
11613600.0,289.57019
11617200.0,290.98083
11620800.0,291.13166
11624400.0,290.45995
11628000.0,290.07183
11631600.0,289.23353
11635200.0,288.09348
11638800.0,287.1108
11642400.0,282.39529
11646000.0,281.38908
11649600.0,281.59457
11653200.0,282.825
11656800.0,282.36325
11660400.0,282.45681
11664000.0,280.16542
11667600.0,278.54979
11671200.0,276.98808
11674800.0,275.42992
11678400.0,273.01566
11682000.0,273.70908
11685600.0,277.70689
11689200.0,282.63383
11692800.0,287.94776
11696400.0,289.39422
11700000.0,289.69864
11703600.0,291.29868
11707200.0,291.58086
11710800.0,292.71574
11714400.0,293.17929
11718000.0,291.78902
11721600.0,290.23392
11725200.0,288.80222
11728800.0,284.95047
11732400.0,286.02411
11736000.0,285.43255
11739600.0,286.16633
11743200.0,284.22514
11746800.0,281.83919
11750400.0,281.14371
11754000.0,281.40227
11757600.0,281.37558
11761200.0,280.83103
11764800.0,279.91762
11768400.0,279.59479
11772000.0,283.43417
11775600.0,286.05104
11779200.0,289.90369
11782800.0,295.97167
11786400.0,299.2562
11790000.0,300.84658
11793600.0,302.05458
11797200.0,301.00335
11800800.0,301.13736
11804400.0,299.89322
11808000.0,299.57268
11811600.0,296.87477
11815200.0,292.64598
11818800.0,291.34607
11822400.0,290.61557
11826000.0,290.85269
11829600.0,290.51876
11833200.0,289.52522
11836800.0,286.48683
11840400.0,284.45669
11844000.0,282.36588
11847600.0,280.70386
11851200.0,279.78954
11854800.0,281.94416
11858400.0,284.44928
11862000.0,287.8319
11865600.0,291.43837
11869200.0,293.09512
11872800.0,294.2065
11876400.0,296.30531
11880000.0,296.91688
11883600.0,297.77061
11887200.0,298.01748
11890800.0,297.18918
11894400.0,296.35528
11898000.0,294.07386
11901600.0,289.28102
11905200.0,286.73336
11908800.0,286.03427
11912400.0,284.51243
11916000.0,282.7115
11919600.0,281.9642
11923200.0,281.24149
11926800.0,279.90653
11930400.0,278.36796
11934000.0,278.33395
11937600.0,278.64046
11941200.0,279.71266
11944800.0,282.56288
11948400.0,286.17378
11952000.0,290.19502
11955600.0,294.76984
11959200.0,296.74142
11962800.0,297.01959
11966400.0,297.83259
11970000.0,299.99713
11973600.0,300.11725
11977200.0,300.50437
11980800.0,299.22899
11984400.0,295.5403
11988000.0,288.37768
11991600.0,287.49058
11995200.0,286.70804
11998800.0,286.67875
12002400.0,285.67093
12006000.0,282.3481
12009600.0,282.68675
12013200.0,281.5155
12016800.0,283.44435
12020400.0,283.48543
12024000.0,279.24261
12027600.0,280.60314
12031200.0,283.74929
12034800.0,287.72006
12038400.0,290.71236
12042000.0,291.68626
12045600.0,291.67452
12049200.0,290.74396
12052800.0,289.51941
12056400.0,290.43356
12060000.0,291.31805
12063600.0,287.61004
12067200.0,287.37405
12070800.0,284.48242
12074400.0,284.47529
12078000.0,283.02408
12081600.0,283.78834
12085200.0,281.75084
12088800.0,280.3871
12092400.0,279.72734
12096000.0,277.52792
12099600.0,275.85434
12103200.0,275.00007
12106800.0,274.67725
12110400.0,274.20661
12114000.0,275.12406
12117600.0,278.18094
12121200.0,281.43538
12124800.0,283.7647
12128400.0,285.61885
12132000.0,286.77408
12135600.0,287.44996
12139200.0,288.71763
12142800.0,289.32461
12146400.0,289.87022
12150000.0,289.66091
12153600.0,288.06042
12157200.0,287.8016
12160800.0,284.77682
12164400.0,283.4182
12168000.0,283.0523
12171600.0,282.07242
12175200.0,280.46738
12178800.0,279.53903
12182400.0,278.74674
12186000.0,277.40971
12189600.0,276.72016
12193200.0,276.59184
12196800.0,275.67602
12200400.0,275.78104
12204000.0,278.75546
12207600.0,280.67634
12211200.0,282.59349
12214800.0,284.79415
12218400.0,286.28781
12222000.0,286.50369
12225600.0,287.41438
12229200.0,288.06655
12232800.0,287.4488
12236400.0,287.00603
12240000.0,286.64801
12243600.0,286.38471
12247200.0,283.99751
12250800.0,283.5177
12254400.0,282.96936
12258000.0,282.18991
12261600.0,281.57655
12265200.0,280.33909
12268800.0,278.7294
12272400.0,278.26772
12276000.0,278.28361
12279600.0,278.29375
12283200.0,276.43954
12286800.0,276.03923
12290400.0,278.87329
12294000.0,282.187
12297600.0,285.92285
12301200.0,288.30675
12304800.0,290.38232
12308400.0,291.80061
12312000.0,291.80652
12315600.0,292.95996
12319200.0,292.54943
12322800.0,291.51355
12326400.0,290.71421
12330000.0,288.7003
12333600.0,285.75393
12337200.0,284.06623
12340800.0,283.86214
12344400.0,282.71854
12348000.0,282.52128
12351600.0,281.34391
12355200.0,280.22384
12358800.0,280.04176
12362400.0,279.32013
12366000.0,278.23024
12369600.0,278.54277
12373200.0,279.75954
12376800.0,282.14318
12380400.0,283.26814
12384000.0,285.74215
12387600.0,287.02421
12391200.0,287.77433
12394800.0,290.39117
12398400.0,290.64092
12402000.0,289.29884
12405600.0,288.63665
12409200.0,287.88067
12412800.0,287.82753
12416400.0,286.59872
12420000.0,284.79631
12423600.0,282.91693
12427200.0,281.77562
12430800.0,280.01315
12434400.0,279.36475
12438000.0,278.73067
12441600.0,277.70042
12445200.0,277.0557
12448800.0,276.1191
12452400.0,274.4965
12456000.0,273.66229
12459600.0,274.56043
12463200.0,276.1501
12466800.0,277.9172
12470400.0,280.91353
12474000.0,282.41919
12477600.0,283.30344
12481200.0,282.41202
12484800.0,283.68725
12488400.0,284.72336
12492000.0,285.14521
12495600.0,286.46391
12499200.0,286.87199
12502800.0,286.98577
12506400.0,284.97995
12510000.0,282.28157
12513600.0,282.06396
12517200.0,280.86138
12520800.0,280.72582
12524400.0,280.01953
12528000.0,279.39529
12531600.0,277.3938
12535200.0,276.06938
12538800.0,275.54349
12542400.0,274.65385
12546000.0,275.42913
12549600.0,277.83343
12553200.0,280.86334
12556800.0,284.56259
12560400.0,286.67306
12564000.0,287.62206
12567600.0,289.73305
12571200.0,291.39379
12574800.0,292.51656
12578400.0,292.55534
12582000.0,292.74356
12585600.0,291.94793
12589200.0,290.89199
12592800.0,286.50435
12596400.0,283.94021
12600000.0,282.6463
12603600.0,281.44962
12607200.0,280.58567
12610800.0,280.10917
12614400.0,280.97783
12618000.0,281.26297
12621600.0,281.13114
12625200.0,281.01018
12628800.0,280.15834
12632400.0,279.35416
12636000.0,281.11429
12639600.0,282.98036
12643200.0,285.09262
12646800.0,288.36717
12650400.0,292.75573
12654000.0,294.70796
12657600.0,294.56542
12661200.0,294.57383
12664800.0,294.63994
12668400.0,293.66871
12672000.0,293.11491
12675600.0,291.36207
12679200.0,288.61278
12682800.0,286.97226
12686400.0,286.085
12690000.0,284.91318
12693600.0,284.59087
12697200.0,283.62251
12700800.0,281.48492
12704400.0,279.90897
12708000.0,278.78713
12711600.0,277.4626
12715200.0,277.08197
12718800.0,278.31756
12722400.0,281.26633
12726000.0,283.64465
12729600.0,285.38268
12733200.0,284.54669
12736800.0,284.68982
12740400.0,287.61562
12744000.0,287.32211
12747600.0,288.50117
12751200.0,288.8164
12754800.0,287.13948
12758400.0,287.33865
12762000.0,287.36108
12765600.0,285.70079
12769200.0,283.29435
12772800.0,281.24896
12776400.0,279.99168
12780000.0,279.98397
12783600.0,281.36469
12787200.0,279.93655
12790800.0,279.24851
12794400.0,278.7214
12798000.0,276.91916
12801600.0,274.79684
12805200.0,274.17543
12808800.0,275.10631
12812400.0,274.85065
12816000.0,277.29347
12819600.0,277.62551
12823200.0,281.04969
12826800.0,284.84258
12830400.0,286.33005
12834000.0,286.92231
12837600.0,287.51176
12841200.0,287.4718
12844800.0,286.64838
12848400.0,286.11506
12852000.0,282.54441
12855600.0,280.67938
12859200.0,279.49432
12862800.0,278.59413
12866400.0,277.55203
12870000.0,277.28902
12873600.0,276.31773
12877200.0,277.15124
12880800.0,275.70632
12884400.0,275.18055
12888000.0,274.57592
12891600.0,276.18026
12895200.0,279.67068
12898800.0,282.54619
12902400.0,288.67906
12906000.0,292.12736
12909600.0,293.68521
12913200.0,294.32241
12916800.0,294.51105
12920400.0,296.13602
12924000.0,297.67868
12927600.0,295.52365
12931200.0,293.99817
12934800.0,292.02159
12938400.0,289.15874
12942000.0,285.42113
12945600.0,284.12719
12949200.0,283.60646
12952800.0,281.91142
12956400.0,281.04325
12960000.0,280.32485
12963600.0,279.69712
12967200.0,280.1886
12970800.0,280.15442
12974400.0,280.43221
12978000.0,280.36585
12981600.0,283.49534
12985200.0,288.17356
12988800.0,291.72436
12992400.0,292.68318
12996000.0,293.65703
12999600.0,294.18865
13003200.0,296.94718
13006800.0,297.3758
13010400.0,296.79516
13014000.0,295.56976
13017600.0,294.85111
13021200.0,294.34509
13024800.0,289.41202
13028400.0,287.25047
13032000.0,286.74235
13035600.0,286.44468
13039200.0,286.03774
13042800.0,285.08168
13046400.0,282.52817
13050000.0,281.28028
13053600.0,279.75163
13057200.0,278.36079
13060800.0,279.4545
13064400.0,281.34051
13068000.0,283.01117
13071600.0,284.29456
13075200.0,287.07599
13078800.0,290.14467
13082400.0,293.82192
13086000.0,294.21136
13089600.0,295.94866
13093200.0,295.61378
13096800.0,296.32571
13100400.0,297.39762
13104000.0,298.57901
13107600.0,295.43356
13111200.0,291.02362
13114800.0,288.93535
13118400.0,288.26058
13122000.0,288.00003
13125600.0,287.29827
13129200.0,285.79503
13132800.0,284.53267
13136400.0,283.32898
13140000.0,283.63594
13143600.0,281.87511
13147200.0,281.88172
13150800.0,283.35024
13154400.0,288.77603
13158000.0,291.58755
13161600.0,296.89453
13165200.0,300.32277
13168800.0,301.80877
13172400.0,302.94309
13176000.0,303.63863
13179600.0,303.33826
13183200.0,303.91994
13186800.0,303.51246
13190400.0,303.22948
13194000.0,301.13477
13197600.0,296.82459
13201200.0,295.37354
13204800.0,294.05954
13208400.0,292.11551
13212000.0,290.86357
13215600.0,288.45852
13219200.0,287.00898
13222800.0,286.88924
13226400.0,286.74693
13230000.0,287.91421
13233600.0,288.21672
13237200.0,288.46036
13240800.0,290.47507
13244400.0,291.55632
13248000.0,294.15853
13251600.0,297.58949
13255200.0,298.5255
13258800.0,298.33075
13262400.0,300.1304
13266000.0,299.09491
13269600.0,298.7193
13273200.0,297.25738
13276800.0,295.96015
13280400.0,293.73753
13284000.0,293.58815
13287600.0,292.14135
13291200.0,291.67117
13294800.0,291.05745
13298400.0,289.55658
13302000.0,287.69443
13305600.0,286.10723
13309200.0,287.0469
13312800.0,284.58051
13316400.0,283.99559
13320000.0,283.19947
13323600.0,283.22213
13327200.0,284.53202
13330800.0,286.4418
13334400.0,288.40914
13338000.0,290.83546
13341600.0,291.74761
13345200.0,293.00883
13348800.0,292.56462
13352400.0,291.98676
13356000.0,291.49305
13359600.0,291.00017
13363200.0,290.25955
13366800.0,289.58007
13370400.0,288.69691
13374000.0,287.47357
13377600.0,287.04622
13381200.0,286.35874
13384800.0,285.30435
13388400.0,284.04598
13392000.0,282.84126
13395600.0,281.74942
13399200.0,280.98768
13402800.0,279.71719
13406400.0,279.85666
13410000.0,279.83823
13413600.0,280.48837
13417200.0,282.64529
13420800.0,285.68776
13424400.0,286.9238
13428000.0,289.11381
13431600.0,289.687
13435200.0,289.59822
13438800.0,289.56338
13442400.0,289.29918
13446000.0,288.82048
13449600.0,288.61133
13453200.0,287.64862
13456800.0,286.62352
13460400.0,284.65349
13464000.0,283.94403
13467600.0,283.01418
13471200.0,283.32641
13474800.0,281.91904
13478400.0,281.98336
13482000.0,281.49936
13485600.0,279.99224
13489200.0,279.21603
13492800.0,279.2018
13496400.0,279.46147
13500000.0,281.10521
13503600.0,282.5759
13507200.0,284.74728
13510800.0,287.56917
13514400.0,290.63678
13518000.0,291.81359
13521600.0,292.85777
13525200.0,294.36695
13528800.0,294.40322
13532400.0,294.10767
13536000.0,293.04786
13539600.0,292.35392
13543200.0,288.96578
13546800.0,286.16537
13550400.0,284.04318
13554000.0,284.29076
13557600.0,282.29213
13561200.0,282.89395
13564800.0,279.85989
13568400.0,278.7937
13572000.0,278.83697
13575600.0,278.6093
13579200.0,276.7588
13582800.0,280.63015
13586400.0,283.77567
13590000.0,287.29682
13593600.0,290.37153
13597200.0,291.14323
13600800.0,292.43691
13604400.0,293.6436
13608000.0,293.63053
13611600.0,293.5056
13615200.0,293.78313
13618800.0,293.68281
13622400.0,293.24123
13626000.0,291.6343
13629600.0,288.34799
13633200.0,287.13551
13636800.0,286.17169
13640400.0,286.44129
13644000.0,286.23777
13647600.0,285.23493
13651200.0,284.23381
13654800.0,283.5282
13658400.0,282.53759
13662000.0,281.85863
13665600.0,280.44563
13669200.0,280.54513
13672800.0,282.12015
13676400.0,285.83817
13680000.0,288.32903
13683600.0,291.03272
13687200.0,291.87834
13690800.0,291.07479
13694400.0,291.3371
13698000.0,291.87416
13701600.0,292.02006
13705200.0,290.58222
13708800.0,288.79241
13712400.0,287.62163
13716000.0,286.6821
13719600.0,285.94988
13723200.0,284.99404
13726800.0,285.15251
13730400.0,284.25238
13734000.0,283.03935
13737600.0,282.4944
13741200.0,281.99528
13744800.0,281.45198
13748400.0,281.20773
13752000.0,282.68602
13755600.0,282.9816
13759200.0,284.57733
13762800.0,286.2856
13766400.0,288.91619
13770000.0,289.87393
13773600.0,289.87506
13777200.0,289.53151
13780800.0,289.87804
13784400.0,290.12806
13788000.0,290.0225
13791600.0,290.20938
13795200.0,290.43484
13798800.0,289.03439
13802400.0,288.09259
13806000.0,285.69274
13809600.0,285.37332
13813200.0,284.50294
13816800.0,281.73414
13820400.0,281.95132
13824000.0,282.54131
13827600.0,282.41193
13831200.0,282.6276
13834800.0,281.97986
13838400.0,281.08748
13842000.0,281.19998
13845600.0,283.29276
13849200.0,285.74732
13852800.0,286.34514
13856400.0,287.68024
13860000.0,288.88921
13863600.0,290.46575
13867200.0,291.93687
13870800.0,293.7922
13874400.0,292.62755
13878000.0,293.82564
13881600.0,293.5942
13885200.0,292.91033
13888800.0,290.35952
13892400.0,288.60195
13896000.0,287.75474
13899600.0,286.3076
13903200.0,285.25673
13906800.0,284.46883
13910400.0,282.92837
13914000.0,282.38775
13917600.0,282.06841
13921200.0,281.2467
13924800.0,281.00404
13928400.0,282.85643
13932000.0,284.11644
13935600.0,289.03431
13939200.0,291.49374
13942800.0,293.24215
13946400.0,294.67019
13950000.0,295.85145
13953600.0,296.68299
13957200.0,296.01442
13960800.0,295.40129
13964400.0,296.29891
13968000.0,295.47406
13971600.0,294.79687
13975200.0,291.17667
13978800.0,288.36529
13982400.0,287.86553
13986000.0,286.38655
13989600.0,285.36995
13993200.0,284.78803
13996800.0,283.87331
14000400.0,283.48339
14004000.0,282.85002
14007600.0,282.21492
14011200.0,281.71608
14014800.0,282.95911
14018400.0,284.90959
14022000.0,288.12774
14025600.0,291.267
14029200.0,293.73048
14032800.0,295.33052
14036400.0,297.05689
14040000.0,297.81594
14043600.0,298.27641
14047200.0,297.7621
14050800.0,297.49191
14054400.0,296.31438
14058000.0,294.75057
14061600.0,291.7808
14065200.0,288.35401
14068800.0,287.50795
14072400.0,286.11973
14076000.0,285.57445
14079600.0,284.16713
14083200.0,283.86944
14086800.0,283.03035
14090400.0,282.70942
14094000.0,281.76355
14097600.0,282.63329
14101200.0,284.80539
14104800.0,286.86958
14108400.0,290.29299
14112000.0,293.99276
14115600.0,298.91075
14119200.0,302.24619
14122800.0,303.3662
14126400.0,301.66543
14130000.0,301.97778
14133600.0,300.79899
14137200.0,300.29607
14140800.0,299.56874
14144400.0,299.13421
14148000.0,294.56923
14151600.0,292.03048
14155200.0,291.97179
14158800.0,290.89558
14162400.0,290.56861
14166000.0,289.46142
14169600.0,288.65215
14173200.0,289.03995
14176800.0,288.28968
14180400.0,287.5189
14184000.0,287.15283
14187600.0,287.93839
14191200.0,291.92756
14194800.0,296.26556
14198400.0,300.45422
14202000.0,302.4975
14205600.0,303.78035
14209200.0,304.52027
14212800.0,305.64446
14216400.0,305.57752
14220000.0,305.62636
14223600.0,305.24695
14227200.0,304.5485
14230800.0,302.40085
14234400.0,298.40748
14238000.0,295.20853
14241600.0,292.9305
14245200.0,292.61295
14248800.0,292.12646
14252400.0,290.9853
14256000.0,290.91021
14259600.0,290.00657
14263200.0,287.88408
14266800.0,286.81485
14270400.0,286.78847
14274000.0,288.80931
14277600.0,294.08024
14281200.0,298.29776
14284800.0,302.67747
14288400.0,303.70266
14292000.0,304.75699
14295600.0,304.84219
14299200.0,304.70271
14302800.0,303.87004
14306400.0,304.02675
14310000.0,302.24857
14313600.0,303.805
14317200.0,301.63013
14320800.0,295.59795
14324400.0,291.85204
14328000.0,291.62591
14331600.0,289.92032
14335200.0,290.08653
14338800.0,292.32652
14342400.0,292.52957
14346000.0,291.54897
14349600.0,290.1247
14353200.0,287.97565
14356800.0,286.78921
14360400.0,287.75821
14364000.0,289.47234
14367600.0,291.51527
14371200.0,294.67603
14374800.0,296.50346
14378400.0,298.8104
14382000.0,299.9094
14385600.0,300.22113
14389200.0,299.34973
14392800.0,298.63689
14396400.0,298.20162
14400000.0,297.91023
14403600.0,297.56878
14407200.0,295.43907
14410800.0,293.27638
14414400.0,292.20119
14418000.0,291.0254
14421600.0,289.21529
14425200.0,288.17849
14428800.0,284.85286
14432400.0,285.39943
14436000.0,282.79908
14439600.0,283.97825
14443200.0,282.8011
14446800.0,284.46469
14450400.0,287.03635
14454000.0,290.98841
14457600.0,294.66553
14461200.0,296.81742
14464800.0,297.81171
14468400.0,298.59
14472000.0,298.32568
14475600.0,298.79645
14479200.0,298.65414
14482800.0,298.94311
14486400.0,298.16504
14490000.0,297.17433
14493600.0,294.19849
14497200.0,290.81232
14500800.0,288.88661
14504400.0,288.06512
14508000.0,287.74392
14511600.0,286.48113
14515200.0,286.81675
14518800.0,286.74597
14522400.0,286.39371
14526000.0,286.93549
14529600.0,286.07959
14533200.0,286.81418
14536800.0,289.47565
14540400.0,291.94909
14544000.0,293.28425
14547600.0,294.18699
14551200.0,295.72428
14554800.0,298.80008
14558400.0,300.10194
14562000.0,299.47698
14565600.0,299.06213
14569200.0,299.15051
14572800.0,296.16256
14576400.0,295.13395
14580000.0,294.52866
14583600.0,290.82684
14587200.0,290.6498
14590800.0,288.40597
14594400.0,287.53305
14598000.0,287.04628
14601600.0,285.43392
14605200.0,285.02825
14608800.0,282.57524
14612400.0,280.33736
14616000.0,280.32732
14619600.0,280.97236
14623200.0,282.97497
14626800.0,285.45104
14630400.0,287.87399
14634000.0,290.02615
14637600.0,290.91621
14641200.0,291.42704
14644800.0,292.11666
14648400.0,293.14286
14652000.0,293.60845
14655600.0,292.60731
14659200.0,291.84878
14662800.0,289.58427
14666400.0,288.34878
14670000.0,286.03523
14673600.0,284.8747
14677200.0,283.23341
14680800.0,281.81286
14684400.0,281.41262
14688000.0,280.35748
14691600.0,279.02672
14695200.0,278.54694
14698800.0,279.69167
14702400.0,278.27704
14706000.0,278.98572
14709600.0,280.91894
14713200.0,283.9422
14716800.0,285.83237
14720400.0,288.20743
14724000.0,290.01998
14727600.0,291.96169
14731200.0,291.85457
14734800.0,291.59949
14738400.0,291.49419
14742000.0,291.42665
14745600.0,289.91589
14749200.0,289.04882
14752800.0,287.1076
14756400.0,284.43887
14760000.0,282.20851
14763600.0,280.79565
14767200.0,281.59601
14770800.0,281.86127
14774400.0,280.8551
14778000.0,280.08652
14781600.0,280.28177
14785200.0,279.18534
14788800.0,278.91292
14792400.0,279.96325
14796000.0,281.72386
14799600.0,283.8003
14803200.0,287.06542
14806800.0,289.90603
14810400.0,292.18149
14814000.0,294.35636
14817600.0,294.60259
14821200.0,294.8873
14824800.0,295.26538
14828400.0,294.5426
14832000.0,294.4531
14835600.0,294.29256
14839200.0,290.21434
14842800.0,286.73905
14846400.0,285.42642
14850000.0,283.80564
14853600.0,281.23099
14857200.0,281.21013
14860800.0,280.42215
14864400.0,280.62682
14868000.0,280.84511
14871600.0,281.18177
14875200.0,280.73818
14878800.0,281.67335
14882400.0,283.92409
14886000.0,288.3125
14889600.0,289.80659
14893200.0,291.07995
14896800.0,291.80719
14900400.0,293.11152
14904000.0,293.72323
14907600.0,294.56021
14911200.0,295.81326
14914800.0,295.03938
14918400.0,294.25013
14922000.0,294.17318
14925600.0,291.17914
14929200.0,288.36604
14932800.0,287.08182
14936400.0,284.13697
14940000.0,284.93106
14943600.0,284.37638
14947200.0,284.56939
14950800.0,284.30786
14954400.0,284.67179
14958000.0,284.02786
14961600.0,283.48513
14965200.0,283.69192
14968800.0,284.65215
14972400.0,285.90917
14976000.0,288.73451
14979600.0,290.81694
14983200.0,293.1622
14986800.0,293.97106
14990400.0,295.22774
14994000.0,295.39378
14997600.0,295.27166
15001200.0,295.29665
15004800.0,295.86527
15008400.0,295.7984
15012000.0,292.45265
15015600.0,290.21874
15019200.0,289.59328
15022800.0,289.08492
15026400.0,286.8564
15030000.0,286.63881
15033600.0,286.1325
15037200.0,285.15413
15040800.0,285.63585
15044400.0,284.24686
15048000.0,283.65477
15051600.0,284.77242
15055200.0,287.28256
15058800.0,290.36373
15062400.0,292.68489
15066000.0,294.73087
15069600.0,295.77621
15073200.0,297.36809
15076800.0,297.40482
15080400.0,297.87607
15084000.0,297.79708
15087600.0,296.17134
15091200.0,295.78304
15094800.0,295.1114
15098400.0,291.13571
15102000.0,289.32878
15105600.0,287.3192
15109200.0,285.01062
15112800.0,284.47814
15116400.0,284.44663
15120000.0,283.41903
15123600.0,282.4724
15127200.0,281.17818
15130800.0,282.49357
15134400.0,280.71224
15138000.0,283.27827
15141600.0,286.85756
15145200.0,290.37859
15148800.0,293.50551
15152400.0,295.67559
15156000.0,297.01654
15159600.0,297.69915
15163200.0,298.85779
15166800.0,299.08699
15170400.0,298.68483
15174000.0,297.55939
15177600.0,297.35785
15181200.0,296.87977
15184800.0,294.87525
15188400.0,291.83603
15192000.0,292.28146
15195600.0,291.42203
15199200.0,290.13112
15202800.0,289.20688
15206400.0,288.05979
15210000.0,287.18195
15213600.0,285.41087
15217200.0,284.54189
15220800.0,285.07554
15224400.0,286.86417
15228000.0,290.21287
15231600.0,294.59612
15235200.0,297.37446
15238800.0,298.98205
15242400.0,300.26419
15246000.0,300.30566
15249600.0,300.53717
15253200.0,301.14409
15256800.0,301.65612
15260400.0,300.72802
15264000.0,299.64711
15267600.0,299.05434
15271200.0,296.74426
15274800.0,294.92895
15278400.0,294.59738
15282000.0,294.33044
15285600.0,293.92089
15289200.0,292.87282
15292800.0,291.52109
15296400.0,288.59244
15300000.0,287.89693
15303600.0,287.84921
15307200.0,287.84656
15310800.0,288.2758
15314400.0,289.75802
15318000.0,292.9651
15321600.0,296.40891
15325200.0,298.45091
15328800.0,299.40999
15332400.0,300.10832
15336000.0,300.75526
15339600.0,302.76207
15343200.0,302.92838
15346800.0,303.05494
15350400.0,302.92824
15354000.0,301.46854
15357600.0,299.65247
15361200.0,296.90012
15364800.0,296.20672
15368400.0,294.6906
15372000.0,293.21448
15375600.0,292.20601
15379200.0,290.72621
15382800.0,289.36164
15386400.0,287.86974
15390000.0,288.48485
15393600.0,289.11787
15397200.0,291.28657
15400800.0,293.09904
15404400.0,294.05696
15408000.0,296.86515
15411600.0,298.53378
15415200.0,298.92572
15418800.0,298.95634
15422400.0,299.10976
15426000.0,299.06792
15429600.0,298.83616
15433200.0,298.9397
15436800.0,299.25141
15440400.0,297.90415
15444000.0,295.71656
15447600.0,293.80774
15451200.0,290.97382
15454800.0,290.17951
15458400.0,289.23052
15462000.0,289.11797
15465600.0,289.78379
15469200.0,290.25502
15472800.0,289.78905
15476400.0,289.25735
15480000.0,289.75043
15483600.0,291.09819
15487200.0,292.70732
15490800.0,294.21786
15494400.0,295.62405
15498000.0,297.04295
15501600.0,299.18579
15505200.0,299.66395
15508800.0,300.84527
15512400.0,299.73357
15516000.0,300.15823
15519600.0,299.43902
15523200.0,297.53505
15526800.0,296.18705
15530400.0,294.79795
15534000.0,292.58276
15537600.0,291.4097
15541200.0,290.61655
15544800.0,289.55582
15548400.0,289.51471
15552000.0,289.54628
15555600.0,288.66655
15559200.0,287.10712
15562800.0,285.8492
15566400.0,285.27095
15570000.0,287.44566
15573600.0,288.9231
15577200.0,291.3396
15580800.0,293.55692
15584400.0,295.44934
15588000.0,296.95611
15591600.0,298.11651
15595200.0,298.86625
15598800.0,298.65503
15602400.0,298.34209
15606000.0,297.72559
15609600.0,297.76008
15613200.0,296.63669
15616800.0,293.64701
15620400.0,291.18405
15624000.0,290.33081
15627600.0,290.08203
15631200.0,290.48919
15634800.0,289.94315
15638400.0,289.25957
15642000.0,288.36731
15645600.0,288.33132
15649200.0,289.22452
15652800.0,287.04686
15656400.0,286.27944
15660000.0,287.74044
15663600.0,289.98823
15667200.0,293.1825
15670800.0,295.36568
15674400.0,296.45906
15678000.0,297.62436
15681600.0,297.72664
15685200.0,297.54475
15688800.0,297.3367
15692400.0,296.82267
15696000.0,296.49031
15699600.0,295.94883
15703200.0,294.60889
15706800.0,291.87682
15710400.0,289.91689
15714000.0,289.15082
15717600.0,287.90135
15721200.0,287.53669
15724800.0,286.18026
15728400.0,285.33013
15732000.0,284.22731
15735600.0,283.37645
15739200.0,282.5501
15742800.0,286.38274
15746400.0,288.87869
15750000.0,292.14101
15753600.0,293.56473
15757200.0,294.45865
15760800.0,295.91785
15764400.0,297.25836
15768000.0,298.18404
15771600.0,297.95744
15775200.0,297.01847
15778800.0,297.50658
15782400.0,297.25518
15786000.0,297.42639
15789600.0,294.27958
15793200.0,291.18088
15796800.0,289.49935
15800400.0,288.35736
15804000.0,286.72926
15807600.0,285.13641
15811200.0,283.49785
15814800.0,283.0076
15818400.0,283.46199
15822000.0,282.96334
15825600.0,282.85289
15829200.0,284.65994
15832800.0,288.99694
15836400.0,293.48354
15840000.0,295.50814
15843600.0,296.09343
15847200.0,296.22593
15850800.0,296.34711
15854400.0,297.46688
15858000.0,297.10545
15861600.0,298.57495
15865200.0,298.32072
15868800.0,297.10577
15872400.0,296.78898
15876000.0,294.69845
15879600.0,294.00995
15883200.0,291.92793
15886800.0,289.65994
15890400.0,288.85148
15894000.0,288.09758
15897600.0,287.08083
15901200.0,285.92937
15904800.0,285.86093
15908400.0,285.60046
15912000.0,284.98544
15915600.0,287.48697
15919200.0,290.88511
15922800.0,294.77891
15926400.0,297.17592
15930000.0,299.43651
15933600.0,299.49013
15937200.0,300.58602
15940800.0,301.8327
15944400.0,302.18182
15948000.0,302.24625
15951600.0,301.08891
15955200.0,299.92527
15958800.0,297.80706
15962400.0,296.25768
15966000.0,293.49544
15969600.0,292.44014
15973200.0,291.56094
15976800.0,291.19821
15980400.0,290.23892
15984000.0,288.86484
15987600.0,287.29231
15991200.0,286.23349
15994800.0,284.73413
15998400.0,285.0118
16002000.0,287.15569
16005600.0,290.54785
16009200.0,294.45854
16012800.0,296.94844
16016400.0,298.30853
16020000.0,299.17302
16023600.0,299.87816
16027200.0,299.8297
16030800.0,300.04816
16034400.0,300.01969
16038000.0,299.94012
16041600.0,299.32382
16045200.0,298.65902
16048800.0,296.55213
16052400.0,294.04878
16056000.0,292.96063
16059600.0,292.00558
16063200.0,290.52375
16066800.0,289.60423
16070400.0,288.94596
16074000.0,287.91798
16077600.0,287.3402
16081200.0,284.98212
16084800.0,285.10016
16088400.0,288.83592
16092000.0,292.96103
16095600.0,296.21415
16099200.0,298.6405
16102800.0,300.70091
16106400.0,302.1502
16110000.0,303.1774
16113600.0,303.16393
16117200.0,302.94255
16120800.0,302.53228
16124400.0,302.2647
16128000.0,301.5557
16131600.0,300.25231
16135200.0,298.26106
16138800.0,294.73228
16142400.0,293.08375
16146000.0,291.85042
16149600.0,290.70644
16153200.0,290.15673
16156800.0,289.21275
16160400.0,288.21254
16164000.0,288.28871
16167600.0,288.70475
16171200.0,288.51709
16174800.0,289.48553
16178400.0,291.82204
16182000.0,297.62863
16185600.0,300.28497
16189200.0,302.8929
16192800.0,303.81812
16196400.0,304.88591
16200000.0,305.28029
16203600.0,305.59301
16207200.0,304.56294
16210800.0,304.12991
16214400.0,303.45212
16218000.0,302.54705
16221600.0,299.93003
16225200.0,294.76562
16228800.0,292.33606
16232400.0,290.88657
16236000.0,291.60482
16239600.0,291.6516
16243200.0,291.67769
16246800.0,290.43528
16250400.0,290.54388
16254000.0,290.1187
16257600.0,289.10509
16261200.0,290.03054
16264800.0,293.4679
16268400.0,296.84901
16272000.0,299.99568
16275600.0,301.64251
16279200.0,302.5571
16282800.0,301.96221
16286400.0,302.27418
16290000.0,302.07132
16293600.0,302.06368
16297200.0,301.86932
16300800.0,301.22139
16304400.0,300.79743
16308000.0,299.4739
16311600.0,295.22905
16315200.0,293.48493
16318800.0,291.60751
16322400.0,290.99589
16326000.0,289.39336
16329600.0,289.33605
16333200.0,287.98951
16336800.0,287.85514
16340400.0,287.45174
16344000.0,287.0688
16347600.0,290.02179
16351200.0,294.32027
16354800.0,298.86993
16358400.0,301.1762
16362000.0,302.10721
16365600.0,303.65323
16369200.0,304.15302
16372800.0,303.67035
16376400.0,303.83653
16380000.0,303.9406
16383600.0,303.64446
16387200.0,304.55892
16390800.0,303.12724
16394400.0,301.12076
16398000.0,296.63273
16401600.0,293.0944
16405200.0,291.23919
16408800.0,289.99576
16412400.0,289.81591
16416000.0,289.42139
16419600.0,289.4722
16423200.0,289.8526
16426800.0,289.94117
16430400.0,289.45301
16434000.0,291.85737
16437600.0,295.0938
16441200.0,298.87343
16444800.0,300.35313
16448400.0,301.53879
16452000.0,302.81666
16455600.0,304.38495
16459200.0,304.20934
16462800.0,305.37485
16466400.0,305.36814
16470000.0,304.38582
16473600.0,303.96532
16477200.0,302.90125
16480800.0,300.71813
16484400.0,296.51096
16488000.0,294.5687
16491600.0,293.03201
16495200.0,291.50958
16498800.0,290.52328
16502400.0,289.50387
16506000.0,288.76059
16509600.0,287.91679
16513200.0,287.29343
16516800.0,287.29699
16520400.0,289.93619
16524000.0,292.34911
16527600.0,297.62501
16531200.0,301.41745
16534800.0,302.83326
16538400.0,302.32841
16542000.0,303.36076
16545600.0,305.32464
16549200.0,304.81491
16552800.0,304.75587
16556400.0,304.73493
16560000.0,304.22359
16563600.0,303.84919
16567200.0,300.87985
16570800.0,297.50232
16574400.0,296.08391
16578000.0,294.84171
16581600.0,293.96982
16585200.0,290.84892
16588800.0,289.98015
16592400.0,289.09693
16596000.0,287.24672
16599600.0,287.45439
16603200.0,287.78924
16606800.0,290.12128
16610400.0,293.5878
16614000.0,297.40214
16617600.0,298.50569
16621200.0,300.59095
16624800.0,301.3036
16628400.0,302.26292
16632000.0,302.74241
16635600.0,302.90128
16639200.0,303.20574
16642800.0,302.93342
16646400.0,302.16595
16650000.0,301.0502
16653600.0,299.62791
16657200.0,296.36289
16660800.0,294.82857
16664400.0,293.48217
16668000.0,292.97812
16671600.0,291.70006
16675200.0,291.08959
16678800.0,290.52561
16682400.0,289.60269
16686000.0,289.14098
16689600.0,288.15876
16693200.0,290.6971
16696800.0,294.09443
16700400.0,297.88059
16704000.0,301.09188
16707600.0,301.64431
16711200.0,302.23413
16714800.0,303.53826
16718400.0,303.44384
16722000.0,304.3056
16725600.0,304.93498
16729200.0,304.77965
16732800.0,303.66426
16736400.0,302.72804
16740000.0,300.95609
16743600.0,296.90574
16747200.0,296.63435
16750800.0,296.79105
16754400.0,296.26936
16758000.0,293.64204
16761600.0,291.397
16765200.0,290.53593
16768800.0,289.62547
16772400.0,289.14872
16776000.0,287.9683
16779600.0,290.24344
16783200.0,292.74481
16786800.0,296.83201
16790400.0,298.92317
16794000.0,300.65612
16797600.0,302.04182
16801200.0,303.43938
16804800.0,305.20402
16808400.0,305.71584
16812000.0,305.18069
16815600.0,304.31955
16819200.0,303.9572
16822800.0,302.78483
16826400.0,300.77178
16830000.0,298.61033
16833600.0,297.30876
16837200.0,296.28099
16840800.0,294.81073
16844400.0,293.97379
16848000.0,293.19354
16851600.0,292.2986
16855200.0,292.2768
16858800.0,290.96641
16862400.0,291.22803
16866000.0,291.26497
16869600.0,293.30874
16873200.0,297.73055
16876800.0,302.37831
16880400.0,305.3716
16884000.0,306.7606
16887600.0,306.77741
16891200.0,307.68043
16894800.0,308.09763
16898400.0,308.61228
16902000.0,308.57003
16905600.0,307.73487
16909200.0,307.18277
16912800.0,303.62345
16916400.0,300.07539
16920000.0,299.26512
16923600.0,298.51201
16927200.0,296.20951
16930800.0,295.03638
16934400.0,293.29956
16938000.0,291.32329
16941600.0,290.34706
16945200.0,290.18068
16948800.0,290.57927
16952400.0,293.66181
16956000.0,297.23277
16959600.0,301.32082
16963200.0,303.37066
16966800.0,305.18366
16970400.0,306.08889
16974000.0,306.04226
16977600.0,307.07503
16981200.0,308.24765
16984800.0,308.00388
16988400.0,307.63502
16992000.0,306.75493
16995600.0,306.06318
16999200.0,304.05404
17002800.0,301.16584
17006400.0,300.03233
17010000.0,299.18889
17013600.0,298.14757
17017200.0,296.74318
17020800.0,295.35239
17024400.0,293.8042
17028000.0,292.15932
17031600.0,291.27742
17035200.0,291.42063
17038800.0,293.5476
17042400.0,295.67108
17046000.0,299.02536
17049600.0,300.79639
17053200.0,302.28167
17056800.0,304.85013
17060400.0,305.97513
17064000.0,307.06731
17067600.0,307.95739
17071200.0,308.48426
17074800.0,306.79798
17078400.0,306.30887
17082000.0,305.25838
17085600.0,303.20873
17089200.0,299.74142
17092800.0,298.70778
17096400.0,297.61052
17100000.0,297.30579
17103600.0,296.01447
17107200.0,294.4511
17110800.0,293.39182
17114400.0,292.01934
17118000.0,291.31718
17121600.0,291.18395
17125200.0,292.47044
17128800.0,294.64756
17132400.0,296.91937
17136000.0,299.13764
17139600.0,300.68034
17143200.0,300.62715
17146800.0,302.0303
17150400.0,302.57633
17154000.0,303.60752
17157600.0,302.57192
17161200.0,302.75775
17164800.0,303.50116
17168400.0,302.79807
17172000.0,301.16976
17175600.0,300.40376
17179200.0,299.46974
17182800.0,298.65584
17186400.0,297.57265
17190000.0,296.57326
17193600.0,295.53528
17197200.0,294.68124
17200800.0,293.36674
17204400.0,292.696
17208000.0,292.27834
17211600.0,289.79377
17215200.0,290.25641
17218800.0,292.88736
17222400.0,295.68868
17226000.0,296.35384
17229600.0,297.41197
17233200.0,298.2915
17236800.0,298.27855
17240400.0,298.21005
17244000.0,297.81228
17247600.0,297.68407
17251200.0,296.8441
17254800.0,296.18181
17258400.0,295.41997
17262000.0,294.13161
17265600.0,293.40878
17269200.0,291.89161
17272800.0,290.4708
17276400.0,289.13193
17280000.0,288.46104
17283600.0,287.47104
17287200.0,287.05829
17290800.0,287.05806
17294400.0,287.07458
17298000.0,288.43045
17301600.0,291.81478
17305200.0,297.66239
17308800.0,301.02836
17312400.0,303.41231
17316000.0,304.49903
17319600.0,304.55645
17323200.0,305.08752
17326800.0,304.71533
17330400.0,305.22082
17334000.0,305.32083
17337600.0,304.60765
17341200.0,303.57803
17344800.0,301.54902
17348400.0,297.01773
17352000.0,295.29295
17355600.0,293.85651
17359200.0,292.2645
17362800.0,290.74868
17366400.0,289.25282
17370000.0,288.41514
17373600.0,287.83062
17377200.0,288.22445
17380800.0,289.22294
17384400.0,292.00677
17388000.0,294.83575
17391600.0,298.19503
17395200.0,300.31224
17398800.0,301.67832
17402400.0,302.89093
17406000.0,303.26417
17409600.0,304.44623
17413200.0,304.78621
17416800.0,304.64122
17420400.0,305.11969
17424000.0,304.60614
17427600.0,303.61182
17431200.0,301.12151
17434800.0,297.35474
17438400.0,296.28878
17442000.0,295.53012
17445600.0,294.53542
17449200.0,293.19404
17452800.0,293.36808
17456400.0,292.80009
17460000.0,291.54757
17463600.0,290.55327
17467200.0,289.65659
17470800.0,291.09048
17474400.0,293.61111
17478000.0,298.53961
17481600.0,303.15713
17485200.0,305.57687
17488800.0,307.44212
17492400.0,309.17489
17496000.0,310.27791
17499600.0,310.82154
17503200.0,310.6222
17506800.0,310.01027
17510400.0,308.72427
17514000.0,307.46498
17517600.0,303.50032
17521200.0,299.52501
17524800.0,298.30853
17528400.0,297.27123
17532000.0,296.26626
17535600.0,294.65761
17539200.0,293.5978
17542800.0,293.30128
17546400.0,293.14025
17550000.0,292.8362
17553600.0,292.91003
17557200.0,293.76146
17560800.0,296.29027
17564400.0,299.82488
17568000.0,304.33316
17571600.0,308.36381
17575200.0,309.47818
17578800.0,310.63792
17582400.0,312.04284
17586000.0,312.61929
17589600.0,312.72482
17593200.0,310.91417
17596800.0,311.00245
17600400.0,309.04839
17604000.0,305.53855
17607600.0,302.00415
17611200.0,301.11205
17614800.0,299.12609
17618400.0,297.46315
17622000.0,296.83374
17625600.0,295.14087
17629200.0,293.97503
17632800.0,293.77589
17636400.0,293.47092
17640000.0,293.39953
17643600.0,295.56491
17647200.0,298.27783
17650800.0,302.22786
17654400.0,306.64932
17658000.0,307.76445
17661600.0,307.9485
17665200.0,308.324
17668800.0,308.90451
17672400.0,308.01017
17676000.0,308.01184
17679600.0,307.54022
17683200.0,308.62475
17686800.0,306.96362
17690400.0,304.74544
17694000.0,301.75088
17697600.0,300.48403
17701200.0,299.03151
17704800.0,297.49202
17708400.0,295.22852
17712000.0,295.38518
17715600.0,295.5907
17719200.0,294.42727
17722800.0,294.08636
17726400.0,291.86904
17730000.0,293.54323
17733600.0,294.78154
17737200.0,299.02541
17740800.0,301.92318
17744400.0,304.74146
17748000.0,305.7231
17751600.0,306.47785
17755200.0,306.09738
17758800.0,305.53097
17762400.0,304.86028
17766000.0,303.86173
17769600.0,304.07034
17773200.0,303.07275
17776800.0,302.22899
17780400.0,300.91382
17784000.0,298.81432
17787600.0,297.22811
17791200.0,296.16511
17794800.0,294.92053
17798400.0,293.51779
17802000.0,292.95273
17805600.0,292.7861
17809200.0,292.42677
17812800.0,291.80885
17816400.0,293.24337
17820000.0,295.74294
17823600.0,297.99863
17827200.0,300.56466
17830800.0,303.13372
17834400.0,305.47489
17838000.0,307.40224
17841600.0,307.83353
17845200.0,307.99418
17848800.0,307.67237
17852400.0,307.59656
17856000.0,306.53294
17859600.0,304.48842
17863200.0,302.28247
17866800.0,300.1153
17870400.0,299.37374
17874000.0,298.39151
17877600.0,297.04144
17881200.0,295.90049
17884800.0,295.28043
17888400.0,293.83992
17892000.0,292.12073
17895600.0,292.52619
17899200.0,291.85635
17902800.0,292.79033
17906400.0,296.24322
17910000.0,299.36305
17913600.0,301.61142
17917200.0,303.36903
17920800.0,305.40757
17924400.0,306.86128
17928000.0,307.70339
17931600.0,308.24833
17935200.0,306.40089
17938800.0,305.48084
17942400.0,302.88866
17946000.0,300.79594
17949600.0,299.52332
17953200.0,297.37837
17956800.0,294.31744
17960400.0,291.89875
17964000.0,292.97318
17967600.0,292.48315
17971200.0,292.32279
17974800.0,291.97845
17978400.0,291.62926
17982000.0,290.69557
17985600.0,291.82904
17989200.0,292.10695
17992800.0,294.00592
17996400.0,298.60934
18000000.0,303.75082
18003600.0,304.72066
18007200.0,304.53871
18010800.0,306.06996
18014400.0,305.913
18018000.0,301.6804
18021600.0,300.59137
18025200.0,297.82442
18028800.0,295.51831
18032400.0,294.57124
18036000.0,292.99723
18039600.0,293.01239
18043200.0,292.32749
18046800.0,292.34432
18050400.0,291.91834
18054000.0,292.0069
18057600.0,291.69262
18061200.0,290.82323
18064800.0,289.44091
18068400.0,288.94271
18072000.0,289.23151
18075600.0,291.37299
18079200.0,294.63817
18082800.0,297.28099
18086400.0,298.83903
18090000.0,301.22153
18093600.0,303.94991
18097200.0,305.64546
18100800.0,306.81156
18104400.0,308.38009
18108000.0,307.76839
18111600.0,308.17214
18115200.0,305.94293
18118800.0,304.51837
18122400.0,301.74933
18126000.0,297.07978
18129600.0,296.67722
18133200.0,295.97872
18136800.0,295.3308
18140400.0,295.03264
18144000.0,294.19505
18147600.0,292.76061
18151200.0,291.47439
18154800.0,290.14596
18158400.0,289.91356
18162000.0,292.46226
18165600.0,295.63777
18169200.0,300.76622
18172800.0,303.7795
18176400.0,307.08163
18180000.0,308.53532
18183600.0,309.28327
18187200.0,309.20073
18190800.0,309.6554
18194400.0,310.31999
18198000.0,309.85364
18201600.0,308.64963
18205200.0,306.90285
18208800.0,304.10217
18212400.0,300.73043
18216000.0,300.76986
18219600.0,299.58393
18223200.0,297.41517
18226800.0,295.69067
18230400.0,294.69606
18234000.0,294.08916
18237600.0,293.32081
18241200.0,292.79514
18244800.0,291.24138
18248400.0,294.59086
18252000.0,298.18888
18255600.0,303.18157
18259200.0,306.41304
18262800.0,306.88429
18266400.0,307.22192
18270000.0,308.87617
18273600.0,309.49271
18277200.0,309.07926
18280800.0,308.4182
18284400.0,307.62533
18288000.0,305.99358
18291600.0,304.344
18295200.0,301.63865
18298800.0,298.87754
18302400.0,298.13389
18306000.0,297.78323
18309600.0,296.98675
18313200.0,297.33824
18316800.0,297.8321
18320400.0,296.99602
18324000.0,296.65592
18327600.0,295.87159
18331200.0,295.52733
18334800.0,296.86626
18338400.0,299.09408
18342000.0,301.76446
18345600.0,304.82906
18349200.0,307.36729
18352800.0,308.39521
18356400.0,309.77419
18360000.0,308.17699
18363600.0,306.9697
18367200.0,306.05876
18370800.0,305.75617
18374400.0,305.58348
18378000.0,304.03243
18381600.0,302.88909
18385200.0,300.38683
18388800.0,298.80445
18392400.0,297.64064
18396000.0,297.52676
18399600.0,297.45911
18403200.0,295.66916
18406800.0,295.26545
18410400.0,297.03222
18414000.0,295.52075
18417600.0,293.79149
18421200.0,295.16791
18424800.0,295.0127
18428400.0,298.87372
18432000.0,300.54865
18435600.0,302.15652
18439200.0,303.01138
18442800.0,303.45986
18446400.0,303.68815
18450000.0,303.74878
18453600.0,303.95659
18457200.0,305.13572
18460800.0,304.0561
18464400.0,303.56578
18468000.0,300.87005
18471600.0,298.28024
18475200.0,296.19222
18478800.0,296.72505
18482400.0,294.89877
18486000.0,292.0612
18489600.0,291.24361
18493200.0,292.15573
18496800.0,290.92074
18500400.0,288.96697
18504000.0,287.64401
18507600.0,288.52437
18511200.0,289.44408
18514800.0,290.95261
18518400.0,292.54541
18522000.0,293.79021
18525600.0,294.87151
18529200.0,296.9926
18532800.0,298.51641
18536400.0,300.55297
18540000.0,301.42973
18543600.0,301.70726
18547200.0,301.645
18550800.0,300.41156
18554400.0,297.3963
18558000.0,293.84927
18561600.0,291.28869
18565200.0,290.82913
18568800.0,290.45794
18572400.0,290.36725
18576000.0,290.14406
18579600.0,290.21822
18583200.0,289.65611
18586800.0,288.98506
18590400.0,288.51379
18594000.0,290.45449
18597600.0,293.90415
18601200.0,298.21063
18604800.0,300.25532
18608400.0,302.21874
18612000.0,303.86224
18615600.0,304.92313
18619200.0,306.58062
18622800.0,307.27135
18626400.0,307.6888
18630000.0,307.02209
18633600.0,306.1192
18637200.0,304.25676
18640800.0,301.01522
18644400.0,296.27185
18648000.0,295.06407
18651600.0,294.18032
18655200.0,293.71847
18658800.0,292.27015
18662400.0,291.33175
18666000.0,290.1104
18669600.0,289.61512
18673200.0,288.81789
18676800.0,288.43382
18680400.0,291.21657
18684000.0,295.24889
18687600.0,298.75257
18691200.0,302.36759
18694800.0,304.92817
18698400.0,305.48587
18702000.0,306.51572
18705600.0,306.73861
18709200.0,305.40584
18712800.0,306.17735
18716400.0,305.96076
18720000.0,304.93608
18723600.0,304.08831
18727200.0,300.57046
18730800.0,297.52564
18734400.0,295.85806
18738000.0,295.2177
18741600.0,294.65416
18745200.0,294.12134
18748800.0,293.14241
18752400.0,292.2551
18756000.0,291.04013
18759600.0,290.38424
18763200.0,289.94098
18766800.0,293.56297
18770400.0,296.60835
18774000.0,300.7558
18777600.0,303.64569
18781200.0,305.09633
18784800.0,306.1438
18788400.0,306.35479
18792000.0,306.10706
18795600.0,306.73578
18799200.0,305.94926
18802800.0,306.7188
18806400.0,305.69368
18810000.0,305.78313
18813600.0,302.84196
18817200.0,298.90522
18820800.0,296.01337
18824400.0,295.03241
18828000.0,294.24856
18831600.0,293.28753
18835200.0,292.4155
18838800.0,291.69103
18842400.0,290.86532
18846000.0,290.25217
18849600.0,290.10904
18853200.0,292.19532
18856800.0,295.20279
18860400.0,298.40372
18864000.0,300.71494
18867600.0,302.55257
18871200.0,303.66264
18874800.0,304.3838
18878400.0,304.47773
18882000.0,304.44718
18885600.0,304.25308
18889200.0,304.30562
18892800.0,302.60111
18896400.0,302.13148
18900000.0,300.87811
18903600.0,298.01388
18907200.0,296.71901
18910800.0,295.23073
18914400.0,294.1677
18918000.0,292.72545
18921600.0,291.4764
18925200.0,291.28221
18928800.0,291.90253
18932400.0,291.5632
18936000.0,290.88397
18939600.0,294.17452
18943200.0,297.97078
18946800.0,300.70493
18950400.0,302.76794
18954000.0,304.91998
18957600.0,306.1586
18961200.0,307.90915
18964800.0,308.26757
18968400.0,307.89015
18972000.0,308.53007
18975600.0,308.61826
18979200.0,306.8662
18982800.0,305.92567
18986400.0,303.27422
18990000.0,299.8799
18993600.0,298.59117
18997200.0,297.98705
19000800.0,297.33885
19004400.0,296.91028
19008000.0,297.09624
19011600.0,296.49542
19015200.0,295.50935
19018800.0,295.00511
19022400.0,294.36674
19026000.0,294.68666
19029600.0,296.09487
19033200.0,299.71325
19036800.0,304.3902
19040400.0,306.31537
19044000.0,308.23296
19047600.0,309.73488
19051200.0,311.47943
19054800.0,311.19643
19058400.0,310.43818
19062000.0,308.06778
19065600.0,306.27038
19069200.0,305.49891
19072800.0,303.48129
19076400.0,301.04242
19080000.0,299.25377
19083600.0,298.86123
19087200.0,298.57721
19090800.0,297.76274
19094400.0,297.30068
19098000.0,296.75379
19101600.0,295.67185
19105200.0,294.38854
19108800.0,294.93267
19112400.0,297.80581
19116000.0,300.15633
19119600.0,304.08336
19123200.0,307.66015
19126800.0,310.02893
19130400.0,311.4591
19134000.0,312.98313
19137600.0,312.51744
19141200.0,311.91939
19144800.0,311.69091
19148400.0,312.22666
19152000.0,311.75042
19155600.0,310.60992
19159200.0,307.73115
19162800.0,302.79856
19166400.0,299.94165
19170000.0,297.97148
19173600.0,298.83588
19177200.0,298.97647
19180800.0,297.81017
19184400.0,298.31738
19188000.0,298.15471
19191600.0,297.67948
19195200.0,296.39695
19198800.0,297.37598
19202400.0,299.27687
19206000.0,301.0589
19209600.0,303.41338
19213200.0,304.30437
19216800.0,304.49831
19220400.0,304.49396
19224000.0,304.60077
19227600.0,304.93098
19231200.0,305.13682
19234800.0,305.39847
19238400.0,305.05843
19242000.0,301.8167
19245600.0,301.93414
19249200.0,300.46259
19252800.0,299.53893
19256400.0,296.93583
19260000.0,296.63684
19263600.0,296.36167
19267200.0,296.4419
19270800.0,295.83664
19274400.0,294.67824
19278000.0,294.96193
19281600.0,293.56661
19285200.0,293.82233
19288800.0,295.34607
19292400.0,297.44864
19296000.0,298.58616
19299600.0,299.44114
19303200.0,300.72958
19306800.0,301.16651
19310400.0,301.23311
19314000.0,302.01257
19317600.0,301.01046
19321200.0,302.00977
19324800.0,301.3027
19328400.0,299.74186
19332000.0,297.13034
19335600.0,294.81731
19339200.0,294.03196
19342800.0,293.16709
19346400.0,292.01605
19350000.0,291.64709
19353600.0,290.9147
19357200.0,290.46417
19360800.0,290.09968
19364400.0,289.15275
19368000.0,288.94764
19371600.0,289.87898
19375200.0,292.59628
19378800.0,296.87847
19382400.0,299.13592
19386000.0,300.05643
19389600.0,301.7877
19393200.0,302.13563
19396800.0,302.92995
19400400.0,304.38302
19404000.0,304.467
19407600.0,303.99769
19411200.0,302.8972
19414800.0,301.87135
19418400.0,299.90555
19422000.0,297.62262
19425600.0,296.3411
19429200.0,294.70509
19432800.0,293.25026
19436400.0,291.4832
19440000.0,291.92601
19443600.0,290.46531
19447200.0,289.68034
19450800.0,289.71607
19454400.0,289.57946
19458000.0,290.87555
19461600.0,293.71448
19465200.0,296.82778
19468800.0,298.81803
19472400.0,299.90608
19476000.0,302.00137
19479600.0,302.89985
19483200.0,303.91469
19486800.0,304.67185
19490400.0,304.51154
19494000.0,303.94992
19497600.0,303.23962
19501200.0,302.623
19504800.0,301.40474
19508400.0,297.79935
19512000.0,296.01071
19515600.0,294.82428
19519200.0,293.01111
19522800.0,291.60675
19526400.0,290.58014
19530000.0,289.69362
19533600.0,288.56521
19537200.0,288.05988
19540800.0,287.71418
19544400.0,290.74461
19548000.0,294.5615
19551600.0,298.22966
19555200.0,300.46922
19558800.0,302.57463
19562400.0,304.0891
19566000.0,305.7479
19569600.0,305.86002
19573200.0,306.30974
19576800.0,307.45444
19580400.0,306.60731
19584000.0,306.27605
19587600.0,305.40033
19591200.0,301.36887
19594800.0,297.82618
19598400.0,296.04559
19602000.0,294.20245
19605600.0,293.58875
19609200.0,292.50151
19612800.0,291.56014
19616400.0,290.68623
19620000.0,290.00382
19623600.0,289.17216
19627200.0,289.12953
19630800.0,292.02421
19634400.0,294.6089
19638000.0,297.89771
19641600.0,301.58917
19645200.0,303.47921
19648800.0,304.88013
19652400.0,306.63314
19656000.0,307.29413
19659600.0,308.11558
19663200.0,308.91469
19666800.0,308.50201
19670400.0,306.99372
19674000.0,306.17751
19677600.0,303.01945
19681200.0,298.73989
19684800.0,297.16014
19688400.0,295.12715
19692000.0,294.48096
19695600.0,294.10755
19699200.0,292.43168
19702800.0,291.96732
19706400.0,292.22644
19710000.0,291.86654
19713600.0,291.65291
19717200.0,292.04717
19720800.0,294.45838
19724400.0,297.88311
19728000.0,301.74772
19731600.0,305.3944
19735200.0,308.40571
19738800.0,310.049
19742400.0,311.73545
19746000.0,312.3283
19749600.0,312.12147
19753200.0,311.11882
19756800.0,311.01711
19760400.0,309.97179
19764000.0,304.9319
19767600.0,299.67703
19771200.0,298.11275
19774800.0,297.04961
19778400.0,296.48214
19782000.0,295.93559
19785600.0,295.2234
19789200.0,294.39875
19792800.0,294.07291
19796400.0,294.03308
19800000.0,293.42457
19803600.0,295.37806
19807200.0,297.94081
19810800.0,301.2569
19814400.0,305.68654
19818000.0,307.34698
19821600.0,308.63485
19825200.0,309.5269
19828800.0,310.36141
19832400.0,310.72484
19836000.0,310.23807
19839600.0,309.50509
19843200.0,309.41928
19846800.0,308.41381
19850400.0,305.84016
19854000.0,301.70372
19857600.0,300.91741
19861200.0,299.95242
19864800.0,299.2486
19868400.0,298.57583
19872000.0,296.89688
19875600.0,294.8911
19879200.0,292.7261
19882800.0,291.95005
19886400.0,292.24048
19890000.0,294.305
19893600.0,297.36432
19897200.0,301.34195
19900800.0,304.33059
19904400.0,306.25774
19908000.0,308.74735
19911600.0,309.12134
19915200.0,309.2083
19918800.0,310.65395
19922400.0,310.43799
19926000.0,309.83005
19929600.0,308.6414
19933200.0,304.61462
19936800.0,300.34571
19940400.0,296.51563
19944000.0,298.8336
19947600.0,297.50276
19951200.0,295.68168
19954800.0,293.73691
19958400.0,292.20485
19962000.0,292.74875
19965600.0,293.12562
19969200.0,292.92526
19972800.0,292.6903
19976400.0,295.06779
19980000.0,297.28255
19983600.0,298.81425
19987200.0,300.16782
19990800.0,300.59156
19994400.0,301.006
19998000.0,301.29006
20001600.0,301.85348
20005200.0,301.19858
20008800.0,300.73248
20012400.0,299.7261
20016000.0,299.32512
20019600.0,298.91072
20023200.0,296.29242
20026800.0,293.87866
20030400.0,293.13303
20034000.0,292.6282
20037600.0,291.78044
20041200.0,291.74021
20044800.0,291.29435
20048400.0,290.88949
20052000.0,291.65237
20055600.0,290.70679
20059200.0,290.20774
20062800.0,289.72162
20066400.0,291.07168
20070000.0,293.58972
20073600.0,294.68924
20077200.0,296.21365
20080800.0,297.6575
20084400.0,298.08514
20088000.0,298.36999
20091600.0,299.15479
20095200.0,301.1063
20098800.0,302.09243
20102400.0,301.65599
20106000.0,300.81316
20109600.0,299.5511
20113200.0,295.69831
20116800.0,294.13624
20120400.0,293.40901
20124000.0,292.51834
20127600.0,292.27275
20131200.0,292.2707
20134800.0,291.6241
20138400.0,290.35592
20142000.0,290.33434
20145600.0,289.5083
20149200.0,291.6749
20152800.0,294.59206
20156400.0,296.31777
20160000.0,298.70284
20163600.0,301.24975
20167200.0,302.95505
20170800.0,304.55417
20174400.0,306.69875
20178000.0,307.73668
20181600.0,307.28315
20185200.0,306.4695
20188800.0,305.95003
20192400.0,304.33579
20196000.0,301.41459
20199600.0,298.00775
20203200.0,297.19502
20206800.0,296.31309
20210400.0,294.80137
20214000.0,293.70536
20217600.0,292.44995
20221200.0,291.16313
20224800.0,291.35874
20228400.0,291.69447
20232000.0,291.01153
20235600.0,293.15481
20239200.0,294.97802
20242800.0,296.87227
20246400.0,301.79651
20250000.0,305.81083
20253600.0,307.21701
20257200.0,308.59924
20260800.0,308.92194
20264400.0,309.33044
20268000.0,308.32634
20271600.0,307.83872
20275200.0,308.71401
20278800.0,307.28941
20282400.0,303.36932
20286000.0,300.65586
20289600.0,298.09846
20293200.0,297.49176
20296800.0,295.69945
20300400.0,295.88201
20304000.0,294.94297
20307600.0,295.44159
20311200.0,294.13963
20314800.0,292.45933
20318400.0,292.1963
20322000.0,293.98633
20325600.0,297.29845
20329200.0,300.98365
20332800.0,303.4725
20336400.0,304.27372
20340000.0,306.87759
20343600.0,308.45153
20347200.0,309.28152
20350800.0,309.81638
20354400.0,309.68691
20358000.0,309.09197
20361600.0,308.45471
20365200.0,307.54729
20368800.0,303.70434
20372400.0,300.65271
20376000.0,299.31317
20379600.0,298.17338
20383200.0,297.12965
20386800.0,295.59304
20390400.0,293.51724
20394000.0,293.57662
20397600.0,293.3329
20401200.0,292.99987
20404800.0,293.17094
20408400.0,294.34361
20412000.0,296.44647
20415600.0,298.84439
20419200.0,301.36374
20422800.0,304.40584
20426400.0,306.28107
20430000.0,307.63027
20433600.0,308.59981
20437200.0,308.68394
20440800.0,306.0573
20444400.0,307.65768
20448000.0,307.73055
20451600.0,306.05084
20455200.0,301.71864
20458800.0,298.04374
20462400.0,296.76762
20466000.0,295.69054
20469600.0,294.61348
20473200.0,294.55223
20476800.0,293.52578
20480400.0,293.94831
20484000.0,294.30256
20487600.0,295.21328
20491200.0,294.32325
20494800.0,295.11156
20498400.0,295.75097
20502000.0,297.36086
20505600.0,298.60186
20509200.0,299.10127
20512800.0,300.18416
20516400.0,301.12501
20520000.0,300.48548
20523600.0,301.23664
20527200.0,301.47912
20530800.0,301.56712
20534400.0,301.1026
20538000.0,300.88032
20541600.0,298.46254
20545200.0,297.5754
20548800.0,297.46659
20552400.0,296.76785
20556000.0,296.09826
20559600.0,294.84586
20563200.0,293.33553
20566800.0,293.00107
20570400.0,291.43537
20574000.0,291.86409
20577600.0,292.79862
20581200.0,293.83711
20584800.0,294.62375
20588400.0,296.49827
20592000.0,298.66338
20595600.0,301.28803
20599200.0,302.98566
20602800.0,303.83007
20606400.0,304.87437
20610000.0,305.12093
20613600.0,305.11398
20617200.0,304.90772
20620800.0,304.34566
20624400.0,302.72246
20628000.0,299.98119
20631600.0,297.60294
20635200.0,296.7992
20638800.0,295.45377
20642400.0,294.55996
20646000.0,294.21877
20649600.0,293.16629
20653200.0,293.10231
20656800.0,292.28229
20660400.0,292.6079
20664000.0,291.85572
20667600.0,292.74436
20671200.0,295.39173
20674800.0,297.48817
20678400.0,299.92789
20682000.0,303.08513
20685600.0,304.70394
20689200.0,305.98555
20692800.0,307.58851
20696400.0,308.99639
20700000.0,309.08358
20703600.0,308.78903
20707200.0,307.72741
20710800.0,306.70141
20714400.0,302.51142
20718000.0,299.27775
20721600.0,298.10802
20725200.0,296.69028
20728800.0,295.55211
20732400.0,293.92325
20736000.0,292.60156
20739600.0,291.70462
20743200.0,291.52049
20746800.0,291.3411
20750400.0,290.74856
20754000.0,291.78327
20757600.0,294.69208
20761200.0,297.80597
20764800.0,300.1646
20768400.0,302.31112
20772000.0,304.16807
20775600.0,305.69899
20779200.0,306.8163
20782800.0,306.67761
20786400.0,306.51573
20790000.0,306.49677
20793600.0,305.69645
20797200.0,304.96172
20800800.0,301.46027
20804400.0,298.08244
20808000.0,298.04538
20811600.0,296.98728
20815200.0,295.71962
20818800.0,295.20174
20822400.0,294.99036
20826000.0,294.72963
20829600.0,294.14986
20833200.0,293.33517
20836800.0,293.13927
20840400.0,295.05534
20844000.0,297.01389
20847600.0,299.78408
20851200.0,301.08996
20854800.0,302.89433
20858400.0,303.71127
20862000.0,305.02151
20865600.0,305.59011
20869200.0,306.37997
20872800.0,307.25392
20876400.0,308.13946
20880000.0,306.9868
20883600.0,305.4435
20887200.0,302.19741
20890800.0,299.2325
20894400.0,297.13588
20898000.0,295.7158
20901600.0,294.83349
20905200.0,295.03378
20908800.0,294.58644
20912400.0,294.90979
20916000.0,294.74285
20919600.0,294.63031
20923200.0,294.73947
20926800.0,295.24253
20930400.0,297.41301
20934000.0,298.29588
20937600.0,298.55354
20941200.0,300.41316
20944800.0,300.38793
20948400.0,301.54402
20952000.0,302.69261
20955600.0,302.92568
20959200.0,303.2522
20962800.0,303.17461
20966400.0,302.47523
20970000.0,302.43342
20973600.0,301.41928
20977200.0,300.16387
20980800.0,299.07426
20984400.0,297.87002
20988000.0,297.21121
20991600.0,296.93162
20995200.0,296.99301
20998800.0,295.43054
21002400.0,295.6476
21006000.0,294.49954
21009600.0,294.61034
21013200.0,295.08231
21016800.0,297.95553
21020400.0,302.53846
21024000.0,305.02956
21027600.0,306.80085
21031200.0,307.92613
21034800.0,309.91999
21038400.0,310.28349
21042000.0,309.57249
21045600.0,309.07956
21049200.0,308.66929
21052800.0,308.21481
21056400.0,307.58661
21060000.0,303.92481
21063600.0,302.28483
21067200.0,301.77011
21070800.0,301.65357
21074400.0,301.17663
21078000.0,300.01414
21081600.0,298.43304
21085200.0,296.67053
21088800.0,296.07595
21092400.0,295.65481
21096000.0,295.91624
21099600.0,296.90652
21103200.0,299.26186
21106800.0,302.56906
21110400.0,305.5681
21114000.0,307.20985
21117600.0,308.21208
21121200.0,308.57146
21124800.0,309.50639
21128400.0,308.57411
21132000.0,309.14085
21135600.0,308.14006
21139200.0,307.42165
21142800.0,305.14839
21146400.0,301.3602
21150000.0,298.38153
21153600.0,296.76972
21157200.0,297.52609
21160800.0,296.2738
21164400.0,296.57983
21168000.0,297.50226
21171600.0,296.44964
21175200.0,296.8236
21178800.0,296.53755
21182400.0,296.17559
21186000.0,296.70139
21189600.0,299.67426
21193200.0,301.27776
21196800.0,304.30668
21200400.0,306.12991
21204000.0,304.26189
21207600.0,304.6775
21211200.0,303.31312
21214800.0,305.54296
21218400.0,306.64287
21222000.0,306.13973
21225600.0,306.15066
21229200.0,304.68954
21232800.0,301.75533
21236400.0,299.94325
21240000.0,298.75951
21243600.0,298.13534
21247200.0,297.25854
21250800.0,296.28681
21254400.0,295.35182
21258000.0,295.3011
21261600.0,294.41978
21265200.0,294.15634
21268800.0,294.5828
21272400.0,295.06177
21276000.0,295.65893
21279600.0,297.01006
21283200.0,299.20498
21286800.0,302.46179
21290400.0,303.03852
21294000.0,305.56264
21297600.0,306.02718
21301200.0,306.47295
21304800.0,307.15923
21308400.0,307.89702
21312000.0,306.87237
21315600.0,305.59316
21319200.0,301.32656
21322800.0,298.63449
21326400.0,297.99625
21330000.0,297.39107
21333600.0,296.392
21337200.0,295.41284
21340800.0,294.05939
21344400.0,293.56761
21348000.0,293.89342
21351600.0,294.24718
21355200.0,293.68672
21358800.0,294.13588
21362400.0,296.41109
21366000.0,300.34969
21369600.0,302.39545
21373200.0,303.61345
21376800.0,306.21659
21380400.0,308.45176
21384000.0,309.10841
21387600.0,310.59568
21391200.0,310.86957
21394800.0,309.73367
21398400.0,307.2649
21402000.0,306.31175
21405600.0,303.17373
21409200.0,301.33251
21412800.0,300.47064
21416400.0,299.76976
21420000.0,298.04987
21423600.0,297.17224
21427200.0,295.56621
21430800.0,294.27068
21434400.0,293.60972
21438000.0,293.52289
21441600.0,293.57385
21445200.0,295.02896
21448800.0,298.24398
21452400.0,300.50187
21456000.0,305.54678
21459600.0,307.82058
21463200.0,310.30987
21466800.0,311.22537
21470400.0,312.45954
21474000.0,312.43706
21477600.0,312.50867
21481200.0,311.69739
21484800.0,311.36917
21488400.0,309.2236
21492000.0,305.18681
21495600.0,302.67957
21499200.0,300.57865
21502800.0,299.07682
21506400.0,297.67312
21510000.0,295.79978
21513600.0,295.60663
21517200.0,295.92302
21520800.0,295.3313
21524400.0,294.89639
21528000.0,295.42076
21531600.0,295.75427
21535200.0,297.45698
21538800.0,300.34326
21542400.0,304.86961
21546000.0,307.15124
21549600.0,309.26317
21553200.0,311.11112
21556800.0,310.82541
21560400.0,312.49411
21564000.0,311.09231
21567600.0,311.21834
21571200.0,309.01306
21574800.0,308.22178
21578400.0,303.46925
21582000.0,302.31703
21585600.0,301.20359
21589200.0,300.21766
21592800.0,299.51013
21596400.0,297.87434
21600000.0,296.24283
21603600.0,295.52782
21607200.0,295.21518
21610800.0,294.6605
21614400.0,293.59496
21618000.0,294.53074
21621600.0,296.47025
21625200.0,299.24902
21628800.0,302.91797
21632400.0,307.05805
21636000.0,308.6472
21639600.0,309.45237
21643200.0,309.78411
21646800.0,310.40039
21650400.0,310.14337
21654000.0,310.15321
21657600.0,307.92939
21661200.0,306.29828
21664800.0,303.4147
21668400.0,302.40135
21672000.0,302.1094
21675600.0,301.09597
21679200.0,299.53379
21682800.0,298.31473
21686400.0,297.62388
21690000.0,296.47823
21693600.0,295.04739
21697200.0,294.87136
21700800.0,294.85133
21704400.0,295.79074
21708000.0,297.70927
21711600.0,301.38679
21715200.0,304.45258
21718800.0,305.96684
21722400.0,307.20876
21726000.0,308.68682
21729600.0,309.32241
21733200.0,309.37353
21736800.0,308.10995
21740400.0,307.45636
21744000.0,306.60577
21747600.0,305.22457
21751200.0,303.41579
21754800.0,302.85421
21758400.0,301.47212
21762000.0,300.84456
21765600.0,299.97832
21769200.0,299.43537
21772800.0,298.65866
21776400.0,298.47339
21780000.0,297.47362
21783600.0,296.58992
21787200.0,295.03225
21790800.0,296.53904
21794400.0,298.86095
21798000.0,301.5428
21801600.0,302.16432
21805200.0,303.66863
21808800.0,304.96174
21812400.0,305.99296
21816000.0,307.44185
21819600.0,306.80524
21823200.0,307.12114
21826800.0,306.5675
21830400.0,306.11611
21834000.0,305.29715
21837600.0,301.61068
21841200.0,299.80988
21844800.0,298.73375
21848400.0,296.84865
21852000.0,295.92038
21855600.0,296.14738
21859200.0,296.49653
21862800.0,297.28932
21866400.0,295.24814
21870000.0,294.29531
21873600.0,294.64702
21877200.0,294.89328
21880800.0,295.92221
21884400.0,298.13438
21888000.0,301.38346
21891600.0,304.58473
21895200.0,306.46237
21898800.0,308.02896
21902400.0,309.1654
21906000.0,309.40505
21909600.0,308.0274
21913200.0,308.39717
21916800.0,306.2893
21920400.0,304.03115
21924000.0,300.10008
21927600.0,298.32001
21931200.0,298.28485
21934800.0,296.89506
21938400.0,295.56693
21942000.0,294.97641
21945600.0,293.99978
21949200.0,293.24854
21952800.0,292.62293
21956400.0,292.11748
21960000.0,291.65107
21963600.0,293.04471
21967200.0,295.19153
21970800.0,299.00922
21974400.0,301.46939
21978000.0,302.887
21981600.0,304.72318
21985200.0,307.40423
21988800.0,307.59711
21992400.0,307.58687
21996000.0,307.23514
21999600.0,308.04508
22003200.0,307.5292
22006800.0,306.01978
22010400.0,302.12961
22014000.0,299.93933
22017600.0,298.47383
22021200.0,297.5666
22024800.0,296.4031
22028400.0,294.64695
22032000.0,294.05431
22035600.0,293.2526
22039200.0,292.30783
22042800.0,292.65667
22046400.0,291.74066
22050000.0,293.25607
22053600.0,295.19558
22057200.0,298.74652
22060800.0,302.38121
22064400.0,304.0748
22068000.0,305.40196
22071600.0,306.74267
22075200.0,307.54665
22078800.0,307.92223
22082400.0,308.46001
22086000.0,308.64914
22089600.0,307.97071
22093200.0,306.07918
22096800.0,301.30876
22100400.0,299.3215
22104000.0,299.25953
22107600.0,298.30793
22111200.0,297.4773
22114800.0,295.635
22118400.0,296.07961
22122000.0,295.1508
22125600.0,294.75129
22129200.0,293.45391
22132800.0,292.70445
22136400.0,292.87078
22140000.0,294.99241
22143600.0,297.58684
22147200.0,301.14482
22150800.0,304.71505
22154400.0,308.11849
22158000.0,308.85631
22161600.0,309.70637
22165200.0,310.11926
22168800.0,309.74523
22172400.0,309.12731
22176000.0,308.20817
22179600.0,306.80073
22183200.0,304.58629
22186800.0,302.54005
22190400.0,300.91168
22194000.0,298.63324
22197600.0,297.38266
22201200.0,296.20976
22204800.0,295.92134
22208400.0,294.641
22212000.0,293.58927
22215600.0,294.22985
22219200.0,294.13565
22222800.0,294.80186
22226400.0,297.05097
22230000.0,300.55174
22233600.0,305.32313
22237200.0,307.13306
22240800.0,307.2757
22244400.0,308.98281
22248000.0,309.84387
22251600.0,311.18817
22255200.0,311.50538
22258800.0,311.13478
22262400.0,310.7451
22266000.0,309.64277
22269600.0,304.37938
22273200.0,303.2002
22276800.0,300.40884
22280400.0,297.21852
22284000.0,296.94875
22287600.0,296.51424
22291200.0,296.24969
22294800.0,296.14969
22298400.0,295.6691
22302000.0,295.03794
22305600.0,293.1155
22309200.0,293.12852
22312800.0,294.76072
22316400.0,298.5043
22320000.0,302.32518
22323600.0,305.47347
22327200.0,307.09551
22330800.0,308.06506
22334400.0,308.95807
22338000.0,308.56123
22341600.0,309.41878
22345200.0,308.7365
22348800.0,306.85605
22352400.0,304.37707
22356000.0,301.85165
22359600.0,299.04917
22363200.0,297.71712
22366800.0,295.44076
22370400.0,295.8234
22374000.0,295.48349
22377600.0,294.03076
22381200.0,292.89985
22384800.0,291.95828
22388400.0,290.48442
22392000.0,291.15414
22395600.0,292.34034
22399200.0,294.11923
22402800.0,298.62302
22406400.0,301.28625
22410000.0,302.9406
22413600.0,304.37182
22417200.0,305.90902
22420800.0,307.36309
22424400.0,306.65313
22428000.0,305.45416
22431600.0,305.73426
22435200.0,303.13514
22438800.0,302.61102
22442400.0,299.10578
22446000.0,297.67405
22449600.0,296.29896
22453200.0,296.12997
22456800.0,294.34389
22460400.0,293.768
22464000.0,293.82367
22467600.0,293.08167
22471200.0,292.12305
22474800.0,290.65544
22478400.0,289.59138
22482000.0,291.22606
22485600.0,294.71766
22489200.0,298.70752
22492800.0,301.6563
22496400.0,303.50565
22500000.0,304.3897
22503600.0,305.78569
22507200.0,305.58773
22510800.0,306.56399
22514400.0,306.84177
22518000.0,306.0062
22521600.0,304.99675
22525200.0,303.5547
22528800.0,300.03504
22532400.0,298.35706
22536000.0,298.22071
22539600.0,296.6286
22543200.0,297.01434
22546800.0,296.34227
22550400.0,294.92727
22554000.0,293.52222
22557600.0,292.51534
22561200.0,291.02423
22564800.0,290.17324
22568400.0,291.14802
22572000.0,293.94724
22575600.0,297.20649
22579200.0,301.88078
22582800.0,303.9727
22586400.0,306.91164
22590000.0,308.20055
22593600.0,308.63785
22597200.0,310.11421
22600800.0,309.71904
22604400.0,309.10291
22608000.0,307.5515
22611600.0,305.51804
22615200.0,299.54481
22618800.0,297.99386
22622400.0,297.63509
22626000.0,298.86779
22629600.0,297.38476
22633200.0,293.40231
22636800.0,292.48739
22640400.0,291.77811
22644000.0,290.51783
22647600.0,291.17395
22651200.0,291.69094
22654800.0,291.28307
22658400.0,294.14003
22662000.0,297.61045
22665600.0,302.48846
22669200.0,304.44932
22672800.0,305.97251
22676400.0,307.25742
22680000.0,305.8001
22683600.0,306.8909
22687200.0,308.08024
22690800.0,308.3582
22694400.0,307.0312
22698000.0,304.3217
22701600.0,300.99248
22705200.0,299.1461
22708800.0,296.74546
22712400.0,295.24353
22716000.0,292.99004
22719600.0,291.43992
22723200.0,290.45626
22726800.0,289.84598
22730400.0,288.66807
22734000.0,287.78062
22737600.0,287.14258
22741200.0,287.74175
22744800.0,290.7975
22748400.0,294.71213
22752000.0,298.1117
22755600.0,300.30758
22759200.0,302.15706
22762800.0,303.42512
22766400.0,303.78147
22770000.0,303.55674
22773600.0,303.77226
22777200.0,302.64237
22780800.0,302.32662
22784400.0,300.66829
22788000.0,296.45919
22791600.0,294.41483
22795200.0,293.73691
22798800.0,292.60446
22802400.0,291.70719
22806000.0,289.92852
22809600.0,289.24101
22813200.0,288.2035
22816800.0,288.09871
22820400.0,287.90702
22824000.0,287.84096
22827600.0,288.10294
22831200.0,289.52743
22834800.0,293.04292
22838400.0,297.08467
22842000.0,301.19317
22845600.0,303.05297
22849200.0,305.02
22852800.0,302.4465
22856400.0,303.49935
22860000.0,304.038
22863600.0,303.09816
22867200.0,301.1585
22870800.0,299.18742
22874400.0,296.53785
22878000.0,295.68677
22881600.0,294.57346
22885200.0,293.31851
22888800.0,291.95928
22892400.0,290.88622
22896000.0,289.32278
22899600.0,287.11055
22903200.0,287.14965
22906800.0,286.69078
22910400.0,286.85403
22914000.0,287.40954
22917600.0,289.19069
22921200.0,293.00609
22924800.0,295.4873
22928400.0,297.03954
22932000.0,298.05314
22935600.0,299.27612
22939200.0,299.93968
22942800.0,300.5105
22946400.0,301.07278
22950000.0,301.03655
22953600.0,300.10617
22957200.0,298.38222
22960800.0,294.41421
22964400.0,291.18311
22968000.0,290.69989
22971600.0,290.35701
22975200.0,290.18923
22978800.0,290.19354
22982400.0,289.25357
22986000.0,289.03608
22989600.0,289.15292
22993200.0,288.05812
22996800.0,287.51475
23000400.0,287.68824
23004000.0,291.28593
23007600.0,294.31971
23011200.0,296.71873
23014800.0,298.11242
23018400.0,299.40795
23022000.0,300.27836
23025600.0,301.03213
23029200.0,301.18016
23032800.0,298.68299
23036400.0,299.54795
23040000.0,297.93442
23043600.0,297.09534
23047200.0,292.68631
23050800.0,291.46201
23054400.0,289.41274
23058000.0,289.25708
23061600.0,287.61732
23065200.0,287.50991
23068800.0,287.2726
23072400.0,286.91121
23076000.0,287.53793
23079600.0,287.98452
23083200.0,288.87412
23086800.0,288.68632
23090400.0,289.93813
23094000.0,291.61617
23097600.0,293.97981
23101200.0,295.74405
23104800.0,295.36235
23108400.0,296.82053
23112000.0,297.22486
23115600.0,298.23619
23119200.0,298.39399
23122800.0,298.9333
23126400.0,298.11557
23130000.0,296.51866
23133600.0,294.87063
23137200.0,293.1311
23140800.0,291.59726
23144400.0,289.7966
23148000.0,288.85394
23151600.0,287.72071
23155200.0,287.59976
23158800.0,287.41466
23162400.0,286.64406
23166000.0,285.13531
23169600.0,284.56291
23173200.0,285.62727
23176800.0,289.96695
23180400.0,293.48033
23184000.0,295.19018
23187600.0,297.41317
23191200.0,298.55053
23194800.0,299.80768
23198400.0,300.66746
23202000.0,301.23821
23205600.0,301.10341
23209200.0,301.64053
23212800.0,301.38163
23216400.0,300.46307
23220000.0,297.16925
23223600.0,294.82012
23227200.0,293.8793
23230800.0,291.76139
23234400.0,290.14512
23238000.0,289.2552
23241600.0,289.43478
23245200.0,288.95669
23248800.0,289.59393
23252400.0,290.12623
23256000.0,289.8643
23259600.0,288.982
23263200.0,290.29061
23266800.0,294.46696
23270400.0,296.8148
23274000.0,298.72482
23277600.0,300.28013
23281200.0,301.01312
23284800.0,301.62588
23288400.0,301.72716
23292000.0,302.52833
23295600.0,302.06624
23299200.0,300.75448
23302800.0,299.35426
23306400.0,296.06264
23310000.0,294.73206
23313600.0,293.83234
23317200.0,293.39463
23320800.0,292.20442
23324400.0,290.83826
23328000.0,290.39131
23331600.0,289.745
23335200.0,289.4963
23338800.0,289.429
23342400.0,288.92832
23346000.0,289.30646
23349600.0,293.19723
23353200.0,296.94098
23356800.0,300.35441
23360400.0,303.03261
23364000.0,304.64417
23367600.0,304.14959
23371200.0,304.95335
23374800.0,304.82674
23378400.0,304.71842
23382000.0,304.38054
23385600.0,302.65572
23389200.0,301.32401
23392800.0,297.52564
23396400.0,295.77169
23400000.0,295.25955
23403600.0,294.28291
23407200.0,293.58869
23410800.0,292.44981
23414400.0,291.54734
23418000.0,290.82918
23421600.0,289.91359
23425200.0,289.48892
23428800.0,288.91053
23432400.0,289.09644
23436000.0,292.11083
23439600.0,295.82406
23443200.0,298.81576
23446800.0,300.76173
23450400.0,302.44481
23454000.0,303.04218
23457600.0,304.18451
23461200.0,304.28484
23464800.0,303.83092
23468400.0,304.105
23472000.0,302.43054
23475600.0,301.24777
23479200.0,297.02899
23482800.0,295.25882
23486400.0,294.47272
23490000.0,293.32951
23493600.0,292.58375
23497200.0,291.12028
23500800.0,289.74306
23504400.0,288.6394
23508000.0,288.10102
23511600.0,287.457
23515200.0,287.54646
23518800.0,287.40936
23522400.0,290.73004
23526000.0,294.77728
23529600.0,298.81003
23533200.0,301.04685
23536800.0,302.81008
23540400.0,304.19279
23544000.0,304.58896
23547600.0,305.31862
23551200.0,305.83187
23554800.0,306.12832
23558400.0,305.30644
23562000.0,303.23194
23565600.0,298.95117
23569200.0,297.20646
23572800.0,295.86554
23576400.0,294.47014
23580000.0,293.58112
23583600.0,292.4836
23587200.0,291.90129
23590800.0,290.95188
23594400.0,290.79664
23598000.0,290.20292
23601600.0,289.07491
23605200.0,288.34434
23608800.0,292.38193
23612400.0,296.90123
23616000.0,300.33472
23619600.0,302.41747
23623200.0,303.85469
23626800.0,304.36131
23630400.0,305.046
23634000.0,304.77959
23637600.0,305.66943
23641200.0,305.31899
23644800.0,303.35987
23648400.0,300.36429
23652000.0,297.81117
23655600.0,298.13956
23659200.0,297.6726
23662800.0,296.33903
23666400.0,295.24529
23670000.0,294.2956
23673600.0,292.9729
23677200.0,292.41745
23680800.0,290.26411
23684400.0,289.2987
23688000.0,289.44344
23691600.0,289.85617
23695200.0,292.12891
23698800.0,295.22387
23702400.0,298.87492
23706000.0,303.25601
23709600.0,304.89085
23713200.0,305.79023
23716800.0,305.74432
23720400.0,305.85927
23724000.0,306.5049
23727600.0,306.82426
23731200.0,305.14936
23734800.0,302.90331
23738400.0,300.71933
23742000.0,297.30611
23745600.0,296.10544
23749200.0,294.70215
23752800.0,293.5094
23756400.0,292.96528
23760000.0,292.84372
23763600.0,290.73262
23767200.0,289.80704
23770800.0,289.02569
23774400.0,288.66416
23778000.0,289.49818
23781600.0,292.03497
23785200.0,295.21652
23788800.0,298.65442
23792400.0,302.2973
23796000.0,303.91235
23799600.0,304.68817
23803200.0,305.57067
23806800.0,306.60481
23810400.0,307.09223
23814000.0,306.96546
23817600.0,306.36616
23821200.0,304.16989
23824800.0,300.10142
23828400.0,298.86244
23832000.0,297.80911
23835600.0,296.56343
23839200.0,296.16752
23842800.0,296.70387
23846400.0,295.72377
23850000.0,293.9881
23853600.0,292.8913
23857200.0,292.46525
23860800.0,291.86951
23864400.0,291.6047
23868000.0,294.19438
23871600.0,297.20712
23875200.0,301.74838
23878800.0,304.81758
23882400.0,306.41461
23886000.0,307.45119
23889600.0,308.34159
23893200.0,308.33339
23896800.0,307.33198
23900400.0,307.9459
23904000.0,307.02212
23907600.0,304.28375
23911200.0,300.2675
23914800.0,299.39172
23918400.0,298.21006
23922000.0,296.60607
23925600.0,294.95617
23929200.0,293.55008
23932800.0,292.45278
23936400.0,291.88328
23940000.0,292.15142
23943600.0,290.85964
23947200.0,289.5958
23950800.0,289.19467
23954400.0,291.87459
23958000.0,295.64578
23961600.0,299.29855
23965200.0,303.89904
23968800.0,306.58588
23972400.0,307.71672
23976000.0,309.29225
23979600.0,308.64668
23983200.0,307.20998
23986800.0,307.23736
23990400.0,305.28482
23994000.0,302.21612
23997600.0,299.11729
24001200.0,298.40125
24004800.0,297.68695
24008400.0,297.28361
24012000.0,296.66856
24015600.0,296.89891
24019200.0,296.26938
24022800.0,294.97083
24026400.0,294.25846
24030000.0,293.73329
24033600.0,292.80929
24037200.0,292.25062
24040800.0,294.4886
24044400.0,297.18647
24048000.0,300.27712
24051600.0,302.80416
24055200.0,304.28662
24058800.0,305.75493
24062400.0,306.67678
24066000.0,307.34405
24069600.0,307.45285
24073200.0,306.94162
24076800.0,305.69766
24080400.0,303.88757
24084000.0,300.26577
24087600.0,297.80158
24091200.0,296.60964
24094800.0,295.29717
24098400.0,295.18129
24102000.0,293.29751
24105600.0,294.3793
24109200.0,293.65725
24112800.0,293.20196
24116400.0,292.15702
24120000.0,291.32674
24123600.0,290.69746
24127200.0,293.32534
24130800.0,295.42512
24134400.0,297.99342
24138000.0,299.91493
24141600.0,300.88436
24145200.0,301.90761
24148800.0,304.71482
24152400.0,304.85985
24156000.0,304.85141
24159600.0,304.86515
24163200.0,303.32543
24166800.0,302.0151
24170400.0,297.81695
24174000.0,296.50189
24177600.0,294.042
24181200.0,293.28268
24184800.0,294.59582
24188400.0,294.86301
24192000.0,293.61481
24195600.0,293.15573
24199200.0,291.98275
24202800.0,290.71633
24206400.0,290.64227
24210000.0,289.67369
24213600.0,290.33314
24217200.0,291.50604
24220800.0,292.56069
24224400.0,293.23367
24228000.0,294.36769
24231600.0,295.99252
24235200.0,297.2334
24238800.0,298.26514
24242400.0,298.80961
24246000.0,299.04694
24249600.0,299.0123
24253200.0,296.85845
24256800.0,293.752
24260400.0,292.23204
24264000.0,291.7001
24267600.0,290.35024
24271200.0,289.67551
24274800.0,288.86588
24278400.0,287.02485
24282000.0,286.2622
24285600.0,287.22268
24289200.0,288.21479
24292800.0,287.89256
24296400.0,288.11257
24300000.0,289.24212
24303600.0,291.56179
24307200.0,293.20984
24310800.0,295.73218
24314400.0,296.63594
24318000.0,297.67339
24321600.0,298.00909
24325200.0,298.72679
24328800.0,298.64006
24332400.0,298.89861
24336000.0,299.3144
24339600.0,296.87517
24343200.0,294.33554
24346800.0,292.47007
24350400.0,291.42187
24354000.0,290.93785
24357600.0,290.05218
24361200.0,288.74763
24364800.0,288.66699
24368400.0,288.03615
24372000.0,287.16197
24375600.0,287.70047
24379200.0,288.59564
24382800.0,289.25812
24386400.0,290.06686
24390000.0,293.42533
24393600.0,296.09777
24397200.0,297.72361
24400800.0,299.56372
24404400.0,300.52301
24408000.0,301.61937
24411600.0,302.19181
24415200.0,301.2396
24418800.0,300.97682
24422400.0,300.7019
24426000.0,298.192
24429600.0,294.60494
24433200.0,294.33264
24436800.0,293.48946
24440400.0,291.91156
24444000.0,290.73024
24447600.0,290.28357
24451200.0,289.25492
24454800.0,288.78121
24458400.0,288.88803
24462000.0,289.14837
24465600.0,288.46714
24469200.0,287.20771
24472800.0,289.12474
24476400.0,293.27334
24480000.0,297.64975
24483600.0,300.08272
24487200.0,301.77177
24490800.0,303.34568
24494400.0,303.34261
24498000.0,305.08263
24501600.0,304.96056
24505200.0,304.78051
24508800.0,303.61751
24512400.0,300.13362
24516000.0,294.54935
24519600.0,292.84314
24523200.0,291.70603
24526800.0,291.62684
24530400.0,290.94197
24534000.0,291.80369
24537600.0,291.01518
24541200.0,290.14836
24544800.0,289.0911
24548400.0,288.33687
24552000.0,287.68226
24555600.0,287.31778
24559200.0,287.88022
24562800.0,291.43427
24566400.0,295.10761
24570000.0,297.2045
24573600.0,298.45505
24577200.0,300.39903
24580800.0,301.33364
24584400.0,301.49119
24588000.0,301.59007
24591600.0,300.98801
24595200.0,300.1423
24598800.0,298.02465
24602400.0,295.05895
24606000.0,293.28024
24609600.0,291.54347
24613200.0,290.21056
24616800.0,289.07894
24620400.0,287.67866
24624000.0,287.04544
24627600.0,286.56889
24631200.0,284.59099
24634800.0,285.65755
24638400.0,284.26906
24642000.0,284.6
24645600.0,287.3701
24649200.0,290.72455
24652800.0,294.64853
24656400.0,298.28223
24660000.0,300.69102
24663600.0,301.31306
24667200.0,302.00409
24670800.0,301.50959
24674400.0,300.86326
24678000.0,301.18129
24681600.0,300.0385
24685200.0,297.88002
24688800.0,295.4654
24692400.0,293.11484
24696000.0,292.28667
24699600.0,290.63076
24703200.0,289.44962
24706800.0,288.85514
24710400.0,287.26726
24714000.0,286.97672
24717600.0,285.63787
24721200.0,285.77976
24724800.0,286.82745
24728400.0,287.24401
24732000.0,288.52355
24735600.0,291.61427
24739200.0,294.70136
24742800.0,298.32953
24746400.0,301.26544
24750000.0,302.1203
24753600.0,302.31717
24757200.0,303.34706
24760800.0,303.81811
24764400.0,303.31645
24768000.0,301.60384
24771600.0,298.43914
24775200.0,295.12497
24778800.0,295.36032
24782400.0,294.89554
24786000.0,293.81584
24789600.0,290.78484
24793200.0,290.196
24796800.0,290.1864
24800400.0,289.91104
24804000.0,289.26203
24807600.0,288.99832
24811200.0,288.53081
24814800.0,288.396
24818400.0,290.3779
24822000.0,292.95242
24825600.0,296.04133
24829200.0,298.87445
24832800.0,300.81372
24836400.0,302.09397
24840000.0,303.582
24843600.0,304.57492
24847200.0,304.52511
24850800.0,305.06799
24854400.0,303.55312
24858000.0,300.32836
24861600.0,297.86495
24865200.0,296.43981
24868800.0,294.55831
24872400.0,293.31656
24876000.0,291.12404
24879600.0,291.6097
24883200.0,290.38453
24886800.0,290.1073
24890400.0,289.33777
24894000.0,288.88938
24897600.0,288.58134
24901200.0,288.65657
24904800.0,290.2175
24908400.0,291.66752
24912000.0,295.03377
24915600.0,299.05133
24919200.0,302.20753
24922800.0,304.28825
24926400.0,304.61338
24930000.0,305.21994
24933600.0,304.44247
24937200.0,303.48868
24940800.0,302.22427
24944400.0,299.16315
24948000.0,296.96465
24951600.0,296.03201
24955200.0,294.26006
24958800.0,293.26386
24962400.0,292.06293
24966000.0,291.16762
24969600.0,289.42533
24973200.0,289.53438
24976800.0,289.41006
24980400.0,289.55394
24984000.0,289.21312
24987600.0,287.57939
24991200.0,287.82882
24994800.0,290.28519
24998400.0,294.32684
25002000.0,297.14491
25005600.0,298.44694
25009200.0,300.30071
25012800.0,301.50836
25016400.0,302.19361
25020000.0,303.0243
25023600.0,302.94297
25027200.0,301.58263
25030800.0,299.79028
25034400.0,295.34918
25038000.0,291.84649
25041600.0,288.95908
25045200.0,286.89567
25048800.0,287.23014
25052400.0,287.39552
25056000.0,287.34155
25059600.0,287.79784
25063200.0,287.55265
25066800.0,287.04629
25070400.0,286.54585
25074000.0,286.3012
25077600.0,286.79584
25081200.0,288.77644
25084800.0,291.48058
25088400.0,295.48741
25092000.0,297.64695
25095600.0,298.43268
25099200.0,299.00613
25102800.0,299.93909
25106400.0,299.66744
25110000.0,298.25024
25113600.0,296.36622
25117200.0,294.29945
25120800.0,291.4187
25124400.0,290.63474
25128000.0,289.8005
25131600.0,289.07094
25135200.0,288.47058
25138800.0,287.81668
25142400.0,287.02107
25146000.0,285.74702
25149600.0,284.85339
25153200.0,282.02031
25156800.0,281.06965
25160400.0,281.36481
25164000.0,285.05029
25167600.0,289.40404
25171200.0,293.55116
25174800.0,295.38996
25178400.0,296.72985
25182000.0,297.44671
25185600.0,298.38014
25189200.0,298.70749
25192800.0,298.19689
25196400.0,297.03044
25200000.0,294.7162
25203600.0,292.5003
25207200.0,289.65823
25210800.0,288.9281
25214400.0,287.93512
25218000.0,287.06009
25221600.0,286.51307
25225200.0,285.99529
25228800.0,285.34143
25232400.0,284.57373
25236000.0,284.09307
25239600.0,283.74231
25243200.0,283.25273
25246800.0,283.04992
25250400.0,285.49603
25254000.0,289.10333
25257600.0,292.2029
25261200.0,294.43272
25264800.0,296.45464
25268400.0,297.46466
25272000.0,298.52235
25275600.0,299.048
25279200.0,298.79176
25282800.0,298.38702
25286400.0,297.07556
25290000.0,293.94025
25293600.0,291.91029
25297200.0,290.53778
25300800.0,289.12477
25304400.0,287.26692
25308000.0,285.45288
25311600.0,285.20611
25315200.0,285.88558
25318800.0,286.471
25322400.0,286.59449
25326000.0,285.74439
25329600.0,285.09358
25333200.0,284.85415
25336800.0,285.92808
25340400.0,287.83273
25344000.0,292.10575
25347600.0,295.50995
25351200.0,297.12489
25354800.0,297.43693
25358400.0,297.79082
25362000.0,298.01905
25365600.0,298.12905
25369200.0,298.16682
25372800.0,297.53231
25376400.0,295.94967
25380000.0,294.60618
25383600.0,292.96029
25387200.0,291.77934
25390800.0,291.00025
25394400.0,289.61433
25398000.0,288.85416
25401600.0,288.13978
25405200.0,286.78119
25408800.0,285.82785
25412400.0,284.93277
25416000.0,284.04461
25419600.0,283.33431
25423200.0,284.64667
25426800.0,287.4839
25430400.0,291.49406
25434000.0,295.94206
25437600.0,297.52493
25441200.0,299.58642
25444800.0,300.55434
25448400.0,300.94233
25452000.0,300.00253
25455600.0,298.54797
25459200.0,296.67903
25462800.0,293.22625
25466400.0,291.60068
25470000.0,292.34669
25473600.0,290.01852
25477200.0,287.79389
25480800.0,287.67786
25484400.0,287.4694
25488000.0,286.92894
25491600.0,286.29444
25495200.0,285.06773
25498800.0,285.10457
25502400.0,284.16596
25506000.0,284.00807
25509600.0,285.45007
25513200.0,287.78572
25516800.0,291.41987
25520400.0,294.82718
25524000.0,298.03917
25527600.0,299.75177
25531200.0,300.32888
25534800.0,300.48283
25538400.0,299.71963
25542000.0,298.79817
25545600.0,297.21714
25549200.0,295.27016
25552800.0,292.97546
25556400.0,292.14215
25560000.0,289.42016
25563600.0,287.97027
25567200.0,286.758
25570800.0,287.46094
25574400.0,287.49681
25578000.0,287.08355
25581600.0,287.25004
25585200.0,285.94322
25588800.0,284.92268
25592400.0,284.69954
25596000.0,286.44563
25599600.0,289.3049
25603200.0,293.01314
25606800.0,295.53995
25610400.0,296.96675
25614000.0,297.67799
25617600.0,298.84063
25621200.0,297.65865
25624800.0,295.74206
25628400.0,294.8305
25632000.0,293.93803
25635600.0,293.68496
25639200.0,292.86292
25642800.0,292.42563
25646400.0,290.91502
25650000.0,288.98842
25653600.0,288.21201
25657200.0,287.8891
25660800.0,288.0981
25664400.0,288.17653
25668000.0,287.86484
25671600.0,287.40791
25675200.0,286.40131
25678800.0,285.11468
25682400.0,286.88614
25686000.0,288.75618
25689600.0,291.7331
25693200.0,294.12056
25696800.0,295.44146
25700400.0,296.55463
25704000.0,297.82728
25707600.0,298.85211
25711200.0,298.70444
25714800.0,297.96572
25718400.0,296.76279
25722000.0,293.19798
25725600.0,290.49884
25729200.0,288.94756
25732800.0,287.47859
25736400.0,287.35129
25740000.0,288.19533
25743600.0,288.6522
25747200.0,288.39238
25750800.0,287.75223
25754400.0,286.66565
25758000.0,284.70294
25761600.0,283.1102
25765200.0,282.93489
25768800.0,284.39283
25772400.0,287.7755
25776000.0,290.39354
25779600.0,292.78202
25783200.0,294.72238
25786800.0,296.16999
25790400.0,297.45582
25794000.0,298.59945
25797600.0,297.19992
25801200.0,296.01364
25804800.0,293.18486
25808400.0,289.6631
25812000.0,286.93426
25815600.0,288.38039
25819200.0,288.98899
25822800.0,289.12394
25826400.0,288.16989
25830000.0,286.74704
25833600.0,284.84973
25837200.0,283.45484
25840800.0,283.14657
25844400.0,282.55305
25848000.0,282.21849
25851600.0,281.61775
25855200.0,283.28364
25858800.0,286.14963
25862400.0,289.79529
25866000.0,292.6323
25869600.0,294.20868
25873200.0,295.06895
25876800.0,295.91195
25880400.0,296.28842
25884000.0,295.93627
25887600.0,294.56492
25891200.0,293.22732
25894800.0,292.00177
25898400.0,288.30277
25902000.0,287.32263
25905600.0,286.96289
25909200.0,286.37045
25912800.0,286.19706
25916400.0,285.84552
25920000.0,285.04672
25923600.0,284.40529
25927200.0,284.3433
25930800.0,283.8633
25934400.0,283.26835
25938000.0,281.17998
25941600.0,282.20035
25945200.0,284.12212
25948800.0,288.1709
25952400.0,291.68043
25956000.0,293.98989
25959600.0,295.99397
25963200.0,297.38591
25966800.0,298.12886
25970400.0,297.5818
25974000.0,296.58065
25977600.0,294.7745
25981200.0,290.64722
25984800.0,287.41297
25988400.0,286.24488
25992000.0,285.46312
25995600.0,284.26752
25999200.0,283.10916
26002800.0,282.55553
26006400.0,282.94101
26010000.0,281.51781
26013600.0,280.56364
26017200.0,279.51551
26020800.0,279.08969
26024400.0,279.26619
26028000.0,280.52459
26031600.0,283.7919
26035200.0,287.7272
26038800.0,291.85373
26042400.0,294.37452
26046000.0,294.76168
26049600.0,295.68492
26053200.0,296.55464
26056800.0,296.61708
26060400.0,296.02672
26064000.0,294.42455
26067600.0,291.62524
26071200.0,288.83417
26074800.0,286.47948
26078400.0,284.70221
26082000.0,283.50194
26085600.0,282.31526
26089200.0,281.04412
26092800.0,280.39751
26096400.0,280.03448
26100000.0,279.27125
26103600.0,279.28124
26107200.0,278.75195
26110800.0,277.82127
26114400.0,278.60132
26118000.0,283.11793
26121600.0,286.87702
26125200.0,289.68413
26128800.0,291.98312
26132400.0,293.86083
26136000.0,294.73901
26139600.0,294.47293
26143200.0,294.045
26146800.0,293.47152
26150400.0,292.52167
26154000.0,287.87348
26157600.0,285.63532
26161200.0,283.76519
26164800.0,282.70067
26168400.0,281.71045
26172000.0,281.33441
26175600.0,281.1651
26179200.0,280.60717
26182800.0,280.56382
26186400.0,280.47888
26190000.0,280.23485
26193600.0,280.10349
26197200.0,279.94044
26200800.0,280.18183
26204400.0,283.0543
26208000.0,286.42714
26211600.0,290.12143
26215200.0,291.86055
26218800.0,293.34654
26222400.0,294.23846
26226000.0,295.27472
26229600.0,295.85983
26233200.0,295.40673
26236800.0,294.36243
26240400.0,289.94356
26244000.0,287.35944
26247600.0,286.4023
26251200.0,286.12613
26254800.0,285.72511
26258400.0,284.06439
26262000.0,283.81053
26265600.0,282.30459
26269200.0,281.16245
26272800.0,280.20356
26276400.0,280.67566
26280000.0,279.62967
26283600.0,280.29963
26287200.0,281.65719
26290800.0,284.78854
26294400.0,288.02879
26298000.0,291.66154
26301600.0,293.77358
26305200.0,296.68243
26308800.0,298.74043
26312400.0,298.34455
26316000.0,296.74703
26319600.0,296.20658
26323200.0,294.80948
26326800.0,291.62554
26330400.0,290.16018
26334000.0,289.69545
26337600.0,289.0449
26341200.0,288.17866
26344800.0,287.11732
26348400.0,286.00765
26352000.0,285.93312
26355600.0,284.50287
26359200.0,282.9903
26362800.0,282.14063
26366400.0,283.01723
26370000.0,283.3383
26373600.0,283.80232
26377200.0,287.17054
26380800.0,290.89152
26384400.0,292.78098
26388000.0,294.4982
26391600.0,295.47253
26395200.0,297.65293
26398800.0,298.14382
26402400.0,298.29355
26406000.0,297.88251
26409600.0,297.30891
26413200.0,291.75779
26416800.0,288.90213
26420400.0,287.73635
26424000.0,286.22607
26427600.0,285.92052
26431200.0,285.8176
26434800.0,285.01827
26438400.0,283.98722
26442000.0,283.55511
26445600.0,283.07649
26449200.0,282.57575
26452800.0,281.83453
26456400.0,281.65348
26460000.0,283.28216
26463600.0,285.38841
26467200.0,288.62756
26470800.0,292.0611
26474400.0,295.01919
26478000.0,295.0315
26481600.0,296.32723
26485200.0,297.22886
26488800.0,297.00116
26492400.0,294.78722
26496000.0,293.65974
26499600.0,290.82311
26503200.0,288.96019
26506800.0,288.04492
26510400.0,287.41252
26514000.0,287.04709
26517600.0,286.62969
26521200.0,285.899
26524800.0,285.22964
26528400.0,284.8091
26532000.0,284.41754
26535600.0,283.2224
26539200.0,282.20701
26542800.0,281.63947
26546400.0,281.69233
26550000.0,283.61875
26553600.0,287.08766
26557200.0,288.39145
26560800.0,290.16966
26564400.0,291.5172
26568000.0,292.9156
26571600.0,293.30468
26575200.0,293.41431
26578800.0,293.15194
26582400.0,291.24378
26586000.0,286.32152
26589600.0,284.37313
26593200.0,283.43588
26596800.0,282.96442
26600400.0,282.4219
26604000.0,282.20975
26607600.0,281.5461
26611200.0,281.31641
26614800.0,281.27213
26618400.0,280.41582
26622000.0,279.42962
26625600.0,279.08939
26629200.0,279.76046
26632800.0,280.07633
26636400.0,281.88374
26640000.0,284.67991
26643600.0,285.99824
26647200.0,287.3642
26650800.0,289.12833
26654400.0,289.51512
26658000.0,289.59818
26661600.0,289.51955
26665200.0,289.48362
26668800.0,288.51765
26672400.0,286.41524
26676000.0,285.0345
26679600.0,284.66049
26683200.0,282.36686
26686800.0,282.85631
26690400.0,281.87402
26694000.0,280.93009
26697600.0,281.77105
26701200.0,282.38799
26704800.0,282.26966
26708400.0,281.76786
26712000.0,281.50799
26715600.0,280.82743
26719200.0,281.19584
26722800.0,283.77272
26726400.0,285.687
26730000.0,287.13827
26733600.0,287.79294
26737200.0,287.30455
26740800.0,287.20507
26744400.0,287.73805
26748000.0,288.31461
26751600.0,288.58067
26755200.0,288.12884
26758800.0,285.9041
26762400.0,284.56557
26766000.0,284.23893
26769600.0,284.10108
26773200.0,283.9149
26776800.0,282.70515
26780400.0,281.87611
26784000.0,281.34527
26787600.0,280.91001
26791200.0,281.17601
26794800.0,280.0539
26798400.0,279.54926
26802000.0,277.63326
26805600.0,279.02992
26809200.0,282.08545
26812800.0,286.44443
26816400.0,290.38623
26820000.0,290.59537
26823600.0,290.84447
26827200.0,292.07607
26830800.0,291.38027
26834400.0,291.27717
26838000.0,290.27316
26841600.0,288.8445
26845200.0,286.89418
26848800.0,284.55455
26852400.0,282.04661
26856000.0,280.56226
26859600.0,279.86782
26863200.0,278.91592
26866800.0,278.03479
26870400.0,277.38518
26874000.0,276.99564
26877600.0,276.93544
26881200.0,276.69972
26884800.0,276.73896
26888400.0,276.95037
26892000.0,277.39154
26895600.0,281.9411
26899200.0,285.20599
26902800.0,287.19588
26906400.0,288.33506
26910000.0,289.03335
26913600.0,290.507
26917200.0,289.84936
26920800.0,289.943
26924400.0,289.50585
26928000.0,288.26083
26931600.0,285.04503
26935200.0,283.37832
26938800.0,282.50591
26942400.0,281.4473
26946000.0,280.59391
26949600.0,280.23406
26953200.0,279.68699
26956800.0,279.16114
26960400.0,278.34356
26964000.0,277.98438
26967600.0,278.62545
26971200.0,278.35831
26974800.0,277.70965
26978400.0,277.65531
26982000.0,279.5945
26985600.0,282.71501
26989200.0,286.46441
26992800.0,288.67688
26996400.0,290.16559
27000000.0,291.42755
27003600.0,292.23464
27007200.0,291.9699
27010800.0,291.6611
27014400.0,290.50158
27018000.0,285.90965
27021600.0,284.47845
27025200.0,283.1525
27028800.0,281.16942
27032400.0,281.42423
27036000.0,281.64027
27039600.0,281.65653
27043200.0,281.91226
27046800.0,281.76065
27050400.0,281.39156
27054000.0,280.48334
27057600.0,279.62458
27061200.0,278.75792
27064800.0,278.35328
27068400.0,282.15032
27072000.0,285.46938
27075600.0,289.08769
27079200.0,292.28344
27082800.0,293.35258
27086400.0,294.06002
27090000.0,294.28914
27093600.0,294.74236
27097200.0,293.32896
27100800.0,291.58339
27104400.0,287.23822
27108000.0,284.76738
27111600.0,284.2051
27115200.0,283.60267
27118800.0,283.28536
27122400.0,283.08863
27126000.0,282.47779
27129600.0,282.13564
27133200.0,281.70668
27136800.0,281.33684
27140400.0,280.462
27144000.0,279.48945
27147600.0,279.3085
27151200.0,279.41979
27154800.0,282.96334
27158400.0,286.51316
27162000.0,290.64488
27165600.0,291.6389
27169200.0,292.04203
27172800.0,293.11416
27176400.0,293.77177
27180000.0,293.89583
27183600.0,293.71211
27187200.0,292.10369
27190800.0,288.80732
27194400.0,288.17906
27198000.0,285.68854
27201600.0,284.08789
27205200.0,283.06273
27208800.0,283.28582
27212400.0,282.95623
27216000.0,283.13158
27219600.0,282.72373
27223200.0,281.91933
27226800.0,280.68597
27230400.0,279.46885
27234000.0,280.13277
27237600.0,280.28503
27241200.0,284.18428
27244800.0,287.58108
27248400.0,291.34672
27252000.0,292.35363
27255600.0,293.48286
27259200.0,293.82101
27262800.0,294.20835
27266400.0,294.1613
27270000.0,292.88475
27273600.0,291.93869
27277200.0,289.14075
27280800.0,287.54212
27284400.0,286.14406
27288000.0,284.94674
27291600.0,283.90351
27295200.0,283.47212
27298800.0,283.54583
27302400.0,283.50702
27306000.0,283.53734
27309600.0,283.26035
27313200.0,282.20597
27316800.0,282.20847
27320400.0,280.258
27324000.0,280.13126
27327600.0,283.71781
27331200.0,287.99783
27334800.0,292.5691
27338400.0,294.20907
27342000.0,295.54587
27345600.0,296.4568
27349200.0,295.74113
27352800.0,295.23448
27356400.0,294.51558
27360000.0,292.55062
27363600.0,287.87327
27367200.0,285.92673
27370800.0,284.69668
27374400.0,284.01877
27378000.0,283.73144
27381600.0,283.27074
27385200.0,282.52566
27388800.0,282.04866
27392400.0,281.86663
27396000.0,281.08264
27399600.0,280.69275
27403200.0,280.39814
27406800.0,279.44678
27410400.0,279.51534
27414000.0,283.75255
27417600.0,287.6924
27421200.0,292.35135
27424800.0,293.9382
27428400.0,295.20476
27432000.0,296.11007
27435600.0,296.45015
27439200.0,296.53258
27442800.0,295.11581
27446400.0,292.75919
27450000.0,285.84664
27453600.0,283.95952
27457200.0,283.41783
27460800.0,283.29395
27464400.0,283.64256
27468000.0,283.93333
27471600.0,283.26349
27475200.0,282.66918
27478800.0,281.94163
27482400.0,281.32361
27486000.0,280.9756
27489600.0,280.13169
27493200.0,278.41137
27496800.0,279.45297
27500400.0,283.85137
27504000.0,285.87871
27507600.0,288.60002
27511200.0,292.55321
27514800.0,293.62573
27518400.0,294.39573
27522000.0,295.48749
27525600.0,294.88884
27529200.0,294.45915
27532800.0,292.22051
27536400.0,289.19243
27540000.0,288.1806
27543600.0,287.70825
27547200.0,286.60605
27550800.0,286.41688
27554400.0,285.96852
27558000.0,284.45749
27561600.0,283.7897
27565200.0,282.83802
27568800.0,281.77964
27572400.0,280.32142
27576000.0,279.72093
27579600.0,280.08609
27583200.0,280.78013
27586800.0,283.2202
27590400.0,286.04733
27594000.0,289.36708
27597600.0,292.09625
27601200.0,294.15585
27604800.0,294.2
27608400.0,293.53377
27612000.0,294.2911
27615600.0,292.47105
27619200.0,290.3167
27622800.0,285.76856
27626400.0,284.69804
27630000.0,285.54113
27633600.0,284.03344
27637200.0,284.86876
27640800.0,284.9658
27644400.0,283.95191
27648000.0,282.16103
27651600.0,280.86548
27655200.0,280.61225
27658800.0,280.40448
27662400.0,280.70245
27666000.0,281.4115
27669600.0,280.85995
27673200.0,281.85906
27676800.0,283.82817
27680400.0,285.3939
27684000.0,288.32485
27687600.0,290.57499
27691200.0,291.52463
27694800.0,291.85311
27698400.0,291.03298
27702000.0,291.51809
27705600.0,288.97609
27709200.0,283.89161
27712800.0,282.16392
27716400.0,281.88122
27720000.0,280.09461
27723600.0,279.31412
27727200.0,278.45921
27730800.0,277.36728
27734400.0,276.685
27738000.0,276.25149
27741600.0,276.03845
27745200.0,275.89816
27748800.0,275.72832
27752400.0,275.4876
27756000.0,276.99568
27759600.0,278.74529
27763200.0,281.87939
27766800.0,286.23313
27770400.0,290.27706
27774000.0,291.26041
27777600.0,291.18033
27781200.0,290.88282
27784800.0,290.44723
27788400.0,289.3139
27792000.0,287.63933
27795600.0,283.70202
27799200.0,282.15738
27802800.0,281.55924
27806400.0,280.87144
27810000.0,279.7203
27813600.0,278.96525
27817200.0,277.9638
27820800.0,277.97495
27824400.0,277.56144
27828000.0,277.00021
27831600.0,276.87016
27835200.0,277.5597
27838800.0,276.53949
27842400.0,276.7945
27846000.0,281.18538
27849600.0,283.83647
27853200.0,286.2416
27856800.0,287.12987
27860400.0,288.06416
27864000.0,289.46653
27867600.0,289.92649
27871200.0,290.22205
27874800.0,289.75745
27878400.0,287.94196
27882000.0,284.42613
27885600.0,283.22899
27889200.0,282.05278
27892800.0,280.99425
27896400.0,281.45871
27900000.0,280.47731
27903600.0,279.28223
27907200.0,277.90127
27910800.0,277.16905
27914400.0,277.01706
27918000.0,276.75905
27921600.0,276.50479
27925200.0,275.85063
27928800.0,275.70351
27932400.0,277.84026
27936000.0,282.19439
27939600.0,286.17256
27943200.0,288.41116
27946800.0,290.12964
27950400.0,291.31517
27954000.0,291.64769
27957600.0,290.81189
27961200.0,289.23351
27964800.0,286.7512
27968400.0,283.22385
27972000.0,281.99734
27975600.0,280.98682
27979200.0,280.66536
27982800.0,280.41193
27986400.0,280.41115
27990000.0,279.04695
27993600.0,279.07463
27997200.0,278.00692
28000800.0,277.81356
28004400.0,276.04986
28008000.0,276.28695
28011600.0,276.94079
28015200.0,277.72932
28018800.0,280.47649
28022400.0,284.01391
28026000.0,288.24624
28029600.0,290.02818
28033200.0,290.45225
28036800.0,290.79385
28040400.0,290.91413
28044000.0,290.83123
28047600.0,290.01472
28051200.0,287.10261
28054800.0,285.19574
28058400.0,284.34997
28062000.0,283.47853
28065600.0,283.39873
28069200.0,282.52774
28072800.0,281.75767
28076400.0,281.50949
28080000.0,280.35282
28083600.0,279.26524
28087200.0,278.25645
28090800.0,277.36043
28094400.0,276.75463
28098000.0,276.54191
28101600.0,276.72578
28105200.0,279.76078
28108800.0,283.2555
28112400.0,287.51265
28116000.0,290.60076
28119600.0,292.2364
28123200.0,292.57534
28126800.0,292.26346
28130400.0,291.83727
28134000.0,291.21903
28137600.0,287.23658
28141200.0,282.98714
28144800.0,282.52838
28148400.0,282.14248
28152000.0,281.90575
28155600.0,281.62272
28159200.0,280.77563
28162800.0,279.86103
28166400.0,279.0362
28170000.0,278.85021
28173600.0,277.72
28177200.0,277.72525
28180800.0,276.18751
28184400.0,276.00626
28188000.0,275.66187
28191600.0,279.86363
28195200.0,284.00378
28198800.0,289.84155
28202400.0,292.83929
28206000.0,294.338
28209600.0,295.27351
28213200.0,295.19562
28216800.0,294.18556
28220400.0,291.70188
28224000.0,288.76026
28227600.0,284.00171
28231200.0,282.75304
28234800.0,282.90841
28238400.0,282.76512
28242000.0,281.73087
28245600.0,280.29877
28249200.0,279.17583
28252800.0,278.58658
28256400.0,279.03811
28260000.0,279.2306
28263600.0,279.5492
28267200.0,279.3332
28270800.0,279.30011
28274400.0,279.15036
28278000.0,281.92522
28281600.0,285.09851
28285200.0,288.41444
28288800.0,293.51087
28292400.0,294.48279
28296000.0,295.84575
28299600.0,294.72833
28303200.0,294.51561
28306800.0,293.59623
28310400.0,289.61106
28314000.0,286.06458
28317600.0,284.96389
28321200.0,283.78294
28324800.0,283.61814
28328400.0,283.64402
28332000.0,283.16889
28335600.0,282.07323
28339200.0,281.17304
28342800.0,279.58724
28346400.0,278.51411
28350000.0,276.46734
28353600.0,276.43758
28357200.0,277.26653
28360800.0,277.45072
28364400.0,280.77373
28368000.0,284.09314
28371600.0,288.27515
28375200.0,291.34444
28378800.0,292.63199
28382400.0,293.01083
28386000.0,292.76036
28389600.0,292.13077
28393200.0,290.9289
28396800.0,288.30082
28400400.0,283.89667
28404000.0,282.08305
28407600.0,282.0023
28411200.0,281.79288
28414800.0,280.66007
28418400.0,279.79811
28422000.0,278.27385
28425600.0,278.20366
28429200.0,277.24035
28432800.0,277.23393
28436400.0,276.40194
28440000.0,276.73666
28443600.0,277.60485
28447200.0,277.91261
28450800.0,280.69958
28454400.0,284.47233
28458000.0,288.97192
28461600.0,291.40384
28465200.0,292.589
28468800.0,293.92502
28472400.0,293.86747
28476000.0,293.93491
28479600.0,292.39758
28483200.0,288.90969
28486800.0,284.64056
28490400.0,282.44124
28494000.0,281.5885
28497600.0,281.70254
28501200.0,282.19732
28504800.0,282.49954
28508400.0,282.40755
28512000.0,281.39317
28515600.0,280.54009
28519200.0,279.95899
28522800.0,279.06657
28526400.0,279.46477
28530000.0,280.59119
28533600.0,281.32428
28537200.0,281.69309
28540800.0,284.01148
28544400.0,287.6068
28548000.0,291.05878
28551600.0,293.51759
28555200.0,293.44442
28558800.0,293.87984
28562400.0,292.97727
28566000.0,292.01576
28569600.0,288.63353
28573200.0,285.96503
28576800.0,285.27612
28580400.0,283.99494
28584000.0,282.95681
28587600.0,283.00787
28591200.0,282.37684
28594800.0,282.10348
28598400.0,281.89306
28602000.0,280.7548
28605600.0,280.26821
28609200.0,279.25993
28612800.0,279.24348
28616400.0,278.96733
28620000.0,279.27254
28623600.0,280.59226
28627200.0,283.04405
28630800.0,286.55361
28634400.0,291.64842
28638000.0,293.35004
28641600.0,293.20386
28645200.0,293.41084
28648800.0,293.30222
28652400.0,291.99545
28656000.0,288.85439
28659600.0,285.16782
28663200.0,284.44488
28666800.0,283.78034
28670400.0,283.31208
28674000.0,283.601
28677600.0,282.38051
28681200.0,282.06671
28684800.0,281.66028
28688400.0,280.64095
28692000.0,279.82696
28695600.0,279.28368
28699200.0,278.77303
28702800.0,278.53832
28706400.0,278.26555
28710000.0,280.3593
28713600.0,282.88117
28717200.0,288.45033
28720800.0,291.38675
28724400.0,293.54487
28728000.0,294.04787
28731600.0,293.04812
28735200.0,292.11392
28738800.0,290.99194
28742400.0,288.03794
28746000.0,283.81475
28749600.0,283.27866
28753200.0,282.83888
28756800.0,283.34504
28760400.0,283.31353
28764000.0,282.42968
28767600.0,281.64168
28771200.0,280.86642
28774800.0,279.71007
28778400.0,279.13418
28782000.0,279.07549
28785600.0,279.47192
28789200.0,278.70668
28792800.0,277.3972
28796400.0,278.24484
28800000.0,281.8418
28803600.0,286.66463
28807200.0,291.07643
28810800.0,293.53627
28814400.0,295.42157
28818000.0,295.60154
28821600.0,295.47171
28825200.0,293.03365
28828800.0,290.62274
28832400.0,286.92398
28836000.0,285.69685
28839600.0,284.19065
28843200.0,283.48929
28846800.0,282.2808
28850400.0,281.86787
28854000.0,281.66624
28857600.0,281.72714
28861200.0,281.82075
28864800.0,281.01522
28868400.0,280.01445
28872000.0,279.41835
28875600.0,279.35079
28879200.0,279.60657
28882800.0,282.25836
28886400.0,285.39802
28890000.0,290.08792
28893600.0,293.20489
28897200.0,295.22923
28900800.0,296.6735
28904400.0,297.19251
28908000.0,296.30932
28911600.0,295.06795
28915200.0,291.84832
28918800.0,288.34808
28922400.0,287.18959
28926000.0,285.8376
28929600.0,284.85179
28933200.0,284.29596
28936800.0,283.06811
28940400.0,281.79804
28944000.0,280.42921
28947600.0,278.5261
28951200.0,278.39208
28954800.0,278.67039
28958400.0,279.94547
28962000.0,280.23568
28965600.0,280.595
28969200.0,281.74952
28972800.0,284.59033
28976400.0,287.476
28980000.0,291.81324
28983600.0,292.13713
28987200.0,291.30414
28990800.0,290.92731
28994400.0,291.69869
28998000.0,291.87213
29001600.0,288.43785
29005200.0,285.06036
29008800.0,285.26419
29012400.0,285.59779
29016000.0,284.24401
29019600.0,283.76388
29023200.0,283.88869
29026800.0,283.00106
29030400.0,281.95541
29034000.0,280.04768
29037600.0,278.44441
29041200.0,276.77523
29044800.0,276.20538
29048400.0,275.9646
29052000.0,275.52328
29055600.0,277.17989
29059200.0,279.85197
29062800.0,282.06457
29066400.0,283.4631
29070000.0,284.11865
29073600.0,284.56492
29077200.0,285.38418
29080800.0,285.72798
29084400.0,285.58104
29088000.0,283.77314
29091600.0,280.76202
29095200.0,279.49257
29098800.0,278.54936
29102400.0,277.79533
29106000.0,277.64681
29109600.0,276.50477
29113200.0,275.92804
29116800.0,275.12088
29120400.0,274.57232
29124000.0,274.23051
29127600.0,273.50314
29131200.0,273.31873
29134800.0,273.56413
29138400.0,274.8885
29142000.0,277.70758
29145600.0,281.27481
29149200.0,283.84073
29152800.0,285.25648
29156400.0,285.18882
29160000.0,285.7642
29163600.0,286.78945
29167200.0,285.32858
29170800.0,284.46632
29174400.0,283.60365
29178000.0,280.43386
29181600.0,278.38092
29185200.0,277.45651
29188800.0,276.71488
29192400.0,276.13477
29196000.0,275.15498
29199600.0,273.83076
29203200.0,273.34333
29206800.0,272.54699
29210400.0,272.19814
29214000.0,271.53839
29217600.0,271.55585
29221200.0,274.1348
29224800.0,276.9419
29228400.0,277.92718
29232000.0,278.84777
29235600.0,279.48847
29239200.0,281.96717
29242800.0,284.17289
29246400.0,283.41742
29250000.0,286.59671
29253600.0,286.12569
29257200.0,284.97135
29260800.0,283.00276
29264400.0,279.80339
29268000.0,278.51777
29271600.0,278.15451
29275200.0,275.69623
29278800.0,273.91624
29282400.0,271.25613
29286000.0,270.05856
29289600.0,269.89004
29293200.0,269.73514
29296800.0,270.61252
29300400.0,269.4664
29304000.0,269.83168
29307600.0,269.75712
29311200.0,270.50069
29314800.0,269.81188
29318400.0,269.96132
29322000.0,272.92406
29325600.0,274.25091
29329200.0,275.99073
29332800.0,275.73533
29336400.0,276.72266
29340000.0,276.70681
29343600.0,276.49758
29347200.0,275.42281
29350800.0,273.11424
29354400.0,270.64531
29358000.0,269.35408
29361600.0,268.05289
29365200.0,268.11596
29368800.0,266.78558
29372400.0,267.27021
29376000.0,267.04957
29379600.0,266.77911
29383200.0,266.05505
29386800.0,266.27927
29390400.0,266.93733
29394000.0,266.75803
29397600.0,267.53663
29401200.0,268.51361
29404800.0,272.0091
29408400.0,275.0903
29412000.0,276.85814
29415600.0,278.1764
29419200.0,278.91126
29422800.0,279.21525
29426400.0,279.63678
29430000.0,279.37872
29433600.0,275.72609
29437200.0,273.01161
29440800.0,272.43416
29444400.0,271.57181
29448000.0,271.4347
29451600.0,270.67537
29455200.0,270.47194
29458800.0,270.55105
29462400.0,270.42791
29466000.0,269.76746
29469600.0,269.73432
29473200.0,269.44115
29476800.0,268.41825
29480400.0,267.90658
29484000.0,267.55196
29487600.0,269.79394
29491200.0,273.56975
29494800.0,277.93691
29498400.0,280.54288
29502000.0,281.29498
29505600.0,281.76084
29509200.0,281.86295
29512800.0,280.25629
29516400.0,278.03193
29520000.0,275.9891
29523600.0,274.27837
29527200.0,272.09507
29530800.0,270.62229
29534400.0,270.48841
29538000.0,270.17465
29541600.0,269.36558
29545200.0,268.24052
29548800.0,267.44177
29552400.0,266.46699
29556000.0,266.06314
29559600.0,266.23686
29563200.0,265.85125
29566800.0,265.42466
29570400.0,265.3585
29574000.0,268.60673
29577600.0,272.39842
29581200.0,274.54334
29584800.0,275.54785
29588400.0,276.41724
29592000.0,276.92489
29595600.0,277.01794
29599200.0,276.45141
29602800.0,275.1386
29606400.0,272.85371
29610000.0,269.20445
29613600.0,267.65655
29617200.0,266.30651
29620800.0,265.2301
29624400.0,264.60989
29628000.0,264.65689
29631600.0,265.30031
29635200.0,266.08701
29638800.0,266.58828
29642400.0,266.6567
29646000.0,267.20346
29649600.0,266.13118
29653200.0,265.46894
29656800.0,265.60657
29660400.0,267.03421
29664000.0,268.69456
29667600.0,269.68209
29671200.0,270.79454
29674800.0,272.2926
29678400.0,274.1602
29682000.0,274.4288
29685600.0,274.33027
29689200.0,273.60182
29692800.0,270.70679
29696400.0,269.00347
29700000.0,269.26143
29703600.0,268.74437
29707200.0,267.56103
29710800.0,267.27083
29714400.0,266.71207
29718000.0,265.3035
29721600.0,265.56722
29725200.0,266.19561
29728800.0,267.1495
29732400.0,267.79525
29736000.0,268.17399
29739600.0,268.18629
29743200.0,267.78799
29746800.0,267.70207
29750400.0,268.03688
29754000.0,269.10533
29757600.0,269.62979
29761200.0,270.29226
29764800.0,270.85486
29768400.0,271.36517
29772000.0,271.33694
29775600.0,271.27537
29779200.0,269.90024
29782800.0,268.08825
29786400.0,267.3384
29790000.0,267.37152
29793600.0,268.11139
29797200.0,267.77621
29800800.0,267.84947
29804400.0,268.14865
29808000.0,267.57788
29811600.0,266.73238
29815200.0,265.84114
29818800.0,265.52694
29822400.0,265.05279
29826000.0,264.86219
29829600.0,265.04988
29833200.0,265.82907
29836800.0,268.00793
29840400.0,271.10746
29844000.0,272.28352
29847600.0,273.76494
29851200.0,274.45234
29854800.0,274.75203
29858400.0,274.54801
29862000.0,274.23147
29865600.0,271.64275
29869200.0,269.01746
29872800.0,269.00247
29876400.0,269.25107
29880000.0,269.3856
29883600.0,269.77928
29887200.0,269.07426
29890800.0,268.8366
29894400.0,268.7297
29898000.0,270.01186
29901600.0,268.29019
29905200.0,267.76729
29908800.0,268.29381
29912400.0,267.74429
29916000.0,266.55147
29919600.0,267.45444
29923200.0,271.21434
29926800.0,274.20803
29930400.0,275.86067
29934000.0,276.71381
29937600.0,276.90107
29941200.0,276.50356
29944800.0,275.87505
29948400.0,274.97574
29952000.0,272.01976
29955600.0,270.87782
29959200.0,271.15953
29962800.0,271.81483
29966400.0,272.01972
29970000.0,272.2021
29973600.0,272.32441
29977200.0,272.3708
29980800.0,271.95872
29984400.0,271.41761
29988000.0,270.65457
29991600.0,271.03185
29995200.0,270.10092
29998800.0,269.66193
30002400.0,270.3399
30006000.0,271.6624
30009600.0,273.01384
30013200.0,275.68148
30016800.0,277.34991
30020400.0,277.29645
30024000.0,277.45578
30027600.0,278.0874
30031200.0,277.75742
30034800.0,276.18144
30038400.0,272.72082
30042000.0,271.74816
30045600.0,270.78027
30049200.0,270.58736
30052800.0,270.85173
30056400.0,271.00119
30060000.0,271.31343
30063600.0,272.85409
30067200.0,272.83652
30070800.0,272.15903
30074400.0,272.33555
30078000.0,271.07082
30081600.0,270.56348
30085200.0,270.25797
30088800.0,270.26738
30092400.0,270.77883
30096000.0,272.41345
30099600.0,275.64022
30103200.0,277.72159
30106800.0,278.88209
30110400.0,279.25265
30114000.0,278.31861
30117600.0,278.36038
30121200.0,274.44464
30124800.0,271.54962
30128400.0,270.08984
30132000.0,270.8013
30135600.0,270.5391
30139200.0,271.86135
30142800.0,272.11301
30146400.0,271.70509
30150000.0,271.02274
30153600.0,270.56375
30157200.0,270.74897
30160800.0,269.63323
30164400.0,269.30053
30168000.0,270.26272
30171600.0,271.31826
30175200.0,270.93877
30178800.0,271.53953
30182400.0,272.60697
30186000.0,274.78269
30189600.0,275.95988
30193200.0,275.9184
30196800.0,275.66888
30200400.0,275.069
30204000.0,274.57823
30207600.0,274.18836
30211200.0,272.81176
30214800.0,270.945
30218400.0,271.70753
30222000.0,271.32206
30225600.0,270.87439
30229200.0,270.45403
30232800.0,269.93137
30236400.0,269.38445
30240000.0,268.96528
30243600.0,268.98943
30247200.0,268.70093
30250800.0,269.21737
30254400.0,268.79278
30258000.0,268.70274
30261600.0,268.25375
30265200.0,269.43549
30268800.0,273.69428
30272400.0,275.6666
30276000.0,278.29128
30279600.0,279.52877
30283200.0,279.83806
30286800.0,279.45522
30290400.0,280.33095
30294000.0,278.02922
30297600.0,273.20133
30301200.0,271.72969
30304800.0,270.41646
30308400.0,269.4156
30312000.0,269.69357
30315600.0,270.70765
30319200.0,270.92637
30322800.0,271.10295
30326400.0,271.07218
30330000.0,270.67761
30333600.0,270.01239
30337200.0,269.55412
30340800.0,269.52403
30344400.0,269.98127
30348000.0,270.44245
30351600.0,270.65506
30355200.0,272.41802
30358800.0,275.34071
30362400.0,277.69785
30366000.0,280.72548
30369600.0,282.84403
30373200.0,283.20101
30376800.0,283.3212
30380400.0,278.98157
30384000.0,273.86545
30387600.0,272.21607
30391200.0,270.98838
30394800.0,270.95307
30398400.0,270.6096
30402000.0,270.13563
30405600.0,269.78998
30409200.0,269.59116
30412800.0,269.45832
30416400.0,269.10735
30420000.0,269.6581
30423600.0,270.90693
30427200.0,270.42129
30430800.0,270.99858
30434400.0,271.24057
30438000.0,272.60329
30441600.0,275.35556
30445200.0,278.83251
30448800.0,281.25971
30452400.0,282.82615
30456000.0,284.09592
30459600.0,283.57813
30463200.0,282.17057
30466800.0,278.54602
30470400.0,272.50687
30474000.0,270.65782
30477600.0,269.8543
30481200.0,270.36391
30484800.0,271.14347
30488400.0,272.209
30492000.0,273.11928
30495600.0,273.4502
30499200.0,273.19893
30502800.0,273.09058
30506400.0,274.02415
30510000.0,274.34407
30513600.0,273.06429
30517200.0,271.76352
30520800.0,270.83236
30524400.0,271.12187
30528000.0,273.37554
30531600.0,275.61766
30535200.0,277.8429
30538800.0,279.99592
30542400.0,281.58616
30546000.0,282.31882
30549600.0,282.34634
30553200.0,278.35947
30556800.0,275.18207
30560400.0,273.58867
30564000.0,272.38382
30567600.0,272.31438
30571200.0,272.80354
30574800.0,273.09961
30578400.0,272.70404
30582000.0,272.60414
30585600.0,272.42161
30589200.0,271.73385
30592800.0,271.48845
30596400.0,271.1895
30600000.0,271.30502
30603600.0,271.49759
30607200.0,271.06381
30610800.0,271.3896
30614400.0,273.98277
30618000.0,276.47162
30621600.0,279.76156
30625200.0,282.03236
30628800.0,282.06876
30632400.0,282.82342
30636000.0,279.7772
30639600.0,274.2405
30643200.0,270.53493
30646800.0,270.83396
30650400.0,271.01814
30654000.0,272.19394
30657600.0,272.82148
30661200.0,271.67373
30664800.0,271.31135
30668400.0,271.26588
30672000.0,270.59272
30675600.0,270.52752
30679200.0,270.68333
30682800.0,270.43961
30686400.0,270.34482
30690000.0,270.40774
30693600.0,270.44114
30697200.0,271.20548
30700800.0,274.62743
30704400.0,275.56022
30708000.0,274.82147
30711600.0,276.19752
30715200.0,277.46506
30718800.0,278.19841
30722400.0,278.30703
30726000.0,276.2954
30729600.0,274.05119
30733200.0,272.61045
30736800.0,270.31479
30740400.0,268.7939
30744000.0,268.34364
30747600.0,267.13747
30751200.0,266.97973
30754800.0,265.57994
30758400.0,266.88598
30762000.0,265.2637
30765600.0,263.83403
30769200.0,263.15404
30772800.0,263.21231
30776400.0,265.10678
30780000.0,265.68555
30783600.0,266.34489
30787200.0,269.08089
30790800.0,271.52629
30794400.0,271.04935
30798000.0,272.18059
30801600.0,271.03163
30805200.0,270.41806
30808800.0,269.77776
30812400.0,269.09909
30816000.0,268.82223
30819600.0,268.04181
30823200.0,267.36498
30826800.0,265.65058
30830400.0,264.35656
30834000.0,263.6201
30837600.0,263.75295
30841200.0,262.07853
30844800.0,260.97737
30848400.0,260.68479
30852000.0,259.11639
30855600.0,260.69449
30859200.0,262.11421
30862800.0,262.29457
30866400.0,261.50249
30870000.0,261.49681
30873600.0,262.42208
30877200.0,264.099
30880800.0,265.77752
30884400.0,266.85942
30888000.0,268.23671
30891600.0,269.01864
30895200.0,269.11684
30898800.0,268.9617
30902400.0,267.91652
30906000.0,266.87661
30909600.0,265.47287
30913200.0,264.19708
30916800.0,263.47958
30920400.0,262.78154
30924000.0,262.70188
30927600.0,263.27604
30931200.0,262.43812
30934800.0,263.01777
30938400.0,263.12784
30942000.0,262.06354
30945600.0,261.89231
30949200.0,261.80428
30952800.0,261.81585
30956400.0,263.09185
30960000.0,265.49163
30963600.0,267.46127
30967200.0,270.18965
30970800.0,271.8503
30974400.0,273.0266
30978000.0,273.67823
30981600.0,274.64062
30985200.0,272.88228
30988800.0,270.59078
30992400.0,269.22897
30996000.0,268.91852
30999600.0,267.56889
31003200.0,266.45773
31006800.0,266.84575
31010400.0,266.3216
31014000.0,267.02885
31017600.0,267.45497
31021200.0,266.88503
31024800.0,267.30108
31028400.0,267.28129
31032000.0,267.14126
31035600.0,266.04818
31039200.0,266.31249
31042800.0,268.41768
31046400.0,271.05207
31050000.0,273.04576
31053600.0,275.08912
31057200.0,277.43979
31060800.0,277.20509
31064400.0,278.63149
31068000.0,277.43155
31071600.0,273.91612
31075200.0,270.94855
31078800.0,270.7682
31082400.0,270.79222
31086000.0,269.77272
31089600.0,269.39997
31093200.0,269.53039
31096800.0,269.07761
31100400.0,267.90745
31104000.0,267.61435
31107600.0,267.39456
31111200.0,268.50624
31114800.0,269.9699
31118400.0,270.25007
31122000.0,269.91211
31125600.0,270.67956
31129200.0,269.21973
31132800.0,271.18916
31136400.0,275.05716
31140000.0,279.12724
31143600.0,279.54365
31147200.0,278.75975
31150800.0,277.89951
31154400.0,277.92956
31158000.0,276.56445
31161600.0,273.30496
31165200.0,271.51541
31168800.0,270.57161
31172400.0,269.71912
31176000.0,269.3242
31179600.0,270.32076
31183200.0,269.7932
31186800.0,269.68232
31190400.0,269.39215
31194000.0,269.07938
31197600.0,268.63629
31201200.0,268.71974
31204800.0,269.52848
31208400.0,268.06092
31212000.0,267.34262
31215600.0,266.3737
31219200.0,269.1582
31222800.0,271.25699
31226400.0,272.60692
31230000.0,272.4853
31233600.0,273.04324
31237200.0,272.83826
31240800.0,272.36914
31244400.0,270.26327
31248000.0,269.06665
31251600.0,266.93589
31255200.0,266.47216
31258800.0,266.31041
31262400.0,265.17326
31266000.0,264.2656
31269600.0,264.19575
31273200.0,263.80015
31276800.0,264.18301
31280400.0,263.10929
31284000.0,263.72985
31287600.0,262.96623
31291200.0,263.17859
31294800.0,263.27494
31298400.0,262.78735
31302000.0,262.43379
31305600.0,266.56269
31309200.0,269.23341
31312800.0,269.94535
31316400.0,270.26374
31320000.0,269.81456
31323600.0,268.97833
31327200.0,269.35943
31330800.0,269.06942
31334400.0,267.7187
31338000.0,266.61558
31341600.0,265.38215
31345200.0,264.08332
31348800.0,263.45294
31352400.0,262.99289
31356000.0,262.84522
31359600.0,262.1434
31363200.0,261.78985
31366800.0,261.20128
31370400.0,260.8594
31374000.0,259.82131
31377600.0,259.34466
31381200.0,258.91439
31384800.0,258.8027
31388400.0,261.14837
31392000.0,264.6831
31395600.0,268.45143
31399200.0,271.23097
31402800.0,272.22593
31406400.0,272.75416
31410000.0,271.84124
31413600.0,271.20171
31417200.0,270.45765
31420800.0,268.10317
31424400.0,266.18844
31428000.0,265.04565
31431600.0,264.91161
31435200.0,263.88645
31438800.0,264.21096
31442400.0,263.64871
31446000.0,262.83866
31449600.0,262.63953
31453200.0,262.09937
31456800.0,261.87
31460400.0,261.63
31464000.0,261.45
31467600.0,261.34
31471200.0,261.28
31474800.0,261.95
31478400.0,264.98
31482000.0,268.34
31485600.0,270.98
31489200.0,272.26
31492800.0,272.89
31496400.0,272.8
31500000.0,272.02
31503600.0,270.75
31507200.0,268.77
31510800.0,267.58
31514400.0,266.55
31518000.0,266.05
31521600.0,265.41
31525200.0,264.57
31528800.0,263.88
31532400.0,263.4
31536000.0,263.03
