time,step,reward,terminated,truncated,fmu_status,fmu_error,failure_type,transition_valid,requested_u_tp,requested_u_battery,requested_caes_mode,requested_caes_magnitude,decoded_u_tp,decoded_u_battery,decoded_u_caes,rt_economic_cashflow_total,rt_economic_cashflow_delta,rt_economic_reward,rt_raw_total_cost,rt_normalized_cost,rt_cost_reference,rt_cost_reference_missing,rt_terminal_soc_bonus,rt_reward,rt_terminal_soc_l1_error,rt_terminal_soc_l1_full,rt_terminal_soc_l1_energy,rt_terminal_soc_l2_error,rt_terminal_soc_tolerance,rt_terminal_soc_satisfied,rt_soc_shaping_reward,rt_soc_shaping_potential,rt_soc_shaping_absolute,rt_soc_shaping_coef,rt_soc_recovery_scale,rt_soc_l1_prev,rt_market_settlement_enabled,rt_market_grid_cashflow,rt_market_grid_cost,rt_market_buy_cost,rt_market_sell_revenue,rt_market_energy_buy_mwh,rt_market_energy_sell_mwh,rt_market_buy_yuan_per_kwh,rt_market_sell_yuan_per_kwh,rt_p_grid_mw,rt_fmu_grid_cashflow_delta,rt_economic_cashflow_wind,rt_economic_cashflow_delta_wind,rt_raw_wind_cost,rt_economic_cashflow_pv,rt_economic_cashflow_delta_pv,rt_raw_pv_cost,rt_economic_cashflow_thermal,rt_economic_cashflow_delta_thermal,rt_raw_thermal_cost,rt_economic_cashflow_battery,rt_economic_cashflow_delta_battery,rt_raw_battery_cost,rt_economic_cashflow_caes,rt_economic_cashflow_delta_caes,rt_raw_caes_cost,rt_economic_cashflow_load,rt_economic_cashflow_delta_load,rt_raw_load_cost,rt_economic_cashflow_grid,rt_economic_cashflow_delta_grid,rt_raw_grid_cost,obs_battery_soc,obs_caes_gas_soc,obs_caes_hot_soc,obs_caes_cold_soc,obs_caes_gas_pressure,obs_caes_gas_temperature,obs_caes_hot_temperature,obs_caes_cold_temperature,obs_p_thermal,obs_p_battery,obs_p_caes,obs_p_grid,obs_p_wind_available,obs_p_wind_actual,obs_p_pv_available,obs_p_pv_actual,obs_p_load_actual,obs_p_curtailment,obs_p_unserved,u_tp_dynamic_low,u_tp_dynamic_high,u_battery_dynamic_low,u_battery_dynamic_high,caes_discharge_allowed,caes_idle_allowed,caes_charge_allowed,caes_locked_mode,caes_locked_steps_completed,caes_locked_steps_remaining
3600.0,0,-1.321755717621268,False,False,ok,,,True,1.0,-0.4419786334037781,0,0.5,1.0,-0.4419786334037781,-0.665,-1396.6714369019942,-62015.418841725535,-0.39616381777094256,62015.418841725535,0.39616381777094256,156539.83544146415,0.0,0.0,-1.321755717621268,0.18220312989179635,0.18837021777223237,0.18220312989179635,0.014888238651032965,0.06,0.0,-0.9255918998503254,-0.9110156494589817,-0.014576250391343708,5.0,1.0,0.0,1.0,-57293.11898918954,57293.11898918954,57293.11898918954,0.0,90.28652314037781,0.0,0.63457,0.1875,90.28652314037781,3325.628415634003,0.0,0.0,-0.0,0.0,0.0,-0.0,-59999.99999999999,-59999.99999999999,59999.99999999999,-15911.230802536009,-15911.230802536009,15911.230802536009,-35909.99999999999,-35909.99999999999,35909.99999999999,107098.93095000001,107098.93095000001,-107098.93095000001,3325.628415634003,-57293.11898918954,57293.11898918954,0.4064045250415802,0.808190107345581,0.4911898672580719,0.5088101029396057,8081901.0,271.326904296875,469.8109130859375,313.6086120605469,-150000000.0,-44197864.0,-99750000.0,90286520.0,0.0,0.0,-0.0,-0.0,203661344.0,-0.0,0.0,0.85,1.0,-1.0,1.0,True,True,False,0,1,3
7200.0,1,-1.1375454806464083,False,False,ok,,,True,1.0,-0.37006133794784546,0,0.5,1.0,-0.37006133794784546,-0.665,-6174.727381705149,-45051.19966326198,-0.2877938355832004,45051.19966326198,0.2877938355832004,156539.83544146415,0.0,0.0,-1.1375454806464083,0.3466077351421633,0.35962802081919426,0.3466077351421633,0.05522194437970644,0.06,0.0,-0.8497516450632079,-0.8220230262518348,-0.027728618811373066,5.0,1.0,0.18220312989179635,1.0,-31891.74706352443,31891.74706352443,31891.74706352443,0.0,50.25725619478455,0.0,0.63457,0.1875,50.25725619478455,8381.396654934393,0.0,0.0,-0.0,0.0,0.0,-0.0,-119999.99999999999,-59999.99999999999,59999.99999999999,-31001.353502273556,-15090.122699737547,15090.122699737547,-75809.99999999999,-39899.99999999999,39899.99999999999,208929.60105,101830.67009999999,-101830.67009999999,11707.025070568396,-31891.74706352443,31891.74706352443,0.3176390826702118,0.7769336104393005,0.4813995957374573,0.5186004042625427,7769336.0,265.7875061035156,466.0774230957031,314.0941467285156,-150000000.0,-37006132.0,-99750000.0,50257256.0,0.0,0.0,-0.0,-0.0,236498880.0,-0.0,0.0,0.85,1.0,-1.0,1.0,True,False,False,0,2,2
10800.0,2,-0.05840800304934729,False,False,ok,,,True,1.0,0.06572864204645157,0,0.5,1.0,0.06572864204645157,-0.665,12981.19742286938,10719.130823649068,0.06847541901024506,-10719.130823649068,-0.06847541901024506,156539.83544146415,0.0,0.0,-0.05840800304934729,0.3661263971988994,0.38599959676677825,0.3661263971988994,0.05765049864227758,0.06,0.0,-0.12688342205959235,-0.0975933102836804,-0.029290111775911953,5.0,1.0,0.3466077351421633,1.0,-7333.178181395682,7333.178181395682,7333.178181395682,0.0,25.85838069535485,0.0,0.28359,0.1875,25.85838069535485,1103.61579952978,0.0,0.0,-0.0,0.0,0.0,-0.0,-179999.99999999997,-59999.999999999985,59999.999999999985,-31298.48329722881,-297.1297949552536,297.1297949552536,-115709.99999999999,-39900.0,39900.0,327179.0398499999,118249.43879999989,-118249.43879999989,12810.640870098176,-7333.178181395682,7333.178181395682,0.3207629323005676,0.7527292370796204,0.4716097116470337,0.5283902883529663,7527292.0,262.488525390625,462.32904052734375,314.570556640625,-150000000.0,6572864.0,-99750000.0,25858380.0,0.0,0.0,-0.0,-0.0,217318752.0,-0.0,0.0,0.85,1.0,-0.7124661624431607,1.0,True,False,False,0,3,1
14400.0,3,-0.09340541731921143,False,False,ok,,,True,1.0,0.0,0,0.5,1.0,0.0,-0.665,25049.42810491583,4030.1769600578955,0.025745376240445345,-4030.1769600578955,-0.025745376240445345,156539.83544146415,0.0,0.0,-0.09340541731921143,0.38381550778625073,0.4105410810329808,0.38381550778625073,0.061157660014711485,0.06,0.0,-0.11915079355965677,-0.08844555293675671,-0.03070524062290006,5.0,1.0,0.3661263971988994,1.0,-4860.657874035,4860.657874035,4860.657874035,0.0,17.139736499999998,0.0,0.28359,0.1875,17.139736499999998,3177.395847953556,0.0,0.0,-0.0,0.0,0.0,-0.0,-239999.99999999997,-60000.0,60000.0,-31167.026013135906,131.45728409290314,-131.45728409290314,-155609.99999999997,-39899.999999999985,39899.999999999985,435838.4174000001,108659.37755000021,-108659.37755000021,15988.036718051731,-4860.657874035,4860.657874035,0.32207751274108887,0.7330682277679443,0.4618206024169922,0.5381793975830078,7330682.5,260.6717834472656,458.56646728515625,315.0381774902344,-150000000.0,0.0,-99750000.0,17139736.0,0.0,0.0,-0.0,-0.0,232610256.0,-0.0,0.0,0.85,1.0,-0.7257424398139105,1.0,True,False,False,,0,0
18000.0,4,1.532853175738314,False,False,ok,,,True,1.0,1.0,0,0.5,1.0,1.0,-0.665,14881.414929915838,48343.48286250001,0.3088254355587167,-48343.48286250001,-0.3088254355587167,156539.83544146415,0.0,0.0,1.532853175738314,0.13682082652591665,0.17039832810513136,0.13682082652591665,0.01788338785022565,0.06,0.0,1.2240277401795971,1.2349734063016704,-0.010945666122073332,5.0,1.0,0.38381550778625073,1.0,13938.351112499999,-13938.351112499999,0.0,13938.351112499999,0.0,74.3378726,0.28359,0.1875,-74.3378726,-44573.144925,0.0,0.0,-0.0,0.0,0.0,-0.0,-299999.99999999994,-59999.99999999997,59999.99999999997,-13167.026013135906,18000.0,-18000.0,-195509.99999999997,-39900.0,39900.0,552143.5491499999,116305.13174999977,-116305.13174999977,-28585.108206948265,13938.351112499999,-13938.351112499999,0.5020775198936462,0.7162954211235046,0.4520321488380432,0.5479678511619568,7162954.0,259.82733154296875,454.7902526855469,315.497314453125,-150000000.0,100000000.0,-99750000.0,-74337872.0,0.0,0.0,-0.0,-0.0,224087872.0,-0.0,0.0,0.85,1.0,-0.7313293743878588,1.0,True,True,True,0,1,3
21600.0,5,-1.4547363448236972,False,False,ok,,,True,1.0,1.0,0,0.20000000298023224,1.0,1.0,-0.8659999980032445,7849.627616003447,28645.501820233574,0.1829917716436156,-28645.501820233574,-0.1829917716436156,156539.83544146415,0.0,0.0,-1.4547363448236972,0.4570535923419087,0.49907091744688054,0.4570535923419087,0.0849496793558637,0.06,0.0,-1.6377281164673128,-1.6011638290799601,-0.03656428738735269,5.0,1.0,0.13682082652591665,1.0,7355.565412408749,-7355.565412408749,0.0,7355.565412408749,0.0,39.22968219951333,0.28359,0.1875,-39.22968219951333,-28321.723721737217,0.0,0.0,-0.0,0.0,0.0,-0.0,-359999.99999999994,-60000.0,60000.0,6832.973986864094,20000.0,-20000.0,-246263.99989217517,-50753.9998921752,50753.9998921752,664187.4854499993,112043.93629999948,-112043.93629999948,-56906.83192868548,7355.565412408749,-7355.565412408749,0.7020775079727173,0.6960626840591431,0.4399752616882324,0.5600247383117676,6960626.5,258.8990783691406,450.1206359863281,316.0518493652344,-150000000.0,100000000.0,-129900000.0,-39229684.0,0.0,0.0,-0.0,-0.0,219129680.0,-0.0,0.0,0.85,1.0,-1.0,1.0,True,False,False,,0,0
25200.0,6,0.7799180613298489,False,False,ok,,,True,1.0,-0.48493891954421997,1,0.0,1.0,-0.48493891954421997,0.0,25373.190373948517,28238.90406438388,0.18039436405913062,-28238.90406438388,-0.18039436405913062,156539.83544146415,0.0,0.0,0.7799180613298489,0.331839422133627,0.3747191275452755,0.331839422133627,0.044715417031993186,0.06,0.0,0.5995236972707182,0.6260708510414084,-0.02654715377069016,5.0,1.0,0.4570535923419087,1.0,834.7430646662357,-834.7430646662357,0.0,834.7430646662357,0.0,4.451963011553257,0.63457,0.1875,-4.451963011553257,-9880.598241772575,0.0,0.0,-0.0,-1506.8788586709795,-1506.8788586709795,1506.8788586709795,-419999.99999999994,-60000.0,60000.0,-8624.827116727824,-15457.801103591917,15457.801103591917,-251459.99988019463,-5195.999988019466,5195.999988019466,773752.326399999,109564.84094999963,-109564.84094999963,-66787.43017045806,834.7430646662357,-834.7430646662357,0.6193845272064209,0.6972374320030212,0.4387432634830475,0.5612567067146301,6972374.0,260.0106201171875,449.64239501953125,316.1078186035156,-150000000.0,-48493892.0,0.0,-4451963.0,0.0,0.0,-13398437.0,-13398437.0,216344288.0,-0.0,0.0,0.85,1.0,-1.0,0.7396125007201643,False,True,True,,0,0
28800.0,7,0.1557788312022929,False,False,ok,,,True,1.0,-0.719637393951416,1,0.0,1.0,-0.719637393951416,0.0,40805.683492997334,-63131.9166885906,-0.4032961738496134,63131.9166885906,0.4032961738496134,156539.83544146415,0.0,0.0,0.1557788312022929,0.21655946960949382,0.25943917502114233,0.21655946960949382,0.025438684538550076,0.06,0.0,0.5590750050519063,0.5763997626206658,-0.017324757568759504,5.0,1.0,0.331839422133627,1.0,-75131.36816431998,75131.36816431998,75131.36816431998,0.0,76.23293406150877,0.0,0.98555,0.1875,76.23293406150877,3433.0416433194405,-17.53094653597131,-17.53094653597131,17.53094653597131,-9815.340575977785,-8308.461717306805,8308.461717306805,-479999.99999999994,-60000.0,60000.0,-36471.52897715568,-27846.701860427856,27846.701860427856,-251459.99988019463,0.0,-0.0,881924.4723999985,108172.14599999948,-108172.14599999948,-63354.38852713862,-75131.36816431998,75131.36816431998,0.4555804133415222,0.7000699043273926,0.4387432634830475,0.5612567067146301,7000699.0,261.06689453125,449.64239501953125,316.1078186035156,-150000000.0,-71963736.0,0.0,76232936.0,-2162042.25,-2162042.25,-57259148.0,-57259148.0,205152000.0,-0.0,0.0,0.85,1.0,-1.0,1.0,False,True,True,,0,0
32400.0,8,-2.8195923480487295,False,False,ok,,,True,1.0,-1.0,1,0.0,1.0,-1.0,0.0,34780.47020629085,-169242.96168943844,-1.081149480016698,169242.96168943844,1.081149480016698,156539.83544146415,0.0,0.0,-2.8195923480487295,0.5553622472597441,0.5982419526713927,0.5553622472597441,0.1331139438956508,0.06,0.0,-1.7384428680320312,-1.6940138882512517,-0.04442897978077953,5.0,1.0,0.21655946960949382,1.0,-150398.81629985882,150398.81629985882,150398.81629985882,0.0,152.60394328025856,0.0,0.98555,0.1875,152.60394328025856,12818.932102873114,-3536.2840041798536,-3518.753057643882,3518.753057643882,-28838.181282107827,-19022.840706130042,19022.840706130042,-539999.9999999999,-59999.99999999994,59999.99999999994,-75350.07855296135,-38878.54957580567,38878.54957580567,-251459.99988019463,0.0,-0.0,984500.4703499989,102575.99795000046,-102575.99795000046,-50535.4564242655,-150398.81629985882,150398.81629985882,0.22688306868076324,0.7043131589889526,0.4387432634830475,0.5612567067146301,7043131.5,262.6492614746094,449.64239501953125,316.1078186035156,-150000000.0,-100000000.0,0.0,152603936.0,-22277342.0,-22277342.0,-98847216.0,-98847216.0,218520624.0,-0.0,0.0,0.85,1.0,-1.0,1.0,False,True,True,,0,0
36000.0,9,-1.2590001767522705,False,False,ok,,,True,1.0,-0.32675305008888245,1,0.0,1.0,-0.32675305008888245,0.0,41643.25168589823,-83616.71267636084,-0.5341561299112783,83616.71267636084,0.5341561299112783,156539.83544146415,0.0,0.0,-1.2590001767522705,0.6893022210904947,0.7321819265021432,0.6893022210904947,0.22051121925744063,0.06,0.0,-0.7248440468409921,-0.6696998691537526,-0.05514417768723957,5.0,1.0,0.5553622472597441,1.0,-79489.75960355334,79489.75960355334,79489.75960355334,0.0,125.26554927518374,0.0,0.63457,0.1875,125.26554927518374,10989.734552414884,-13586.902433676249,-10050.618429496395,10050.618429496395,-56411.71562221917,-27573.534340111342,27573.534340111342,-599999.9999999999,-60000.0,60000.0,-91113.18835616112,-15763.109803199768,15763.109803199768,-251459.99988019463,0.0,-0.0,1093760.7798499994,109260.30950000044,-109260.30950000044,-39545.72187185062,-79489.75960355334,79489.75960355334,0.1341588944196701,0.7094594240188599,0.4387432634830475,0.5612567067146301,7094594.5,264.5683898925781,449.64239501953125,316.1078186035156,-150000000.0,-32675306.0,0.0,125265552.0,-37318364.0,-37318364.0,-124143960.0,-124143960.0,218872080.0,-0.0,0.0,0.85,1.0,-0.3267530608922238,1.0,False,True,True,,0,0
39600.0,10,-0.6091565036224237,False,False,ok,,,True,1.0,0.0673246830701828,0,0.5,1.0,0.0673246830701828,-0.665,28719.61818736563,-82172.62893753385,-0.5249311059117674,82172.62893753385,0.5249311059117674,156539.83544146415,0.0,0.0,-0.6091565036224237,0.6950268707014035,0.7440728430937705,0.6950268707014035,0.21930842675143525,0.06,0.0,-0.08422539771065625,-0.02862324805454397,-0.05560214965611228,5.0,1.0,0.6893022210904947,1.0,-51275.3212176277,51275.3212176277,51275.3212176277,0.0,180.80793123039493,0.0,0.28359,0.1875,180.80793123039493,17973.67422137356,-27313.20512000718,-13726.302686330931,13726.302686330931,-87013.59125070216,-30601.875628482987,30601.875628482987,-659999.9999999999,-60000.0,60000.0,-91208.35626125336,-95.16790509223938,95.16790509223938,-287369.9998801946,-35909.99999999997,35909.99999999997,1203196.81835,109436.03850000072,-109436.03850000072,-21572.04765047706,-51275.3212176277,51275.3212176277,0.1385890394449234,0.6970895528793335,0.4299343228340149,0.5700656771659851,6970896.0,264.8795471191406,446.2170715332031,316.5044860839844,-150000000.0,6732468.5,-99750000.0,180807936.0,-41586420.0,-41586420.0,-120293896.0,-120293896.0,224089920.0,-0.0,0.0,0.85,1.0,0.06732468418777073,1.0,True,True,True,,0,0
43200.0,11,1.622431050810917,False,False,ok,,,True,0.8500000238418579,1.0,1,0.0,0.8500000238418579,1.0,0.0,39571.22592014984,43030.223618024545,0.27488353681140215,-43030.223618024545,-0.27488353681140215,156539.83544146415,0.0,0.0,1.622431050810917,0.4188163069896658,0.4685474029681448,0.4188163069896658,0.07075234029584469,0.06,0.0,1.3475475139995148,1.3810528185586881,-0.03350530455917327,5.0,1.0,0.6950268707014035,1.0,11821.152104986459,-11821.152104986459,0.0,11821.152104986459,0.0,63.046144559927775,0.18331,0.1875,-63.046144559927775,-20357.463780253882,-41440.7427998633,-14127.53767985612,14127.53767985612,-115966.58813648799,-28952.996885785833,28952.996885785833,-711900.0012874602,-51900.00128746033,51900.00128746033,-73073.70689511299,18134.649366140366,-18134.649366140366,-291359.9998801946,-3990.0,3990.0,1315241.7763499992,112044.95799999917,-112044.95799999917,-41929.51143073094,11821.152104986459,-11821.152104986459,0.31993553042411804,0.701280415058136,0.4289555847644806,0.5710444450378418,7012804.0,267.03387451171875,445.83587646484375,316.5481872558594,-127500000.0,100000000.0,0.0,-63046144.0,-38889120.0,-38889120.0,-110345712.0,-110345712.0,239780976.0,-0.0,0.0,0.85,1.0,0.048496606647969086,1.0,False,True,True,,0,0
46800.0,12,1.7218518932260936,False,False,ok,,,True,0.7000000476837158,1.0,1,0.0,0.7000000476837158,1.0,0.0,40675.201283771814,80621.1897382517,0.5150202790931057,-80621.1897382517,-0.5150202790931057,156539.83544146415,0.0,0.0,1.7218518932260936,0.17465549622349236,0.2243865922019713,0.17465549622349236,0.021549338770448002,0.06,0.0,1.206831614132988,1.2208040538308673,-0.01397243969787939,5.0,1.0,0.4188163069896658,1.0,20986.786192393578,-20986.786192393578,0.0,20986.786192393578,0.0,111.92952635943242,0.18331,0.1875,-111.92952635943242,-58530.42818223615,-54079.307091949624,-12638.564292086325,12638.564292086325,-140684.10663057174,-24717.51849408375,24717.51849408375,-754800.004005432,-42900.0027179718,42900.0027179718,-53073.70689511299,20000.0,-20000.0,-291359.9998801946,0.0,-0.0,1435132.2654000001,119890.4890500009,-119890.4890500009,-100459.9396129671,20986.786192393578,-20986.786192393578,0.5199355483055115,0.7052478194236755,0.4289555847644806,0.5710444450378418,7052478.0,268.5445861816406,445.83587646484375,316.5481872558594,-105000008.0,100000000.0,0.0,-111929528.0,-32815878.0,-32815878.0,-84824272.0,-84824272.0,234569680.0,-0.0,0.0,0.7000000238418579,1.0,-0.7222259914129964,1.0,False,True,True,,0,0
50400.0,13,-0.44919795700689025,False,False,ok,,,True,0.5500000715255737,1.0,2,0.5,0.5500000715255737,1.0,0.9299999999999999,-21152.113182680656,154068.43399318474,0.9842123160452436,-154068.43399318474,-0.9842123160452436,156539.83544146415,0.0,0.0,-0.44919795700689025,0.45407239255307,0.4977793290186128,0.45407239255307,0.08797542007223569,0.06,0.0,-1.4334102730521339,-1.3970844816478882,-0.036325791404245605,5.0,1.0,0.17465549622349236,1.0,56297.06694892438,-56297.06694892438,0.0,56297.06694892438,0.0,300.2510237275967,0.18331,0.1875,-300.2510237275967,-159598.68151071284,-65911.06839527696,-11831.761303327337,11831.761303327337,-159575.81653450074,-18891.709903929004,18891.709903929004,-788700.0081539153,-33900.00414848328,33900.00414848328,-33073.70689511299,20000.0,-20000.0,-266249.9998801946,25110.0,-25110.0,1552417.1077999992,117284.84239999903,-117284.84239999903,-260058.62112367994,56297.06694892438,-56297.06694892438,0.7199355363845825,0.7258309125900269,0.4375615119934082,0.5624384880065918,7258309.0,271.4075622558594,449.4017028808594,315.8876953125,-82500008.0,100000000.0,139500000.0,-300251008.0,-35028160.0,-35028160.0,-64210312.0,-64210312.0,242489504.0,-0.0,0.0,0.5500000476837158,0.8500000476837158,-1.0,1.0,False,True,True,2,1,3
54000.0,14,-0.04235918395009264,False,False,ok,,,True,0.7000000476837158,0.6503223776817322,2,0.5,0.7000000476837158,0.6503223776817322,0.9299999999999999,-83303.28804069001,148349.53866663759,0.9476791530300975,-148349.53866663759,-0.9476791530300975,156539.83544146415,0.0,0.0,-0.04235918395009264,0.6418110826270749,0.6788390346537138,0.6418110826270749,0.2024706996561501,0.06,0.0,-0.9900383369801902,-0.9386934503700242,-0.05134488661016599,5.0,1.0,0.45407239255307,1.0,50174.16220264944,-50174.16220264944,0.0,50174.16220264944,0.0,267.59553174746367,0.28359,0.1875,-267.59553174746367,-160326.5513219975,-77936.2901787302,-12025.221783453235,12025.221783453235,-171125.7705312564,-11549.953996755648,11549.953996755648,-829800.0111579894,-41100.0030040741,41100.0030040741,-19367.904096841812,13705.80279827118,-13705.80279827118,-238349.9998801946,27900.0,-27900.0,1673661.8602500001,121244.75245000096,-121244.75245000096,-420385.17244567745,50174.16220264944,-50174.16220264944,0.856993556022644,0.7436792254447937,0.44710293412208557,0.5528970956802368,7436792.5,272.6378479003906,453.2515563964844,315.1553649902344,-105000008.0,65032236.0,139500000.0,-267595536.0,-33544730.0,-33544730.0,-24006094.0,-24006094.0,225614128.0,-0.0,0.0,0.4000000715255737,0.7000000715255738,-1.0,0.6503223630435317,False,False,True,2,2,2
57600.0,15,0.7727749627778017,False,False,ok,,,True,0.8500000238418579,-0.034967776387929916,2,0.5,0.8500000238418579,-0.034967776387929916,0.9299999999999999,-128160.12136059192,124031.69632845063,0.7923331206952146,-124031.69632845063,-0.7923331206952146,156539.83544146415,0.0,0.0,0.7727749627778017,0.6355538525694463,0.665911804187591,0.6355538525694463,0.20561455502300785,0.06,0.0,-0.019558157917412847,0.031286150288142855,-0.0508443082055557,5.0,1.0,0.6418110826270749,1.0,44802.283346017844,-44802.283346017844,0.0,44802.283346017844,0.0,238.94551117876182,0.63457,0.1875,-238.94551117876182,-124086.24630233471,-86045.77078304671,-8109.480604316515,8109.480604316515,-174435.74332634246,-3309.972795086069,3309.972795086069,-879900.012731552,-50100.00157356262,50100.00157356262,-19326.099291443825,41.804805397987366,-41.804805397987366,-210449.9998801946,27900.0,-27900.0,1786468.923400001,112807.06315000076,-112807.06315000076,-544471.4187480122,44802.283346017844,-44802.283346017844,0.8625950813293457,0.7583387494087219,0.45663151144981384,0.5433685183525085,7583387.5,272.6801452636719,456.9835205078125,314.42401123046875,-127500000.0,-3496777.75,139500000.0,-238945504.0,-12309378.0,-12309378.0,-0.0,-0.0,242751664.0,-0.0,0.0,0.5500000476837158,0.8500000476837158,-1.0,-0.0349677768700285,False,False,True,2,3,1
61200.0,16,2.085451635682208,False,False,ok,,,True,1.0,-1.0,2,0.20000000298023224,1.0,-1.0,0.8880000004172325,-157258.0698004038,71340.482270363,0.4557337247044684,-71340.482270363,-0.4557337247044684,156539.83544146415,0.0,0.0,2.085451635682208,0.30473451808454555,0.32883573781819814,0.30473451808454555,0.04010919247126429,0.06,0.0,1.62971791097774,1.6540966724245036,-0.024378761446763646,5.0,1.0,0.6355538525694463,1.0,19963.514505484665,-19963.514505484665,0.0,19963.514505484665,0.0,106.47207736258488,1.13597,0.1875,-106.47207736258488,-80474.91620469023,-87570.76698083089,-1524.996197784174,1524.996197784174,-174435.74332634246,0.0,-0.0,-939000.0128746032,-59100.00014305115,59100.00014305115,-55465.970396995544,-36139.87110555172,36139.87110555172,-183683.99986892933,26766.000011265278,-26766.000011265278,1907844.758600002,121375.83520000102,-121375.83520000102,-624946.3349527024,19963.514505484665,-19963.514505484665,0.6500076055526733,0.7702768445014954,0.4655696749687195,0.5344303250312805,7702768.5,272.07659912109375,460.408935546875,313.73797607421875,-150000000.0,-100000000.0,133200000.0,-106472080.0,0.0,0.0,-0.0,-0.0,223272080.0,-0.0,0.0,0.7000000238418579,1.0,-1.0,-0.06297531022745217,False,False,True,,0,0
64800.0,17,0.2535906280677983,False,False,ok,,,True,1.0,-0.5964992642402649,0,0.5,1.0,-0.5964992642402649,-0.665,-162978.82288239434,-116315.96618779586,-0.7430438767216576,116315.96618779586,0.7430438767216576,156539.83544146415,0.0,0.0,0.2535906280677983,0.10374765465221886,0.13339578550250591,0.10374765465221886,0.010713661543136759,0.06,0.0,0.9966345047894559,1.0049343171616334,-0.00829981237217751,5.0,1.0,0.30473451808454555,1.0,-109232.03132639837,109232.03132639837,109232.03132639837,0.0,96.15749652402648,0.0,1.13597,0.1875,96.15749652402648,1363.1817794069648,-87570.76698083089,0.0,-0.0,-174435.74332634246,0.0,-0.0,-999000.0128746032,-60000.0,60000.0,-80939.94390964508,-25473.973512649536,25473.973512649536,-216929.99986767763,-33245.9999987483,33245.9999987483,2019480.7972500015,111636.03864999954,-111636.03864999954,-623583.1531732954,-109232.03132639837,109232.03132639837,0.5001606941223145,0.7464933395385742,0.4576455354690552,0.5423544645309448,7464933.5,267.932861328125,457.3457946777344,314.0871887207031,-150000000.0,-59649928.0,-99750000.0,96157496.0,0.0,0.0,-0.0,-0.0,213242432.0,-0.0,0.0,0.85,1.0,-1.0,0.9999620752299526,True,True,True,0,1,3
68400.0,18,-1.6562009337898846,False,False,ok,,,True,1.0,-0.5152295827865601,0,0.5,1.0,-0.5152295827865601,-0.665,-168307.54745035231,-93502.3303742037,-0.597306941779478,93502.3303742037,0.597306941779478,156539.83544146415,0.0,0.0,-1.6562009337898846,0.31055753253376006,0.34705785050368654,0.31055753253376006,0.03858416749585909,0.06,0.0,-1.0588939920104068,-1.034049389407706,-0.024844602602700806,5.0,1.0,0.10374765465221886,1.0,-79289.28328692589,79289.28328692589,79289.28328692589,0.0,69.79874757865602,0.0,1.13597,0.1875,69.79874757865602,8884.32251931983,-87570.76698083089,0.0,-0.0,-174435.74332634246,0.0,-0.0,-1059000.012874603,-59999.99999999988,59999.99999999988,-101874.2059469223,-20934.26203727722,20934.26203727722,-256829.99986767763,-39900.0,39900.0,2126102.012200002,106621.21495000063,-106621.21495000063,-614698.8306539756,-79289.28328692589,79289.28328692589,0.3770179748535156,0.7239155173301697,0.44785669445991516,0.5521433353424072,7239155.0,265.1059875488281,453.55670166015625,314.5428466796875,-150000000.0,-51522960.0,-99750000.0,69798744.0,0.0,0.0,-0.0,-0.0,231474208.0,-0.0,0.0,0.85,1.0,-1.0,1.0,True,False,False,0,2,2
72000.0,19,-2.032972407997278,False,False,ok,,,True,1.0,-0.7156096696853638,0,0.5,1.0,-0.7156096696853638,-0.665,-171510.0130002169,-103813.65408591574,-0.6631772276567608,103813.65408591574,0.6631772276567608,156539.83544146415,0.0,0.0,-2.032972407997278,0.5753115832695508,0.6186635779251151,0.5753115832695508,0.14437334190215714,0.06,0.0,-1.3697951803405175,-1.3237702536789535,-0.04602492666156406,5.0,1.0,0.31055753253376006,1.0,-91827.89299609602,91827.89299609602,91827.89299609602,0.0,93.17426106853637,0.0,0.98555,0.1875,93.17426106853637,8783.295539955143,-87570.76698083089,0.0,-0.0,-174435.74332634246,0.0,-0.0,-1119000.012874603,-60000.0,60000.0,-129697.07238674164,-27822.866439819336,27822.866439819336,-296729.99986767763,-39900.0,39900.0,2241839.117550003,115737.10535000078,-115737.10535000078,-605915.5351140205,-91827.89299609602,91827.89299609602,0.21335405111312866,0.7046573758125305,0.43806856870651245,0.5619314312934875,7046573.5,263.4001770019531,449.75469970703125,314.9904479980469,-150000000.0,-71560968.0,-99750000.0,93174264.0,0.0,0.0,-0.0,-0.0,228136704.0,-0.0,0.0,0.85,1.0,-0.9648263473063701,1.0,True,False,False,,0,0
75600.0,20,-0.31308344092264995,False,False,ok,,,True,1.0,-0.2692546844482422,1,0.0,1.0,-0.2692546844482422,0.0,-160709.5929842047,46922.5621852167,0.29974838067823784,-46922.5621852167,-0.29974838067823784,156539.83544146415,0.0,0.0,-0.31308344092264995,0.6868877436906775,0.7309248804659346,0.6868877436906775,0.2162982034512534,0.06,0.0,-0.6128318216008878,-0.5578808021056336,-0.0549510194952542,5.0,1.0,0.5753115832695508,1.0,9399.81655409546,-9399.81655409546,0.0,9399.81655409546,0.0,50.132354955175785,0.98555,0.1875,-50.132354955175785,-26722.32561510906,-87570.76698083089,0.0,-0.0,-174435.74332634246,0.0,-0.0,-1179000.012874603,-60000.0,60000.0,-142252.6797056198,-12555.607318878174,12555.607318878174,-300719.99986767763,-3990.0,3990.0,2355907.470500004,114068.35295000114,-114068.35295000114,-632637.8607291295,9399.81655409546,-9399.81655409546,0.1394975334405899,0.7038659453392029,0.43708980083465576,0.5629101991653442,7038659.5,263.6505432128906,449.3738098144531,315.0347900390625,-150000000.0,-26925468.0,0.0,-50132356.0,0.0,0.0,-0.0,-0.0,227057824.0,-0.0,0.0,0.85,1.0,-0.2692546863108868,1.0,False,True,True,,0,0
79200.0,21,0.38316322586693385,False,False,ok,,,True,1.0,0.04463549703359604,1,0.0,1.0,0.04463549703359604,0.0,-154483.74384851754,67154.54222819157,0.428993310481044,-67154.54222819157,-0.428993310481044,156539.83544146415,0.0,0.0,0.38316322586693385,0.685092284068405,0.7291294208436622,0.685092284068405,0.21468571845389256,0.06,0.0,-0.04583008461411013,0.008977298111362275,-0.054807382725472406,5.0,1.0,0.6868877436906775,1.0,13899.210319379925,-13899.210319379925,0.0,13899.210319379925,0.0,74.1291217033596,0.63457,0.1875,-74.1291217033596,-47029.48277312447,-87570.76698083089,0.0,-0.0,-174435.74332634246,0.0,-0.0,-1239000.012874603,-60000.0,60000.0,-142526.25949680805,-273.57979118824005,273.57979118824005,-300719.99986767763,0.0,-0.0,2469436.382200006,113528.91170000192,-113528.91170000192,-679667.343502254,13899.210319379925,-13899.210319379925,0.14119651913642883,0.7031129598617554,0.43708980083465576,0.5629101991653442,7031129.5,263.36846923828125,449.3738098144531,315.0347900390625,-150000000.0,4463549.5,0.0,-74129120.0,0.0,0.0,-0.0,-0.0,219665568.0,-0.0,0.0,0.85,1.0,0.04463549666106722,1.0,False,True,True,,0,0
82800.0,22,0.4063857302800548,False,False,ok,,,True,1.0,0.03741481155157089,1,0.0,1.0,0.03741481155157089,0.0,-147975.77625250857,64613.88605608733,0.4127632169400662,-64613.88605608733,-0.4127632169400662,156539.83544146415,0.0,0.0,0.4063857302800548,0.6755588399610308,0.719595976736288,0.6755588399610308,0.20712684483319543,0.06,0.0,-0.006377486660011353,0.04766722053687111,-0.054044707196882466,5.0,1.0,0.685092284068405,1.0,14018.362454091952,-14018.362454091952,0.0,14018.362454091952,0.0,74.76459975515708,0.63457,0.1875,-74.76459975515708,-44087.55600598641,-87570.76698083089,0.0,-0.0,-174435.74332634246,0.0,-0.0,-1299000.012874603,-60000.0,60000.0,-141763.52189481258,762.7376019954681,-762.7376019954681,-300719.99986767763,0.0,-0.0,2579269.1682000044,109832.78599999845,-109832.78599999845,-723754.8995082404,14018.362454091952,-14018.362454091952,0.14882388710975647,0.701205313205719,0.43708980083465576,0.5629101991653442,7012053.0,262.6539306640625,449.3738098144531,315.0347900390625,-150000000.0,3741481.25,0.0,-74764600.0,0.0,0.0,-0.0,-0.0,221023120.0,-0.0,0.0,0.85,1.0,0.03741480987519044,1.0,False,True,True,,0,0
86400.0,23,0.33965327505447135,False,False,ok,,,True,1.0,0.004998461809009314,1,0.0,1.0,0.004998461809009314,0.0,-140407.6919838391,61430.6009383349,0.3924279130937633,-61430.6009383349,-0.3924279130937633,156539.83544146415,0.0,0.0,0.33965327505447135,0.6753088263473319,0.719345963122589,0.6753088263473319,0.20606086919713845,0.06,0.0,-0.052774638039291964,0.001250068068494592,-0.054024706107786556,5.0,1.0,0.6755588399610308,1.0,10754.239702668925,-10754.239702668925,0.0,10754.239702668925,0.0,57.35594508090094,0.63457,0.1875,-57.35594508090094,-43108.27696699649,-87570.76698083089,0.0,-0.0,-174435.74332634246,0.0,-0.0,-1359000.012874603,-60000.0,60000.0,-141598.71995914727,164.80193566530943,-164.80193566530943,-300719.99986767763,0.0,-0.0,2689780.7275000033,110511.55929999892,-110511.55929999892,-766863.1764752369,10754.239702668925,-10754.239702668925,0.15047191083431244,0.6989833116531372,0.43708980083465576,0.5629101991653442,6989833.0,261.8216247558594,449.3738098144531,315.0347900390625,-150000000.0,499846.1875,0.0,-57355944.0,0.0,0.0,-0.0,-0.0,206856096.0,-0.0,0.0,0.85,1.0,0.004998461790382755,1.0,False,True,True,,0,0
90000.0,24,0.2866904678933486,False,False,ok,,,True,1.0,-0.0020056203939020634,1,0.0,1.0,-0.0020056203939020634,0.0,-131077.1945539848,55442.406263301986,0.35417442535918525,-55442.406263301986,-0.35417442535918525,156539.83544146415,0.0,0.0,0.2866904678933486,0.6779582852760819,0.721995422051339,0.6779582852760819,0.20705932807778865,0.06,0.0,-0.06748395746583663,-0.013247294643750074,-0.05423666282208656,5.0,1.0,0.6753088263473319,1.0,12076.562223864335,-12076.562223864335,0.0,12076.562223864335,0.0,64.40833186060979,0.63457,0.1875,-64.40833186060979,-34035.34660958336,-87570.76698083089,0.0,-0.0,-174435.74332634246,0.0,-0.0,-1419000.012874603,-60000.0,60000.0,-141660.92536970973,-62.205410562455654,62.205410562455654,-300719.99986767763,0.0,-0.0,2793208.776950003,103428.04944999982,-103428.04944999982,-800898.5230848202,12076.562223864335,-12076.562223864335,0.15014715492725372,0.6968209743499756,0.43708980083465576,0.5629101991653442,6968209.5,261.01165771484375,449.3738098144531,315.0347900390625,-150000000.0,-200562.046875,0.0,-64408332.0,0.0,0.0,-0.0,-0.0,214608896.0,-0.0,0.0,0.85,1.0,-0.002005620475393141,1.0,False,True,True,,0,0
93600.0,25,0.29648782896632364,False,False,ok,,,True,1.0,-0.0006254313630051911,1,0.0,1.0,-0.0006254313630051911,0.0,-122522.81493866297,56705.837232549704,0.36224541231074725,-56705.837232549704,-0.36224541231074725,156539.83544146415,0.0,0.0,0.29648782896632364,0.6802261830166995,0.7242633197919566,0.6802261830166995,0.20786414770735492,0.06,0.0,-0.06575758334442361,-0.011339488703087652,-0.05441809464133596,5.0,1.0,0.6779582852760819,1.0,9431.92829319365,-9431.92829319365,0.0,9431.92829319365,0.0,50.30361756369947,0.63457,0.1875,-50.30361756369947,-38719.52932403423,-87570.76698083089,0.0,-0.0,-174435.74332634246,0.0,-0.0,-1479000.012874603,-60000.0,60000.0,-141691.46338035353,-30.538010643795133,30.538010643795133,-300719.99986767763,0.0,-0.0,2900513.223900004,107304.44695000071,-107304.44695000071,-839618.0524088545,9431.92829319365,-9431.92829319365,0.1499675214290619,0.6948225498199463,0.43708980083465576,0.5629101991653442,6948225.5,260.2630920410156,449.3738098144531,315.0347900390625,-150000000.0,-62543.13671875,0.0,-50303616.0,0.0,0.0,-0.0,-0.0,200366160.0,-0.0,0.0,0.85,1.0,-0.0006254313746471493,1.0,False,True,True,,0,0
97200.0,26,0.30910885215471945,False,False,ok,,,True,1.0,0.00013801889144815505,1,0.0,1.0,0.00013801889144815505,0.0,-112563.14882602911,58304.72479380907,0.3724593463981971,-58304.72479380907,-0.3724593463981971,156539.83544146415,0.0,0.0,0.30910885215471945,0.6819845293950738,0.7260216661703309,0.6819845293950738,0.20840708467737887,0.06,0.0,-0.06335049424347768,-0.008791731891871768,-0.05455876235160591,5.0,1.0,0.6802261830166995,1.0,18121.66182921465,-18121.66182921465,0.0,18121.66182921465,0.0,96.6488630891448,0.28359,0.1875,-96.6488630891448,-30223.39685196057,-87570.76698083089,0.0,-0.0,-174435.74332634246,0.0,-0.0,-1539000.012874603,-60000.0,60000.0,-141691.48076575948,-0.01738540595397353,0.01738540595397353,-300719.99986767763,0.0,-0.0,3000696.304250006,100183.08035000227,-100183.08035000227,-869841.449260815,18121.66182921465,-18121.66182921465,0.1499776542186737,0.6930490136146545,0.43708980083465576,0.5629101991653442,6930490.0,259.5987854003906,449.3738098144531,315.0347900390625,-150000000.0,13801.888671875,0.0,-96648864.0,0.0,0.0,-0.0,-0.0,246635056.0,-0.0,0.0,0.85,1.0,0.0001380188914475236,1.0,False,True,True,,0,0
100800.0,27,2.0449215247572865,False,False,ok,,,True,1.0,1.0,1,0.0,1.0,1.0,0.0,-143227.2070215949,115154.60546903287,0.7356249298734782,-115154.60546903287,-0.7356249298734782,156539.83544146415,0.0,0.0,2.0449215247572865,0.41350906537235443,0.45754620214761144,0.41350906537235443,0.06847580047265465,0.06,0.0,1.3092965948838085,1.342377320113597,-0.03308072522978835,5.0,1.0,0.6819845293950738,1.0,33836.798831249995,-33836.798831249995,0.0,33836.798831249995,0.0,180.46292709999997,0.28359,0.1875,-180.46292709999997,-111981.86483334866,-87570.76698083089,0.0,-0.0,-174435.74332634246,0.0,-0.0,-1599000.012874603,-60000.0,60000.0,-123691.20472797658,18000.276037782896,-18000.276037782896,-300719.99986767763,0.0,-0.0,3124013.8348500063,123317.53060000017,-123317.53060000017,-981823.3140941637,33836.798831249995,-33836.798831249995,0.32998040318489075,0.6915203332901001,0.43708980083465576,0.5629101991653442,6915203.0,259.02618408203125,449.3738098144531,315.0347900390625,-150000000.0,100000000.0,0.0,-180462928.0,0.0,0.0,-0.0,-0.0,230462928.0,-0.0,0.0,0.85,1.0,9.49775757905641e-05,1.0,False,True,True,,0,0
104400.0,28,1.7419873509236794,False,False,ok,,,True,1.0,1.0,1,0.0,1.0,1.0,0.0,-176273.49973159473,111717.51693125034,0.7136682916280791,-111717.51693125034,-0.7136682916280791,156539.83544146415,0.0,0.0,1.7419873509236794,0.20457209991460074,0.24860923668985777,0.20457209991460074,0.026820870407636206,0.06,0.0,1.0283190592956004,1.0446848272887685,-0.016365767993168058,5.0,1.0,0.41350906537235443,1.0,36486.05338125,-36486.05338125,0.0,36486.05338125,0.0,194.5922847,0.28359,0.1875,-194.5922847,-108277.75626000017,-87570.76698083089,0.0,-0.0,-174435.74332634246,0.0,-0.0,-1659000.012874603,-60000.0,60000.0,-103691.20472797658,20000.0,-20000.0,-300719.99986767763,0.0,-0.0,3239245.298400005,115231.46354999859,-115231.46354999859,-1090101.0703541639,36486.05338125,-36486.05338125,0.5299804210662842,0.6903985142707825,0.43708980083465576,0.5629101991653442,6903985.0,258.6059875488281,449.3738098144531,315.0347900390625,-150000000.0,100000000.0,0.0,-194592288.0,0.0,0.0,-0.0,-0.0,244592288.0,-0.0,0.0,0.85,1.0,-0.7649167540299825,1.0,False,True,True,,0,0
108000.0,29,-0.39000526447225425,False,False,ok,,,True,1.0,1.0,2,0.5,1.0,1.0,0.9299999999999999,-260952.72820159481,165632.62522499927,1.058086107973042,-165632.62522499927,-1.058086107973042,156539.83544146415,0.0,0.0,-0.39000526447225425,0.48640784882249993,0.5243254789095272,0.48640784882249993,0.09934097530764897,0.06,0.0,-1.4480913724452962,-1.409178744539496,-0.038912627905799996,5.0,1.0,0.20457209991460074,1.0,58226.482875,-58226.482875,0.0,58226.482875,0.0,310.541242,0.28359,0.1875,-310.541242,-192085.37081999937,-87570.76698083089,0.0,-0.0,-174435.74332634246,0.0,-0.0,-1719000.012874603,-60000.0,60000.0,-83691.20472797658,20000.0,-20000.0,-275609.99986767763,25110.0,-25110.0,3361541.440750007,122296.14235000219,-122296.14235000219,-1282186.4411741633,58226.482875,-58226.482875,0.7299804091453552,0.7085627913475037,0.44583195447921753,0.5541680455207825,7085627.5,260.6443176269531,452.74456787109375,314.37762451171875,-150000000.0,100000000.0,139500000.0,-310541248.0,0.0,0.0,-0.0,-0.0,221041248.0,-0.0,0.0,0.85,1.0,-1.0,1.0,False,True,True,2,1,3
111600.0,30,1.3076050693211325,False,False,ok,,,True,1.0,-0.546179473400116,2,0.20000000298023224,1.0,-0.546179473400116,0.8880000004172325,-298638.28671254095,83450.89635410678,0.53309687031907,-83450.89635410678,-0.53309687031907,156539.83544146415,0.0,0.0,1.3076050693211325,0.32628563880126715,0.35779337793515836,0.32628563880126715,0.04263920903227202,0.06,0.0,0.7745081990020625,0.8006110501061638,-0.026102851104101373,5.0,1.0,0.48640784882249993,1.0,25340.547235518785,-25340.547235518785,0.0,25340.547235518785,0.0,135.14958525610018,0.63457,0.1875,-135.14958525610018,-95795.90762953414,-87570.76698083089,0.0,-0.0,-175949.55417661555,-1513.8108502730902,1513.8108502730902,-1779000.012874603,-60000.0,60000.0,-101353.66577038076,-17662.461042404175,17662.461042404175,-248843.99985641235,26766.000011265278,-26766.000011265278,3472062.061750009,110520.62100000214,-110520.62100000214,-1377982.3488036974,25340.547235518785,-25340.547235518785,0.6343188881874084,0.725192666053772,0.454988956451416,0.545011043548584,7251927.0,261.83465576171875,456.2095947265625,313.6892395019531,-150000000.0,-54617948.0,133200000.0,-135149584.0,0.0,0.0,-13441535.0,-13441535.0,220009072.0,-0.0,0.0,0.85,1.0,-1.0,0.6000979364353132,False,False,True,2,2,2
115200.0,31,1.1636073201941133,False,False,ok,,,True,1.0,-0.7343518733978271,2,0.20000000298023224,1.0,-0.7343518733978271,0.8880000004172325,-317301.30770508334,53485.78296008894,0.34167522157699715,-53485.78296008894,-0.34167522157699715,156539.83544146415,0.0,0.0,1.1636073201941133,0.15934962507661804,0.1845243318832182,0.15934962507661804,0.013464232365001097,0.06,0.0,0.8219320986171161,0.8346800686232456,-0.012747970006129443,5.0,1.0,0.32628563880126715,1.0,14253.486886730198,-14253.486886730198,0.0,14253.486886730198,0.0,76.01859672922772,0.98555,0.1875,-76.01859672922772,-57895.31706590112,-87570.76698083089,0.0,-0.0,-184740.40637985157,-8790.85220323602,8790.85220323602,-1839000.012874603,-60000.0,60000.0,-129975.051106303,-28621.38533592224,28621.38533592224,-222203.99984389538,26640.000012516975,-26640.000012516975,3582066.595350011,110004.5336000016,-110004.5336000016,-1435877.6658695985,14253.486886730198,-14253.486886730198,0.46595779061317444,0.7417137026786804,0.46403613686561584,0.5359638929367065,7417137.0,262.9989929199219,459.5800476074219,313.0091247558594,-150000000.0,-73435184.0,133200000.0,-76018600.0,0.0,-0.0,-61442920.0,-61442920.0,227696704.0,-0.0,0.0,0.85,1.0,-1.0,1.0,False,False,True,2,3,1
118800.0,32,-1.5146458723710994,False,False,ok,,,True,1.0,-1.0,2,0.20000000298023224,1.0,-1.0,0.8880000004172325,-315953.6876924914,23685.354167031044,0.1513056028213844,-23685.354167031044,-0.1513056028213844,156539.83544146415,0.0,0.0,-1.5146458723710994,0.4847833859400736,0.5036763921663604,0.4847833859400736,0.11194906765315452,0.06,0.0,-1.6659514751924838,-1.6271688043172778,-0.038782670875205885,5.0,1.0,0.15934962507661804,1.0,2083.3993272697903,-2083.3993272697903,0.0,2083.3993272697903,0.0,11.111463078772216,0.98555,0.1875,-11.111463078772216,-20254.33482716931,-87570.76698083089,0.0,-0.0,-204689.39700901607,-19948.990629164502,19948.990629164502,-1899000.012874603,-60000.0,60000.0,-168912.4585998943,-38937.40749359131,38937.40749359131,-195563.9998313784,26640.000012516975,-26640.000012516975,3695914.948300012,113848.35295000114,-113848.35295000114,-1456132.0006967678,2083.3993272697903,-2083.3993272697903,0.23691421747207642,0.7598453164100647,0.47301000356674194,0.5269899964332581,7598453.0,264.71978759765625,462.88922119140625,312.33453369140625,-150000000.0,-100000000.0,133200000.0,-11111463.0,0.0,0.0,-101901512.0,-101901512.0,229812976.0,-0.0,0.0,0.85,1.0,-1.0,1.0,False,False,True,,0,0
122400.0,33,-1.7865231798724837,False,False,ok,,,True,1.0,-0.36938542127609253,0,0.5,1.0,-0.36938542127609253,-0.665,-324816.42204683437,-139838.6972207696,-0.8933106185170374,139838.6972207696,0.8933106185170374,156539.83544146415,0.0,0.0,-1.7865231798724837,0.6529782462708296,0.6774135799168641,0.6529782462708296,0.21083712614240765,0.06,0.0,-0.8932125613554462,-0.8409743016537798,-0.052238259701666366,5.0,1.0,0.4847833859400736,1.0,-116437.23536178928,116437.23536178928,116437.23536178928,0.0,183.48997803518807,0.0,0.63457,0.1875,183.48997803518807,14538.727504637325,-87570.76698083089,0.0,-0.0,-232453.46965330897,-27764.0726442929,27764.0726442929,-1959000.012874603,-60000.0,60000.0,-186210.33376583364,-17297.87516593933,17297.87516593933,-228809.9998301267,-33245.9999987483,33245.9999987483,3810821.4342500134,114906.48595000152,-114906.48595000152,-1441593.2731921305,-116437.23536178928,116437.23536178928,0.13516201078891754,0.7442787289619446,0.46509239077568054,0.5349076390266418,7442787.5,263.4172058105469,459.83404541015625,312.69049072265625,-150000000.0,-36938544.0,-99750000.0,183489984.0,0.0,-0.0,-122115376.0,-122115376.0,225313936.0,-0.0,0.0,0.85,1.0,-0.3693854072320426,1.0,True,True,True,0,1,3
126000.0,34,-0.5043264021204408,False,False,ok,,,True,1.0,0.06306146830320358,0,0.5,1.0,0.06306146830320358,-0.665,-329373.3383385873,-62001.48076871209,-0.3960747792653498,62001.48076871209,0.3960747792653498,156539.83544146415,0.0,0.0,-0.5043264021204408,0.6640044988600864,0.6952920531223918,0.6640044988600864,0.2113371532310448,0.06,0.0,-0.10825162285509103,-0.05513126294628412,-0.05312035990880691,5.0,1.0,0.6529782462708296,1.0,-42387.86659197623,42387.86659197623,42387.86659197623,0.0,149.46883385160345,0.0,0.28359,0.1875,149.46883385160345,15056.697884982917,-87570.76698083089,0.0,-0.0,-264481.6191243982,-32028.149471089244,32028.149471089244,-2019000.012874603,-60000.0,60000.0,-186552.76902148034,-342.4352556467056,342.4352556467056,-268709.9998301267,-39900.0,39900.0,3923478.4048000122,112656.9705499988,-112656.9705499988,-1426536.5753071476,-42387.86659197623,42387.86659197623,0.13782164454460144,0.7292630076408386,0.45530349016189575,0.5446965098381042,7292630.5,263.2648620605469,456.0621032714844,313.1524658203125,-150000000.0,6306147.0,-99750000.0,149468832.0,0.0,-0.0,-135385456.0,-135385456.0,229360480.0,-0.0,0.0,0.85,1.0,0.06306147191644074,1.0,True,False,False,0,2,2
129600.0,35,1.2514412690247971,False,False,ok,,,True,0.8500000238418579,1.0,0,0.5,0.8500000238418579,1.0,-0.665,-317350.5993535534,-1470.2912691892798,-0.009392441643003223,1470.2912691892798,0.009392441643003223,156539.83544146415,0.0,0.0,1.2514412690247971,0.40535212276232907,0.44349155298378445,0.40535212276232907,0.06704619387724377,0.06,0.0,1.2608337106678003,1.2932618804887865,-0.03242816982098633,5.0,1.0,0.6640044988600864,1.0,-9252.46348887875,9252.46348887875,9252.46348887875,0.0,50.47440668200725,0.0,0.18331,0.1875,50.47440668200725,4240.566765344469,-87570.76698083089,0.0,-0.0,-297705.80925385497,-33224.19012945675,33224.19012945675,-2070900.0141620634,-51900.00128746033,51900.00128746033,-168426.64608487394,18126.122936606407,-18126.122936606407,-308609.9998301267,-39900.0,39900.0,4038158.6455000103,114680.2406999981,-114680.2406999981,-1422296.008541803,-9252.46348887875,9252.46348887875,0.3190828859806061,0.7160235643386841,0.44551509618759155,0.5544849038124084,7160235.5,263.7590026855469,452.2768249511719,313.6061706542969,-127500000.0,100000000.0,-99750000.0,50474408.0,0.0,0.0,-129865488.0,-129865488.0,206641088.0,-0.0,0.0,0.85,1.0,0.05175799079209931,1.0,True,False,False,0,3,1
133200.0,36,1.2321230804655607,False,False,ok,,,True,0.7000000476837158,1.0,0,0.5,0.7000000476837158,1.0,-0.665,-304847.65208620275,15041.833209526223,0.09608949164349226,-15041.833209526223,-0.09608949164349226,156539.83544146415,0.0,0.0,1.2321230804655607,0.17533996554912928,0.22033095477516795,0.17533996554912928,0.022071715651869734,0.06,0.0,1.1360335888220685,1.1500607860659988,-0.014027197243930343,5.0,1.0,0.40535212276232907,1.0,4610.434467782113,-4610.434467782113,0.0,4610.434467782113,0.0,24.588983828171266,0.18331,0.1875,-24.588983828171266,2071.548525606515,-87570.76698083089,0.0,-0.0,-327794.94994413905,-30089.140690284083,30089.140690284083,-2113800.0168800354,-42900.002717972035,42900.002717972035,-148426.64608487394,20000.0,-20000.0,-348509.9998301267,-39900.0,39900.0,4141479.1876500105,103320.54215000011,-103320.54215000011,-1420224.4600161966,4610.434467782113,-4610.434467782113,0.5190829038619995,0.7032843232154846,0.43572714924812317,0.5642728209495544,7032843.5,264.4611511230469,448.4787292480469,314.0519104003906,-105000008.0,100000000.0,-99750000.0,-24588984.0,0.0,0.0,-108740912.0,-108740912.0,238079904.0,-0.0,0.0,0.7000000238418579,1.0,-0.718602234013673,1.0,True,False,False,,0,0
136800.0,37,-0.38686869949034564,False,False,ok,,,True,0.5500000715255737,1.0,2,0.5,0.5500000715255737,1.0,0.9299999999999999,-367192.54527141945,161872.19042590217,1.034063885204683,-161872.19042590217,-1.034063885204683,156539.83544146415,0.0,0.0,-0.38686869949034564,0.45228984496863683,0.49193614295425436,0.45228984496863683,0.08728912412621061,0.06,0.0,-1.4209325846950287,-1.3847493970975377,-0.036183187597490944,5.0,1.0,0.17533996554912928,1.0,58996.59834620127,-58996.59834620127,0.0,58996.59834620127,0.0,314.6485245130734,0.18331,0.1875,-314.6485245130734,-165220.4852649176,-87570.76698083089,0.0,-0.0,-351179.30326595437,-23384.353321815317,23384.353321815317,-2147700.0210285187,-33900.00414848328,33900.00414848328,-128426.64608487394,20000.0,-20000.0,-327389.9998301267,21120.0,-21120.0,4260519.137200008,119039.94954999769,-119039.94954999769,-1585444.9452811142,58996.59834620127,-58996.59834620127,0.7190828919410706,0.7263344526290894,0.44336244463920593,0.5566375851631165,7263344.5,268.8219299316406,451.6034240722656,313.4654846191406,-82500008.0,100000000.0,139500000.0,-314648512.0,0.0,0.0,-74908640.0,-74908640.0,232557168.0,-0.0,0.0,0.5500000476837158,0.8500000476837158,-1.0,1.0,False,True,True,2,1,3
140400.0,38,0.024436268610215417,False,False,ok,,,True,0.7000000476837158,0.654585599899292,2,0.5,0.7000000476837158,0.654585599899292,0.9299999999999999,-434014.5486353542,156927.246703049,1.002474841374991,-156927.246703049,-1.002474841374991,156539.83544146415,0.0,0.0,0.024436268610215417,0.6376944483480236,0.6706659682095855,0.6376944483480236,0.20154712954489626,0.06,0.0,-0.9780385727647757,-0.9270230168969338,-0.051015555867841886,5.0,1.0,0.45228984496863683,1.0,53815.260230652064,-53815.260230652064,0.0,53815.260230652064,0.0,287.01472123014435,0.28359,0.1875,-287.01472123014435,-169933.9898363317,-87570.76698083089,0.0,-0.0,-364928.4419876705,-13749.138721716125,13749.138721716125,-2188800.024032593,-41100.0030040741,41100.0030040741,-114644.10528668668,13782.540798187256,-13782.540798187256,-299489.9998301267,27900.0,-27900.0,4376797.724600009,116278.58740000054,-116278.58740000054,-1755378.935117446,53815.260230652064,-53815.260230652064,0.8569082617759705,0.7476679682731628,0.4528978168964386,0.547102153301239,7476680.0,271.3605651855469,455.396240234375,312.7674560546875,-105000008.0,65458560.0,139500000.0,-287014720.0,0.0,-0.0,-30498326.0,-30498326.0,217554496.0,-0.0,0.0,0.4000000715255737,0.7000000715255738,-1.0,0.6545856070427358,False,False,True,2,2,2
144000.0,39,0.7853967341854299,False,False,ok,,,True,0.8500000238418579,-0.034541431814432144,2,0.5,0.8500000238418579,-0.034541431814432144,0.9299999999999999,-482622.3065534841,124465.65812043211,0.7951053338558943,-124465.65812043211,-0.7951053338558943,156539.83544146415,0.0,0.0,0.7853967341854299,0.6295631577579887,0.6558756329488041,0.6295631577579887,0.20462724729243795,0.06,0.0,-0.00970859967046448,0.040656452950174615,-0.050365052620639096,5.0,1.0,0.6376944483480236,1.0,42032.93852667714,-42032.93852667714,0.0,42032.93852667714,0.0,224.1756721422781,0.63457,0.1875,-224.1756721422781,-131040.47751188488,-87570.76698083089,0.0,-0.0,-369138.64717483206,-4210.2051871615695,4210.2051871615695,-2238900.0256061554,-50100.00157356262,50100.00157356262,-114578.42563220765,65.6796544790268,-65.6796544790268,-271589.9998301267,27900.0,-27900.0,4485574.971300012,108777.24670000374,-108777.24670000374,-1886419.4126293308,42032.93852667714,-42032.93852667714,0.8626853227615356,0.7644648551940918,0.46241074800491333,0.5375892519950867,7644648.5,272.19732666015625,459.07525634765625,312.07110595703125,-127500000.0,-3454143.25,139500000.0,-224175680.0,0.0,0.0,-0.0,-0.0,215629824.0,-0.0,0.0,0.5500000476837158,0.8500000476837158,-1.0,-0.03454143286662825,False,False,True,2,3,1
147600.0,40,1.401160506183452,False,False,ok,,,True,1.0,-0.5247263312339783,2,0.20000000298023224,1.0,-0.5247263312339783,0.8880000004172325,-518653.13156864856,83535.07564888045,0.5336346203079867,-83535.07564888045,-0.5336346203079867,156539.83544146415,0.0,0.0,1.401160506183452,0.44887596514064526,0.4689440985113478,0.44887596514064526,0.09960822846557671,0.06,0.0,0.8675258858754654,0.903435963086717,-0.03591007721125162,5.0,1.0,0.6295631577579887,1.0,27082.479982347573,-27082.479982347573,0.0,27082.479982347573,0.0,144.43989323918706,1.13597,0.1875,-144.43989323918706,-92483.42068169732,-87570.76698083089,0.0,-0.0,-369138.64717483206,0.0,-0.0,-2298000.0257492065,-59100.00014305115,59100.00014305115,-133606.7392838886,-19028.313651680946,19028.313651680946,-244823.99981886143,26766.000011265278,-26766.000011265278,4593389.880750014,107814.90945000201,-107814.90945000201,-1978902.833311028,27082.479982347573,-27082.479982347573,0.7507540583610535,0.7772551774978638,0.47133123874664307,0.5286687612533569,7772551.5,271.915771484375,462.4508361816406,311.4180908203125,-150000000.0,-52472632.0,133200000.0,-144439888.0,0.0,0.0,-0.0,-0.0,213712528.0,-0.0,0.0,0.7000000238418579,1.0,-1.0,-0.0634267121118659,False,False,True,,0,0
151200.0,41,0.03366875009049908,False,False,ok,,,True,1.0,-0.495321124792099,0,0.5,1.0,-0.495321124792099,-0.665,-525938.4650730708,-110608.58235691593,-0.7065842508712514,110608.58235691593,0.7065842508712514,156539.83544146415,0.0,0.0,0.03366875009049908,0.29608795762627477,0.32170446856678175,0.29608795762627477,0.035920103676782125,0.06,0.0,0.7402530009617505,0.7639400375718525,-0.02368703661010198,5.0,1.0,0.44887596514064526,1.0,-104288.37969071505,104288.37969071505,104288.37969071505,0.0,91.80557557920989,0.0,1.13597,0.1875,91.80557557920989,-965.1308382214047,-87570.76698083089,0.0,-0.0,-369138.64717483206,0.0,-0.0,-2358000.0257492065,-60000.0,60000.0,-153537.20510134008,-19930.465817451477,19930.465817451477,-278069.9998176097,-33245.9999987483,33245.9999987483,4700246.143900011,106856.26314999629,-106856.26314999629,-1979867.9641492495,-104288.37969071505,104288.37969071505,0.6335160732269287,0.7541860938072205,0.46340498328208923,0.5365949869155884,7541861.0,268.0642395019531,459.39300537109375,311.77508544921875,-150000000.0,-49532112.0,-99750000.0,91805576.0,0.0,0.0,-0.0,-0.0,207476544.0,-0.0,0.0,0.85,1.0,-1.0,0.49622957176110427,True,True,True,0,1,3
154800.0,42,0.021004130840884816,False,False,ok,,,True,1.0,-0.4514164626598358,0,0.5,1.0,-0.4514164626598358,-0.665,-531547.0581792627,-103197.73923540668,-0.6592426710068697,103197.73923540668,0.6592426710068697,156539.83544146415,0.0,0.0,0.021004130840884816,0.15751830438653924,0.18998719614513293,0.15751830438653924,0.014986648819720219,0.06,0.0,0.6802468018477545,0.6928482661986777,-0.01260146435092314,5.0,1.0,0.29608795762627477,1.0,-88803.73053048336,88803.73053048336,88803.73053048336,0.0,78.17436246598356,0.0,1.13597,0.1875,78.17436246598356,8785.415598731488,-87570.76698083089,0.0,-0.0,-369138.64717483206,0.0,-0.0,-2418000.0257492065,-60000.0,60000.0,-171769.48225626256,-18232.277154922485,18232.277154922485,-317969.9998176097,-39900.0,39900.0,4803984.412350006,103738.26844999567,-103738.26844999567,-1971082.548550518,-88803.73053048336,88803.73053048336,0.5262673497200012,0.7318827509880066,0.45361587405204773,0.5463841557502747,7318827.5,265.367431640625,455.6149597167969,312.2356262207031,-150000000.0,-45141648.0,-99750000.0,78174360.0,0.0,0.0,-0.0,-0.0,216717280.0,-0.0,0.0,0.85,1.0,-1.0,1.0,True,False,False,0,2,2
158400.0,43,-1.1889785722641504,False,False,ok,,,True,1.0,-0.5616666674613953,0,0.5,1.0,-0.5616666674613953,-0.665,-536304.3940686999,-76903.3594920313,-0.4912702206128754,76903.3594920313,0.4912702206128754,156539.83544146415,0.0,0.0,-1.1889785722641504,0.29238186487873447,0.33170262688664826,0.29238186487873447,0.03489432581761549,0.06,0.0,-0.697708351651275,-0.6743178024609762,-0.02339054919029876,5.0,1.0,0.15751830438653924,1.0,-63336.33551278282,63336.33551278282,63336.33551278282,0.0,64.26496424613953,0.0,0.98555,0.1875,64.26496424613953,8809.688089811243,-87570.76698083089,0.0,-0.0,-369138.64717483206,0.0,-0.0,-2478000.0257492065,-60000.0,60000.0,-193795.14813551214,-22025.665879249573,22025.665879249573,-357869.9998176097,-39900.0,39900.0,4912343.0542500075,108358.6419000011,-108358.6419000011,-1962272.8604607068,-63336.33551278282,63336.33551278282,0.39670461416244507,0.7125611901283264,0.44382748007774353,0.5561724901199341,7125612.0,263.66094970703125,451.82366943359375,312.6879577636719,-150000000.0,-56166668.0,-99750000.0,64264964.0,0.0,0.0,-0.0,-0.0,241651696.0,-0.0,0.0,0.85,1.0,-1.0,1.0,True,False,False,0,3,1
162000.0,44,-2.377914722245241,False,False,ok,,,True,1.0,-0.8264680504798889,0,0.5,1.0,-0.8264680504798889,-0.665,-538568.3504340408,-130047.3068402122,-0.8307617449159869,130047.3068402122,0.8307617449159869,156539.83544146415,0.0,0.0,-2.377914722245241,0.5923350987643556,0.6385072791882364,0.5923350987643556,0.1515211542692095,0.06,0.0,-1.5471529773292543,-1.499766169428106,-0.04738680790114845,5.0,1.0,0.29238186487873447,1.0,-118973.64160309045,118973.64160309045,118973.64160309045,0.0,120.71801694798889,0.0,0.98555,0.1875,120.71801694798889,8809.708871780895,-87570.76698083089,0.0,-0.0,-369138.64717483206,0.0,-0.0,-2538000.0257492065,-60000.0,60000.0,-225794.66462263372,-31999.516487121582,31999.516487121582,-397769.9998176097,-39900.0,39900.0,5033168.90550001,120825.85125000216,-120825.85125000216,-1953463.1515889259,-118973.64160309045,118973.64160309045,0.20847217738628387,0.6949566602706909,0.43403974175453186,0.5659602284431458,6949566.5,262.5300598144531,448.01971435546875,313.1323547363281,-150000000.0,-82646808.0,-99750000.0,120718016.0,0.0,0.0,-0.0,-0.0,211678784.0,-0.0,0.0,0.85,1.0,-1.0,1.0,True,False,False,,0,0
165600.0,45,-0.37192893402944993,False,False,ok,,,True,1.0,-0.24850672483444214,1,0.0,1.0,-0.24850672483444214,0.0,-527651.0729434602,34961.91270089532,0.22334195383748714,-34961.91270089532,-0.22334195383748714,156539.83544146415,0.0,0.0,-0.37192893402944993,0.7001862956080148,0.7470435943944189,0.7001862956080148,0.22226566641910056,0.06,0.0,-0.595270887866937,-0.5392559842182959,-0.05601490364864119,5.0,1.0,0.5923350987643556,1.0,5364.632946854207,-5364.632946854207,0.0,5364.632946854207,0.0,28.611375716555774,0.63457,0.1875,-28.611375716555774,-18680.00226346054,-87570.76698083089,0.0,-0.0,-369138.64717483206,0.0,-0.0,-2598000.0257492065,-60000.0,60000.0,-238046.7789185932,-12252.114295959473,12252.114295959473,-401759.9998176097,-3990.0,3990.0,5139008.299550008,105839.39404999837,-105839.39404999837,-1972143.1538523864,5364.632946854207,-5364.632946854207,0.13640090823173523,0.6952123641967773,0.43306100368499756,0.5669389963150024,6952123.5,263.1775207519531,447.6386413574219,313.1763610839844,-150000000.0,-24850672.0,0.0,-28611376.0,0.0,0.0,-0.0,-0.0,203462048.0,-0.0,0.0,0.85,1.0,-0.24850673053443034,1.0,False,True,True,,0,0
169200.0,46,0.3425626028255889,False,False,ok,,,True,1.0,0.05779612809419632,1,0.0,1.0,0.05779612809419632,0.0,-519580.92492518254,56874.07212687486,0.3633201221049074,-56874.07212687486,-0.3633201221049074,156539.83544146415,0.0,0.0,0.3425626028255889,0.6932458656140537,0.7401031644004578,0.6932458656140537,0.2172941402798828,0.06,0.0,-0.020757519279318487,0.03470214996980581,-0.055459669249124294,5.0,1.0,0.7001862956080148,1.0,15096.74462051618,-15096.74462051618,0.0,15096.74462051618,0.0,80.51597130941963,0.63457,0.1875,-80.51597130941963,-33707.17948808102,-87570.76698083089,0.0,-0.0,-369138.64717483206,0.0,-0.0,-2658000.0257492065,-60000.0,60000.0,-238000.47551223543,46.3034063577652,-46.3034063577652,-401759.9998176097,0.0,-0.0,5240739.323650006,101731.02409999818,-101731.02409999818,-2005850.3333404674,15096.74462051618,-15096.74462051618,0.14095699787139893,0.6953186392784119,0.43306100368499756,0.5669389963150024,6953186.5,263.2177734375,447.6386413574219,313.1763610839844,-150000000.0,5779613.0,0.0,-80515968.0,0.0,0.0,-0.0,-0.0,224736352.0,-0.0,0.0,0.85,1.0,0.057796126864556395,1.0,False,True,True,,0,0
172800.0,47,0.41128024204911273,False,False,ok,,,True,1.0,0.038432762026786804,1,0.0,1.0,0.038432762026786804,0.0,-513669.3247205235,64416.3443419232,0.41150129077534886,-64416.3443419232,-0.41150129077534886,156539.83544146415,0.0,0.0,0.41128024204911273,0.6823721214166347,0.7292294202030388,0.6823721214166347,0.20907958199672794,0.06,0.0,-0.00022104872623611438,0.054368720987094665,-0.05458976971333078,5.0,1.0,0.6932458656140537,1.0,11240.78311925225,-11240.78311925225,0.0,11240.78311925225,0.0,59.95084330267867,0.63457,0.1875,-59.95084330267867,-47263.961018011905,-87570.76698083089,0.0,-0.0,-369138.64717483206,0.0,-0.0,-2718000.0257492065,-60000.0,60000.0,-237193.09353956487,807.3819726705551,-807.3819726705551,-401759.9998176097,0.0,-0.0,5353107.5029000025,112368.17924999632,-112368.17924999632,-2053114.2943584793,11240.78311925225,-11240.78311925225,0.14903081953525543,0.6940816640853882,0.43306100368499756,0.5669389963150024,6940816.5,262.7494812011719,447.6386413574219,313.1763610839844,-150000000.0,3843276.25,0.0,-59950844.0,0.0,0.0,-0.0,-0.0,206107568.0,-0.0,0.0,0.85,1.0,0.03843276135594022,1.0,False,True,True,,0,0
176400.0,48,0.3080599157608227,False,False,ok,,,True,1.0,0.004119027405977249,1,0.0,1.0,0.004119027405977249,0.0,-504582.0974652458,56431.597699974336,0.36049352895273823,-56431.597699974336,-0.36049352895273823,156539.83544146415,0.0,0.0,0.3080599157608227,0.6819476811565136,0.7288049799429177,0.6819476811565136,0.20807040736464413,0.06,0.0,-0.0524336131919155,0.002122201300605586,-0.05455581449252109,5.0,1.0,0.6823721214166347,1.0,13226.806132612075,-13226.806132612075,0.0,13226.806132612075,0.0,70.54296604059773,0.63457,0.1875,-70.54296604059773,-34117.56431208458,-87570.76698083089,0.0,-0.0,-369138.64717483206,0.0,-0.0,-2778000.0257492065,-60000.0,60000.0,-237042.0855222037,151.0080173611641,-151.0080173611641,-401759.9998176097,0.0,-0.0,5456161.286450004,103053.78355000168,-103053.78355000168,-2087231.858670564,13226.806132612075,-13226.806132612075,0.15054090321063995,0.6922409534454346,0.43306100368499756,0.5669389963150024,6922409.5,262.05267333984375,447.6386413574219,313.1763610839844,-150000000.0,411902.75,0.0,-70542968.0,0.0,0.0,-0.0,-0.0,220131056.0,-0.0,0.0,0.85,1.0,0.004119027517441559,1.0,False,True,True,,0,0
180000.0,49,0.31729403645588483,False,False,ok,,,True,1.0,-0.0022988133132457733,1,0.0,1.0,-0.0022988133132457733,0.0,-496570.30126523116,60178.04291341107,0.38442638414497243,-60178.04291341107,-0.38442638414497243,156539.83544146415,0.0,0.0,0.31729403645588483,0.6844233766676487,0.7312806754540528,0.6844233766676487,0.20908785874957048,0.06,0.0,-0.06713234768908757,-0.012378477555675671,-0.0547538701334119,5.0,1.0,0.6819476811565136,1.0,10187.03048787664,-10187.03048787664,0.0,10187.03048787664,0.0,54.330829268675416,0.63457,0.1875,-54.330829268675416,-41979.216225519776,-87570.76698083089,0.0,-0.0,-369138.64717483206,0.0,-0.0,-2838000.0257492065,-60000.0,60000.0,-237116.6047466686,-74.51922446489334,74.51922446489334,-401759.9998176097,0.0,-0.0,5566226.8181000035,110065.53164999932,-110065.53164999932,-2129211.0748960837,10187.03048787664,-10187.03048787664,0.15013647079467773,0.6903719305992126,0.43306100368499756,0.5669389963150024,6903719.0,261.34515380859375,447.6386413574219,313.1763610839844,-150000000.0,-229881.328125,0.0,-54330828.0,0.0,0.0,-0.0,-0.0,204560704.0,-0.0,0.0,0.85,1.0,-0.002298813220407834,1.0,False,True,True,,0,0
183600.0,50,0.30929353787909714,False,False,ok,,,True,1.0,0.0,1,0.0,1.0,0.0,0.0,-487021.7746986048,58401.2982967487,0.37307627245198577,-58401.2982967487,-0.37307627245198577,156539.83544146415,0.0,0.0,0.30929353787909714,0.6862007121872308,0.7330580109736349,0.6862007121872308,0.20968903490516583,0.06,0.0,-0.06378273457288863,-0.008886677597910175,-0.054896056974978465,5.0,1.0,0.6844233766676487,1.0,16130.138249999998,-16130.138249999998,0.0,16130.138249999998,0.0,86.02740399999999,0.28359,0.1875,-86.02740399999999,-32722.633480122313,-87570.76698083089,0.0,-0.0,-369138.64717483206,0.0,-0.0,-2898000.0257492065,-60000.0,60000.0,-237125.79999992158,-9.195253252983093,9.195253252983093,-401759.9998176097,0.0,-0.0,5668507.173400003,102280.35529999994,-102280.35529999994,-2161933.708376206,16130.138249999998,-16130.138249999998,0.15008237957954407,0.6886757016181946,0.43306100368499756,0.5669389963150024,6886757.0,260.7030334472656,447.6386413574219,313.1763610839844,-150000000.0,0.0,0.0,-86027408.0,0.0,0.0,-0.0,-0.0,236027408.0,-0.0,0.0,0.85,1.0,-0.000579998567994483,1.0,False,True,True,,0,0
187200.0,51,1.9954235102679412,False,False,ok,,,True,1.0,1.0,1,0.0,1.0,1.0,0.0,-516624.51509860466,107348.1667624983,0.6857562259456931,-107348.1667624983,-0.6857562259456931,156539.83544146415,0.0,0.0,1.9954235102679412,0.41758588122320983,0.46444318000961393,0.41758588122320983,0.06978236188567424,0.06,0.0,1.309667284322248,1.3430741548201048,-0.03340687049785679,5.0,1.0,0.6862007121872308,1.0,31334.4647625,-31334.4647625,0.0,31334.4647625,0.0,167.1171454,0.28359,0.1875,-167.1171454,-105616.4423999982,-87570.76698083089,0.0,-0.0,-369138.64717483206,0.0,-0.0,-2958000.0257492065,-60000.0,60000.0,-219125.79999992158,18000.0,-18000.0,-401759.9998176097,0.0,-0.0,5786520.875400001,118013.70199999772,-118013.70199999772,-2267550.150776204,31334.4647625,-31334.4647625,0.33008238673210144,0.6872905492782593,0.43306100368499756,0.5669389963150024,6872905.5,260.1786804199219,447.6386413574219,313.1763610839844,-150000000.0,100000000.0,0.0,-167117152.0,0.0,0.0,-0.0,-0.0,217117152.0,-0.0,0.0,0.85,1.0,-0.0003501172366698821,1.0,False,True,True,,0,0
190800.0,52,1.7702997195163095,False,False,ok,,,True,1.0,0.9194957613945007,1,0.0,1.0,0.9194957613945007,0.0,-545438.077048807,99034.15023749613,0.6326450386140117,-99034.15023749613,-0.6326450386140117,156539.83544146415,0.0,0.0,1.7702997195163095,0.18706195378223456,0.23391925256863866,0.18706195378223456,0.027153998732965708,0.06,0.0,1.1376546809022978,1.1526196372048765,-0.014964956302578766,5.0,1.0,0.41758588122320983,1.0,31924.653832396893,-31924.653832396893,0.0,31924.653832396893,0.0,170.2648204394501,0.28359,0.1875,-170.2648204394501,-95923.05835530162,-87570.76698083089,0.0,-0.0,-369138.64717483206,0.0,-0.0,-3018000.0257492065,-60000.0,60000.0,-200574.87629482057,18550.923705101013,-18550.923705101013,-401759.9998176097,0.0,-0.0,5895079.448099997,108558.57269999571,-108558.57269999571,-2363473.209131506,31924.653832396893,-31924.653832396893,0.5155916213989258,0.6863254904747009,0.43306100368499756,0.5669389963150024,6863254.5,259.8133239746094,447.6386413574219,313.1763610839844,-150000000.0,91949576.0,0.0,-170264816.0,0.0,0.0,-0.0,-0.0,228315248.0,-0.0,0.0,0.85,1.0,-0.7653501172366701,1.0,False,True,True,,0,0
194400.0,53,-0.41604295380729006,False,False,ok,,,True,1.0,1.0,2,0.5,1.0,1.0,0.9299999999999999,-628167.584524385,159523.91716029128,1.0190627625895454,-159523.91716029128,-1.0190627625895454,156539.83544146415,0.0,0.0,-0.41604295380729006,0.4666172215173245,0.5073636803858772,0.4666172215173245,0.08989458796703675,0.06,0.0,-1.4351057163968355,-1.3977763386754496,-0.03732937772138596,5.0,1.0,0.18706195378223456,1.0,60417.3034875,-60417.3034875,0.0,60417.3034875,0.0,322.2256186,0.28359,0.1875,-322.2256186,-181836.12114836928,-87570.76698083089,0.0,-0.0,-369138.64717483206,0.0,-0.0,-3078000.0257492065,-60000.0,60000.0,-180735.88477203157,19838.991522789,-19838.991522789,-376649.9998176097,25110.0,-25110.0,6009237.070249993,114157.62214999646,-114157.62214999646,-2545309.330279875,60417.3034875,-60417.3034875,0.7139815092086792,0.7043550610542297,0.44179075956344604,0.558209240436554,7043551.0,261.8067321777344,451.0570983886719,312.5533752441406,-150000000.0,100000000.0,139500000.0,-322225632.0,0.0,-0.0,-0.0,-0.0,232725616.0,2.9802322387695312e-08,0.0,0.85,1.0,-1.0,1.0,False,True,True,2,1,3
198000.0,54,0.830060214617234,False,False,ok,,,True,1.0,-0.12765295803546906,2,0.20000000298023224,1.0,-0.12765295803546906,0.8880000004172325,-674516.735713873,114498.9016649278,0.7314361954069067,-114498.9016649278,-0.7314361954069067,156539.83544146415,0.0,0.0,0.830060214617234,0.4398547418063573,0.4741965837022164,0.4398547418063573,0.08099431220799894,0.06,0.0,0.09862401921032732,0.1338123985548359,-0.03518837934450859,5.0,1.0,0.4666172215173245,1.0,35506.782734656445,-35506.782734656445,0.0,35506.782734656445,0.0,189.3695079181677,0.63457,0.1875,-189.3695079181677,-125341.27011975925,-87570.76698083089,0.0,-0.0,-370679.8310665494,-1541.1838917173445,1541.1838917173445,-3138000.0257492065,-60000.0,60000.0,-183331.39126130845,-2595.506489276886,2595.506489276886,-349883.99980634445,26766.000011265278,-26766.000011265278,6125599.879549997,116362.80930000357,-116362.80930000357,-2670650.6003996343,35506.782734656445,-35506.782734656445,0.7069491147994995,0.7205689549446106,0.45094022154808044,0.5490597486495972,7205689.5,262.8390197753906,454.56646728515625,311.90045166015625,-150000000.0,-12765296.0,133200000.0,-189369504.0,0.0,0.0,-13690254.0,-13690254.0,232625056.0,-0.0,0.0,0.85,1.0,-1.0,0.6800923359741218,False,False,True,2,2,2
201600.0,55,1.8185075864376399,False,False,ok,,,True,1.0,-0.8666979670524597,2,0.20000000298023224,1.0,-0.8666979670524597,0.8880000004172325,-692316.2794897407,54566.36711443392,0.34857815558927324,-54566.36711443392,-0.34857815558927324,156539.83544146415,0.0,0.0,1.8185075864376399,0.14357170830382282,0.17158188115657322,0.14357170830382282,0.013384208200658889,0.06,0.0,1.4699294308483666,1.4814151675126723,-0.011485736664305825,5.0,1.0,0.4398547418063573,1.0,12530.643109484587,-12530.643109484587,0.0,12530.643109484587,0.0,66.8300965839178,0.98555,0.1875,-66.8300965839178,-59835.267780817114,-87570.76698083089,0.0,-0.0,-379884.89727808593,-9205.066211536527,9205.066211536527,-3198000.0257492065,-60000.0,60000.0,-215043.12990733888,-31711.738646030426,31711.738646030426,-323243.9997938275,26640.000012516975,-26640.000012516975,6241912.408399995,116312.52884999849,-116312.52884999849,-2730485.8681804514,12530.643109484587,-12530.643109484587,0.5204095244407654,0.7370425462722778,0.4599854648113251,0.5400145053863525,7370425.5,263.98040771484375,457.9803161621094,311.25494384765625,-150000000.0,-86669800.0,133200000.0,-66830096.0,0.0,0.0,-64742944.0,-64742944.0,235042832.0,-0.0,0.0,0.85,1.0,-1.0,0.7152542915410892,False,False,True,2,3,1
205200.0,56,-1.2549403518268822,False,False,ok,,,True,1.0,-1.0,2,0.20000000298023224,1.0,-1.0,0.8880000004172325,-690557.2328509878,18951.845364787987,0.12106723704762523,-18951.845364787987,-0.12106723704762523,156539.83544146415,0.0,0.0,-1.2549403518268822,0.41217837212472863,0.43391103050143937,0.41217837212472863,0.07619676473714927,0.06,0.0,-1.3760075888745074,-1.3430333191045292,-0.03297426976997829,5.0,1.0,0.14357170830382282,1.0,-5164.256044031331,5164.256044031331,5164.256044031331,0.0,5.23997366346845,0.0,0.98555,0.1875,5.23997366346845,-22357.054770066403,-87570.76698083089,0.0,-0.0,-400463.42176357313,-20578.5244854872,20578.5244854872,-3258000.0257492065,-60000.0,60000.0,-254509.92177554872,-39466.79186820984,39466.79186820984,-296603.9997813105,26640.000012516975,-26640.000012516975,6359433.8261499945,117521.41774999909,-117521.41774999909,-2752842.922950518,-5164.256044031331,5164.256044031331,0.2882519066333771,0.7554437518119812,0.46895334124565125,0.5310466289520264,7554437.5,265.79840087890625,461.33343505859375,310.614990234375,-150000000.0,-100000000.0,133200000.0,5239973.5,0.0,0.0,-103495200.0,-103495200.0,215055232.0,-0.0,0.0,0.85,1.0,-1.0,1.0,False,False,True,,0,0
208800.0,57,-2.440937270750384,False,False,ok,,,True,1.0,-0.5875706076622009,0,0.5,1.0,-0.5875706076622009,-0.665,-711346.5382351994,-188582.73740365577,-1.2046948744504948,188582.73740365577,1.2046948744504948,156539.83544146415,0.0,0.0,-2.440937270750384,0.6490421765597505,0.6763174768524686,0.6490421765597505,0.2060678434106099,0.06,0.0,-1.2362423962998892,-1.1843190221751092,-0.05192337412478004,5.0,1.0,0.41217837212472863,1.0,-148800.99318247195,148800.99318247195,148800.99318247195,0.0,234.491061951356,0.0,0.63457,0.1875,234.491061951356,18992.43883697223,-87570.76698083089,0.0,-0.0,-429374.2362601697,-28910.814496596577,28910.814496596577,-3318000.0257492065,-60000.0,60000.0,-279662.46365138795,-25152.541875839233,25152.541875839233,-329849.9997800588,-33245.9999987483,33245.9999987483,6466961.438299999,107527.61215000413,-107527.61215000413,-2733850.4841135456,-148800.99318247195,148800.99318247195,0.14029577374458313,0.7405141592025757,0.46103528141975403,0.5389646887779236,7405141.5,264.7274169921875,458.2771911621094,310.97119140625,-150000000.0,-58757060.0,-99750000.0,234491056.0,0.0,0.0,-130257192.0,-130257192.0,204273184.0,-0.0,0.0,0.85,1.0,-0.5875705893340676,1.0,True,True,True,0,1,3
212400.0,58,-0.6442875221944904,False,False,ok,,,True,1.0,0.04124295711517334,0,0.5,1.0,0.04124295711517334,-0.665,-725699.5182869299,-74187.61452269353,-0.4739216335156743,74187.61452269353,0.4739216335156743,156539.83544146415,0.0,0.0,-0.6442875221944904,0.6723576321806237,0.7064850747742921,0.6723576321806237,0.21622807740105499,0.06,0.0,-0.17036588867881602,-0.11657727810436613,-0.0537886105744499,5.0,1.0,0.6490421765597505,1.0,-41909.671893773215,41909.671893773215,41909.671893773215,0.0,147.78261537350826,0.0,0.28359,0.1875,147.78261537350826,17924.962577189784,-87586.11322934888,-15.346248517991626,15.346248517991626,-462265.51878799667,-32891.28252782696,32891.28252782696,-3378000.0257492065,-60000.0,60000.0,-281270.37285396364,-1607.9092025756836,1607.9092025756836,-369749.9997800588,-39900.0,39900.0,6569098.03365,102136.59535000101,-102136.59535000101,-2715925.521536356,-41909.671893773215,41909.671893773215,0.13389430940151215,0.7268009185791016,0.4512465000152588,0.5487534999847412,7268009.0,265.07391357421875,454.4995422363281,311.4296875,-150000000.0,4124295.75,-99750000.0,147782608.0,-683898.875,-683898.875,-133144800.0,-133144800.0,231671792.0,-0.0,0.0,0.85,1.0,0.04124295756191339,1.0,True,False,False,0,2,2
216000.0,59,1.2836539805739164,False,False,ok,,,True,0.8500000238418579,1.0,0,0.5,0.8500000238418579,1.0,-0.665,-712281.5215563565,3229.7148378657357,0.02063190387774134,-3229.7148378657357,-0.02063190387774134,156539.83544146415,0.0,0.0,1.2836539805739164,0.41314292996199675,0.45412220243716367,0.41314292996199675,0.06977838222937241,0.06,0.0,1.263022076696175,1.2960735110931347,-0.03305143439695974,5.0,1.0,0.6723576321806237,1.0,-6597.343130817805,6597.343130817805,6597.343130817805,0.0,35.99008854300259,0.0,0.18331,0.1875,35.99008854300259,3590.9387618899345,-88173.83144517621,-587.7182158273354,587.7182158273354,-493969.1198802559,-31703.601092259225,31703.601092259225,-3429900.027036667,-51900.00128746033,51900.00128746033,-263187.8869397333,18082.485914230347,-18082.485914230347,-409649.9997800588,-39900.0,39900.0,6684933.9263,115835.89265000075,-115835.89265000075,-2712334.582774466,-6597.343130817805,6597.343130817805,0.31471917033195496,0.7147783041000366,0.44145819544792175,0.5585418343544006,7147783.0,266.0624694824219,450.708740234375,311.88006591796875,-127500000.0,100000000.0,-99750000.0,35990088.0,-2958181.25,-2958181.25,-119103632.0,-119103632.0,213321728.0,-0.0,0.0,0.85,1.0,0.06844915613502621,1.0,True,False,False,0,3,1
219600.0,60,1.3299796043532652,False,False,ok,,,True,0.7000000476837158,1.0,0,0.5,0.7000000476837158,1.0,-0.665,-696990.5118306222,19546.151186750165,0.12486375197487141,-19546.151186750165,-0.12486375197487141,156539.83544146415,0.0,0.0,1.3299796043532652,0.16940921209283266,0.21724002162596429,0.16940921209283266,0.02203124240866551,0.06,0.0,1.2051158523783938,1.2186685893458205,-0.013552736967426614,5.0,1.0,0.41314292996199675,1.0,5349.854193195945,-5349.854193195945,0.0,5349.854193195945,0.0,28.53255569704504,0.18331,0.1875,-28.53255569704504,1094.7127321800217,-89389.56644382728,-1215.7349986510671,1215.7349986510671,-522417.950570078,-28448.83068982209,28448.83068982209,-3472800.0297546387,-42900.0027179718,42900.0027179718,-243187.8869397333,20000.0,-20000.0,-449549.9997800588,-39900.0,39900.0,6791594.791699996,106660.86539999582,-106660.86539999582,-2711239.870042286,5349.854193195945,-5349.854193195945,0.5147191882133484,0.7026695609092712,0.43167027831077576,0.5683297514915466,7026695.5,267.05963134765625,446.9053649902344,312.3226013183594,-105000008.0,100000000.0,-99750000.0,-28532556.0,-4117247.75,-4117247.75,-107312776.0,-107312776.0,244712592.0,-0.0,0.0,0.7000000238418579,1.0,-0.7000564952197635,1.0,True,False,False,,0,0
223200.0,61,-0.3944340354073874,False,False,ok,,,True,0.5500000715255737,1.0,2,0.5,0.5500000715255737,1.0,0.9299999999999999,-759687.2739779915,160721.7944327843,1.0267149826721516,-160721.7944327843,-1.0267149826721516,156539.83544146415,0.0,0.0,-0.3944340354073874,0.44649509420151623,0.48900074856101733,0.44649509420151623,0.08463590985677015,0.06,0.0,-1.421149018079539,-1.3854294105434177,-0.0357196075361213,5.0,1.0,0.16940921209283266,1.0,55466.51027604972,-55466.51027604972,0.0,55466.51027604972,0.0,295.8213881389318,0.18331,0.1875,-295.8213881389318,-167952.04630410392,-90847.7743521906,-1458.2079083633143,1458.2079083633143,-545280.748856497,-22862.798286419013,22862.798286419013,-3506700.033903122,-33900.00414848328,33900.00414848328,-223187.8869397333,20000.0,-20000.0,-428429.9997800588,21120.0,-21120.0,6913951.086199995,122356.29449999891,-122356.29449999891,-2879191.91634639,55466.51027604972,-55466.51027604972,0.7147191762924194,0.7255836725234985,0.43927764892578125,0.5607223510742188,7255836.5,271.3875732421875,450.0926208496094,311.7684631347656,-82500008.0,100000000.0,139500000.0,-295821376.0,-4226387.5,-4226387.5,-71965664.0,-71965664.0,215013456.0,-0.0,0.0,0.5500000476837158,0.8500000476837158,-1.0,1.0,False,True,True,2,1,3
226800.0,62,-0.039034174658437726,False,False,ok,,,True,0.7000000476837158,0.6764041185379028,2,0.5,0.7000000476837158,0.6764041185379028,0.9299999999999999,-825851.2662979703,152454.71380630496,0.9739036289156777,-152454.71380630496,-0.9739036289156777,156539.83544146415,0.0,0.0,-0.039034174658437726,0.6388608808231686,0.6747065575093891,0.6388608808231686,0.20145618969211002,0.06,0.0,-1.0129378035741154,-0.9618289331082619,-0.05110887046585349,5.0,1.0,0.44649509420151623,1.0,57713.87771547619,-57713.87771547619,0.0,57713.87771547619,0.0,307.807347815873,0.28359,0.1875,-307.807347815873,-160904.82841080753,-91284.87142773018,-437.0970755395829,437.0970755395829,-558584.811069736,-13304.062213239027,13304.062213239027,-3547800.036907196,-41100.0030040741,41100.0030040741,-209012.61280605104,14175.274133682251,-14175.274133682251,-400529.9997800588,27900.0,-27900.0,7021457.810449995,107506.72424999997,-107506.72424999997,-3040096.7447571973,57713.87771547619,-57713.87771547619,0.8564718961715698,0.7458469867706299,0.44879189133644104,0.5512081384658813,7458470.0,273.5193176269531,453.94561767578125,311.1058654785156,-105000008.0,67640408.0,139500000.0,-307807360.0,0.0,0.0,-30085904.0,-30085904.0,235752848.0,-0.0,0.0,0.4000000715255737,0.7000000715255738,-1.0,0.6764041232708645,False,False,True,2,2,2
230400.0,63,0.8269483821721909,False,False,ok,,,True,0.8500000238418579,-0.03235958516597748,2,0.5,0.8500000238418579,-0.03235958516597748,0.9299999999999999,-876470.2574880337,133940.7115172167,0.8556333992525623,-133940.7115172167,-0.8556333992525623,156539.83544146415,0.0,0.0,0.8269483821721909,0.6344467364559477,0.6636333801910798,0.6344467364559477,0.20586472545750328,0.06,0.0,-0.028685017080371453,0.022070721836104368,-0.05075573891647582,5.0,1.0,0.6388608808231686,1.0,42240.31005133566,-42240.31005133566,0.0,42240.31005133566,0.0,225.28165360712353,0.63457,0.1875,-225.28165360712353,-142319.39265594445,-91284.87142773018,0.0,-0.0,-562748.6943513927,-4163.883281656657,4163.883281656657,-3597900.0384807587,-50100.00157356262,50100.00157356262,-208824.74963495042,187.86317110061646,-187.86317110061646,-372629.9997800588,27900.0,-27900.0,7139334.233599998,117876.42315000296,-117876.42315000296,-3182416.137413142,42240.31005133566,-42240.31005133566,0.8631473779678345,0.760274350643158,0.4583047926425934,0.5416951775550842,7602743.5,273.4689025878906,457.6687316894531,310.443359375,-127500000.0,-3235958.5,139500000.0,-225281648.0,0.0,0.0,-0.0,-0.0,216517616.0,-0.0,0.0,0.5500000476837158,0.8500000476837158,-1.0,-0.032359583413249515,False,False,True,2,3,1
234000.0,64,1.4083708006532238,False,False,ok,,,True,1.0,-0.5369566679000854,2,0.20000000298023224,1.0,-0.5369566679000854,0.8880000004172325,-912374.0798165053,84167.67863425566,0.5376757832719772,-84167.67863425566,-0.5376757832719772,156539.83544146415,0.0,0.0,1.4083708006532238,0.45305879230285273,0.47598112392763975,0.45305879230285273,0.09916756121835438,0.06,0.0,0.8706950173812468,0.906939720765475,-0.03624470338422822,5.0,1.0,0.6344467364559477,1.0,27702.749301108062,-27702.749301108062,0.0,27702.749301108062,0.0,147.74799627257633,1.13597,0.1875,-147.74799627257633,-92368.75166161917,-91284.87142773018,0.0,-0.0,-562748.6943513927,0.0,-0.0,-3657000.03862381,-59100.00014305115,59100.00014305115,-228284.6280200174,-19459.878385066986,19459.878385066986,-345863.9997687935,26766.000011265278,-26766.000011265278,7247593.041449994,108258.80784999579,-108258.80784999579,-3274784.889074761,27702.749301108062,-27702.749301108062,0.7486774921417236,0.7699574828147888,0.46725380420684814,0.5327461957931519,7699574.5,272.0478515625,461.0723876953125,309.82012939453125,-150000000.0,-53695668.0,133200000.0,-147748000.0,0.0,0.0,-0.0,-0.0,218243664.0,-0.0,0.0,0.7000000238418579,1.0,-1.0,-0.06573690509129704,False,False,True,,0,0
237600.0,65,0.22968840486744746,False,False,ok,,,True,1.0,-0.5464706420898438,0,0.5,1.0,-0.5464706420898438,-0.665,-919430.0917696339,-90892.38707563173,-0.5806342316593252,90892.38707563173,0.5806342316593252,156539.83544146415,0.0,0.0,0.22968840486744746,0.2864116781471439,0.3148793676187956,0.2864116781471439,0.0329368757111974,0.06,0.0,0.8103226365267726,0.8332355707785442,-0.022912934251771513,5.0,1.0,0.45305879230285273,1.0,-84947.44879004799,84947.44879004799,84947.44879004799,0.0,74.77965860898438,0.0,1.13597,0.1875,74.77965860898438,-1111.0736675448716,-91284.87142773018,0.0,-0.0,-562748.6943513927,0.0,-0.0,-3717000.03862381,-60000.0,60000.0,-250105.39780685212,-21820.769786834717,21820.769786834717,-379109.9997675418,-33245.9999987483,33245.9999987483,7356714.872949993,109121.83149999939,-109121.83149999939,-3275895.962742306,-84947.44879004799,84947.44879004799,0.6203200221061707,0.7440683841705322,0.4593318700790405,0.5406681299209595,7440684.0,267.14642333984375,458.0087890625,310.1767883300781,-150000000.0,-54647064.0,-99750000.0,74779656.0,0.0,0.0,-0.0,-0.0,229617408.0,-0.0,0.0,0.85,1.0,-1.0,0.5066124591753768,True,True,True,0,1,3
241200.0,66,-0.11229143053794438,False,False,ok,,,True,1.0,-0.680919349193573,0,0.5,1.0,-0.680919349193573,-0.665,-922532.3638841304,-94242.00234547198,-0.6020320775200536,94242.00234547198,0.6020320775200536,156539.83544146415,0.0,0.0,-0.11229143053794438,0.1854956188491359,0.2208154159784928,0.1854956188491359,0.019027179664529666,0.06,0.0,0.48974064698210923,0.5045802964900401,-0.014839649507930873,5.0,1.0,0.2864116781471439,1.0,-82451.7260061443,82451.7260061443,82451.7260061443,0.0,72.58266151935729,0.0,1.13597,0.1875,72.58266151935729,8688.004224831238,-91284.87142773018,0.0,-0.0,-562748.6943513927,0.0,-0.0,-3777000.03862381,-60000.0,60000.0,-276804.3769461801,-26698.979139328003,26698.979139328003,-419009.9997675418,-39900.0,39900.0,7471523.575749997,114808.70280000381,-114808.70280000381,-3267207.9585174746,-82451.7260061443,82451.7260061443,0.4632672071456909,0.7196035385131836,0.44954314827919006,0.5504568815231323,7196035.5,263.6128234863281,454.2218933105469,310.63385009765625,-150000000.0,-68091936.0,-99750000.0,72582664.0,0.0,0.0,-0.0,-0.0,245259280.0,-0.0,0.0,0.85,1.0,-1.0,1.0,True,False,False,0,2,2
244800.0,67,-2.463685455301436,False,False,ok,,,True,1.0,-0.8569098711013794,0,0.5,1.0,-0.8569098711013794,-0.665,-924532.9790914481,-131291.3410882734,-0.8387088226968779,131291.3410882734,0.8387088226968779,156539.83544146415,0.0,0.0,-2.463685455301436,0.5024517178839051,0.54462306747548,0.5024517178839051,0.10512570742442925,0.06,0.0,-1.6249766326045583,-1.5847804951738458,-0.04019613743071241,5.0,1.0,0.1854956188491359,1.0,-120448.54503185145,120448.54503185145,120448.54503185145,0.0,122.21454521013793,0.0,0.98555,0.1875,122.21454521013793,8842.180849104188,-91284.87142773018,0.0,-0.0,-562748.6943513927,0.0,-0.0,-3837000.03862381,-60000.0,60000.0,-310376.8097026041,-33572.43275642395,33572.43275642395,-458909.9997675418,-39900.0,39900.0,7594153.212450001,122629.63670000434,-122629.63670000434,-3258365.7776683704,-120448.54503185145,120448.54503185145,0.26578232645988464,0.6988747715950012,0.4397552013397217,0.5602447986602783,6988748.0,261.32672119140625,450.4219665527344,311.08282470703125,-150000000.0,-85690984.0,-99750000.0,122214544.0,0.0,0.0,-0.0,-0.0,213226448.0,-0.0,0.0,0.85,1.0,-1.0,1.0,True,False,False,,0,0
248400.0,68,-0.7978459087145688,False,False,ok,,,True,1.0,-0.4920748770236969,1,0.0,1.0,-0.4920748770236969,0.0,-909400.1830133258,30534.099573545784,0.19505641798737916,-30534.099573545784,-0.19505641798737916,156539.83544146415,0.0,0.0,-0.7978459087145688,0.6899923063231247,0.7328487838728422,0.6899923063231247,0.2160133181285446,0.06,0.0,-0.992902326701948,-0.9377029421960981,-0.05519938450584998,5.0,1.0,0.5024517178839051,1.0,9053.213680805682,-9053.213680805682,0.0,9053.213680805682,0.0,48.283806297630306,0.98555,0.1875,-48.283806297630306,-6348.089814617764,-91284.87142773018,0.0,-0.0,-562748.6943513927,0.0,-0.0,-3897000.03862381,-60000.0,60000.0,-331519.1447598627,-21142.335057258606,21142.335057258606,-462899.9997675418,-3990.0,3990.0,7700766.433400003,106613.22095000185,-106613.22095000185,-3264713.867482988,9053.213680805682,-9053.213680805682,0.14141564071178436,0.697884202003479,0.4387764632701874,0.561223566532135,6978842.5,261.498291015625,450.0412902832031,311.1272888183594,-150000000.0,-49207488.0,0.0,-48283808.0,0.0,0.0,-0.0,-0.0,247491296.0,-0.0,0.0,0.85,1.0,-0.49207486763626557,1.0,False,True,True,,0,0
252000.0,69,0.41600738316482105,False,False,ok,,,True,1.0,0.036483507603406906,1,0.0,1.0,0.036483507603406906,0.0,-904478.5689330006,79418.70058383263,0.507338597615494,-79418.70058383263,-0.507338597615494,156539.83544146415,0.0,0.0,0.41600738316482105,0.697104871272893,0.7399613488226106,0.697104871272893,0.22131898308319384,0.06,0.0,-0.09133121445067298,-0.03556282474884154,-0.05576838970183144,5.0,1.0,0.6899923063231247,1.0,16984.64995506388,-16984.64995506388,0.0,16984.64995506388,0.0,90.58479976034069,0.63457,0.1875,-90.58479976034069,-57512.43654844351,-91284.87142773018,0.0,-0.0,-562748.6943513927,0.0,-0.0,-3957000.03862381,-60000.0,60000.0,-332830.74113109615,-1311.5963712334633,1311.5963712334633,-462899.9997675418,0.0,-0.0,7824512.080400003,123745.64699999988,-123745.64699999988,-3322226.3040314317,16984.64995506388,-16984.64995506388,0.13640443980693817,0.6982884407043457,0.4387764632701874,0.561223566532135,6982884.5,261.6497497558594,450.0412902832031,311.1272888183594,-150000000.0,3648350.75,0.0,-90584800.0,0.0,0.0,-0.0,-0.0,236936448.0,-0.0,0.0,0.85,1.0,0.03648350879519984,1.0,False,True,True,,0,0
255600.0,70,0.47593213314385635,False,False,ok,,,True,1.0,0.05778111144900322,1,0.0,1.0,0.05778111144900322,0.0,-900398.2678755778,70081.47062345746,0.44769096904834443,-70081.47062345746,-0.44769096904834443,156539.83544146415,0.0,0.0,0.47593213314385635,0.6805675575332585,0.723424035082976,0.6805675575332585,0.20941205072093277,0.06,0.0,0.02824116409551191,0.08268656869817259,-0.05444540460266068,5.0,1.0,0.697104871272893,1.0,10500.21910216881,-10500.21910216881,0.0,10500.21910216881,0.0,56.001168544900324,0.63457,0.1875,-56.001168544900324,-55500.950463865884,-91284.87142773018,0.0,-0.0,-562748.6943513927,0.0,-0.0,-4017000.03862381,-60000.0,60000.0,-331717.7141098073,1113.0270212888718,-1113.0270212888718,-462899.9997675418,0.0,-0.0,7942980.304900002,118468.22449999861,-118468.22449999861,-3377727.2544952976,10500.21910216881,-10500.21910216881,0.14753471314907074,0.6981303691864014,0.4387764632701874,0.561223566532135,6981303.5,261.59051513671875,450.0412902832031,311.1272888183594,-150000000.0,5778111.0,0.0,-56001168.0,0.0,0.0,-0.0,-0.0,200223056.0,-0.0,0.0,0.85,1.0,0.057781113180962775,1.0,False,True,True,,0,0
259200.0,71,0.33644212670271634,False,False,ok,,,True,1.0,0.010477464646100998,1,0.0,1.0,0.010477464646100998,0.0,-891028.8867886339,57962.794873642124,0.37027504666897704,-57962.794873642124,-0.37027504666897704,156539.83544146415,0.0,0.0,0.33644212670271634,0.6765099818174317,0.7193664593671493,0.6765099818174317,0.20636336245614031,0.06,0.0,-0.033832919966260706,0.020287878579133833,-0.05412079854539454,5.0,1.0,0.6805675575332585,1.0,17547.10958711439,-17547.10958711439,0.0,17547.10958711439,0.0,93.58458446461009,0.63457,0.1875,-93.58458446461009,-31046.30419958383,-91284.87142773018,0.0,-0.0,-562748.6943513927,0.0,-0.0,-4077000.03862381,-60000.0,60000.0,-331413.55752327945,304.1565865278244,-304.1565865278244,-462899.9997675418,0.0,-0.0,8043091.833600005,100111.5287000034,-100111.5287000034,-3408773.5586948814,17547.10958711439,-17547.10958711439,0.15057627856731415,0.6976255774497986,0.4387764632701874,0.561223566532135,6976256.0,261.4013977050781,450.0412902832031,311.1272888183594,-150000000.0,1047746.4375,0.0,-93584584.0,0.0,0.0,-0.0,-0.0,242536832.0,-0.0,0.0,0.85,1.0,0.010477464776186135,1.0,False,True,True,,0,0
262800.0,72,0.43304334229274677,False,False,ok,,,True,1.0,-0.002449190244078636,1,0.0,1.0,-0.002449190244078636,0.0,-885280.3950228249,77051.27002593123,0.49221509533746416,-77051.27002593123,-0.49221509533746416,156539.83544146415,0.0,0.0,0.43304334229274677,0.6775042641991882,0.7203607417489057,0.6775042641991882,0.20684951916917468,0.06,0.0,-0.05917175304471742,-0.004971411908782364,-0.054200341135935054,5.0,1.0,0.6765099818174317,1.0,15850.066945423527,-15850.066945423527,0.0,15850.066945423527,0.0,84.53369037559214,0.63457,0.1875,-84.53369037559214,-55452.71131469868,-91284.87142773018,0.0,-0.0,-562748.6943513927,0.0,-0.0,-4137000.03862381,-60000.0,60000.0,-331480.7734427741,-67.2159194946289,67.2159194946289,-462899.9997675418,0.0,-0.0,8164360.252600009,121268.41900000349,-121268.41900000349,-3464226.27000958,15850.066945423527,-15850.066945423527,0.15026718378067017,0.6970949769020081,0.4387764632701874,0.561223566532135,6970949.5,261.2025451660156,450.0412902832031,311.1272888183594,-150000000.0,-244919.03125,0.0,-84533688.0,0.0,0.0,-0.0,-0.0,234778608.0,-0.0,0.0,0.85,1.0,-0.0024491901512464775,1.0,False,True,True,,0,0
266400.0,73,0.40080437648584377,False,False,ok,,,True,1.0,-0.0011355034075677395,1,0.0,1.0,-0.0011355034075677395,0.0,-878732.9185210003,71965.14027121072,0.4597241339130005,-71965.14027121072,-0.4597241339130005,156539.83544146415,0.0,0.0,0.40080437648584377,0.6784332831541531,0.7212897607038706,0.6784332831541531,0.20731000375564354,0.06,0.0,-0.05891975742715669,-0.004645094774824443,-0.054274662652332245,5.0,1.0,0.6775042641991882,1.0,14626.510454858104,-14626.510454858104,0.0,14626.510454858104,0.0,78.00805575924322,0.63457,0.1875,-78.00805575924322,-50791.153314528055,-91284.87142773018,0.0,-0.0,-562748.6943513927,0.0,-0.0,-4197000.03862381,-60000.0,60000.0,-331531.44832642283,-50.674883648753166,50.674883648753166,-462899.9997675418,0.0,-0.0,8281749.557300009,117389.30470000021,-117389.30470000021,-3515017.423324108,14626.510454858104,-14626.510454858104,0.14996908605098724,0.696613073348999,0.4387764632701874,0.561223566532135,6966131.0,261.0220031738281,450.0412902832031,311.1272888183594,-150000000.0,-113550.34375,0.0,-78008056.0,0.0,0.0,-0.0,-0.0,228121600.0,-0.0,0.0,0.85,1.0,-0.0011355034264945163,1.0,False,True,True,,0,0
270000.0,74,1.3134218140633978,False,False,ok,,,True,1.0,0.588229238986969,1,0.0,1.0,0.588229238986969,0.0,-892719.0607277162,88214.77413789152,0.5635292377120084,-88214.77413789152,-0.5635292377120084,156539.83544146415,0.0,0.0,1.3134218140633978,0.5201326455549953,0.5629891231047128,0.5201326455549953,0.11310853743154788,0.06,0.0,0.7498925763513894,0.791503187995789,-0.04161061164439962,5.0,1.0,0.6784332831541531,1.0,23570.386799755663,-23570.386799755663,0.0,23570.386799755663,0.0,125.70872959869688,0.28359,0.1875,-125.70872959869688,-78630.52954485174,-91284.87142773018,0.0,-0.0,-562748.6943513927,0.0,-0.0,-4257000.03862381,-60000.0,60000.0,-320947.86403828766,10583.584288135171,-10583.584288135171,-462899.9997675418,0.0,-0.0,8395810.360350007,114060.80304999836,-114060.80304999836,-3593647.95286896,23570.386799755663,-23570.386799755663,0.25582364201545715,0.6961318850517273,0.4387764632701874,0.561223566532135,6961319.0,260.8417053222656,450.0412902832031,311.1272888183594,-150000000.0,58822924.0,0.0,-125708728.0,0.0,0.0,-0.0,-0.0,216885808.0,-0.0,0.0,0.85,1.0,0.00013136866472441416,1.0,False,True,True,,0,0
273600.0,75,0.994406550637932,False,False,ok,,,True,1.0,0.3435041904449463,1,0.0,1.0,0.3435041904449463,0.0,-899126.7091096819,74738.1342143245,0.47743843606039665,-74738.1342143245,-0.47743843606039665,156539.83544146415,0.0,0.0,0.994406550637932,0.410176203385323,0.45303268093504045,0.410176203385323,0.06745675909416568,0.06,0.0,0.5169681145775354,0.5497822108483613,-0.03281409627082584,5.0,1.0,0.5201326455549953,1.0,18935.697458342744,-18935.697458342744,0.0,18935.697458342744,0.0,100.99038644449463,0.28359,0.1875,-100.99038644449463,-62210.08513794746,-91284.87142773018,0.0,-0.0,-562748.6943513927,0.0,-0.0,-4317000.03862381,-60000.0,60000.0,-313588.3301323047,7359.533905982971,-7359.533905982971,-462899.9997675418,0.0,-0.0,8504253.263200013,108442.90285000578,-108442.90285000578,-3655858.0380069073,18935.697458342744,-18935.697458342744,0.32941898703575134,0.6956953406333923,0.4387764632701874,0.561223566532135,6956953.5,260.6781005859375,450.0412902832031,311.1272888183594,-150000000.0,34350420.0,0.0,-100990384.0,0.0,0.0,-0.0,-0.0,216639968.0,-0.0,0.0,0.85,1.0,-0.4497504488195502,1.0,False,True,True,,0,0
277200.0,76,1.8363780863298849,False,False,ok,,,True,1.0,0.8969799876213074,1,0.0,1.0,0.8969799876213074,0.0,-924456.0021658286,92070.90776347222,0.5881627989694728,-92070.90776347222,-0.5881627989694728,156539.83544146415,0.0,0.0,1.8363780863298849,0.15800506487523677,0.20086154242495424,0.15800506487523677,0.023915973388885316,0.06,0.0,1.2482152873604122,1.260855692550431,-0.012640405190018942,5.0,1.0,0.410176203385323,1.0,26918.275905399514,-26918.275905399514,0.0,26918.275905399514,0.0,143.56413816213075,0.28359,0.1875,-143.56413816213075,-90481.92491421942,-91284.87142773018,0.0,-0.0,-562748.6943513927,0.0,-0.0,-4377000.03862381,-60000.0,60000.0,-296755.68197423127,16832.648158073425,-16832.648158073425,-462899.9997675418,0.0,-0.0,8612573.246900005,108319.9836999923,-108319.9836999923,-3746339.9629211267,26918.275905399514,-26918.275905399514,0.49774545431137085,0.6953767538070679,0.4387764632701874,0.561223566532135,6953767.5,260.5587463378906,450.0412902832031,311.1272888183594,-150000000.0,89698000.0,0.0,-143564144.0,0.0,0.0,-0.0,-0.0,203866144.0,-0.0,0.0,0.85,1.0,-0.7625306398238263,1.0,False,True,True,,0,0
280800.0,77,0.44609935936751616,False,False,ok,,,True,1.0,0.19962269067764282,2,0.5,1.0,0.19962269067764282,0.9299999999999999,-975836.9529207095,116000.984795144,0.7410317282371293,-116000.984795144,-0.7410317282371293,156539.83544146415,0.0,0.0,0.44609935936751616,0.21357434906413325,0.2503284987026209,0.21357434906413325,0.022532945699818157,0.06,0.0,-0.2949323688696131,-0.2778464209444824,-0.01708594792513066,5.0,1.0,0.15800506487523677,1.0,43570.7466877058,-43570.7466877058,0.0,43570.7466877058,0.0,232.37731566776426,0.28359,0.1875,-232.37731566776426,-123811.1888623191,-91284.87142773018,0.0,-0.0,-562748.6943513927,0.0,-0.0,-4437000.03862381,-60000.0,60000.0,-291368.5135667911,5387.168407440186,-5387.168407440186,-437789.9997675418,25110.0,-25110.0,8714506.316600008,101933.06970000267,-101933.06970000267,-3870151.151783446,43570.7466877058,-43570.7466877058,0.5516171455383301,0.7138513326644897,0.4474940598011017,0.5525059103965759,7138513.5,262.6885070800781,453.4195861816406,310.5306701660156,-150000000.0,19962270.0,139500000.0,-232377312.0,0.0,0.0,-0.0,-0.0,222915040.0,-0.0,0.0,0.85,1.0,-1.0,1.0,False,True,True,2,1,3
284400.0,78,0.7906515861669501,False,False,ok,,,True,1.0,0.0,2,0.5,1.0,0.0,0.9299999999999999,-1022495.8438965004,117200.83094417182,0.7486965257990028,-117200.83094417182,-0.7486965257990028,156539.83544146415,0.0,0.0,0.7906515861669501,0.2019521033371494,0.23193176200351617,0.2019521033371494,0.01868982974931096,0.06,0.0,0.04195506036794723,0.05811122863491919,-0.016156168266971953,5.0,1.0,0.21357434906413325,1.0,39037.7082963307,-39037.7082963307,0.0,39037.7082963307,0.0,208.20111091376373,0.63457,0.1875,-208.20111091376373,-124822.01362363202,-91284.87142773018,0.0,-0.0,-564342.3403849065,-1593.6460335138254,1593.6460335138254,-4497000.03862381,-60000.0,60000.0,-290969.2681854358,399.24538135528564,-399.24538135528564,-409889.9997675418,27900.0,-27900.0,8825963.839900004,111457.52329999581,-111457.52329999581,-3994973.165407078,39037.7082963307,-39037.7082963307,0.5556095838546753,0.731462299823761,0.4571719169616699,0.5428280830383301,7314623.0,263.9172058105469,457.0804138183594,309.86834716796875,-150000000.0,0.0,139500000.0,-208201104.0,0.0,0.0,-14158392.0,-14158392.0,232859504.0,-0.0,0.0,0.85,1.0,-1.0,1.0,False,False,True,2,2,2
288000.0,79,-0.1333626256163984,False,False,ok,,,True,1.0,-0.8650091290473938,2,0.20000000298023224,1.0,-0.8650091290473938,0.8880000004172325,-1041187.5761855436,54922.04016382598,0.3508502484938621,-54922.04016382598,-0.3508502484938621,156539.83544146415,0.0,0.0,-0.1333626256163984,0.2940892501566944,0.3177159560748898,0.2940892501566944,0.0349653948658187,0.06,0.0,-0.4842128741102605,-0.46068573409772495,-0.023527140012535554,5.0,1.0,0.2019521033371494,1.0,11835.226963006087,-11835.226963006087,0.0,11835.226963006087,0.0,63.1212104693658,0.98555,0.1875,-63.1212104693658,-61778.54548986303,-91284.87142773018,0.0,-0.0,-573310.9501996452,-8968.609814738738,8968.609814738738,-4557000.03862381,-60000.0,60000.0,-322109.596831142,-31140.328645706177,31140.328645706177,-383123.99975627655,26766.000011265278,-26766.000011265278,8942393.591550006,116429.75165000185,-116429.75165000185,-4056751.710896941,11835.226963006087,-11835.226963006087,0.3724311888217926,0.7472639679908752,0.46624755859375,0.53375244140625,7472639.5,264.7718811035156,460.46295166015625,309.2472229003906,-150000000.0,-86500912.0,133200000.0,-63121212.0,0.0,-0.0,-62175568.0,-62175568.0,228597696.0,-0.0,0.0,0.85,1.0,-1.0,1.0,False,False,True,2,3,1
291600.0,80,-1.4560541171680286,False,False,ok,,,True,1.0,-0.9453325271606445,2,0.20000000298023224,1.0,-0.9453325271606445,0.8880000004172325,-1040789.3808048518,25202.89115345518,0.16099985720809987,-25202.89115345518,-0.16099985720809987,156539.83544146415,0.0,0.0,-1.4560541171680286,0.6077756348739372,0.6251386246706695,0.6077756348739372,0.1891000632133218,0.06,0.0,-1.6170539743761285,-1.5684319235862136,-0.048622050789914974,5.0,1.0,0.2940892501566944,1.0,1607.4531197250412,-1607.4531197250412,0.0,1607.4531197250412,0.0,8.57308330520022,0.98555,0.1875,-8.57308330520022,-23197.242653038353,-91284.87142773018,0.0,-0.0,-593162.3508344592,-19851.400634813937,19851.400634813937,-4617000.03862381,-60000.0,60000.0,-359601.60432511475,-37492.00749397278,37492.00749397278,-356483.9997437596,26640.000012516975,-26640.000012516975,9056692.437700009,114298.84615000337,-114298.84615000337,-4079948.9535499793,1607.4531197250412,-1607.4531197250412,0.15188996493816376,0.7643893957138062,0.4751957356929779,0.5248042941093445,7643894.0,266.1219177246094,463.75982666015625,308.63482666015625,-150000000.0,-94533256.0,133200000.0,-8573083.0,0.0,0.0,-100199096.0,-100199096.0,220105440.0,-0.0,0.0,0.85,1.0,-0.9453325564230997,1.0,False,False,True,,0,0
295200.0,81,-0.9238843346223543,False,False,ok,,,True,1.0,-0.008032369427382946,0,0.5,1.0,-0.008032369427382946,-0.665,-1043424.2915575922,-95529.26814871552,-0.6102553249740532,95529.26814871552,0.6102553249740532,156539.83544146415,0.0,0.0,-0.9238843346223543,0.6599423590586588,0.6828492649479186,0.6599423590586588,0.2180121032812368,0.06,0.0,-0.3136290096483011,-0.2608336209236084,-0.05279538872469271,5.0,1.0,0.6077756348739372,1.0,-80607.05898846374,80607.05898846374,80607.05898846374,0.0,127.02626816342365,0.0,0.63457,0.1875,127.02626816342365,12287.29840751132,-91284.87142773018,0.0,-0.0,-620820.780687934,-27658.429853474838,27658.429853474838,-4677000.03862381,-60000.0,60000.0,-363672.0997331431,-4070.495408028364,4070.495408028364,-389729.9997425079,-33245.9999987483,33245.9999987483,9166745.153800001,110052.7160999924,-110052.7160999924,-4067661.655142468,-80607.05898846374,80607.05898846374,0.1279458850622177,0.7481388449668884,0.46727585792541504,0.532724142074585,7481388.0,264.6019592285156,460.70562744140625,308.99871826171875,-150000000.0,-803236.9375,-99750000.0,127026272.0,0.0,0.0,-123208088.0,-123208088.0,246735056.0,-0.0,0.0,0.85,1.0,-0.008032369073780327,1.0,True,True,True,0,1,3
298800.0,82,-0.328998982502951,False,False,ok,,,True,1.0,0.09373001754283905,0,0.5,1.0,0.09373001754283905,-0.665,-1038041.4316089319,-51192.958036227414,-0.3270283113039958,51192.958036227414,0.3270283113039958,156539.83544146415,0.0,0.0,-0.328998982502951,0.6499374934039861,0.6796967131931896,0.6499374934039861,0.20309449979499447,0.06,0.0,-0.0019706711989552206,0.05002432827336367,-0.05199499947231889,5.0,1.0,0.6599423590586588,1.0,-44306.10395605062,44306.10395605062,44306.10395605062,0.0,156.2329558730936,0.0,0.28359,0.1875,156.2329558730936,12269.71402883716,-91284.87142773018,0.0,-0.0,-652830.174856172,-32009.394168237923,32009.394168237923,-4737000.03862381,-60000.0,60000.0,-362017.08889508154,1655.0108380615711,-1655.0108380615711,-429629.9997425079,-39900.0,39900.0,9290112.683049994,123367.52924999222,-123367.52924999222,-4055391.941113631,-44306.10395605062,44306.10395605062,0.14462828636169434,0.7331200838088989,0.4574868381023407,0.5425131916999817,7331201.0,264.47235107421875,456.9361877441406,309.4625549316406,-150000000.0,9373002.0,-99750000.0,156232960.0,0.0,0.0,-133882672.0,-133882672.0,218026704.0,-0.0,0.0,0.85,1.0,0.09373001612692901,1.0,True,False,False,0,2,2
302400.0,83,1.2774164436366817,False,False,ok,,,True,0.8500000238418579,1.0,0,0.5,0.8500000238418579,1.0,-0.665,-1030245.3253617786,1265.6155265275738,0.008084942231850198,-1265.6155265275738,-0.008084942231850198,156539.83544146415,0.0,0.0,1.2774164436366817,0.38983385149903527,0.4264450465683547,0.38983385149903527,0.061944969487929935,0.06,0.0,1.2693315014048314,1.3005182095247543,-0.031186708119922822,5.0,1.0,0.6499374934039861,1.0,-1371.3532797733205,1371.3532797733205,1371.3532797733205,0.0,7.481060933791503,0.0,0.18331,0.1875,7.481060933791503,5159.137440852355,-91284.87142773018,0.0,-0.0,-685594.0205974956,-32763.84574132366,32763.84574132366,-4788900.03991127,-51900.00128746033,51900.00128746033,-343829.62885999586,18187.460035085678,-18187.460035085678,-469529.9997425079,-39900.0,39900.0,9399126.03885,109013.35580000654,-109013.35580000654,-4050232.8036727784,-1371.3532797733205,1371.3532797733205,0.32650288939476013,0.7204118371009827,0.44769829511642456,0.5523017048835754,7204118.0,265.1859436035156,453.15325927734375,309.9180908203125,-127500000.0,100000000.0,-99750000.0,7481061.0,0.0,0.0,-127616760.0,-127616760.0,247385696.0,-0.0,0.0,0.85,1.0,0.02282978964939502,1.0,True,False,False,0,3,1
306000.0,84,1.2199896282990759,False,False,ok,,,True,0.7000000476837158,1.0,0,0.5,0.7000000476837158,1.0,-0.665,-1012783.9389748487,29884.504696066244,0.1909067082623907,-29884.504696066244,-0.1909067082623907,156539.83544146415,0.0,0.0,1.2199896282990759,0.1811193577674195,0.22458222912244785,0.1811193577674195,0.021037676104514916,0.06,0.0,1.0290829200366851,1.0435724686580787,-0.01448954862139356,5.0,1.0,0.38983385149903527,1.0,-1598.3369897949876,1598.3369897949876,1598.3369897949876,0.0,8.719311493071778,0.0,0.18331,0.1875,8.719311493071778,-14021.455298931338,-91284.87142773018,0.0,-0.0,-715004.0263936626,-29410.00579616695,29410.00579616695,-4831800.042629242,-42900.0027179718,42900.0027179718,-323829.62885999586,20000.0,-20000.0,-509429.9997425079,-39900.0,39900.0,9522818.889049994,123692.8501999937,-123692.8501999937,-4064254.2589717098,-1598.3369897949876,1598.3369897949876,0.5265029072761536,0.7086349725723267,0.43791016936302185,0.5620898008346558,7086349.5,266.2781982421875,449.35736083984375,310.3655700683594,-105000008.0,100000000.0,-99750000.0,8719311.0,0.0,0.0,-105475480.0,-105475480.0,201506176.0,-0.0,0.0,0.7000000238418579,1.0,-0.7501372618417462,1.0,True,False,False,,0,0
309600.0,85,-0.5012130210392015,False,False,ok,,,True,0.5500000715255737,1.0,2,0.5,0.5500000715255737,1.0,0.9299999999999999,-1073131.9310520848,143199.34787258704,0.9147789600566841,-143199.34787258704,-0.9147789600566841,156539.83544146415,0.0,0.0,-0.5012130210392015,0.4570056633726345,0.4951489608361516,0.4570056633726345,0.09070321117953702,0.06,0.0,-1.4159919810958856,-1.379431528026075,-0.03656045306981076,5.0,1.0,0.1811193577674195,1.0,57735.96922333921,-57735.96922333921,0.0,57735.96922333921,0.0,307.92516919114246,0.18331,0.1875,-307.92516919114246,-145811.37072648387,-91284.87142773018,0.0,-0.0,-737513.7330459312,-22509.70665226865,22509.70665226865,-4865700.046777725,-33900.00414848328,33900.00414848328,-303829.62885999586,20000.0,-20000.0,-488309.9997425079,21120.0,-21120.0,9623571.978499996,100753.08945000172,-100753.08945000172,-4210065.629698194,57735.96922333921,-57735.96922333921,0.7265028953552246,0.7327486872673035,0.44550958275794983,0.5544904470443726,7327486.5,271.0188903808594,452.4870300292969,309.835693359375,-82500008.0,100000000.0,139500000.0,-307925184.0,0.0,0.0,-71129656.0,-71129656.0,222054832.0,-0.0,0.0,0.5500000476837158,0.8500000476837158,-1.0,1.0,True,True,True,2,1,3
313200.0,86,0.05989254007454847,False,False,ok,,,True,0.7000000476837158,0.6174855828285217,2,0.5,0.7000000476837158,0.6174855828285217,0.9299999999999999,-1138364.9766827978,154246.97456305532,0.9853528600439457,-154246.97456305532,-0.9853528600439457,156539.83544146415,0.0,0.0,0.05989254007454847,0.6319859521323956,0.6634875289447891,0.6319859521323956,0.20099285382656157,0.06,0.0,-0.9254603199693973,-0.8749014437988056,-0.05055887617059165,5.0,1.0,0.4570056633726345,1.0,56484.76122555755,-56484.76122555755,0.0,56484.76122555755,0.0,301.2520598696403,0.28359,0.1875,-301.2520598696403,-162995.25896821078,-91284.87142773018,0.0,-0.0,-750693.6738952718,-13179.940849340637,13179.940849340637,-4906800.049781799,-41100.0030040741,41100.0030040741,-290714.8883690825,13114.740490913391,-13114.740490913391,-460409.9997425079,27900.0,-27900.0,9734599.39519999,111027.41669999436,-111027.41669999436,-4373060.888666404,56484.76122555755,-56484.76122555755,0.8576502799987793,0.7544894814491272,0.4549977481365204,0.545002281665802,7544895.0,273.6851501464844,456.2822265625,309.2005310058594,-105000008.0,61748560.0,139500000.0,-301252064.0,0.0,0.0,-30031948.0,-30031948.0,235035456.0,-0.0,0.0,0.4000000715255737,0.7000000715255738,-1.0,0.617485574303826,False,False,True,2,2,2
316800.0,87,0.8724491021431868,False,False,ok,,,True,0.8500000238418579,-0.038251448422670364,2,0.5,0.8500000238418579,-0.038251448422670364,0.9299999999999999,-1188588.589432254,136648.0253250668,0.8729281268228009,-136648.0253250668,-0.8729281268228009,156539.83544146415,0.0,0.0,0.8724491021431868,0.6221277136499197,0.6469981897797389,0.6221277136499197,0.20274211226567526,0.06,0.0,-0.00047902467961401934,0.04929119241237956,-0.04977021709199358,5.0,1.0,0.6319859521323956,1.0,45623.34232152268,-45623.34232152268,0.0,45623.34232152268,0.0,243.3244923814543,0.63457,0.1875,-243.3244923814543,-141248.2957530003,-91284.87142773018,0.0,-0.0,-754844.637090606,-4150.963195334189,4150.963195334189,-4956900.051355362,-50100.00157356262,50100.00157356262,-290856.96934664156,-142.08097755908966,142.08097755908966,-432509.9997425079,27900.0,-27900.0,9852117.123949988,117517.72874999791,-117517.72874999791,-4514309.184419405,45623.34232152268,-45623.34232152268,0.8618996739387512,0.7707218527793884,0.4644707441329956,0.5355292558670044,7707218.5,274.2959899902344,459.95782470703125,308.5664367675781,-127500000.0,-3825144.75,139500000.0,-243324496.0,0.0,0.0,-0.0,-0.0,235149648.0,-0.0,0.0,0.5500000476837158,0.8500000476837158,-1.0,-0.038251450241841845,False,False,True,2,3,1
320400.0,88,1.714286557880595,False,False,ok,,,True,1.0,-0.7149189710617065,2,0.20000000298023224,1.0,-0.7149189710617065,0.8880000004172325,-1223140.5090873018,85078.81226437884,0.5434962418635789,-85078.81226437884,-0.5434962418635789,156539.83544146415,0.0,0.0,1.714286557880595,0.3818598921717682,0.4005083723354699,0.3818598921717682,0.07045123281454757,0.06,0.0,1.170790316017016,1.2013391073907576,-0.030548791373741457,5.0,1.0,0.6221277136499197,1.0,25728.080748077668,-25728.080748077668,0.0,25728.080748077668,0.0,137.21643065641422,1.13597,0.1875,-137.21643065641422,-93902.65117134899,-91284.87142773018,0.0,-0.0,-754844.637090606,0.0,-0.0,-5016000.051498413,-59100.00014305115,59100.00014305115,-316747.0580985537,-25890.088751912117,25890.088751912117,-405743.9997312426,26766.000011265278,-26766.000011265278,9969691.94434998,117574.82039999217,-117574.82039999217,-4608211.835590754,25728.080748077668,-25728.080748077668,0.7096050381660461,0.7825477123260498,0.4733593165874481,0.5266407132148743,7825477.0,273.6559753417969,463.3235168457031,307.971435546875,-150000000.0,-71491896.0,133200000.0,-137216432.0,0.0,0.0,-0.0,-0.0,225508320.0,-0.0,0.0,0.7000000238418579,1.0,-1.0,-0.05949847490069049,False,False,True,,0,0
324000.0,89,0.34312940905670297,False,False,ok,,,True,1.0,-0.609045147895813,0,0.5,1.0,-0.609045147895813,-0.665,-1228987.475445869,-96202.81216379345,-0.6145580253900748,96202.81216379345,0.6145580253900748,156539.83544146415,0.0,0.0,0.34312940905670297,0.18732520204961872,0.21152417556895742,0.18732520204961872,0.014500072844861614,0.06,0.0,0.9576874344467777,0.9726734506107473,-0.014986016163969497,5.0,1.0,0.3818598921717682,1.0,-90925.67480654965,90925.67480654965,90925.67480654965,0.0,80.04232048958129,0.0,1.13597,0.1875,80.04232048958129,-569.82900132332,-91284.87142773018,0.0,-0.0,-754844.637090606,0.0,-0.0,-5076000.051498413,-60000.0,60000.0,-341532.3593070498,-24785.301208496094,24785.301208496094,-438989.9997299909,-33245.9999987483,33245.9999987483,10082446.108199986,112754.16385000572,-112754.16385000572,-4608781.664592077,-90925.67480654965,90925.67480654965,0.5638091564178467,0.7583885192871094,0.46543005108833313,0.5345699787139893,7583885.5,269.4486083984375,460.26580810546875,308.3357849121094,-150000000.0,-60904516.0,-99750000.0,80042320.0,0.0,0.0,-0.0,-0.0,230612192.0,-0.0,0.0,0.85,1.0,-1.0,0.70197472368496,True,True,True,0,1,3
327600.0,90,-1.025608530990316,False,False,ok,,,True,1.0,-0.6794111132621765,0,0.5,1.0,-0.6794111132621765,-0.665,-1231838.833227635,-102789.81878648313,-0.6566368138602006,102789.81878648313,0.6566368138602006,156539.83544146415,0.0,0.0,-1.025608530990316,0.25700742664925375,0.2880588685411179,0.25700742664925375,0.026686128265846664,0.06,0.0,-0.3689717171301154,-0.3484111229981751,-0.0205605941319403,5.0,1.0,0.18732520204961872,1.0,-91300.93526745947,91300.93526745947,91300.93526745947,0.0,80.37266412621766,0.0,1.13597,0.1875,80.37266412621766,8637.525737257674,-91284.87142773018,0.0,-0.0,-754844.637090606,0.0,-0.0,-5136000.051498413,-60000.0,60000.0,-368427.3399760714,-26894.980669021606,26894.980669021606,-478889.9997299909,-39900.0,39900.0,10197752.205349984,115306.09714999795,-115306.09714999795,-4600144.138854819,-91300.93526745947,91300.93526745947,0.40560340881347656,0.7345874905586243,0.4556407928466797,0.5443592071533203,7345875.0,266.239013671875,456.48895263671875,308.7980651855469,-150000000.0,-67941112.0,-99750000.0,80372664.0,0.0,0.0,-0.0,-0.0,237318448.0,-0.0,0.0,0.85,1.0,-1.0,1.0,True,False,False,0,2,2
331200.0,91,-2.1023304012514217,False,False,ok,,,True,1.0,-0.7655144929885864,0,0.5,1.0,-0.7655144929885864,-0.665,-1234543.5789981135,-96500.59268535094,-0.6164602921244029,96500.59268535094,0.6164602921244029,156539.83544146415,0.0,0.0,-2.1023304012514217,0.5454541815695448,0.5833575389712983,0.5454541815695448,0.13006902644258028,0.06,0.0,-1.485870109127019,-1.4422337746014555,-0.043636334525563585,5.0,1.0,0.25700742664925375,1.0,-84983.65008471513,84983.65008471513,84983.65008471513,0.0,86.22966879885864,0.0,0.98555,0.1875,86.22966879885864,8812.19683015719,-91284.87142773018,0.0,-0.0,-754844.637090606,0.0,-0.0,-5196000.051498413,-60000.0,60000.0,-398703.5061767092,-30276.166200637817,30276.166200637817,-518789.9997299909,-39900.0,39900.0,10316411.428949976,118659.22359999269,-118659.22359999269,-4591331.942024662,-84983.65008471513,84983.65008471513,0.2275083065032959,0.713283360004425,0.4458523392677307,0.5541476607322693,7132833.5,263.81927490234375,452.6987609863281,309.2520446777344,-150000000.0,-76551448.0,-99750000.0,86229672.0,0.0,0.0,-0.0,-0.0,240071776.0,-0.0,0.0,0.85,1.0,-1.0,1.0,True,False,False,0,3,1
334800.0,92,-1.1931806082529535,False,False,ok,,,True,1.0,-0.32941028475761414,0,0.5,1.0,-0.32941028475761414,-0.665,-1224630.487965534,-59688.115984119,-0.381296657274426,59688.115984119,0.381296657274426,156539.83544146415,0.0,0.0,-1.1931806082529535,0.6966840273280023,0.7414387982137982,0.6966840273280023,0.21910950511828417,0.06,0.0,-0.8118839509785274,-0.7561492287922872,-0.05573472218624018,5.0,1.0,0.5454541815695448,1.0,-64903.17801089165,64903.17801089165,64903.17801089165,0.0,65.8547795757614,0.0,0.98555,0.1875,65.8547795757614,4698.029005806893,-91284.87142773018,0.0,-0.0,-754844.637090606,0.0,-0.0,-5256000.051498413,-60000.0,60000.0,-413624.33439993765,-14920.828223228455,14920.828223228455,-558689.9997299908,-39899.99999999994,39899.99999999994,10436447.319199977,120035.8902500011,-120035.8902500011,-4586633.913018855,-64903.17801089165,64903.17801089165,0.13973872363567352,0.6937078833580017,0.43606460094451904,0.563935399055481,6937079.0,261.949462890625,448.895751953125,309.69805908203125,-150000000.0,-32941028.0,-99750000.0,65854780.0,0.0,0.0,-0.0,-0.0,216836256.0,-0.0,0.0,0.85,1.0,-0.32941028291389496,1.0,True,False,False,,0,0
338400.0,93,0.3187317654541103,False,False,ok,,,True,1.0,0.04361042380332947,1,0.0,1.0,0.04361042380332947,0.0,-1218523.0065217263,59376.53831699028,0.3793062523001903,-59376.53831699028,-0.3793062523001903,156539.83544146415,0.0,0.0,0.3187317654541103,0.6976367369067109,0.743076623096807,0.6976367369067109,0.21934792761260796,0.06,0.0,-0.060574486846080036,-0.004763547893543163,-0.05581093895253687,5.0,1.0,0.6966840273280023,1.0,15481.06737756243,-15481.06737756243,0.0,15481.06737756243,0.0,82.56569268033296,0.63457,0.1875,-82.56569268033296,-37787.98949562013,-91284.87142773018,0.0,-0.0,-754844.637090606,0.0,-0.0,-5316000.051498413,-60000.0,60000.0,-414156.9879105082,-532.6535105705261,532.6535105705261,-562679.9997299908,-3990.0,3990.0,10544865.443649976,108418.12444999814,-108418.12444999814,-4624421.902514475,15481.06737756243,-15481.06737756243,0.13983777165412903,0.6926066279411316,0.43508586287498474,0.5649141073226929,6926066.0,262.0821228027344,448.5147705078125,309.7422180175781,-150000000.0,4361042.5,0.0,-82565696.0,0.0,0.0,-0.0,-0.0,228204656.0,-0.0,0.0,0.85,1.0,0.043610422666816175,1.0,False,True,True,,0,0
342000.0,94,0.47530018022768455,False,False,ok,,,True,1.0,0.04318947717547417,1,0.0,1.0,0.04318947717547417,0.0,-1213072.7344252563,73169.8786900534,0.46742018402986146,-73169.8786900534,-0.46742018402986146,156539.83544146415,0.0,0.0,0.47530018022768455,0.6850991512471912,0.7305390374372873,0.6850991512471912,0.2102539766489815,0.06,0.0,0.007879996197823091,0.0626879282975984,-0.0548079320997753,5.0,1.0,0.6976367369067109,1.0,18202.92210329014,-18202.92210329014,0.0,18202.92210329014,0.0,97.08225121754741,0.63457,0.1875,-97.08225121754741,-49516.684490293264,-91284.87142773018,0.0,-0.0,-754844.637090606,0.0,-0.0,-5376000.051498413,-60000.0,60000.0,-413292.356473743,864.6314367651939,-864.6314367651939,-562679.9997299908,0.0,-0.0,10658967.768799974,114102.32514999807,-114102.32514999807,-4673938.587004769,18202.92210329014,-18202.92210329014,0.14848408102989197,0.6921747326850891,0.43508586287498474,0.5649141073226929,6921747.0,261.918701171875,448.5147705078125,309.7422180175781,-150000000.0,4318947.5,0.0,-97082248.0,0.0,0.0,-0.0,-0.0,242763296.0,-0.0,0.0,0.85,1.0,0.043189476933030574,1.0,False,True,True,,0,0
345600.0,95,0.44476579501349506,False,False,ok,,,True,1.0,0.006442640908062458,1,0.0,1.0,0.006442640908062458,0.0,-1207753.757756648,76603.15967021964,0.4893524990248524,-76603.15967021964,-0.4893524990248524,156539.83544146415,0.0,0.0,0.44476579501349506,0.6830870984738806,0.7285269846639767,0.6830870984738806,0.208450280889215,0.06,0.0,-0.04458670401135733,0.01006026386655312,-0.05464696787791045,5.0,1.0,0.6850991512471912,1.0,15019.161429526168,-15019.161429526168,0.0,15019.161429526168,0.0,80.10219429080622,0.63457,0.1875,-80.10219429080622,-56265.0215720851,-91284.87142773018,0.0,-0.0,-754844.637090606,0.0,-0.0,-5436000.051498413,-60000.0,60000.0,-413090.0099830469,202.34649069607258,-202.34649069607258,-562679.9997299908,0.0,-0.0,10780349.420549976,121381.65175000206,-121381.65175000206,-4730203.608576854,15019.161429526168,-15019.161429526168,0.15050755441188812,0.6911515593528748,0.43508586287498474,0.5649141073226929,6911516.0,261.5315246582031,448.5147705078125,309.7422180175781,-150000000.0,644264.0625,0.0,-80102192.0,0.0,0.0,-0.0,-0.0,229457936.0,-0.0,0.0,0.85,1.0,0.00644264087050954,1.0,False,True,True,,0,0
349200.0,96,0.3764348392802078,False,False,ok,,,True,1.0,-0.0021570848766714334,1,0.0,1.0,-0.0021570848766714334,0.0,-1200686.4938125012,68763.51119731944,0.43927164611740366,-68763.51119731944,-0.43927164611740366,156539.83544146415,0.0,0.0,0.3764348392802078,0.684699271497362,0.7301391576874581,0.684699271497362,0.20915143981275955,0.06,0.0,-0.06283680683719585,-0.00806086511740689,-0.05477594171978896,5.0,1.0,0.6830870984738806,1.0,14099.315871062412,-14099.315871062412,0.0,14099.315871062412,0.0,75.19635131233287,0.63457,0.1875,-75.19635131233287,-47596.93138211034,-91284.87142773018,0.0,-0.0,-754844.637090606,0.0,-0.0,-5496000.051498413,-60000.0,60000.0,-413154.77975679096,-64.76977374404669,64.76977374404669,-562679.9997299908,0.0,-0.0,10895078.38564997,114728.9650999941,-114728.9650999941,-4777800.539958964,14099.315871062412,-14099.315871062412,0.15017960965633392,0.6900312900543213,0.43508586287498474,0.5649141073226929,6900313.0,261.1076354980469,448.5147705078125,309.7422180175781,-150000000.0,-215708.484375,0.0,-75196352.0,0.0,0.0,-0.0,-0.0,225412064.0,-0.0,0.0,0.85,1.0,-0.0021570849840734513,1.0,False,True,True,,0,0
352800.0,97,0.3862395603398026,False,False,ok,,,True,1.0,-0.0007633330533280969,1,0.0,1.0,-0.0007633330533280969,0.0,-1193209.645627788,70031.52001332403,0.4473718770421943,-70031.52001332403,-0.4473718770421943,156539.83544146415,0.0,0.0,0.3862395603398026,0.6859505264151972,0.7313904126052932,0.6859505264151972,0.20967367514013135,0.06,0.0,-0.06113231670239166,-0.006256274589175881,-0.05487604211321578,5.0,1.0,0.684699271497362,1.0,17361.5984427501,-17361.5984427501,0.0,17361.5984427501,0.0,92.5951916946672,0.63457,0.1875,-92.5951916946672,-45193.07338586077,-91284.87142773018,0.0,-0.0,-754844.637090606,0.0,-0.0,-5556000.051498413,-60000.0,60000.0,-413190.88808621746,-36.10832942649722,36.10832942649722,-562679.9997299908,0.0,-0.0,11007784.415549966,112706.02989999577,-112706.02989999577,-4822993.613344825,17361.5984427501,-17361.5984427501,0.14996720850467682,0.6890986561775208,0.43508586287498474,0.5649141073226929,6890986.5,260.7547302246094,448.5147705078125,309.7422180175781,-150000000.0,-76333.3046875,0.0,-92595192.0,0.0,0.0,-0.0,-0.0,242671520.0,-0.0,0.0,0.85,1.0,-0.0007633330722548806,1.0,False,True,True,,0,0
356400.0,98,2.0407118645886504,False,False,ok,,,True,1.0,1.0,1,0.0,1.0,1.0,0.0,-1223475.2714616803,113868.31862404059,0.7274079361519454,-113868.31862404059,-0.7274079361519454,156539.83544146415,0.0,0.0,2.0407118645886504,0.4166237605589136,0.4620636467490097,0.4166237605589136,0.06947352504387794,0.06,0.0,1.313303928436705,1.346633829281418,-0.03332990084471309,5.0,1.0,0.6859505264151972,1.0,34535.60945624999,-34535.60945624999,0.0,34535.60945624999,0.0,184.18991709999997,0.28359,0.1875,-184.18991709999997,-109598.33500168286,-91284.87142773018,0.0,-0.0,-754844.637090606,0.0,-0.0,-5616000.051498413,-60000.0,60000.0,-395193.94141843077,17996.946667786688,-17996.946667786688,-562679.9997299908,0.0,-0.0,11129120.178049965,121335.76249999925,-121335.76249999925,-4932591.948346508,34535.60945624999,-34535.60945624999,0.3299492597579956,0.6884523630142212,0.43508586287498474,0.5649141073226929,6884523.5,260.5101623535156,448.5147705078125,309.7422180175781,-150000000.0,100000000.0,0.0,-184189920.0,0.0,0.0,-0.0,-0.0,234189920.0,-0.0,0.0,0.85,1.0,0.0001393751634075277,1.0,False,True,True,,0,0
360000.0,99,1.8634612276848668,False,False,ok,,,True,1.0,0.8654842972755432,1,0.0,1.0,0.8654842972755432,0.0,-1252051.697873599,101273.42762487935,0.6469498791746788,-101273.42762487935,-0.6469498791746788,156539.83544146415,0.0,0.0,1.8634612276848668,0.17059201855991735,0.21603190475001344,0.17059201855991735,0.026289274491695176,0.06,0.0,1.216511348510188,1.2301587099949813,-0.013647361484793388,5.0,1.0,0.4166237605589136,1.0,26599.751723916437,-26599.751723916437,0.0,26599.751723916437,0.0,141.86534252755433,0.28359,0.1875,-141.86534252755433,-103250.1023128815,-91284.87142773018,0.0,-0.0,-754844.637090606,0.0,-0.0,-5676000.051498413,-60000.0,60000.0,-377615.224067471,17578.717350959778,-17578.717350959778,-562679.9997299908,0.0,-0.0,11246215.136599964,117094.9585499987,-117094.9585499987,-5035842.050659389,26599.751723916437,-26599.751723916437,0.5057364106178284,0.6880125999450684,0.43508586287498474,0.5649141073226929,6880126.0,260.34375,448.5147705078125,309.7422180175781,-150000000.0,86548432.0,0.0,-141865344.0,0.0,0.0,-0.0,-0.0,205316912.0,-0.0,0.0,0.85,1.0,-0.7647842915312595,1.0,False,True,True,,0,0
363600.0,100,0.22744066197333962,False,False,ok,,,True,1.0,0.0,1,0.0,1.0,0.0,0.0,-1246045.3263427014,58470.27027579832,0.37351687582208076,-58470.27027579832,-0.37351687582208076,156539.83544146415,0.0,0.0,0.22744066197333962,0.1966606902851039,0.2421005764752,0.1966606902851039,0.02707034963381939,0.06,0.0,-0.14607621384874114,-0.13034335862593283,-0.015732855222808314,5.0,1.0,0.17059201855991735,1.0,14080.84528125,-14080.84528125,0.0,14080.84528125,0.0,75.0978415,0.28359,0.1875,-75.0978415,-38383.05346365087,-91284.87142773018,0.0,-0.0,-754844.637090606,0.0,-0.0,-5736000.051498413,-60000.0,60000.0,-375884.2554729199,1730.9685945510864,-1730.9685945510864,-562679.9997299908,0.0,-0.0,11348873.592999963,102658.45639999956,-102658.45639999956,-5074225.10412304,14080.84528125,-14080.84528125,0.52304607629776,0.6879084706306458,0.43508586287498474,0.5649141073226929,6879084.5,260.3043518066406,448.5147705078125,309.7422180175781,-150000000.0,0.0,0.0,-75097840.0,0.0,0.0,-0.0,-0.0,225097840.0,-0.0,0.0,0.85,1.0,-1.0,1.0,False,True,True,,0,0
367200.0,101,-0.3314952792336292,False,False,ok,,,True,1.0,1.0,2,0.5,1.0,1.0,0.9299999999999999,-1324775.1104927016,150119.85824374633,0.9589882206045983,-150119.85824374633,-0.9589882206045983,156539.83544146415,0.0,0.0,-0.3314952792336292,0.44759585654798173,0.48693519461005086,0.44759585654798173,0.08229821768787235,0.06,0.0,-1.2904834998382275,-1.254675831314389,-0.035807668523838536,5.0,1.0,0.1966606902851039,1.0,54460.937493749996,-54460.937493749996,0.0,54460.937493749996,0.0,290.4583333,0.28359,0.1875,-290.4583333,-174388.70489999652,-91284.87142773018,0.0,-0.0,-754844.637090606,0.0,-0.0,-5796000.051498413,-60000.0,60000.0,-357884.2554729199,18000.0,-18000.0,-537569.9997299908,25110.0,-25110.0,11461422.513749966,112548.92075000331,-112548.92075000331,-5248613.809023037,54460.937493749996,-54460.937493749996,0.7030460834503174,0.7069733142852783,0.4438009560108185,0.5561990737915039,7069733.0,262.6803283691406,451.9283447265625,309.1710510253906,-150000000.0,100000000.0,139500000.0,-290458336.0,0.0,0.0,-0.0,-0.0,200958336.0,-0.0,0.0,0.85,1.0,-1.0,1.0,False,True,True,2,1,3
370800.0,102,1.102714779722808,False,False,ok,,,True,1.0,-0.4240047037601471,2,0.20000000298023224,1.0,-0.4240047037601471,0.8880000004172325,-1362939.909503824,81046.53648420217,0.5177374580447184,-81046.53648420217,-0.5177374580447184,156539.83544146415,0.0,0.0,1.102714779722808,0.3253940868231927,0.35834890799074703,0.3253940868231927,0.04238854449094946,0.06,0.0,0.5849773216780897,0.6110088486239451,-0.026031526945855418,5.0,1.0,0.44759585654798173,1.0,28373.36035381982,-28373.36035381982,0.0,28373.36035381982,0.0,151.3245885537057,0.63457,0.1875,-151.3245885537057,-90837.97514150478,-91284.87142773018,0.0,-0.0,-756152.4582861242,-1307.8211955181323,1307.8211955181323,-5856000.051498413,-60000.0,60000.0,-371148.4248082852,-13264.169335365295,13264.169335365295,-510803.99971872556,26766.000011265278,-26766.000011265278,11561901.680399975,100479.16665000841,-100479.16665000841,-5339451.784164541,28373.36035381982,-28373.36035381982,0.6332568526268005,0.7244912385940552,0.45292168855667114,0.5470783114433289,7244912.0,264.1863098144531,455.4347839355469,308.5732727050781,-150000000.0,-42400472.0,133200000.0,-151324592.0,0.0,0.0,-11605410.0,-11605410.0,222130464.0,-0.0,0.0,0.85,1.0,-1.0,0.7347694773935626,False,False,True,2,2,2
374400.0,103,1.2024126858849424,False,False,ok,,,True,1.0,-0.7377657890319824,2,0.20000000298023224,1.0,-0.7377657890319824,0.8880000004172325,-1382631.847163311,58950.91912469646,0.37658733292038193,-58950.91912469646,-0.37658733292038193,156539.83544146415,0.0,0.0,1.2024126858849424,0.15770572463610294,0.18435517397777207,0.15770572463610294,0.013352712379473256,0.06,0.0,0.8258253529645605,0.8384418109354488,-0.012616457970888235,5.0,1.0,0.3253940868231927,1.0,17839.35435769503,-17839.35435769503,0.0,17839.35435769503,0.0,95.14322324104016,0.98555,0.1875,-95.14322324104016,-60803.502426488325,-91284.87142773018,0.0,-0.0,-764490.5409114464,-8338.082625322277,8338.082625322277,-5916000.051498413,-60000.0,60000.0,-399404.01202847715,-28255.587220191956,28255.587220191956,-484163.9997062086,26640.000012516975,-26640.000012516975,11672966.914999982,111065.23460000753,-111065.23460000753,-5400255.28659103,17839.35435769503,-17839.35435769503,0.4670475423336029,0.7417229413986206,0.4619293510913849,0.5380706191062927,7417229.5,265.5932312011719,458.84564208984375,307.98291015625,-150000000.0,-73776576.0,133200000.0,-95143224.0,0.0,0.0,-59638968.0,-59638968.0,245358768.0,-0.0,0.0,0.85,1.0,-1.0,1.0,False,False,True,2,3,1
378000.0,104,-1.545218413783449,False,False,ok,,,True,1.0,-1.0,2,0.20000000298023224,1.0,-1.0,0.8880000004172325,-1384022.6575465624,18814.996059929836,0.12019302311688858,-18814.996059929836,-0.12019302311688858,156539.83544146415,0.0,0.0,-1.545218413783449,0.4830590669450497,0.5034537895588445,0.4830590669450497,0.11111604789079679,0.06,0.0,-1.6654114369003377,-1.6267667115447337,-0.038644725355603975,5.0,1.0,0.15770572463610294,1.0,-12303.658579515873,12303.658579515873,12303.658579515873,0.0,12.484053147497207,0.0,0.98555,0.1875,12.484053147497207,-32509.465022697113,-91284.87142773018,0.0,-0.0,-783740.2089283883,-19249.66801694187,19249.66801694187,-5976000.051498413,-60000.0,60000.0,-438355.0751846051,-38951.06315612793,38951.06315612793,-457523.9996936916,26640.000012516975,-26640.000012516975,11795646.30079999,122679.38580000773,-122679.38580000773,-5432764.751613727,-12303.658579515873,12303.658579515873,0.23792363703250885,0.7600554823875427,0.4708646833896637,0.5291353464126587,7600555.0,267.3739013671875,462.19232177734375,307.3973083496094,-150000000.0,-100000000.0,133200000.0,12484053.0,0.0,-0.0,-97917536.0,-97917536.0,202233488.0,-0.0,0.0,0.85,1.0,-1.0,1.0,False,False,True,,0,0
381600.0,105,-1.7944412094215618,False,False,ok,,,True,1.0,-0.37367546558380127,0,0.5,1.0,-0.37367546558380127,-0.665,-1403190.2545945395,-140005.62486409378,-0.8943769773952963,140005.62486409378,0.8943769773952963,156539.83544146415,0.0,0.0,-1.7944412094215618,0.6526298359747075,0.6785694413433074,0.6526298359747075,0.21068504405185842,0.06,0.0,-0.9000642320262655,-0.8478538451482889,-0.0522103868779766,5.0,1.0,0.4830590669450497,1.0,-103138.62877459529,103138.62877459529,103138.62877459529,0.0,162.53309922403406,0.0,0.63457,0.1875,162.53309922403406,17699.399041521363,-91284.87142773018,0.0,-0.0,-811025.6288581219,-27285.419929733616,27285.419929733616,-6036000.051498413,-60000.0,60000.0,-455807.39194562193,-17452.316761016846,17452.316761016846,-490769.9996924399,-33245.9999987483,33245.9999987483,11896763.041399991,101116.74060000107,-101116.74060000107,-5415065.3525722055,-103138.62877459529,103138.62877459529,0.13526295125484467,0.7444757223129272,0.462943434715271,0.537056565284729,7444757.5,266.09796142578125,459.1358642578125,307.7604064941406,-150000000.0,-37367548.0,-99750000.0,162533104.0,0.0,0.0,-122675096.0,-122675096.0,247259536.0,-0.0,0.0,0.85,1.0,-0.3736754514233421,1.0,True,True,True,0,1,3
385200.0,106,-0.46317580897985333,False,False,ok,,,True,1.0,0.0626324713230133,0,0.5,1.0,0.0626324713230133,-0.665,-1398805.6532897172,-55588.46124449092,-0.35510744653412796,55588.46124449092,0.35510744653412796,156539.83544146415,0.0,0.0,-0.46317580897985333,0.6636255004565478,0.6964173339606549,0.6636255004565478,0.21130182072566606,0.06,0.0,-0.10806836244572535,-0.05497832240920153,-0.053090040036523824,5.0,1.0,0.6526298359747075,1.0,-47222.779598749,47222.779598749,47222.779598749,0.0,166.51778835201875,0.0,0.28359,0.1875,166.51778835201875,12750.282950564288,-91284.87142773018,0.0,-0.0,-842753.7632253444,-31728.134367222432,31728.134367222432,-6096000.051498413,-60000.0,60000.0,-456174.7093241429,-367.3173785209656,367.3173785209656,-530669.9996924399,-39900.0,39900.0,12020392.811499996,123629.77010000497,-123629.77010000497,-5402315.069621641,-47222.779598749,47222.779598749,0.13774442672729492,0.7297578454017639,0.4531545341014862,0.5468454957008362,7297578.5,266.10650634765625,455.3586120605469,308.2205505371094,-150000000.0,6263247.0,-99750000.0,166517792.0,0.0,0.0,-132050056.0,-132050056.0,209019024.0,-0.0,0.0,0.85,1.0,0.06263246760207937,1.0,True,False,False,0,2,2
388800.0,107,1.216361624043399,False,False,ok,,,True,0.8500000238418579,1.0,0,0.5,0.8500000238418579,1.0,-0.665,-1394306.725483183,-7530.88788691708,-0.048108443871037215,7530.88788691708,0.048108443871037215,156539.83544146415,0.0,0.0,1.216361624043399,0.4042632744819493,0.44390700285600526,0.4042632744819493,0.06676800975727255,0.06,0.0,1.2644700679144363,1.2968111298729923,-0.03234106195855595,5.0,1.0,0.6636255004565478,1.0,-6163.47571011549,6163.47571011549,6163.47571011549,0.0,33.62323773997867,0.0,0.18331,0.1875,33.62323773997867,5866.339983335696,-91284.87142773018,0.0,-0.0,-874955.9480573337,-32202.184831989347,32202.184831989347,-6147900.052785873,-51900.00128746033,51900.00128746033,-438049.44438149687,18125.264942646027,-18125.264942646027,-570569.9996924399,-39900.0,39900.0,12124902.320499992,104509.50899999589,-104509.50899999589,-5396448.7296383055,-6163.47571011549,6163.47571011549,0.3189970850944519,0.717241108417511,0.4433661103248596,0.5566338896751404,7172411.0,266.9326477050781,451.5681457519531,308.6724853515625,-127500000.0,100000000.0,-99750000.0,33623236.0,0.0,0.0,-124868640.0,-124868640.0,218495408.0,-0.0,0.0,0.85,1.0,0.05208617359835389,1.0,True,False,False,0,3,1
392400.0,108,1.2591154791830061,False,False,ok,,,True,0.7000000476837158,1.0,0,0.5,0.7000000476837158,1.0,-0.665,-1377329.968981705,18204.38051922451,0.11629231925462052,-18204.38051922451,-0.11629231925462052,156539.83544146415,0.0,0.0,1.2591154791830061,0.1729317347404254,0.2194270633960434,0.1729317347404254,0.021403125127185663,0.06,0.0,1.1428231599283856,1.1566576987076196,-0.013834538779234032,5.0,1.0,0.4042632744819493,1.0,495.42265362776163,-495.42265362776163,0.0,495.42265362776163,0.0,2.6422541526813954,0.18331,0.1875,-2.6422541526813954,-732.2013641186059,-91284.87142773018,0.0,-0.0,-903694.6911237657,-28738.743066431955,28738.743066431955,-6190800.055503845,-42900.0027179718,42900.0027179718,-418049.44438149687,20000.0,-20000.0,-610469.9996924399,-39900.0,39900.0,12234150.02414999,109247.70364999771,-109247.70364999771,-5397180.931002424,495.42265362776163,-495.42265362776163,0.518997073173523,0.7055639028549194,0.43357810378074646,0.5664219260215759,7055639.0,268.1116027832031,447.7649230957031,309.11651611328125,-105000008.0,100000000.0,-99750000.0,-2642254.25,0.0,-0.0,-102869696.0,-102869696.0,210261952.0,-0.0,0.0,0.7000000238418579,1.0,-0.7182375864641022,1.0,True,False,False,,0,0
396000.0,109,-0.4906430956006247,False,False,ok,,,True,0.5500000715255737,1.0,2,0.5,0.5500000715255737,1.0,0.9299999999999999,-1438712.9455125444,144876.22353848457,0.9254910938798002,-144876.22353848457,-0.9254910938798002,156539.83544146415,0.0,0.0,-0.4906430956006247,0.44897497306743145,0.4901621668534522,0.44897497306743145,0.08645485584244335,0.06,0.0,-1.416134189480425,-1.3802161916350304,-0.03591799784539452,5.0,1.0,0.1729317347404254,1.0,54609.69121190804,-54609.69121190804,0.0,54609.69121190804,0.0,291.25168646350954,0.18331,0.1875,-291.25168646350954,-151649.508857416,-91284.87142773018,0.0,-0.0,-925779.1316987076,-22084.440574941924,22084.440574941924,-6224700.0596523285,-33900.00414848328,33900.00414848328,-398049.44438149687,20000.0,-20000.0,-589349.9996924399,21120.0,-21120.0,12339281.001199981,105130.97704999149,-105130.97704999149,-5548830.43985984,54609.69121190804,-54609.69121190804,0.718997061252594,0.7295206189155579,0.4411611557006836,0.5588388442993164,7295206.5,272.8248291015625,450.951904296875,308.610595703125,-82500008.0,100000000.0,139500000.0,-291251680.0,0.0,0.0,-70527592.0,-70527592.0,204779296.0,-0.0,0.0,0.5500000476837158,0.8500000476837158,-1.0,1.0,False,True,True,2,1,3
399600.0,110,-0.05342112942787358,False,False,ok,,,True,0.7000000476837158,0.6550145745277405,2,0.5,0.7000000476837158,0.6550145745277405,0.9299999999999999,-1503756.553979458,144697.5317412751,0.9243495838181246,-144697.5317412751,-0.9243495838181246,156539.83544146415,0.0,0.0,-0.05342112942787358,0.6343790509021959,0.6689346582034524,0.6343790509021959,0.20087293783732285,0.06,0.0,-0.9777707132459982,-0.9270203891738225,-0.050750324072175675,5.0,1.0,0.44897497306743145,1.0,54763.943399597294,-54763.943399597294,0.0,54763.943399597294,0.0,292.07436479785224,0.28359,0.1875,-292.07436479785224,-154977.19680859149,-91284.87142773018,0.0,-0.0,-938825.4487944557,-13046.317095748149,13046.317095748149,-6265800.062656403,-41100.0030040741,41100.0030040741,-384259.18203999754,13790.262341499329,-13790.262341499329,-561449.9996924399,27900.0,-27900.0,12441670.647299973,102389.6460999921,-102389.6460999921,-5703807.636668432,54763.943399597294,-54763.943399597294,0.8568996787071228,0.7509704828262329,0.45063483715057373,0.5493651628494263,7509705.0,275.3847351074219,454.8086242675781,308.00213623046875,-105000008.0,65501456.0,139500000.0,-292074368.0,0.0,0.0,-29564132.0,-29564132.0,221637040.0,-0.0,0.0,0.4000000715255737,0.7000000715255738,-1.0,0.6550146041598781,False,False,True,2,2,2
403200.0,111,0.7954258820050704,False,False,ok,,,True,0.8500000238418579,-0.034498512744903564,2,0.5,0.8500000238418579,-0.034498512744903564,0.9299999999999999,-1552952.170340887,126308.19580591141,0.806875741562553,-126308.19580591141,-0.806875741562553,156539.83544146415,0.0,0.0,0.7954258820050704,0.6266427389898548,0.654580648708232,0.6266427389898548,0.20414381225869171,0.06,0.0,-0.011449859557482671,0.038681559561705714,-0.050131419119188385,5.0,1.0,0.6343790509021959,1.0,41705.2860467308,-41705.2860467308,0.0,41705.2860467308,0.0,222.42819224923093,0.63457,0.1875,-222.42819224923093,-133798.5261206096,-91284.87142773018,0.0,-0.0,-942909.1435019504,-4083.6947074946947,4083.6947074946947,-6315900.064229965,-50100.00157356262,50100.00157356262,-384191.0993497586,68.08269023895264,-68.08269023895264,-533549.9996924399,27900.0,-27900.0,12552489.170649977,110818.5233500041,-110818.5233500041,-5837606.162789041,41705.2860467308,-41705.2860467308,0.8626944422721863,0.7673988938331604,0.46008870005607605,0.5399112701416016,7673989.0,276.04925537109375,458.5460205078125,307.39495849609375,-127500000.0,-3449851.25,139500000.0,-222428192.0,0.0,0.0,-0.0,-0.0,213878048.0,-0.0,0.0,0.5500000476837158,0.8500000476837158,-1.0,-0.03449851291508821,False,False,True,2,3,1
406800.0,112,1.5719625327414362,False,False,ok,,,True,1.0,-0.675,2,0.20000000298023224,1.0,-0.675,0.8880000004172325,-1586102.977976401,72806.32509772295,0.4650977490323723,-72806.32509772295,-0.4650977490323723,156539.83544146415,0.0,0.0,1.5719625327414362,0.39888758095279725,0.42061783200072356,0.39888758095279725,0.07686985203095563,0.06,0.0,1.106864783709064,1.1387757901852877,-0.03191100647622378,5.0,1.0,0.6266427389898548,1.0,22639.295730484664,-22639.295730484664,0.0,22639.295730484664,0.0,120.74291056258487,1.13597,0.1875,-120.74291056258487,-83317.83700275235,-91284.87142773018,0.0,-0.0,-942909.1435019504,0.0,-0.0,-6375000.064373016,-59100.00014305115,59100.00014305115,-408629.0934007382,-24437.994050979614,24437.994050979614,-506783.99968117464,26766.000011265278,-26766.000011265278,12659428.194199981,106939.02355000377,-106939.02355000377,-5920923.9997917935,22639.295730484664,-22639.295730484664,0.7189415097236633,0.7795246839523315,0.4689567983150482,0.5310432314872742,7795247.0,275.4875183105469,461.963623046875,306.8254089355469,-150000000.0,-67500000.0,133200000.0,-120742912.0,0.0,0.0,-0.0,-0.0,205042912.0,-0.0,0.0,0.7000000238418579,1.0,-1.0,-0.06347213334384705,False,False,True,,0,0
410400.0,113,1.2710814700695807,False,False,ok,,,True,1.0,-0.675,1,0.0,1.0,-0.675,0.0,-1574040.959303905,19581.58450749762,0.12509010535417278,-19581.58450749762,-0.12509010535417278,156539.83544146415,0.0,0.0,1.2710814700695807,0.16701703544263352,0.18813127598457563,0.16701703544263352,0.011325652380569417,0.06,0.0,1.1459913647154079,1.1593527275508186,-0.013361362835410681,5.0,1.0,0.39888758095279725,1.0,1396.1292562499978,-1396.1292562499978,0.0,1396.1292562499978,0.0,7.446022699999988,1.13597,0.1875,-7.446022699999988,-6123.436578751542,-91284.87142773018,0.0,-0.0,-942909.1435019504,0.0,-0.0,-6435000.064373016,-60000.0,60000.0,-435629.0934007382,-27000.0,27000.0,-504119.99967992294,2664.0000012516975,-2664.0000012516975,12761949.649449972,102521.45524999127,-102521.45524999127,-5927047.436370545,1396.1292562499978,-1396.1292562499978,0.5601180195808411,0.7731599807739258,0.4698368012905121,0.5301632285118103,7731599.5,272.76287841796875,462.2981262207031,306.7688903808594,-150000000.0,-67500000.0,0.0,-7446022.5,0.0,0.0,-0.0,-0.0,224946016.0,-0.0,0.0,0.85,1.0,-1.0,0.6552923975673175,True,True,True,,0,0
414000.0,114,-0.21651678823350523,False,False,ok,,,True,1.0,-0.675,1,0.0,1.0,-0.675,0.0,-1553035.5615739056,19170.313202092057,0.12246284243259296,-19170.313202092057,-0.12246284243259296,156539.83544146415,0.0,0.0,-0.21651678823350523,0.2311151196612728,0.2522293602032149,0.2311151196612728,0.021512608993074448,0.06,0.0,-0.3389796306660982,-0.32049042109319636,-0.018489209572901823,5.0,1.0,0.16701703544263352,1.0,-6302.698147911014,6302.698147911014,6302.698147911014,0.0,5.548296300000012,0.0,1.13597,0.1875,5.548296300000012,-4467.613620003685,-91284.87142773018,0.0,-0.0,-942909.1435019504,0.0,-0.0,-6495000.064373016,-60000.0,60000.0,-462629.0934007382,-27000.0,27000.0,-504119.99967992294,0.0,-0.0,12874422.66079997,112473.01134999841,-112473.01134999841,-5931515.049990549,-6302.698147911014,6302.698147911014,0.401294469833374,0.7669432163238525,0.4698368012905121,0.5301632285118103,7669432.0,270.5696716308594,462.2981262207031,306.7688903808594,-150000000.0,-67500000.0,0.0,5548296.5,0.0,0.0,-0.0,-0.0,211951696.0,-0.0,0.0,0.85,1.0,-1.0,1.0,True,True,True,,0,0
417600.0,115,1.1729775133623384,False,False,ok,,,True,1.0,0.675,1,0.0,1.0,0.675,0.0,-1567458.146758906,80734.61433750138,0.5157448524831939,-80734.61433750138,-0.5157448524831939,156539.83544146415,0.0,0.0,1.1729775133623384,0.098099003430555,0.1192132439724971,0.098099003430555,0.007768366218606306,0.06,0.0,0.6572326608791446,0.6650805811535889,-0.0078479202744444,5.0,1.0,0.2311151196612728,1.0,25308.762487499996,-25308.762487499996,0.0,25308.762487499996,0.0,134.9800666,0.98555,0.1875,-134.9800666,-69848.43703500181,-91284.87142773018,0.0,-0.0,-942909.1435019504,0.0,-0.0,-6555000.064373016,-60000.0,60000.0,-453179.0934007382,9450.0,-9450.0,-504119.99967992294,0.0,-0.0,12980398.512649978,105975.85185000673,-105975.85185000673,-6001363.487025551,25308.762487499996,-25308.762487499996,0.506912112236023,0.762269139289856,0.4698368012905121,0.5301632285118103,7622691.5,268.92071533203125,462.2981262207031,306.7688903808594,-150000000.0,67500000.0,0.0,-134980064.0,0.0,0.0,-0.0,-0.0,217480064.0,-0.0,0.0,0.85,1.0,-1.0,1.0,True,True,True,,0,0
421200.0,116,0.2852903016597296,False,False,ok,,,True,1.0,0.0,1,0.0,1.0,0.0,0.0,-1561906.153418906,64698.74226875443,0.413305291182241,-64698.74226875443,-0.413305291182241,156539.83544146415,0.0,0.0,0.2852903016597296,0.12175393832190679,0.1428681788638489,0.12175393832190679,0.008930710802150545,0.06,0.0,-0.12801498952251147,-0.11827467445675893,-0.009740315065752543,5.0,1.0,0.098099003430555,1.0,14608.70896875,-14608.70896875,0.0,14608.70896875,0.0,77.91311449999999,0.98555,0.1875,-77.91311449999999,-44538.03996000439,-91284.87142773018,0.0,-0.0,-942909.1435019504,0.0,-0.0,-6615000.064373016,-60000.0,60000.0,-451829.0934007382,1350.0,-1350.0,-504119.99967992294,0.0,-0.0,13089138.545949975,108740.03329999745,-108740.03329999745,-6045901.526985555,14608.70896875,-14608.70896875,0.5204120874404907,0.7588642239570618,0.4698368012905121,0.5301632285118103,7588642.0,267.719482421875,462.2981262207031,306.7688903808594,-150000000.0,0.0,0.0,-77913112.0,0.0,0.0,-0.0,-0.0,227913120.0,-0.0,0.0,0.85,1.0,-1.0,1.0,True,True,True,,0,0
424800.0,117,0.41630104554296765,False,False,ok,,,True,1.0,0.0,1,0.0,1.0,0.0,0.0,-1554697.464868906,68469.6845499996,0.4373946373260553,-68469.6845499996,-0.4373946373260553,156539.83544146415,0.0,0.0,0.41630104554296765,0.12398883531350818,0.1451030758554503,0.12398883531350818,0.009343063706532135,0.06,0.0,-0.021093591783087645,-0.011174484958006992,-0.009919106825080655,5.0,1.0,0.12175393832190679,1.0,14513.127299999998,-14513.127299999998,0.0,14513.127299999998,0.0,77.4033456,0.63457,0.1875,-77.4033456,-46747.868699999526,-91284.87142773018,0.0,-0.0,-942909.1435019504,0.0,-0.0,-6675000.064373016,-60000.0,60000.0,-451829.0934007382,0.0,-0.0,-504119.99967992294,0.0,-0.0,13203095.10319998,113956.55725000426,-113956.55725000426,-6092649.3956855545,14513.127299999998,-14513.127299999998,0.5204120874404907,0.7566293478012085,0.4698368012905121,0.5301632285118103,7566293.5,266.9310302734375,462.2981262207031,306.7688903808594,-150000000.0,0.0,0.0,-77403344.0,0.0,0.0,-0.0,-0.0,227403344.0,-0.0,0.0,0.85,1.0,-1.0,1.0,True,True,True,,0,0
428400.0,118,0.4106230491268465,False,False,ok,,,True,1.0,0.0,1,0.0,1.0,0.0,0.0,-1547437.7994289063,67026.11589375169,0.4281729037514873,-67026.11589375169,-0.4281729037514873,156539.83544146415,0.0,0.0,0.4106230491268465,0.12549095102208302,0.14660519156402513,0.12549095102208302,0.009625827165090122,0.06,0.0,-0.017549854624640822,-0.00751057854287418,-0.010039276081766642,5.0,1.0,0.12398883531350818,1.0,13324.443093749998,-13324.443093749998,0.0,13324.443093749998,0.0,71.06369649999999,0.63457,0.1875,-71.06369649999999,-46442.007360002026,-91284.87142773018,0.0,-0.0,-942909.1435019504,0.0,-0.0,-6735000.064373016,-60000.0,60000.0,-451829.0934007382,0.0,-0.0,-504119.99967992294,0.0,-0.0,13316796.775999976,113701.67279999703,-113701.67279999703,-6139091.4030455565,13324.443093749998,-13324.443093749998,0.5204120874404907,0.7551271915435791,0.4698368012905121,0.5301632285118103,7551272.0,266.4010925292969,462.2981262207031,306.7688903808594,-150000000.0,0.0,0.0,-71063696.0,0.0,0.0,-0.0,-0.0,221063696.0,-0.0,0.0,0.85,1.0,-1.0,1.0,True,True,True,,0,0
432000.0,119,0.3874326972881564,False,False,ok,,,True,1.0,0.0,1,0.0,1.0,0.0,0.0,-1539544.169078907,63520.90761875353,0.40578110638493853,-63520.90761875353,-0.40578110638493853,156539.83544146415,0.0,0.0,0.3874326972881564,0.12712660712740104,0.14824084766934315,0.12712660712740104,0.009938861045628022,0.06,0.0,-0.01834840909678217,-0.008178280526590087,-0.010170128570192083,5.0,1.0,0.12549095102208302,1.0,12989.05936875,-12989.05936875,0.0,12989.05936875,0.0,69.2749833,0.63457,0.1875,-69.2749833,-42638.21790000424,-91284.87142773018,0.0,-0.0,-942909.1435019504,0.0,-0.0,-6795000.064373016,-60000.0,60000.0,-451829.0934007382,0.0,-0.0,-504119.99967992294,0.0,-0.0,13427328.62424997,110531.84824999422,-110531.84824999422,-6181729.620945561,12989.05936875,-12989.05936875,0.5204120874404907,0.7534915804862976,0.4698368012905121,0.5301632285118103,7534915.5,265.8240661621094,462.2981262207031,306.7688903808594,-150000000.0,0.0,0.0,-69274984.0,0.0,0.0,-0.0,-0.0,219274976.0,-0.0,0.0,0.85,1.0,-1.0,1.0,True,True,True,,0,0
435600.0,120,0.37910483763822544,False,False,ok,,,True,1.0,0.0,1,0.0,1.0,0.0,0.0,-1531471.667408906,62581.21458750394,0.3997782060458681,-62581.21458750394,-0.3997782060458681,156539.83544146415,0.0,0.0,0.37910483763822544,0.12919417402453698,0.1503084145664791,0.12919417402453698,0.010342211206903804,0.06,0.0,-0.020673368407642667,-0.010337834485679709,-0.010335533921962958,5.0,1.0,0.12712660712740104,1.0,12943.722937499999,-12943.722937499999,0.0,12943.722937499999,0.0,69.033189,0.63457,0.1875,-69.033189,-41564.989980002865,-91284.87142773018,0.0,-0.0,-942909.1435019504,0.0,-0.0,-6855000.064373016,-60000.0,60000.0,-451829.0934007382,0.0,-0.0,-504119.99967992294,0.0,-0.0,13536966.115899974,109637.49165000394,-109637.49165000394,-6223294.610925564,12943.722937499999,-12943.722937499999,0.5204120874404907,0.7514240145683289,0.4698368012905121,0.5301632285118103,7514240.0,265.0946350097656,462.2981262207031,306.7688903808594,-150000000.0,0.0,0.0,-69033192.0,0.0,0.0,-0.0,-0.0,219033184.0,-0.0,0.0,0.85,1.0,-1.0,1.0,True,True,True,,0,0
439200.0,121,0.37182014608673886,False,False,ok,,,True,1.0,0.0,1,0.0,1.0,0.0,0.0,-1523374.9863089062,61523.422893751514,0.3930208736980392,-61523.422893751514,-0.3930208736980392,156539.83544146415,0.0,0.0,0.37182014608673886,0.13133299167991835,0.15244723222186046,0.13133299167991835,0.010768457973065514,0.06,0.0,-0.021200727611300346,-0.010694088276906877,-0.010506639334393468,5.0,1.0,0.12919417402453698,1.0,12006.828393749998,-12006.828393749998,0.0,12006.828393749998,0.0,64.03641809999999,0.63457,0.1875,-64.03641809999999,-41419.913400001824,-91284.87142773018,0.0,-0.0,-942909.1435019504,0.0,-0.0,-6915000.064373016,-60000.0,60000.0,-451829.0934007382,0.0,-0.0,-504119.99967992294,0.0,-0.0,13646482.710399976,109516.59450000152,-109516.59450000152,-6264714.524325565,12006.828393749998,-12006.828393749998,0.5204120874404907,0.7492851614952087,0.4698368012905121,0.5301632285118103,7492851.5,264.340087890625,462.2981262207031,306.7688903808594,-150000000.0,0.0,0.0,-64036420.0,0.0,0.0,-0.0,-0.0,214036416.0,-0.0,0.0,0.85,1.0,-1.0,1.0,True,True,True,,0,0
442800.0,122,0.3503614221960452,False,False,ok,,,True,1.0,0.0,1,0.0,1.0,0.0,0.0,-1514778.6281189066,58079.887649997385,0.3710230529258192,-58079.887649997385,-0.3710230529258192,156539.83544146415,0.0,0.0,0.3503614221960452,0.13333200573412712,0.15444624627606923,0.13333200573412712,0.011175114745920386,0.06,0.0,-0.02066163072977402,-0.009995070271043849,-0.01066656045873017,5.0,1.0,0.13133299167991835,1.0,11061.678599999997,-11061.678599999997,0.0,11061.678599999997,0.0,58.995619199999986,0.28359,0.1875,-58.995619199999986,-38421.850859997794,-91284.87142773018,0.0,-0.0,-942909.1435019504,0.0,-0.0,-6975000.064373016,-60000.0,60000.0,-451829.0934007382,0.0,-0.0,-504119.99967992294,0.0,-0.0,13753500.919449976,107018.20904999971,-107018.20904999971,-6303136.375185563,11061.678599999997,-11061.678599999997,0.5204120874404907,0.7472861409187317,0.4698368012905121,0.5301632285118103,7472861.5,263.6348571777344,462.2981262207031,306.7688903808594,-150000000.0,0.0,0.0,-58995620.0,0.0,0.0,-0.0,-0.0,208995616.0,-0.0,0.0,0.85,1.0,-1.0,1.0,True,True,True,,0,0
446400.0,123,0.33279820452461367,False,False,ok,,,True,1.0,0.0,1,0.0,1.0,0.0,0.0,-1505678.1900389073,55066.09732499887,0.3517705072942283,-55066.09732499887,-0.3517705072942283,156539.83544146415,0.0,0.0,0.33279820452461367,0.13496699437800203,0.15608123491994413,0.13496699437800203,0.011513659866393508,0.06,0.0,-0.01897230276961467,-0.008174943219374509,-0.010797359550240162,5.0,1.0,0.13333200573412712,1.0,10568.287724999996,-10568.287724999996,0.0,10568.287724999996,0.0,56.36420119999998,0.28359,0.1875,-56.36420119999998,-35397.37151999958,-91284.87142773018,0.0,-0.0,-942909.1435019504,0.0,-0.0,-7035000.064373016,-60000.0,60000.0,-451829.0934007382,0.0,-0.0,-504119.99967992294,0.0,-0.0,13857998.729049968,104497.80959999189,-104497.80959999189,-6338533.746705563,10568.287724999996,-10568.287724999996,0.5204120874404907,0.7456511855125427,0.4698368012905121,0.5301632285118103,7456511.5,263.05804443359375,462.2981262207031,306.7688903808594,-150000000.0,0.0,0.0,-56364200.0,0.0,0.0,-0.0,-0.0,206364208.0,-0.0,0.0,0.85,1.0,-1.0,1.0,True,True,True,,0,0
450000.0,124,0.3212878425685276,False,False,ok,,,True,1.0,0.0,1,0.0,1.0,0.0,0.0,-1496314.6101589082,52704.19644999488,0.33668232946177373,-52704.19644999488,-0.33668232946177373,156539.83544146415,0.0,0.0,0.3212878425685276,0.1358719407053654,0.1569861812473075,0.1358719407053654,0.011703338977539522,0.06,0.0,-0.015394486893246113,-0.004524731636816881,-0.010869755256429232,5.0,1.0,0.13496699437800203,1.0,9522.095849999996,-9522.095849999996,0.0,9522.095849999996,0.0,50.78451119999998,0.28359,0.1875,-50.78451119999998,-33818.52071999572,-91284.87142773018,0.0,-0.0,-942909.1435019504,0.0,-0.0,-7095000.064373016,-60000.0,60000.0,-451829.0934007382,0.0,-0.0,-504119.99967992294,0.0,-0.0,13961180.829649972,103182.1006000042,-103182.1006000042,-6372352.2674255585,9522.095849999996,-9522.095849999996,0.5204120874404907,0.744746208190918,0.4698368012905121,0.5301632285118103,7447462.0,262.7388000488281,462.2981262207031,306.7688903808594,-150000000.0,0.0,0.0,-50784512.0,0.0,0.0,-0.0,-0.0,200784512.0,-0.0,0.0,0.85,1.0,-1.0,1.0,True,True,True,,0,0
453600.0,125,0.35287013338783096,False,False,ok,,,True,1.0,0.0,1,0.0,1.0,0.0,0.0,-1486393.0612789071,56827.45531874933,0.3630223269271236,-56827.45531874933,-0.3630223269271236,156539.83544146415,0.0,0.0,0.35287013338783096,0.13573068839884245,0.15684492894078456,0.13573068839884245,0.011673624252034722,0.06,0.0,-0.010152193539292625,0.0007062615326147714,-0.010858455071907396,5.0,1.0,0.1358719407053654,1.0,16435.19971875,-16435.19971875,0.0,16435.19971875,0.0,87.6543985,0.28359,0.1875,-87.6543985,-30470.70671999827,-91284.87142773018,0.0,-0.0,-942909.1435019504,0.0,-0.0,-7155000.064373016,-60000.0,60000.0,-451829.0934007382,0.0,-0.0,-504119.99967992294,0.0,-0.0,14061573.085249973,100392.25560000166,-100392.25560000166,-6402822.974145557,16435.19971875,-16435.19971875,0.5204120874404907,0.7448874711990356,0.4698368012905121,0.5301632285118103,7448874.5,262.78863525390625,462.2981262207031,306.7688903808594,-150000000.0,0.0,0.0,-87654400.0,0.0,0.0,-0.0,-0.0,237654400.0,-0.0,0.0,0.85,1.0,-1.0,1.0,True,True,True,,0,0
457200.0,126,0.43884630250021095,False,False,ok,,,True,1.0,0.0,1,0.0,1.0,0.0,0.0,-1478337.1935224321,69471.52273989463,0.44379453028026544,-69471.52273989463,-0.44379453028026544,156539.83544146415,0.0,0.0,0.43884630250021095,0.13456725782958007,0.15568149837152218,0.13456725782958007,0.011430395572393991,0.06,0.0,-0.004948227780054505,0.0058171528463119015,-0.010765380626366406,5.0,1.0,0.13573068839884245,1.0,11945.257494519174,-11945.257494519174,0.0,11945.257494519174,0.0,63.70803997076892,0.63457,0.1875,-63.70803997076892,-49470.39748890046,-91284.87142773018,0.0,-0.0,-944210.0775065754,-1300.9340046249563,1300.9340046249563,-7215000.064373016,-60000.0,60000.0,-451829.0934007382,0.0,-0.0,-504119.99967992294,0.0,-0.0,14180400.284499967,118827.19924999401,-118827.19924999401,-6452293.371634457,11945.257494519174,-11945.257494519174,0.5204120874404907,0.7460508942604065,0.4698368012905121,0.5301632285118103,7460509.0,263.1990661621094,462.2981262207031,306.7688903808594,-150000000.0,0.0,0.0,-63708040.0,0.0,-0.0,-11539719.0,-11539719.0,225247760.0,-0.0,0.0,0.85,1.0,-1.0,1.0,True,True,True,,0,0
460800.0,127,0.30028014590800955,False,False,ok,,,True,1.0,0.0,1,0.0,1.0,0.0,0.0,-1460578.894901333,51863.773793011234,0.33131358319592047,-51863.773793011234,-0.33131358319592047,156539.83544146415,0.0,0.0,0.30028014590800955,0.1323063395556036,0.15342058009754572,0.1323063395556036,0.01096546650808274,0.06,0.0,-0.031033437287910894,0.011304591369882266,-0.04233802865779316,5.0,1.0,0.13456725782958007,1.0,6584.947350938368,-6584.947350938368,0.0,6584.947350938368,0.0,35.11971920500463,0.98555,0.1875,-35.11971920500463,-27520.527820973657,-91284.87142773018,0.0,-0.0,-951555.1307645031,-7345.053257927764,7345.053257927764,-7275000.064373016,-60000.0,60000.0,-451829.0934007382,0.0,-0.0,-504119.99967992294,0.0,-0.0,14293024.164199973,112623.87970000505,-112623.87970000505,-6479813.899455431,6584.947350938368,-6584.947350938368,0.5204120874404907,0.7483118176460266,0.4698368012905121,0.5301632285118103,7483118.0,263.9967041015625,462.2981262207031,306.7688903808594,-150000000.0,0.0,0.0,-35119720.0,0.0,0.0,-50985792.0,-50985792.0,236105504.0,-0.0,0.0,0.85,1.0,-1.0,1.0,True,True,True,,0,0
464400.0,128,0.6874458585522584,False,False,ok,,,True,1.0,0.0,2,0.675,1.0,0.0,0.9545,-1481758.2972997876,93250.90169125696,0.5957007775578429,-93250.90169125696,-0.5957007775578429,156539.83544146415,0.0,0.0,0.6874458585522584,0.10926800456381519,0.12414215641116975,0.10926800456381519,0.006810778838705032,0.06,0.0,0.09174508099441547,0.12671084245483633,-0.03496576146042086,5.5,1.1,0.1323063395556036,1.0,26551.037692361217,-26551.037692361217,0.0,26551.037692361217,0.0,141.60553435925982,0.98555,0.1875,-141.60553435925982,-87879.26639735047,-91284.87142773018,0.0,-0.0,-968679.5227656072,-17124.392001104075,17124.392001104075,-7335000.064373016,-60000.0,60000.0,-451829.0934007382,0.0,-0.0,-478348.49967992294,25771.5,-25771.5,14411076.920199966,118052.75599999353,-118052.75599999353,-6567693.165852781,26551.037692361217,-26551.037692361217,0.5204120874404907,0.7713501453399658,0.47875121235847473,0.5212488174438477,7713501.5,267.4239501953125,465.58172607421875,306.19635009765625,-150000000.0,0.0,143175008.0,-141605536.0,0.0,0.0,-89624504.0,-89624504.0,238055040.0,-0.0,0.0,0.85,1.0,-1.0,1.0,True,True,True,2,1,3
468000.0,129,0.6287012756584559,False,False,ok,,,True,1.0,0.0,2,0.675,1.0,0.0,0.9545,-1497925.240689057,80484.8550242237,0.5141493524459457,-80484.8550242237,-0.5141493524459457,156539.83544146415,0.0,0.0,0.6287012756584559,0.0856101430649337,0.09363980641384037,0.0856101430649337,0.003649099136069066,0.06,0.0,0.1145519232125102,0.141947168993289,-0.027395245780778784,6.000000000000001,1.2000000000000002,0.10926800456381519,1.0,17757.02104617494,-17757.02104617494,0.0,17757.02104617494,0.0,94.70411224626635,0.63457,0.1875,-94.70411224626635,-78894.77736731805,-91284.87142773018,0.0,-0.0,-993614.2089375578,-24934.68617195054,24934.68617195054,-7395000.064373016,-60000.0,60000.0,-451829.0934007382,0.0,-0.0,-449713.49967992294,28635.0,-28635.0,14530104.440349968,119027.52015000209,-119027.52015000209,-6646587.943220099,17757.02104617494,-17757.02104617494,0.5204120874404907,0.7950080037117004,0.488576203584671,0.511518120765686,7950080.0,270.47344970703125,469.15386962890625,305.5714111328125,-150000000.0,0.0,143175008.0,-94704112.0,0.0,0.0,-111918328.0,-111918328.0,213447440.0,-0.0,0.0,0.85,1.0,-1.0,1.0,False,False,True,2,2,2
471600.0,130,0.511405231212499,False,False,ok,,,True,1.0,0.0,2,0.675,1.0,0.0,0.9545,-1505063.7223036904,60057.62732624586,0.3836571512731886,-60057.62732624586,-0.3836571512731886,156539.83544146415,0.0,0.0,0.511405231212499,0.06286185483618162,0.06476557774381891,0.06286185483618162,0.0016646369315983186,0.06,0.0,0.12774807993931037,0.14786387348688848,-0.020115793547578118,6.499999999999999,1.2999999999999998,0.0856101430649337,1.0,14324.807315793334,-14324.807315793334,0.0,14324.807315793334,0.0,76.39897235089778,0.28359,0.1875,-76.39897235089778,-52871.301625085995,-91284.87142773018,0.0,-0.0,-1023240.1109271054,-29625.901989547652,29625.901989547652,-7455000.064373016,-60000.0,60000.0,-451829.0934007382,0.0,-0.0,-421078.49967992294,28635.0,-28635.0,14636828.16234996,106723.72199999169,-106723.72199999169,-6699459.244845185,14324.807315793334,-14324.807315793334,0.5204120874404907,0.8177562952041626,0.4983081817626953,0.5037474036216736,8177563.0,273.1512145996094,472.6544494628906,305.0723571777344,-150000000.0,0.0,143175008.0,-76398976.0,0.0,-0.0,-126457128.0,-126457128.0,209681104.0,-0.0,0.0,0.85,1.0,-1.0,1.0,False,False,True,2,3,1
475200.0,131,0.5028602949645272,False,False,ok,,,True,1.0,0.0,2,0.675,1.0,0.0,0.9545,-1510113.5540945267,57010.39778986346,0.36419099093266705,-57010.39778986346,-0.36419099093266705,156539.83544146415,0.0,0.0,0.5028602949645272,0.04116990161494688,0.044292226031317265,0.04116990161494688,0.0007363204597596918,0.06,1.0,0.13866930403186017,0.15184367254864317,-0.013174368516783002,7.0,1.4,0.06286185483618162,1.0,14383.618324979503,-14383.618324979503,0.0,14383.618324979503,0.0,76.71263106655735,0.18331,0.1875,-76.71263106655735,-47676.61125572026,-91284.87142773018,0.0,-0.0,-1054088.881012222,-30848.770085116616,30848.770085116616,-7515000.064373016,-60000.0,60000.0,-451829.0934007382,0.0,-0.0,-392443.49967992294,28635.0,-28635.0,14741668.71189996,104840.54955000058,-104840.54955000058,-6747135.856100906,14383.618324979503,-14383.618324979503,0.5204120874404907,0.8394482731819153,0.5079563856124878,0.49903544783592224,8394483.0,275.4260559082031,474.5345153808594,304.7697448730469,-150000000.0,0.0,143175008.0,-76712632.0,0.0,0.0,-119669808.0,-119669808.0,203207440.0,-0.0,0.0,0.85,1.0,-1.0,1.0,False,False,True,,0,0
478800.0,132,0.08366689732799149,False,False,ok,,,True,0.9850000143051147,0.0,1,0.0,0.9850000143051147,0.0,0.0,-1492088.04033929,13428.24000804854,0.08578161571576355,-13428.24000804854,-0.08578161571576355,156539.83544146415,0.0,0.0,0.08366689732799149,0.03975562410484318,0.04331570854684995,0.03975562410484318,0.0007084744676381051,0.06,1.0,-0.002114718387772061,0.010607081325777756,-0.012721799713549817,7.5,1.5,0.04116990161494688,1.0,-4413.845782677816,4413.845782677816,4413.845782677816,0.0,24.078586998406067,0.0,0.18331,0.1875,24.078586998406067,183.42796451039612,-91284.87142773018,0.0,-0.0,-1081524.01419902,-27435.133186798077,27435.133186798077,-7574190.065145493,-59190.000772476196,59190.000772476196,-451829.0934007382,0.0,-0.0,-389579.99967992294,2863.5,-2863.5,14843272.431649951,101603.71974999085,-101603.71974999085,-6746952.428136395,-4413.845782677816,4413.845782677816,0.5204120874404907,0.840862512588501,0.5089171528816223,0.49874547123908997,8408625.0,275.4037780761719,474.5345153808594,304.7510986328125,-147750000.0,0.0,0.0,24078586.0,0.0,-0.0,-97597304.0,-97597304.0,221268720.0,-0.0,0.0,0.85,1.0,-1.0,1.0,True,True,False,,0,0
482400.0,133,0.21878042103818163,False,False,ok,,,True,0.9835000038146973,0.0,1,0.0,0.9835000038146973,0.0,0.0,-1460782.5248661898,36042.976362657486,0.23024795101522413,-36042.976362657486,-0.23024795101522413,156539.83544146415,0.0,0.0,0.21878042103818163,0.03960487053074374,0.04316495497275051,0.03960487053074374,0.000705742184463658,0.06,1.0,-0.011467529977042493,0.001206028592795505,-0.012673558569837998,8.0,1.6,0.03975562410484318,1.0,4820.710152131488,-4820.710152131488,0.0,4820.710152131488,0.0,25.71045414470127,0.18331,0.1875,-25.71045414470127,83.2492625741288,-91284.87142773018,0.0,-0.0,-1101917.1056466685,-20393.09144764836,20393.09144764836,-7633209.065437317,-59019.00029182434,59019.00029182434,-451829.0934007382,0.0,-0.0,-389579.99967992294,0.0,-0.0,14953906.78959995,110634.35794999823,-110634.35794999823,-6746869.178873821,4820.710152131488,-4820.710152131488,0.5204120874404907,0.8410133123397827,0.5089171528816223,0.49874547123908997,8410133.0,275.4531555175781,474.5345153808594,304.7510986328125,-147525008.0,0.0,0.0,-25710454.0,0.0,0.0,-61871896.0,-61871896.0,235107344.0,-0.0,0.0,0.8350000143051147,1.0,-1.0,1.0,True,True,False,,0,0
486000.0,134,0.3642421610569478,False,False,ok,,,True,1.0,0.0,1,0.0,1.0,0.0,0.0,-1438692.8761514628,60607.44201152948,0.387169450131387,-60607.44201152948,-0.387169450131387,156539.83544146415,0.0,0.0,0.3642421610569478,0.04076742500972347,0.04432750945173024,0.04076742500972347,0.0007279887913701536,0.06,1.0,-0.02292728907443919,-0.00988171307132768,-0.01304557600311151,8.5,1.7000000000000002,0.03960487053074374,1.0,14133.255608192307,-14133.255608192307,0.0,14133.255608192307,0.0,75.3773632436923,0.28359,0.1875,-75.3773632436923,-24384.537688610144,-91284.87142773018,0.0,-0.0,-1113095.593970442,-11178.48832377349,11178.48832377349,-7693110.065460205,-59901.00002288818,59901.00002288818,-451829.0934007382,0.0,-0.0,-389579.99967992294,0.0,-0.0,15071460.464349942,117553.67474999279,-117553.67474999279,-6771253.716562431,14133.255608192307,-14133.255608192307,0.5204120874404907,0.8398507237434387,0.5089171528816223,0.49874547123908997,8398507.0,275.0723876953125,474.5345153808594,304.7510986328125,-150000000.0,0.0,0.0,-75377360.0,0.0,0.0,-23488670.0,-23488670.0,248866032.0,-0.0,0.0,0.8335000038146972,1.0,-1.0,1.0,True,True,False,,0,0
489600.0,135,0.43650981833071123,False,False,ok,,,True,1.0,0.0,1,0.0,1.0,0.0,0.0,-1429034.963677217,75733.02161660927,0.48379392633850415,-75733.02161660927,-0.48379392633850415,156539.83544146415,0.0,0.0,0.43650981833071123,0.04444108724198542,0.04800117168399219,0.04444108724198542,0.000816054506019842,0.06,1.0,-0.047284108007792924,-0.033062960090357585,-0.014221147917435336,9.0,1.7999999999999998,0.04076742500972347,1.0,14546.088112499998,-14546.088112499998,0.0,14546.088112499998,0.0,77.57913659999998,0.63457,0.1875,-77.57913659999998,-51529.02102986351,-91284.87142773018,0.0,-0.0,-1116341.6766163316,-3246.0826458896045,3246.0826458896045,-7753110.065460205,-60000.0,60000.0,-451829.0934007382,0.0,-0.0,-389579.99967992294,0.0,-0.0,15195893.48049994,124433.01614999771,-124433.01614999771,-6822782.737592295,14546.088112499998,-14546.088112499998,0.5204120874404907,0.8361770510673523,0.5089171528816223,0.49874547123908997,8361771.0,273.8691711425781,474.5345153808594,304.7510986328125,-150000000.0,0.0,0.0,-77579136.0,0.0,0.0,-0.0,-0.0,227579136.0,-0.0,0.0,0.85,1.0,-1.0,1.0,True,True,False,,0,0
493200.0,136,0.3443196450189336,False,False,ok,,,True,1.0,0.0,1,0.0,1.0,0.0,0.0,-1421792.8773372166,63575.256825002725,0.4061282972842768,-63575.256825002725,-0.4061282972842768,156539.83544146415,0.0,0.0,0.3443196450189336,0.04928706528148724,0.05284714972349401,0.04928706528148724,0.00097350918301392,0.06,1.0,-0.0618086522653432,-0.04603679137526728,-0.015771860890075918,9.5,1.9,0.04444108724198542,1.0,9785.688525000001,-9785.688525000001,0.0,9785.688525000001,0.0,52.190338800000006,1.13597,0.1875,-52.190338800000006,-46547.48196000233,-91284.87142773018,0.0,-0.0,-1116341.6766163316,0.0,-0.0,-7813110.065460205,-60000.0,60000.0,-451829.0934007382,0.0,-0.0,-389579.99967992294,0.0,-0.0,15309683.048799945,113789.56830000505,-113789.56830000505,-6869330.219552297,9785.688525000001,-9785.688525000001,0.5204120874404907,0.8313310742378235,0.5089171528816223,0.49874547123908997,8313311.0,272.281982421875,474.5345153808594,304.7510986328125,-150000000.0,0.0,0.0,-52190340.0,0.0,0.0,-0.0,-0.0,202190336.0,-0.0,0.0,0.85,1.0,-1.0,1.0,True,True,False,,0,0
496800.0,137,0.2929841202752844,False,False,ok,,,True,1.0,0.0,1,0.0,1.0,0.0,0.0,-1412011.9112172176,55927.81411874536,0.3572752837066752,-55927.81411874536,-0.3572752837066752,156539.83544146415,0.0,0.0,0.2929841202752844,0.05398854808587822,0.05754863252788499,0.05398854808587822,0.001171156168902379,0.06,1.0,-0.0642911634313908,-0.04701482804390977,-0.01727633538748103,10.0,2.0,0.04928706528148724,1.0,14832.64471875,-14832.64471875,0.0,14832.64471875,0.0,79.1074385,1.13597,0.1875,-79.1074385,-31314.20327999629,-91284.87142773018,0.0,-0.0,-1116341.6766163316,0.0,-0.0,-7873110.065460205,-60000.0,60000.0,-451829.0934007382,0.0,-0.0,-389579.99967992294,0.0,-0.0,15410778.21819994,101095.16939999536,-101095.16939999536,-6900644.422832293,14832.64471875,-14832.64471875,0.5204120874404907,0.826629638671875,0.5089171528816223,0.49874547123908997,8266296.0,270.74212646484375,474.5345153808594,304.7510986328125,-150000000.0,0.0,0.0,-79107440.0,0.0,0.0,-0.0,-0.0,229107440.0,-0.0,0.0,0.85,1.0,-1.0,1.0,True,True,False,,0,0
500400.0,138,0.36166794857063544,False,False,ok,,,True,1.0,0.0,1,0.0,1.0,0.0,0.0,-1404922.6550672168,66538.49175624635,0.42505788746103207,-66538.49175624635,-0.42505788746103207,156539.83544146415,0.0,0.0,0.36166794857063544,0.05825043380703493,0.0618105182490417,0.05825043380703493,0.0013885236590881443,0.06,1.0,-0.06338993889039664,-0.04474980007214546,-0.01864013881825118,10.5,2.1,0.05398854808587822,1.0,11984.772506249998,-11984.772506249998,0.0,11984.772506249998,0.0,63.918786699999984,1.13597,0.1875,-63.918786699999984,-47464.46309999563,-91284.87142773018,0.0,-0.0,-1116341.6766163316,0.0,-0.0,-7933110.065460205,-60000.0,60000.0,-451829.0934007382,0.0,-0.0,-389579.99967992294,0.0,-0.0,15525331.937449941,114553.71925000101,-114553.71925000101,-6948108.885932289,11984.772506249998,-11984.772506249998,0.5204120874404907,0.8223677277565002,0.5089171528816223,0.49874547123908997,8223677.5,269.34625244140625,474.5345153808594,304.7510986328125,-150000000.0,0.0,0.0,-63918788.0,0.0,0.0,-0.0,-0.0,213918784.0,-0.0,0.0,0.85,1.0,-1.0,1.0,True,True,True,,0,0
504000.0,139,0.33456457740920886,False,False,ok,,,True,1.0,0.0,1,0.0,1.0,0.0,0.0,-1396314.5337372168,61417.46444374537,0.39234399519163643,-61417.46444374537,-0.39234399519163643,156539.83544146415,0.0,0.0,0.33456457740920886,0.06170796728443567,0.06526805172644246,0.06170796728443567,0.001591557199007148,0.06,0.0,-0.05777941778242758,-0.03803286825140817,-0.019746549531019415,11.0,2.2,0.05825043380703493,1.0,14458.07109375,-14458.07109375,0.0,14458.07109375,0.0,77.1097125,0.98555,0.1875,-77.1097125,-38351.27201999538,-91284.87142773018,0.0,-0.0,-1116341.6766163316,0.0,-0.0,-7993110.065460205,-60000.0,60000.0,-451829.0934007382,0.0,-0.0,-389579.99967992294,0.0,-0.0,15632291.33079994,106959.3933499977,-106959.3933499977,-6986460.157952284,14458.07109375,-14458.07109375,0.5204120874404907,0.8189101815223694,0.5089171528816223,0.49874547123908997,8189102.0,268.21380615234375,474.5345153808594,304.7510986328125,-150000000.0,0.0,0.0,-77109712.0,0.0,0.0,-0.0,-0.0,227109712.0,-0.0,0.0,0.85,1.0,-1.0,1.0,True,True,True,,0,0
507600.0,140,0.9401959712100153,False,False,ok,,,True,1.0,0.0,2,0.675,1.0,0.0,0.9545,-1440568.5049872177,119702.80213124971,0.7646794938404728,-119702.80213124971,-0.7646794938404728,156539.83544146415,0.0,0.0,0.9401959712100153,0.04518825265663856,0.0541326443269845,0.04518825265663856,0.0008372687838990095,0.06,1.0,0.17551647736954243,0.18997671821966677,-0.01446024085012434,11.5,2.3,0.06170796728443567,1.0,40376.445881249994,-40376.445881249994,0.0,40376.445881249994,0.0,215.34104469999997,0.98555,0.1875,-215.34104469999997,-123580.3275000006,-91284.87142773018,0.0,-0.0,-1116341.6766163316,0.0,-0.0,-8053110.065460205,-60000.0,60000.0,-451829.0934007382,0.0,-0.0,-363808.49967992294,25771.5,-25771.5,15745846.187049946,113554.8562500067,-113554.8562500067,-7110040.485452285,40376.445881249994,-40376.445881249994,0.5204120874404907,0.8354299068450928,0.5176962614059448,0.49214082956314087,8354299.0,269.29144287109375,474.5344543457031,304.3269348144531,-150000000.0,0.0,143175008.0,-215341040.0,0.0,0.0,-0.0,-0.0,222166048.0,-0.0,0.0,0.85,1.0,-1.0,1.0,True,True,True,,0,0
511200.0,141,0.24640270599732061,False,False,ok,,,True,1.0,0.0,1,0.0,1.0,0.0,0.0,-1438512.1094572183,64420.32325625301,0.41152670867820146,-64420.32325625301,-0.41152670867820146,156539.83544146415,0.0,0.0,0.24640270599732061,0.057417454103940224,0.07896984012580616,0.057417454103940224,0.001343183272946411,0.06,1.0,-0.16512400268088084,-0.14675041736761996,-0.018373585313260873,12.0,2.4,0.04518825265663856,1.0,10473.800906249999,-10473.800906249999,0.0,10473.800906249999,0.0,55.860271499999996,0.63457,0.1875,-55.860271499999996,-51890.126820003614,-91284.87142773018,0.0,-0.0,-1116341.6766163316,0.0,-0.0,-8113110.065460205,-60000.0,60000.0,-451829.0934007382,0.0,-0.0,-360944.99967992294,2863.5,-2863.5,15856929.209399944,111083.02234999835,-111083.02234999835,-7161930.612272289,10473.800906249999,-10473.800906249999,0.5204120874404907,0.8232007026672363,0.5142914056777954,0.4527131915092468,8232007.0,266.97552490234375,474.5345153808594,301.794921875,-150000000.0,0.0,0.0,-55860272.0,0.0,0.0,-0.0,-0.0,205860272.0,-0.0,0.0,0.85,1.0,-1.0,1.0,True,True,False,,0,0
514800.0,142,0.3077959202785357,False,False,ok,,,True,1.0,0.0,1,0.0,1.0,0.0,0.0,-1429098.1366072188,55867.084687502225,0.35688733497099484,-55867.084687502225,-0.35688733497099484,156539.83544146415,0.0,0.0,0.3077959202785357,0.05981354063897909,0.08136592666084502,0.05981354063897909,0.0014773513443587473,0.06,1.0,-0.04909141469245913,-0.029951081687985825,-0.01914033300447331,12.5,2.5,0.057417454103940224,1.0,12936.948937500001,-12936.948937500001,0.0,12936.948937500001,0.0,68.997061,0.63457,0.1875,-68.997061,-33516.16290000267,-91284.87142773018,0.0,-0.0,-1116341.6766163316,0.0,-0.0,-8173110.065460205,-60000.0,60000.0,-451829.0934007382,0.0,-0.0,-360944.99967992294,0.0,-0.0,15959859.345149951,102930.13575000688,-102930.13575000688,-7195446.775172291,12936.948937500001,-12936.948937500001,0.5204120874404907,0.8208045959472656,0.5142914056777954,0.4527131915092468,8208046.0,266.1984558105469,474.5345153808594,301.794921875,-150000000.0,0.0,0.0,-68997064.0,0.0,0.0,-0.0,-0.0,218997056.0,-0.0,0.0,0.85,1.0,-1.0,1.0,True,True,True,,0,0
518400.0,143,0.3771215467768269,False,False,ok,,,True,1.0,0.0,1,0.0,1.0,0.0,0.0,-1420997.8427072184,66043.83880625266,0.4218979700598243,-66043.83880625266,-0.4218979700598243,156539.83544146415,0.0,0.0,0.3771215467768269,0.06173817204127069,0.08329055806313662,0.06173817204127069,0.0015934362312864042,0.06,0.0,-0.044776423282997406,-0.025020208229790786,-0.01975621505320662,13.0,2.6,0.05981354063897909,1.0,16545.30830625,-16545.30830625,0.0,16545.30830625,0.0,88.2416443,0.63457,0.1875,-88.2416443,-41398.236600002274,-91284.87142773018,0.0,-0.0,-1116341.6766163316,0.0,-0.0,-8233110.065460205,-60000.0,60000.0,-451829.0934007382,0.0,-0.0,-360944.99967992294,0.0,-0.0,16069357.875649942,109498.53049999103,-109498.53049999103,-7236845.011772294,16545.30830625,-16545.30830625,0.5204120874404907,0.8188799619674683,0.5142914056777954,0.4527131915092468,8188800.0,265.5742492675781,474.5345153808594,301.794921875,-150000000.0,0.0,0.0,-88241648.0,0.0,0.0,-0.0,-0.0,238241648.0,-0.0,0.0,0.85,1.0,-1.0,1.0,True,True,True,,0,0
522000.0,144,1.0550615195381343,False,False,ok,,,True,1.0,0.0,2,0.7125,1.0,0.0,0.95975,-1466648.5071372192,130011.74363749477,0.8305345618311374,-130011.74363749477,-0.8305345618311374,156539.83544146415,0.0,0.0,1.0550615195381343,0.044062110336480276,0.07130768594579615,0.044062110336480276,0.0008057209914689468,0.06,1.0,0.2245269577069969,0.23862683301467058,-0.014099875307673688,13.5,2.7,0.06173817204127069,1.0,44977.671487499996,-44977.671487499996,0.0,44977.671487499996,0.0,239.88091459999998,0.63457,0.1875,-239.88091459999998,-130684.7365799956,-91284.87142773018,0.0,-0.0,-1116341.6766163316,0.0,-0.0,-8293110.065460205,-60000.0,60000.0,-451829.0934007382,0.0,-0.0,-335031.74967992294,25913.25,-25913.25,16188478.697799942,119120.82214999944,-119120.82214999944,-7367529.748352289,44977.671487499996,-44977.671487499996,0.5204120874404907,0.836556077003479,0.5231624245643616,0.44531792402267456,8365560.5,267.0098571777344,474.5344543457031,301.32000732421875,-150000000.0,0.0,143962496.0,-239880912.0,0.0,0.0,-0.0,-0.0,245918416.0,-0.0,0.0,0.85,1.0,-1.0,1.0,True,True,True,,0,0
525600.0,145,0.3418322354262215,False,False,ok,,,True,1.0,0.0,1,0.0,1.0,0.0,0.0,-1466998.84859722,81707.51095000362,0.5219598622904965,-81707.51095000362,-0.5219598622904965,156539.83544146415,0.0,0.0,0.3418322354262215,0.05565622706529322,0.09214067673899264,0.05565622706529322,0.001251885921701879,0.06,1.0,-0.18012762686427503,-0.1623176342033812,-0.01780999266089383,14.0,2.8,0.044062110336480276,1.0,15869.053650000002,-15869.053650000002,0.0,15869.053650000002,0.0,84.63495280000001,0.63457,0.1875,-84.63495280000001,-66188.79876000434,-91284.87142773018,0.0,-0.0,-1116341.6766163316,0.0,-0.0,-8353110.065460205,-60000.0,60000.0,-451829.0934007382,0.0,-0.0,-332152.49967992294,2879.25,-2879.25,16311437.905099945,122959.20730000362,-122959.20730000362,-7433718.547112294,15869.053650000002,-15869.053650000002,0.5204120874404907,0.8249619603157043,0.519761860370636,0.415520578622818,8249619.5,264.90020751953125,474.5269775390625,299.4066162109375,-150000000.0,0.0,0.0,-84634952.0,0.0,0.0,-0.0,-0.0,234634960.0,-0.0,0.0,0.85,1.0,-1.0,1.0,True,True,False,,0,0
529200.0,146,-0.3255187538633964,False,False,ok,,,True,1.0,0.0,0,0.25,1.0,0.0,-0.8325,-1456092.8651172202,4891.641617795944,0.031248541970169016,-4891.641617795944,-0.031248541970169016,156539.83544146415,0.0,0.0,-0.3255187538633964,0.07852783996493368,0.10758042702238246,0.07852783996493368,0.002920318412663366,0.06,0.0,-0.3567672958335654,-0.33163838704478665,-0.025128908788778777,14.5,2.9,0.05565622706529322,1.0,-7470.834782202004,7470.834782202004,7470.834782202004,0.0,26.343787800000012,0.0,0.28359,0.1875,26.343787800000012,-1456.4929199982435,-91284.87142773018,0.0,-0.0,-1116341.6766163316,0.0,-0.0,-8413110.065460205,-60000.0,60000.0,-451829.0934007382,0.0,-0.0,-377107.49967992294,-44955.0,44955.0,16428755.381499952,117317.47640000656,-117317.47640000656,-7435175.040032292,-7470.834782202004,7470.834782202004,0.5204120874404907,0.8020903468132019,0.5091449022293091,0.4261375069618225,8020903.0,262.62744140625,470.6246032714844,300.04949951171875,-150000000.0,0.0,-124875000.0,26343788.0,0.0,0.0,-0.0,-0.0,248531216.0,-0.0,0.0,0.85,1.0,-1.0,1.0,True,True,True,0,1,3
532800.0,147,-0.2397845381648097,False,False,ok,,,True,1.0,0.0,0,0.5,1.0,0.0,-0.665,-1432359.1302372213,11040.959735399772,0.07053131047610167,-11040.959735399772,-0.07053131047610167,156539.83544146415,0.0,0.0,-0.2397845381648097,0.09714317546442014,0.11979432886274052,0.09714317546442014,0.005050558546089624,0.06,0.0,-0.3103158486409114,-0.27923003249229694,-0.031085816148614446,15.0,3.0,0.07852783996493368,1.0,-12319.646364602997,12319.646364602997,12319.646364602997,0.0,43.44175169999998,0.0,0.28359,0.1875,43.44175169999998,373.1287799961865,-91284.87142773018,0.0,-0.0,-1116341.6766163316,0.0,-0.0,-8473110.065460205,-60000.0,60000.0,-451829.0934007382,0.0,-0.0,-418012.49967992294,-40905.0,40905.0,16553020.987599952,124265.60610000044,-124265.60610000044,-7434801.911252296,-12319.646364602997,12319.646364602997,0.5204120874404907,0.7834749817848206,0.49915388226509094,0.43612852692604065,7834750.0,261.3735046386719,466.93634033203125,300.639892578125,-150000000.0,0.0,-99750000.0,43441752.0,0.0,0.0,-0.0,-0.0,206308256.0,-0.0,0.0,0.85,1.0,-1.0,1.0,True,False,False,0,2,2
536400.0,148,-0.3037853943827375,False,False,ok,,,True,1.0,0.0,0,0.5,1.0,0.0,-0.665,-1424760.830917221,-1688.6526534615523,-0.010787366990001724,1688.6526534615523,0.010787366990001724,156539.83544146415,0.0,0.0,-0.3037853943827375,0.11369894102978811,0.13635009442810853,0.11369894102978811,0.007527396937993437,0.06,0.0,-0.2929980273927358,-0.2566143662632036,-0.036383661129532195,15.5,3.1,0.09714317546442014,1.0,-4942.776803462996,4942.776803462996,4942.776803462996,0.0,17.429305699999986,0.0,0.28359,0.1875,17.429305699999986,4344.17516999878,-91284.87142773018,0.0,-0.0,-1116341.6766163316,0.0,-0.0,-8533110.065460205,-60000.0,60000.0,-451829.0934007382,0.0,-0.0,-457912.49967992294,-39900.0,39900.0,16656175.111749949,103154.12414999679,-103154.12414999679,-7430457.736082297,-4942.776803462996,4942.776803462996,0.5204120874404907,0.7669191956520081,0.4893636405467987,0.4459187686443329,7669192.0,260.66986083984375,463.3077697753906,301.2054443359375,-150000000.0,0.0,-99750000.0,17429306.0,0.0,0.0,-0.0,-0.0,232320688.0,-0.0,0.0,0.85,1.0,-1.0,1.0,True,False,False,0,3,1
540000.0,149,-0.43717791546428586,False,False,ok,,,True,1.0,0.0,0,0.20000000298023224,1.0,0.0,-0.8659999980032445,-1414898.0531163514,-11767.154706135796,-0.07517035311140312,11767.154706135796,0.07517035311140312,156539.83544146415,0.0,0.0,-0.43717791546428586,0.1336513859576895,0.1563025393560099,0.1336513859576895,0.011240826289705486,0.06,0.0,-0.36200756235288273,-0.3192391188464221,-0.04276844350646064,16.0,3.2,0.11369894102978811,1.0,-17173.501963959014,17173.501963959014,17173.501963959014,0.0,60.55750190048666,0.0,0.28359,0.1875,60.55750190048666,4456.430543046445,-91284.87142773018,0.0,-0.0,-1116341.6766163316,0.0,-0.0,-8593110.065460205,-60000.0,60000.0,-451829.0934007382,0.0,-0.0,-508666.49957209814,-50753.9998921752,50753.9998921752,16772335.458899954,116160.3471500054,-116160.3471500054,-7426001.30553925,-17173.501963959014,17173.501963959014,0.5204120874404907,0.7469667792320251,0.47735413908958435,0.45792827010154724,7469668.0,259.8939208984375,458.8379821777344,301.8825988769531,-150000000.0,0.0,-129900000.0,60557500.0,0.0,0.0,-0.0,-0.0,219342496.0,-0.0,0.0,0.85,1.0,-1.0,1.0,True,False,False,,0,0
543600.0,150,1.023650675093327,False,False,ok,,,True,1.0,0.0,2,0.7875,1.0,0.0,0.97025,-1457958.182148391,109375.08115457627,0.6987044597697659,-109375.08115457627,-0.6987044597697659,156539.83544146415,0.0,0.0,1.023650675093327,0.11178963454092244,0.13444078793924286,0.11178963454092244,0.007213789052393272,0.06,0.0,0.32494621532356116,0.3607188983766563,-0.03577268305309518,16.5,3.3,0.1336513859576895,1.0,39915.579277577104,-39915.579277577104,0.0,39915.579277577104,0.0,212.88308948041123,0.63457,0.1875,-212.88308948041123,-112519.63090903871,-91284.87142773018,0.0,-0.0,-1117554.1736513132,-1212.497034981614,1212.497034981614,-8653110.065460205,-60000.0,60000.0,-451829.0934007382,0.0,-0.0,-487665.7495601176,21000.750011980534,-21000.750011980534,16882006.707799952,109671.24889999814,-109671.24889999814,-7538520.936448289,39915.579277577104,-39915.579277577104,0.5204120874404907,0.7688285112380981,0.4853112995624542,0.44997110962867737,7688285.5,263.4353332519531,461.6885681152344,301.3661804199219,-150000000.0,0.0,145537504.0,-212883088.0,0.0,0.0,-10771640.0,-10771640.0,228117232.0,-0.0,0.0,0.85,1.0,-1.0,1.0,True,True,True,2,1,3
547200.0,151,1.0161919637626329,False,False,ok,,,True,1.0,0.0,2,0.8,1.0,0.0,0.972,-1498112.7613918774,103409.23951250661,0.6605937665698839,-103409.23951250661,-0.6605937665698839,156539.83544146415,0.0,0.0,1.0161919637626329,0.08919316339508848,0.11184190149714235,0.08919316339508848,0.004056011935298654,0.06,0.0,0.35559819719274904,0.38414000947917737,-0.028541812286428315,17.0,3.4,0.11178963454092244,1.0,28029.1916957297,-28029.1916957297,0.0,28029.1916957297,0.0,149.48902237722507,0.98555,0.1875,-149.48902237722507,-115534.62706026342,-91284.87142773018,0.0,-0.0,-1125387.490584537,-7833.316933223745,7833.316933223745,-8713110.065460205,-60000.0,60000.0,-451829.0934007382,0.0,-0.0,-458510.9995601176,29154.75,-29154.75,16996065.322549935,114058.61474998295,-114058.61474998295,-7654055.5635085525,28029.1916957297,-28029.1916957297,0.5204120874404907,0.7914249897003174,0.4954853355884552,0.43980398774147034,7914250.0,265.9953918457031,465.27880859375,300.718994140625,-150000000.0,0.0,145800000.0,-149489024.0,0.0,0.0,-56228508.0,-56228508.0,209917536.0,-0.0,0.0,0.85,1.0,-1.0,1.0,False,False,True,2,2,2
550800.0,152,0.8604187980177399,False,False,ok,,,True,1.0,0.0,2,0.8125,1.0,0.0,0.97375,-1521478.022070865,77964.91843659933,0.4980516187252107,-77964.91843659933,-0.4980516187252107,156539.83544146415,0.0,0.0,0.8604187980177399,0.0672566318811178,0.09364400345851137,0.0672566318811178,0.0019673586695970083,0.06,0.0,0.3623671792925292,0.3838893014944869,-0.021522122201957698,17.5,3.5,0.08919316339508848,1.0,22399.612580180066,-22399.612580180066,0.0,22399.612580180066,0.0,119.46460042762702,0.98555,0.1875,-119.46460042762702,-78930.56653540675,-91284.87142773018,0.0,-0.0,-1143988.1993281173,-18600.708743580384,18600.708743580384,-8773110.065460205,-60000.0,60000.0,-451829.0934007382,0.0,-0.0,-429303.7495601176,29207.25,-29207.25,17101024.087149944,104958.76460000873,-104958.76460000873,-7732986.130043959,22399.612580180066,-22399.612580180066,0.5204120874404907,0.8133615255355835,0.5055983066558838,0.4302057921886444,8133615.5,268.26898193359375,468.8028564453125,300.1080627441406,-150000000.0,0.0,146062496.0,-119464600.0,0.0,0.0,-96294216.0,-96294216.0,219696320.0,-0.0,0.0,0.85,1.0,-1.0,1.0,False,False,True,2,3,1
554400.0,153,0.842877667524471,False,False,ok,,,True,1.0,0.0,2,0.825,1.0,0.0,0.9755,-1534955.4486348894,70709.75501034738,0.4517045441560355,-70709.75501034738,-0.4517045441560355,156539.83544146415,0.0,0.0,0.842877667524471,0.04472959882596533,0.07756879663305757,0.04472959882596533,0.0008241138924427651,0.06,1.0,0.3911731233684355,0.4054865949927444,-0.014313471624308906,18.0,3.6,0.0672566318811178,1.0,18038.779264615183,-18038.779264615183,0.0,18038.779264615183,0.0,96.20682274461431,0.63457,0.1875,-96.20682274461431,-66148.40230975673,-91284.87142773018,0.0,-0.0,-1170425.1314823856,-26436.93215426826,26436.93215426826,-8833110.065460205,-60000.0,60000.0,-451829.0934007382,0.0,-0.0,-400043.9995601176,29259.75,-29259.75,17210872.245049957,109848.15790001303,-109848.15790001303,-7799134.532353716,18038.779264615183,-18038.779264615183,0.5204120874404907,0.8358885645866394,0.5156344771385193,0.4218081831932068,8358885.5,270.68524169921875,472.2692565917969,299.57354736328125,-150000000.0,0.0,146324992.0,-96206824.0,0.0,0.0,-117130288.0,-117130288.0,217012112.0,-0.0,0.0,0.85,1.0,-1.0,1.0,False,False,True,,0,0
558000.0,154,0.06332547622616973,False,False,ok,,,True,1.0,0.0,1,0.0,1.0,0.0,0.0,-1514815.152265126,3793.9431369611593,0.02423627906763611,-3793.9431369611593,-0.02423627906763611,156539.83544146415,0.0,0.0,0.06332547622616973,0.04189205000647317,0.07534246517309268,0.04189205000647317,0.000752081800076745,0.06,1.0,0.039089197158533616,0.05249465316060503,-0.013405456002071414,18.5,3.7,0.04472959882596533,1.0,-17109.51720803002,17109.51720803002,17109.51720803002,0.0,60.33187773909524,0.0,0.28359,0.1875,60.33187773909524,-763.1639752276242,-91284.87142773018,0.0,-0.0,-1200954.2276373957,-30529.096155010164,30529.096155010164,-8893110.065460205,-60000.0,60000.0,-451829.0934007382,0.0,-0.0,-397117.4995601176,2926.5,-2926.5,17319378.30154996,108506.05650000274,-108506.05650000274,-7799897.696328944,-17109.51720803002,17109.51720803002,0.5204120874404907,0.8387261033058167,0.5166326761245728,0.42106008529663086,8387261.0,271.11358642578125,472.6122741699219,299.5259094238281,-150000000.0,0.0,0.0,60331876.0,0.0,0.0,-128155768.0,-128155768.0,217823888.0,-0.0,0.0,0.85,1.0,-1.0,1.0,True,True,False,,0,0
561600.0,155,0.08774419167128278,False,False,ok,,,True,0.9850000143051147,0.0,1,0.0,0.9850000143051147,0.0,0.0,-1490956.5927387117,8697.019527484588,0.05555786808487297,-8697.019527484588,-0.05555786808487297,156539.83544146415,0.0,0.0,0.08774419167128278,0.039532227046406854,0.07298264221302636,0.039532227046406854,0.000704441810055997,0.06,1.0,0.032186323586409805,0.04483663624126,-0.012650312654850194,19.0,3.8,0.04189205000647317,1.0,-9560.765126324799,9560.765126324799,9560.765126324799,0.0,52.15626603199388,0.0,0.18331,0.1875,52.15626603199388,5600.774872604758,-91284.87142773018,0.0,-0.0,-1232418.3864611106,-31464.158823714824,31464.158823714824,-8952300.066232681,-59190.000772476196,59190.000772476196,-451829.0934007382,0.0,-0.0,-397117.4995601176,0.0,-0.0,17428290.245799977,108911.9442500174,-108911.9442500174,-7794296.921456339,-9560.765126324799,9560.765126324799,0.5204120874404907,0.8410859107971191,0.5166326761245728,0.42106008529663086,8410859.0,271.8763732910156,472.6122741699219,299.5259094238281,-147750000.0,0.0,0.0,52156268.0,0.0,0.0,-123058256.0,-123058256.0,218652000.0,-0.0,0.0,0.85,1.0,-1.0,1.0,True,True,False,,0,0
565200.0,156,0.13705828932588993,False,False,ok,,,True,0.9835000038146973,0.0,1,0.0,0.9835000038146973,0.0,0.0,-1464622.4039884128,14657.964646168395,0.09363728155731665,-14657.964646168395,-0.09363728155731665,156539.83544146415,0.0,0.0,0.13705828932588993,0.03670319977983655,0.07015361494645606,0.03670319977983655,0.0006620089453127003,0.06,1.0,0.04342100776857326,0.055166031698120954,-0.011745023929547696,19.5,3.9,0.039532227046406854,1.0,-7545.100927286671,7545.100927286671,7545.100927286671,0.0,41.160334555052486,0.0,0.18331,0.1875,41.160334555052486,4131.123176843859,-91284.87142773018,0.0,-0.0,-1260522.3178458323,-28103.93138472177,28103.93138472177,-9011319.066524506,-59019.00029182434,59019.00029182434,-451829.0934007382,0.0,-0.0,-397117.4995601176,0.0,-0.0,17537616.243049983,109325.9972500056,-109325.9972500056,-7790165.798279495,-7545.100927286671,7545.100927286671,0.5204120874404907,0.8439149856567383,0.5166326761245728,0.42106008529663086,8439150.0,272.7908630371094,472.6122741699219,299.5259094238281,-147525008.0,0.0,0.0,41160336.0,0.0,0.0,-99403544.0,-99403544.0,205768208.0,-0.0,0.0,0.8350000143051147,1.0,-1.0,1.0,True,True,False,,0,0
568800.0,157,0.1897172457343557,False,False,ok,,,True,0.9833499789237976,0.0,1,0.0,0.9833499789237976,0.0,0.0,-1439344.840000423,24427.25759931981,0.1560449934703939,-24427.25759931981,-0.1560449934703939,156539.83544146415,0.0,0.0,0.1897172457343557,0.034468097604959114,0.06791851277157862,0.034468097604959114,0.0006398032695330911,0.06,1.0,0.033672252263961776,0.044702043497548694,-0.011029791233586916,20.0,4.0,0.03670319977983655,1.0,1842.2114981436318,-1842.2114981436318,0.0,1842.2114981436318,0.0,9.82512799009937,0.18331,0.1875,-9.82512799009937,2692.51788681373,-91284.87142773018,0.0,-0.0,-1281819.4786598834,-21297.16081405105,21297.16081405105,-9070320.965409279,-59001.898884773254,59001.898884773254,-451829.0934007382,0.0,-0.0,-397117.4995601176,0.0,-0.0,17640500.34885,102884.10580001771,-102884.10580001771,-7787473.280392681,1842.2114981436318,-1842.2114981436318,0.5204120874404907,0.8461500406265259,0.5166326761245728,0.42106008529663086,8461501.0,273.5133361816406,472.6122741699219,299.5259094238281,-147502496.0,0.0,0.0,-9825128.0,0.0,0.0,-67732864.0,-67732864.0,225060480.0,-0.0,0.0,0.8335000038146972,1.0,-1.0,1.0,True,True,False,,0,0
572400.0,158,0.33961358527991803,False,False,ok,,,True,1.0,0.0,1,0.0,1.0,0.0,0.0,-1414832.2168692818,52714.25040953452,0.33674655566663264,-52714.25040953452,-0.33674655566663264,156539.83544146415,0.0,0.0,0.33961358527991803,0.03380062302057524,0.06725103818719474,0.03380062302057524,0.0006351093249636513,0.06,1.0,0.002867029613285379,0.013683228979869455,-0.010816199366584076,20.5,4.1,0.034468097604959114,1.0,12275.979179054817,-12275.979179054817,0.0,12275.979179054817,0.0,65.47188895495903,0.28359,0.1875,-65.47188895495903,-15925.648099338636,-91284.87142773018,0.0,-0.0,-1294011.3515058616,-12191.872845978243,12191.872845978243,-9130221.065282822,-59900.099873542786,59900.099873542786,-451829.0934007382,0.0,-0.0,-397117.4995601176,0.0,-0.0,17753030.592800003,112530.2439500019,-112530.2439500019,-7803398.92849202,12275.979179054817,-12275.979179054817,0.5204120874404907,0.8468175530433655,0.5166326761245728,0.42106008529663086,8468175.0,273.7290954589844,472.6122741699219,299.5259094238281,-150000000.0,0.0,0.0,-65471888.0,0.0,0.0,-25373752.0,-25373752.0,240845648.0,-0.0,0.0,0.8333499789237976,1.0,-1.0,1.0,True,True,False,,0,0
576000.0,159,0.4047407488140762,False,False,ok,,,True,1.0,0.0,1,0.0,1.0,0.0,0.0,-1404013.637073915,69515.9529292015,0.44407835700834125,-69515.9529292015,-0.44407835700834125,156539.83544146415,0.0,0.0,0.4047407488140762,0.03513840017009123,0.06858881533671074,0.03513840017009123,0.0006454138170335738,0.06,1.0,-0.03933760819426509,-0.028093320139835898,-0.011244288054429195,21.0,4.2,0.03380062302057524,1.0,12595.378068749997,-12595.378068749997,0.0,12595.378068749997,0.0,67.17534969999998,0.63457,0.1875,-67.17534969999998,-46101.99506508466,-91284.87142773018,0.0,-0.0,-1297513.5971454096,-3502.2456395479385,3502.2456395479385,-9190221.065282822,-60000.0,60000.0,-451829.0934007382,0.0,-0.0,-397117.4995601176,0.0,-0.0,17873453.41329999,120422.82049998641,-120422.82049998641,-7849500.923557105,12595.378068749997,-12595.378068749997,0.5204120874404907,0.8454797863960266,0.5166326761245728,0.42106008529663086,8454798.0,273.2966613769531,472.6122741699219,299.5259094238281,-150000000.0,0.0,0.0,-67175352.0,0.0,0.0,-0.0,-0.0,217175344.0,-0.0,0.0,0.85,1.0,-1.0,1.0,True,True,False,,0,0
579600.0,160,0.3349131989867158,False,False,ok,,,True,1.0,0.0,1,0.0,1.0,0.0,0.0,-1395731.1720439158,62636.451687499604,0.4001310689439278,-62636.451687499604,-0.4001310689439278,156539.83544146415,0.0,0.0,0.3349131989867158,0.03761198320871556,0.07106239837533507,0.03761198320871556,0.0006738947936621779,0.06,1.0,-0.06521786995721202,-0.05318203533042304,-0.012035834626788979,21.5,4.3,0.03513840017009123,1.0,14048.776837500003,-14048.776837500003,0.0,14048.776837500003,0.0,74.92680980000002,1.13597,0.1875,-74.92680980000002,-40305.209820000455,-91284.87142773018,0.0,-0.0,-1297513.5971454096,0.0,-0.0,-9250221.065282822,-60000.0,60000.0,-451829.0934007382,0.0,-0.0,-397117.4995601176,0.0,-0.0,17982041.08814999,108587.67485000193,-108587.67485000193,-7889806.133377105,14048.776837500003,-14048.776837500003,0.5204120874404907,0.8430061936378479,0.5166326761245728,0.42106008529663086,8430062.0,272.4971008300781,472.6122741699219,299.5259094238281,-150000000.0,0.0,0.0,-74926808.0,0.0,0.0,-0.0,-0.0,224926816.0,-0.0,0.0,0.85,1.0,-1.0,1.0,True,True,False,,0,0
583200.0,161,0.33421471319012463,False,False,ok,,,True,1.0,0.0,1,0.0,1.0,0.0,0.0,-1388223.8530239156,62944.87973124857,0.40210135365055955,-62944.87973124857,-0.40210135365055955,156539.83544146415,0.0,0.0,0.33421471319012463,0.04011425945574271,0.07356467462236221,0.04011425945574271,0.0007151571200330008,0.06,1.0,-0.06788664046043488,-0.05505007743459722,-0.012836563025837666,22.0,4.4,0.03761198320871556,1.0,10481.474831249998,-10481.474831249998,0.0,10481.474831249998,0.0,55.90119909999999,1.13597,0.1875,-55.90119909999999,-44956.08587999828,-91284.87142773018,0.0,-0.0,-1297513.5971454096,0.0,-0.0,-9310221.065282822,-60000.0,60000.0,-451829.0934007382,0.0,-0.0,-397117.4995601176,0.0,-0.0,18094504.493049975,112463.4048999846,-112463.4048999846,-7934762.219257103,10481.474831249998,-10481.474831249998,0.5204120874404907,0.8405039310455322,0.5166326761245728,0.42106008529663086,8405039.0,271.688232421875,472.6122741699219,299.5259094238281,-150000000.0,0.0,0.0,-55901200.0,0.0,0.0,-0.0,-0.0,205901200.0,-0.0,0.0,0.85,1.0,-1.0,1.0,True,True,False,,0,0
586800.0,162,0.3036596296479366,False,False,ok,,,True,1.0,0.0,1,0.0,1.0,0.0,0.0,-1378813.972933916,57721.06836874713,0.368730861419176,-57721.06836874713,-0.368730861419176,156539.83544146415,0.0,0.0,0.3036596296479366,0.04240324581618976,0.07585366098280927,0.04240324581618976,0.0007638694487418726,0.06,1.0,-0.06507123177123944,-0.051502193110058714,-0.013569038661180723,22.5,4.5,0.04011425945574271,1.0,14770.468818749996,-14770.468818749996,0.0,14770.468818749996,0.0,78.77583369999998,1.13597,0.1875,-78.77583369999998,-33540.71945999749,-91284.87142773018,0.0,-0.0,-1297513.5971454096,0.0,-0.0,-9370221.065282822,-60000.0,60000.0,-451829.0934007382,0.0,-0.0,-397117.4995601176,0.0,-0.0,18197455.092599984,102950.59955000877,-102950.59955000877,-7968302.938717101,14770.468818749996,-14770.468818749996,0.5204120874404907,0.8382149338722229,0.5166326761245728,0.42106008529663086,8382149.0,270.9483337402344,472.6122741699219,299.5259094238281,-150000000.0,0.0,0.0,-78775832.0,0.0,0.0,-0.0,-0.0,228775840.0,-0.0,0.0,0.85,1.0,-1.0,1.0,True,True,False,,0,0
590400.0,163,0.3715831676547982,False,False,ok,,,True,1.0,0.0,1,0.0,1.0,0.0,0.0,-1371691.556303915,68595.39415625528,0.43819768918759056,-68595.39415625528,-0.43819768918759056,156539.83544146415,0.0,0.0,0.3715831676547982,0.04467792346934635,0.07812833863596585,0.04467792346934635,0.0008226581358363734,0.06,1.0,-0.06661452153279233,-0.0523175860226015,-0.01429693551019083,23.0,4.6,0.04240324581618976,1.0,14207.477306250003,-14207.477306250003,0.0,14207.477306250003,0.0,75.77321230000001,0.98555,0.1875,-75.77321230000001,-47265.50022000447,-91284.87142773018,0.0,-0.0,-1297513.5971454096,0.0,-0.0,-9430221.065282822,-60000.0,60000.0,-451829.0934007382,0.0,-0.0,-397117.4995601176,0.0,-0.0,18311843.009449985,114387.91685000062,-114387.91685000062,-8015568.438937105,14207.477306250003,-14207.477306250003,0.5204120874404907,0.8359402418136597,0.5166326761245728,0.42106008529663086,8359402.5,270.21307373046875,472.6122741699219,299.5259094238281,-150000000.0,0.0,0.0,-75773216.0,0.0,0.0,-0.0,-0.0,225773216.0,-0.0,0.0,0.85,1.0,-1.0,1.0,True,True,False,,0,0
594000.0,164,0.3486629051301027,False,False,ok,,,True,1.0,0.0,1,0.0,1.0,0.0,0.0,-1364268.877533916,65592.32502499477,0.41901363215321696,-65592.32502499477,-0.41901363215321696,156539.83544146415,0.0,0.0,0.3486629051301027,0.047031147294406106,0.08048156246102561,0.047031147294406106,0.0008943673244399596,0.06,1.0,-0.07035072702311428,-0.055300759888904316,-0.015049967134209955,23.5,4.7,0.04467792346934635,1.0,12705.718875,-12705.718875,0.0,12705.718875,0.0,67.763834,0.98555,0.1875,-67.763834,-45463.927379995584,-91284.87142773018,0.0,-0.0,-1297513.5971454096,0.0,-0.0,-9490221.065282822,-60000.0,60000.0,-451829.0934007382,0.0,-0.0,-397117.4995601176,0.0,-0.0,18424729.615599994,112886.60615000874,-112886.60615000874,-8061032.366317101,12705.718875,-12705.718875,0.5204120874404907,0.8335869908332825,0.5166326761245728,0.42106008529663086,8335870.0,269.452392578125,472.6122741699219,299.5259094238281,-150000000.0,0.0,0.0,-67763832.0,0.0,0.0,-0.0,-0.0,217763840.0,-0.0,0.0,0.85,1.0,-1.0,1.0,True,True,False,,0,0
597600.0,165,0.3520724830801474,False,False,ok,,,True,1.0,0.0,1,0.0,1.0,0.0,0.0,-1356045.2609339166,66350.81323750316,0.42385896887130753,-66350.81323750316,-0.42385896887130753,156539.83544146415,0.0,0.0,0.3520724830801474,0.04936406335760307,0.08281447852422258,0.04936406335760307,0.0009763900508226407,0.06,1.0,-0.07178648579116016,-0.05598998551672718,-0.015796500274432985,24.0,4.8,0.047031147294406106,1.0,17468.896237499997,-17468.896237499997,0.0,17468.896237499997,0.0,93.16744659999999,0.63457,0.1875,-93.16744659999999,-40658.30040000379,-91284.87142773018,0.0,-0.0,-1297513.5971454096,0.0,-0.0,-9550221.065282822,-60000.0,60000.0,-451829.0934007382,0.0,-0.0,-397117.4995601176,0.0,-0.0,18533611.532599997,108881.91700000316,-108881.91700000316,-8101690.666717105,17468.896237499997,-17468.896237499997,0.5204120874404907,0.8312541246414185,0.5166326761245728,0.42106008529663086,8312541.0,268.69830322265625,472.6122741699219,299.5259094238281,-150000000.0,0.0,0.0,-93167448.0,0.0,0.0,-0.0,-0.0,243167440.0,-0.0,0.0,0.85,1.0,-1.0,1.0,False,True,False,,0,0
601200.0,166,0.3931224016373208,False,False,ok,,,True,1.0,0.0,1,0.0,1.0,0.0,0.0,-1350362.005593916,74183.86375624692,0.47389767305579494,-74183.86375624692,-0.47389767305579494,156539.83544146415,0.0,0.0,0.3931224016373208,0.05198206380659748,0.08543247897321699,0.05198206380659748,0.0010813975278463346,0.06,1.0,-0.08077527141847415,-0.06414101100036296,-0.016634260418111193,24.5,4.9,0.04936406335760307,1.0,12600.14045625,-12600.14045625,0.0,12600.14045625,0.0,67.2007491,0.63457,0.1875,-67.2007491,-55900.46795999631,-91284.87142773018,0.0,-0.0,-1297513.5971454096,0.0,-0.0,-9610221.065282822,-60000.0,60000.0,-451829.0934007382,0.0,-0.0,-397117.4995601176,0.0,-0.0,18655195.255899984,121583.72329998761,-121583.72329998761,-8157591.134677101,12600.14045625,-12600.14045625,0.5204120874404907,0.828636109828949,0.5166326761245728,0.42106008529663086,8286361.0,267.8520202636719,472.6122741699219,299.5259094238281,-150000000.0,0.0,0.0,-67200752.0,0.0,0.0,-0.0,-0.0,217200752.0,-0.0,0.0,0.85,1.0,-1.0,1.0,False,True,False,,0,0
604800.0,167,15.31013618279062,False,True,ok,,,True,1.0,0.0,1,0.0,1.0,0.0,0.0,-1342082.080503916,62258.63750624983,0.39771753516075825,-62258.63750624983,-0.39771753516075825,156539.83544146415,0.0,15.0,15.31013618279062,0.054784081656203576,0.08823449682282308,0.054784081656203576,0.001208972894206733,0.06,1.0,-0.08758135237013759,-0.07005044624015244,-0.017530906129985143,25.0,5.0,0.05198206380659748,1.0,13658.262956249997,-13658.262956249997,0.0,13658.262956249997,0.0,72.84406909999998,0.63457,0.1875,-72.84406909999998,-40320.4494599998,-91284.87142773018,0.0,-0.0,-1297513.5971454096,0.0,-0.0,-9670221.065282822,-60000.0,60000.0,-451829.0934007382,0.0,-0.0,-397117.4995601176,0.0,-0.0,18763795.630449984,108600.37454999983,-108600.37454999983,-8197911.584137101,13658.262956249997,-13658.262956249997,0.5204120874404907,0.8258340954780579,0.5166326761245728,0.42106008529663086,8258341.0,266.9462890625,472.6122741699219,299.5259094238281,-150000000.0,0.0,0.0,-72844072.0,0.0,0.0,-0.0,-0.0,222844064.0,-0.0,0.0,0.85,1.0,-1.0,1.0,False,True,False,,0,0
