time,value
0,256.48
3600,256.05
7200,255.76
10800,255.4
14400,255.16
18000,255.06
21600,254.97
25200,255.16
28800,257.06
32400,259.99
36000,263.41
39600,266.22
43200,268.73
46800,270.16
50400,270.66
54000,269.88
57600,266.66
61200,265.21
64800,264.47
68400,262.97
72000,261.77
75600,260.91
79200,260.11
82800,259.32
86400,258.64
90000,258.05
93600,257.51
97200,256.98
100800,256.64
104400,256.47
108000,256.4
111600,257.28
115200,260.89
118800,264.52
122400,267.98
126000,269.61
129600,270.35
133200,270.06
136800,269.07
140400,267.72
144000,265.2
147600,263.01
151200,261.85
154800,261.03
158400,260.44
162000,260.01
165600,259.54
169200,258.85
172800,258.14
176400,257.61
180000,257.24
183600,257.71
187200,258.05
190800,258.2
194400,257.57
198000,258.14
201600,261.59
205200,264.73
208800,267.08
212400,267.77
216000,267.66
219600,267.14
223200,266.45
226800,265.41
230400,263.7
234000,262.13
237600,261.04
241200,260.08
244800,259.4
248400,258.9
252000,259.34
255600,257.86
259200,256.68
262800,255.72
266400,254.88
270000,254.15
273600,253.54
277200,253.01
280800,252.55
284400,253.0
288000,254.61
291600,256.02
295200,257.23
298800,258.05
302400,258.45
306000,258.43
309600,257.77
313200,256.48
316800,254.85
320400,254.0
324000,253.63
327600,252.8
331200,251.99
334800,251.42
338400,250.94
342000,250.63
345600,250.59
349200,250.48
352800,250.28
356400,249.73
360000,249.09
363600,248.6
367200,248.36
370800,249.37
374400,252.39
378000,255.33
381600,257.66
385200,259.55
388800,261.15
392400,262.19
396000,262.6
399600,262.19
403200,259.31
406800,257.34
410400,256.38
414000,255.59
417600,255.05
421200,254.77
424800,254.57
428400,254.48
432000,254.13
435600,254.14
439200,254.06
442800,253.76
446400,253.24
450000,252.69
453600,252.92
457200,253.58
460800,255.8
464400,258.64
468000,263.27
471600,266.05
475200,267.56
478800,268.0
482400,267.2
486000,265.32
489600,262.66
493200,260.48
496800,259.47
500400,258.74
504000,258.23
507600,257.68
511200,256.99
514800,256.35
518400,256.12
522000,256.41
525600,256.28
529200,256.27
532800,255.8
536400,255.05
540000,254.79
543600,255.72
547200,259.59
550800,262.99
554400,266.03
558000,267.59
561600,268.4
565200,268.52
568800,267.74
572400,266.12
576000,263.59
579600,261.27
583200,260.15
586800,259.28
590400,258.53
594000,257.91
597600,257.34
601200,256.73
604800,260.63
608400,260.42
612000,259.98
615600,259.51
619200,259.22
622800,258.98
626400,258.7
630000,258.5
633600,259.77
637200,262.2
640800,265.39
644400,267.77
648000,269.5
651600,270.63
655200,271.03
658800,269.24
662400,265.61
666000,264.09
669600,262.99
673200,261.99
676800,261.17
680400,260.57
684000,260.13
687600,259.75
691200,259.35
694800,258.95
698400,258.6
702000,258.3
705600,258.07
709200,257.95
712800,257.89
716400,258.04
720000,260.84
723600,263.35
727200,266.55
730800,269.59
734400,271.78
738000,272.97
741600,273.26
745200,270.98
748800,267.63
752400,266.08
756000,264.69
759600,263.45
763200,262.52
766800,261.79
770400,261.23
774000,260.76
777600,260.31
781200,259.89
784800,259.52
788400,259.39
792000,259.49
795600,259.55
799200,259.34
802800,259.4
806400,262.02
810000,264.26
813600,266.6
817200,268.53
820800,269.88
824400,270.61
828000,270.73
831600,269.51
835200,266.96
838800,265.09
842400,263.91
846000,262.83
849600,261.97
853200,261.16
856800,260.45
860400,259.89
864000,259.5
867600,259.27
871200,259.09
874800,258.81
878400,258.69
882000,258.8
885600,259.02
889200,259.41
892800,261.35
896400,263.74
900000,265.69
903600,268.64
907200,270.59
910800,271.41
914400,271.6
918000,270.33
921600,267.3
925200,265.86
928800,264.84
932400,264.07
936000,263.54
939600,263.1
943200,262.52
946800,261.93
950400,261.45
954000,261.16
957600,260.75
961200,260.21
964800,259.87
968400,260.02
972000,260.4
975600,261.08
979200,262.95
982800,265.44
986400,268.23
990000,270.42
993600,272.27
997200,273.41
1000800,273.45
1004400,271.45
1008000,267.56
1011600,265.58
1015200,264.2
1018800,263.28
1022400,262.62
1026000,262.09
1029600,261.61
1033200,261.21
1036800,260.99
1040400,261.1
1044000,261.55
1047600,262.0
1051200,262.28
1054800,262.39
1058400,262.13
1062000,261.69
1065600,262.78
1069200,265.7
1072800,268.67
1076400,271.14
1080000,272.91
1083600,273.94
1087200,274.07
1090800,272.13
1094400,268.37
1098000,266.79
1101600,265.73
1105200,264.8
1108800,264.01
1112400,263.45
1116000,262.94
1119600,262.52
1123200,262.33
1126800,262.44
1130400,262.7
1134000,263.05
1137600,263.46
1141200,263.5
1144800,263.2
1148400,262.43
1152000,263.37
1155600,265.71
1159200,268.94
1162800,271.88
1166400,272.7
1170000,271.34
1173600,269.54
1177200,268.66
1180800,267.27
1184400,266.59
1188000,266.31
1191600,266.14
1195200,265.66
1198800,265.26
1202400,264.67
1206000,263.88
1209600,261.28
1213200,261.08
1216800,260.99
1220400,260.87
1224000,260.56
1227600,260.27
1231200,260.14
1234800,260.95
1238400,263.24
1242000,265.92
1245600,268.37
1249200,270.13
1252800,271.53
1256400,272.34
1260000,272.67
1263600,272.22
1267200,269.88
1270800,269.05
1274400,268.69
1278000,267.74
1281600,266.98
1285200,266.55
1288800,266.2
1292400,265.83
1296000,265.51
1299600,265.16
1303200,264.9
1306800,264.88
1310400,264.86
1314000,264.52
1317600,264.38
1321200,265.48
1324800,268.12
1328400,271.01
1332000,273.63
1335600,275.88
1339200,277.15
1342800,277.53
1346400,277.1
1350000,274.95
1353600,271.37
1357200,270.53
1360800,270.38
1364400,270.11
1368000,269.83
1371600,269.68
1375200,269.04
1378800,268.23
1382400,267.75
1386000,267.59
1389600,267.46
1393200,267.74
1396800,268.28
1400400,268.72
1404000,269.14
1407600,269.85
1411200,271.84
1414800,275.51
1418400,278.66
1422000,279.75
1425600,279.55
1429200,279.22
1432800,278.53
1436400,276.81
1440000,273.55
1443600,272.14
1447200,271.8
1450800,271.54
1454400,271.39
1458000,271.67
1461600,271.53
1465200,271.05
1468800,270.66
1472400,270.37
1476000,270.22
1479600,270.08
1483200,269.72
1486800,268.85
1490400,267.77
1494000,267.48
1497600,268.84
1501200,270.36
1504800,271.67
1508400,272.3
1512000,272.51
1515600,272.39
1519200,271.91
1522800,271.0
1526400,269.09
1530000,268.37
1533600,268.91
1537200,267.95
1540800,266.49
1544400,265.87
1548000,265.53
1551600,265.13
1555200,264.76
1558800,264.39
1562400,264.12
1566000,263.92
1569600,263.78
1573200,263.67
1576800,263.58
1580400,264.44
1584000,267.9
1587600,270.65
1591200,271.3
1594800,271.05
1598400,270.59
1602000,269.97
1605600,269.45
1609200,268.65
1612800,267.09
1616400,265.58
1620000,264.27
1623600,263.14
1627200,262.38
1630800,261.8
1634400,261.38
1638000,260.97
1641600,260.57
1645200,260.21
1648800,259.89
1652400,259.63
1656000,259.43
1659600,259.32
1663200,259.27
1666800,260.06
1670400,262.73
1674000,265.89
1677600,268.3
1681200,269.88
1684800,270.96
1688400,271.35
1692000,271.03
1695600,270.08
1699200,268.25
1702800,266.59
1706400,265.49
1710000,264.66
1713600,264.02
1717200,263.49
1720800,263.06
1724400,262.72
1728000,262.42
1731600,262.14
1735200,261.87
1738800,261.63
1742400,261.45
1746000,261.34
1749600,261.28
1753200,261.95
1756800,264.98
1760400,268.34
1764000,270.98
1767600,272.26
1771200,272.89
1774800,272.8
1778400,272.02
1782000,270.75
1785600,268.77
1789200,267.58
1792800,266.55
1796400,266.05
1800000,265.41
1803600,264.57
1807200,263.88
1810800,263.4
1814400,256.05
1818000,255.41
1821600,254.89
1825200,254.52
1828800,254.25
1832400,253.98
1836000,253.7
1839600,254.83
1843200,258.3
1846800,261.62
1850400,264.99
1854000,266.96
1857600,268.01
1861200,268.33
1864800,267.81
1868400,266.48
1872000,263.81
1875600,261.28
1879200,260.2
1882800,259.52
1886400,259.02
1890000,258.61
1893600,258.22
1897200,257.77
1900800,257.35
1904400,256.95
1908000,256.63
1911600,256.32
1915200,255.99
1918800,255.7
1922400,255.51
1926000,256.6
1929600,259.16
1933200,263.22
1936800,267.7
1940400,270.69
1944000,272.4
1947600,272.98
1951200,272.59
1954800,271.1
1958400,268.44
1962000,266.41
1965600,265.83
1969200,265.52
1972800,265.03
1976400,264.38
1980000,263.4
1983600,262.71
1987200,262.19
1990800,261.77
1994400,261.35
1998000,260.86
2001600,260.29
2005200,259.68
2008800,259.23
2012400,260.3
2016000,263.48
2019600,266.43
2023200,270.6
2026800,273.92
2030400,275.73
2034000,276.34
2037600,276.15
2041200,274.81
2044800,270.58
2048400,267.95
2052000,266.54
2055600,265.5
2059200,264.76
2062800,264.21
2066400,263.67
2070000,263.07
2073600,262.55
2077200,262.03
2080800,261.51
2084400,261.01
2088000,260.52
2091600,260.13
2095200,259.87
2098800,261.12
2102400,264.75
2106000,267.91
2109600,272.23
2113200,275.99
2116800,278.59
2120400,279.86
2124000,279.73
2127600,276.81
2131200,272.83
2134800,271.11
2138400,269.54
2142000,268.38
2145600,267.8
2149200,267.22
2152800,266.64
2156400,266.07
2160000,265.48
2163600,264.62
2167200,263.88
2170800,263.24
2174400,263.34
2178000,263.15
2181600,262.93
2185200,263.92
2188800,267.84
2192400,271.09
2196000,273.18
2199600,274.41
2203200,275.21
2206800,275.42
2210400,274.82
2214000,273.15
2217600,270.93
2221200,269.55
2224800,268.66
2228400,267.77
2232000,267.14
2235600,266.52
2239200,265.87
2242800,265.25
2246400,264.73
2250000,264.35
2253600,264.03
2257200,263.67
2260800,263.27
2264400,262.89
2268000,262.13
2271600,262.48
2275200,265.05
2278800,267.41
2282400,268.7
2286000,269.7
2289600,270.45
2293200,270.88
2296800,270.87
2300400,270.41
2304000,269.51
2307600,268.47
2311200,267.95
2314800,267.48
2318400,267.05
2322000,266.7
2325600,266.48
2329200,266.27
2332800,266.15
2336400,266.22
2340000,266.11
2343600,265.56
2347200,265.05
2350800,264.91
2354400,265.18
2358000,266.03
2361600,267.15
2365200,269.27
2368800,271.24
2372400,272.67
2376000,273.66
2379600,274.2
2383200,274.35
2386800,273.88
2390400,271.3
2394000,270.11
2397600,269.65
2401200,268.87
2404800,267.94
2408400,266.52
2412000,264.91
2415600,263.93
2419200,258.13
2422800,257.43
2426400,256.92
2430000,256.57
2433600,256.32
2437200,256.12
2440800,255.9
2444400,256.23
2448000,258.01
2451600,259.84
2455200,260.52
2458800,260.23
2462400,259.89
2466000,259.72
2469600,259.27
2473200,258.36
2476800,257.31
2480400,256.84
2484000,256.58
2487600,256.44
2491200,256.33
2494800,256.03
2498400,255.36
2502000,254.7
2505600,254.44
2509200,254.39
2512800,254.34
2516400,254.42
2520000,254.75
2523600,255.16
2527200,255.48
2530800,255.71
2534400,257.52
2538000,260.65
2541600,263.29
2545200,264.89
2548800,265.98
2552400,266.57
2556000,266.54
2559600,265.71
2563200,263.7
2566800,262.31
2570400,261.61
2574000,261.11
2577600,260.64
2581200,260.2
2584800,259.87
2588400,259.59
2592000,259.3
2595600,258.98
2599200,258.62
2602800,258.23
2606400,257.95
2610000,257.84
2613600,257.69
2617200,257.86
2620800,260.55
2624400,263.64
2628000,267.73
2631600,271.09
2635200,273.16
2638800,274.12
2642400,273.78
2646000,271.26
2649600,267.05
2653200,265.02
2656800,263.8
2660400,262.98
2664000,262.41
2667600,261.97
2671200,261.58
2674800,261.19
2678400,260.81
2682000,260.44
2685600,260.09
2689200,259.79
2692800,259.53
2696400,259.29
2700000,259.07
2703600,259.16
2707200,261.73
2710800,264.53
2714400,267.73
2718000,269.73
2721600,270.74
2725200,271.0
2728800,270.48
2732400,268.88
2736000,266.3
2739600,264.66
2743200,263.87
2746800,263.56
2750400,263.59
2754000,264.01
2757600,263.87
2761200,263.35
2764800,263.01
2768400,262.52
2772000,262.0
2775600,261.78
2779200,261.43
2782800,261.3
2786400,261.69
2790000,262.11
2793600,263.19
2797200,265.43
2800800,267.45
2804400,268.37
2808000,268.73
2811600,268.71
2815200,268.2
2818800,267.01
2822400,264.51
2826000,262.92
2829600,262.17
2833200,261.7
2836800,261.65
2840400,262.23
2844000,263.06
2847600,263.2
2851200,263.18
2854800,263.27
2858400,263.43
2862000,263.39
2865600,262.83
2869200,262.47
2872800,262.41
2876400,262.59
2880000,264.39
2883600,266.48
2887200,267.57
2890800,268.0
2894400,268.12
2898000,267.91
2901600,267.38
2905200,266.34
2908800,264.1
2912400,262.8
2916000,263.0
2919600,263.12
2923200,262.84
2926800,262.42
2930400,261.88
2934000,261.24
2937600,260.72
2941200,260.48
2944800,260.38
2948400,260.32
2952000,260.26
2955600,260.16
2959200,260.09
2962800,260.38
2966400,263.6
2970000,266.34
2973600,269.52
2977200,272.94
2980800,274.78
2984400,275.7
2988000,275.66
2991600,273.73
2995200,271.73
2998800,270.2
3002400,268.62
3006000,267.33
3009600,266.42
3013200,265.87
3016800,265.31
3020400,264.61
3024000,275.13
3027600,274.57
3031200,274.4
3034800,274.58
3038400,274.36
3042000,274.48
3045600,274.61
3049200,276.61
3052800,279.22
3056400,281.69
3060000,283.51
3063600,284.59
3067200,285.14
3070800,285.28
3074400,284.94
3078000,284.17
3081600,282.45
3085200,279.41
3088800,278.41
3092400,277.68
3096000,277.09
3099600,276.54
3103200,275.95
3106800,275.3
3110400,274.69
3114000,274.2
3117600,273.8
3121200,273.34
3124800,272.92
3128400,274.98
3132000,276.63
3135600,278.21
3139200,279.87
3142800,281.82
3146400,284.63
3150000,286.69
3153600,287.54
3157200,287.77
3160800,287.55
3164400,286.82
3168000,284.24
3171600,281.45
3175200,280.68
3178800,280.07
3182400,279.11
3186000,277.39
3189600,275.47
3193200,274.4
3196800,273.71
3200400,273.2
3204000,272.99
3207600,272.93
3211200,272.86
3214800,272.49
3218400,271.81
3222000,271.06
3225600,271.7
3229200,272.76
3232800,273.76
3236400,274.55
3240000,274.96
3243600,275.03
3247200,274.87
3250800,274.38
3254400,273.32
3258000,271.76
3261600,270.42
3265200,269.02
3268800,268.13
3272400,267.48
3276000,266.93
3279600,266.46
3283200,266.27
3286800,266.11
3290400,266.04
3294000,266.13
3297600,266.48
3301200,266.87
3304800,267.13
3308400,268.77
3312000,272.02
3315600,274.97
3319200,276.77
3322800,277.94
3326400,278.84
3330000,279.39
3333600,279.39
3337200,278.76
3340800,275.09
3344400,272.23
3348000,271.81
3351600,271.09
3355200,270.36
3358800,269.84
3362400,269.58
3366000,269.55
3369600,269.43
3373200,269.18
3376800,269.09
3380400,268.97
3384000,268.88
3387600,268.83
3391200,268.75
3394800,271.02
3398400,274.55
3402000,278.16
3405600,280.37
3409200,281.53
3412800,282.02
3416400,281.55
3420000,280.27
3423600,278.53
3427200,276.77
3430800,275.09
3434400,273.35
3438000,272.15
3441600,271.77
3445200,271.4
3448800,270.8
3452400,269.67
3456000,268.61
3459600,267.91
3463200,267.55
3466800,267.26
3470400,267.08
3474000,267.04
3477600,267.11
3481200,269.37
3484800,272.73
3488400,275.55
3492000,276.78
3495600,277.45
3499200,277.77
3502800,277.37
3506400,276.2
3510000,274.59
3513600,272.26
3517200,269.18
3520800,268.18
3524400,267.33
3528000,266.6
3531600,266.13
3535200,265.84
3538800,265.65
3542400,265.53
3546000,265.45
3549600,265.36
3553200,265.28
3556800,265.29
3560400,265.37
3564000,265.5
3567600,266.81
3571200,268.7
3574800,270.45
3578400,272.05
3582000,273.48
3585600,274.55
3589200,274.92
3592800,274.48
3596400,273.12
3600000,270.17
3603600,268.32
3607200,268.13
3610800,267.45
3614400,266.73
3618000,266.26
3621600,266.14
3625200,266.23
3628800,258.13
3632400,257.43
3636000,256.92
3639600,256.57
3643200,256.32
3646800,256.12
3650400,255.9
3654000,256.23
3657600,258.01
3661200,259.84
3664800,260.52
3668400,260.23
3672000,259.89
3675600,259.72
3679200,259.27
3682800,258.36
3686400,257.31
3690000,256.84
3693600,256.58
3697200,256.44
3700800,256.33
3704400,256.03
3708000,255.36
3711600,254.7
3715200,254.44
3718800,254.39
3722400,254.34
3726000,254.42
3729600,254.75
3733200,255.16
3736800,255.48
3740400,255.71
3744000,257.52
3747600,260.65
3751200,263.29
3754800,264.89
3758400,265.98
3762000,266.57
3765600,266.54
3769200,265.71
3772800,263.7
3776400,262.31
3780000,261.61
3783600,261.11
3787200,260.64
3790800,260.2
3794400,259.87
3798000,259.59
3801600,259.3
3805200,258.98
3808800,258.62
3812400,258.23
3816000,257.95
3819600,257.84
3823200,257.69
3826800,257.86
3830400,260.55
3834000,263.64
3837600,267.73
3841200,271.09
3844800,273.16
3848400,274.12
3852000,273.78
3855600,271.26
3859200,267.05
3862800,265.02
3866400,263.8
3870000,262.98
3873600,262.41
3877200,261.97
3880800,261.58
3884400,261.19
3888000,260.81
3891600,260.44
3895200,260.09
3898800,259.79
3902400,259.53
3906000,259.29
3909600,259.07
3913200,259.16
3916800,261.73
3920400,264.53
3924000,267.73
3927600,269.73
3931200,270.74
3934800,271.0
3938400,270.48
3942000,268.88
3945600,266.3
3949200,264.66
3952800,263.87
3956400,263.56
3960000,263.59
3963600,264.01
3967200,263.87
3970800,263.35
3974400,263.01
3978000,262.52
3981600,262.0
3985200,261.78
3988800,261.43
3992400,261.3
3996000,261.69
3999600,262.11
4003200,263.19
4006800,265.43
4010400,267.45
4014000,268.37
4017600,268.73
4021200,268.71
4024800,268.2
4028400,267.01
4032000,264.51
4035600,262.92
4039200,262.17
4042800,261.7
4046400,261.65
4050000,262.23
4053600,263.06
4057200,263.2
4060800,263.18
4064400,263.27
4068000,263.43
4071600,263.39
4075200,262.83
4078800,262.47
4082400,262.41
4086000,262.59
4089600,264.39
4093200,266.48
4096800,267.57
4100400,268.0
4104000,268.12
4107600,267.91
4111200,267.38
4114800,266.34
4118400,264.1
4122000,262.8
4125600,263.0
4129200,263.12
4132800,262.84
4136400,262.42
4140000,261.88
4143600,261.24
4147200,260.72
4150800,260.48
4154400,260.38
4158000,260.32
4161600,260.26
4165200,260.16
4168800,260.09
4172400,260.38
4176000,263.6
4179600,266.34
4183200,269.52
4186800,272.94
4190400,274.78
4194000,275.7
4197600,275.66
4201200,273.73
4204800,271.73
4208400,270.2
4212000,268.62
4215600,267.33
4219200,266.42
4222800,265.87
4226400,265.31
4230000,264.61
4233600,263.2
4237200,262.52
4240800,261.84
4244400,261.16
4248000,260.55
4251600,260.16
4255200,259.91
4258800,260.2
4262400,263.13
4266000,266.2
4269600,270.27
4273200,273.13
4276800,274.82
4280400,275.58
4284000,275.47
4287600,273.52
4291200,269.89
4294800,268.55
4298400,267.73
4302000,267.1
4305600,266.7
4309200,266.77
4312800,266.38
4316400,265.92
4320000,266.23
4323600,267.04
4327200,267.38
4330800,267.39
4334400,267.11
4338000,266.64
4341600,266.34
4345200,266.31
4348800,267.66
4352400,269.81
4356000,272.2
4359600,274.89
4363200,277.13
4366800,278.68
4370400,277.82
4374000,275.36
4377600,273.44
4381200,272.59
4384800,271.41
4388400,270.13
4392000,269.13
4395600,268.38
4399200,267.76
4402800,267.34
4406400,267.06
4410000,266.84
4413600,266.68
4417200,266.55
4420800,266.68
4424400,266.92
4428000,266.69
4431600,266.56
4435200,268.74
4438800,271.51
4442400,273.25
4446000,274.69
4449600,275.97
4453200,277.49
4456800,277.81
4460400,275.57
4464000,273.35
4467600,272.73
4471200,272.6
4474800,272.28
4478400,271.96
4482000,271.62
4485600,271.13
4489200,270.23
4492800,268.73
4496400,267.16
4500000,266.13
4503600,265.55
4507200,265.16
4510800,264.8
4514400,264.63
4518000,264.98
4521600,267.87
4525200,270.35
4528800,272.66
4532400,275.02
4536000,276.77
4539600,277.2
4543200,277.08
4546800,275.52
4550400,274.17
4554000,273.97
4557600,273.84
4561200,273.49
4564800,273.13
4568400,272.77
4572000,272.25
4575600,271.59
4579200,271.29
4582800,270.98
4586400,270.15
4590000,269.33
4593600,267.98
4597200,266.28
4600800,264.98
4604400,264.58
4608000,267.45
4611600,270.24
4615200,272.47
4618800,274.23
4622400,275.88
4626000,276.73
4629600,276.63
4633200,274.47
4636800,272.98
4640400,272.71
4644000,272.67
4647600,272.13
4651200,271.69
4654800,271.4
4658400,271.21
4662000,270.88
4665600,270.14
4669200,269.2
4672800,268.41
4676400,267.8
4680000,267.26
4683600,266.79
4687200,266.55
4690800,266.55
4694400,267.68
4698000,268.84
4701600,271.09
4705200,273.27
4708800,274.85
4712400,275.71
4716000,275.7
4719600,274.15
4723200,272.47
4726800,272.18
4730400,272.21
4734000,271.91
4737600,271.59
4741200,271.41
4744800,271.41
4748400,271.14
4752000,270.65
4755600,269.83
4759200,269.17
4762800,268.93
4766400,268.5
4770000,268.21
4773600,268.09
4777200,267.67
4780800,269.26
4784400,272.33
4788000,274.8
4791600,276.44
4795200,277.12
4798800,277.37
4802400,277.32
4806000,276.05
4809600,272.9
4813200,271.5
4816800,271.55
4820400,270.91
4824000,270.3
4827600,269.8
4831200,269.04
4834800,267.78
4838400,263.9
4842000,263.26
4845600,262.63
4849200,262.04
4852800,261.55
4856400,261.2
4860000,261.0
4863600,261.27
4867200,264.26
4870800,267.3
4874400,269.11
4878000,270.26
4881600,271.81
4885200,272.41
4888800,272.39
4892400,271.48
4896000,269.02
4899600,268.0
4903200,267.48
4906800,267.13
4910400,266.88
4914000,266.63
4917600,266.41
4921200,266.2
4924800,265.98
4928400,265.91
4932000,265.38
4935600,264.67
4939200,263.72
4942800,262.73
4946400,261.84
4950000,261.39
4953600,263.42
4957200,265.52
4960800,267.67
4964400,269.85
4968000,272.12
4971600,272.83
4975200,272.87
4978800,272.09
4982400,270.8
4986000,270.66
4989600,270.25
4993200,268.6
4996800,267.73
5000400,267.42
5004000,266.81
5007600,266.39
5011200,266.14
5014800,265.74
5018400,265.21
5022000,263.7
5025600,262.39
5029200,261.55
5032800,260.91
5036400,260.8
5040000,263.05
5043600,265.63
5047200,267.56
5050800,268.63
5054400,269.2
5058000,269.14
5061600,268.45
5065200,267.1
5068800,264.64
5072400,262.96
5076000,261.98
5079600,261.21
5083200,260.55
5086800,259.98
5090400,259.41
5094000,258.91
5097600,258.48
5101200,258.09
5104800,257.73
5108400,257.41
5112000,257.23
5115600,257.24
5119200,257.39
5122800,257.82
5126400,260.34
5130000,263.21
5133600,265.75
5137200,267.34
5140800,268.46
5144400,268.99
5148000,268.74
5151600,267.28
5155200,264.58
5158800,262.96
5162400,262.18
5166000,261.71
5169600,260.92
5173200,259.63
5176800,258.8
5180400,258.2
5184000,257.68
5187600,257.23
5191200,256.85
5194800,256.53
5198400,256.29
5202000,256.2
5205600,256.2
5209200,256.51
5212800,259.49
5216400,262.48
5220000,265.0
5223600,266.55
5227200,267.67
5230800,268.29
5234400,268.29
5238000,267.2
5241600,264.02
5245200,262.51
5248800,261.28
5252400,260.18
5256000,259.34
5259600,258.73
5263200,258.26
5266800,257.88
5270400,257.58
5274000,257.34
5277600,257.18
5281200,257.14
5284800,257.05
5288400,256.93
5292000,256.88
5295600,257.41
5299200,260.2
5302800,262.38
5306400,265.14
5310000,267.14
5313600,268.37
5317200,268.95
5320800,268.81
5324400,267.52
5328000,264.09
5331600,262.27
5335200,261.08
5338800,260.49
5342400,260.47
5346000,260.45
5349600,260.03
5353200,259.45
5356800,259.04
5360400,258.82
5364000,258.71
5367600,258.68
5371200,258.82
5374800,258.81
5378400,258.39
5382000,258.05
5385600,259.48
5389200,261.77
5392800,264.77
5396400,266.66
5400000,267.74
5403600,268.4
5407200,268.55
5410800,267.65
5414400,265.48
5418000,264.3
5421600,263.3
5425200,262.43
5428800,261.7
5432400,261.13
5436000,260.83
5439600,260.75
5443200,271.77
5446800,271.16
5450400,270.55
5454000,269.87
5457600,269.46
5461200,268.95
5464800,268.64
5468400,271.11
5472000,273.7
5475600,275.84
5479200,277.19
5482800,278.1
5486400,278.75
5490000,279.11
5493600,279.14
5497200,278.6
5500800,275.52
5504400,272.19
5508000,271.15
5511600,270.63
5515200,270.31
5518800,270.05
5522400,269.88
5526000,269.9
5529600,270.08
5533200,270.37
5536800,270.56
5540400,270.2
5544000,269.19
5547600,268.33
5551200,268.3
5554800,270.68
5558400,273.3
5562000,276.44
5565600,278.41
5569200,279.65
5572800,280.48
5576400,280.91
5580000,280.9
5583600,280.27
5587200,276.73
5590800,273.14
5594400,271.77
5598000,271.31
5601600,270.96
5605200,270.59
5608800,270.22
5612400,270.45
5616000,270.58
5619600,269.35
5623200,268.78
5626800,268.5
5630400,268.33
5634000,268.24
5637600,268.57
5641200,270.7
5644800,273.47
5648400,276.41
5652000,279.05
5655600,281.62
5659200,283.92
5662800,285.03
5666400,285.57
5670000,285.17
5673600,281.13
5677200,278.33
5680800,276.99
5684400,275.7
5688000,274.34
5691600,273.0
5695200,272.13
5698800,272.13
5702400,272.39
5706000,272.29
5709600,272.23
5713200,272.16
5716800,271.96
5720400,271.52
5724000,271.41
5727600,274.3
5731200,277.59
5734800,282.13
5738400,284.26
5742000,285.04
5745600,284.9
5749200,284.19
5752800,283.47
5756400,282.52
5760000,280.3
5763600,275.77
5767200,274.23
5770800,273.28
5774400,272.18
5778000,271.1
5781600,270.24
5785200,269.69
5788800,269.13
5792400,268.75
5796000,268.43
5799600,268.13
5803200,267.87
5806800,267.66
5810400,268.0
5814000,270.73
5817600,273.48
5821200,275.95
5824800,277.82
5828400,279.26
5832000,280.31
5835600,280.77
5839200,280.53
5842800,279.48
5846400,277.0
5850000,272.26
5853600,270.87
5857200,270.19
5860800,269.83
5864400,269.83
5868000,269.65
5871600,269.09
5875200,268.63
5878800,268.31
5882400,268.12
5886000,268.05
5889600,268.21
5893200,268.7
5896800,269.69
5900400,272.38
5904000,274.98
5907600,277.16
5911200,278.91
5914800,280.41
5918400,281.48
5922000,281.98
5925600,281.97
5929200,281.23
5932800,277.83
5936400,273.66
5940000,272.38
5943600,271.98
5947200,271.99
5950800,271.8
5954400,271.16
5958000,270.34
5961600,269.8
5965200,269.5
5968800,269.32
5972400,269.21
5976000,269.15
5979600,269.12
5983200,269.55
5986800,273.02
5990400,276.16
5994000,280.3
5997600,282.09
6001200,283.2
6004800,283.87
6008400,284.06
6012000,283.8
6015600,282.9
6019200,278.98
6022800,273.93
6026400,272.63
6030000,271.88
6033600,271.41
6037200,271.29
6040800,271.27
6044400,271.36
6048000,271.1
6051600,270.64
6055200,270.34
6058800,270.22
6062400,270.11
6066000,269.98
6069600,270.52
6073200,274.24
6076800,277.3
6080400,281.83
6084000,283.96
6087600,285.05
6091200,285.66
6094800,285.79
6098400,285.4
6102000,284.41
6105600,280.37
6109200,275.53
6112800,274.73
6116400,274.86
6120000,275.02
6123600,274.71
6127200,273.93
6130800,272.95
6134400,272.2
6138000,271.8
6141600,271.75
6145200,272.01
6148800,272.55
6152400,273.18
6156000,273.79
6159600,275.51
6163200,277.52
6166800,281.27
6170400,284.52
6174000,286.23
6177600,287.51
6181200,288.34
6184800,288.58
6188400,287.91
6192000,283.39
6195600,279.3
6199200,277.22
6202800,275.7
6206400,274.52
6210000,273.66
6213600,272.95
6217200,272.43
6220800,272.05
6224400,271.7
6228000,271.41
6231600,271.23
6235200,271.07
6238800,271.38
6242400,272.34
6246000,275.59
6249600,278.7
6253200,283.53
6256800,287.48
6260400,288.97
6264000,289.71
6267600,289.65
6271200,288.78
6274800,287.27
6278400,283.81
6282000,278.02
6285600,276.16
6289200,275.19
6292800,274.48
6296400,273.98
6300000,273.62
6303600,273.06
6307200,272.68
6310800,272.6
6314400,272.31
6318000,272.04
6321600,271.81
6325200,271.66
6328800,272.48
6332400,277.08
6336000,280.63
6339600,285.61
6343200,288.28
6346800,289.42
6350400,290.01
6354000,289.97
6357600,289.55
6361200,288.69
6364800,285.39
6368400,280.06
6372000,278.25
6375600,277.11
6379200,276.16
6382800,275.43
6386400,274.83
6390000,274.06
6393600,273.32
6397200,272.73
6400800,272.49
6404400,272.38
6408000,272.3
6411600,272.19
6415200,272.9
6418800,277.31
6422400,280.45
6426000,284.78
6429600,288.45
6433200,289.88
6436800,289.47
6440400,288.26
6444000,287.37
6447600,286.53
6451200,285.0
6454800,280.18
6458400,278.12
6462000,276.79
6465600,275.55
6469200,274.73
6472800,274.69
6476400,275.13
6480000,275.66
6483600,275.7
6487200,274.92
6490800,273.66
6494400,272.26
6498000,272.18
6501600,273.06
6505200,277.01
6508800,280.95
6512400,285.78
6516000,288.09
6519600,288.88
6523200,289.29
6526800,289.71
6530400,289.79
6534000,289.13
6537600,286.48
6541200,280.53
6544800,278.79
6548400,278.52
6552000,278.25
6555600,277.98
6559200,277.45
6562800,276.6
6566400,275.93
6570000,275.38
6573600,274.85
6577200,274.29
6580800,273.91
6584400,273.77
6588000,274.52
6591600,278.48
6595200,281.82
6598800,287.3
6602400,291.68
6606000,293.66
6609600,294.65
6613200,295.02
6616800,294.8
6620400,293.98
6624000,290.64
6627600,284.7
6631200,282.23
6634800,280.75
6638400,279.53
6642000,278.77
6645600,278.45
6649200,278.23
6652800,274.91
6656400,273.87
6660000,272.37
6663600,270.82
6667200,270.14
6670800,270.48
6674400,273.91
6678000,277.64
6681600,281.65
6685200,285.1
6688800,287.52
6692400,288.91
6696000,289.6
6699600,289.69
6703200,289.24
6706800,288.44
6710400,287.65
6714000,285.98
6717600,281.36
6721200,279.91
6724800,280.24
6728400,280.68
6732000,280.88
6735600,279.91
6739200,278.6
6742800,277.34
6746400,275.9
6750000,274.51
6753600,273.65
6757200,273.62
6760800,275.93
6764400,280.13
6768000,285.4
6771600,287.48
6775200,288.2
6778800,289.03
6782400,289.53
6786000,289.75
6789600,289.88
6793200,288.9
6796800,287.76
6800400,286.34
6804000,283.7
6807600,283.09
6811200,284.13
6814800,284.14
6818400,282.43
6822000,279.98
6825600,278.9
6829200,278.52
6832800,278.34
6836400,277.92
6840000,277.26
6843600,277.21
6847200,280.92
6850800,283.75
6854400,288.27
6858000,294.27
6861600,298.47
6865200,300.5
6868800,301.52
6872400,301.8
6876000,301.47
6879600,300.92
6883200,299.95
6886800,297.88
6890400,293.77
6894000,292.19
6897600,291.8
6901200,291.36
6904800,291.17
6908400,290.38
6912000,288.16
6915600,285.83
6919200,284.34
6922800,283.44
6926400,283.02
6930000,283.72
6933600,287.66
6937200,291.08
6940800,293.69
6944400,294.37
6948000,294.57
6951600,295.71
6955200,297.6
6958800,298.23
6962400,298.06
6966000,297.41
6969600,296.37
6973200,293.85
6976800,288.39
6980400,286.42
6984000,285.13
6987600,283.88
6991200,282.65
6994800,281.47
6998400,280.08
7002000,278.79
7005600,277.88
7009200,277.53
7012800,277.82
7016400,278.6
7020000,281.35
7023600,284.63
7027200,288.58
7030800,293.45
7034400,296.38
7038000,298.38
7041600,299.67
7045200,300.37
7048800,300.59
7052400,300.37
7056000,299.57
7059600,296.47
7063200,291.97
7066800,290.18
7070400,289.0
7074000,288.01
7077600,286.9
7081200,285.66
7084800,285.46
7088400,285.13
7092000,284.96
7095600,284.81
7099200,282.82
7102800,281.84
7106400,285.31
7110000,289.16
7113600,292.26
7117200,293.98
7120800,293.78
7124400,292.87
7128000,291.65
7131600,290.95
7135200,289.99
7138800,286.57
7142400,284.79
7146000,283.84
7149600,282.85
7153200,282.45
7156800,282.16
7160400,281.77
7164000,280.66
7167600,278.77
7171200,277.02
7174800,275.89
7178400,275.05
7182000,274.34
7185600,273.81
7189200,274.19
7192800,276.93
7196400,280.16
7200000,282.94
7203600,285.03
7207200,286.39
7210800,287.35
7214400,288.11
7218000,288.38
7221600,288.55
7225200,288.06
7228800,287.09
7232400,286.08
7236000,284.47
7239600,283.7
7243200,282.98
7246800,282.3
7250400,281.69
7254000,280.5
7257600,271.1
7261200,270.64
7264800,270.34
7268400,270.22
7272000,270.11
7275600,269.98
7279200,270.52
7282800,274.24
7286400,277.3
7290000,281.83
7293600,283.96
7297200,285.05
7300800,285.66
7304400,285.79
7308000,285.4
7311600,284.41
7315200,280.37
7318800,275.53
7322400,274.73
7326000,274.86
7329600,275.02
7333200,274.71
7336800,273.93
7340400,272.95
7344000,272.2
7347600,271.8
7351200,271.75
7354800,272.01
7358400,272.55
7362000,273.18
7365600,273.79
7369200,275.51
7372800,277.52
7376400,281.27
7380000,284.52
7383600,286.23
7387200,287.51
7390800,288.34
7394400,288.58
7398000,287.91
7401600,283.39
7405200,279.3
7408800,277.22
7412400,275.7
7416000,274.52
7419600,273.66
7423200,272.95
7426800,272.43
7430400,272.05
7434000,271.7
7437600,271.41
7441200,271.23
7444800,271.07
7448400,271.38
7452000,272.34
7455600,275.59
7459200,278.7
7462800,283.53
7466400,287.48
7470000,288.97
7473600,289.71
7477200,289.65
7480800,288.78
7484400,287.27
7488000,283.81
7491600,278.02
7495200,276.16
7498800,275.19
7502400,274.48
7506000,273.98
7509600,273.62
7513200,273.06
7516800,272.68
7520400,272.6
7524000,272.31
7527600,272.04
7531200,271.81
7534800,271.66
7538400,272.48
7542000,277.08
7545600,280.63
7549200,285.61
7552800,288.28
7556400,289.42
7560000,290.01
7563600,289.97
7567200,289.55
7570800,288.69
7574400,285.39
7578000,280.06
7581600,278.25
7585200,277.11
7588800,276.16
7592400,275.43
7596000,274.83
7599600,274.06
7603200,273.32
7606800,272.73
7610400,272.49
7614000,272.38
7617600,272.3
7621200,272.19
7624800,272.9
7628400,277.31
7632000,280.45
7635600,284.78
7639200,288.45
7642800,289.88
7646400,289.47
7650000,288.26
7653600,287.37
7657200,286.53
7660800,285.0
7664400,280.18
7668000,278.12
7671600,276.79
7675200,275.55
7678800,274.73
7682400,274.69
7686000,275.13
7689600,275.66
7693200,275.7
7696800,274.92
7700400,273.66
7704000,272.26
7707600,272.18
7711200,273.06
7714800,277.01
7718400,280.95
7722000,285.78
7725600,288.09
7729200,288.88
7732800,289.29
7736400,289.71
7740000,289.79
7743600,289.13
7747200,286.48
7750800,280.53
7754400,278.79
7758000,278.52
7761600,278.25
7765200,277.98
7768800,277.45
7772400,276.6
7776000,275.93
7779600,275.38
7783200,274.85
7786800,274.29
7790400,273.91
7794000,273.77
7797600,274.52
7801200,278.48
7804800,281.82
7808400,287.3
7812000,291.68
7815600,293.66
7819200,294.65
7822800,295.02
7826400,294.8
7830000,293.98
7833600,290.64
7837200,284.7
7840800,282.23
7844400,280.75
7848000,279.53
7851600,278.77
7855200,278.45
7858800,278.23
7862400,278.05
7866000,277.94
7869600,277.41
7873200,275.94
7876800,274.61
7880400,273.42
7884000,273.48
7887600,276.13
7891200,278.66
7894800,281.09
7898400,282.8
7902000,283.59
7905600,283.79
7909200,283.63
7912800,283.01
7916400,281.88
7920000,280.33
7923600,277.63
7927200,276.02
7930800,275.4
7934400,275.01
7938000,274.29
7941600,273.59
7945200,272.79
7948800,271.91
7952400,271.96
7956000,271.65
7959600,270.23
7963200,269.27
7966800,269.1
7970400,270.32
7974000,274.32
7977600,276.89
7981200,277.54
7984800,276.57
7988400,276.32
7992000,276.34
7995600,276.05
7999200,275.67
8002800,274.96
8006400,273.66
8010000,271.38
8013600,268.89
8017200,267.43
8020800,266.7
8024400,267.13
8028000,268.15
8031600,268.07
8035200,267.06
8038800,266.46
8042400,266.53
8046000,266.72
8049600,266.8
8053200,266.85
8056800,268.01
8060400,271.15
8064000,274.73
8067600,277.44
8071200,279.57
8074800,281.13
8078400,282.27
8082000,282.74
8085600,282.67
8089200,282.05
8092800,279.77
8096400,273.74
8100000,271.94
8103600,271.41
8107200,271.13
8110800,271.09
8114400,270.78
8118000,270.14
8121600,269.59
8125200,269.24
8128800,269.15
8132400,268.98
8136000,268.95
8139600,269.09
8143200,270.57
8146800,273.71
8150400,277.06
8154000,282.27
8157600,286.27
8161200,288.82
8164800,290.26
8168400,291.07
8172000,291.05
8175600,290.08
8179200,287.46
8182800,281.34
8186400,278.83
8190000,277.59
8193600,276.7
8197200,276.34
8200800,276.4
8204400,275.86
8208000,275.16
8211600,274.48
8215200,273.63
8218800,272.8
8222400,272.21
8226000,271.48
8229600,271.55
8233200,272.97
8236800,274.39
8240400,275.98
8244000,277.23
8247600,277.84
8251200,278.05
8254800,277.88
8258400,277.45
8262000,276.7
8265600,275.54
8269200,272.87
8272800,270.17
8276400,269.23
8280000,268.32
8283600,267.52
8287200,267.23
8290800,267.47
8294400,268.19
8298000,268.6
8301600,268.57
8305200,268.41
8308800,268.13
8312400,267.71
8316000,268.3
8319600,270.71
8323200,272.88
8326800,274.82
8330400,276.81
8334000,278.88
8337600,280.57
8341200,281.66
8344800,282.22
8348400,281.99
8352000,280.61
8355600,277.61
8359200,274.59
8362800,271.95
8366400,270.47
8370000,269.52
8373600,269.1
8377200,269.04
8380800,269.15
8384400,269.23
8388000,269.02
8391600,268.66
8395200,268.41
8398800,268.28
8402400,269.63
8406000,272.23
8409600,275.2
8413200,278.73
8416800,281.94
8420400,283.84
8424000,285.15
8427600,285.9
8431200,286.25
8434800,285.92
8438400,284.2
8442000,279.37
8445600,275.4
8449200,273.89
8452800,272.84
8456400,272.2
8460000,271.82
8463600,271.37
8467200,271.04
8470800,270.34
8474400,269.41
8478000,268.85
8481600,268.21
8485200,268.42
8488800,269.41
8492400,271.38
8496000,273.58
8499600,275.75
8503200,277.52
8506800,278.92
8510400,279.92
8514000,280.51
8517600,280.59
8521200,280.03
8524800,278.91
8528400,275.19
8532000,272.45
8535600,271.59
8539200,270.47
8542800,269.38
8546400,268.32
8550000,267.65
8553600,267.34
8557200,267.16
8560800,267.02
8564400,266.83
8568000,266.73
8571600,266.73
8575200,268.46
8578800,271.16
8582400,275.04
8586000,277.95
8589600,279.59
8593200,280.94
8596800,282.09
8600400,282.89
8604000,283.28
8607600,283.13
8611200,282.29
8614800,279.92
8618400,277.86
8622000,276.35
8625600,275.21
8629200,274.3
8632800,273.53
8636400,272.99
8640000,272.48
8643600,271.8
8647200,270.94
8650800,270.22
8654400,269.94
8658000,269.89
8661600,271.68
8665200,275.54
8668800,279.12
8672400,281.81
8676000,283.43
8679600,284.78
8683200,285.87
8686800,286.62
8690400,286.95
8694000,286.84
8697600,285.86
8701200,283.26
8704800,281.5
8708400,278.97
8712000,276.37
8715600,274.79
8719200,274.27
8722800,274.51
8726400,274.27
8730000,273.7
8733600,273.13
8737200,272.36
8740800,271.62
8744400,271.62
8748000,273.23
8751600,277.23
8755200,280.49
8758800,284.78
8762400,287.04
8766000,288.42
8769600,289.45
8773200,290.06
8776800,290.26
8780400,289.95
8784000,288.41
8787600,285.09
8791200,283.46
8794800,282.14
8798400,279.76
8802000,278.48
8805600,277.0
8809200,275.25
8812800,274.05
8816400,273.25
8820000,272.63
8823600,271.91
8827200,271.33
8830800,270.96
8834400,273.28
8838000,276.3
8841600,279.73
8845200,282.34
8848800,283.55
8852400,284.61
8856000,285.17
8859600,284.56
8863200,283.55
8866800,282.13
8870400,280.46
8874000,278.48
8877600,275.31
8881200,273.2
8884800,271.64
8888400,270.51
8892000,269.36
8895600,267.98
8899200,267.07
8902800,266.7
8906400,266.52
8910000,266.41
8913600,266.58
8917200,266.94
8920800,268.64
8924400,271.21
8928000,273.56
8931600,275.89
8935200,278.45
8938800,281.02
8942400,283.3
8946000,284.4
8949600,284.52
8953200,283.61
8956800,281.7
8960400,277.39
8964000,273.47
8967600,271.88
8971200,270.66
8974800,269.66
8978400,268.74
8982000,267.99
8985600,267.82
8989200,267.75
8992800,267.55
8996400,267.35
9000000,267.22
9003600,267.21
9007200,268.13
9010800,270.09
9014400,272.36
9018000,274.66
9021600,276.51
9025200,277.81
9028800,278.69
9032400,279.19
9036000,279.23
9039600,278.69
9043200,277.61
9046800,274.82
9050400,272.04
9054000,270.92
9057600,270.16
9061200,269.54
9064800,268.97
9068400,268.57
9072000,263.45
9075600,263.2
9079200,262.93
9082800,262.66
9086400,262.4
9090000,262.16
9093600,262.01
9097200,263.32
9100800,267.06
9104400,270.41
9108000,273.34
9111600,274.95
9115200,275.88
9118800,276.21
9122400,275.93
9126000,274.77
9129600,271.44
9133200,269.69
9136800,269.02
9140400,267.94
9144000,266.84
9147600,266.19
9151200,265.66
9154800,265.24
9158400,265.08
9162000,265.09
9165600,265.15
9169200,264.93
9172800,264.65
9176400,264.45
9180000,264.37
9183600,264.87
9187200,266.55
9190800,269.03
9194400,272.21
9198000,274.91
9201600,276.19
9205200,276.83
9208800,276.87
9212400,275.74
9216000,272.94
9219600,272.05
9223200,272.09
9226800,272.04
9230400,271.61
9234000,270.87
9237600,270.22
9241200,269.38
9244800,268.03
9248400,267.38
9252000,267.13
9255600,266.06
9259200,265.19
9262800,264.82
9266400,264.59
9270000,265.92
9273600,270.04
9277200,273.34
9280800,276.36
9284400,277.95
9288000,278.84
9291600,279.13
9295200,278.68
9298800,276.48
9302400,273.31
9306000,272.0
9309600,271.5
9313200,271.05
9316800,270.98
9320400,271.57
9324000,271.59
9327600,270.78
9331200,269.74
9334800,268.75
9338400,268.04
9342000,267.38
9345600,266.9
9349200,266.79
9352800,266.62
9356400,267.23
9360000,269.03
9363600,272.17
9367200,274.53
9370800,276.09
9374400,277.16
9378000,278.02
9381600,278.16
9385200,276.98
9388800,273.13
9392400,271.48
9396000,271.23
9399600,271.02
9403200,270.8
9406800,270.64
9410400,270.13
9414000,269.4
9417600,268.55
9421200,267.63
9424800,266.85
9428400,266.19
9432000,265.61
9435600,265.1
9439200,264.62
9442800,266.1
9446400,268.57
9450000,271.88
9453600,274.8
9457200,276.44
9460800,277.24
9464400,277.63
9468000,277.48
9471600,276.42
9475200,272.6
9478800,270.64
9482400,270.13
9486000,269.48
9489600,269.02
9493200,268.72
9496800,268.44
9500400,267.96
9504000,267.0
9507600,266.09
9511200,265.27
9514800,264.55
9518400,263.98
9522000,264.12
9525600,264.79
9529200,266.02
9532800,268.08
9536400,270.7
9540000,273.71
9543600,275.33
9547200,275.94
9550800,275.97
9554400,275.66
9558000,274.3
9561600,273.02
9565200,272.34
9568800,272.03
9572400,271.63
9576000,271.1
9579600,270.68
9583200,270.59
9586800,270.43
9590400,269.84
9594000,268.41
9597600,267.24
9601200,266.43
9604800,265.93
9608400,265.73
9612000,265.38
9615600,266.72
9619200,269.18
9622800,272.01
9626400,273.84
9630000,274.9
9633600,275.71
9637200,276.32
9640800,276.49
9644400,275.78
9648000,273.02
9651600,272.08
9655200,272.13
9658800,271.88
9662400,271.05
9666000,269.52
9669600,268.24
9673200,267.4
9676800,266.7
9680400,266.22
9684000,265.88
9687600,265.52
9691200,265.04
9694800,264.21
9698400,263.38
9702000,264.2
9705600,265.5
9709200,267.95
9712800,270.82
9716400,273.09
9720000,274.86
9723600,276.03
9727200,276.59
9730800,276.21
9734400,273.53
9738000,271.4
9741600,270.94
9745200,270.75
9748800,270.55
9752400,270.2
9756000,269.35
9759600,268.59
9763200,267.88
9766800,267.31
9770400,266.84
9774000,266.3
9777600,266.63
9781200,266.91
9784800,266.85
9788400,267.71
9792000,269.75
9795600,272.13
9799200,274.68
9802800,276.96
9806400,278.07
9810000,278.52
9813600,278.28
9817200,277.07
9820800,274.53
9824400,273.27
9828000,273.19
9831600,273.54
9835200,273.05
9838800,272.17
9842400,271.27
9846000,270.53
9849600,269.91
9853200,269.46
9856800,268.91
9860400,268.32
9864000,267.94
9867600,267.83
9871200,267.61
9874800,267.73
9878400,268.63
9882000,270.03
9885600,271.28
9889200,272.41
9892800,273.13
9896400,273.14
9900000,272.56
9903600,271.37
9907200,269.75
9910800,268.24
9914400,267.34
9918000,266.24
9921600,265.22
9925200,264.45
9928800,263.83
9932400,263.23
9936000,262.68
9939600,262.18
9943200,261.56
9946800,260.97
9950400,260.53
9954000,260.23
9957600,260.01
9961200,262.02
9964800,265.02
9968400,267.89
9972000,269.63
9975600,270.83
9979200,271.66
9982800,272.16
9986400,272.25
9990000,271.94
9993600,271.1
9997200,270.17
10000800,269.52
10004400,268.83
10008000,268.27
10011600,267.94
10015200,267.59
10018800,267.43
10022400,267.41
10026000,267.25
10029600,266.98
10033200,266.7
10036800,266.51
10040400,266.31
10044000,266.14
10047600,266.65
10051200,267.91
10054800,269.23
10058400,270.3
10062000,271.25
10065600,272.02
10069200,272.44
10072800,272.47
10076400,272.19
10080000,271.45
10083600,270.48
10087200,270.1
10090800,269.55
10094400,269.0
10098000,268.45
10101600,267.82
10105200,267.1
10108800,266.17
10112400,265.3
10116000,264.64
10119600,264.29
10123200,264.32
10126800,264.51
10130400,264.65
10134000,265.6
10137600,268.06
10141200,271.77
10144800,274.15
10148400,275.61
10152000,276.55
10155600,277.17
10159200,277.21
10162800,276.42
10166400,273.13
10170000,270.63
10173600,270.19
10177200,269.89
10180800,269.84
10184400,270.06
10188000,269.82
10191600,269.18
10195200,268.59
10198800,268.21
10202400,267.99
10206000,267.71
10209600,267.27
10213200,266.98
10216800,266.77
10220400,267.47
10224000,269.99
10227600,273.63
10231200,276.0
10234800,277.41
10238400,278.42
10242000,278.89
10245600,278.68
10249200,277.57
10252800,273.5
10256400,271.51
10260000,271.56
10263600,271.58
10267200,271.7
10270800,271.94
10274400,271.88
10278000,271.39
10281600,280.83
10285200,280.32
10288800,279.93
10292400,279.59
10296000,279.34
10299600,279.17
10303200,279.85
10306800,282.44
10310400,284.86
10314000,287.95
10317600,290.55
10321200,292.66
10324800,293.99
10328400,294.78
10332000,294.91
10335600,294.47
10339200,293.12
10342800,289.39
10346400,285.15
10350000,283.33
10353600,281.98
10357200,281.43
10360800,281.73
10364400,281.64
10368000,281.7
10371600,281.39
10375200,280.26
10378800,279.08
10382400,278.76
10386000,277.49
10389600,277.52
10393200,279.05
10396800,281.88
10400400,285.38
10404000,288.66
10407600,292.21
10411200,294.45
10414800,295.45
10418400,295.8
10422000,295.84
10425600,295.14
10429200,291.23
10432800,288.48
10436400,287.45
10440000,286.27
10443600,287.36
10447200,286.83
10450800,284.31
10454400,282.83
10458000,281.8
10461600,280.93
10465200,279.95
10468800,278.87
10472400,277.79
10476000,276.84
10479600,277.22
10483200,278.45
10486800,280.38
10490400,282.38
10494000,284.17
10497600,284.88
10501200,285.06
10504800,284.09
10508400,282.46
10512000,281.05
10515600,280.12
10519200,278.72
10522800,277.53
10526400,276.57
10530000,275.48
10533600,274.74
10537200,273.95
10540800,273.1
10544400,271.94
10548000,270.82
10551600,270.62
10555200,270.34
10558800,270.24
10562400,271.95
10566000,274.63
10569600,277.21
10573200,279.47
10576800,281.14
10580400,282.08
10584000,282.52
10587600,282.63
10591200,282.45
10594800,281.88
10598400,280.82
10602000,279.29
10605600,277.46
10609200,276.15
10612800,274.98
10616400,274.07
10620000,273.76
10623600,273.49
10627200,273.34
10630800,273.32
10634400,273.27
10638000,273.23
10641600,273.3
10645200,273.33
10648800,274.32
10652400,276.39
10656000,278.84
10659600,280.73
10663200,281.98
10666800,282.77
10670400,283.38
10674000,283.73
10677600,283.72
10681200,283.07
10684800,281.98
10688400,280.24
10692000,278.37
10695600,277.21
10699200,276.21
10702800,275.5
10706400,274.9
10710000,274.34
10713600,273.81
10717200,273.21
10720800,272.74
10724400,272.27
10728000,271.97
10731600,271.92
10735200,273.18
10738800,275.26
10742400,277.14
10746000,278.63
10749600,279.7
10753200,280.04
10756800,279.94
10760400,279.55
10764000,278.95
10767600,278.28
10771200,277.31
10774800,276.06
10778400,274.82
10782000,274.01
10785600,273.16
10789200,271.95
10792800,270.91
10796400,270.26
10800000,269.81
10803600,269.33
10807200,269.05
10810800,269.05
10814400,268.88
10818000,268.77
10821600,271.16
10825200,275.26
10828800,279.05
10832400,280.79
10836000,282.11
10839600,283.13
10843200,283.55
10846800,283.71
10850400,283.45
10854000,282.83
10857600,281.81
10861200,280.34
10864800,278.19
10868400,276.81
10872000,275.8
10875600,274.82
10879200,273.77
10882800,272.92
10886400,280.83
10890000,280.32
10893600,279.93
10897200,279.59
10900800,279.34
10904400,279.17
10908000,279.85
10911600,282.44
10915200,284.86
10918800,287.95
10922400,290.55
10926000,292.66
10929600,293.99
10933200,294.78
10936800,294.91
10940400,294.47
10944000,293.12
10947600,289.39
10951200,285.15
10954800,283.33
10958400,281.98
10962000,281.43
10965600,281.73
10969200,281.64
10972800,281.7
10976400,281.39
10980000,280.26
10983600,279.08
10987200,278.76
10990800,277.49
10994400,277.52
10998000,279.05
11001600,281.88
11005200,285.38
11008800,288.66
11012400,292.21
11016000,294.45
11019600,295.45
11023200,295.8
11026800,295.84
11030400,295.14
11034000,291.23
11037600,288.48
11041200,287.45
11044800,286.27
11048400,287.36
11052000,286.83
11055600,284.31
11059200,282.83
11062800,281.8
11066400,280.93
11070000,279.95
11073600,278.87
11077200,277.79
11080800,276.84
11084400,277.22
11088000,278.45
11091600,280.38
11095200,282.38
11098800,284.17
11102400,284.88
11106000,285.06
11109600,284.09
11113200,282.46
11116800,281.05
11120400,280.12
11124000,278.72
11127600,277.53
11131200,276.57
11134800,275.48
11138400,274.74
11142000,273.95
11145600,273.1
11149200,271.94
11152800,270.82
11156400,270.62
11160000,270.34
11163600,270.24
11167200,271.95
11170800,274.63
11174400,277.21
11178000,279.47
11181600,281.14
11185200,282.08
11188800,282.52
11192400,282.63
11196000,282.45
11199600,281.88
11203200,280.82
11206800,279.29
11210400,277.46
11214000,276.15
11217600,274.98
11221200,274.07
11224800,273.76
11228400,273.49
11232000,273.34
11235600,273.32
11239200,273.27
11242800,273.23
11246400,273.3
11250000,273.33
11253600,274.32
11257200,276.39
11260800,278.84
11264400,280.73
11268000,281.98
11271600,282.77
11275200,283.38
11278800,283.73
11282400,283.72
11286000,283.07
11289600,281.98
11293200,280.24
11296800,278.37
11300400,277.21
11304000,276.21
11307600,275.5
11311200,274.9
11314800,274.34
11318400,273.81
11322000,273.21
11325600,272.74
11329200,272.27
11332800,271.97
11336400,271.92
11340000,273.18
11343600,275.26
11347200,277.14
11350800,278.63
11354400,279.7
11358000,280.04
11361600,279.94
11365200,279.55
11368800,278.95
11372400,278.28
11376000,277.31
11379600,276.06
11383200,274.82
11386800,274.01
11390400,273.16
11394000,271.95
11397600,270.91
11401200,270.26
11404800,269.81
11408400,269.33
11412000,269.05
11415600,269.05
11419200,268.88
11422800,268.77
11426400,271.16
11430000,275.26
11433600,279.05
11437200,280.79
11440800,282.11
11444400,283.13
11448000,283.55
11451600,283.71
11455200,283.45
11458800,282.83
11462400,281.81
11466000,280.34
11469600,278.19
11473200,276.81
11476800,275.8
11480400,274.82
11484000,273.77
11487600,272.92
11491200,274.91
11494800,273.87
11498400,272.37
11502000,270.82
11505600,270.14
11509200,270.48
11512800,273.91
11516400,277.64
11520000,281.65
11523600,285.1
11527200,287.52
11530800,288.91
11534400,289.6
11538000,289.69
11541600,289.24
11545200,288.44
11548800,287.65
11552400,285.98
11556000,281.36
11559600,279.91
11563200,280.24
11566800,280.68
11570400,280.88
11574000,279.91
11577600,278.6
11581200,277.34
11584800,275.9
11588400,274.51
11592000,273.65
11595600,273.62
11599200,275.93
11602800,280.13
11606400,285.4
11610000,287.48
11613600,288.2
11617200,289.03
11620800,289.53
11624400,289.75
11628000,289.88
11631600,288.9
11635200,287.76
11638800,286.34
11642400,283.7
11646000,283.09
11649600,284.13
11653200,284.14
11656800,282.43
11660400,279.98
11664000,278.9
11667600,278.52
11671200,278.34
11674800,277.92
11678400,277.26
11682000,277.21
11685600,280.92
11689200,283.75
11692800,288.27
11696400,294.27
11700000,298.47
11703600,300.5
11707200,301.52
11710800,301.8
11714400,301.47
11718000,300.92
11721600,299.95
11725200,297.88
11728800,293.77
11732400,292.19
11736000,291.8
11739600,291.36
11743200,291.17
11746800,290.38
11750400,288.16
11754000,285.83
11757600,284.34
11761200,283.44
11764800,283.02
11768400,283.72
11772000,287.66
11775600,291.08
11779200,293.69
11782800,294.37
11786400,294.57
11790000,295.71
11793600,297.6
11797200,298.23
11800800,298.06
11804400,297.41
11808000,296.37
11811600,293.85
11815200,288.39
11818800,286.42
11822400,285.13
11826000,283.88
11829600,282.65
11833200,281.47
11836800,280.08
11840400,278.79
11844000,277.88
11847600,277.53
11851200,277.82
11854800,278.6
11858400,281.35
11862000,284.63
11865600,288.58
11869200,293.45
11872800,296.38
11876400,298.38
11880000,299.67
11883600,300.37
11887200,300.59
11890800,300.37
11894400,299.57
11898000,296.47
11901600,291.97
11905200,290.18
11908800,289.0
11912400,288.01
11916000,286.9
11919600,285.66
11923200,285.46
11926800,285.13
11930400,284.96
11934000,284.81
11937600,282.82
11941200,281.84
11944800,285.31
11948400,289.16
11952000,292.26
11955600,293.98
11959200,293.78
11962800,292.87
11966400,291.65
11970000,290.95
11973600,289.99
11977200,286.57
11980800,284.79
11984400,283.84
11988000,282.85
11991600,282.45
11995200,282.16
11998800,281.77
12002400,280.66
12006000,278.77
12009600,277.02
12013200,275.89
12016800,275.05
12020400,274.34
12024000,273.81
12027600,274.19
12031200,276.93
12034800,280.16
12038400,282.94
12042000,285.03
12045600,286.39
12049200,287.35
12052800,288.11
12056400,288.38
12060000,288.55
12063600,288.06
12067200,287.09
12070800,286.08
12074400,284.47
12078000,283.7
12081600,282.98
12085200,282.3
12088800,281.69
12092400,280.5
12096000,266.7
12099600,266.22
12103200,265.88
12106800,265.52
12110400,265.04
12114000,264.21
12117600,263.38
12121200,264.2
12124800,265.5
12128400,267.95
12132000,270.82
12135600,273.09
12139200,274.86
12142800,276.03
12146400,276.59
12150000,276.21
12153600,273.53
12157200,271.4
12160800,270.94
12164400,270.75
12168000,270.55
12171600,270.2
12175200,269.35
12178800,268.59
12182400,267.88
12186000,267.31
12189600,266.84
12193200,266.3
12196800,266.63
12200400,266.91
12204000,266.85
12207600,267.71
12211200,269.75
12214800,272.13
12218400,274.68
12222000,276.96
12225600,278.07
12229200,278.52
12232800,278.28
12236400,277.07
12240000,274.53
12243600,273.27
12247200,273.19
12250800,273.54
12254400,273.05
12258000,272.17
12261600,271.27
12265200,270.53
12268800,269.91
12272400,269.46
12276000,268.91
12279600,268.32
12283200,267.94
12286800,267.83
12290400,267.61
12294000,267.73
12297600,268.63
12301200,270.03
12304800,271.28
12308400,272.41
12312000,273.13
12315600,273.14
12319200,272.56
12322800,271.37
12326400,269.75
12330000,268.24
12333600,267.34
12337200,266.24
12340800,265.22
12344400,264.45
12348000,263.83
12351600,263.23
12355200,262.68
12358800,262.18
12362400,261.56
12366000,260.97
12369600,260.53
12373200,260.23
12376800,260.01
12380400,262.02
12384000,265.02
12387600,267.89
12391200,269.63
12394800,270.83
12398400,271.66
12402000,272.16
12405600,272.25
12409200,271.94
12412800,271.1
12416400,270.17
12420000,269.52
12423600,268.83
12427200,268.27
12430800,267.94
12434400,267.59
12438000,267.43
12441600,267.41
12445200,267.25
12448800,266.98
12452400,266.7
12456000,266.51
12459600,266.31
12463200,266.14
12466800,266.65
12470400,267.91
12474000,269.23
12477600,270.3
12481200,271.25
12484800,272.02
12488400,272.44
12492000,272.47
12495600,272.19
12499200,271.45
12502800,270.48
12506400,270.1
12510000,269.55
12513600,269.0
12517200,268.45
12520800,267.82
12524400,267.1
12528000,266.17
12531600,265.3
12535200,264.64
12538800,264.29
12542400,264.32
12546000,264.51
12549600,264.65
12553200,265.6
12556800,268.06
12560400,271.77
12564000,274.15
12567600,275.61
12571200,276.55
12574800,277.17
12578400,277.21
12582000,276.42
12585600,273.13
12589200,270.63
12592800,270.19
12596400,269.89
12600000,269.84
12603600,270.06
12607200,269.82
12610800,269.18
12614400,268.59
12618000,268.21
12621600,267.99
12625200,267.71
12628800,267.27
12632400,266.98
12636000,266.77
12639600,267.47
12643200,269.99
12646800,273.63
12650400,276.0
12654000,277.41
12657600,278.42
12661200,278.89
12664800,278.68
12668400,277.57
12672000,273.5
12675600,271.51
12679200,271.56
12682800,271.58
12686400,271.7
12690000,271.94
12693600,271.88
12697200,271.39
12700800,271.1
12704400,270.64
12708000,270.34
12711600,270.22
12715200,270.11
12718800,269.98
12722400,270.52
12726000,274.24
12729600,277.3
12733200,281.83
12736800,283.96
12740400,285.05
12744000,285.66
12747600,285.79
12751200,285.4
12754800,284.41
12758400,280.37
12762000,275.53
12765600,274.73
12769200,274.86
12772800,275.02
12776400,274.71
12780000,273.93
12783600,272.95
12787200,272.2
12790800,271.8
12794400,271.75
12798000,272.01
12801600,272.55
12805200,273.18
12808800,273.79
12812400,275.51
12816000,277.52
12819600,281.27
12823200,284.52
12826800,286.23
12830400,287.51
12834000,288.34
12837600,288.58
12841200,287.91
12844800,283.39
12848400,279.3
12852000,277.22
12855600,275.7
12859200,274.52
12862800,273.66
12866400,272.95
12870000,272.43
12873600,272.05
12877200,271.7
12880800,271.41
12884400,271.23
12888000,271.07
12891600,271.38
12895200,272.34
12898800,275.59
12902400,278.7
12906000,283.53
12909600,287.48
12913200,288.97
12916800,289.71
12920400,289.65
12924000,288.78
12927600,287.27
12931200,283.81
12934800,278.02
12938400,276.16
12942000,275.19
12945600,274.48
12949200,273.98
12952800,273.62
12956400,273.06
12960000,272.68
12963600,272.6
12967200,272.31
12970800,272.04
12974400,271.81
12978000,271.66
12981600,272.48
12985200,277.08
12988800,280.63
12992400,285.61
12996000,288.28
12999600,289.42
13003200,290.01
13006800,289.97
13010400,289.55
13014000,288.69
13017600,285.39
13021200,280.06
13024800,278.25
13028400,277.11
13032000,276.16
13035600,275.43
13039200,274.83
13042800,274.06
13046400,273.32
13050000,272.73
13053600,272.49
13057200,272.38
13060800,272.3
13064400,272.19
13068000,272.9
13071600,277.31
13075200,280.45
13078800,284.78
13082400,288.45
13086000,289.88
13089600,289.47
13093200,288.26
13096800,287.37
13100400,286.53
13104000,285.0
13107600,280.18
13111200,278.12
13114800,276.79
13118400,275.55
13122000,274.73
13125600,274.69
13129200,275.13
13132800,275.66
13136400,275.7
13140000,274.92
13143600,273.66
13147200,272.26
13150800,272.18
13154400,273.06
13158000,277.01
13161600,280.95
13165200,285.78
13168800,288.09
13172400,288.88
13176000,289.29
13179600,289.71
13183200,289.79
13186800,289.13
13190400,286.48
13194000,280.53
13197600,278.79
13201200,278.52
13204800,278.25
13208400,277.98
13212000,277.45
13215600,276.6
13219200,275.93
13222800,275.38
13226400,274.85
13230000,274.29
13233600,273.91
13237200,273.77
13240800,274.52
13244400,278.48
13248000,281.82
13251600,287.3
13255200,291.68
13258800,293.66
13262400,294.65
13266000,295.02
13269600,294.8
13273200,293.98
13276800,290.64
13280400,284.7
13284000,282.23
13287600,280.75
13291200,279.53
13294800,278.77
13298400,278.45
13302000,278.23
13305600,291.71
13309200,291.23
13312800,290.79
13316400,290.59
13320000,290.53
13323600,290.91
13327200,291.69
13330800,293.73
13334400,295.52
13338000,296.66
13341600,297.56
13345200,297.59
13348800,297.37
13352400,298.37
13356000,299.94
13359600,300.4
13363200,299.84
13366800,298.59
13370400,296.05
13374000,293.23
13377600,292.25
13381200,291.43
13384800,290.84
13388400,290.51
13392000,290.24
13395600,289.95
13399200,289.52
13402800,289.12
13406400,288.87
13410000,290.81
13413600,293.56
13417200,296.6
13420800,299.2
13424400,301.15
13428000,302.58
13431600,304.23
13435200,305.5
13438800,306.2
13442400,306.44
13446000,306.34
13449600,305.84
13453200,304.8
13456800,301.48
13460400,298.04
13464000,296.73
13467600,295.65
13471200,294.57
13474800,293.54
13478400,292.67
13482000,291.98
13485600,291.73
13489200,292.01
13492800,291.54
13496400,292.98
13500000,294.65
13503600,296.96
13507200,301.05
13510800,304.82
13514400,306.85
13518000,308.47
13521600,309.5
13525200,309.98
13528800,308.29
13532400,307.2
13536000,307.4
13539600,305.86
13543200,301.95
13546800,299.86
13550400,298.68
13554000,297.63
13557600,297.19
13561200,296.49
13564800,295.48
13568400,294.3
13572000,293.55
13575600,292.97
13579200,292.71
13582800,294.45
13586400,297.6
13590000,301.33
13593600,304.45
13597200,306.36
13600800,308.15
13604400,309.62
13608000,310.43
13611600,310.77
13615200,310.74
13618800,310.16
13622400,309.21
13626000,307.74
13629600,304.27
13633200,301.2
13636800,299.87
13640400,298.48
13644000,297.14
13647600,296.08
13651200,295.06
13654800,294.19
13658400,293.53
13662000,293.09
13665600,292.65
13669200,293.83
13672800,295.49
13676400,298.64
13680000,302.23
13683600,305.55
13687200,307.92
13690800,309.86
13694400,311.06
13698000,310.41
13701600,308.33
13705200,308.31
13708800,307.54
13712400,305.2
13716000,301.28
13719600,298.81
13723200,297.3
13726800,296.23
13730400,295.58
13734000,295.1
13737600,294.7
13741200,294.67
13744800,295.01
13748400,295.13
13752000,294.39
13755600,294.55
13759200,295.44
13762800,297.16
13766400,298.8
13770000,299.79
13773600,300.41
13777200,300.88
13780800,301.16
13784400,301.42
13788000,301.95
13791600,302.03
13795200,301.95
13798800,301.14
13802400,299.28
13806000,298.14
13809600,297.8
13813200,297.01
13816800,296.2
13820400,295.71
13824000,295.13
13827600,294.4
13831200,293.87
13834800,293.84
13838400,294.36
13842000,294.59
13845600,295.5
13849200,297.16
13852800,299.34
13856400,302.0
13860000,304.05
13863600,305.09
13867200,305.63
13870800,305.98
13874400,306.07
13878000,305.8
13881600,305.23
13885200,303.74
13888800,300.7
13892400,298.35
13896000,297.3
13899600,296.2
13903200,295.07
13906800,294.2
13910400,295.09
13914000,294.04
13917600,293.3
13921200,292.7
13924800,292.21
13928400,294.27
13932000,296.98
13935600,299.48
13939200,301.55
13942800,303.43
13946400,305.07
13950000,306.32
13953600,307.2
13957200,307.61
13960800,307.67
13964400,307.25
13968000,306.51
13971600,305.42
13975200,303.74
13978800,301.47
13982400,299.88
13986000,298.59
13989600,297.18
13993200,295.88
13996800,294.63
14000400,293.45
14004000,292.44
14007600,291.66
14011200,291.38
14014800,292.65
14018400,294.68
14022000,296.87
14025600,298.83
14029200,300.68
14032800,302.42
14036400,304.05
14040000,305.07
14043600,305.55
14047200,305.15
14050800,304.9
14054400,304.21
14058000,303.13
14061600,301.81
14065200,300.23
14068800,299.27
14072400,298.3
14076000,297.3
14079600,296.39
14083200,295.6
14086800,294.88
14090400,294.16
14094000,293.6
14097600,293.28
14101200,293.35
14104800,293.93
14108400,295.09
14112000,296.36
14115600,296.95
14119200,297.62
14122800,298.01
14126400,298.18
14130000,298.3
14133600,298.16
14137200,297.79
14140800,297.18
14144400,296.59
14148000,295.74
14151600,294.02
14155200,292.95
14158800,291.88
14162400,290.59
14166000,289.58
14169600,288.79
14173200,287.96
14176800,287.2
14180400,286.6
14184000,286.41
14187600,288.07
14191200,291.02
14194800,296.23
14198400,300.7
14202000,303.2
14205600,304.8
14209200,305.63
14212800,305.93
14216400,305.71
14220000,305.2
14223600,304.59
14227200,303.64
14230800,302.29
14234400,299.96
14238000,295.49
14241600,293.69
14245200,292.27
14248800,290.97
14252400,289.8
14256000,288.89
14259600,288.21
14263200,287.71
14266800,287.42
14270400,287.69
14274000,290.52
14277600,293.61
14281200,298.09
14284800,300.65
14288400,302.26
14292000,303.52
14295600,304.51
14299200,305.31
14302800,305.75
14306400,305.86
14310000,305.61
14313600,304.94
14317200,303.8
14320800,301.21
14324400,297.16
14328000,295.72
14331600,294.73
14335200,293.98
14338800,293.55
14342400,293.1
14346000,292.42
14349600,291.65
14353200,290.96
14356800,290.4
14360400,291.45
14364000,293.78
14367600,298.3
14371200,302.67
14374800,304.81
14378400,306.3
14382000,307.49
14385600,308.41
14389200,308.97
14392800,309.15
14396400,308.9
14400000,308.16
14403600,306.88
14407200,303.54
14410800,299.47
14414400,298.18
14418000,297.09
14421600,295.95
14425200,294.86
14428800,293.71
14432400,292.5
14436000,291.73
14439600,291.59
14443200,291.64
14446800,292.7
14450400,295.27
14454000,298.83
14457600,302.7
14461200,307.15
14464800,309.05
14468400,310.29
14472000,311.16
14475600,311.67
14479200,311.83
14482800,311.57
14486400,310.76
14490000,309.46
14493600,306.53
14497200,303.7
14500800,302.21
14504400,300.41
14508000,298.55
14511600,297.15
14515200,296.01
14518800,295.1
14522400,294.31
14526000,293.6
14529600,293.25
14533200,295.54
14536800,298.5
14540400,302.3
14544000,305.73
14547600,307.89
14551200,309.41
14554800,310.23
14558400,310.56
14562000,310.04
14565600,309.26
14569200,309.97
14572800,309.8
14576400,307.7
14580000,304.55
14583600,301.89
14587200,300.29
14590800,299.47
14594400,297.27
14598000,295.0
14601600,294.89
14605200,295.27
14608800,294.95
14612400,294.59
14616000,294.35
14619600,294.77
14623200,296.95
14626800,299.81
14630400,302.33
14634000,304.35
14637600,305.75
14641200,306.52
14644800,306.4
14648400,306.1
14652000,305.29
14655600,304.44
14659200,303.48
14662800,302.58
14666400,301.5
14670000,299.98
14673600,298.2
14677200,296.66
14680800,295.43
14684400,294.58
14688000,293.73
14691600,292.85
14695200,292.08
14698800,291.65
14702400,291.34
14706000,292.97
14709600,295.45
14713200,298.44
14716800,301.38
14720400,303.67
14724000,305.69
14727600,307.35
14731200,308.48
14734800,308.99
14738400,309.01
14742000,308.63
14745600,307.27
14749200,305.41
14752800,302.91
14756400,300.28
14760000,298.88
14763600,297.34
14767200,295.95
14770800,295.01
14774400,294.27
14778000,293.54
14781600,292.35
14785200,292.1
14788800,291.48
14792400,292.64
14796000,295.56
14799600,298.74
14803200,301.35
14806800,303.55
14810400,305.25
14814000,306.4
14817600,307.14
14821200,307.51
14824800,307.52
14828400,307.05
14832000,306.2
14835600,304.99
14839200,302.2
14842800,300.11
14846400,298.6
14850000,296.91
14853600,295.89
14857200,294.95
14860800,294.26
14864400,293.73
14868000,292.73
14871600,292.8
14875200,292.48
14878800,293.04
14882400,294.92
14886000,298.27
14889600,302.2
14893200,304.73
14896800,305.38
14900400,307.2
14904000,307.4
14907600,304.34
14911200,301.79
14914800,298.3
14918400,295.84
14922000,294.21
14925600,293.1
14929200,292.52
14932800,292.17
14936400,291.88
14940000,291.35
14943600,291.14
14947200,290.47
14950800,289.76
14954400,289.11
14958000,288.52
14961600,288.34
14965200,290.72
14968800,293.98
14972400,297.26
14976000,299.47
14979600,301.33
14983200,303.12
14986800,304.61
14990400,305.67
14994000,306.23
14997600,306.34
15001200,305.96
15004800,304.86
15008400,303.22
15012000,300.57
15015600,296.76
15019200,296.31
15022800,295.66
15026400,294.41
15030000,293.37
15033600,292.38
15037200,291.31
15040800,290.25
15044400,289.39
15048000,289.13
15051600,292.23
15055200,295.74
15058800,301.27
15062400,304.04
15066000,305.81
15069600,307.09
15073200,308.08
15076800,308.81
15080400,309.28
15084000,309.46
15087600,309.31
15091200,308.58
15094800,307.37
15098400,304.34
15102000,301.16
15105600,300.85
15109200,299.73
15112800,297.13
15116400,295.19
15120000,283.9
15123600,283.08
15127200,282.48
15130800,281.95
15134400,281.8
15138000,284.89
15141600,288.24
15145200,292.47
15148800,295.06
15152400,296.49
15156000,297.06
15159600,297.85
15163200,298.53
15166800,298.79
15170400,298.93
15174000,299.1
15177600,298.81
15181200,298.13
15184800,296.34
15188400,294.37
15192000,292.36
15195600,289.95
15199200,288.48
15202800,287.46
15206400,286.59
15210000,285.81
15213600,285.16
15217200,284.64
15220800,284.52
15224400,287.31
15228000,290.64
15231600,294.99
15235200,297.81
15238800,299.58
15242400,300.59
15246000,301.29
15249600,302.09
15253200,302.33
15256800,302.1
15260400,301.21
15264000,300.02
15267600,298.28
15271200,296.02
15274800,293.22
15278400,292.09
15282000,290.81
15285600,290.12
15289200,289.21
15292800,288.16
15296400,287.19
15300000,286.53
15303600,285.27
15307200,284.83
15310800,287.14
15314400,290.46
15318000,294.06
15321600,295.94
15325200,297.56
15328800,298.98
15332400,299.99
15336000,299.91
15339600,299.83
15343200,299.97
15346800,299.57
15350400,298.89
15354000,297.93
15357600,295.41
15361200,292.77
15364800,291.71
15368400,290.73
15372000,289.07
15375600,288.09
15379200,287.77
15382800,287.82
15386400,287.1
15390000,286.13
15393600,285.7
15397200,288.62
15400800,292.59
15404400,296.83
15408000,299.78
15411600,301.53
15415200,302.69
15418800,303.44
15422400,303.86
15426000,303.91
15429600,303.59
15433200,302.88
15436800,301.84
15440400,300.38
15444000,297.91
15447600,294.46
15451200,293.2
15454800,292.06
15458400,290.84
15462000,289.63
15465600,288.55
15469200,287.66
15472800,287.36
15476400,288.02
15480000,288.31
15483600,289.35
15487200,291.98
15490800,296.63
15494400,300.05
15498000,302.52
15501600,304.25
15505200,305.36
15508800,305.97
15512400,306.07
15516000,305.66
15519600,304.76
15523200,303.69
15526800,302.57
15530400,299.78
15534000,296.12
15537600,295.07
15541200,294.34
15544800,293.77
15548400,293.39
15552000,292.97
15555600,292.55
15559200,292.13
15562800,291.35
15566400,290.63
15570000,291.76
15573600,294.77
15577200,298.06
15580800,300.45
15584400,302.21
15588000,302.63
15591600,302.77
15595200,302.98
15598800,302.92
15602400,302.48
15606000,301.72
15609600,300.91
15613200,299.98
15616800,298.19
15620400,294.25
15624000,292.56
15627600,291.12
15631200,289.83
15634800,288.73
15638400,287.93
15642000,287.41
15645600,286.98
15649200,286.52
15652800,286.36
15656400,289.77
15660000,293.25
15663600,297.75
15667200,299.84
15670800,301.42
15674400,302.48
15678000,303.17
15681600,303.54
15685200,303.8
15688800,303.98
15692400,303.83
15696000,303.38
15699600,302.55
15703200,300.1
15706800,295.97
15710400,294.39
15714000,293.07
15717600,291.92
15721200,290.99
15724800,291.71
15728400,291.23
15732000,290.79
15735600,290.59
15739200,290.53
15742800,290.91
15746400,291.69
15750000,293.73
15753600,295.52
15757200,296.66
15760800,297.56
15764400,297.59
15768000,297.37
15771600,298.37
15775200,299.94
15778800,300.4
15782400,299.84
15786000,298.59
15789600,296.05
15793200,293.23
15796800,292.25
15800400,291.43
15804000,290.84
15807600,290.51
15811200,290.24
15814800,289.95
15818400,289.52
15822000,289.12
15825600,288.87
15829200,290.81
15832800,293.56
15836400,296.6
15840000,299.2
15843600,301.15
15847200,302.58
15850800,304.23
15854400,305.5
15858000,306.2
15861600,306.44
15865200,306.34
15868800,305.84
15872400,304.8
15876000,301.48
15879600,298.04
15883200,296.73
15886800,295.65
15890400,294.57
15894000,293.54
15897600,292.67
15901200,291.98
15904800,291.73
15908400,292.01
15912000,291.54
15915600,292.98
15919200,294.65
15922800,296.96
15926400,301.05
15930000,304.82
15933600,306.85
15937200,308.47
15940800,309.5
15944400,309.98
15948000,308.29
15951600,307.2
15955200,307.4
15958800,305.86
15962400,301.95
15966000,299.86
15969600,298.68
15973200,297.63
15976800,297.19
15980400,296.49
15984000,295.48
15987600,294.3
15991200,293.55
15994800,292.97
15998400,292.71
16002000,294.45
16005600,297.6
16009200,301.33
16012800,304.45
16016400,306.36
16020000,308.15
16023600,309.62
16027200,310.43
16030800,310.77
16034400,310.74
16038000,310.16
16041600,309.21
16045200,307.74
16048800,304.27
16052400,301.2
16056000,299.87
16059600,298.48
16063200,297.14
16066800,296.08
16070400,295.06
16074000,294.19
16077600,293.53
16081200,293.09
16084800,292.65
16088400,293.83
16092000,295.49
16095600,298.64
16099200,302.23
16102800,305.55
16106400,307.92
16110000,309.86
16113600,311.06
16117200,310.41
16120800,308.33
16124400,308.31
16128000,307.54
16131600,305.2
16135200,301.28
16138800,298.81
16142400,297.3
16146000,296.23
16149600,295.58
16153200,295.1
16156800,294.7
16160400,294.67
16164000,295.01
16167600,295.13
16171200,294.39
16174800,294.55
16178400,295.44
16182000,297.16
16185600,298.8
16189200,299.79
16192800,300.41
16196400,300.88
16200000,301.16
16203600,301.42
16207200,301.95
16210800,302.03
16214400,301.95
16218000,301.14
16221600,299.28
16225200,298.14
16228800,297.8
16232400,297.01
16236000,296.2
16239600,295.71
16243200,295.13
16246800,294.4
16250400,293.87
16254000,293.84
16257600,294.36
16261200,294.59
16264800,295.5
16268400,297.16
16272000,299.34
16275600,302.0
16279200,304.05
16282800,305.09
16286400,305.63
16290000,305.98
16293600,306.07
16297200,305.8
16300800,305.23
16304400,303.74
16308000,300.7
16311600,298.35
16315200,297.3
16318800,296.2
16322400,295.07
16326000,294.2
16329600,291.81
16333200,291.11
16336800,290.52
16340400,289.98
16344000,289.77
16347600,291.8
16351200,294.69
16354800,297.14
16358400,299.13
16362000,300.95
16365600,302.34
16369200,303.22
16372800,303.7
16376400,303.86
16380000,303.59
16383600,302.84
16387200,301.77
16390800,300.63
16394400,299.22
16398000,296.6
16401600,295.37
16405200,294.72
16408800,293.95
16412400,293.05
16416000,292.25
16419600,291.55
16423200,290.94
16426800,290.41
16430400,290.23
16434000,293.09
16437600,296.48
16441200,299.69
16444800,301.77
16448400,303.35
16452000,304.4
16455600,305.75
16459200,306.54
16462800,306.76
16466400,306.54
16470000,305.9
16473600,304.98
16477200,303.85
16480800,301.76
16484400,298.34
16488000,297.21
16491600,296.19
16495200,295.36
16498800,295.18
16502400,295.25
16506000,295.13
16509600,294.41
16513200,293.79
16516800,293.54
16520400,294.44
16524000,296.65
16527600,300.13
16531200,304.32
16534800,307.1
16538400,308.85
16542000,310.0
16545600,310.83
16549200,311.23
16552800,311.35
16556400,310.86
16560000,310.03
16563600,308.91
16567200,306.13
16570800,302.98
16574400,301.7
16578000,300.67
16581600,299.55
16585200,298.59
16588800,297.81
16592400,297.32
16596000,296.8
16599600,295.69
16603200,295.06
16606800,297.05
16610400,299.22
16614000,303.52
16617600,307.61
16621200,309.58
16624800,311.16
16628400,312.02
16632000,311.76
16635600,311.25
16639200,311.38
16642800,311.55
16646400,310.39
16650000,309.04
16653600,306.91
16657200,304.99
16660800,303.48
16664400,302.32
16668000,301.22
16671600,300.25
16675200,299.38
16678800,298.84
16682400,298.48
16686000,297.96
16689600,297.68
16693200,298.66
16696800,300.41
16700400,302.81
16704000,305.39
16707600,307.34
16711200,309.06
16714800,310.65
16718400,311.16
16722000,310.59
16725600,310.21
16729200,309.77
16732800,308.09
16736400,306.02
16740000,303.84
16743600,301.85
16747200,299.79
16750800,297.89
16754400,297.0
16758000,296.73
16761600,296.34
16765200,295.91
16768800,295.55
16772400,295.16
16776000,294.84
16779600,295.27
16783200,296.63
16786800,297.91
16790400,299.05
16794000,300.27
16797600,301.45
16801200,301.84
16804800,302.29
16808400,302.45
16812000,302.11
16815600,301.84
16819200,301.19
16822800,299.86
16826400,297.55
16830000,294.93
16833600,293.87
16837200,292.81
16840800,291.89
16844400,291.31
16848000,290.78
16851600,290.25
16855200,289.84
16858800,289.33
16862400,288.91
16866000,289.88
16869600,292.48
16873200,296.48
16876800,299.99
16880400,302.19
16884000,303.41
16887600,303.77
16891200,304.04
16894800,304.41
16898400,304.33
16902000,303.56
16905600,302.18
16909200,300.8
16912800,299.23
16916400,297.13
16920000,296.02
16923600,294.91
16927200,293.99
16930800,293.27
16934400,286.23
16938000,285.58
16941600,285.07
16945200,285.07
16948800,285.09
16952400,286.4
16956000,289.6
16959600,294.38
16963200,297.7
16966800,299.32
16970400,300.48
16974000,301.41
16977600,302.07
16981200,302.47
16984800,302.44
16988400,301.88
16992000,300.72
16995600,299.52
16999200,297.12
17002800,295.3
17006400,294.88
17010000,294.49
17013600,294.07
17017200,292.63
17020800,291.08
17024400,289.8
17028000,289.06
17031600,288.54
17035200,287.92
17038800,288.74
17042400,290.38
17046000,292.76
17049600,295.3
17053200,297.44
17056800,299.38
17060400,300.61
17064000,301.73
17067600,302.63
17071200,302.77
17074800,302.39
17078400,301.51
17082000,300.38
17085600,298.8
17089200,296.02
17092800,294.95
17096400,294.11
17100000,293.18
17103600,292.41
17107200,291.32
17110800,290.62
17114400,289.85
17118000,289.62
17121600,289.54
17125200,290.73
17128800,292.35
17132400,294.51
17136000,297.31
17139600,299.21
17143200,300.38
17146800,301.0
17150400,301.32
17154000,301.69
17157600,301.8
17161200,301.73
17164800,301.37
17168400,300.18
17172000,297.98
17175600,296.28
17179200,294.22
17182800,292.98
17186400,292.18
17190000,291.91
17193600,291.77
17197200,291.11
17200800,290.34
17204400,289.7
17208000,289.44
17211600,290.38
17215200,291.7
17218800,293.51
17222400,295.41
17226000,297.32
17229600,298.85
17233200,299.89
17236800,300.05
17240400,299.6
17244000,299.18
17247600,298.0
17251200,296.33
17254800,294.28
17258400,292.34
17262000,290.88
17265600,290.05
17269200,289.52
17272800,289.19
17276400,288.86
17280000,288.41
17283600,287.85
17287200,286.95
17290800,286.34
17294400,286.07
17298000,287.4
17301600,289.54
17305200,292.04
17308800,294.29
17312400,296.28
17316000,297.74
17319600,298.7
17323200,299.42
17326800,299.82
17330400,299.83
17334000,299.46
17337600,298.77
17341200,297.67
17344800,294.73
17348400,292.34
17352000,291.73
17355600,291.3
17359200,291.41
17362800,291.07
17366400,290.38
17370000,289.88
17373600,289.27
17377200,288.8
17380800,287.74
17384400,287.59
17388000,288.7
17391600,290.34
17395200,292.97
17398800,295.06
17402400,296.3
17406000,296.99
17409600,297.51
17413200,297.79
17416800,297.71
17420400,297.16
17424000,296.48
17427600,295.54
17431200,293.57
17434800,290.56
17438400,289.38
17442000,288.71
17445600,288.05
17449200,287.16
17452800,286.3
17456400,285.49
17460000,284.67
17463600,283.94
17467200,283.25
17470800,285.04
17474400,288.13
17478000,291.7
17481600,293.23
17485200,294.67
17488800,295.88
17492400,296.77
17496000,297.36
17499600,297.55
17503200,297.37
17506800,296.88
17510400,296.36
17514000,295.63
17517600,292.9
17521200,289.55
17524800,288.05
17528400,286.88
17532000,285.87
17535600,284.9
17539200,291.71
17542800,291.23
17546400,290.79
17550000,290.59
17553600,290.53
17557200,290.91
17560800,291.69
17564400,293.73
17568000,295.52
17571600,296.66
17575200,297.56
17578800,297.59
17582400,297.37
17586000,298.37
17589600,299.94
17593200,300.4
17596800,299.84
17600400,298.59
17604000,296.05
17607600,293.23
17611200,292.25
17614800,291.43
17618400,290.84
17622000,290.51
17625600,290.24
17629200,289.95
17632800,289.52
17636400,289.12
17640000,288.87
17643600,290.81
17647200,293.56
17650800,296.6
17654400,299.2
17658000,301.15
17661600,302.58
17665200,304.23
17668800,305.5
17672400,306.2
17676000,306.44
17679600,306.34
17683200,305.84
17686800,304.8
17690400,301.48
17694000,298.04
17697600,296.73
17701200,295.65
17704800,294.57
17708400,293.54
17712000,292.67
17715600,291.98
17719200,291.73
17722800,292.01
17726400,291.54
17730000,292.98
17733600,294.65
17737200,296.96
17740800,301.05
17744400,304.82
17748000,306.85
17751600,308.47
17755200,309.5
17758800,309.98
17762400,308.29
17766000,307.2
17769600,307.4
17773200,305.86
17776800,301.95
17780400,299.86
17784000,298.68
17787600,297.63
17791200,297.19
17794800,296.49
17798400,295.48
17802000,294.3
17805600,293.55
17809200,292.97
17812800,292.71
17816400,294.45
17820000,297.6
17823600,301.33
17827200,304.45
17830800,306.36
17834400,308.15
17838000,309.62
17841600,310.43
17845200,310.77
17848800,310.74
17852400,310.16
17856000,309.21
17859600,307.74
17863200,304.27
17866800,301.2
17870400,299.87
17874000,298.48
17877600,297.14
17881200,296.08
17884800,295.06
17888400,294.19
17892000,293.53
17895600,293.09
17899200,292.65
17902800,293.83
17906400,295.49
17910000,298.64
17913600,302.23
17917200,305.55
17920800,307.92
17924400,309.86
17928000,311.06
17931600,310.41
17935200,308.33
17938800,308.31
17942400,307.54
17946000,305.2
17949600,301.28
17953200,298.81
17956800,297.3
17960400,296.23
17964000,295.58
17967600,295.1
17971200,294.7
17974800,294.67
17978400,295.01
17982000,295.13
17985600,294.39
17989200,294.55
17992800,295.44
17996400,297.16
18000000,298.8
18003600,299.79
18007200,300.41
18010800,300.88
18014400,301.16
18018000,301.42
18021600,301.95
18025200,302.03
18028800,301.95
18032400,301.14
18036000,299.28
18039600,298.14
18043200,297.8
18046800,297.01
18050400,296.2
18054000,295.71
18057600,295.13
18061200,294.4
18064800,293.87
18068400,293.84
18072000,294.36
18075600,294.59
18079200,295.5
18082800,297.16
18086400,299.34
18090000,302.0
18093600,304.05
18097200,305.09
18100800,305.63
18104400,305.98
18108000,306.07
18111600,305.8
18115200,305.23
18118800,303.74
18122400,300.7
18126000,298.35
18129600,297.3
18133200,296.2
18136800,295.07
18140400,294.2
18144000,287.65
18147600,286.74
18151200,285.59
18154800,284.13
18158400,282.77
18162000,282.76
18165600,284.17
18169200,286.21
18172800,288.38
18176400,290.36
18180000,291.73
18183600,292.42
18187200,292.73
18190800,293.07
18194400,293.34
18198000,293.09
18201600,292.09
18205200,290.39
18208800,288.11
18212400,285.56
18216000,284.4
18219600,282.64
18223200,281.21
18226800,280.22
18230400,279.45
18234000,278.77
18237600,278.59
18241200,278.9
18244800,279.1
18248400,279.68
18252000,281.23
18255600,283.07
18259200,284.63
18262800,286.16
18266400,287.7
18270000,289.2
18273600,290.25
18277200,290.84
18280800,290.95
18284400,290.76
18288000,290.0
18291600,289.07
18295200,287.27
18298800,284.41
18302400,282.64
18306000,281.08
18309600,281.45
18313200,281.33
18316800,280.95
18320400,280.24
18324000,279.52
18327600,279.02
18331200,278.73
18334800,279.7
18338400,281.77
18342000,284.3
18345600,287.57
18349200,290.46
18352800,292.2
18356400,293.38
18360000,293.96
18363600,294.0
18367200,293.85
18370800,293.56
18374400,292.95
18378000,291.85
18381600,288.91
18385200,285.06
18388800,283.64
18392400,282.21
18396000,281.14
18399600,280.49
18403200,280.11
18406800,279.77
18410400,279.33
18414000,278.82
18417600,278.5
18421200,280.23
18424800,283.26
18428400,287.56
18432000,290.41
18435600,292.47
18439200,294.06
18442800,295.3
18446400,296.26
18450000,296.88
18453600,297.09
18457200,296.88
18460800,296.23
18464400,295.16
18468000,292.06
18471600,288.45
18475200,287.13
18478800,285.95
18482400,285.06
18486000,284.42
18489600,284.32
18493200,284.31
18496800,284.34
18500400,283.79
18504000,282.95
18507600,283.06
18511200,283.77
18514800,285.05
18518400,287.37
18522000,289.58
18525600,291.88
18529200,293.81
18532800,294.86
18536400,295.43
18540000,295.47
18543600,295.44
18547200,296.05
18550800,295.55
18554400,292.47
18558000,290.01
18561600,289.46
18565200,288.34
18568800,287.38
18572400,287.18
18576000,287.36
18579600,287.37
18583200,287.91
18586800,288.08
18590400,287.34
18594000,287.27
18597600,289.05
18601200,291.63
18604800,293.47
18608400,295.08
18612000,296.54
18615600,297.62
18619200,298.12
18622800,298.03
18626400,297.45
18630000,296.43
18633600,295.07
18637200,293.24
18640800,290.84
18644400,288.37
18648000,286.48
18651600,284.82
18655200,283.66
18658800,282.73
18662400,281.92
18666000,281.26
18669600,280.7
18673200,280.15
18676800,279.72
18680400,282.3
18684000,285.73
18687600,289.73
18691200,292.23
18694800,294.23
18698400,295.69
18702000,296.74
18705600,297.48
18709200,297.88
18712800,297.89
18716400,297.46
18720000,296.75
18723600,295.81
18727200,292.97
18730800,290.32
18734400,290.31
18738000,289.66
18741600,288.57
18745200,287.2
18748800,295.09
18752400,294.04
18756000,293.3
18759600,292.7
18763200,292.21
18766800,294.27
18770400,296.98
18774000,299.48
18777600,301.55
18781200,303.43
18784800,305.07
18788400,306.32
18792000,307.2
18795600,307.61
18799200,307.67
18802800,307.25
18806400,306.51
18810000,305.42
18813600,303.74
18817200,301.47
18820800,299.88
18824400,298.59
18828000,297.18
18831600,295.88
18835200,294.63
18838800,293.45
18842400,292.44
18846000,291.66
18849600,291.38
18853200,292.65
18856800,294.68
18860400,296.87
18864000,298.83
18867600,300.68
18871200,302.42
18874800,304.05
18878400,305.07
18882000,305.55
18885600,305.15
18889200,304.9
18892800,304.21
18896400,303.13
18900000,301.81
18903600,300.23
18907200,299.27
18910800,298.3
18914400,297.3
18918000,296.39
18921600,295.6
18925200,294.88
18928800,294.16
18932400,293.6
18936000,293.28
18939600,293.35
18943200,293.93
18946800,295.09
18950400,296.36
18954000,296.95
18957600,297.62
18961200,298.01
18964800,298.18
18968400,298.3
18972000,298.16
18975600,297.79
18979200,297.18
18982800,296.59
18986400,295.74
18990000,294.02
18993600,292.95
18997200,291.88
19000800,290.59
19004400,289.58
19008000,288.79
19011600,287.96
19015200,287.2
19018800,286.6
19022400,286.41
19026000,288.07
19029600,291.02
19033200,296.23
19036800,300.7
19040400,303.2
19044000,304.8
19047600,305.63
19051200,305.93
19054800,305.71
19058400,305.2
19062000,304.59
19065600,303.64
19069200,302.29
19072800,299.96
19076400,295.49
19080000,293.69
19083600,292.27
19087200,290.97
19090800,289.8
19094400,288.89
19098000,288.21
19101600,287.71
19105200,287.42
19108800,287.69
19112400,290.52
19116000,293.61
19119600,298.09
19123200,300.65
19126800,302.26
19130400,303.52
19134000,304.51
19137600,305.31
19141200,305.75
19144800,305.86
19148400,305.61
19152000,304.94
19155600,303.8
19159200,301.21
19162800,297.16
19166400,295.72
19170000,294.73
19173600,293.98
19177200,293.55
19180800,293.1
19184400,292.42
19188000,291.65
19191600,290.96
19195200,290.4
19198800,291.45
19202400,293.78
19206000,298.3
19209600,302.67
19213200,304.81
19216800,306.3
19220400,307.49
19224000,308.41
19227600,308.97
19231200,309.15
19234800,308.9
19238400,308.16
19242000,306.88
19245600,303.54
19249200,299.47
19252800,298.18
19256400,297.09
19260000,295.95
19263600,294.86
19267200,293.71
19270800,292.5
19274400,291.73
19278000,291.59
19281600,291.64
19285200,292.7
19288800,295.27
19292400,298.83
19296000,302.7
19299600,307.15
19303200,309.05
19306800,310.29
19310400,311.16
19314000,311.67
19317600,311.83
19321200,311.57
19324800,310.76
19328400,309.46
19332000,306.53
19335600,303.7
19339200,302.21
19342800,300.41
19346400,298.55
19350000,297.15
19353600,285.66
19357200,284.97
19360800,283.74
19364400,282.73
19368000,282.13
19371600,282.93
19375200,284.73
19378800,287.22
19382400,289.89
19386000,292.13
19389600,293.66
19393200,294.69
19396800,295.38
19400400,295.69
19404000,295.52
19407600,294.96
19411200,294.14
19414800,292.99
19418400,289.25
19422000,287.27
19425600,286.25
19429200,284.69
19432800,283.64
19436400,282.91
19440000,281.96
19443600,281.28
19447200,281.16
19450800,281.44
19454400,282.01
19458000,283.21
19461600,285.08
19465200,288.02
19468800,291.67
19472400,295.66
19476000,299.46
19479600,300.91
19483200,300.46
19486800,300.64
19490400,300.34
19494000,299.59
19497600,299.23
19501200,297.92
19504800,293.65
19508400,291.52
19512000,290.67
19515600,290.39
19519200,290.18
19522800,289.55
19526400,288.71
19530000,288.15
19533600,287.64
19537200,287.15
19540800,286.35
19544400,287.73
19548000,291.06
19551600,295.72
19555200,300.02
19558800,302.24
19562400,303.46
19566000,304.2
19569600,304.56
19573200,304.55
19576800,304.23
19580400,303.73
19584000,302.8
19587600,301.2
19591200,296.84
19594800,293.16
19598400,291.72
19602000,290.7
19605600,289.93
19609200,289.3
19612800,288.84
19616400,288.48
19620000,287.9
19623600,287.34
19627200,286.84
19630800,288.92
19634400,293.32
19638000,297.13
19641600,301.62
19645200,303.36
19648800,304.66
19652400,305.66
19656000,306.32
19659600,306.56
19663200,306.38
19666800,305.82
19670400,304.93
19674000,303.4
19677600,298.34
19681200,295.63
19684800,295.02
19688400,293.73
19692000,292.56
19695600,292.59
19699200,293.06
19702800,292.63
19706400,291.84
19710000,291.11
19713600,290.23
19717200,291.07
19720800,293.27
19724400,295.96
19728000,298.23
19731600,299.95
19735200,300.94
19738800,301.19
19742400,300.73
19746000,299.79
19749600,298.75
19753200,297.92
19756800,297.41
19760400,296.71
19764000,294.48
19767600,292.41
19771200,291.5
19774800,290.44
19778400,289.42
19782000,287.9
19785600,285.83
19789200,284.51
19792800,283.41
19796400,282.34
19800000,281.64
19803600,282.79
19807200,285.63
19810800,289.15
19814400,292.22
19818000,294.52
19821600,296.18
19825200,297.57
19828800,298.79
19832400,299.58
19836000,299.84
19839600,299.51
19843200,298.63
19846800,297.16
19850400,293.95
19854000,290.91
19857600,290.05
19861200,288.87
19864800,287.57
19868400,286.92
19872000,287.24
19875600,287.84
19879200,287.88
19882800,287.45
19886400,286.58
19890000,286.5
19893600,288.84
19897200,292.48
19900800,294.51
19904400,295.13
19908000,296.38
19911600,298.86
19915200,301.12
19918800,303.01
19922400,303.08
19926000,301.93
19929600,300.66
19933200,299.51
19936800,297.43
19940400,294.55
19944000,293.02
19947600,291.52
19951200,289.92
19954800,288.45
19958400,296.01
19962000,295.1
19965600,294.31
19969200,293.6
19972800,293.25
19976400,295.54
19980000,298.5
19983600,302.3
19987200,305.73
19990800,307.89
19994400,309.41
19998000,310.23
20001600,310.56
20005200,310.04
20008800,309.26
20012400,309.97
20016000,309.8
20019600,307.7
20023200,304.55
20026800,301.89
20030400,300.29
20034000,299.47
20037600,297.27
20041200,295.0
20044800,294.89
20048400,295.27
20052000,294.95
20055600,294.59
20059200,294.35
20062800,294.77
20066400,296.95
20070000,299.81
20073600,302.33
20077200,304.35
20080800,305.75
20084400,306.52
20088000,306.4
20091600,306.1
20095200,305.29
20098800,304.44
20102400,303.48
20106000,302.58
20109600,301.5
20113200,299.98
20116800,298.2
20120400,296.66
20124000,295.43
20127600,294.58
20131200,293.73
20134800,292.85
20138400,292.08
20142000,291.65
20145600,291.34
20149200,292.97
20152800,295.45
20156400,298.44
20160000,301.38
20163600,303.67
20167200,305.69
20170800,307.35
20174400,308.48
20178000,308.99
20181600,309.01
20185200,308.63
20188800,307.27
20192400,305.41
20196000,302.91
20199600,300.28
20203200,298.88
20206800,297.34
20210400,295.95
20214000,295.01
20217600,294.27
20221200,293.54
20224800,292.35
20228400,292.1
20232000,291.48
20235600,292.64
20239200,295.56
20242800,298.74
20246400,301.35
20250000,303.55
20253600,305.25
20257200,306.4
20260800,307.14
20264400,307.51
20268000,307.52
20271600,307.05
20275200,306.2
20278800,304.99
20282400,302.2
20286000,300.11
20289600,298.6
20293200,296.91
20296800,295.89
20300400,294.95
20304000,294.26
20307600,293.73
20311200,292.73
20314800,292.8
20318400,292.48
20322000,293.04
20325600,294.92
20329200,298.27
20332800,302.2
20336400,304.73
20340000,305.38
20343600,307.2
20347200,307.4
20350800,304.34
20354400,301.79
20358000,298.3
20361600,295.84
20365200,294.21
20368800,293.1
20372400,292.52
20376000,292.17
20379600,291.88
20383200,291.35
20386800,291.14
20390400,290.47
20394000,289.76
20397600,289.11
20401200,288.52
20404800,288.34
20408400,290.72
20412000,293.98
20415600,297.26
20419200,299.47
20422800,301.33
20426400,303.12
20430000,304.61
20433600,305.67
20437200,306.23
20440800,306.34
20444400,305.96
20448000,304.86
20451600,303.22
20455200,300.57
20458800,296.76
20462400,296.31
20466000,295.66
20469600,294.41
20473200,293.37
20476800,292.38
20480400,291.31
20484000,290.25
20487600,289.39
20491200,289.13
20494800,292.23
20498400,295.74
20502000,301.27
20505600,304.04
20509200,305.81
20512800,307.09
20516400,308.08
20520000,308.81
20523600,309.28
20527200,309.46
20530800,309.31
20534400,308.58
20538000,307.37
20541600,304.34
20545200,301.16
20548800,300.85
20552400,299.73
20556000,297.13
20559600,295.19
20563200,290.17
20566800,289.54
20570400,289.12
20574000,288.92
20577600,289.08
20581200,292.61
20584800,296.4
20588400,300.24
20592000,301.84
20595600,302.89
20599200,303.59
20602800,304.29
20606400,304.95
20610000,305.35
20613600,305.23
20617200,304.52
20620800,303.46
20624400,302.18
20628000,300.15
20631600,296.13
20635200,294.32
20638800,292.84
20642400,291.51
20646000,290.41
20649600,289.48
20653200,288.7
20656800,288.06
20660400,287.46
20664000,287.19
20667600,289.61
20671200,292.52
20674800,297.63
20678400,301.13
20682000,303.31
20685600,304.91
20689200,306.09
20692800,306.61
20696400,306.02
20700000,305.2
20703600,304.7
20707200,304.1
20710800,303.13
20714400,300.79
20718000,296.9
20721600,295.49
20725200,294.5
20728800,293.47
20732400,292.7
20736000,291.44
20739600,290.26
20743200,289.23
20746800,288.3
20750400,287.81
20754000,289.83
20757600,292.98
20761200,296.8
20764800,298.97
20768400,300.63
20772000,301.91
20775600,302.88
20779200,303.55
20782800,303.82
20786400,303.73
20790000,303.23
20793600,302.34
20797200,301.02
20800800,299.2
20804400,295.72
20808000,294.27
20811600,293.14
20815200,291.92
20818800,290.85
20822400,290.03
20826000,289.78
20829600,289.45
20833200,288.57
20836800,288.14
20840400,290.8
20844000,294.33
20847600,298.05
20851200,300.27
20854800,301.84
20858400,303.05
20862000,303.94
20865600,304.55
20869200,304.84
20872800,304.77
20876400,304.28
20880000,303.38
20883600,302.26
20887200,300.5
20890800,297.14
20894400,296.12
20898000,295.59
20901600,294.54
20905200,292.23
20908800,290.52
20912400,289.23
20916000,288.23
20919600,287.5
20923200,287.09
20926800,289.41
20930400,292.3
20934000,296.6
20937600,298.77
20941200,300.33
20944800,301.73
20948400,302.88
20952000,303.8
20955600,304.32
20959200,304.41
20962800,304.13
20966400,303.5
20970000,302.55
20973600,300.09
20977200,297.45
20980800,296.71
20984400,296.05
20988000,295.25
20991600,294.26
20995200,293.14
20998800,292.26
21002400,291.75
21006000,291.23
21009600,290.76
21013200,291.15
21016800,293.15
21020400,296.77
21024000,301.24
21027600,304.72
21031200,306.46
21034800,307.8
21038400,308.76
21042000,309.24
21045600,309.38
21049200,309.09
21052800,308.36
21056400,307.22
21060000,303.56
21063600,299.46
21067200,298.02
21070800,297.02
21074400,296.09
21078000,295.05
21081600,293.86
21085200,292.44
21088800,291.24
21092400,290.41
21096000,290.35
21099600,293.56
21103200,296.96
21106800,300.86
21110400,303.57
21114000,305.49
21117600,306.84
21121200,307.76
21124800,308.36
21128400,308.77
21132000,308.89
21135600,308.55
21139200,307.84
21142800,306.68
21146400,304.58
21150000,301.1
21153600,299.78
21157200,298.44
21160800,297.18
21164400,296.12
21168000,279.9
21171600,279.18
21175200,278.7
21178800,278.3
21182400,277.95
21186000,277.63
21189600,279.33
21193200,283.6
21196800,287.32
21200400,290.2
21204000,292.05
21207600,293.34
21211200,294.03
21214800,294.16
21218400,293.8
21222000,292.92
21225600,291.45
21229200,287.5
21232800,284.73
21236400,283.82
21240000,283.1
21243600,282.48
21247200,281.87
21250800,281.26
21254400,280.83
21258000,280.5
21261600,280.2
21265200,279.77
21268800,279.24
21272400,278.75
21276000,279.2
21279600,282.25
21283200,286.05
21286800,290.27
21290400,292.25
21294000,293.56
21297600,294.45
21301200,294.87
21304800,294.84
21308400,294.33
21312000,293.23
21315600,289.05
21319200,286.61
21322800,285.56
21326400,284.61
21330000,283.52
21333600,282.44
21337200,281.77
21340800,281.6
21344400,281.06
21348000,280.16
21351600,280.17
21355200,279.47
21358800,278.84
21362400,280.18
21366000,282.13
21369600,284.47
21373200,287.73
21376800,290.84
21380400,294.09
21384000,296.31
21387600,297.0
21391200,296.73
21394800,296.43
21398400,295.6
21402000,292.72
21405600,291.02
21409200,289.95
21412800,289.05
21416400,288.23
21420000,287.35
21423600,286.33
21427200,285.86
21430800,284.9
21434400,284.05
21438000,284.16
21441600,284.52
21445200,284.89
21448800,285.24
21452400,287.59
21456000,291.27
21459600,294.33
21463200,296.01
21466800,297.28
21470400,298.29
21474000,298.8
21477600,298.81
21481200,298.27
21484800,296.95
21488400,292.34
21492000,290.1
21495600,288.84
21499200,287.78
21502800,286.91
21506400,286.1
21510000,285.31
21513600,284.55
21517200,283.8
21520800,283.13
21524400,282.49
21528000,282.02
21531600,281.68
21535200,283.23
21538800,286.35
21542400,289.58
21546000,293.82
21549600,296.54
21553200,297.76
21556800,298.47
21560400,298.72
21564000,298.45
21567600,297.37
21571200,295.43
21574800,291.97
21578400,289.65
21582000,288.22
21585600,287.27
21589200,286.79
21592800,286.34
21596400,285.79
21600000,285.11
21603600,284.52
21607200,283.98
21610800,283.38
21614400,281.82
21618000,281.59
21621600,281.84
21625200,283.82
21628800,287.13
21632400,289.41
21636000,291.25
21639600,292.78
21643200,293.84
21646800,294.34
21650400,294.38
21654000,293.83
21657600,292.49
21661200,287.95
21664800,285.81
21668400,284.66
21672000,283.7
21675600,282.73
21679200,281.68
21682800,280.66
21686400,279.97
21690000,279.55
21693600,279.4
21697200,278.8
21700800,278.02
21704400,278.13
21708000,279.3
21711600,281.27
21715200,283.66
21718800,286.0
21722400,287.95
21726000,289.53
21729600,290.3
21733200,290.56
21736800,290.53
21740400,290.12
21744000,288.7
21747600,286.58
21751200,285.2
21754800,284.55
21758400,284.19
21762000,284.02
21765600,283.66
21769200,282.29
21772800,279.9
21776400,279.18
21780000,278.7
21783600,278.3
21787200,277.95
21790800,277.63
21794400,279.33
21798000,283.6
21801600,287.32
21805200,290.2
21808800,292.05
21812400,293.34
21816000,294.03
21819600,294.16
21823200,293.8
21826800,292.92
21830400,291.45
21834000,287.5
21837600,284.73
21841200,283.82
21844800,283.1
21848400,282.48
21852000,281.87
21855600,281.26
21859200,280.83
21862800,280.5
21866400,280.2
21870000,279.77
21873600,279.24
21877200,278.75
21880800,279.2
21884400,282.25
21888000,286.05
21891600,290.27
21895200,292.25
21898800,293.56
21902400,294.45
21906000,294.87
21909600,294.84
21913200,294.33
21916800,293.23
21920400,289.05
21924000,286.61
21927600,285.56
21931200,284.61
21934800,283.52
21938400,282.44
21942000,281.77
21945600,281.6
21949200,281.06
21952800,280.16
21956400,280.17
21960000,279.47
21963600,278.84
21967200,280.18
21970800,282.13
21974400,284.47
21978000,287.73
21981600,290.84
21985200,294.09
21988800,296.31
21992400,297.0
21996000,296.73
21999600,296.43
22003200,295.6
22006800,292.72
22010400,291.02
22014000,289.95
22017600,289.05
22021200,288.23
22024800,287.35
22028400,286.33
22032000,285.86
22035600,284.9
22039200,284.05
22042800,284.16
22046400,284.52
22050000,284.89
22053600,285.24
22057200,287.59
22060800,291.27
22064400,294.33
22068000,296.01
22071600,297.28
22075200,298.29
22078800,298.8
22082400,298.81
22086000,298.27
22089600,296.95
22093200,292.34
22096800,290.1
22100400,288.84
22104000,287.78
22107600,286.91
22111200,286.1
22114800,285.31
22118400,284.55
22122000,283.8
22125600,283.13
22129200,282.49
22132800,282.02
22136400,281.68
22140000,283.23
22143600,286.35
22147200,289.58
22150800,293.82
22154400,296.54
22158000,297.76
22161600,298.47
22165200,298.72
22168800,298.45
22172400,297.37
22176000,295.43
22179600,291.97
22183200,289.65
22186800,288.22
22190400,287.27
22194000,286.79
22197600,286.34
22201200,285.79
22204800,285.11
22208400,284.52
22212000,283.98
22215600,283.38
22219200,281.82
22222800,281.59
22226400,281.84
22230000,283.82
22233600,287.13
22237200,289.41
22240800,291.25
22244400,292.78
22248000,293.84
22251600,294.34
22255200,294.38
22258800,293.83
22262400,292.49
22266000,287.95
22269600,285.81
22273200,284.66
22276800,283.7
22280400,282.73
22284000,281.68
22287600,280.66
22291200,279.97
22294800,279.55
22298400,279.4
22302000,278.8
22305600,278.02
22309200,278.13
22312800,279.3
22316400,281.27
22320000,283.66
22323600,286.0
22327200,287.95
22330800,289.53
22334400,290.3
22338000,290.56
22341600,290.53
22345200,290.12
22348800,288.7
22352400,286.58
22356000,285.2
22359600,284.55
22363200,284.19
22366800,284.02
22370400,283.66
22374000,282.29
22377600,279.9
22381200,279.18
22384800,278.7
22388400,278.3
22392000,277.95
22395600,277.63
22399200,279.33
22402800,283.6
22406400,287.32
22410000,290.2
22413600,292.05
22417200,293.34
22420800,294.03
22424400,294.16
22428000,293.8
22431600,292.92
22435200,291.45
22438800,287.5
22442400,284.73
22446000,283.82
22449600,283.1
22453200,282.48
22456800,281.87
22460400,281.26
22464000,280.83
22467600,280.5
22471200,280.2
22474800,279.77
22478400,279.24
22482000,278.75
22485600,279.2
22489200,282.25
22492800,286.05
22496400,290.27
22500000,292.25
22503600,293.56
22507200,294.45
22510800,294.87
22514400,294.84
22518000,294.33
22521600,293.23
22525200,289.05
22528800,286.61
22532400,285.56
22536000,284.61
22539600,283.52
22543200,282.44
22546800,281.77
22550400,281.6
22554000,281.06
22557600,280.16
22561200,280.17
22564800,279.47
22568400,278.84
22572000,280.18
22575600,282.13
22579200,284.47
22582800,287.73
22586400,290.84
22590000,294.09
22593600,296.31
22597200,297.0
22600800,296.73
22604400,296.43
22608000,295.6
22611600,292.72
22615200,291.02
22618800,289.95
22622400,289.05
22626000,288.23
22629600,287.35
22633200,286.33
22636800,285.86
22640400,284.9
22644000,284.05
22647600,284.16
22651200,284.52
22654800,284.89
22658400,285.24
22662000,287.59
22665600,291.27
22669200,294.33
22672800,296.01
22676400,297.28
22680000,298.29
22683600,298.8
22687200,298.81
22690800,298.27
22694400,296.95
22698000,292.34
22701600,290.1
22705200,288.84
22708800,287.78
22712400,286.91
22716000,286.1
22719600,285.31
22723200,284.55
22726800,283.8
22730400,283.13
22734000,282.49
22737600,282.02
22741200,281.68
22744800,283.23
22748400,286.35
22752000,289.58
22755600,293.82
22759200,296.54
22762800,297.76
22766400,298.47
22770000,298.72
22773600,298.45
22777200,297.37
22780800,295.43
22784400,291.97
22788000,289.65
22791600,288.22
22795200,287.27
22798800,286.79
22802400,286.34
22806000,285.79
22809600,285.11
22813200,284.52
22816800,283.98
22820400,283.38
22824000,281.82
22827600,281.59
22831200,281.84
22834800,283.82
22838400,287.13
22842000,289.41
22845600,291.25
22849200,292.78
22852800,293.84
22856400,294.34
22860000,294.38
22863600,293.83
22867200,292.49
22870800,287.95
22874400,285.81
22878000,284.66
22881600,283.7
22885200,282.73
22888800,281.68
22892400,280.66
22896000,279.97
22899600,279.55
22903200,279.4
22906800,278.8
22910400,278.02
22914000,278.13
22917600,279.3
22921200,281.27
22924800,283.66
22928400,286.0
22932000,287.95
22935600,289.53
22939200,290.3
22942800,290.56
22946400,290.53
22950000,290.12
22953600,288.7
22957200,286.58
22960800,285.2
22964400,284.55
22968000,284.19
22971600,284.02
22975200,283.66
22978800,282.29
22982400,279.9
22986000,279.18
22989600,278.7
22993200,278.3
22996800,277.95
23000400,277.63
23004000,279.33
23007600,283.6
23011200,287.32
23014800,290.2
23018400,292.05
23022000,293.34
23025600,294.03
23029200,294.16
23032800,293.8
23036400,292.92
23040000,291.45
23043600,287.5
23047200,284.73
23050800,283.82
23054400,283.1
23058000,282.48
23061600,281.87
23065200,281.26
23068800,280.83
23072400,280.5
23076000,280.2
23079600,279.77
23083200,279.24
23086800,278.75
23090400,279.2
23094000,282.25
23097600,286.05
23101200,290.27
23104800,292.25
23108400,293.56
23112000,294.45
23115600,294.87
23119200,294.84
23122800,294.33
23126400,293.23
23130000,289.05
23133600,286.61
23137200,285.56
23140800,284.61
23144400,283.52
23148000,282.44
23151600,281.77
23155200,281.6
23158800,281.06
23162400,280.16
23166000,280.17
23169600,279.47
23173200,278.84
23176800,280.18
23180400,282.13
23184000,284.47
23187600,287.73
23191200,290.84
23194800,294.09
23198400,296.31
23202000,297.0
23205600,296.73
23209200,296.43
23212800,295.6
23216400,292.72
23220000,291.02
23223600,289.95
23227200,289.05
23230800,288.23
23234400,287.35
23238000,286.33
23241600,285.86
23245200,284.9
23248800,284.05
23252400,284.16
23256000,284.52
23259600,284.89
23263200,285.24
23266800,287.59
23270400,291.27
23274000,294.33
23277600,296.01
23281200,297.28
23284800,298.29
23288400,298.8
23292000,298.81
23295600,298.27
23299200,296.95
23302800,292.34
23306400,290.1
23310000,288.84
23313600,287.78
23317200,286.91
23320800,286.1
23324400,285.31
23328000,284.55
23331600,283.8
23335200,283.13
23338800,282.49
23342400,282.02
23346000,281.68
23349600,283.23
23353200,286.35
23356800,289.58
23360400,293.82
23364000,296.54
23367600,297.76
23371200,298.47
23374800,298.72
23378400,298.45
23382000,297.37
23385600,295.43
23389200,291.97
23392800,289.65
23396400,288.22
23400000,287.27
23403600,286.79
23407200,286.34
23410800,285.79
23414400,285.11
23418000,284.52
23421600,283.98
23425200,283.38
23428800,281.82
23432400,281.59
23436000,281.84
23439600,283.82
23443200,287.13
23446800,289.41
23450400,291.25
23454000,292.78
23457600,293.84
23461200,294.34
23464800,294.38
23468400,293.83
23472000,292.49
23475600,287.95
23479200,285.81
23482800,284.66
23486400,283.7
23490000,282.73
23493600,281.68
23497200,280.66
23500800,279.97
23504400,279.55
23508000,279.4
23511600,278.8
23515200,278.02
23518800,278.13
23522400,279.3
23526000,281.27
23529600,283.66
23533200,286.0
23536800,287.95
23540400,289.53
23544000,290.3
23547600,290.56
23551200,290.53
23554800,290.12
23558400,288.7
23562000,286.58
23565600,285.2
23569200,284.55
23572800,284.19
23576400,284.02
23580000,283.66
23583600,282.29
23587200,289.23
23590800,288.78
23594400,289.02
23598000,289.01
23601600,288.87
23605200,289.07
23608800,290.3
23612400,291.77
23616000,293.58
23619600,295.1
23623200,296.13
23626800,296.55
23630400,296.62
23634000,296.54
23637600,296.18
23641200,295.77
23644800,295.12
23648400,294.02
23652000,292.21
23655600,291.19
23659200,290.17
23662800,289.12
23666400,287.82
23670000,286.92
23673600,286.63
23677200,286.2
23680800,285.41
23684400,284.91
23688000,284.62
23691600,285.1
23695200,288.3
23698800,291.67
23702400,294.45
23706000,296.8
23709600,298.66
23713200,299.94
23716800,300.79
23720400,301.25
23724000,301.34
23727600,301.02
23731200,300.34
23734800,298.91
23738400,295.27
23742000,293.73
23745600,292.81
23749200,292.07
23752800,291.26
23756400,290.34
23760000,289.65
23763600,289.35
23767200,289.38
23770800,289.01
23774400,288.5
23778000,288.19
23781600,290.13
23785200,294.28
23788800,297.45
23792400,299.59
23796000,301.29
23799600,302.46
23803200,303.24
23806800,303.69
23810400,303.7
23814000,303.34
23817600,302.59
23821200,301.02
23824800,296.98
23828400,295.19
23832000,294.05
23835600,293.03
23839200,292.16
23842800,291.47
23846400,290.88
23850000,290.29
23853600,289.9
23857200,289.72
23860800,289.44
23864400,289.55
23868000,292.59
23871600,296.89
23875200,300.23
23878800,302.12
23882400,303.46
23886000,304.43
23889600,305.02
23893200,305.08
23896800,304.58
23900400,303.62
23904000,302.32
23907600,300.52
23911200,296.51
23914800,294.96
23918400,294.25
23922000,293.5
23925600,292.6
23929200,291.61
23932800,290.67
23936400,289.91
23940000,289.27
23943600,288.64
23947200,288.06
23950800,288.23
23954400,291.16
23958000,295.2
23961600,298.08
23965200,300.09
23968800,301.6
23972400,302.75
23976000,303.57
23979600,304.04
23983200,304.04
23986800,303.56
23990400,302.54
23994000,300.84
23997600,297.24
24001200,295.55
24004800,294.34
24008400,293.08
24012000,291.87
24015600,290.77
24019200,289.84
24022800,289.11
24026400,288.55
24030000,287.98
24033600,287.48
24037200,287.61
24040800,290.73
24044400,294.55
24048000,298.56
24051600,300.63
24055200,302.1
24058800,303.29
24062400,304.17
24066000,304.69
24069600,304.84
24073200,304.54
24076800,303.74
24080400,301.77
24084000,297.46
24087600,295.77
24091200,294.69
24094800,293.71
24098400,292.8
24102000,291.94
24105600,291.03
24109200,290.39
24112800,290.04
24116400,289.91
24120000,289.81
24123600,289.52
24127200,293.0
24130800,296.52
24134400,300.22
24138000,303.03
24141600,304.3
24145200,304.38
24148800,304.48
24152400,304.47
24156000,305.0
24159600,305.24
24163200,304.25
24166800,301.89
24170400,299.32
24174000,298.61
24177600,297.6
24181200,296.49
24184800,295.46
24188400,294.34
24192000,279.9
24195600,279.18
24199200,278.7
24202800,278.3
24206400,277.95
24210000,277.63
24213600,279.33
24217200,283.6
24220800,287.32
24224400,290.2
24228000,292.05
24231600,293.34
24235200,294.03
24238800,294.16
24242400,293.8
24246000,292.92
24249600,291.45
24253200,287.5
24256800,284.73
24260400,283.82
24264000,283.1
24267600,282.48
24271200,281.87
24274800,281.26
24278400,280.83
24282000,280.5
24285600,280.2
24289200,279.77
24292800,279.24
24296400,278.75
24300000,279.2
24303600,282.25
24307200,286.05
24310800,290.27
24314400,292.25
24318000,293.56
24321600,294.45
24325200,294.87
24328800,294.84
24332400,294.33
24336000,293.23
24339600,289.05
24343200,286.61
24346800,285.56
24350400,284.61
24354000,283.52
24357600,282.44
24361200,281.77
24364800,281.6
24368400,281.06
24372000,280.16
24375600,280.17
24379200,279.47
24382800,278.84
24386400,280.18
24390000,282.13
24393600,284.47
24397200,287.73
24400800,290.84
24404400,294.09
24408000,296.31
24411600,297.0
24415200,296.73
24418800,296.43
24422400,295.6
24426000,292.72
24429600,291.02
24433200,289.95
24436800,289.05
24440400,288.23
24444000,287.35
24447600,286.33
24451200,285.86
24454800,284.9
24458400,284.05
24462000,284.16
24465600,284.52
24469200,284.89
24472800,285.24
24476400,287.59
24480000,291.27
24483600,294.33
24487200,296.01
24490800,297.28
24494400,298.29
24498000,298.8
24501600,298.81
24505200,298.27
24508800,296.95
24512400,292.34
24516000,290.1
24519600,288.84
24523200,287.78
24526800,286.91
24530400,286.1
24534000,285.31
24537600,284.55
24541200,283.8
24544800,283.13
24548400,282.49
24552000,282.02
24555600,281.68
24559200,283.23
24562800,286.35
24566400,289.58
24570000,293.82
24573600,296.54
24577200,297.76
24580800,298.47
24584400,298.72
24588000,298.45
24591600,297.37
24595200,295.43
24598800,291.97
24602400,289.65
24606000,288.22
24609600,287.27
24613200,286.79
24616800,286.34
24620400,285.79
24624000,285.11
24627600,284.52
24631200,283.98
24634800,283.38
24638400,281.82
24642000,281.59
24645600,281.84
24649200,283.82
24652800,287.13
24656400,289.41
24660000,291.25
24663600,292.78
24667200,293.84
24670800,294.34
24674400,294.38
24678000,293.83
24681600,292.49
24685200,287.95
24688800,285.81
24692400,284.66
24696000,283.7
24699600,282.73
24703200,281.68
24706800,280.66
24710400,279.97
24714000,279.55
24717600,279.4
24721200,278.8
24724800,278.02
24728400,278.13
24732000,279.3
24735600,281.27
24739200,283.66
24742800,286.0
24746400,287.95
24750000,289.53
24753600,290.3
24757200,290.56
24760800,290.53
24764400,290.12
24768000,288.7
24771600,286.58
24775200,285.2
24778800,284.55
24782400,284.19
24786000,284.02
24789600,283.66
24793200,282.29
24796800,279.9
24800400,279.18
24804000,278.7
24807600,278.3
24811200,277.95
24814800,277.63
24818400,279.33
24822000,283.6
24825600,287.32
24829200,290.2
24832800,292.05
24836400,293.34
24840000,294.03
24843600,294.16
24847200,293.8
24850800,292.92
24854400,291.45
24858000,287.5
24861600,284.73
24865200,283.82
24868800,283.1
24872400,282.48
24876000,281.87
24879600,281.26
24883200,280.83
24886800,280.5
24890400,280.2
24894000,279.77
24897600,279.24
24901200,278.75
24904800,279.2
24908400,282.25
24912000,286.05
24915600,290.27
24919200,292.25
24922800,293.56
24926400,294.45
24930000,294.87
24933600,294.84
24937200,294.33
24940800,293.23
24944400,289.05
24948000,286.61
24951600,285.56
24955200,284.61
24958800,283.52
24962400,282.44
24966000,281.77
24969600,281.6
24973200,281.06
24976800,280.16
24980400,280.17
24984000,279.47
24987600,278.84
24991200,280.18
24994800,282.13
24998400,284.47
25002000,287.73
25005600,290.84
25009200,294.09
25012800,296.31
25016400,297.0
25020000,296.73
25023600,296.43
25027200,295.6
25030800,292.72
25034400,291.02
25038000,289.95
25041600,289.05
25045200,288.23
25048800,287.35
25052400,286.33
25056000,285.86
25059600,284.9
25063200,284.05
25066800,284.16
25070400,284.52
25074000,284.89
25077600,285.24
25081200,287.59
25084800,291.27
25088400,294.33
25092000,296.01
25095600,297.28
25099200,298.29
25102800,298.8
25106400,298.81
25110000,298.27
25113600,296.95
25117200,292.34
25120800,290.1
25124400,288.84
25128000,287.78
25131600,286.91
25135200,286.1
25138800,285.31
25142400,284.55
25146000,283.8
25149600,283.13
25153200,282.49
25156800,282.02
25160400,281.68
25164000,283.23
25167600,286.35
25171200,289.58
25174800,293.82
25178400,296.54
25182000,297.76
25185600,298.47
25189200,298.72
25192800,298.45
25196400,297.37
25200000,295.43
25203600,291.97
25207200,289.65
25210800,288.22
25214400,287.27
25218000,286.79
25221600,286.34
25225200,285.79
25228800,285.11
25232400,284.52
25236000,283.98
25239600,283.38
25243200,281.82
25246800,281.59
25250400,281.84
25254000,283.82
25257600,287.13
25261200,289.41
25264800,291.25
25268400,292.78
25272000,293.84
25275600,294.34
25279200,294.38
25282800,293.83
25286400,292.49
25290000,287.95
25293600,285.81
25297200,284.66
25300800,283.7
25304400,282.73
25308000,281.68
25311600,280.66
25315200,279.97
25318800,279.55
25322400,279.4
25326000,278.8
25329600,278.02
25333200,278.13
25336800,279.3
25340400,281.27
25344000,283.66
25347600,286.0
25351200,287.95
25354800,289.53
25358400,290.3
25362000,290.56
25365600,290.53
25369200,290.12
25372800,288.7
25376400,286.58
25380000,285.2
25383600,284.55
25387200,284.19
25390800,284.02
25394400,283.66
25398000,282.29
25401600,278.89
25405200,278.48
25408800,278.19
25412400,277.93
25416000,277.59
25419600,277.09
25423200,276.69
25426800,278.35
25430400,281.73
25434000,285.38
25437600,287.61
25441200,289.2
25444800,290.32
25448400,290.81
25452000,290.66
25455600,289.8
25459200,287.3
25462800,283.58
25466400,281.63
25470000,280.32
25473600,279.47
25477200,278.91
25480800,278.44
25484400,277.98
25488000,277.46
25491600,276.95
25495200,276.43
25498800,276.09
25502400,276.24
25506000,276.72
25509600,277.22
25513200,279.41
25516800,282.79
25520400,287.06
25524000,289.08
25527600,290.21
25531200,291.02
25534800,291.39
25538400,291.3
25542000,290.66
25545600,288.46
25549200,286.38
25552800,285.45
25556400,284.61
25560000,283.8
25563600,283.05
25567200,282.32
25570800,281.63
25574400,280.96
25578000,280.27
25581600,279.5
25585200,278.86
25588800,278.39
25592400,278.05
25596000,278.05
25599600,279.68
25603200,282.87
25606800,286.89
25610400,289.45
25614000,290.82
25617600,291.54
25621200,291.81
25624800,291.77
25628400,291.18
25632000,288.08
25635600,284.09
25639200,283.02
25642800,282.29
25646400,281.8
25650000,281.22
25653600,280.34
25657200,279.33
25660800,278.55
25664400,277.95
25668000,277.43
25671600,276.93
25675200,276.42
25678800,275.9
25682400,275.66
25686000,279.4
25689600,283.0
25693200,288.03
25696800,291.75
25700400,292.98
25704000,293.59
25707600,293.72
25711200,293.12
25714800,291.88
25718400,288.73
25722000,284.41
25725600,283.14
25729200,282.38
25732800,281.75
25736400,281.19
25740000,280.65
25743600,280.17
25747200,279.72
25750800,279.3
25754400,278.87
25758000,278.45
25761600,278.21
25765200,278.16
25768800,278.17
25772400,280.82
25776000,284.85
25779600,288.77
25783200,293.32
25786800,295.35
25790400,296.24
25794000,296.48
25797600,296.11
25801200,295.05
25804800,290.75
25808400,286.42
25812000,285.09
25815600,284.2
25819200,283.55
25822800,283.06
25826400,282.52
25830000,281.95
25833600,281.59
25837200,281.09
25840800,280.44
25844400,279.84
25848000,279.33
25851600,278.82
25855200,278.63
25858800,281.23
25862400,284.27
25866000,288.8
25869600,291.31
25873200,292.55
25876800,293.09
25880400,292.96
25884000,292.28
25887600,291.09
25891200,288.3
25894800,283.66
25898400,282.18
25902000,282.04
25905600,282.1
25909200,280.95
25912800,279.35
25916400,278.39
25920000,277.76
25923600,277.19
25927200,276.63
25930800,276.25
25934400,276.25
25938000,276.6
25941600,276.8
25945200,279.59
25948800,283.77
25952400,288.5
25956000,291.0
25959600,292.33
25963200,293.16
25966800,293.47
25970400,293.2
25974000,292.23
25977600,288.52
25981200,284.72
25984800,283.63
25988400,282.81
25992000,282.36
25995600,282.05
25999200,281.65
26002800,280.99
26006400,296.83
26010000,296.61
26013600,296.12
26017200,295.81
26020800,296.41
26024400,296.15
26028000,296.73
26031600,298.73
26035200,301.7
26038800,304.4
26042400,306.26
26046000,307.54
26049600,308.13
26053200,308.32
26056800,308.16
26060400,307.67
26064000,306.69
26067600,304.81
26071200,300.59
26074800,298.37
26078400,297.32
26082000,296.41
26085600,295.6
26089200,294.93
26092800,294.35
26096400,293.78
26100000,293.24
26103600,292.73
26107200,292.27
26110800,293.34
26114400,295.98
26118000,299.52
26121600,302.2
26125200,304.19
26128800,305.77
26132400,306.91
26136000,307.75
26139600,308.21
26143200,308.3
26146800,308.02
26150400,307.2
26154000,305.61
26157600,301.73
26161200,299.38
26164800,298.05
26168400,296.7
26172000,295.53
26175600,294.47
26179200,293.53
26182800,292.74
26186400,292.08
26190000,291.48
26193600,291.0
26197200,292.17
26200800,295.08
26204400,298.83
26208000,302.86
26211600,305.05
26215200,306.5
26218800,307.38
26222400,308.1
26226000,308.41
26229600,308.36
26233200,307.91
26236800,306.94
26240400,305.19
26244000,300.92
26247600,298.73
26251200,297.72
26254800,296.75
26258400,295.84
26262000,295.07
26265600,294.54
26269200,294.25
26272800,293.95
26276400,293.57
26280000,292.64
26283600,292.8
26287200,294.86
26290800,297.78
26294400,300.87
26298000,304.21
26301600,306.93
26305200,308.09
26308800,309.12
26312400,310.14
26316000,310.3
26319600,309.95
26323200,309.13
26326800,307.32
26330400,303.91
26334000,302.22
26337600,301.2
26341200,300.38
26344800,299.51
26348400,298.44
26352000,297.41
26355600,296.3
26359200,295.63
26362800,295.73
26366400,295.41
26370000,295.38
26373600,297.97
26377200,300.83
26380800,304.55
26384400,307.79
26388000,309.3
26391600,310.55
26395200,311.33
26398800,311.69
26402400,311.5
26406000,310.83
26409600,309.8
26413200,308.02
26416800,304.67
26420400,303.22
26424000,301.66
26427600,299.54
26431200,298.05
26434800,297.34
26438400,296.91
26442000,296.48
26445600,295.98
26449200,295.48
26452800,294.94
26456400,295.06
26460000,296.73
26463600,300.15
26467200,304.3
26470800,306.63
26474400,308.27
26478000,309.45
26481600,310.33
26485200,310.77
26488800,310.63
26492400,309.7
26496000,307.41
26499600,304.76
26503200,301.59
26506800,299.25
26510400,297.94
26514000,297.02
26517600,296.32
26521200,295.74
26524800,295.16
26528400,294.47
26532000,293.59
26535600,292.73
26539200,292.3
26542800,292.68
26546400,294.74
26550000,298.45
26553600,300.9
26557200,302.81
26560800,304.26
26564400,305.29
26568000,306.05
26571600,306.37
26575200,306.3
26578800,305.74
26582400,304.63
26586000,302.98
26589600,299.52
26593200,297.99
26596800,296.98
26600400,295.95
26604000,293.8
26607600,292.64
26611200,282.51
26614800,282.44
26618400,282.29
26622000,281.99
26625600,281.47
26629200,280.83
26632800,280.89
26636400,283.95
26640000,288.03
26643600,292.41
26647200,294.27
26650800,295.13
26654400,295.5
26658000,295.22
26661600,294.47
26665200,293.39
26668800,291.85
26672400,287.48
26676000,285.96
26679600,285.18
26683200,284.52
26686800,283.95
26690400,283.46
26694000,282.99
26697600,282.47
26701200,281.89
26704800,281.38
26708400,280.92
26712000,280.54
26715600,280.21
26719200,280.58
26722800,284.84
26726400,288.78
26730000,292.77
26733600,294.38
26737200,295.35
26740800,295.97
26744400,296.14
26748000,295.81
26751600,294.91
26755200,292.49
26758800,287.31
26762400,285.62
26766000,284.59
26769600,283.77
26773200,283.11
26776800,282.49
26780400,281.84
26784000,281.17
26787600,280.59
26791200,280.18
26794800,279.8
26798400,279.15
26802000,278.33
26805600,278.16
26809200,282.02
26812800,285.33
26816400,289.27
26820000,292.84
26823600,294.36
26827200,295.18
26830800,295.5
26834400,295.34
26838000,294.66
26841600,292.47
26845200,289.07
26848800,287.69
26852400,286.76
26856000,286.05
26859600,285.48
26863200,285.13
26866800,284.86
26870400,284.11
26874000,283.21
26877600,282.22
26881200,281.3
26884800,280.97
26888400,280.75
26892000,280.41
26895600,282.16
26899200,285.05
26902800,288.62
26906400,292.47
26910000,295.12
26913600,296.23
26917200,296.72
26920800,296.7
26924400,296.08
26928000,293.24
26931600,289.6
26935200,288.33
26938800,287.35
26942400,286.51
26946000,285.8
26949600,285.62
26953200,285.26
26956800,283.76
26960400,282.9
26964000,282.27
26967600,281.95
26971200,282.5
26974800,282.84
26978400,283.22
26982000,284.12
26985600,285.33
26989200,286.45
26992800,288.18
26996400,289.43
27000000,289.82
27003600,289.69
27007200,289.51
27010800,289.52
27014400,287.79
27018000,283.65
27021600,282.43
27025200,281.38
27028800,280.36
27032400,279.55
27036000,278.74
27039600,277.94
27043200,277.31
27046800,276.93
27050400,276.67
27054000,276.7
27057600,276.96
27061200,277.27
27064800,278.05
27068400,279.87
27072000,282.73
27075600,286.52
27079200,289.47
27082800,290.97
27086400,291.6
27090000,291.56
27093600,290.92
27097200,289.56
27100800,287.65
27104400,283.88
27108000,282.7
27111600,281.95
27115200,281.2
27118800,280.2
27122400,279.25
27126000,278.44
27129600,277.58
27133200,276.87
27136800,276.35
27140400,276.05
27144000,275.91
27147600,275.8
27151200,276.05
27154800,280.59
27158400,284.52
27162000,287.2
27165600,288.6
27169200,289.59
27172800,290.22
27176400,290.32
27180000,289.98
27183600,288.94
27187200,287.15
27190800,283.27
27194400,281.74
27198000,280.65
27201600,279.9
27205200,280.12
27208800,280.08
27212400,279.49
27216000,291.98
27219600,291.32
27223200,290.87
27226800,290.36
27230400,289.87
27234000,290.66
27237600,294.48
27241200,298.95
27244800,302.46
27248400,304.36
27252000,305.67
27255600,306.59
27259200,307.2
27262800,307.45
27266400,307.27
27270000,306.59
27273600,305.38
27277200,303.25
27280800,299.52
27284400,298.84
27288000,298.26
27291600,296.84
27295200,295.77
27298800,294.71
27302400,294.13
27306000,293.41
27309600,292.51
27313200,291.45
27316800,290.84
27320400,290.89
27324000,293.93
27327600,297.41
27331200,302.08
27334800,304.54
27338400,306.27
27342000,307.59
27345600,308.41
27349200,308.8
27352800,308.73
27356400,308.22
27360000,307.13
27363600,304.79
27367200,300.59
27370800,299.98
27374400,299.94
27378000,299.7
27381600,298.01
27385200,295.59
27388800,293.59
27392400,292.55
27396000,291.9
27399600,291.77
27403200,291.49
27406800,291.91
27410400,294.77
27414000,298.34
27417600,302.16
27421200,305.01
27424800,306.55
27428400,307.34
27432000,307.72
27435600,308.48
27439200,308.44
27442800,307.65
27446400,306.68
27450000,304.6
27453600,301.56
27457200,299.2
27460800,297.27
27464400,295.7
27468000,293.88
27471600,292.45
27475200,291.45
27478800,290.58
27482400,289.74
27486000,288.98
27489600,288.39
27493200,289.07
27496800,291.84
27500400,295.46
27504000,298.55
27507600,300.96
27511200,302.66
27514800,303.74
27518400,304.35
27522000,304.43
27525600,303.99
27529200,303.14
27532800,301.88
27536400,300.09
27540000,296.35
27543600,294.38
27547200,293.36
27550800,292.3
27554400,291.39
27558000,290.52
27561600,289.63
27565200,288.81
27568800,288.3
27572400,288.17
27576000,288.11
27579600,288.42
27583200,290.29
27586800,293.81
27590400,298.45
27594000,302.28
27597600,304.48
27601200,306.04
27604800,306.81
27608400,306.75
27612000,305.79
27615600,304.17
27619200,302.04
27622800,299.78
27626400,297.46
27630000,295.95
27633600,294.82
27637200,293.7
27640800,292.74
27644400,291.74
27648000,290.66
27651600,289.56
27655200,288.54
27658800,288.09
27662400,287.84
27666000,288.14
27669600,290.35
27673200,293.51
27676800,295.59
27680400,296.8
27684000,297.55
27687600,298.23
27691200,298.7
27694800,298.9
27698400,298.92
27702000,298.7
27705600,297.99
27709200,296.87
27712800,293.68
27716400,292.0
27720000,291.23
27723600,290.6
27727200,290.05
27730800,289.6
27734400,288.89
27738000,288.31
27741600,287.89
27745200,287.48
27748800,287.04
27752400,287.37
27756000,289.84
27759600,293.54
27763200,296.68
27766800,298.76
27770400,300.34
27774000,301.46
27777600,302.2
27781200,302.57
27784800,302.54
27788400,302.06
27792000,300.95
27795600,299.31
27799200,295.8
27802800,294.43
27806400,293.43
27810000,292.9
27813600,291.84
27817200,290.45
27820800,293.44
27824400,292.63
27828000,291.88
27831600,291.13
27835200,290.55
27838800,290.47
27842400,292.58
27846000,295.69
27849600,299.24
27853200,303.46
27856800,305.43
27860400,306.53
27864000,307.17
27867600,307.24
27871200,306.76
27874800,306.15
27878400,305.05
27882000,303.12
27885600,300.58
27889200,297.59
27892800,295.96
27896400,294.7
27900000,293.73
27903600,293.27
27907200,292.56
27910800,291.04
27914400,290.02
27918000,289.4
27921600,288.87
27925200,288.67
27928800,290.84
27932400,293.67
27936000,298.14
27939600,302.03
27943200,304.24
27946800,305.75
27950400,306.8
27954000,307.23
27957600,307.16
27961200,306.62
27964800,305.52
27968400,303.23
27972000,298.98
27975600,297.7
27979200,296.72
27982800,295.66
27986400,295.55
27990000,296.09
27993600,295.59
27997200,294.05
28000800,292.55
28004400,291.47
28008000,290.92
28011600,290.88
28015200,294.01
28018800,297.3
28022400,302.03
28026000,305.64
28029600,307.47
28033200,308.7
28036800,309.49
28040400,309.82
28044000,309.74
28047600,309.19
28051200,308.04
28054800,305.41
28058400,301.01
28062000,299.55
28065600,298.09
28069200,296.63
28072800,295.46
28076400,294.45
28080000,293.49
28083600,292.65
28087200,292.41
28090800,291.91
28094400,290.64
28098000,289.59
28101600,291.83
28105200,294.9
28108800,298.49
28112400,302.88
28116000,306.06
28119600,307.73
28123200,308.67
28126800,309.05
28130400,308.9
28134000,308.26
28137600,307.13
28141200,304.92
28144800,301.26
28148400,300.29
28152000,299.07
28155600,297.94
28159200,297.09
28162800,296.67
28166400,295.65
28170000,295.11
28173600,294.99
28177200,294.83
28180800,294.3
28184400,293.34
28188000,295.19
28191600,297.87
28195200,300.67
28198800,302.87
28202400,304.5
28206000,305.59
28209600,306.27
28213200,306.56
28216800,306.42
28220400,305.85
28224000,304.8
28227600,303.15
28231200,300.56
28234800,298.85
28238400,297.72
28242000,296.67
28245600,295.47
28249200,294.4
28252800,293.61
28256400,293.16
28260000,292.73
28263600,291.55
28267200,290.95
28270800,290.87
28274400,292.62
28278000,295.7
28281600,298.73
28285200,301.23
28288800,303.11
28292400,304.48
28296000,305.37
28299600,305.86
28303200,306.02
28306800,305.63
28310400,304.93
28314000,303.41
28317600,301.0
28321200,299.7
28324800,298.7
28328400,297.82
28332000,296.73
28335600,295.95
28339200,295.46
28342800,295.26
28346400,294.86
28350000,294.0
28353600,293.18
28357200,292.47
28360800,292.61
28364400,293.13
28368000,293.23
28371600,293.52
28375200,294.56
28378800,295.99
28382400,297.24
28386000,298.0
28389600,298.38
28393200,298.72
28396800,298.23
28400400,296.39
28404000,293.18
28407600,291.77
28411200,291.06
28414800,289.62
28418400,288.66
28422000,288.03
28425600,280.23
28429200,279.49
28432800,278.88
28436400,278.48
28440000,278.78
28443600,279.49
28447200,280.08
28450800,281.04
28454400,283.4
28458000,286.84
28461600,290.7
28465200,292.64
28468800,293.48
28472400,293.83
28476000,293.72
28479600,293.0
28483200,289.6
28486800,287.16
28490400,285.92
28494000,284.84
28497600,284.0
28501200,283.39
28504800,282.85
28508400,282.39
28512000,282.05
28515600,281.66
28519200,281.1
28522800,280.69
28526400,280.56
28530000,280.48
28533600,280.17
28537200,281.15
28540800,283.82
28544400,287.41
28548000,291.79
28551600,293.85
28555200,294.67
28558800,294.84
28562400,294.17
28566000,292.71
28569600,289.07
28573200,284.92
28576800,283.85
28580400,283.08
28584000,282.54
28587600,282.07
28591200,281.51
28594800,280.84
28598400,280.19
28602000,279.47
28605600,278.72
28609200,278.02
28612800,277.49
28616400,277.45
28620000,277.51
28623600,280.47
28627200,284.27
28630800,289.16
28634400,292.5
28638000,293.67
28641600,293.88
28645200,293.38
28648800,292.35
28652400,290.9
28656000,287.95
28659600,284.24
28663200,283.33
28666800,283.14
28670400,283.59
28674000,283.81
28677600,283.15
28681200,282.21
28684800,281.39
28688400,280.6
28692000,280.05
28695600,279.79
28699200,279.6
28702800,279.24
28706400,278.52
28710000,279.34
28713600,282.75
28717200,286.63
28720800,290.84
28724400,293.46
28728000,294.78
28731600,295.09
28735200,294.22
28738800,292.1
28742400,289.79
28746000,287.78
28749600,286.77
28753200,285.95
28756800,285.3
28760400,284.34
28764000,283.42
28767600,282.53
28771200,281.66
28774800,280.99
28778400,280.23
28782000,279.31
28785600,278.82
28789200,278.52
28792800,278.21
28796400,280.85
28800000,283.98
28803600,288.88
28807200,292.27
28810800,294.02
28814400,295.05
28818000,295.48
28821600,294.96
28825200,293.38
28828800,290.48
28832400,286.76
28836000,285.58
28839600,284.61
28843200,283.63
28846800,282.62
28850400,281.65
28854000,280.75
28857600,280.0
28861200,279.52
28864800,279.26
28868400,279.16
28872000,279.31
28875600,279.59
28879200,279.76
28882800,281.48
28886400,285.07
28890000,288.91
28893600,293.26
28897200,295.73
28900800,296.97
28904400,297.31
28908000,296.99
28911600,295.84
28915200,291.35
28918800,287.97
28922400,287.35
28926000,287.04
28929600,286.14
28933200,285.44
28936800,285.04
28940400,284.3
28944000,283.69
28947600,282.76
28951200,281.38
28954800,279.8
28958400,278.53
28962000,277.69
28965600,277.18
28969200,278.45
28972800,281.02
28976400,283.44
28980000,284.91
28983600,285.84
28987200,286.46
28990800,286.79
28994400,286.53
28998000,285.62
29001600,283.32
29005200,279.78
29008800,278.67
29012400,277.88
29016000,277.2
29019600,276.64
29023200,276.13
29026800,275.69
29030400,262.4
29034000,262.45
29037600,262.07
29041200,261.73
29044800,262.21
29048400,262.44
29052000,261.87
29055600,261.31
29059200,263.2
29062800,265.66
29066400,267.8
29070000,269.25
29073600,270.06
29077200,270.34
29080800,269.95
29084400,268.7
29088000,267.38
29091600,266.52
29095200,265.41
29098800,265.33
29102400,264.69
29106000,263.7
29109600,262.41
29113200,261.3
29116800,260.48
29120400,259.73
29124000,259.12
29127600,258.59
29131200,258.18
29134800,258.09
29138400,258.19
29142000,258.56
29145600,260.7
29149200,263.6
29152800,265.91
29156400,267.34
29160000,268.42
29163600,269.2
29167200,269.7
29170800,269.34
29174400,267.62
29178000,266.72
29181600,266.05
29185200,265.44
29188800,265.05
29192400,264.55
29196000,263.76
29199600,262.77
29203200,261.7
29206800,260.87
29210400,260.26
29214000,259.73
29217600,259.47
29221200,259.35
29224800,259.17
29228400,259.26
29232000,261.93
29235600,264.77
29239200,268.0
29242800,270.09
29246400,271.45
29250000,272.07
29253600,271.93
29257200,270.59
29260800,266.92
29264400,264.97
29268000,263.55
29271600,262.52
29275200,261.98
29278800,261.92
29282400,261.72
29286000,261.33
29289600,261.05
29293200,260.91
29296800,260.73
29300400,260.55
29304000,260.44
29307600,260.41
29311200,260.31
29314800,260.26
29318400,261.91
29322000,264.41
29325600,266.97
29329200,268.78
29332800,270.38
29336400,271.8
29340000,272.52
29343600,271.66
29347200,269.14
29350800,267.95
29354400,266.76
29358000,265.28
29361600,263.89
29365200,262.88
29368800,262.1
29372400,261.38
29376000,260.83
29379600,260.45
29383200,260.28
29386800,260.2
29390400,260.12
29394000,260.4
29397600,260.78
29401200,261.53
29404800,263.64
29408400,266.25
29412000,268.81
29415600,270.58
29419200,272.35
29422800,273.7
29426400,274.13
29430000,273.24
29433600,271.3
29437200,269.79
29440800,268.45
29444400,267.34
29448000,266.48
29451600,266.03
29455200,265.91
29458800,265.6
29462400,264.64
29466000,263.77
29469600,263.07
29473200,262.48
29476800,262.23
29480400,262.47
29484000,263.23
29487600,264.17
29491200,265.77
29494800,268.09
29498400,270.66
29502000,272.96
29505600,274.55
29509200,275.49
29512800,275.55
29516400,273.55
29520000,270.92
29523600,269.35
29527200,267.97
29530800,266.95
29534400,266.42
29538000,265.99
29541600,265.36
29545200,264.91
29548800,264.53
29552400,264.1
29556000,263.63
29559600,263.3
29563200,263.27
29566800,263.27
29570400,263.2
29574000,263.22
29577600,264.8
29581200,267.42
29584800,270.41
29588400,272.24
29592000,273.62
29595600,274.48
29599200,274.53
29602800,273.51
29606400,271.88
29610000,270.91
29613600,270.24
29617200,269.62
29620800,268.78
29624400,268.03
29628000,267.29
29631600,266.08
29635200,261.28
29638800,261.08
29642400,260.99
29646000,260.87
29649600,260.56
29653200,260.27
29656800,260.14
29660400,260.95
29664000,263.24
29667600,265.92
29671200,268.37
29674800,270.13
29678400,271.53
29682000,272.34
29685600,272.67
29689200,272.22
29692800,269.88
29696400,269.05
29700000,268.69
29703600,267.74
29707200,266.98
29710800,266.55
29714400,266.2
29718000,265.83
29721600,265.51
29725200,265.16
29728800,264.9
29732400,264.88
29736000,264.86
29739600,264.52
29743200,264.38
29746800,265.48
29750400,268.12
29754000,271.01
29757600,273.63
29761200,275.88
29764800,277.15
29768400,277.53
29772000,277.1
29775600,274.95
29779200,271.37
29782800,270.53
29786400,270.38
29790000,270.11
29793600,269.83
29797200,269.68
29800800,269.04
29804400,268.23
29808000,267.75
29811600,267.59
29815200,267.46
29818800,267.74
29822400,268.28
29826000,268.72
29829600,269.14
29833200,269.85
29836800,271.84
29840400,275.51
29844000,278.66
29847600,279.75
29851200,279.55
29854800,279.22
29858400,278.53
29862000,276.81
29865600,273.55
29869200,272.14
29872800,271.8
29876400,271.54
29880000,271.39
29883600,271.67
29887200,271.53
29890800,271.05
29894400,270.66
29898000,270.37
29901600,270.22
29905200,270.08
29908800,269.72
29912400,268.85
29916000,267.77
29919600,267.48
29923200,268.84
29926800,270.36
29930400,271.67
29934000,272.3
29937600,272.51
29941200,272.39
29944800,271.91
29948400,271.0
29952000,269.09
29955600,268.37
29959200,268.91
29962800,267.95
29966400,266.49
29970000,265.87
29973600,265.53
29977200,265.13
29980800,264.76
29984400,264.39
29988000,264.12
29991600,263.92
29995200,263.78
29998800,263.67
30002400,263.58
30006000,264.44
30009600,267.9
30013200,270.65
30016800,271.3
30020400,271.05
30024000,270.59
30027600,269.97
30031200,269.45
30034800,268.65
30038400,267.09
30042000,265.58
30045600,264.27
30049200,263.14
30052800,262.38
30056400,261.8
30060000,261.38
30063600,260.97
30067200,260.57
30070800,260.21
30074400,259.89
30078000,259.63
30081600,259.43
30085200,259.32
30088800,259.27
30092400,260.06
30096000,262.73
30099600,265.89
30103200,268.3
30106800,269.88
30110400,270.96
30114000,271.35
30117600,271.03
30121200,270.08
30124800,268.25
30128400,266.59
30132000,265.49
30135600,264.66
30139200,264.02
30142800,263.49
30146400,263.06
30150000,262.72
30153600,262.42
30157200,262.14
30160800,261.87
30164400,261.63
30168000,261.45
30171600,261.34
30175200,261.28
30178800,261.95
30182400,264.98
30186000,268.34
30189600,270.98
30193200,272.26
30196800,272.89
30200400,272.8
30204000,272.02
30207600,270.75
30211200,268.77
30214800,267.58
30218400,266.55
30222000,266.05
30225600,265.41
30229200,264.57
30232800,263.88
30236400,263.4
30240000,263.2
30243600,262.52
30247200,261.84
30250800,261.16
30254400,260.55
30258000,260.16
30261600,259.91
30265200,260.2
30268800,263.13
30272400,266.2
30276000,270.27
30279600,273.13
30283200,274.82
30286800,275.58
30290400,275.47
30294000,273.52
30297600,269.89
30301200,268.55
30304800,267.73
30308400,267.1
30312000,266.7
30315600,266.77
30319200,266.38
30322800,265.92
30326400,266.23
30330000,267.04
30333600,267.38
30337200,267.39
30340800,267.11
30344400,266.64
30348000,266.34
30351600,266.31
30355200,267.66
30358800,269.81
30362400,272.2
30366000,274.89
30369600,277.13
30373200,278.68
30376800,277.82
30380400,275.36
30384000,273.44
30387600,272.59
30391200,271.41
30394800,270.13
30398400,269.13
30402000,268.38
30405600,267.76
30409200,267.34
30412800,267.06
30416400,266.84
30420000,266.68
30423600,266.55
30427200,266.68
30430800,266.92
30434400,266.69
30438000,266.56
30441600,268.74
30445200,271.51
30448800,273.25
30452400,274.69
30456000,275.97
30459600,277.49
30463200,277.81
30466800,275.57
30470400,273.35
30474000,272.73
30477600,272.6
30481200,272.28
30484800,271.96
30488400,271.62
30492000,271.13
30495600,270.23
30499200,268.73
30502800,267.16
30506400,266.13
30510000,265.55
30513600,265.16
30517200,264.8
30520800,264.63
30524400,264.98
30528000,267.87
30531600,270.35
30535200,272.66
30538800,275.02
30542400,276.77
30546000,277.2
30549600,277.08
30553200,275.52
30556800,274.17
30560400,273.97
30564000,273.84
30567600,273.49
30571200,273.13
30574800,272.77
30578400,272.25
30582000,271.59
30585600,271.29
30589200,270.98
30592800,270.15
30596400,269.33
30600000,267.98
30603600,266.28
30607200,264.98
30610800,264.58
30614400,267.45
30618000,270.24
30621600,272.47
30625200,274.23
30628800,275.88
30632400,276.73
30636000,276.63
30639600,274.47
30643200,272.98
30646800,272.71
30650400,272.67
30654000,272.13
30657600,271.69
30661200,271.4
30664800,271.21
30668400,270.88
30672000,270.14
30675600,269.2
30679200,268.41
30682800,267.8
30686400,267.26
30690000,266.79
30693600,266.55
30697200,266.55
30700800,267.68
30704400,268.84
30708000,271.09
30711600,273.27
30715200,274.85
30718800,275.71
30722400,275.7
30726000,274.15
30729600,272.47
30733200,272.18
30736800,272.21
30740400,271.91
30744000,271.59
30747600,271.41
30751200,271.41
30754800,271.14
30758400,270.65
30762000,269.83
30765600,269.17
30769200,268.93
30772800,268.5
30776400,268.21
30780000,268.09
30783600,267.67
30787200,269.26
30790800,272.33
30794400,274.8
30798000,276.44
30801600,277.12
30805200,277.37
30808800,277.32
30812400,276.05
30816000,272.9
30819600,271.5
30823200,271.55
30826800,270.91
30830400,270.3
30834000,269.8
30837600,269.04
30841200,267.78
30844800,261.28
30848400,261.08
30852000,260.99
30855600,260.87
30859200,260.56
30862800,260.27
30866400,260.14
30870000,260.95
30873600,263.24
30877200,265.92
30880800,268.37
30884400,270.13
30888000,271.53
30891600,272.34
30895200,272.67
30898800,272.22
30902400,269.88
30906000,269.05
30909600,268.69
30913200,267.74
30916800,266.98
30920400,266.55
30924000,266.2
30927600,265.83
30931200,265.51
30934800,265.16
30938400,264.9
30942000,264.88
30945600,264.86
30949200,264.52
30952800,264.38
30956400,265.48
30960000,268.12
30963600,271.01
30967200,273.63
30970800,275.88
30974400,277.15
30978000,277.53
30981600,277.1
30985200,274.95
30988800,271.37
30992400,270.53
30996000,270.38
30999600,270.11
31003200,269.83
31006800,269.68
31010400,269.04
31014000,268.23
31017600,267.75
31021200,267.59
31024800,267.46
31028400,267.74
31032000,268.28
31035600,268.72
31039200,269.14
31042800,269.85
31046400,271.84
31050000,275.51
31053600,278.66
31057200,279.75
31060800,279.55
31064400,279.22
31068000,278.53
31071600,276.81
31075200,273.55
31078800,272.14
31082400,271.8
31086000,271.54
31089600,271.39
31093200,271.67
31096800,271.53
31100400,271.05
31104000,270.66
31107600,270.37
31111200,270.22
31114800,270.08
31118400,269.72
31122000,268.85
31125600,267.77
31129200,267.48
31132800,268.84
31136400,270.36
31140000,271.67
31143600,272.3
31147200,272.51
31150800,272.39
31154400,271.91
31158000,271.0
31161600,269.09
31165200,268.37
31168800,268.91
31172400,267.95
31176000,266.49
31179600,265.87
31183200,265.53
31186800,265.13
31190400,264.76
31194000,264.39
31197600,264.12
31201200,263.92
31204800,263.78
31208400,263.67
31212000,263.58
31215600,264.44
31219200,267.9
31222800,270.65
31226400,271.3
31230000,271.05
31233600,270.59
31237200,269.97
31240800,269.45
31244400,268.65
31248000,267.09
31251600,265.58
31255200,264.27
31258800,263.14
31262400,262.38
31266000,261.8
31269600,261.38
31273200,260.97
31276800,260.57
31280400,260.21
31284000,259.89
31287600,259.63
31291200,259.43
31294800,259.32
31298400,259.27
31302000,260.06
31305600,262.73
31309200,265.89
31312800,268.3
31316400,269.88
31320000,270.96
31323600,271.35
31327200,271.03
31330800,270.08
31334400,268.25
31338000,266.59
31341600,265.49
31345200,264.66
31348800,264.02
31352400,263.49
31356000,263.06
31359600,262.72
31363200,262.42
31366800,262.14
31370400,261.87
31374000,261.63
31377600,261.45
31381200,261.34
31384800,261.28
31388400,261.95
31392000,264.98
31395600,268.34
31399200,270.98
31402800,272.26
31406400,272.89
31410000,272.8
31413600,272.02
31417200,270.75
31420800,268.77
31424400,267.58
31428000,266.55
31431600,266.05
31435200,265.41
31438800,264.57
31442400,263.88
31446000,263.4
31449600,261.7
31453200,261.18
31456800,260.77
31460400,260.41
31464000,260.29
31467600,260.4
31471200,260.54
31474800,260.77
31478400,261.9
31482000,263.45
31485600,265.09
31489200,266.55
31492800,267.67
31496400,268.48
31500000,268.96
31503600,268.85
31507200,267.83
31510800,266.78
31514400,265.55
31518000,264.43
31521600,263.49
31525200,262.7
31528800,262.09
31532400,261.62
31536000,261.62
