time,value
0,248328595.6
3600,241610034.5
7200,222265453.0
10800,249524773.3
14400,239714219.2
18000,224430558.4
21600,206529462.7
25200,210612126.0
28800,241555507.7
32400,216189368.5
36000,236938385.7
39600,207993637.9
43200,236573535.8
46800,202684705.9
50400,235719476.4
54000,206086782.1
57600,249202236.9
61200,229654909.8
64800,213477160.3
68400,221600179.5
72000,246525617.1
75600,225394265.4
79200,203204900.3
82800,232955565.6
86400,222458600.9
90000,207358424.9
93600,238761404.5
97200,226563087.8
100800,204394709.8
104400,245023034.8
108000,243407559.2
111600,202814993.1
115200,232002812.7
118800,244463231.5
122400,217386159.6
126000,233335975.3
129600,222723037.1
133200,222343946.9
136800,200851551.2
140400,243070882.8
144000,246891105.9
147600,223938704.3
151200,228491574.7
154800,249639779.1
158400,220206731.3
162000,210992065.9
165600,243324829.3
169200,234451153.5
172800,208573469.2
176400,200451186.4
180000,208453856.4
183600,210319388.5
187200,245081109.4
190800,235456994.9
194400,206596502.5
198000,221260234.5
201600,233072335.7
205200,216119154.0
208800,229871839.5
212400,210532357.7
216000,209480911.4
219600,210415777.8
223200,235667269.1
226800,212634820.5
230400,213500750.5
234000,224087868.0
237600,211033686.5
241200,217733209.5
244800,231886700.9
248400,237487715.4
252000,224621070.1
255600,230869438.2
259200,215972655.6
262800,215124954.4
266400,207089474.8
270000,242217119.1
273600,214407716.0
277200,245441616.5
280800,205660458.8
284400,230693029.8
288000,214195205.4
291600,225406600.4
295200,226943755.7
298800,202607525.5
302400,221854124.1
306000,210936482.0
309600,245916949.5
313200,234572654.9
316800,205796263.0
320400,217981139.6
324000,215302786.0
327600,215112403.8
331200,228072274.4
334800,239804948.7
338400,223497435.3
342000,239558526.3
345600,220938447.7
349200,236976487.5
352800,217876157.7
356400,247491104.2
360000,237507328.6
363600,200978874.9
367200,237758357.0
370800,245590056.6
374400,217387693.6
378000,203564260.6
381600,242754431.0
385200,204717667.4
388800,227478393.8
392400,245776256.3
396000,226100578.9
399600,202598274.2
403200,222045448.0
406800,234559461.5
410400,213068877.0
414000,244795377.0
417600,222985621.4
421200,211600952.1
424800,209797144.5
428400,242484692.2
432000,237080428.0
435600,233110768.0
439200,205354420.0
442800,241808646.0
446400,222745769.3
450000,232531497.4
453600,245221129.3
457200,205535281.3
460800,230191475.4
464400,200819123.3
468000,204560520.1
471600,245283582.6
475200,227380948.9
478800,232210315.6
482400,211793845.0
486000,231028681.8
489600,203949113.6
493200,232287555.0
496800,208814990.3
500400,230946238.9
504000,248516207.9
507600,233459673.4
511200,216590566.3
514800,222894350.8
518400,201247467.3
522000,226155231.8
525600,249459597.9
529200,236168184.8
532800,219847236.6
536400,229536490.8
540000,228658994.6
543600,225383714.6
547200,207277319.3
550800,214547436.5
554400,225057203.6
558000,207093492.5
561600,220319170.1
565200,229655159.2
568800,240468997.2
572400,223529948.0
576000,233706084.0
579600,237858977.9
583200,209104989.5
586800,230981958.8
590400,238496353.9
594000,221054313.1
597600,221949438.3
601200,224439010.1
604800,218430975.0
608400,226877111.2
612000,246320357.9
615600,237456036.5
619200,207386774.3
622800,200144387.3
626400,206350694.7
630000,245846067.6
633600,233606085.4
637200,205689490.4
640800,248011374.6
644400,205969156.0
648000,224620784.8
651600,218065670.1
655200,223500024.5
658800,202938988.4
662400,216500585.1
666000,213226023.9
669600,212295883.3
673200,247383818.0
676800,201622099.7
680400,245307531.7
684000,218424885.2
687600,233127018.7
691200,247681231.5
694800,204706422.9
698400,234265781.1
702000,220622024.1
705600,205589436.1
709200,224591753.2
712800,223077619.2
716400,243852907.1
720000,233011958.9
723600,213898241.9
727200,232858410.8
730800,232270747.5
734400,244861187.2
738000,244116828.1
741600,216758621.3
745200,221350096.4
748800,240188249.4
752400,246154710.2
756000,243336192.0
759600,224982513.6
763200,229224152.2
766800,246237850.1
770400,208305844.9
774000,218718006.9
777600,212970401.6
781200,241524045.8
784800,203508834.3
788400,214051513.9
792000,227752241.9
795600,230948344.0
799200,220489354.4
802800,212921422.3
806400,220837308.0
810000,219102776.9
813600,204816706.6
817200,206564211.0
820800,230494913.5
824400,232809686.6
828000,242049765.6
831600,224990893.9
835200,215359904.1
838800,208488196.1
842400,202438269.7
846000,211290856.6
849600,218348554.2
853200,228392319.2
856800,228485770.3
860400,238938823.9
864000,229512077.5
867600,205533173.2
871200,232033897.2
874800,203600966.3
878400,218292289.8
882000,214365153.2
885600,237071905.0
889200,203349371.5
892800,237858297.8
896400,212035651.7
900000,211545491.8
903600,200599419.1
907200,206623731.3
910800,210469327.4
914400,210709135.8
918000,245289718.5
921600,213888625.1
925200,204855099.5
928800,239141076.3
932400,233376047.2
936000,230633627.4
939600,217189621.1
943200,234516944.6
946800,211677948.5
950400,215401471.3
954000,217865035.3
957600,210834896.6
961200,233864000.2
964800,236800735.7
968400,200500928.5
972000,217795715.7
975600,211997729.2
979200,246380436.6
982800,238149340.8
986400,218969355.1
990000,234297813.8
993600,234943633.7
997200,229519911.8
1000800,248102776.8
1004400,239067282.7
1008000,226921374.0
1011600,204706912.6
1015200,244300434.3
1018800,212874756.7
1022400,223175343.3
1026000,216539913.5
1029600,237838669.4
1033200,240142466.8
1036800,240155884.5
1040400,243831843.0
1044000,204373703.4
1047600,233395681.2
1051200,225121098.6
1054800,216778102.0
1058400,229428073.5
1062000,217596629.3
1065600,210335882.7
1069200,213107727.3
1072800,204932465.1
1076400,207503159.5
1080000,216050967.2
1083600,229719472.8
1087200,207686903.1
1090800,203131280.0
1094400,200389111.5
1098000,238713006.4
1101600,234102251.0
1105200,206025157.7
1108800,235962670.0
1112400,208092705.2
1116000,206008007.5
1119600,234057605.3
1123200,207241332.8
1126800,202891387.6
1130400,206747100.1
1134000,200739021.9
1137600,209455857.6
1141200,203543105.9
1144800,201892987.5
1148400,215393510.4
1152000,225786777.3
1155600,219675537.0
1159200,249759775.7
1162800,221979999.0
1166400,207571982.4
1170000,238902526.5
1173600,237058673.2
1177200,204382186.1
1180800,223521285.4
1184400,214641480.5
1188000,220342529.1
1191600,221511862.4
1195200,243563107.0
1198800,235362506.9
1202400,200714866.6
1206000,201229185.4
1209600,235969257.1
1213200,257607234.7
1216800,238252943.0
1220400,236868809.7
1224000,245544490.2
1227600,237681802.4
1231200,230484458.2
1234800,259294572.6
1238400,256963397.0
1242000,258776305.1
1245600,255335776.9
1249200,241428958.1
1252800,232688055.6
1256400,251982122.2
1260000,250477207.8
1263600,243055064.9
1267200,234296113.1
1270800,239213160.0
1274400,250409497.8
1278000,245118351.4
1281600,252039714.3
1285200,249440607.0
1288800,232034929.7
1292400,259840923.2
1296000,235434579.9
1299600,243813684.0
1303200,246822243.5
1306800,249685784.8
1310400,254366591.5
1314000,253290910.1
1317600,238897169.6
1321200,235407114.0
1324800,255257435.0
1328400,249633682.3
1332000,248238136.4
1335600,244323675.2
1339200,248347367.1
1342800,241348442.1
1346400,255990326.2
1350000,244407912.7
1353600,243830529.6
1357200,239048813.5
1360800,246640878.4
1364400,247278808.2
1368000,234325833.9
1371600,251636737.9
1375200,236002606.4
1378800,238386033.0
1382400,250959309.9
1386000,235718127.4
1389600,242657890.8
1393200,236230659.1
1396800,234160598.8
1400400,254412823.4
1404000,239853714.4
1407600,244417560.0
1411200,232009753.1
1414800,232461382.2
1418400,239523776.7
1422000,239437347.2
1425600,240142837.6
1429200,249620904.1
1432800,242606613.0
1436400,254962524.4
1440000,256226434.5
1443600,246490785.7
1447200,240140428.4
1450800,246259484.3
1454400,237521708.7
1458000,241045170.0
1461600,255491503.3
1465200,255957890.1
1468800,222046466.2
1472400,225171145.6
1476000,250170327.9
1479600,222309514.3
1483200,241093597.2
1486800,237793155.2
1490400,254883522.9
1494000,238148886.3
1497600,236227752.4
1501200,253873787.2
1504800,249162618.5
1508400,232022739.9
1512000,238743328.3
1515600,230236730.6
1519200,232932104.2
1522800,262365724.6
1526400,241352047.1
1530000,252849148.2
1533600,246563587.4
1537200,266850952.0
1540800,236671121.0
1544400,238045591.6
1548000,257324677.0
1551600,263196473.4
1555200,221102688.5
1558800,262476196.4
1562400,260381271.4
1566000,247139147.3
1569600,241689153.7
1573200,250121846.0
1576800,236755260.2
1580400,258905360.2
1584000,224835987.7
1587600,242597748.7
1591200,258097453.3
1594800,251291661.7
1598400,220074576.2
1602000,220858620.3
1605600,242842703.6
1609200,231078202.8
1612800,238571034.3
1616400,242061608.2
1620000,223034477.4
1623600,238202118.7
1627200,238843453.7
1630800,235062011.9
1634400,265919459.0
1638000,243867533.8
1641600,229019621.9
1645200,234851882.0
1648800,261464973.7
1652400,250906199.6
1656000,253179977.1
1659600,250810170.6
1663200,233063336.2
1666800,263624935.8
1670400,220268406.4
1674000,238262764.6
1677600,249598591.9
1681200,266241953.0
1684800,242900244.9
1688400,241210411.2
1692000,252748080.6
1695600,258211815.4
1699200,238982178.3
1702800,242703448.4
1706400,252190100.6
1710000,256757726.3
1713600,251691078.1
1717200,259147213.6
1720800,221724351.0
1724400,225043117.0
1728000,222087038.9
1731600,228025921.2
1735200,261750147.4
1738800,247971704.1
1742400,228601085.0
1746000,266939950.5
1749600,247107966.4
1753200,261512892.8
1756800,235872188.5
1760400,231636967.8
1764000,255099690.6
1767600,245989182.4
1771200,234307314.6
1774800,221383646.3
1778400,227640145.1
1782000,259196130.5
1785600,245937594.5
1789200,240841143.1
1792800,225427377.8
1796400,251571383.8
1800000,226336678.4
1803600,249032183.2
1807200,229225018.8
1810800,244745554.5
1814400,210841648.0
1818000,241645619.2
1821600,225077193.8
1825200,205136583.8
1828800,218217995.5
1832400,241040101.2
1836000,206142176.3
1839600,232467937.3
1843200,236831235.8
1846800,235533247.0
1850400,205266746.7
1854000,247930223.4
1857600,221184644.0
1861200,228005672.2
1864800,204939138.6
1868400,224155882.9
1872000,207681238.2
1875600,215423491.7
1879200,206545818.3
1882800,217175930.0
1886400,233153018.8
1890000,225810133.2
1893600,239833344.3
1897200,228829778.4
1900800,203343698.0
1904400,212424121.1
1908000,245433971.8
1911600,244475423.7
1915200,249490307.9
1918800,216182772.7
1922400,249371023.3
1926000,230693238.3
1929600,232604076.3
1933200,230067304.7
1936800,239889716.4
1940400,230522328.3
1944000,218861934.0
1947600,208732330.4
1951200,202995710.2
1954800,207617632.2
1958400,219170929.4
1962000,200654193.4
1965600,248268676.6
1969200,215909344.2
1972800,247780182.7
1976400,201447985.9
1980000,219858940.3
1983600,213890500.8
1987200,218092654.9
1990800,239022665.3
1994400,222283200.8
1998000,202865612.9
2001600,202399717.0
2005200,226540743.8
2008800,238338403.0
2012400,230731459.7
2016000,246621644.1
2019600,239078837.4
2023200,237745137.0
2026800,216310857.8
2030400,226099063.0
2034000,232278965.2
2037600,225561922.7
2041200,233105004.7
2044800,211565491.1
2048400,249128464.6
2052000,204295974.2
2055600,220633920.7
2059200,249264211.5
2062800,224262940.5
2066400,230593608.8
2070000,200561022.7
2073600,238427575.9
2077200,237077977.1
2080800,210867337.4
2084400,219866069.9
2088000,213128193.7
2091600,203931931.0
2095200,211005987.2
2098800,224249250.6
2102400,225764811.8
2106000,241950458.4
2109600,220657603.3
2113200,220108778.6
2116800,247634346.3
2120400,216754908.8
2124000,206687510.1
2127600,234771822.2
2131200,246138671.1
2134800,224376232.0
2138400,225284622.4
2142000,200231288.0
2145600,209423437.4
2149200,238981972.2
2152800,230541297.5
2156400,239622843.0
2160000,241895022.5
2163600,234367920.0
2167200,204071705.0
2170800,240307028.5
2174400,206738849.8
2178000,228495717.5
2181600,228734575.3
2185200,200805137.5
2188800,246741415.8
2192400,230739001.3
2196000,233428744.5
2199600,221088640.4
2203200,235138358.7
2206800,223534831.8
2210400,220444646.7
2214000,249431800.9
2217600,224262537.0
2221200,205863137.0
2224800,242904295.8
2228400,217098789.6
2232000,215818956.7
2235600,218876357.3
2239200,243494083.2
2242800,226571663.4
2246400,201257775.5
2250000,212417762.4
2253600,236184024.2
2257200,221619058.9
2260800,213072529.1
2264400,209470453.1
2268000,210723900.7
2271600,224744729.1
2275200,201650041.6
2278800,218631213.0
2282400,217833833.6
2286000,213735326.9
2289600,213219946.2
2293200,237225768.9
2296800,206584187.5
2300400,240154200.2
2304000,215220153.0
2307600,217142310.4
2311200,232967059.2
2314800,201948224.4
2318400,238607141.9
2322000,234504229.0
2325600,246362272.3
2329200,203100929.2
2332800,234373331.0
2336400,236284744.3
2340000,242326470.2
2343600,227690003.7
2347200,242119837.2
2350800,202445944.4
2354400,237940222.2
2358000,233799993.7
2361600,243721454.7
2365200,216547161.8
2368800,225924983.5
2372400,222697260.3
2376000,208975153.4
2379600,242369972.9
2383200,202321298.7
2386800,226179803.6
2390400,211635181.5
2394000,245163695.2
2397600,227062848.3
2401200,204934248.7
2404800,242854181.6
2408400,202136898.5
2412000,207102087.4
2415600,210874882.5
2419200,246553649.3
2422800,221097403.3
2426400,202824936.9
2430000,233710021.9
2433600,213990436.6
2437200,239004352.2
2440800,248142060.8
2444400,234412241.8
2448000,224921128.0
2451600,204951623.0
2455200,214387562.4
2458800,226905614.1
2462400,200566502.6
2466000,214142174.2
2469600,229478564.5
2473200,208602405.6
2476800,208504908.3
2480400,233817139.7
2484000,228479721.5
2487600,227583525.1
2491200,248372049.2
2494800,231421095.1
2498400,216227485.9
2502000,226050784.5
2505600,243246833.8
2509200,249705411.7
2512800,241924411.5
2516400,217369857.4
2520000,237470494.0
2523600,246970641.6
2527200,233404091.9
2530800,224060135.9
2534400,214308153.9
2538000,229757790.3
2541600,216820357.2
2545200,247977528.4
2548800,222103751.1
2552400,248099810.4
2556000,233819181.0
2559600,235303891.8
2563200,247884637.7
2566800,246993846.9
2570400,241687876.7
2574000,207762066.0
2577600,241521608.7
2581200,223207016.1
2584800,214934421.4
2588400,226165266.0
2592000,241581521.8
2595600,226956617.6
2599200,212991593.0
2602800,217701921.3
2606400,209336906.8
2610000,217532836.7
2613600,209485926.8
2617200,241784546.9
2620800,219207547.8
2624400,200474986.1
2628000,215451234.8
2631600,241837361.7
2635200,214066841.1
2638800,239067165.6
2642400,226575712.5
2646000,207695725.8
2649600,226262684.2
2653200,214161989.4
2656800,235743305.7
2660400,236719464.2
2664000,222481792.2
2667600,209103871.7
2671200,206777021.3
2674800,213638580.7
2678400,231782175.4
2682000,240309395.9
2685600,233393866.1
2689200,214329457.4
2692800,207122078.1
2696400,212293761.8
2700000,234594850.7
2703600,203587342.2
2707200,224933043.8
2710800,249299888.9
2714400,245245032.3
2718000,228760384.9
2721600,238325863.7
2725200,237338372.4
2728800,234766570.3
2732400,233865862.5
2736000,214119991.4
2739600,229093399.0
2743200,230943614.5
2746800,240711995.8
2750400,200799353.0
2754000,210717630.2
2757600,249393367.9
2761200,240866862.7
2764800,231604085.5
2768400,234107372.3
2772000,240410841.1
2775600,213983106.9
2779200,233248463.4
2782800,201466205.6
2786400,227219007.7
2790000,226448512.3
2793600,243658213.9
2797200,209380415.2
2800800,246573028.7
2804400,248817613.8
2808000,216560221.4
2811600,231185461.7
2815200,226353035.9
2818800,222954076.1
2822400,217928281.3
2826000,216713477.6
2829600,204159762.5
2833200,219520093.4
2836800,211967197.3
2840400,224313599.5
2844000,235004680.2
2847600,206863516.6
2851200,241323366.9
2854800,246502661.0
2858400,241436525.3
2862000,224247638.1
2865600,232988463.2
2869200,222820054.1
2872800,220923102.7
2876400,201714813.1
2880000,246342377.3
2883600,202169002.8
2887200,223803005.0
2890800,219287386.7
2894400,226702916.7
2898000,249908413.6
2901600,245123709.4
2905200,200737774.9
2908800,239025746.4
2912400,224264472.5
2916000,219510988.2
2919600,241154505.2
2923200,243720877.2
2926800,249917801.3
2930400,209783029.5
2934000,243498445.9
2937600,215374580.9
2941200,220561822.7
2944800,240817009.9
2948400,218412737.4
2952000,221310771.3
2955600,204560840.5
2959200,233374909.1
2962800,236565408.1
2966400,215040920.5
2970000,216899860.5
2973600,236716118.0
2977200,249272831.0
2980800,234938550.7
2984400,204496590.6
2988000,223536876.3
2991600,231768144.4
2995200,226263467.8
2998800,207066971.8
3002400,213775774.1
3006000,249355136.7
3009600,239749915.4
3013200,246666745.5
3016800,217418627.9
3020400,210456674.1
3024000,259231502.3
3027600,255640391.0
3031200,231180453.9
3034800,243364273.7
3038400,239696473.1
3042000,234648790.1
3045600,256219796.5
3049200,240564072.3
3052800,241993958.3
3056400,257333762.3
3060000,241945343.7
3063600,244247993.7
3067200,256823628.6
3070800,250625314.6
3074400,249799778.4
3078000,253242286.6
3081600,254256492.9
3085200,239539058.9
3088800,230286366.0
3092400,257427301.8
3096000,232925779.5
3099600,255929537.0
3103200,258733920.6
3106800,255950421.7
3110400,250216922.6
3114000,246684919.8
3117600,243540631.7
3121200,239898283.2
3124800,232637935.2
3128400,239947295.0
3132000,255438679.1
3135600,232448193.6
3139200,234197468.9
3142800,238618374.1
3146400,254840715.8
3150000,246643764.9
3153600,239611185.5
3157200,253390294.2
3160800,256322612.5
3164400,247124530.5
3168000,246784436.4
3171600,251321087.4
3175200,239963791.7
3178800,258130293.7
3182400,233524110.1
3186000,253826544.3
3189600,239897568.3
3193200,233437311.0
3196800,246485282.1
3200400,249522316.4
3204000,248393424.4
3207600,252556312.8
3211200,234878735.4
3214800,253190350.4
3218400,253143532.9
3222000,255639439.6
3225600,246280862.7
3229200,247830042.4
3232800,237894019.6
3236400,244872397.6
3240000,259742629.6
3243600,234036961.7
3247200,239920199.3
3250800,230453959.3
3254400,254310500.4
3258000,251828041.0
3261600,254030518.5
3265200,242004703.6
3268800,254580562.1
3272400,250765251.9
3276000,257460237.6
3279600,249246053.1
3283200,249838323.9
3286800,230403798.6
3290400,255908159.3
3294000,235644431.7
3297600,237940137.6
3301200,235435299.2
3304800,246191359.3
3308400,245559036.2
3312000,251026009.1
3315600,253537245.2
3319200,237665706.7
3322800,257453668.2
3326400,239827729.7
3330000,235296951.7
3333600,236867164.1
3337200,234186161.0
3340800,247242400.1
3344400,249265529.8
3348000,237470926.8
3351600,247706595.6
3355200,240820588.5
3358800,251587472.9
3362400,240067221.6
3366000,244340554.9
3369600,236715050.7
3373200,242732640.8
3376800,248653864.7
3380400,232738149.6
3384000,234474781.8
3387600,234485906.4
3391200,232663208.8
3394800,250339065.0
3398400,246586004.7
3402000,254176966.5
3405600,242000557.9
3409200,247218375.0
3412800,238149905.4
3416400,248195024.1
3420000,257392743.8
3423600,247154432.6
3427200,259556931.9
3430800,230542360.6
3434400,243825259.0
3438000,245116792.6
3441600,251424843.9
3445200,250717917.7
3448800,259780774.2
3452400,238064111.6
3456000,246533143.4
3459600,231772840.4
3463200,237545326.4
3466800,246145524.0
3470400,244630996.2
3474000,239132296.4
3477600,234227325.7
3481200,240262700.2
3484800,255171162.0
3488400,248899029.0
3492000,237380794.0
3495600,244355421.2
3499200,259793385.0
3502800,251797625.9
3506400,230875129.7
3510000,246581145.4
3513600,249161462.3
3517200,241344520.4
3520800,237652655.0
3524400,246748596.1
3528000,252641729.3
3531600,232892860.1
3535200,242514399.3
3538800,244905242.6
3542400,255753667.3
3546000,247857977.5
3549600,249185283.8
3553200,231751704.0
3556800,244552726.7
3560400,233868024.4
3564000,250182135.5
3567600,253010525.5
3571200,233691647.0
3574800,251544118.7
3578400,250501361.5
3582000,231009920.1
3585600,257899085.7
3589200,245939381.1
3592800,236100949.0
3596400,247106365.3
3600000,250679133.7
3603600,237935590.9
3607200,243023930.3
3610800,253441709.9
3614400,257700496.2
3618000,241821198.4
3621600,241700558.3
3625200,249982518.5
3628800,246553649.3
3632400,221097403.3
3636000,202824936.9
3639600,233710021.9
3643200,213990436.6
3646800,239004352.2
3650400,248142060.8
3654000,234412241.8
3657600,224921128.0
3661200,204951623.0
3664800,214387562.4
3668400,226905614.1
3672000,200566502.6
3675600,214142174.2
3679200,229478564.5
3682800,208602405.6
3686400,208504908.3
3690000,233817139.7
3693600,228479721.5
3697200,227583525.1
3700800,248372049.2
3704400,231421095.1
3708000,216227485.9
3711600,226050784.5
3715200,243246833.8
3718800,249705411.7
3722400,241924411.5
3726000,217369857.4
3729600,237470494.0
3733200,246970641.6
3736800,233404091.9
3740400,224060135.9
3744000,214308153.9
3747600,229757790.3
3751200,216820357.2
3754800,247977528.4
3758400,222103751.1
3762000,248099810.4
3765600,233819181.0
3769200,235303891.8
3772800,247884637.7
3776400,246993846.9
3780000,241687876.7
3783600,207762066.0
3787200,241521608.7
3790800,223207016.1
3794400,214934421.4
3798000,226165266.0
3801600,241581521.8
3805200,226956617.6
3808800,212991593.0
3812400,217701921.3
3816000,209336906.8
3819600,217532836.7
3823200,209485926.8
3826800,241784546.9
3830400,219207547.8
3834000,200474986.1
3837600,215451234.8
3841200,241837361.7
3844800,214066841.1
3848400,239067165.6
3852000,226575712.5
3855600,207695725.8
3859200,226262684.2
3862800,214161989.4
3866400,235743305.7
3870000,236719464.2
3873600,222481792.2
3877200,209103871.7
3880800,206777021.3
3884400,213638580.7
3888000,231782175.4
3891600,240309395.9
3895200,233393866.1
3898800,214329457.4
3902400,207122078.1
3906000,212293761.8
3909600,234594850.7
3913200,203587342.2
3916800,224933043.8
3920400,249299888.9
3924000,245245032.3
3927600,228760384.9
3931200,238325863.7
3934800,237338372.4
3938400,234766570.3
3942000,233865862.5
3945600,214119991.4
3949200,229093399.0
3952800,230943614.5
3956400,240711995.8
3960000,200799353.0
3963600,210717630.2
3967200,249393367.9
3970800,240866862.7
3974400,231604085.5
3978000,234107372.3
3981600,240410841.1
3985200,213983106.9
3988800,233248463.4
3992400,201466205.6
3996000,227219007.7
3999600,226448512.3
4003200,243658213.9
4006800,209380415.2
4010400,246573028.7
4014000,248817613.8
4017600,216560221.4
4021200,231185461.7
4024800,226353035.9
4028400,222954076.1
4032000,217928281.3
4035600,216713477.6
4039200,204159762.5
4042800,219520093.4
4046400,211967197.3
4050000,224313599.5
4053600,235004680.2
4057200,206863516.6
4060800,241323366.9
4064400,246502661.0
4068000,241436525.3
4071600,224247638.1
4075200,232988463.2
4078800,222820054.1
4082400,220923102.7
4086000,201714813.1
4089600,246342377.3
4093200,202169002.8
4096800,223803005.0
4100400,219287386.7
4104000,226702916.7
4107600,249908413.6
4111200,245123709.4
4114800,200737774.9
4118400,239025746.4
4122000,224264472.5
4125600,219510988.2
4129200,241154505.2
4132800,243720877.2
4136400,249917801.3
4140000,209783029.5
4143600,243498445.9
4147200,215374580.9
4150800,220561822.7
4154400,240817009.9
4158000,218412737.4
4161600,221310771.3
4165200,204560840.5
4168800,233374909.1
4172400,236565408.1
4176000,215040920.5
4179600,216899860.5
4183200,236716118.0
4186800,249272831.0
4190400,234938550.7
4194000,204496590.6
4197600,223536876.3
4201200,231768144.4
4204800,226263467.8
4208400,207066971.8
4212000,213775774.1
4215600,249355136.7
4219200,239749915.4
4222800,246666745.5
4226400,217418627.9
4230000,210456674.1
4233600,211849712.4
4237200,229913271.8
4240800,246309907.7
4244400,216720674.4
4248000,222151647.0
4251600,204956902.8
4255200,235757560.3
4258800,236081920.3
4262400,239123547.6
4266000,247102255.0
4269600,202378423.8
4273200,240017519.4
4276800,223339420.3
4280400,213956992.5
4284000,202236054.1
4287600,239377548.4
4291200,244956193.1
4294800,238784195.0
4298400,241872511.8
4302000,217221035.3
4305600,209559630.2
4309200,218921946.2
4312800,212816692.1
4316400,201073162.0
4320000,214663939.2
4323600,212021138.9
4327200,210129450.4
4330800,217411039.0
4334400,226857479.8
4338000,206215713.6
4341600,209636915.5
4345200,224430977.0
4348800,220350520.2
4352400,236745942.2
4356000,214995245.9
4359600,240356807.1
4363200,245683225.9
4366800,238255402.1
4370400,216710584.8
4374000,235966896.7
4377600,201679658.2
4381200,230781194.8
4384800,205609243.3
4388400,202530107.9
4392000,202760512.5
4395600,201310979.8
4399200,247771779.1
4402800,226260690.2
4406400,237812700.8
4410000,229490915.9
4413600,236945281.7
4417200,215970850.0
4420800,242406491.7
4424400,224682341.1
4428000,205741763.9
4431600,240613619.1
4435200,233341458.0
4438800,219089154.2
4442400,235940448.2
4446000,220931394.7
4449600,202796635.5
4453200,229249983.0
4456800,214941386.2
4460400,220478128.9
4464000,229304485.3
4467600,215781078.2
4471200,207367922.4
4474800,249576463.8
4478400,205374662.2
4482000,216712841.7
4485600,201897948.0
4489200,246120329.9
4492800,218657088.4
4496400,249458036.0
4500000,227172801.6
4503600,228165825.8
4507200,209394930.9
4510800,210774781.4
4514400,224265344.8
4518000,210975036.9
4521600,246843627.4
4525200,213881231.8
4528800,247655176.9
4532400,240746625.5
4536000,217479940.2
4539600,201080302.2
4543200,217050652.2
4546800,219219890.6
4550400,204664481.3
4554000,248462638.8
4557600,209502247.9
4561200,208231023.2
4564800,225351572.2
4568400,225411913.7
4572000,202573907.6
4575600,218350585.0
4579200,229239861.8
4582800,249737529.6
4586400,221756588.6
4590000,234799889.4
4593600,200823774.8
4597200,207627004.8
4600800,244976942.6
4604400,202318815.1
4608000,201466349.5
4611600,228722224.6
4615200,217020208.3
4618800,210965038.4
4622400,245199552.7
4626000,234154392.1
4629600,218582407.4
4633200,220055891.8
4636800,210248513.5
4640400,211884959.7
4644000,244218032.3
4647600,246062152.8
4651200,239082443.1
4654800,212095789.4
4658400,229179815.1
4662000,210092784.5
4665600,206353388.4
4669200,234383466.1
4672800,245536950.6
4676400,237547003.5
4680000,241145445.2
4683600,211256042.6
4687200,219337315.2
4690800,220934422.6
4694400,246789283.1
4698000,205277742.5
4701600,226564463.6
4705200,231059582.9
4708800,214017087.7
4712400,209888131.7
4716000,220419345.5
4719600,218130228.6
4723200,208095069.6
4726800,244676274.2
4730400,222023818.3
4734000,233515501.0
4737600,210521337.0
4741200,223557311.5
4744800,202495692.1
4748400,224796575.9
4752000,213486059.7
4755600,234208715.4
4759200,237399781.0
4762800,219582068.4
4766400,227941352.3
4770000,236612280.7
4773600,230581087.2
4777200,229061483.2
4780800,203530196.4
4784400,218712315.6
4788000,201679481.1
4791600,220307154.5
4795200,232897905.6
4798800,228762027.2
4802400,248797811.9
4806000,222081966.9
4809600,238891848.7
4813200,228472921.3
4816800,201054989.2
4820400,225613677.6
4824000,220377607.3
4827600,210991853.7
4831200,211523033.4
4834800,221927489.2
4838400,234018275.7
4842000,217771189.6
4845600,221918657.3
4849200,245438909.0
4852800,241679498.0
4856400,219569190.8
4860000,236698955.0
4863600,214533001.8
4867200,214606832.2
4870800,214839813.9
4874400,201242121.1
4878000,245892090.7
4881600,234301506.1
4885200,211713892.8
4888800,224867632.0
4892400,239529077.5
4896000,219011630.9
4899600,210929170.6
4903200,236133263.9
4906800,238641627.9
4910400,234664132.8
4914000,230983739.7
4917600,238115152.0
4921200,225574014.8
4924800,216470273.3
4928400,200067203.1
4932000,229032202.5
4935600,208591903.4
4939200,209745361.0
4942800,207516075.4
4946400,225270986.3
4950000,200869346.2
4953600,223560397.6
4957200,202303874.7
4960800,222113262.4
4964400,208177959.7
4968000,228604997.8
4971600,240916016.1
4975200,204267099.0
4978800,211641804.7
4982400,212302301.6
4986000,217596710.7
4989600,220454204.5
4993200,205712155.7
4996800,220360738.6
5000400,233796535.4
5004000,227151197.0
5007600,217856480.8
5011200,233079636.5
5014800,233935139.5
5018400,206578009.2
5022000,221980980.6
5025600,246859778.8
5029200,228511193.0
5032800,228881964.6
5036400,238230118.5
5040000,212347583.4
5043600,234692771.3
5047200,214743145.6
5050800,228535026.5
5054400,231740208.3
5058000,219944559.9
5061600,212444184.5
5065200,246766619.0
5068800,222445095.1
5072400,226589200.9
5076000,231741927.5
5079600,233406018.1
5083200,221950659.4
5086800,208649468.2
5090400,234719212.1
5094000,246246310.5
5097600,218530297.2
5101200,231939394.3
5104800,244483954.3
5108400,224147116.7
5112000,231490893.4
5115600,223250874.7
5119200,205458643.0
5122800,205655818.9
5126400,205394615.4
5130000,222286547.9
5133600,246942251.8
5137200,231690698.9
5140800,246483467.4
5144400,203143812.8
5148000,215346945.6
5151600,247488224.8
5155200,200518219.0
5158800,208391385.4
5162400,237763622.4
5166000,241691086.6
5169600,230293021.8
5173200,225895858.4
5176800,247142880.2
5180400,237060319.8
5184000,235053943.4
5187600,237235907.5
5191200,243691288.7
5194800,248206029.8
5198400,249095845.4
5202000,245931641.4
5205600,214174018.3
5209200,202931278.8
5212800,241049727.3
5216400,208976111.8
5220000,201746563.6
5223600,238566335.7
5227200,227026306.0
5230800,216576997.8
5234400,228910830.3
5238000,242725371.1
5241600,232118754.2
5245200,221005176.6
5248800,227295644.3
5252400,209114886.4
5256000,211813711.4
5259600,210270683.3
5263200,212984315.6
5266800,247131620.3
5270400,232078517.9
5274000,241453168.3
5277600,219438109.7
5281200,208420610.9
5284800,237005887.0
5288400,243639792.5
5292000,217776248.8
5295600,208941433.6
5299200,249821180.4
5302800,247956377.9
5306400,207799811.9
5310000,246446783.3
5313600,221228709.3
5317200,211154197.3
5320800,206819754.6
5324400,213008782.7
5328000,227223269.1
5331600,204110419.6
5335200,229906365.7
5338800,201459308.9
5342400,222745444.9
5346000,216624934.2
5349600,247183641.6
5353200,215155091.0
5356800,221411216.8
5360400,233051688.0
5364000,219054400.6
5367600,206808530.6
5371200,204831331.2
5374800,215258082.1
5378400,241194182.5
5382000,231362643.3
5385600,210296638.2
5389200,249009272.9
5392800,221888714.0
5396400,241759788.7
5400000,226959022.4
5403600,201256346.7
5407200,200341214.0
5410800,239304311.9
5414400,222369642.8
5418000,214436872.5
5421600,243159013.2
5425200,232811424.8
5428800,214234681.6
5432400,232228311.2
5436000,213179058.9
5439600,208738933.2
5443200,202976856.0
5446800,245988122.4
5450400,208586226.3
5454000,204402320.9
5457600,215227139.8
5461200,233579757.5
5464800,210222165.2
5468400,248740483.5
5472000,201977983.4
5475600,224589553.3
5479200,232046648.1
5482800,220250806.8
5486400,202854097.9
5490000,231516849.7
5493600,210729061.3
5497200,231485470.7
5500800,219728046.8
5504400,239805384.9
5508000,243951847.1
5511600,239003856.1
5515200,235124129.8
5518800,221033611.3
5522400,232192791.6
5526000,203915449.7
5529600,219037498.6
5533200,221884461.2
5536800,220347572.1
5540400,213689309.4
5544000,211567551.4
5547600,236894897.5
5551200,243970001.8
5554800,238624400.9
5558400,201791644.6
5562000,227715816.5
5565600,229408724.5
5569200,212309425.5
5572800,219919313.2
5576400,240338990.2
5580000,215091780.2
5583600,224481719.5
5587200,239064357.3
5590800,222498848.7
5594400,241662020.4
5598000,233833729.2
5601600,204331453.2
5605200,249035923.7
5608800,228321420.9
5612400,210383969.5
5616000,204780433.4
5619600,203126073.4
5623200,201289100.9
5626800,216706347.1
5630400,227840330.0
5634000,242296971.0
5637600,231337711.1
5641200,229993180.5
5644800,210531807.5
5648400,212695741.6
5652000,232598685.6
5655600,216445838.5
5659200,226158697.5
5662800,206235827.9
5666400,222634814.3
5670000,249629793.0
5673600,219961441.3
5677200,203095585.8
5680800,214648062.8
5684400,227613591.3
5688000,237006364.0
5691600,215920224.8
5695200,224692908.8
5698800,231433432.1
5702400,237657315.0
5706000,234694366.5
5709600,206844026.7
5713200,245348105.2
5716800,218943829.4
5720400,226481110.5
5724000,249430750.1
5727600,247910465.7
5731200,240882303.8
5734800,221194773.5
5738400,240898826.7
5742000,222224794.3
5745600,219013017.4
5749200,235361758.5
5752800,211945806.0
5756400,208788255.6
5760000,211907338.4
5763600,214179580.9
5767200,202032435.7
5770800,227570834.2
5774400,247124949.1
5778000,239391830.4
5781600,212071611.1
5785200,234798777.4
5788800,200762875.5
5792400,238427375.3
5796000,216594634.5
5799600,216116504.7
5803200,238271864.8
5806800,219208248.6
5810400,210931336.0
5814000,228166104.1
5817600,211031666.3
5821200,208131852.7
5824800,219982002.5
5828400,201019747.1
5832000,221163506.5
5835600,200163665.0
5839200,202243001.4
5842800,209456205.8
5846400,210066816.6
5850000,230017481.0
5853600,211586122.9
5857200,228327394.0
5860800,227537483.6
5864400,216900314.7
5868000,249496175.3
5871600,207417962.5
5875200,242564383.4
5878800,239359000.5
5882400,226215048.9
5886000,200941948.1
5889600,213172585.8
5893200,249929486.2
5896800,235527030.9
5900400,210904516.7
5904000,232080634.4
5907600,206053412.4
5911200,227834067.0
5914800,239398410.3
5918400,220725096.3
5922000,204183220.3
5925600,229355336.0
5929200,231963323.2
5932800,206257736.6
5936400,243263083.9
5940000,224389214.3
5943600,213800890.9
5947200,215573581.8
5950800,233328335.3
5954400,225004903.9
5958000,222206926.1
5961600,243064256.4
5965200,253956272.8
5968800,259857744.0
5972400,231778740.5
5976000,257611485.9
5979600,266003108.4
5983200,269731920.0
5986800,264148153.6
5990400,245170095.3
5994000,220294010.4
5997600,220754319.3
6001200,224796841.8
6004800,259348009.6
6008400,247679629.7
6012000,255975956.8
6015600,231423924.1
6019200,220634594.9
6022800,226011192.5
6026400,251648912.4
6030000,220760539.9
6033600,267013290.1
6037200,269978290.1
6040800,238910928.9
6044400,264760291.5
6048000,249502502.3
6051600,261752783.4
6055200,244117294.7
6058800,222972052.2
6062400,243016813.6
6066000,235935526.3
6069600,265508022.4
6073200,264893056.9
6076800,252558404.4
6080400,232302656.1
6084000,231701227.2
6087600,247421749.7
6091200,239641168.0
6094800,257739739.2
6098400,239628637.5
6102000,233271026.9
6105600,237344561.3
6109200,266713132.2
6112800,238692661.0
6116400,244126322.9
6120000,231910730.2
6123600,246562453.0
6127200,230506087.2
6130800,234760353.1
6134400,246599297.6
6138000,245379215.0
6141600,244956025.3
6145200,265574875.9
6148800,256517170.4
6152400,264985609.0
6156000,260246241.5
6159600,242396710.1
6163200,231750286.9
6166800,223356186.2
6170400,234209938.0
6174000,241586896.4
6177600,242756217.1
6181200,268967593.9
6184800,266345282.3
6188400,249878687.0
6192000,249183992.8
6195600,225653602.8
6199200,239959985.3
6202800,267143962.9
6206400,230716233.0
6210000,228522619.1
6213600,237344231.2
6217200,251009463.0
6220800,241786764.3
6224400,240791403.5
6228000,234259813.4
6231600,265254474.7
6235200,254138892.2
6238800,225213153.1
6242400,224173924.8
6246000,220669699.4
6249600,265938078.8
6253200,238378646.3
6256800,241101249.2
6260400,248785478.8
6264000,229301152.7
6267600,221111317.9
6271200,252900027.9
6274800,242932468.0
6278400,229999440.6
6282000,229825976.3
6285600,254678706.2
6289200,257370857.5
6292800,247166714.2
6296400,246292814.3
6300000,240335720.8
6303600,247848615.7
6307200,256531545.0
6310800,234675592.2
6314400,259227756.0
6318000,223790944.0
6321600,243584023.2
6325200,239957805.5
6328800,265555585.9
6332400,241401112.5
6336000,267254207.0
6339600,240226464.2
6343200,232124833.2
6346800,263630960.6
6350400,244699414.7
6354000,241178692.4
6357600,247618323.1
6361200,232428449.4
6364800,232857944.9
6368400,230486771.3
6372000,249031166.4
6375600,261757543.6
6379200,262632999.9
6382800,252194854.2
6386400,269250388.3
6390000,268949096.7
6393600,254131307.8
6397200,259273887.3
6400800,237439895.2
6404400,259025734.7
6408000,222319866.9
6411600,237641632.0
6415200,237849891.2
6418800,226486751.9
6422400,269112313.9
6426000,240787692.2
6429600,240324263.3
6433200,259134536.6
6436800,241660203.8
6440400,248813906.7
6444000,252523416.6
6447600,221650539.5
6451200,240200584.3
6454800,267947211.9
6458400,249775989.5
6462000,266653922.4
6465600,266852040.1
6469200,257786956.6
6472800,246945709.3
6476400,261214566.6
6480000,220537342.3
6483600,257325948.1
6487200,225151738.6
6490800,222420539.2
6494400,229284555.9
6498000,243641985.5
6501600,220481781.2
6505200,262909024.4
6508800,243674476.3
6512400,227496737.5
6516000,232272732.3
6519600,222839557.2
6523200,230262239.9
6526800,243274457.0
6530400,243048758.9
6534000,237552803.7
6537600,242050138.6
6541200,236470351.7
6544800,248604863.3
6548400,269617664.7
6552000,255892541.2
6555600,238049777.5
6559200,248636426.6
6562800,239016730.8
6566400,238604163.3
6570000,241213732.2
6573600,257156344.5
6577200,238004024.3
6580800,251324462.6
6584400,262643484.9
6588000,226001237.6
6591600,228717133.1
6595200,267531389.9
6598800,268875073.7
6602400,232600243.8
6606000,234231023.3
6609600,261914316.1
6613200,260105037.0
6616800,238498066.3
6620400,238140549.0
6624000,233587064.0
6627600,232973465.3
6631200,269719718.8
6634800,222313166.1
6638400,253816656.1
6642000,245084232.4
6645600,225664400.2
6649200,243065733.1
6652800,233464925.6
6656400,258391761.4
6660000,267720623.7
6663600,225884368.6
6667200,221244411.0
6670800,241102005.7
6674400,223219198.0
6678000,226280132.8
6681600,224620887.7
6685200,231634463.7
6688800,230559653.1
6692400,250490549.0
6696000,239726352.6
6699600,256334919.6
6703200,268064907.7
6706800,257510860.2
6710400,223936988.6
6714000,263397652.6
6717600,238138543.2
6721200,259850356.4
6724800,259319359.4
6728400,236567737.4
6732000,267499572.8
6735600,261424482.2
6739200,251456487.4
6742800,234781181.6
6746400,250850226.2
6750000,269425171.5
6753600,237200444.6
6757200,231982233.3
6760800,220019855.3
6764400,265464492.6
6768000,251377022.9
6771600,259311464.9
6775200,257435816.8
6778800,250844881.7
6782400,229170079.1
6786000,262179662.4
6789600,255799647.0
6793200,252590066.8
6796800,250640353.6
6800400,263689306.9
6804000,259633863.6
6807600,256221248.8
6811200,240457721.5
6814800,269882670.1
6818400,251190425.2
6822000,237658262.7
6825600,229136157.1
6829200,236045217.6
6832800,232780338.3
6836400,267054237.4
6840000,264645333.8
6843600,269402605.4
6847200,267623598.8
6850800,263710345.9
6854400,228112175.0
6858000,227334420.7
6861600,252490155.0
6865200,259504297.1
6868800,223615080.5
6872400,232225972.0
6876000,220535357.6
6879600,231627070.4
6883200,232742744.0
6886800,265609398.1
6890400,238377328.6
6894000,221901701.2
6897600,252541615.8
6901200,260818343.2
6904800,224187520.4
6908400,220574052.4
6912000,238280766.1
6915600,240638272.1
6919200,240801049.5
6922800,243168800.7
6926400,243300325.6
6930000,247407926.6
6933600,246634546.1
6937200,245384627.7
6940800,259054566.4
6944400,234498257.4
6948000,247525094.1
6951600,248733266.5
6955200,230194575.4
6958800,247761848.6
6962400,230705801.2
6966000,247457836.1
6969600,223488491.5
6973200,263022375.7
6976800,230419135.4
6980400,231931604.8
6984000,239029260.8
6987600,234368319.6
6991200,257526156.5
6994800,235946948.6
6998400,225368483.8
7002000,260306793.4
7005600,232602922.7
7009200,245195242.6
7012800,221992541.9
7016400,251209687.7
7020000,239372080.4
7023600,235413692.5
7027200,236602498.1
7030800,266579662.3
7034400,243399478.0
7038000,220003549.7
7041600,256289025.2
7045200,239974146.0
7048800,221146181.7
7052400,251887119.5
7056000,241967600.6
7059600,249588456.8
7063200,250899230.5
7066800,242704833.6
7070400,222454263.8
7074000,255984708.6
7077600,257004643.1
7081200,240239939.7
7084800,222570626.3
7088400,267400232.7
7092000,263869342.5
7095600,261382497.4
7099200,242431829.7
7102800,264223735.7
7106400,262685916.9
7110000,252386837.2
7113600,245339163.4
7117200,223801145.4
7120800,238120344.2
7124400,231554557.8
7128000,263009025.2
7131600,251719502.8
7135200,256572855.7
7138800,227817764.2
7142400,267482346.9
7146000,240021147.7
7149600,250569333.8
7153200,259924461.6
7156800,254318491.0
7160400,220002417.2
7164000,245132882.7
7167600,269280999.8
7171200,220350186.0
7174800,222046466.2
7178400,225171145.6
7182000,250170327.9
7185600,222309514.3
7189200,241093597.2
7192800,237793155.2
7196400,254883522.9
7200000,238148886.3
7203600,236227752.4
7207200,253873787.2
7210800,249162618.5
7214400,232022739.9
7218000,238743328.3
7221600,230236730.6
7225200,232932104.2
7228800,262365724.6
7232400,241352047.1
7236000,252849148.2
7239600,246563587.4
7243200,266850952.0
7246800,236671121.0
7250400,238045591.6
7254000,257324677.0
7257600,249502502.3
7261200,261752783.4
7264800,244117294.7
7268400,222972052.2
7272000,243016813.6
7275600,235935526.3
7279200,265508022.4
7282800,264893056.9
7286400,252558404.4
7290000,232302656.1
7293600,231701227.2
7297200,247421749.7
7300800,239641168.0
7304400,257739739.2
7308000,239628637.5
7311600,233271026.9
7315200,237344561.3
7318800,266713132.2
7322400,238692661.0
7326000,244126322.9
7329600,231910730.2
7333200,246562453.0
7336800,230506087.2
7340400,234760353.1
7344000,246599297.6
7347600,245379215.0
7351200,244956025.3
7354800,265574875.9
7358400,256517170.4
7362000,264985609.0
7365600,260246241.5
7369200,242396710.1
7372800,231750286.9
7376400,223356186.2
7380000,234209938.0
7383600,241586896.4
7387200,242756217.1
7390800,268967593.9
7394400,266345282.3
7398000,249878687.0
7401600,249183992.8
7405200,225653602.8
7408800,239959985.3
7412400,267143962.9
7416000,230716233.0
7419600,228522619.1
7423200,237344231.2
7426800,251009463.0
7430400,241786764.3
7434000,240791403.5
7437600,234259813.4
7441200,265254474.7
7444800,254138892.2
7448400,225213153.1
7452000,224173924.8
7455600,220669699.4
7459200,265938078.8
7462800,238378646.3
7466400,241101249.2
7470000,248785478.8
7473600,229301152.7
7477200,221111317.9
7480800,252900027.9
7484400,242932468.0
7488000,229999440.6
7491600,229825976.3
7495200,254678706.2
7498800,257370857.5
7502400,247166714.2
7506000,246292814.3
7509600,240335720.8
7513200,247848615.7
7516800,256531545.0
7520400,234675592.2
7524000,259227756.0
7527600,223790944.0
7531200,243584023.2
7534800,239957805.5
7538400,265555585.9
7542000,241401112.5
7545600,267254207.0
7549200,240226464.2
7552800,232124833.2
7556400,263630960.6
7560000,244699414.7
7563600,241178692.4
7567200,247618323.1
7570800,232428449.4
7574400,232857944.9
7578000,230486771.3
7581600,249031166.4
7585200,261757543.6
7588800,262632999.9
7592400,252194854.2
7596000,269250388.3
7599600,268949096.7
7603200,254131307.8
7606800,259273887.3
7610400,237439895.2
7614000,259025734.7
7617600,222319866.9
7621200,237641632.0
7624800,237849891.2
7628400,226486751.9
7632000,269112313.9
7635600,240787692.2
7639200,240324263.3
7642800,259134536.6
7646400,241660203.8
7650000,248813906.7
7653600,252523416.6
7657200,221650539.5
7660800,240200584.3
7664400,267947211.9
7668000,249775989.5
7671600,266653922.4
7675200,266852040.1
7678800,257786956.6
7682400,246945709.3
7686000,261214566.6
7689600,220537342.3
7693200,257325948.1
7696800,225151738.6
7700400,222420539.2
7704000,229284555.9
7707600,243641985.5
7711200,220481781.2
7714800,262909024.4
7718400,243674476.3
7722000,227496737.5
7725600,232272732.3
7729200,222839557.2
7732800,230262239.9
7736400,243274457.0
7740000,243048758.9
7743600,237552803.7
7747200,242050138.6
7750800,236470351.7
7754400,248604863.3
7758000,269617664.7
7761600,255892541.2
7765200,238049777.5
7768800,248636426.6
7772400,239016730.8
7776000,238604163.3
7779600,241213732.2
7783200,257156344.5
7786800,238004024.3
7790400,251324462.6
7794000,262643484.9
7797600,226001237.6
7801200,228717133.1
7804800,267531389.9
7808400,268875073.7
7812000,232600243.8
7815600,234231023.3
7819200,261914316.1
7822800,260105037.0
7826400,238498066.3
7830000,238140549.0
7833600,233587064.0
7837200,232973465.3
7840800,269719718.8
7844400,222313166.1
7848000,253816656.1
7851600,245084232.4
7855200,225664400.2
7858800,243065733.1
7862400,255931525.4
7866000,268030140.3
7869600,246445005.4
7873200,266770835.0
7876800,269479347.3
7880400,243285793.7
7884000,238189823.2
7887600,224516792.9
7891200,262210187.9
7894800,240685303.2
7898400,257867922.3
7902000,247701669.6
7905600,243812013.5
7909200,233329523.2
7912800,226763873.7
7916400,223885039.1
7920000,262329672.4
7923600,236852148.4
7927200,253699690.4
7930800,225221637.6
7934400,249368293.6
7938000,225740146.1
7941600,232467267.4
7945200,240708636.0
7948800,255773337.1
7952400,263483529.0
7956000,260771395.2
7959600,231622461.3
7963200,237316761.6
7966800,268030618.2
7970400,235065640.0
7974000,227709813.6
7977600,257221824.4
7981200,234144741.0
7984800,236441971.7
7988400,220066595.0
7992000,248195675.1
7995600,242206683.3
7999200,228068148.6
8002800,255173103.7
8006400,247201554.1
8010000,232730986.1
8013600,239655542.3
8017200,232230954.4
8020800,249134449.4
8024400,222637173.6
8028000,250114633.7
8031600,221998540.4
8035200,263120509.1
8038800,237155493.1
8042400,225611673.3
8046000,249671329.0
8049600,251503837.2
8053200,259069021.4
8056800,256825706.4
8060400,259579857.5
8064000,252435566.9
8067600,265595416.0
8071200,250303804.7
8074800,256822279.6
8078400,255662576.3
8082000,254499359.7
8085600,265993493.6
8089200,268477296.6
8092800,236446303.6
8096400,224740786.8
8100000,260326636.2
8103600,254136740.1
8107200,228662348.7
8110800,244050497.4
8114400,266966924.8
8118000,226903617.7
8121600,252982698.5
8125200,229701962.7
8128800,251324198.9
8132400,251036753.3
8136000,242048859.1
8139600,252947366.7
8143200,242357610.7
8146800,262580220.0
8150400,255366258.4
8154000,241427304.6
8157600,251009850.4
8161200,252059615.5
8164800,264387505.7
8168400,269680223.4
8172000,256417690.1
8175600,245291138.8
8179200,222446448.9
8182800,225410931.8
8186400,262914815.8
8190000,265797224.3
8193600,253582992.1
8197200,243116778.6
8200800,268069486.5
8204400,223995862.1
8208000,239295673.9
8211600,220821810.5
8215200,249595357.5
8218800,248411815.3
8222400,220613534.5
8226000,249490265.5
8229600,238010826.6
8233200,221271733.5
8236800,268928988.1
8240400,226609704.0
8244000,247528828.2
8247600,263171904.4
8251200,254127034.4
8254800,221748459.8
8258400,242009893.8
8262000,241991356.3
8265600,258305586.1
8269200,269991964.3
8272800,232873299.4
8276400,264290716.0
8280000,222486078.6
8283600,236582788.5
8287200,256477684.2
8290800,244935088.7
8294400,247332979.7
8298000,231231968.1
8301600,226149033.3
8305200,244260599.5
8308800,263702114.6
8312400,252071262.5
8316000,242411863.2
8319600,226857187.7
8323200,227057963.1
8326800,269129789.4
8330400,268594213.0
8334000,241444627.4
8337600,257801925.5
8341200,247929532.5
8344800,257832719.7
8348400,268796004.7
8352000,222093702.4
8355600,237550175.0
8359200,243832398.1
8362800,228746766.6
8366400,237795227.2
8370000,264423473.3
8373600,223457652.5
8377200,224637371.7
8380800,230290209.1
8384400,250759949.0
8388000,233671602.5
8391600,257389268.6
8395200,235286316.5
8398800,258272218.0
8402400,232644286.6
8406000,253550798.8
8409600,226595705.4
8413200,267122419.9
8416800,242229159.2
8420400,237899766.9
8424000,228490047.9
8427600,244953703.3
8431200,242608310.0
8434800,223310799.0
8438400,264394083.7
8442000,265389206.3
8445600,259132716.4
8449200,243597178.0
8452800,259807115.2
8456400,263782369.4
8460000,253612578.1
8463600,223519136.8
8467200,226223595.3
8470800,241268309.2
8474400,259133288.4
8478000,249457327.3
8481600,243606795.3
8485200,221689423.6
8488800,229003676.8
8492400,266590982.9
8496000,249538200.5
8499600,245316775.4
8503200,230921942.8
8506800,267602551.8
8510400,238112975.7
8514000,242927337.7
8517600,261540506.9
8521200,259533251.5
8524800,242051136.7
8528400,251201689.7
8532000,267775412.8
8535600,253173932.9
8539200,233324547.2
8542800,256157742.0
8546400,248053894.3
8550000,268649033.4
8553600,235043632.2
8557200,244851024.9
8560800,234197705.4
8564400,223710400.2
8568000,225569859.4
8571600,223765346.8
8575200,269809601.4
8578800,249979884.0
8582400,259448400.7
8586000,263063432.0
8589600,261353413.3
8593200,266846186.6
8596800,221792673.0
8600400,226985539.3
8604000,256272104.0
8607600,263604708.5
8611200,238705163.6
8614800,230809375.9
8618400,248800505.0
8622000,221282337.8
8625600,222175246.2
8629200,266672464.2
8632800,240082596.4
8636400,259246038.4
8640000,232131428.4
8643600,250427136.2
8647200,264659195.5
8650800,251470993.1
8654400,266207343.6
8658000,269790228.6
8661600,227504493.6
8665200,221239845.0
8668800,265563204.9
8672400,227399872.9
8676000,224497152.9
8679600,255784680.0
8683200,228750720.4
8686800,227986079.5
8690400,243946607.2
8694000,267436582.6
8697600,257053507.1
8701200,253616673.1
8704800,223517262.4
8708400,235305274.3
8712000,266841652.8
8715600,262846850.2
8719200,264542369.0
8722800,249429345.9
8726400,228129316.4
8730000,228802256.0
8733600,257378180.7
8737200,267264290.8
8740800,252898989.5
8744400,247191598.8
8748000,249882654.4
8751600,231730144.6
8755200,260988386.6
8758800,259424776.7
8762400,249452980.7
8766000,241812988.9
8769600,247486971.4
8773200,237648435.3
8776800,269789559.7
8780400,238248180.0
8784000,268308724.6
8787600,221237043.6
8791200,258891955.7
8794800,242009106.0
8798400,251524996.4
8802000,235701234.8
8805600,266090764.2
8809200,231166231.0
8812800,238724313.6
8816400,235407219.1
8820000,221891123.7
8823600,250258483.7
8827200,261793218.5
8830800,249412611.6
8834400,238172739.8
8838000,226994259.2
8841600,225826686.1
8845200,269060871.7
8848800,247084617.5
8852400,224325495.4
8856000,232804811.4
8859600,230488750.5
8863200,235730490.2
8866800,265187579.8
8870400,246034815.4
8874000,228111800.5
8877600,227180610.4
8881200,223202653.8
8884800,262732272.9
8888400,268722839.3
8892000,266451255.2
8895600,240476011.1
8899200,265080561.0
8902800,244224861.4
8906400,243483692.0
8910000,228391409.9
8913600,224142923.7
8917200,251658062.8
8920800,235548945.9
8924400,243317701.7
8928000,230553471.1
8931600,220072286.0
8935200,259880563.3
8938800,238402371.3
8942400,220756878.6
8946000,255748923.3
8949600,230928938.1
8953200,254435863.5
8956800,232300361.1
8960400,233304242.7
8964000,226603541.2
8967600,237210516.8
8971200,257719499.2
8974800,264461932.3
8978400,255521818.8
8982000,232323751.3
8985600,242569467.4
8989200,266561213.7
8992800,250783379.0
8996400,232914499.0
9000000,251555158.7
9003600,254776609.7
9007200,240182993.9
9010800,229674092.9
9014400,235353711.2
9018000,254647725.7
9021600,251517978.3
9025200,232491199.4
9028800,222171100.9
9032400,246572572.7
9036000,228810072.4
9039600,246095101.9
9043200,263564106.8
9046800,250680641.3
9050400,233571606.1
9054000,262726980.5
9057600,227873007.0
9061200,232970931.9
9064800,253529024.0
9068400,231297869.6
9072000,238873103.7
9075600,217880297.6
9079200,201266188.9
9082800,241688980.5
9086400,218159890.7
9090000,239428090.2
9093600,243982983.2
9097200,233825392.0
9100800,227262203.1
9104400,244944442.7
9108000,204974673.6
9111600,204546964.6
9115200,201711966.6
9118800,216208711.4
9122400,208303287.9
9126000,249903929.7
9129600,220774260.1
9133200,237716669.2
9136800,234665674.9
9140400,238532200.6
9144000,245613004.2
9147600,215533988.4
9151200,210235853.4
9154800,203643940.9
9158400,229360034.3
9162000,227124331.1
9165600,232204290.9
9169200,229900263.0
9172800,222500986.6
9176400,208127509.0
9180000,238246036.7
9183600,249165016.6
9187200,207157322.2
9190800,241385168.8
9194400,244056640.1
9198000,203522513.9
9201600,223893267.3
9205200,236937739.7
9208800,236686845.4
9212400,240812263.9
9216000,226674003.0
9219600,228041669.8
9223200,217326304.5
9226800,227537782.4
9230400,201055135.5
9234000,236838560.6
9237600,241698586.9
9241200,241815983.0
9244800,201656018.4
9248400,245608617.2
9252000,204746258.9
9255600,242545400.4
9259200,226109991.0
9262800,200818322.8
9266400,206458857.8
9270000,229658735.3
9273600,236089368.5
9277200,201851261.1
9280800,208808467.0
9284400,211621831.9
9288000,235750639.7
9291600,238529302.8
9295200,229468974.1
9298800,243646939.4
9302400,222699569.7
9306000,249196452.3
9309600,212998070.8
9313200,234533457.1
9316800,229837190.1
9320400,213966445.0
9324000,213960495.6
9327600,234188385.5
9331200,240564053.7
9334800,203812061.0
9338400,218468634.7
9342000,240311854.3
9345600,247916549.5
9349200,249686742.1
9352800,221278613.4
9356400,221657649.6
9360000,216922278.4
9363600,222733392.1
9367200,238498763.7
9370800,237785014.0
9374400,249619696.7
9378000,210153670.3
9381600,218770848.6
9385200,235433508.8
9388800,208174897.3
9392400,216198102.6
9396000,240450612.5
9399600,210947844.9
9403200,216419404.4
9406800,223099910.2
9410400,217616508.3
9414000,203676978.0
9417600,225259653.4
9421200,213709998.4
9424800,228381771.9
9428400,201375555.6
9432000,230685862.9
9435600,221180598.2
9439200,232264786.0
9442800,215305903.3
9446400,214539229.1
9450000,221525772.0
9453600,227513711.8
9457200,206123052.3
9460800,206521252.3
9464400,211439409.9
9468000,205346170.0
9471600,204651859.0
9475200,209428645.3
9478800,234174775.4
9482400,227074129.4
9486000,226070346.1
9489600,247090828.8
9493200,231875061.8
9496800,235927877.7
9500400,221222079.3
9504000,212417879.3
9507600,246799364.1
9511200,240106420.1
9514800,238081691.1
9518400,203087642.0
9522000,245332690.0
9525600,232781406.2
9529200,247397484.2
9532800,227262096.5
9536400,215265939.2
9540000,204425799.2
9543600,221076725.7
9547200,218376668.4
9550800,242626429.5
9554400,249196198.9
9558000,202692656.0
9561600,217856758.5
9565200,249953352.1
9568800,220750868.0
9572400,219032399.0
9576000,205228978.0
9579600,229480611.2
9583200,207316031.7
9586800,218828785.8
9590400,246817623.6
9594000,235018477.1
9597600,212146707.0
9601200,237105970.0
9604800,216331887.7
9608400,218497969.2
9612000,224639702.3
9615600,210030920.7
9619200,214378365.9
9622800,214629653.6
9626400,221492180.5
9630000,223905640.4
9633600,246596000.7
9637200,241811486.8
9640800,214498784.1
9644400,247903750.2
9648000,236152416.7
9651600,243240393.1
9655200,226162492.2
9658800,202638435.2
9662400,248000767.9
9666000,233610401.8
9669600,203273337.8
9673200,248956807.2
9676800,214742251.5
9680400,247495442.3
9684000,208670993.3
9687600,200045229.9
9691200,243922771.9
9694800,242526837.7
9698400,216820449.8
9702000,204916505.2
9705600,231405955.2
9709200,220020834.8
9712800,246402621.5
9716400,244030283.0
9720000,230954042.8
9723600,244697038.1
9727200,210452665.1
9730800,212914887.7
9734400,200206243.8
9738000,204522634.5
9741600,229791001.2
9745200,214965636.4
9748800,238771689.8
9752400,232119496.3
9756000,208977326.8
9759600,214167006.8
9763200,206792741.8
9766800,228174775.3
9770400,207212810.6
9774000,242802671.1
9777600,201520421.7
9781200,242516193.1
9784800,211640024.5
9788400,237746823.4
9792000,202819521.6
9795600,235382320.2
9799200,209206057.6
9802800,249730128.0
9806400,225834985.2
9810000,226907550.7
9813600,213575699.8
9817200,218912849.0
9820800,225607328.6
9824400,225770927.3
9828000,223446683.9
9831600,207708357.9
9835200,210756304.0
9838800,232258641.1
9842400,230306958.3
9846000,209117256.2
9849600,243384572.8
9853200,226385905.2
9856800,248726881.5
9860400,214274240.9
9864000,247454050.0
9867600,230380265.5
9871200,238824390.4
9874800,203174098.0
9878400,229557851.0
9882000,244987876.7
9885600,225489399.7
9889200,226641739.3
9892800,239928781.8
9896400,232754798.9
9900000,223152891.3
9903600,227865852.4
9907200,237151682.2
9910800,225716083.9
9914400,206039117.9
9918000,213404333.5
9921600,246242950.6
9925200,229469865.3
9928800,226961170.9
9932400,246863263.2
9936000,212781447.9
9939600,245595004.6
9943200,227855807.0
9946800,236934244.3
9950400,234216042.2
9954000,206985294.8
9957600,248674429.1
9961200,221226988.4
9964800,203810582.3
9968400,205396309.4
9972000,248612065.8
9975600,228517667.0
9979200,224191244.2
9982800,232249487.7
9986400,210910218.8
9990000,234745146.0
9993600,212287842.9
9997200,231680953.2
10000800,248006857.0
10004400,236321099.3
10008000,248482914.8
10011600,238107044.9
10015200,226254792.0
10018800,222339512.2
10022400,231918098.7
10026000,215356889.4
10029600,222170296.4
10033200,233263497.3
10036800,241113858.7
10040400,215951065.6
10044000,232852251.9
10047600,225270170.4
10051200,207872301.6
10054800,215253827.7
10058400,205255064.4
10062000,243531090.9
10065600,233947533.3
10069200,241343761.1
10072800,247303466.2
10076400,231530195.6
10080000,225670110.9
10083600,227799748.5
10087200,249371548.5
10090800,231345075.5
10094400,242600848.7
10098000,224512531.1
10101600,200997937.8
10105200,212191569.8
10108800,227503753.2
10112400,205078350.8
10116000,223715604.2
10119600,208726558.4
10123200,216269156.6
10126800,205519315.7
10130400,221411825.5
10134000,235949530.2
10137600,238380829.3
10141200,246359260.1
10144800,237847702.5
10148400,216624910.5
10152000,244027975.5
10155600,226280486.8
10159200,213367014.3
10162800,208410841.0
10166400,202250559.3
10170000,208538746.7
10173600,246288770.6
10177200,205431179.3
10180800,241707467.1
10184400,207590750.6
10188000,242793805.8
10191600,229928376.4
10195200,209888413.0
10198800,239876526.0
10202400,239369282.6
10206000,204779254.2
10209600,208572389.1
10213200,230140604.9
10216800,216254924.1
10220400,213364243.6
10224000,239464987.6
10227600,230830672.1
10231200,234323210.3
10234800,234871665.1
10238400,246601029.7
10242000,206009404.4
10245600,230344310.8
10249200,224493382.5
10252800,226485069.0
10256400,211093456.6
10260000,237409045.0
10263600,212907695.2
10267200,209955698.8
10270800,243576168.6
10274400,201359275.1
10278000,201817010.7
10281600,227858842.8
10285200,250833134.2
10288800,246422497.2
10292400,229560991.2
10296000,257987538.0
10299600,250749921.3
10303200,227603180.3
10306800,242731872.3
10310400,254104880.0
10314000,234062956.1
10317600,251243156.0
10321200,267086506.1
10324800,248340166.8
10328400,254655780.0
10332000,268929320.6
10335600,264955868.9
10339200,252423994.8
10342800,269146040.7
10346400,228190748.4
10350000,245489342.9
10353600,251367421.5
10357200,260000045.3
10360800,240888454.3
10364400,222741721.6
10368000,245957209.7
10371600,226726606.8
10375200,238348721.7
10378800,254831044.4
10382400,226479176.2
10386000,259292476.5
10389600,222515448.7
10393200,260780776.0
10396800,263346943.1
10400400,229844822.7
10404000,250369690.1
10407600,269833987.6
10411200,222118716.4
10414800,226941150.2
10418400,231147698.7
10422000,249150523.9
10425600,253555324.3
10429200,256159799.3
10432800,245221925.6
10436400,252231513.1
10440000,221818467.0
10443600,229692591.3
10447200,257477285.6
10450800,235408918.8
10454400,257452607.6
10458000,262601866.1
10461600,224967773.8
10465200,249888909.9
10468800,256030112.8
10472400,248435691.6
10476000,231755504.6
10479600,265531811.3
10483200,267530987.9
10486800,245815764.7
10490400,255354406.5
10494000,259939759.6
10497600,229984468.3
10501200,225342025.8
10504800,250928742.2
10508400,221111197.0
10512000,221878102.2
10515600,225768206.1
10519200,260934862.0
10522800,238844961.3
10526400,231457815.6
10530000,238406995.7
10533600,228727021.2
10537200,258738981.9
10540800,236501530.7
10544400,235789007.0
10548000,256229345.0
10551600,249247749.2
10555200,258887776.2
10558800,237978819.4
10562400,229236650.1
10566000,248684455.4
10569600,244154729.2
10573200,241081347.0
10576800,235866259.6
10580400,268628575.4
10584000,232911132.0
10587600,248354995.0
10591200,237603345.2
10594800,235601480.4
10598400,220469880.1
10602000,253406374.6
10605600,264284384.0
10609200,241065886.3
10612800,262929002.6
10616400,267399624.6
10620000,238805338.7
10623600,230164662.4
10627200,228958474.8
10630800,235314704.2
10634400,262515596.8
10638000,246280126.6
10641600,261422112.6
10645200,225343822.9
10648800,250857101.6
10652400,248341325.9
10656000,233046807.8
10659600,220115405.5
10663200,234362753.1
10666800,261063504.1
10670400,264755770.2
10674000,269790395.5
10677600,220421920.1
10681200,256642161.9
10684800,224230863.4
10688400,251667428.4
10692000,260254321.3
10695600,261498244.3
10699200,248361072.5
10702800,233002169.5
10706400,259226602.5
10710000,228460266.7
10713600,233712917.3
10717200,220245159.7
10720800,239878062.0
10724400,221327577.7
10728000,262734952.5
10731600,230244584.5
10735200,263017529.1
10738800,222806235.4
10742400,231175588.6
10746000,222264025.9
10749600,257549588.7
10753200,254902819.0
10756800,265939394.5
10760400,265446130.2
10764000,260276192.8
10767600,269983872.3
10771200,260038313.8
10774800,236145766.6
10778400,221257229.2
10782000,256641173.6
10785600,243639335.2
10789200,239629420.1
10792800,263000701.4
10796400,222873082.5
10800000,239227256.9
10803600,227092021.0
10807200,222284069.9
10810800,254899736.6
10814400,265675575.1
10818000,239177281.6
10821600,232155540.9
10825200,265354886.6
10828800,255100895.6
10832400,264781894.3
10836000,267398678.0
10839600,266834597.9
10843200,269839331.6
10846800,239847123.6
10850400,252996822.5
10854000,261147514.9
10857600,251118336.5
10861200,255025315.9
10864800,244475755.2
10868400,245440840.1
10872000,258985664.8
10875600,222024288.8
10879200,265050370.1
10882800,256602286.1
10886400,227858842.8
10890000,250833134.2
10893600,246422497.2
10897200,229560991.2
10900800,257987538.0
10904400,250749921.3
10908000,227603180.3
10911600,242731872.3
10915200,254104880.0
10918800,234062956.1
10922400,251243156.0
10926000,267086506.1
10929600,248340166.8
10933200,254655780.0
10936800,268929320.6
10940400,264955868.9
10944000,252423994.8
10947600,269146040.7
10951200,228190748.4
10954800,245489342.9
10958400,251367421.5
10962000,260000045.3
10965600,240888454.3
10969200,222741721.6
10972800,245957209.7
10976400,226726606.8
10980000,238348721.7
10983600,254831044.4
10987200,226479176.2
10990800,259292476.5
10994400,222515448.7
10998000,260780776.0
11001600,263346943.1
11005200,229844822.7
11008800,250369690.1
11012400,269833987.6
11016000,222118716.4
11019600,226941150.2
11023200,231147698.7
11026800,249150523.9
11030400,253555324.3
11034000,256159799.3
11037600,245221925.6
11041200,252231513.1
11044800,221818467.0
11048400,229692591.3
11052000,257477285.6
11055600,235408918.8
11059200,257452607.6
11062800,262601866.1
11066400,224967773.8
11070000,249888909.9
11073600,256030112.8
11077200,248435691.6
11080800,231755504.6
11084400,265531811.3
11088000,267530987.9
11091600,245815764.7
11095200,255354406.5
11098800,259939759.6
11102400,229984468.3
11106000,225342025.8
11109600,250928742.2
11113200,221111197.0
11116800,221878102.2
11120400,225768206.1
11124000,260934862.0
11127600,238844961.3
11131200,231457815.6
11134800,238406995.7
11138400,228727021.2
11142000,258738981.9
11145600,236501530.7
11149200,235789007.0
11152800,256229345.0
11156400,249247749.2
11160000,258887776.2
11163600,237978819.4
11167200,229236650.1
11170800,248684455.4
11174400,244154729.2
11178000,241081347.0
11181600,235866259.6
11185200,268628575.4
11188800,232911132.0
11192400,248354995.0
11196000,237603345.2
11199600,235601480.4
11203200,220469880.1
11206800,253406374.6
11210400,264284384.0
11214000,241065886.3
11217600,262929002.6
11221200,267399624.6
11224800,238805338.7
11228400,230164662.4
11232000,228958474.8
11235600,235314704.2
11239200,262515596.8
11242800,246280126.6
11246400,261422112.6
11250000,225343822.9
11253600,250857101.6
11257200,248341325.9
11260800,233046807.8
11264400,220115405.5
11268000,234362753.1
11271600,261063504.1
11275200,264755770.2
11278800,269790395.5
11282400,220421920.1
11286000,256642161.9
11289600,224230863.4
11293200,251667428.4
11296800,260254321.3
11300400,261498244.3
11304000,248361072.5
11307600,233002169.5
11311200,259226602.5
11314800,228460266.7
11318400,233712917.3
11322000,220245159.7
11325600,239878062.0
11329200,221327577.7
11332800,262734952.5
11336400,230244584.5
11340000,263017529.1
11343600,222806235.4
11347200,231175588.6
11350800,222264025.9
11354400,257549588.7
11358000,254902819.0
11361600,265939394.5
11365200,265446130.2
11368800,260276192.8
11372400,269983872.3
11376000,260038313.8
11379600,236145766.6
11383200,221257229.2
11386800,256641173.6
11390400,243639335.2
11394000,239629420.1
11397600,263000701.4
11401200,222873082.5
11404800,239227256.9
11408400,227092021.0
11412000,222284069.9
11415600,254899736.6
11419200,265675575.1
11422800,239177281.6
11426400,232155540.9
11430000,265354886.6
11433600,255100895.6
11437200,264781894.3
11440800,267398678.0
11444400,266834597.9
11448000,269839331.6
11451600,239847123.6
11455200,252996822.5
11458800,261147514.9
11462400,251118336.5
11466000,255025315.9
11469600,244475755.2
11473200,245440840.1
11476800,258985664.8
11480400,222024288.8
11484000,265050370.1
11487600,256602286.1
11491200,233464925.6
11494800,258391761.4
11498400,267720623.7
11502000,225884368.6
11505600,221244411.0
11509200,241102005.7
11512800,223219198.0
11516400,226280132.8
11520000,224620887.7
11523600,231634463.7
11527200,230559653.1
11530800,250490549.0
11534400,239726352.6
11538000,256334919.6
11541600,268064907.7
11545200,257510860.2
11548800,223936988.6
11552400,263397652.6
11556000,238138543.2
11559600,259850356.4
11563200,259319359.4
11566800,236567737.4
11570400,267499572.8
11574000,261424482.2
11577600,251456487.4
11581200,234781181.6
11584800,250850226.2
11588400,269425171.5
11592000,237200444.6
11595600,231982233.3
11599200,220019855.3
11602800,265464492.6
11606400,251377022.9
11610000,259311464.9
11613600,257435816.8
11617200,250844881.7
11620800,229170079.1
11624400,262179662.4
11628000,255799647.0
11631600,252590066.8
11635200,250640353.6
11638800,263689306.9
11642400,259633863.6
11646000,256221248.8
11649600,240457721.5
11653200,269882670.1
11656800,251190425.2
11660400,237658262.7
11664000,229136157.1
11667600,236045217.6
11671200,232780338.3
11674800,267054237.4
11678400,264645333.8
11682000,269402605.4
11685600,267623598.8
11689200,263710345.9
11692800,228112175.0
11696400,227334420.7
11700000,252490155.0
11703600,259504297.1
11707200,223615080.5
11710800,232225972.0
11714400,220535357.6
11718000,231627070.4
11721600,232742744.0
11725200,265609398.1
11728800,238377328.6
11732400,221901701.2
11736000,252541615.8
11739600,260818343.2
11743200,224187520.4
11746800,220574052.4
11750400,238280766.1
11754000,240638272.1
11757600,240801049.5
11761200,243168800.7
11764800,243300325.6
11768400,247407926.6
11772000,246634546.1
11775600,245384627.7
11779200,259054566.4
11782800,234498257.4
11786400,247525094.1
11790000,248733266.5
11793600,230194575.4
11797200,247761848.6
11800800,230705801.2
11804400,247457836.1
11808000,223488491.5
11811600,263022375.7
11815200,230419135.4
11818800,231931604.8
11822400,239029260.8
11826000,234368319.6
11829600,257526156.5
11833200,235946948.6
11836800,225368483.8
11840400,260306793.4
11844000,232602922.7
11847600,245195242.6
11851200,221992541.9
11854800,251209687.7
11858400,239372080.4
11862000,235413692.5
11865600,236602498.1
11869200,266579662.3
11872800,243399478.0
11876400,220003549.7
11880000,256289025.2
11883600,239974146.0
11887200,221146181.7
11890800,251887119.5
11894400,241967600.6
11898000,249588456.8
11901600,250899230.5
11905200,242704833.6
11908800,222454263.8
11912400,255984708.6
11916000,257004643.1
11919600,240239939.7
11923200,222570626.3
11926800,267400232.7
11930400,263869342.5
11934000,261382497.4
11937600,242431829.7
11941200,264223735.7
11944800,262685916.9
11948400,252386837.2
11952000,245339163.4
11955600,223801145.4
11959200,238120344.2
11962800,231554557.8
11966400,263009025.2
11970000,251719502.8
11973600,256572855.7
11977200,227817764.2
11980800,267482346.9
11984400,240021147.7
11988000,250569333.8
11991600,259924461.6
11995200,254318491.0
11998800,220002417.2
12002400,245132882.7
12006000,269280999.8
12009600,220350186.0
12013200,222046466.2
12016800,225171145.6
12020400,250170327.9
12024000,222309514.3
12027600,241093597.2
12031200,237793155.2
12034800,254883522.9
12038400,238148886.3
12042000,236227752.4
12045600,253873787.2
12049200,249162618.5
12052800,232022739.9
12056400,238743328.3
12060000,230236730.6
12063600,232932104.2
12067200,262365724.6
12070800,241352047.1
12074400,252849148.2
12078000,246563587.4
12081600,266850952.0
12085200,236671121.0
12088800,238045591.6
12092400,257324677.0
12096000,214742251.5
12099600,247495442.3
12103200,208670993.3
12106800,200045229.9
12110400,243922771.9
12114000,242526837.7
12117600,216820449.8
12121200,204916505.2
12124800,231405955.2
12128400,220020834.8
12132000,246402621.5
12135600,244030283.0
12139200,230954042.8
12142800,244697038.1
12146400,210452665.1
12150000,212914887.7
12153600,200206243.8
12157200,204522634.5
12160800,229791001.2
12164400,214965636.4
12168000,238771689.8
12171600,232119496.3
12175200,208977326.8
12178800,214167006.8
12182400,206792741.8
12186000,228174775.3
12189600,207212810.6
12193200,242802671.1
12196800,201520421.7
12200400,242516193.1
12204000,211640024.5
12207600,237746823.4
12211200,202819521.6
12214800,235382320.2
12218400,209206057.6
12222000,249730128.0
12225600,225834985.2
12229200,226907550.7
12232800,213575699.8
12236400,218912849.0
12240000,225607328.6
12243600,225770927.3
12247200,223446683.9
12250800,207708357.9
12254400,210756304.0
12258000,232258641.1
12261600,230306958.3
12265200,209117256.2
12268800,243384572.8
12272400,226385905.2
12276000,248726881.5
12279600,214274240.9
12283200,247454050.0
12286800,230380265.5
12290400,238824390.4
12294000,203174098.0
12297600,229557851.0
12301200,244987876.7
12304800,225489399.7
12308400,226641739.3
12312000,239928781.8
12315600,232754798.9
12319200,223152891.3
12322800,227865852.4
12326400,237151682.2
12330000,225716083.9
12333600,206039117.9
12337200,213404333.5
12340800,246242950.6
12344400,229469865.3
12348000,226961170.9
12351600,246863263.2
12355200,212781447.9
12358800,245595004.6
12362400,227855807.0
12366000,236934244.3
12369600,234216042.2
12373200,206985294.8
12376800,248674429.1
12380400,221226988.4
12384000,203810582.3
12387600,205396309.4
12391200,248612065.8
12394800,228517667.0
12398400,224191244.2
12402000,232249487.7
12405600,210910218.8
12409200,234745146.0
12412800,212287842.9
12416400,231680953.2
12420000,248006857.0
12423600,236321099.3
12427200,248482914.8
12430800,238107044.9
12434400,226254792.0
12438000,222339512.2
12441600,231918098.7
12445200,215356889.4
12448800,222170296.4
12452400,233263497.3
12456000,241113858.7
12459600,215951065.6
12463200,232852251.9
12466800,225270170.4
12470400,207872301.6
12474000,215253827.7
12477600,205255064.4
12481200,243531090.9
12484800,233947533.3
12488400,241343761.1
12492000,247303466.2
12495600,231530195.6
12499200,225670110.9
12502800,227799748.5
12506400,249371548.5
12510000,231345075.5
12513600,242600848.7
12517200,224512531.1
12520800,200997937.8
12524400,212191569.8
12528000,227503753.2
12531600,205078350.8
12535200,223715604.2
12538800,208726558.4
12542400,216269156.6
12546000,205519315.7
12549600,221411825.5
12553200,235949530.2
12556800,238380829.3
12560400,246359260.1
12564000,237847702.5
12567600,216624910.5
12571200,244027975.5
12574800,226280486.8
12578400,213367014.3
12582000,208410841.0
12585600,202250559.3
12589200,208538746.7
12592800,246288770.6
12596400,205431179.3
12600000,241707467.1
12603600,207590750.6
12607200,242793805.8
12610800,229928376.4
12614400,209888413.0
12618000,239876526.0
12621600,239369282.6
12625200,204779254.2
12628800,208572389.1
12632400,230140604.9
12636000,216254924.1
12639600,213364243.6
12643200,239464987.6
12646800,230830672.1
12650400,234323210.3
12654000,234871665.1
12657600,246601029.7
12661200,206009404.4
12664800,230344310.8
12668400,224493382.5
12672000,226485069.0
12675600,211093456.6
12679200,237409045.0
12682800,212907695.2
12686400,209955698.8
12690000,243576168.6
12693600,201359275.1
12697200,201817010.7
12700800,249502502.3
12704400,261752783.4
12708000,244117294.7
12711600,222972052.2
12715200,243016813.6
12718800,235935526.3
12722400,265508022.4
12726000,264893056.9
12729600,252558404.4
12733200,232302656.1
12736800,231701227.2
12740400,247421749.7
12744000,239641168.0
12747600,257739739.2
12751200,239628637.5
12754800,233271026.9
12758400,237344561.3
12762000,266713132.2
12765600,238692661.0
12769200,244126322.9
12772800,231910730.2
12776400,246562453.0
12780000,230506087.2
12783600,234760353.1
12787200,246599297.6
12790800,245379215.0
12794400,244956025.3
12798000,265574875.9
12801600,256517170.4
12805200,264985609.0
12808800,260246241.5
12812400,242396710.1
12816000,231750286.9
12819600,223356186.2
12823200,234209938.0
12826800,241586896.4
12830400,242756217.1
12834000,268967593.9
12837600,266345282.3
12841200,249878687.0
12844800,249183992.8
12848400,225653602.8
12852000,239959985.3
12855600,267143962.9
12859200,230716233.0
12862800,228522619.1
12866400,237344231.2
12870000,251009463.0
12873600,241786764.3
12877200,240791403.5
12880800,234259813.4
12884400,265254474.7
12888000,254138892.2
12891600,225213153.1
12895200,224173924.8
12898800,220669699.4
12902400,265938078.8
12906000,238378646.3
12909600,241101249.2
12913200,248785478.8
12916800,229301152.7
12920400,221111317.9
12924000,252900027.9
12927600,242932468.0
12931200,229999440.6
12934800,229825976.3
12938400,254678706.2
12942000,257370857.5
12945600,247166714.2
12949200,246292814.3
12952800,240335720.8
12956400,247848615.7
12960000,256531545.0
12963600,234675592.2
12967200,259227756.0
12970800,223790944.0
12974400,243584023.2
12978000,239957805.5
12981600,265555585.9
12985200,241401112.5
12988800,267254207.0
12992400,240226464.2
12996000,232124833.2
12999600,263630960.6
13003200,244699414.7
13006800,241178692.4
13010400,247618323.1
13014000,232428449.4
13017600,232857944.9
13021200,230486771.3
13024800,249031166.4
13028400,261757543.6
13032000,262632999.9
13035600,252194854.2
13039200,269250388.3
13042800,268949096.7
13046400,254131307.8
13050000,259273887.3
13053600,237439895.2
13057200,259025734.7
13060800,222319866.9
13064400,237641632.0
13068000,237849891.2
13071600,226486751.9
13075200,269112313.9
13078800,240787692.2
13082400,240324263.3
13086000,259134536.6
13089600,241660203.8
13093200,248813906.7
13096800,252523416.6
13100400,221650539.5
13104000,240200584.3
13107600,267947211.9
13111200,249775989.5
13114800,266653922.4
13118400,266852040.1
13122000,257786956.6
13125600,246945709.3
13129200,261214566.6
13132800,220537342.3
13136400,257325948.1
13140000,225151738.6
13143600,222420539.2
13147200,229284555.9
13150800,243641985.5
13154400,220481781.2
13158000,262909024.4
13161600,243674476.3
13165200,227496737.5
13168800,232272732.3
13172400,222839557.2
13176000,230262239.9
13179600,243274457.0
13183200,243048758.9
13186800,237552803.7
13190400,242050138.6
13194000,236470351.7
13197600,248604863.3
13201200,269617664.7
13204800,255892541.2
13208400,238049777.5
13212000,248636426.6
13215600,239016730.8
13219200,238604163.3
13222800,241213732.2
13226400,257156344.5
13230000,238004024.3
13233600,251324462.6
13237200,262643484.9
13240800,226001237.6
13244400,228717133.1
13248000,267531389.9
13251600,268875073.7
13255200,232600243.8
13258800,234231023.3
13262400,261914316.1
13266000,260105037.0
13269600,238498066.3
13273200,238140549.0
13276800,233587064.0
13280400,232973465.3
13284000,269719718.8
13287600,222313166.1
13291200,253816656.1
13294800,245084232.4
13298400,225664400.2
13302000,243065733.1
13305600,220252144.3
13309200,212584263.5
13312800,229057236.5
13316400,240416371.8
13320000,202521684.6
13323600,207437319.3
13327200,224570501.0
13330800,244584732.2
13334400,215651022.2
13338000,214141308.3
13341600,203235605.4
13345200,203025755.2
13348800,228954331.6
13352400,241848149.5
13356000,217369671.5
13359600,217421444.5
13363200,202076346.2
13366800,219565918.7
13370400,243315325.1
13374000,201262972.1
13377600,208568912.0
13381200,241546377.4
13384800,200641542.7
13388400,223334482.0
13392000,241581175.3
13395600,245013287.9
13399200,225352659.4
13402800,241936476.6
13406400,228382838.7
13410000,238698057.5
13413600,215636048.9
13417200,205379623.1
13420800,234729121.0
13424400,237087562.4
13428000,219846530.5
13431600,217329286.7
13435200,202717948.2
13438800,218743320.1
13442400,218342804.1
13446000,214208643.2
13449600,245719433.5
13453200,233007317.1
13456800,221276687.1
13460400,231255014.7
13464000,230006109.0
13467600,249025424.7
13471200,238216547.1
13474800,235945016.1
13478400,244033103.4
13482000,200532515.0
13485600,228576768.5
13489200,248580169.0
13492800,226681491.9
13496400,203135840.1
13500000,228234754.3
13503600,211406328.0
13507200,222028924.9
13510800,204945283.8
13514400,206355787.1
13518000,240081435.0
13521600,212744154.4
13525200,224996423.2
13528800,226149780.5
13532400,200980250.0
13536000,243850679.9
13539600,223005158.0
13543200,248996940.3
13546800,228473745.6
13550400,243715213.4
13554000,212076220.8
13557600,205877969.7
13561200,207570228.8
13564800,202974695.0
13568400,210010297.5
13572000,243412094.4
13575600,238543704.8
13579200,246593537.6
13582800,204037649.9
13586400,203494572.5
13590000,248865251.8
13593600,226085086.0
13597200,239384953.7
13600800,215487714.5
13604400,205925795.4
13608000,224271404.3
13611600,220763885.4
13615200,245792051.8
13618800,207972883.3
13622400,210180395.9
13626000,207504476.8
13629600,247884822.2
13633200,237434066.2
13636800,210322599.0
13640400,233285065.4
13644000,210978173.0
13647600,222465011.5
13651200,247018724.3
13654800,229096986.6
13658400,207386337.8
13662000,231476540.9
13665600,209215136.3
13669200,204144628.1
13672800,210696385.6
13676400,226321804.1
13680000,233335214.1
13683600,222949960.5
13687200,210772931.1
13690800,211013782.9
13694400,244504424.9
13698000,215077645.5
13701600,212503029.8
13705200,244830832.5
13708800,205986387.5
13712400,233259926.3
13716000,216373618.1
13719600,216304713.8
13723200,241274409.9
13726800,227510579.5
13730400,232238881.4
13734000,242256461.1
13737600,229749947.1
13741200,216549325.3
13744800,210570428.8
13748400,231284377.3
13752000,213153075.2
13755600,248782453.2
13759200,208067805.7
13762800,239727123.5
13766400,246221654.8
13770000,223315385.8
13773600,230678255.3
13777200,220524443.0
13780800,248461227.0
13784400,232659996.7
13788000,238570496.0
13791600,220758742.0
13795200,207453535.4
13798800,224715938.8
13802400,242434719.4
13806000,233889296.6
13809600,222296411.5
13813200,224853868.0
13816800,207806407.1
13820400,234893271.2
13824000,210234590.0
13827600,233868730.5
13831200,206225416.2
13834800,229773575.4
13838400,238645913.8
13842000,228979073.5
13845600,234196707.7
13849200,221365146.6
13852800,213840276.7
13856400,248902019.3
13860000,248245864.2
13863600,236402698.6
13867200,236238865.2
13870800,232248229.3
13874400,204292486.1
13878000,226395211.3
13881600,242577137.1
13885200,210499301.8
13888800,241336978.1
13892400,210320478.5
13896000,223774781.4
13899600,214996434.7
13903200,217248494.3
13906800,246397496.9
13910400,214222546.3
13914000,205659688.9
13917600,203581171.3
13921200,229050767.7
13924800,200548051.2
13928400,242175064.9
13932000,203303089.5
13935600,224204851.9
13939200,208120135.7
13942800,221097910.1
13946400,243152999.1
13950000,232820506.0
13953600,248123677.2
13957200,219788001.8
13960800,220596478.6
13964400,238963247.5
13968000,245102567.1
13971600,233465579.1
13975200,208568781.6
13978800,215989122.8
13982400,213560294.7
13986000,211539861.8
13989600,235124597.6
13993200,215473522.0
13996800,248693471.2
14000400,243121803.6
14004000,230988656.1
14007600,243972342.1
14011200,215355706.3
14014800,231309789.2
14018400,231699161.2
14022000,215059872.2
14025600,229147694.4
14029200,205383811.8
14032800,239920424.9
14036400,243756840.3
14040000,232383484.1
14043600,202753460.0
14047200,246928095.7
14050800,202898069.6
14054400,212457248.9
14058000,218755894.5
14061600,220676464.4
14065200,208259211.0
14068800,247098692.9
14072400,206402167.8
14076000,237769441.5
14079600,232007771.3
14083200,215330773.1
14086800,205785944.4
14090400,247777418.3
14094000,241207398.2
14097600,207609869.4
14101200,219644513.5
14104800,223138138.1
14108400,236890912.6
14112000,243782678.0
14115600,248692119.6
14119200,236193860.3
14122800,231145727.7
14126400,242104639.4
14130000,218902099.9
14133600,244934087.6
14137200,239438042.9
14140800,245439903.3
14144400,221070510.3
14148000,203529338.6
14151600,245376131.3
14155200,230636939.3
14158800,237516908.8
14162400,229020167.3
14166000,249726121.2
14169600,208293370.7
14173200,235441145.8
14176800,208335143.8
14180400,203966545.1
14184000,231703857.6
14187600,227574037.2
14191200,238613681.6
14194800,202744125.8
14198400,202332122.3
14202000,229125494.6
14205600,238087237.6
14209200,209263018.4
14212800,226798222.1
14216400,228684817.4
14220000,230246943.4
14223600,202039579.0
14227200,213506139.7
14230800,208947441.0
14234400,226386409.7
14238000,236753763.7
14241600,245881654.3
14245200,201529922.2
14248800,241210903.4
14252400,242369710.5
14256000,223481783.1
14259600,218515936.3
14263200,203781834.3
14266800,208497853.6
14270400,233598230.6
14274000,229506462.2
14277600,233389415.9
14281200,222512982.8
14284800,239597215.2
14288400,222789907.5
14292000,244723253.6
14295600,203627825.6
14299200,231771762.6
14302800,240431086.0
14306400,216054916.2
14310000,226803583.0
14313600,243303997.9
14317200,226710806.9
14320800,239680606.7
14324400,229311658.7
14328000,244075350.3
14331600,222158815.6
14335200,204658194.9
14338800,246474810.4
14342400,220928622.7
14346000,226335127.7
14349600,234547179.8
14353200,202732866.2
14356800,217020478.6
14360400,239639435.8
14364000,200327255.5
14367600,202710095.5
14371200,213703687.7
14374800,217873940.5
14378400,239052834.1
14382000,209442249.2
14385600,220323979.9
14389200,234697734.0
14392800,241474022.4
14396400,227308763.6
14400000,245616958.7
14403600,245881432.6
14407200,230927100.0
14410800,245523582.3
14414400,244693057.2
14418000,217264641.3
14421600,249819267.2
14425200,244513248.3
14428800,218190789.8
14432400,239144828.6
14436000,216416176.0
14439600,207835374.0
14443200,236974178.6
14446800,231586835.0
14450400,229995181.9
14454000,212028099.1
14457600,214117337.8
14461200,239936835.9
14464800,229347247.3
14468400,215087638.8
14472000,214805585.7
14475600,211260271.5
14479200,225272088.1
14482800,228251831.6
14486400,203444792.4
14490000,208195153.8
14493600,225525939.0
14497200,227076962.9
14500800,225501796.1
14504400,206095830.4
14508000,207787476.8
14511600,220457320.7
14515200,234682666.8
14518800,239038584.7
14522400,231818168.5
14526000,229090258.4
14529600,248736675.8
14533200,226481911.8
14536800,214418541.5
14540400,209810435.1
14544000,210768648.1
14547600,221883170.4
14551200,228347486.0
14554800,245779174.3
14558400,215804870.5
14562000,214051154.6
14565600,230944942.1
14569200,211022240.6
14572800,208600872.2
14576400,200820878.4
14580000,225816685.6
14583600,200120808.6
14587200,227800122.2
14590800,227786713.1
14594400,203686611.1
14598000,219845461.6
14601600,238610204.8
14605200,228626775.9
14608800,220153456.7
14612400,226166100.2
14616000,219624300.7
14619600,203351255.3
14623200,238925944.3
14626800,238215494.7
14630400,228426486.1
14634000,230723132.0
14637600,229443519.5
14641200,230831428.4
14644800,211988866.0
14648400,239554185.1
14652000,235282335.2
14655600,236893816.6
14659200,206920888.6
14662800,200274513.1
14666400,236925878.5
14670000,240539334.2
14673600,228236075.8
14677200,202784101.1
14680800,216154820.3
14684400,246680735.2
14688000,242637892.3
14691600,234338635.1
14695200,208361886.4
14698800,233983214.7
14702400,203978443.1
14706000,228050188.2
14709600,222952091.1
14713200,233253375.8
14716800,221705722.1
14720400,201535143.8
14724000,222120433.6
14727600,223353325.5
14731200,200519218.5
14734800,229677515.3
14738400,215081547.5
14742000,241296705.5
14745600,245795869.5
14749200,213367651.1
14752800,214800851.0
14756400,204623681.6
14760000,236291590.6
14763600,235873013.7
14767200,231043404.8
14770800,218805751.9
14774400,231533579.8
14778000,225864337.6
14781600,232510312.0
14785200,243562711.3
14788800,216550959.3
14792400,227877244.4
14796000,201430696.0
14799600,211043275.7
14803200,239279422.0
14806800,214545207.2
14810400,202859167.3
14814000,234945041.1
14817600,231916654.4
14821200,232385460.5
14824800,244130153.3
14828400,208203525.9
14832000,233333421.2
14835600,219160033.5
14839200,234661386.6
14842800,215208657.0
14846400,232481609.3
14850000,217976762.0
14853600,245643388.1
14857200,219438624.8
14860800,233901092.9
14864400,237633188.9
14868000,209969692.4
14871600,233915849.8
14875200,239550037.0
14878800,236310615.3
14882400,208759817.9
14886000,205160804.5
14889600,240877271.1
14893200,249004800.3
14896800,237584201.4
14900400,245487042.3
14904000,230425749.7
14907600,222960068.4
14911200,202295675.6
14914800,229983390.9
14918400,239071196.8
14922000,240902618.2
14925600,211154119.1
14929200,236645173.0
14932800,233877954.5
14936400,248604907.2
14940000,220580017.6
14943600,202561344.3
14947200,215763527.3
14950800,215737929.1
14954400,224636828.6
14958000,202781531.5
14961600,204749139.8
14965200,211953913.9
14968800,239121796.7
14972400,243441520.4
14976000,231199202.6
14979600,216626168.7
14983200,213562397.0
14986800,201598698.5
14990400,243466623.0
14994000,212382338.2
14997600,249271090.4
15001200,206379319.2
15004800,226647672.5
15008400,218929839.2
15012000,239188584.8
15015600,245704516.6
15019200,218056231.1
15022800,245552204.0
15026400,205956086.0
15030000,201741384.5
15033600,245225336.4
15037200,246537043.9
15040800,229499809.9
15044400,202822403.5
15048000,244107975.1
15051600,242475779.6
15055200,228436986.1
15058800,223029276.3
15062400,203380249.9
15066000,219160657.1
15069600,237020116.2
15073200,226116375.5
15076800,224837963.1
15080400,241509939.4
15084000,200838810.6
15087600,213202928.4
15091200,207095056.3
15094800,201648527.6
15098400,214465691.2
15102000,244693308.4
15105600,208155223.7
15109200,249448933.5
15112800,206565119.1
15116400,223364978.9
15120000,221018079.9
15123600,223043190.1
15127200,226775132.2
15130800,241421140.3
15134400,249918504.6
15138000,219120272.9
15141600,209503999.1
15145200,249619566.7
15148800,233996840.2
15152400,246744801.2
15156000,231820508.8
15159600,232435231.1
15163200,219130585.9
15166800,201393680.3
15170400,229653318.8
15174000,236565261.5
15177600,232656214.7
15181200,203098079.8
15184800,207652039.5
15188400,237782689.6
15192000,224791660.9
15195600,219218454.0
15199200,214415891.1
15202800,209318323.2
15206400,247366878.9
15210000,219902819.5
15213600,206957584.1
15217200,227068633.1
15220800,201525819.8
15224400,227422502.2
15228000,219829430.9
15231600,238047280.8
15235200,208139229.1
15238800,223405006.0
15242400,229682232.9
15246000,204266718.8
15249600,224857038.0
15253200,238844937.9
15256800,206690896.1
15260400,235009746.8
15264000,241536555.7
15267600,225657391.7
15271200,200240690.5
15274800,217835596.0
15278400,248651086.4
15282000,207232881.4
15285600,238738287.1
15289200,218048964.9
15292800,214078907.5
15296400,227170475.2
15300000,220361929.6
15303600,246015193.0
15307200,217844965.4
15310800,205625461.7
15314400,212754194.9
15318000,207783856.1
15321600,240655544.0
15325200,231481941.4
15328800,232968715.4
15332400,233205880.2
15336000,227363851.3
15339600,214297452.2
15343200,204865657.9
15346800,241560921.0
15350400,215751021.8
15354000,229939178.3
15357600,223438384.8
15361200,232910566.9
15364800,213049994.8
15368400,214226522.1
15372000,234552831.8
15375600,248673929.5
15379200,214127907.5
15382800,242699650.6
15386400,245066399.1
15390000,241887708.1
15393600,237613987.1
15397200,212956564.0
15400800,247356924.5
15404400,242356615.9
15408000,242118734.8
15411600,238857817.2
15415200,223687766.5
15418800,242558276.3
15422400,246459221.1
15426000,201212182.3
15429600,236454365.3
15433200,223315986.5
15436800,229559688.3
15440400,249224885.6
15444000,242350374.6
15447600,248834861.2
15451200,217242760.5
15454800,213868162.5
15458400,215820362.1
15462000,216824441.4
15465600,227404995.5
15469200,214260287.0
15472800,245792962.2
15476400,233534164.9
15480000,239274558.8
15483600,209150269.0
15487200,207044292.4
15490800,202787232.5
15494400,230918674.5
15498000,229497069.5
15501600,218751801.9
15505200,201130911.2
15508800,207962559.1
15512400,225338644.0
15516000,239358603.0
15519600,238101879.5
15523200,246716239.0
15526800,239758997.9
15530400,222713069.5
15534000,217219934.2
15537600,206642990.2
15541200,228061687.6
15544800,210380762.4
15548400,205900333.1
15552000,238382733.2
15555600,222862764.1
15559200,236292155.1
15562800,205336278.5
15566400,221957058.3
15570000,227869400.5
15573600,242779184.1
15577200,245596467.7
15580800,217566515.1
15584400,218618121.8
15588000,205111773.1
15591600,232879659.5
15595200,210940492.9
15598800,243321565.8
15602400,219670244.5
15606000,222694249.6
15609600,209087688.0
15613200,203371926.5
15616800,239227669.2
15620400,240093349.1
15624000,223170947.7
15627600,242621131.5
15631200,231282399.7
15634800,209024549.9
15638400,201503510.5
15642000,206488924.6
15645600,215780304.8
15649200,236576728.9
15652800,238649015.9
15656400,207428438.3
15660000,239789979.2
15663600,208267263.9
15667200,235855145.8
15670800,203927841.7
15674400,219693299.0
15678000,240791497.2
15681600,226498763.6
15685200,247367822.6
15688800,215834038.4
15692400,228908270.3
15696000,209511454.8
15699600,219613055.6
15703200,249937814.2
15706800,217184411.5
15710400,245428541.0
15714000,234883317.0
15717600,201488511.8
15721200,224063856.1
15724800,220252144.3
15728400,212584263.5
15732000,229057236.5
15735600,240416371.8
15739200,202521684.6
15742800,207437319.3
15746400,224570501.0
15750000,244584732.2
15753600,215651022.2
15757200,214141308.3
15760800,203235605.4
15764400,203025755.2
15768000,228954331.6
15771600,241848149.5
15775200,217369671.5
15778800,217421444.5
15782400,202076346.2
15786000,219565918.7
15789600,243315325.1
15793200,201262972.1
15796800,208568912.0
15800400,241546377.4
15804000,200641542.7
15807600,223334482.0
15811200,241581175.3
15814800,245013287.9
15818400,225352659.4
15822000,241936476.6
15825600,228382838.7
15829200,238698057.5
15832800,215636048.9
15836400,205379623.1
15840000,234729121.0
15843600,237087562.4
15847200,219846530.5
15850800,217329286.7
15854400,202717948.2
15858000,218743320.1
15861600,218342804.1
15865200,214208643.2
15868800,245719433.5
15872400,233007317.1
15876000,221276687.1
15879600,231255014.7
15883200,230006109.0
15886800,249025424.7
15890400,238216547.1
15894000,235945016.1
15897600,244033103.4
15901200,200532515.0
15904800,228576768.5
15908400,248580169.0
15912000,226681491.9
15915600,203135840.1
15919200,228234754.3
15922800,211406328.0
15926400,222028924.9
15930000,204945283.8
15933600,206355787.1
15937200,240081435.0
15940800,212744154.4
15944400,224996423.2
15948000,226149780.5
15951600,200980250.0
15955200,243850679.9
15958800,223005158.0
15962400,248996940.3
15966000,228473745.6
15969600,243715213.4
15973200,212076220.8
15976800,205877969.7
15980400,207570228.8
15984000,202974695.0
15987600,210010297.5
15991200,243412094.4
15994800,238543704.8
15998400,246593537.6
16002000,204037649.9
16005600,203494572.5
16009200,248865251.8
16012800,226085086.0
16016400,239384953.7
16020000,215487714.5
16023600,205925795.4
16027200,224271404.3
16030800,220763885.4
16034400,245792051.8
16038000,207972883.3
16041600,210180395.9
16045200,207504476.8
16048800,247884822.2
16052400,237434066.2
16056000,210322599.0
16059600,233285065.4
16063200,210978173.0
16066800,222465011.5
16070400,247018724.3
16074000,229096986.6
16077600,207386337.8
16081200,231476540.9
16084800,209215136.3
16088400,204144628.1
16092000,210696385.6
16095600,226321804.1
16099200,233335214.1
16102800,222949960.5
16106400,210772931.1
16110000,211013782.9
16113600,244504424.9
16117200,215077645.5
16120800,212503029.8
16124400,244830832.5
16128000,205986387.5
16131600,233259926.3
16135200,216373618.1
16138800,216304713.8
16142400,241274409.9
16146000,227510579.5
16149600,232238881.4
16153200,242256461.1
16156800,229749947.1
16160400,216549325.3
16164000,210570428.8
16167600,231284377.3
16171200,213153075.2
16174800,248782453.2
16178400,208067805.7
16182000,239727123.5
16185600,246221654.8
16189200,223315385.8
16192800,230678255.3
16196400,220524443.0
16200000,248461227.0
16203600,232659996.7
16207200,238570496.0
16210800,220758742.0
16214400,207453535.4
16218000,224715938.8
16221600,242434719.4
16225200,233889296.6
16228800,222296411.5
16232400,224853868.0
16236000,207806407.1
16239600,234893271.2
16243200,210234590.0
16246800,233868730.5
16250400,206225416.2
16254000,229773575.4
16257600,238645913.8
16261200,228979073.5
16264800,234196707.7
16268400,221365146.6
16272000,213840276.7
16275600,248902019.3
16279200,248245864.2
16282800,236402698.6
16286400,236238865.2
16290000,232248229.3
16293600,204292486.1
16297200,226395211.3
16300800,242577137.1
16304400,210499301.8
16308000,241336978.1
16311600,210320478.5
16315200,223774781.4
16318800,214996434.7
16322400,217248494.3
16326000,246397496.9
16329600,213791729.2
16333200,249804240.7
16336800,215022314.5
16340400,225063268.2
16344000,206616118.2
16347600,244877995.0
16351200,211897075.0
16354800,203354505.3
16358400,218281193.2
16362000,249450278.2
16365600,210601227.7
16369200,214376731.8
16372800,225229465.7
16376400,231528416.7
16380000,219659165.1
16383600,233998026.1
16387200,206501676.4
16390800,203511909.2
16394400,202269183.5
16398000,227696397.9
16401600,244540809.3
16405200,229289686.8
16408800,226577297.1
16412400,232202009.1
16416000,220375333.6
16419600,213068734.6
16423200,230460513.9
16426800,231639315.2
16430400,237963632.0
16434000,211694703.9
16437600,214436267.0
16441200,201134891.7
16444800,214571857.8
16448400,217704130.7
16452000,232481515.6
16455600,230380085.0
16459200,237808396.2
16462800,244218177.6
16466400,244775134.6
16470000,203903805.0
16473600,226293556.8
16477200,202257271.3
16480800,239830630.4
16484400,215741555.6
16488000,211775367.1
16491600,213371878.6
16495200,207119191.2
16498800,209692604.1
16502400,241669278.1
16506000,237255213.2
16509600,237192726.9
16513200,213297116.0
16516800,205670916.3
16520400,202449035.6
16524000,213805978.9
16527600,232867983.1
16531200,231335049.3
16534800,228705400.9
16538400,210017917.2
16542000,220468702.2
16545600,214215686.0
16549200,241704135.3
16552800,237867584.1
16556400,243295394.4
16560000,220846733.5
16563600,237125675.9
16567200,203496774.4
16570800,247922697.1
16574400,234359537.3
16578000,213001523.2
16581600,236781288.8
16585200,223930919.8
16588800,243568746.4
16592400,216127633.2
16596000,228051164.3
16599600,212292501.8
16603200,206724420.4
16606800,211880575.6
16610400,218183646.6
16614000,234404425.6
16617600,201950975.6
16621200,234436699.2
16624800,213040884.1
16628400,242829466.4
16632000,227305713.4
16635600,223024935.5
16639200,207633297.0
16642800,212789427.4
16646400,219582290.3
16650000,248230325.6
16653600,225971194.2
16657200,206044192.8
16660800,245744734.3
16664400,222830366.1
16668000,245234138.2
16671600,214595012.9
16675200,239109441.6
16678800,202795346.3
16682400,210652189.9
16686000,238827202.2
16689600,234840507.6
16693200,245394135.8
16696800,230444136.6
16700400,227227839.4
16704000,237655887.2
16707600,243862955.4
16711200,244688680.6
16714800,242791572.5
16718400,234162213.9
16722000,220380722.8
16725600,202392764.6
16729200,211921386.9
16732800,200697959.3
16736400,219084996.7
16740000,245356148.3
16743600,215179781.6
16747200,243366495.2
16750800,207358634.0
16754400,215495630.0
16758000,220912201.3
16761600,210508785.1
16765200,238372743.4
16768800,212127286.2
16772400,244307063.0
16776000,214877157.1
16779600,209533897.7
16783200,236205974.4
16786800,247840518.4
16790400,245073351.5
16794000,235029222.4
16797600,240673602.8
16801200,243321234.7
16804800,244410657.7
16808400,211522565.1
16812000,231323776.8
16815600,212197112.9
16819200,222134006.2
16822800,239139279.1
16826400,235791466.8
16830000,212231670.2
16833600,236891614.6
16837200,245390593.4
16840800,242111623.9
16844400,248573311.0
16848000,207142974.6
16851600,242845599.9
16855200,238102589.2
16858800,238013077.6
16862400,222970905.9
16866000,219204201.0
16869600,205371434.1
16873200,222773590.5
16876800,207362325.9
16880400,214679577.4
16884000,219020874.6
16887600,246227324.0
16891200,209673394.2
16894800,232752526.9
16898400,219711434.7
16902000,209674301.7
16905600,201586767.6
16909200,240091113.9
16912800,215666266.3
16916400,237347118.0
16920000,229531713.8
16923600,214821433.0
16927200,240775162.1
16930800,244625625.5
16934400,247757337.3
16938000,249564923.3
16941600,244951840.3
16945200,243127984.5
16948800,227638455.7
16952400,232927941.3
16956000,256119021.7
16959600,269817370.7
16963200,247765515.6
16966800,252183940.8
16970400,254040335.8
16974000,267640480.8
16977600,238319952.0
16981200,243461089.4
16984800,226426985.4
16988400,223990335.1
16992000,247200406.2
16995600,253615347.9
16999200,262175347.4
17002800,249916237.6
17006400,223120055.9
17010000,256882280.7
17013600,227679272.5
17017200,224255368.6
17020800,222450349.5
17024400,224020159.8
17028000,230664524.9
17031600,239426913.8
17035200,234399119.0
17038800,227485567.1
17042400,251690850.2
17046000,225684545.9
17049600,256724071.4
17053200,264501120.3
17056800,242145515.1
17060400,240404319.6
17064000,240692674.9
17067600,263935094.4
17071200,246360812.6
17074800,226387189.9
17078400,230576806.4
17082000,228412379.4
17085600,237736205.4
17089200,238227934.3
17092800,247583837.7
17096400,226567093.4
17100000,255519386.4
17103600,237749390.5
17107200,252354010.4
17110800,241264151.1
17114400,257866750.9
17118000,232148209.2
17121600,229422209.8
17125200,227636796.0
17128800,269560690.6
17132400,268735958.2
17136000,266105060.0
17139600,242565134.5
17143200,230090055.4
17146800,238778358.1
17150400,257158315.6
17154000,265055039.1
17157600,263022664.7
17161200,268664449.0
17164800,227575257.0
17168400,226157885.9
17172000,229690212.5
17175600,232881454.4
17179200,256408854.7
17182800,231168311.5
17186400,249852109.3
17190000,228704428.0
17193600,248761066.0
17197200,242949138.9
17200800,264146898.6
17204400,220325099.5
17208000,238370558.1
17211600,228136846.1
17215200,223814582.4
17218800,265057531.3
17222400,241394580.9
17226000,247323832.4
17229600,224351867.4
17233200,249444787.1
17236800,240394266.9
17240400,250628896.9
17244000,222017333.8
17247600,222398403.0
17251200,242871123.2
17254800,260976357.8
17258400,254942599.3
17262000,247497238.9
17265600,230046285.2
17269200,251899361.7
17272800,222266475.5
17276400,256037283.3
17280000,241215223.0
17283600,245789553.0
17287200,265564036.8
17290800,257481688.4
17294400,268103744.3
17298000,257868751.8
17301600,241904401.5
17305200,242774858.8
17308800,245579142.5
17312400,231680504.7
17316000,241984334.6
17319600,227210889.4
17323200,246169412.0
17326800,240189761.8
17330400,222748182.3
17334000,238216108.8
17337600,224928798.8
17341200,250498442.5
17344800,231170041.8
17348400,249033320.7
17352000,236525507.4
17355600,257324736.0
17359200,259080337.9
17362800,225956726.3
17366400,216279125.5
17370000,228296184.5
17373600,200761135.8
17377200,227641677.4
17380800,246791210.8
17384400,224088615.1
17388000,216423782.6
17391600,240154084.3
17395200,207173278.3
17398800,203931137.6
17402400,222270396.3
17406000,223275516.8
17409600,236833931.9
17413200,234951860.2
17416800,226654516.3
17420400,210316159.0
17424000,207848362.3
17427600,220111976.0
17431200,221878793.4
17434800,248753173.4
17438400,246337209.6
17442000,215403207.6
17445600,243129130.1
17449200,228011364.1
17452800,227208114.1
17456400,242113979.9
17460000,239398543.5
17463600,226818560.4
17467200,200091519.2
17470800,218507623.3
17474400,221806040.1
17478000,231660125.2
17481600,207338869.8
17485200,228268351.7
17488800,220155842.9
17492400,202699090.4
17496000,206799236.0
17499600,219525482.6
17503200,222877778.2
17506800,216595553.1
17510400,242866633.2
17514000,230357790.8
17517600,209855916.6
17521200,207176054.5
17524800,238368997.5
17528400,232636155.5
17532000,217113994.0
17535600,202830552.0
17539200,220252144.3
17542800,212584263.5
17546400,229057236.5
17550000,240416371.8
17553600,202521684.6
17557200,207437319.3
17560800,224570501.0
17564400,244584732.2
17568000,215651022.2
17571600,214141308.3
17575200,203235605.4
17578800,203025755.2
17582400,228954331.6
17586000,241848149.5
17589600,217369671.5
17593200,217421444.5
17596800,202076346.2
17600400,219565918.7
17604000,243315325.1
17607600,201262972.1
17611200,208568912.0
17614800,241546377.4
17618400,200641542.7
17622000,223334482.0
17625600,241581175.3
17629200,245013287.9
17632800,225352659.4
17636400,241936476.6
17640000,228382838.7
17643600,238698057.5
17647200,215636048.9
17650800,205379623.1
17654400,234729121.0
17658000,237087562.4
17661600,219846530.5
17665200,217329286.7
17668800,202717948.2
17672400,218743320.1
17676000,218342804.1
17679600,214208643.2
17683200,245719433.5
17686800,233007317.1
17690400,221276687.1
17694000,231255014.7
17697600,230006109.0
17701200,249025424.7
17704800,238216547.1
17708400,235945016.1
17712000,244033103.4
17715600,200532515.0
17719200,228576768.5
17722800,248580169.0
17726400,226681491.9
17730000,203135840.1
17733600,228234754.3
17737200,211406328.0
17740800,222028924.9
17744400,204945283.8
17748000,206355787.1
17751600,240081435.0
17755200,212744154.4
17758800,224996423.2
17762400,226149780.5
17766000,200980250.0
17769600,243850679.9
17773200,223005158.0
17776800,248996940.3
17780400,228473745.6
17784000,243715213.4
17787600,212076220.8
17791200,205877969.7
17794800,207570228.8
17798400,202974695.0
17802000,210010297.5
17805600,243412094.4
17809200,238543704.8
17812800,246593537.6
17816400,204037649.9
17820000,203494572.5
17823600,248865251.8
17827200,226085086.0
17830800,239384953.7
17834400,215487714.5
17838000,205925795.4
17841600,224271404.3
17845200,220763885.4
17848800,245792051.8
17852400,207972883.3
17856000,210180395.9
17859600,207504476.8
17863200,247884822.2
17866800,237434066.2
17870400,210322599.0
17874000,233285065.4
17877600,210978173.0
17881200,222465011.5
17884800,247018724.3
17888400,229096986.6
17892000,207386337.8
17895600,231476540.9
17899200,209215136.3
17902800,204144628.1
17906400,210696385.6
17910000,226321804.1
17913600,233335214.1
17917200,222949960.5
17920800,210772931.1
17924400,211013782.9
17928000,244504424.9
17931600,215077645.5
17935200,212503029.8
17938800,244830832.5
17942400,205986387.5
17946000,233259926.3
17949600,216373618.1
17953200,216304713.8
17956800,241274409.9
17960400,227510579.5
17964000,232238881.4
17967600,242256461.1
17971200,229749947.1
17974800,216549325.3
17978400,210570428.8
17982000,231284377.3
17985600,213153075.2
17989200,248782453.2
17992800,208067805.7
17996400,239727123.5
18000000,246221654.8
18003600,223315385.8
18007200,230678255.3
18010800,220524443.0
18014400,248461227.0
18018000,232659996.7
18021600,238570496.0
18025200,220758742.0
18028800,207453535.4
18032400,224715938.8
18036000,242434719.4
18039600,233889296.6
18043200,222296411.5
18046800,224853868.0
18050400,207806407.1
18054000,234893271.2
18057600,210234590.0
18061200,233868730.5
18064800,206225416.2
18068400,229773575.4
18072000,238645913.8
18075600,228979073.5
18079200,234196707.7
18082800,221365146.6
18086400,213840276.7
18090000,248902019.3
18093600,248245864.2
18097200,236402698.6
18100800,236238865.2
18104400,232248229.3
18108000,204292486.1
18111600,226395211.3
18115200,242577137.1
18118800,210499301.8
18122400,241336978.1
18126000,210320478.5
18129600,223774781.4
18133200,214996434.7
18136800,217248494.3
18140400,246397496.9
18144000,223546432.3
18147600,269187580.3
18151200,265284700.3
18154800,266949630.4
18158400,253593019.9
18162000,256327676.0
18165600,224668491.3
18169200,226773670.1
18172800,260532154.1
18176400,262264629.8
18180000,225148593.1
18183600,257794833.1
18187200,236058687.7
18190800,231911878.4
18194400,261979996.4
18198000,241072204.7
18201600,252997938.6
18205200,221788935.0
18208800,257040153.1
18212400,269878329.3
18216000,239207363.8
18219600,246462832.0
18223200,259208212.4
18226800,228110040.1
18230400,265070975.8
18234000,235514401.8
18237600,253965465.7
18241200,242959269.0
18244800,253209204.4
18248400,254144915.9
18252000,232116434.2
18255600,247186498.3
18259200,228211481.6
18262800,265329433.0
18266400,248636100.9
18270000,262264039.4
18273600,268785109.5
18277200,259818384.3
18280800,247706201.7
18284400,263655314.4
18288000,233377651.0
18291600,267053250.2
18295200,269513170.0
18298800,265868519.3
18302400,221860103.6
18306000,249299015.3
18309600,241050348.8
18313200,222276473.9
18316800,266260715.5
18320400,257567303.7
18324000,223019929.6
18327600,256106701.8
18331200,234316600.1
18334800,268223678.6
18338400,227466544.1
18342000,249860171.1
18345600,243258434.8
18349200,240566819.0
18352800,264024448.1
18356400,231244409.4
18360000,247148115.7
18363600,267380123.2
18367200,252667033.3
18370800,221704854.2
18374400,239442779.8
18378000,263695971.1
18381600,239415600.3
18385200,257345346.1
18388800,257055300.7
18392400,231488897.4
18396000,266190101.8
18399600,228602027.2
18403200,261512636.0
18406800,240542225.5
18410400,258516841.9
18414000,237001094.2
18417600,264566762.1
18421200,262771321.5
18424800,226595153.4
18428400,254118308.5
18432000,227478976.3
18435600,240518398.0
18439200,247497384.2
18442800,247590132.9
18446400,258649907.6
18450000,257037504.4
18453600,265383768.6
18457200,243185763.9
18460800,240040157.9
18464400,267195054.8
18468000,224780739.2
18471600,247937378.0
18475200,235869765.9
18478800,267238532.6
18482400,250945097.9
18486000,243219292.5
18489600,263951576.8
18493200,256634260.3
18496800,249460771.6
18500400,225032217.8
18504000,221093914.0
18507600,224214848.7
18511200,242757638.6
18514800,229415931.7
18518400,223756289.5
18522000,236453335.5
18525600,231364349.0
18529200,236858551.3
18532800,247622368.7
18536400,268415567.2
18540000,231361484.2
18543600,240007283.3
18547200,269538572.7
18550800,243100925.2
18554400,269226522.6
18558000,244922016.0
18561600,269400195.5
18565200,246904970.1
18568800,226644824.7
18572400,236960159.9
18576000,256450415.8
18579600,240782193.9
18583200,266236071.6
18586800,223514582.3
18590400,238969778.1
18594000,248257950.9
18597600,257829589.3
18601200,256683278.1
18604800,239062244.8
18608400,265232820.7
18612000,229651032.9
18615600,264517404.8
18619200,232908784.8
18622800,240682856.5
18626400,220163967.1
18630000,247291816.7
18633600,237250353.6
18637200,252279401.2
18640800,266609274.1
18644400,249385414.2
18648000,233030150.6
18651600,264997292.6
18655200,220862311.8
18658800,231396056.9
18662400,255842909.6
18666000,224981392.7
18669600,255850876.1
18673200,231979027.7
18676800,240641945.4
18680400,234471993.4
18684000,227580912.9
18687600,235490082.0
18691200,251671965.1
18694800,221129620.0
18698400,251207990.0
18702000,230009441.1
18705600,239852820.2
18709200,243291528.4
18712800,259917877.2
18716400,231050217.9
18720000,239119297.8
18723600,265339371.8
18727200,226193803.8
18730800,222252865.9
18734400,254480189.7
18738000,234906047.0
18741600,269828016.6
18745200,229196576.7
18748800,214222546.3
18752400,205659688.9
18756000,203581171.3
18759600,229050767.7
18763200,200548051.2
18766800,242175064.9
18770400,203303089.5
18774000,224204851.9
18777600,208120135.7
18781200,221097910.1
18784800,243152999.1
18788400,232820506.0
18792000,248123677.2
18795600,219788001.8
18799200,220596478.6
18802800,238963247.5
18806400,245102567.1
18810000,233465579.1
18813600,208568781.6
18817200,215989122.8
18820800,213560294.7
18824400,211539861.8
18828000,235124597.6
18831600,215473522.0
18835200,248693471.2
18838800,243121803.6
18842400,230988656.1
18846000,243972342.1
18849600,215355706.3
18853200,231309789.2
18856800,231699161.2
18860400,215059872.2
18864000,229147694.4
18867600,205383811.8
18871200,239920424.9
18874800,243756840.3
18878400,232383484.1
18882000,202753460.0
18885600,246928095.7
18889200,202898069.6
18892800,212457248.9
18896400,218755894.5
18900000,220676464.4
18903600,208259211.0
18907200,247098692.9
18910800,206402167.8
18914400,237769441.5
18918000,232007771.3
18921600,215330773.1
18925200,205785944.4
18928800,247777418.3
18932400,241207398.2
18936000,207609869.4
18939600,219644513.5
18943200,223138138.1
18946800,236890912.6
18950400,243782678.0
18954000,248692119.6
18957600,236193860.3
18961200,231145727.7
18964800,242104639.4
18968400,218902099.9
18972000,244934087.6
18975600,239438042.9
18979200,245439903.3
18982800,221070510.3
18986400,203529338.6
18990000,245376131.3
18993600,230636939.3
18997200,237516908.8
19000800,229020167.3
19004400,249726121.2
19008000,208293370.7
19011600,235441145.8
19015200,208335143.8
19018800,203966545.1
19022400,231703857.6
19026000,227574037.2
19029600,238613681.6
19033200,202744125.8
19036800,202332122.3
19040400,229125494.6
19044000,238087237.6
19047600,209263018.4
19051200,226798222.1
19054800,228684817.4
19058400,230246943.4
19062000,202039579.0
19065600,213506139.7
19069200,208947441.0
19072800,226386409.7
19076400,236753763.7
19080000,245881654.3
19083600,201529922.2
19087200,241210903.4
19090800,242369710.5
19094400,223481783.1
19098000,218515936.3
19101600,203781834.3
19105200,208497853.6
19108800,233598230.6
19112400,229506462.2
19116000,233389415.9
19119600,222512982.8
19123200,239597215.2
19126800,222789907.5
19130400,244723253.6
19134000,203627825.6
19137600,231771762.6
19141200,240431086.0
19144800,216054916.2
19148400,226803583.0
19152000,243303997.9
19155600,226710806.9
19159200,239680606.7
19162800,229311658.7
19166400,244075350.3
19170000,222158815.6
19173600,204658194.9
19177200,246474810.4
19180800,220928622.7
19184400,226335127.7
19188000,234547179.8
19191600,202732866.2
19195200,217020478.6
19198800,239639435.8
19202400,200327255.5
19206000,202710095.5
19209600,213703687.7
19213200,217873940.5
19216800,239052834.1
19220400,209442249.2
19224000,220323979.9
19227600,234697734.0
19231200,241474022.4
19234800,227308763.6
19238400,245616958.7
19242000,245881432.6
19245600,230927100.0
19249200,245523582.3
19252800,244693057.2
19256400,217264641.3
19260000,249819267.2
19263600,244513248.3
19267200,218190789.8
19270800,239144828.6
19274400,216416176.0
19278000,207835374.0
19281600,236974178.6
19285200,231586835.0
19288800,229995181.9
19292400,212028099.1
19296000,214117337.8
19299600,239936835.9
19303200,229347247.3
19306800,215087638.8
19310400,214805585.7
19314000,211260271.5
19317600,225272088.1
19321200,228251831.6
19324800,203444792.4
19328400,208195153.8
19332000,225525939.0
19335600,227076962.9
19339200,225501796.1
19342800,206095830.4
19346400,207787476.8
19350000,220457320.7
19353600,245412189.3
19357200,256693540.5
19360800,256429503.3
19364400,229706486.8
19368000,242744634.1
19371600,245930815.3
19375200,227454288.1
19378800,259096997.1
19382400,228271649.0
19386000,244761198.1
19389600,232958751.5
19393200,251087936.8
19396800,242855588.7
19400400,232772789.6
19404000,246720031.1
19407600,224581074.8
19411200,248076649.2
19414800,262609993.8
19418400,256374530.1
19422000,246934875.6
19425600,253580853.8
19429200,263034125.9
19432800,247596385.7
19436400,265534155.8
19440000,247837475.4
19443600,262916891.3
19447200,242638140.3
19450800,228030795.3
19454400,231860754.7
19458000,250587168.8
19461600,241686085.3
19465200,250357765.7
19468800,231832791.8
19472400,266676246.7
19476000,255170447.7
19479600,253781762.9
19483200,239681790.7
19486800,252375186.8
19490400,242462757.5
19494000,269498589.8
19497600,224680740.6
19501200,243418702.6
19504800,254684111.5
19508400,267090910.0
19512000,251575582.9
19515600,250855799.4
19519200,252176445.1
19522800,227576636.8
19526400,232233411.3
19530000,247507114.4
19533600,232065380.9
19537200,245203192.1
19540800,260062591.9
19544400,253175751.9
19548000,221838668.2
19551600,230401488.5
19555200,240156157.5
19558800,265911911.3
19562400,250399569.3
19566000,230914998.7
19569600,237445775.0
19573200,233395969.0
19576800,239269296.4
19580400,263913755.7
19584000,247751238.8
19587600,236245403.3
19591200,252426787.1
19594800,250520181.0
19598400,224448131.5
19602000,238340274.4
19605600,266997621.2
19609200,266140675.6
19612800,233042864.4
19616400,233228664.6
19620000,259016539.9
19623600,240095389.6
19627200,264322795.8
19630800,242609353.2
19634400,244849426.3
19638000,238648093.3
19641600,239085477.1
19645200,242904282.5
19648800,255889247.3
19652400,256497563.4
19656000,236806603.2
19659600,243214897.3
19663200,238885285.6
19666800,223197491.2
19670400,269135097.7
19674000,249814659.1
19677600,242506841.7
19681200,268600529.4
19684800,254432719.7
19688400,244399168.4
19692000,237867323.0
19695600,241574397.3
19699200,230309738.5
19702800,247242495.5
19706400,267875104.4
19710000,229350258.5
19713600,258510239.8
19717200,261869025.1
19720800,265415687.0
19724400,251533153.5
19728000,249679722.4
19731600,258630132.2
19735200,233653432.4
19738800,220411880.8
19742400,233420940.2
19746000,246692732.0
19749600,231257056.6
19753200,265624550.6
19756800,225636927.1
19760400,233317102.2
19764000,243989803.4
19767600,253046716.1
19771200,261797354.6
19774800,251735636.5
19778400,260342030.8
19782000,248621016.8
19785600,244585565.3
19789200,260075683.4
19792800,242052570.0
19796400,222443486.4
19800000,269373014.5
19803600,257462473.9
19807200,248932238.6
19810800,236708329.4
19814400,249667599.6
19818000,265082214.6
19821600,262147257.0
19825200,263420806.7
19828800,225181859.9
19832400,259365530.5
19836000,240298044.7
19839600,235348342.3
19843200,221326016.2
19846800,255522793.8
19850400,262181378.5
19854000,222494390.3
19857600,232281570.2
19861200,267507840.7
19864800,225504019.2
19868400,267898749.4
19872000,237269301.7
19875600,264022409.8
19879200,233801475.4
19882800,255722426.8
19886400,222485787.2
19890000,225362678.1
19893600,262949537.7
19897200,241213973.4
19900800,248126284.3
19904400,256636229.7
19908000,268044149.1
19911600,222956749.2
19915200,225978304.4
19918800,226540007.6
19922400,260136025.8
19926000,228008542.9
19929600,246276512.7
19933200,255429607.6
19936800,269519810.0
19940400,250521758.5
19944000,234579114.9
19947600,247544008.2
19951200,247035529.5
19954800,265025813.5
19958400,234682666.8
19962000,239038584.7
19965600,231818168.5
19969200,229090258.4
19972800,248736675.8
19976400,226481911.8
19980000,214418541.5
19983600,209810435.1
19987200,210768648.1
19990800,221883170.4
19994400,228347486.0
19998000,245779174.3
20001600,215804870.5
20005200,214051154.6
20008800,230944942.1
20012400,211022240.6
20016000,208600872.2
20019600,200820878.4
20023200,225816685.6
20026800,200120808.6
20030400,227800122.2
20034000,227786713.1
20037600,203686611.1
20041200,219845461.6
20044800,238610204.8
20048400,228626775.9
20052000,220153456.7
20055600,226166100.2
20059200,219624300.7
20062800,203351255.3
20066400,238925944.3
20070000,238215494.7
20073600,228426486.1
20077200,230723132.0
20080800,229443519.5
20084400,230831428.4
20088000,211988866.0
20091600,239554185.1
20095200,235282335.2
20098800,236893816.6
20102400,206920888.6
20106000,200274513.1
20109600,236925878.5
20113200,240539334.2
20116800,228236075.8
20120400,202784101.1
20124000,216154820.3
20127600,246680735.2
20131200,242637892.3
20134800,234338635.1
20138400,208361886.4
20142000,233983214.7
20145600,203978443.1
20149200,228050188.2
20152800,222952091.1
20156400,233253375.8
20160000,221705722.1
20163600,201535143.8
20167200,222120433.6
20170800,223353325.5
20174400,200519218.5
20178000,229677515.3
20181600,215081547.5
20185200,241296705.5
20188800,245795869.5
20192400,213367651.1
20196000,214800851.0
20199600,204623681.6
20203200,236291590.6
20206800,235873013.7
20210400,231043404.8
20214000,218805751.9
20217600,231533579.8
20221200,225864337.6
20224800,232510312.0
20228400,243562711.3
20232000,216550959.3
20235600,227877244.4
20239200,201430696.0
20242800,211043275.7
20246400,239279422.0
20250000,214545207.2
20253600,202859167.3
20257200,234945041.1
20260800,231916654.4
20264400,232385460.5
20268000,244130153.3
20271600,208203525.9
20275200,233333421.2
20278800,219160033.5
20282400,234661386.6
20286000,215208657.0
20289600,232481609.3
20293200,217976762.0
20296800,245643388.1
20300400,219438624.8
20304000,233901092.9
20307600,237633188.9
20311200,209969692.4
20314800,233915849.8
20318400,239550037.0
20322000,236310615.3
20325600,208759817.9
20329200,205160804.5
20332800,240877271.1
20336400,249004800.3
20340000,237584201.4
20343600,245487042.3
20347200,230425749.7
20350800,222960068.4
20354400,202295675.6
20358000,229983390.9
20361600,239071196.8
20365200,240902618.2
20368800,211154119.1
20372400,236645173.0
20376000,233877954.5
20379600,248604907.2
20383200,220580017.6
20386800,202561344.3
20390400,215763527.3
20394000,215737929.1
20397600,224636828.6
20401200,202781531.5
20404800,204749139.8
20408400,211953913.9
20412000,239121796.7
20415600,243441520.4
20419200,231199202.6
20422800,216626168.7
20426400,213562397.0
20430000,201598698.5
20433600,243466623.0
20437200,212382338.2
20440800,249271090.4
20444400,206379319.2
20448000,226647672.5
20451600,218929839.2
20455200,239188584.8
20458800,245704516.6
20462400,218056231.1
20466000,245552204.0
20469600,205956086.0
20473200,201741384.5
20476800,245225336.4
20480400,246537043.9
20484000,229499809.9
20487600,202822403.5
20491200,244107975.1
20494800,242475779.6
20498400,228436986.1
20502000,223029276.3
20505600,203380249.9
20509200,219160657.1
20512800,237020116.2
20516400,226116375.5
20520000,224837963.1
20523600,241509939.4
20527200,200838810.6
20530800,213202928.4
20534400,207095056.3
20538000,201648527.6
20541600,214465691.2
20545200,244693308.4
20548800,208155223.7
20552400,249448933.5
20556000,206565119.1
20559600,223364978.9
20563200,233845271.7
20566800,220124148.5
20570400,207704551.7
20574000,228058393.9
20577600,247466274.8
20581200,247964771.2
20584800,249497040.0
20588400,241800691.8
20592000,232704001.9
20595600,243458646.9
20599200,243188570.2
20602800,238096231.3
20606400,208263382.3
20610000,203973707.8
20613600,225444729.0
20617200,204652013.1
20620800,221892956.4
20624400,215598574.1
20628000,218957543.8
20631600,249779618.4
20635200,243474611.5
20638800,247395328.0
20642400,212715242.1
20646000,202424581.6
20649600,241591934.8
20653200,234436278.9
20656800,229801094.6
20660400,210736989.5
20664000,226758464.1
20667600,202787777.9
20671200,221552465.3
20674800,209536911.7
20678400,216388773.0
20682000,246882853.9
20685600,242368350.5
20689200,212849182.0
20692800,218860276.7
20696400,236675716.7
20700000,239111206.8
20703600,200581852.9
20707200,211085307.4
20710800,203353589.9
20714400,235282706.9
20718000,243796708.7
20721600,213874112.9
20725200,234640205.8
20728800,206950676.5
20732400,218738450.3
20736000,241793891.7
20739600,234787416.5
20743200,234744970.3
20746800,242668089.4
20750400,214729411.1
20754000,232548399.3
20757600,214931393.7
20761200,247233874.4
20764800,239039450.7
20768400,241250908.7
20772000,236809238.9
20775600,239683628.2
20779200,220257876.0
20782800,206530595.1
20786400,207977820.2
20790000,240832195.1
20793600,201527706.5
20797200,227199572.9
20800800,241174856.8
20804400,247419851.5
20808000,223013424.9
20811600,203475015.2
20815200,226119976.1
20818800,209792861.9
20822400,214935573.4
20826000,248785755.3
20829600,208265802.2
20833200,238867498.9
20836800,217068915.1
20840400,223705142.6
20844000,205011833.8
20847600,203009084.8
20851200,243086015.7
20854800,203543580.6
20858400,244139781.5
20862000,219691999.4
20865600,222002528.5
20869200,217536601.9
20872800,201617546.1
20876400,236278300.5
20880000,217674486.8
20883600,232053020.7
20887200,238579452.3
20890800,233854029.0
20894400,224293624.3
20898000,240606456.5
20901600,203799835.7
20905200,201416642.7
20908800,221675351.0
20912400,207173902.5
20916000,240401853.3
20919600,200087737.7
20923200,204811076.9
20926800,221083751.2
20930400,211755699.0
20934000,247815058.7
20937600,218574361.8
20941200,224566003.7
20944800,213375460.8
20948400,228814016.7
20952000,226002266.4
20955600,248943454.0
20959200,233037031.3
20962800,242312117.4
20966400,204357179.8
20970000,221143791.0
20973600,202070324.4
20977200,230106596.8
20980800,236572322.2
20984400,234131434.7
20988000,203051597.3
20991600,233825144.3
20995200,215353753.9
20998800,217414677.5
21002400,236324978.7
21006000,205354599.9
21009600,212624952.8
21013200,221946534.1
21016800,229358986.6
21020400,215350328.4
21024000,221773450.6
21027600,215516818.8
21031200,245798435.7
21034800,232920982.0
21038400,208845327.2
21042000,232255196.7
21045600,201764636.4
21049200,239130329.5
21052800,200090199.3
21056400,219225766.4
21060000,233623352.9
21063600,201974530.0
21067200,221737965.0
21070800,208719037.0
21074400,229160573.5
21078000,209551789.7
21081600,219181968.9
21085200,244108989.0
21088800,200092068.0
21092400,234010171.4
21096000,214125730.4
21099600,241070431.6
21103200,214705471.6
21106800,219505014.5
21110400,247554040.5
21114000,241762730.5
21117600,244510833.6
21121200,246629449.9
21124800,206468030.9
21128400,217414311.3
21132000,235680518.0
21135600,231257460.0
21139200,241680937.0
21142800,211025194.4
21146400,215966026.4
21150000,210969303.5
21153600,201401767.0
21157200,234010489.1
21160800,214307446.9
21164400,201539538.9
21168000,252557666.2
21171600,230808167.3
21175200,241239483.5
21178800,235600437.9
21182400,241159457.6
21186000,239925432.6
21189600,230555356.5
21193200,250556921.1
21196800,250170138.3
21200400,254991090.0
21204000,243091644.8
21207600,249072241.5
21211200,249953453.6
21214800,240673177.0
21218400,239556046.7
21222000,250693192.6
21225600,230789419.2
21229200,258197627.4
21232800,248796289.5
21236400,234053042.1
21240000,258155384.3
21243600,244035742.1
21247200,257996134.9
21250800,259197405.9
21254400,238530848.8
21258000,246164262.6
21261600,230377263.4
21265200,234714532.3
21268800,240549403.8
21272400,253193802.0
21276000,239606025.9
21279600,246604346.5
21283200,241403668.7
21286800,252506290.1
21290400,259552201.6
21294000,243413502.2
21297600,232238822.9
21301200,233013142.2
21304800,240086766.3
21308400,238766263.4
21312000,257509250.6
21315600,245142866.7
21319200,247376717.0
21322800,231550518.7
21326400,238003006.6
21330000,253486304.7
21333600,246140830.1
21337200,258192867.5
21340800,246128289.8
21344400,242388473.2
21348000,258922680.4
21351600,247973727.6
21355200,258237976.4
21358800,252830215.4
21362400,233326107.0
21366000,238553977.1
21369600,236377904.0
21373200,242442994.2
21376800,245050135.3
21380400,255236109.0
21384000,253388186.9
21387600,247509627.9
21391200,245569474.7
21394800,238972409.8
21398400,250704547.2
21402000,248837271.8
21405600,253292350.5
21409200,256039814.7
21412800,230793391.5
21416400,248465492.9
21420000,235948756.2
21423600,255942916.5
21427200,257845986.1
21430800,255417655.0
21434400,231164187.7
21438000,245816595.8
21441600,240914684.9
21445200,232103833.9
21448800,237447726.8
21452400,231771932.3
21456000,236940282.1
21459600,258063194.4
21463200,254201487.0
21466800,231142051.5
21470400,259044366.8
21474000,257901406.0
21477600,231377678.7
21481200,239885604.0
21484800,251495625.6
21488400,230943738.2
21492000,237285289.6
21495600,239196070.5
21499200,255019967.6
21502800,245654859.8
21506400,233464560.2
21510000,234179073.1
21513600,242136234.2
21517200,234779410.7
21520800,258333595.3
21524400,233895185.9
21528000,236833354.0
21531600,230802384.9
21535200,256723674.4
21538800,251627004.3
21542400,236121434.5
21546000,240217582.3
21549600,247888696.4
21553200,248374563.2
21556800,231972424.3
21560400,235297200.7
21564000,235203485.7
21567600,255694241.1
21571200,247386153.9
21574800,236054924.9
21578400,250262842.0
21582000,232984059.5
21585600,230123365.4
21589200,246851050.8
21592800,240694117.9
21596400,242959347.5
21600000,238222190.3
21603600,245174200.1
21607200,237888792.1
21610800,230174724.3
21614400,257750290.1
21618000,244834786.0
21621600,236631876.0
21625200,256551580.6
21628800,233610038.1
21632400,245959780.8
21636000,235109786.4
21639600,258967643.6
21643200,258353776.1
21646800,244749899.3
21650400,235017764.9
21654000,251326646.6
21657600,252703119.5
21661200,244396139.9
21664800,255095246.6
21668400,255112398.6
21672000,247109760.9
21675600,253492531.6
21679200,244272425.5
21682800,253329922.0
21686400,256879858.7
21690000,258692621.2
21693600,233939051.5
21697200,248792435.2
21700800,252487632.0
21704400,235726366.4
21708000,243312699.5
21711600,238759931.8
21715200,243080641.8
21718800,250398394.3
21722400,237589857.9
21726000,256164253.4
21729600,246086099.0
21733200,257371624.9
21736800,243977439.4
21740400,241194050.3
21744000,250804667.6
21747600,252707494.2
21751200,257253573.4
21754800,231869025.2
21758400,253503708.8
21762000,235036099.3
21765600,254985476.6
21769200,233883799.0
21772800,252557666.2
21776400,230808167.3
21780000,241239483.5
21783600,235600437.9
21787200,241159457.6
21790800,239925432.6
21794400,230555356.5
21798000,250556921.1
21801600,250170138.3
21805200,254991090.0
21808800,243091644.8
21812400,249072241.5
21816000,249953453.6
21819600,240673177.0
21823200,239556046.7
21826800,250693192.6
21830400,230789419.2
21834000,258197627.4
21837600,248796289.5
21841200,234053042.1
21844800,258155384.3
21848400,244035742.1
21852000,257996134.9
21855600,259197405.9
21859200,238530848.8
21862800,246164262.6
21866400,230377263.4
21870000,234714532.3
21873600,240549403.8
21877200,253193802.0
21880800,239606025.9
21884400,246604346.5
21888000,241403668.7
21891600,252506290.1
21895200,259552201.6
21898800,243413502.2
21902400,232238822.9
21906000,233013142.2
21909600,240086766.3
21913200,238766263.4
21916800,257509250.6
21920400,245142866.7
21924000,247376717.0
21927600,231550518.7
21931200,238003006.6
21934800,253486304.7
21938400,246140830.1
21942000,258192867.5
21945600,246128289.8
21949200,242388473.2
21952800,258922680.4
21956400,247973727.6
21960000,258237976.4
21963600,252830215.4
21967200,233326107.0
21970800,238553977.1
21974400,236377904.0
21978000,242442994.2
21981600,245050135.3
21985200,255236109.0
21988800,253388186.9
21992400,247509627.9
21996000,245569474.7
21999600,238972409.8
22003200,250704547.2
22006800,248837271.8
22010400,253292350.5
22014000,256039814.7
22017600,230793391.5
22021200,248465492.9
22024800,235948756.2
22028400,255942916.5
22032000,257845986.1
22035600,255417655.0
22039200,231164187.7
22042800,245816595.8
22046400,240914684.9
22050000,232103833.9
22053600,237447726.8
22057200,231771932.3
22060800,236940282.1
22064400,258063194.4
22068000,254201487.0
22071600,231142051.5
22075200,259044366.8
22078800,257901406.0
22082400,231377678.7
22086000,239885604.0
22089600,251495625.6
22093200,230943738.2
22096800,237285289.6
22100400,239196070.5
22104000,255019967.6
22107600,245654859.8
22111200,233464560.2
22114800,234179073.1
22118400,242136234.2
22122000,234779410.7
22125600,258333595.3
22129200,233895185.9
22132800,236833354.0
22136400,230802384.9
22140000,256723674.4
22143600,251627004.3
22147200,236121434.5
22150800,240217582.3
22154400,247888696.4
22158000,248374563.2
22161600,231972424.3
22165200,235297200.7
22168800,235203485.7
22172400,255694241.1
22176000,247386153.9
22179600,236054924.9
22183200,250262842.0
22186800,232984059.5
22190400,230123365.4
22194000,246851050.8
22197600,240694117.9
22201200,242959347.5
22204800,238222190.3
22208400,245174200.1
22212000,237888792.1
22215600,230174724.3
22219200,257750290.1
22222800,244834786.0
22226400,236631876.0
22230000,256551580.6
22233600,233610038.1
22237200,245959780.8
22240800,235109786.4
22244400,258967643.6
22248000,258353776.1
22251600,244749899.3
22255200,235017764.9
22258800,251326646.6
22262400,252703119.5
22266000,244396139.9
22269600,255095246.6
22273200,255112398.6
22276800,247109760.9
22280400,253492531.6
22284000,244272425.5
22287600,253329922.0
22291200,256879858.7
22294800,258692621.2
22298400,233939051.5
22302000,248792435.2
22305600,252487632.0
22309200,235726366.4
22312800,243312699.5
22316400,238759931.8
22320000,243080641.8
22323600,250398394.3
22327200,237589857.9
22330800,256164253.4
22334400,246086099.0
22338000,257371624.9
22341600,243977439.4
22345200,241194050.3
22348800,250804667.6
22352400,252707494.2
22356000,257253573.4
22359600,231869025.2
22363200,253503708.8
22366800,235036099.3
22370400,254985476.6
22374000,233883799.0
22377600,252557666.2
22381200,230808167.3
22384800,241239483.5
22388400,235600437.9
22392000,241159457.6
22395600,239925432.6
22399200,230555356.5
22402800,250556921.1
22406400,250170138.3
22410000,254991090.0
22413600,243091644.8
22417200,249072241.5
22420800,249953453.6
22424400,240673177.0
22428000,239556046.7
22431600,250693192.6
22435200,230789419.2
22438800,258197627.4
22442400,248796289.5
22446000,234053042.1
22449600,258155384.3
22453200,244035742.1
22456800,257996134.9
22460400,259197405.9
22464000,238530848.8
22467600,246164262.6
22471200,230377263.4
22474800,234714532.3
22478400,240549403.8
22482000,253193802.0
22485600,239606025.9
22489200,246604346.5
22492800,241403668.7
22496400,252506290.1
22500000,259552201.6
22503600,243413502.2
22507200,232238822.9
22510800,233013142.2
22514400,240086766.3
22518000,238766263.4
22521600,257509250.6
22525200,245142866.7
22528800,247376717.0
22532400,231550518.7
22536000,238003006.6
22539600,253486304.7
22543200,246140830.1
22546800,258192867.5
22550400,246128289.8
22554000,242388473.2
22557600,258922680.4
22561200,247973727.6
22564800,258237976.4
22568400,252830215.4
22572000,233326107.0
22575600,238553977.1
22579200,236377904.0
22582800,242442994.2
22586400,245050135.3
22590000,255236109.0
22593600,253388186.9
22597200,247509627.9
22600800,245569474.7
22604400,238972409.8
22608000,250704547.2
22611600,248837271.8
22615200,253292350.5
22618800,256039814.7
22622400,230793391.5
22626000,248465492.9
22629600,235948756.2
22633200,255942916.5
22636800,257845986.1
22640400,255417655.0
22644000,231164187.7
22647600,245816595.8
22651200,240914684.9
22654800,232103833.9
22658400,237447726.8
22662000,231771932.3
22665600,236940282.1
22669200,258063194.4
22672800,254201487.0
22676400,231142051.5
22680000,259044366.8
22683600,257901406.0
22687200,231377678.7
22690800,239885604.0
22694400,251495625.6
22698000,230943738.2
22701600,237285289.6
22705200,239196070.5
22708800,255019967.6
22712400,245654859.8
22716000,233464560.2
22719600,234179073.1
22723200,242136234.2
22726800,234779410.7
22730400,258333595.3
22734000,233895185.9
22737600,236833354.0
22741200,230802384.9
22744800,256723674.4
22748400,251627004.3
22752000,236121434.5
22755600,240217582.3
22759200,247888696.4
22762800,248374563.2
22766400,231972424.3
22770000,235297200.7
22773600,235203485.7
22777200,255694241.1
22780800,247386153.9
22784400,236054924.9
22788000,250262842.0
22791600,232984059.5
22795200,230123365.4
22798800,246851050.8
22802400,240694117.9
22806000,242959347.5
22809600,238222190.3
22813200,245174200.1
22816800,237888792.1
22820400,230174724.3
22824000,257750290.1
22827600,244834786.0
22831200,236631876.0
22834800,256551580.6
22838400,233610038.1
22842000,245959780.8
22845600,235109786.4
22849200,258967643.6
22852800,258353776.1
22856400,244749899.3
22860000,235017764.9
22863600,251326646.6
22867200,252703119.5
22870800,244396139.9
22874400,255095246.6
22878000,255112398.6
22881600,247109760.9
22885200,253492531.6
22888800,244272425.5
22892400,253329922.0
22896000,256879858.7
22899600,258692621.2
22903200,233939051.5
22906800,248792435.2
22910400,252487632.0
22914000,235726366.4
22917600,243312699.5
22921200,238759931.8
22924800,243080641.8
22928400,250398394.3
22932000,237589857.9
22935600,256164253.4
22939200,246086099.0
22942800,257371624.9
22946400,243977439.4
22950000,241194050.3
22953600,250804667.6
22957200,252707494.2
22960800,257253573.4
22964400,231869025.2
22968000,253503708.8
22971600,235036099.3
22975200,254985476.6
22978800,233883799.0
22982400,252557666.2
22986000,230808167.3
22989600,241239483.5
22993200,235600437.9
22996800,241159457.6
23000400,239925432.6
23004000,230555356.5
23007600,250556921.1
23011200,250170138.3
23014800,254991090.0
23018400,243091644.8
23022000,249072241.5
23025600,249953453.6
23029200,240673177.0
23032800,239556046.7
23036400,250693192.6
23040000,230789419.2
23043600,258197627.4
23047200,248796289.5
23050800,234053042.1
23054400,258155384.3
23058000,244035742.1
23061600,257996134.9
23065200,259197405.9
23068800,238530848.8
23072400,246164262.6
23076000,230377263.4
23079600,234714532.3
23083200,240549403.8
23086800,253193802.0
23090400,239606025.9
23094000,246604346.5
23097600,241403668.7
23101200,252506290.1
23104800,259552201.6
23108400,243413502.2
23112000,232238822.9
23115600,233013142.2
23119200,240086766.3
23122800,238766263.4
23126400,257509250.6
23130000,245142866.7
23133600,247376717.0
23137200,231550518.7
23140800,238003006.6
23144400,253486304.7
23148000,246140830.1
23151600,258192867.5
23155200,246128289.8
23158800,242388473.2
23162400,258922680.4
23166000,247973727.6
23169600,258237976.4
23173200,252830215.4
23176800,233326107.0
23180400,238553977.1
23184000,236377904.0
23187600,242442994.2
23191200,245050135.3
23194800,255236109.0
23198400,253388186.9
23202000,247509627.9
23205600,245569474.7
23209200,238972409.8
23212800,250704547.2
23216400,248837271.8
23220000,253292350.5
23223600,256039814.7
23227200,230793391.5
23230800,248465492.9
23234400,235948756.2
23238000,255942916.5
23241600,257845986.1
23245200,255417655.0
23248800,231164187.7
23252400,245816595.8
23256000,240914684.9
23259600,232103833.9
23263200,237447726.8
23266800,231771932.3
23270400,236940282.1
23274000,258063194.4
23277600,254201487.0
23281200,231142051.5
23284800,259044366.8
23288400,257901406.0
23292000,231377678.7
23295600,239885604.0
23299200,251495625.6
23302800,230943738.2
23306400,237285289.6
23310000,239196070.5
23313600,255019967.6
23317200,245654859.8
23320800,233464560.2
23324400,234179073.1
23328000,242136234.2
23331600,234779410.7
23335200,258333595.3
23338800,233895185.9
23342400,236833354.0
23346000,230802384.9
23349600,256723674.4
23353200,251627004.3
23356800,236121434.5
23360400,240217582.3
23364000,247888696.4
23367600,248374563.2
23371200,231972424.3
23374800,235297200.7
23378400,235203485.7
23382000,255694241.1
23385600,247386153.9
23389200,236054924.9
23392800,250262842.0
23396400,232984059.5
23400000,230123365.4
23403600,246851050.8
23407200,240694117.9
23410800,242959347.5
23414400,238222190.3
23418000,245174200.1
23421600,237888792.1
23425200,230174724.3
23428800,257750290.1
23432400,244834786.0
23436000,236631876.0
23439600,256551580.6
23443200,233610038.1
23446800,245959780.8
23450400,235109786.4
23454000,258967643.6
23457600,258353776.1
23461200,244749899.3
23464800,235017764.9
23468400,251326646.6
23472000,252703119.5
23475600,244396139.9
23479200,255095246.6
23482800,255112398.6
23486400,247109760.9
23490000,253492531.6
23493600,244272425.5
23497200,253329922.0
23500800,256879858.7
23504400,258692621.2
23508000,233939051.5
23511600,248792435.2
23515200,252487632.0
23518800,235726366.4
23522400,243312699.5
23526000,238759931.8
23529600,243080641.8
23533200,250398394.3
23536800,237589857.9
23540400,256164253.4
23544000,246086099.0
23547600,257371624.9
23551200,243977439.4
23554800,241194050.3
23558400,250804667.6
23562000,252707494.2
23565600,257253573.4
23569200,231869025.2
23572800,253503708.8
23576400,235036099.3
23580000,254985476.6
23583600,233883799.0
23587200,242968150.9
23590800,210868252.6
23594400,205767783.5
23598000,204293575.4
23601600,207731628.9
23605200,240109003.3
23608800,248223611.7
23612400,209839606.9
23616000,238902479.5
23619600,201324142.9
23623200,205693943.8
23626800,209331129.2
23630400,246270264.3
23634000,227485496.9
23637600,201558662.9
23641200,243827771.8
23644800,247510616.4
23648400,224140041.8
23652000,221645069.2
23655600,230990384.5
23659200,211512810.2
23662800,235027423.9
23666400,249049625.1
23670000,208175759.9
23673600,231539230.4
23677200,232089562.1
23680800,231826360.4
23684400,249360738.4
23688000,219345698.2
23691600,213086225.7
23695200,222890431.8
23698800,205718712.1
23702400,217905242.8
23706000,239267450.2
23709600,215255775.5
23713200,236533700.0
23716800,232253892.6
23720400,241968278.2
23724000,226030513.2
23727600,219070457.6
23731200,230962262.5
23734800,230238010.9
23738400,226777733.4
23742000,236505582.3
23745600,218815664.2
23749200,206087094.0
23752800,218346115.9
23756400,240538985.8
23760000,244885198.2
23763600,217335713.2
23767200,200795149.6
23770800,201439167.3
23774400,242482113.6
23778000,246977951.5
23781600,238135288.5
23785200,248290132.4
23788800,224635878.9
23792400,227747157.8
23796000,232611858.8
23799600,248656452.9
23803200,245186482.7
23806800,201252236.7
23810400,228716151.1
23814000,236468787.6
23817600,207583515.2
23821200,202474121.2
23824800,226746934.2
23828400,201993401.4
23832000,224998987.3
23835600,210516721.2
23839200,223799536.7
23842800,232702468.7
23846400,202448639.6
23850000,242915667.3
23853600,201975413.3
23857200,232027741.2
23860800,225321727.1
23864400,228855795.6
23868000,243952733.2
23871600,209217672.4
23875200,210072866.9
23878800,206598022.7
23882400,241110338.2
23886000,236767150.1
23889600,244674378.3
23893200,207984244.0
23896800,221114598.9
23900400,231445386.5
23904000,229839065.6
23907600,214786973.4
23911200,239101200.9
23914800,219088611.7
23918400,249238559.6
23922000,210256399.0
23925600,238987514.7
23929200,242250990.1
23932800,242929662.2
23936400,234360329.7
23940000,232985264.5
23943600,245410263.5
23947200,235551635.8
23950800,251758322.2
23954400,231158265.1
23958000,235257405.8
23961600,255459024.3
23965200,254897265.1
23968800,236118847.6
23972400,244625828.7
23976000,246063074.6
23979600,235865070.6
23983200,257425603.0
23986800,238483197.4
23990400,258531452.1
23994000,250495049.9
23997600,248537302.8
24001200,246461955.2
24004800,253338622.9
24008400,236995791.8
24012000,233497285.9
24015600,240602844.9
24019200,232988602.0
24022800,241425108.4
24026400,259339790.5
24030000,248423332.3
24033600,247277674.8
24037200,243491375.4
24040800,243373222.4
24044400,242223268.8
24048000,256957587.2
24051600,242490246.5
24055200,250404674.4
24058800,231078676.5
24062400,235342138.1
24066000,232817264.5
24069600,233755885.9
24073200,235655869.1
24076800,243963223.2
24080400,235153202.1
24084000,245631612.3
24087600,250258735.3
24091200,256066691.6
24094800,252708108.0
24098400,259526952.6
24102000,236595200.7
24105600,235189956.7
24109200,257681839.0
24112800,256968117.8
24116400,241315923.3
24120000,234115956.8
24123600,234267612.0
24127200,230203154.2
24130800,254237891.7
24134400,254744166.1
24138000,257448685.2
24141600,240468281.4
24145200,243699125.2
24148800,249368439.0
24152400,250205125.2
24156000,259277216.6
24159600,248400760.0
24163200,257832495.7
24166800,257845157.4
24170400,259931533.8
24174000,238048808.5
24177600,258384324.1
24181200,233363829.5
24184800,256098930.5
24188400,233285336.2
24192000,252557666.2
24195600,230808167.3
24199200,241239483.5
24202800,235600437.9
24206400,241159457.6
24210000,239925432.6
24213600,230555356.5
24217200,250556921.1
24220800,250170138.3
24224400,254991090.0
24228000,243091644.8
24231600,249072241.5
24235200,249953453.6
24238800,240673177.0
24242400,239556046.7
24246000,250693192.6
24249600,230789419.2
24253200,258197627.4
24256800,248796289.5
24260400,234053042.1
24264000,258155384.3
24267600,244035742.1
24271200,257996134.9
24274800,259197405.9
24278400,238530848.8
24282000,246164262.6
24285600,230377263.4
24289200,234714532.3
24292800,240549403.8
24296400,253193802.0
24300000,239606025.9
24303600,246604346.5
24307200,241403668.7
24310800,252506290.1
24314400,259552201.6
24318000,243413502.2
24321600,232238822.9
24325200,233013142.2
24328800,240086766.3
24332400,238766263.4
24336000,257509250.6
24339600,245142866.7
24343200,247376717.0
24346800,231550518.7
24350400,238003006.6
24354000,253486304.7
24357600,246140830.1
24361200,258192867.5
24364800,246128289.8
24368400,242388473.2
24372000,258922680.4
24375600,247973727.6
24379200,258237976.4
24382800,252830215.4
24386400,233326107.0
24390000,238553977.1
24393600,236377904.0
24397200,242442994.2
24400800,245050135.3
24404400,255236109.0
24408000,253388186.9
24411600,247509627.9
24415200,245569474.7
24418800,238972409.8
24422400,250704547.2
24426000,248837271.8
24429600,253292350.5
24433200,256039814.7
24436800,230793391.5
24440400,248465492.9
24444000,235948756.2
24447600,255942916.5
24451200,257845986.1
24454800,255417655.0
24458400,231164187.7
24462000,245816595.8
24465600,240914684.9
24469200,232103833.9
24472800,237447726.8
24476400,231771932.3
24480000,236940282.1
24483600,258063194.4
24487200,254201487.0
24490800,231142051.5
24494400,259044366.8
24498000,257901406.0
24501600,231377678.7
24505200,239885604.0
24508800,251495625.6
24512400,230943738.2
24516000,237285289.6
24519600,239196070.5
24523200,255019967.6
24526800,245654859.8
24530400,233464560.2
24534000,234179073.1
24537600,242136234.2
24541200,234779410.7
24544800,258333595.3
24548400,233895185.9
24552000,236833354.0
24555600,230802384.9
24559200,256723674.4
24562800,251627004.3
24566400,236121434.5
24570000,240217582.3
24573600,247888696.4
24577200,248374563.2
24580800,231972424.3
24584400,235297200.7
24588000,235203485.7
24591600,255694241.1
24595200,247386153.9
24598800,236054924.9
24602400,250262842.0
24606000,232984059.5
24609600,230123365.4
24613200,246851050.8
24616800,240694117.9
24620400,242959347.5
24624000,238222190.3
24627600,245174200.1
24631200,237888792.1
24634800,230174724.3
24638400,257750290.1
24642000,244834786.0
24645600,236631876.0
24649200,256551580.6
24652800,233610038.1
24656400,245959780.8
24660000,235109786.4
24663600,258967643.6
24667200,258353776.1
24670800,244749899.3
24674400,235017764.9
24678000,251326646.6
24681600,252703119.5
24685200,244396139.9
24688800,255095246.6
24692400,255112398.6
24696000,247109760.9
24699600,253492531.6
24703200,244272425.5
24706800,253329922.0
24710400,256879858.7
24714000,258692621.2
24717600,233939051.5
24721200,248792435.2
24724800,252487632.0
24728400,235726366.4
24732000,243312699.5
24735600,238759931.8
24739200,243080641.8
24742800,250398394.3
24746400,237589857.9
24750000,256164253.4
24753600,246086099.0
24757200,257371624.9
24760800,243977439.4
24764400,241194050.3
24768000,250804667.6
24771600,252707494.2
24775200,257253573.4
24778800,231869025.2
24782400,253503708.8
24786000,235036099.3
24789600,254985476.6
24793200,233883799.0
24796800,252557666.2
24800400,230808167.3
24804000,241239483.5
24807600,235600437.9
24811200,241159457.6
24814800,239925432.6
24818400,230555356.5
24822000,250556921.1
24825600,250170138.3
24829200,254991090.0
24832800,243091644.8
24836400,249072241.5
24840000,249953453.6
24843600,240673177.0
24847200,239556046.7
24850800,250693192.6
24854400,230789419.2
24858000,258197627.4
24861600,248796289.5
24865200,234053042.1
24868800,258155384.3
24872400,244035742.1
24876000,257996134.9
24879600,259197405.9
24883200,238530848.8
24886800,246164262.6
24890400,230377263.4
24894000,234714532.3
24897600,240549403.8
24901200,253193802.0
24904800,239606025.9
24908400,246604346.5
24912000,241403668.7
24915600,252506290.1
24919200,259552201.6
24922800,243413502.2
24926400,232238822.9
24930000,233013142.2
24933600,240086766.3
24937200,238766263.4
24940800,257509250.6
24944400,245142866.7
24948000,247376717.0
24951600,231550518.7
24955200,238003006.6
24958800,253486304.7
24962400,246140830.1
24966000,258192867.5
24969600,246128289.8
24973200,242388473.2
24976800,258922680.4
24980400,247973727.6
24984000,258237976.4
24987600,252830215.4
24991200,233326107.0
24994800,238553977.1
24998400,236377904.0
25002000,242442994.2
25005600,245050135.3
25009200,255236109.0
25012800,253388186.9
25016400,247509627.9
25020000,245569474.7
25023600,238972409.8
25027200,250704547.2
25030800,248837271.8
25034400,253292350.5
25038000,256039814.7
25041600,230793391.5
25045200,248465492.9
25048800,235948756.2
25052400,255942916.5
25056000,257845986.1
25059600,255417655.0
25063200,231164187.7
25066800,245816595.8
25070400,240914684.9
25074000,232103833.9
25077600,237447726.8
25081200,231771932.3
25084800,236940282.1
25088400,258063194.4
25092000,254201487.0
25095600,231142051.5
25099200,259044366.8
25102800,257901406.0
25106400,231377678.7
25110000,239885604.0
25113600,251495625.6
25117200,230943738.2
25120800,237285289.6
25124400,239196070.5
25128000,255019967.6
25131600,245654859.8
25135200,233464560.2
25138800,234179073.1
25142400,242136234.2
25146000,234779410.7
25149600,258333595.3
25153200,233895185.9
25156800,236833354.0
25160400,230802384.9
25164000,256723674.4
25167600,251627004.3
25171200,236121434.5
25174800,240217582.3
25178400,247888696.4
25182000,248374563.2
25185600,231972424.3
25189200,235297200.7
25192800,235203485.7
25196400,255694241.1
25200000,247386153.9
25203600,236054924.9
25207200,250262842.0
25210800,232984059.5
25214400,230123365.4
25218000,246851050.8
25221600,240694117.9
25225200,242959347.5
25228800,238222190.3
25232400,245174200.1
25236000,237888792.1
25239600,230174724.3
25243200,257750290.1
25246800,244834786.0
25250400,236631876.0
25254000,256551580.6
25257600,233610038.1
25261200,245959780.8
25264800,235109786.4
25268400,258967643.6
25272000,258353776.1
25275600,244749899.3
25279200,235017764.9
25282800,251326646.6
25286400,252703119.5
25290000,244396139.9
25293600,255095246.6
25297200,255112398.6
25300800,247109760.9
25304400,253492531.6
25308000,244272425.5
25311600,253329922.0
25315200,256879858.7
25318800,258692621.2
25322400,233939051.5
25326000,248792435.2
25329600,252487632.0
25333200,235726366.4
25336800,243312699.5
25340400,238759931.8
25344000,243080641.8
25347600,250398394.3
25351200,237589857.9
25354800,256164253.4
25358400,246086099.0
25362000,257371624.9
25365600,243977439.4
25369200,241194050.3
25372800,250804667.6
25376400,252707494.2
25380000,257253573.4
25383600,231869025.2
25387200,253503708.8
25390800,235036099.3
25394400,254985476.6
25398000,233883799.0
25401600,238882671.0
25405200,237861866.8
25408800,238257257.3
25412400,232211039.4
25416000,253765767.5
25419600,239012743.7
25423200,231510097.3
25426800,240082746.5
25430400,255870922.5
25434000,234555836.7
25437600,239286373.1
25441200,245926134.5
25444800,246179685.2
25448400,253834935.1
25452000,231823030.5
25455600,255280481.7
25459200,257931179.9
25462800,252777776.1
25466400,233550667.9
25470000,233778926.9
25473600,239000048.0
25477200,241300638.9
25480800,249686526.4
25484400,255400512.1
25488000,253355256.9
25491600,250964902.2
25495200,244361867.0
25498800,241765450.6
25502400,246475628.1
25506000,247850841.7
25509600,231788627.3
25513200,257576310.8
25516800,244477425.8
25520400,232207503.6
25524000,240284156.8
25527600,246221474.4
25531200,248152641.4
25534800,253303535.8
25538400,249844463.2
25542000,249671404.9
25545600,247334601.5
25549200,238623374.9
25552800,253319594.0
25556400,245649323.5
25560000,244118129.6
25563600,233708081.7
25567200,255255581.1
25570800,234660549.0
25574400,252999187.4
25578000,231440526.7
25581600,252907704.9
25585200,240515244.7
25588800,243796433.2
25592400,231456067.2
25596000,238799114.8
25599600,252360391.6
25603200,257780858.5
25606800,252579535.9
25610400,234356398.0
25614000,240409502.6
25617600,256812513.3
25621200,234253093.5
25624800,255535649.9
25628400,244326035.4
25632000,257780006.3
25635600,246242283.2
25639200,245843019.9
25642800,255262267.4
25646400,235389372.1
25650000,238285074.4
25653600,234689255.9
25657200,253523262.1
25660800,248407587.3
25664400,248931594.0
25668000,251939088.4
25671600,233550735.0
25675200,259219291.3
25678800,233734018.5
25682400,257051389.3
25686000,232376207.8
25689600,256223282.1
25693200,248145805.7
25696800,255426507.9
25700400,251455342.1
25704000,258796534.3
25707600,235808682.2
25711200,232254320.2
25714800,232523969.8
25718400,258831784.2
25722000,258957240.1
25725600,257968458.3
25729200,250607205.2
25732800,234148797.4
25736400,249432492.3
25740000,242224775.2
25743600,251105084.4
25747200,236741266.6
25750800,259867994.8
25754400,233041555.4
25758000,254543369.9
25761600,250575233.5
25765200,241855096.6
25768800,256742053.0
25772400,241467886.0
25776000,243379588.9
25779600,256171552.3
25783200,256550881.2
25786800,236233637.5
25790400,253875278.7
25794000,250742899.0
25797600,248605288.1
25801200,242141520.9
25804800,234381831.4
25808400,231394931.0
25812000,237370487.5
25815600,235189372.6
25819200,237804158.0
25822800,258700204.5
25826400,248267736.0
25830000,248256763.9
25833600,237517381.6
25837200,253550039.1
25840800,230338550.6
25844400,233704204.7
25848000,249307908.1
25851600,257044753.0
25855200,241558008.5
25858800,253019476.7
25862400,256643887.7
25866000,232278965.7
25869600,240578452.4
25873200,258919881.6
25876800,246822046.8
25880400,255486658.9
25884000,255553431.9
25887600,251716277.0
25891200,258378024.6
25894800,250900587.2
25898400,232016335.6
25902000,238701719.1
25905600,235915558.1
25909200,234721420.2
25912800,238883384.1
25916400,237724334.0
25920000,236490447.1
25923600,245780778.3
25927200,239626696.7
25930800,238540442.9
25934400,232294701.0
25938000,256552701.7
25941600,234127880.3
25945200,249987554.7
25948800,230038104.9
25952400,256700707.9
25956000,244949828.6
25959600,258121299.5
25963200,230508714.3
25966800,250918151.9
25970400,253349585.6
25974000,249574653.7
25977600,246547516.7
25981200,245521938.2
25984800,242148882.9
25988400,246218455.5
25992000,238209551.6
25995600,234656853.5
25999200,256473875.1
26002800,235639114.5
26006400,200946969.9
26010000,249132659.0
26013600,240130976.3
26017200,228174263.2
26020800,219441451.2
26024400,232626420.7
26028000,249685408.0
26031600,235688291.4
26035200,205118349.2
26038800,222364443.4
26042400,234639739.4
26046000,216647795.7
26049600,246087442.5
26053200,231624549.4
26056800,246609272.6
26060400,221296010.0
26064000,215024481.8
26067600,244451435.3
26071200,200868689.8
26074800,207402756.2
26078400,247958117.8
26082000,235723472.4
26085600,215323336.0
26089200,241404808.4
26092800,240394593.2
26096400,245462753.1
26100000,232140648.7
26103600,231434276.1
26107200,205923554.0
26110800,245948618.1
26114400,231199053.7
26118000,212879245.2
26121600,247565178.2
26125200,202310288.0
26128800,201046357.1
26132400,204402506.4
26136000,225892142.7
26139600,243933189.1
26143200,220108954.7
26146800,228066166.2
26150400,229907792.3
26154000,203752542.8
26157600,219574500.0
26161200,217749256.4
26164800,212239449.6
26168400,205401415.6
26172000,205614460.0
26175600,213360227.3
26179200,213319618.8
26182800,246804064.0
26186400,209308846.4
26190000,225371754.8
26193600,207379710.7
26197200,246035001.7
26200800,246473063.4
26204400,206837570.7
26208000,243578460.5
26211600,200617755.2
26215200,236101805.3
26218800,243929265.0
26222400,219372335.3
26226000,212321522.3
26229600,205586177.7
26233200,242339056.9
26236800,232982950.5
26240400,238983110.1
26244000,217928134.3
26247600,209206770.5
26251200,200508977.9
26254800,204295739.3
26258400,216473360.2
26262000,215041507.7
26265600,225328558.0
26269200,219330264.8
26272800,246864819.3
26276400,207977061.4
26280000,238985496.6
26283600,208873113.8
26287200,240264674.6
26290800,228119190.6
26294400,223503738.3
26298000,217980582.1
26301600,218588720.6
26305200,219143626.8
26308800,212815336.5
26312400,248601895.3
26316000,233028226.2
26319600,225264328.0
26323200,209901036.5
26326800,205219208.4
26330400,244420667.3
26334000,218147998.3
26337600,222685680.3
26341200,203239682.1
26344800,242538106.5
26348400,213971649.0
26352000,245595980.9
26355600,202988508.7
26359200,230798316.2
26362800,228197161.6
26366400,233413490.8
26370000,216772148.5
26373600,201889713.8
26377200,214289261.0
26380800,246562452.6
26384400,239992586.4
26388000,216553736.8
26391600,236870975.5
26395200,228371994.2
26398800,200803183.4
26402400,221275727.7
26406000,201468921.8
26409600,239208833.0
26413200,249040741.9
26416800,234497209.6
26420400,238984268.9
26424000,229898925.5
26427600,214230473.1
26431200,237312740.9
26434800,234693712.4
26438400,222126157.4
26442000,220956415.4
26445600,207538568.8
26449200,227014601.2
26452800,209818013.3
26456400,237459133.6
26460000,235783012.4
26463600,235224852.2
26467200,236814367.7
26470800,232834357.2
26474400,244554807.3
26478000,224553975.5
26481600,217088860.4
26485200,248135436.9
26488800,206247216.0
26492400,210430613.0
26496000,207748508.6
26499600,240380243.3
26503200,203368328.7
26506800,224530158.9
26510400,229920908.8
26514000,218251008.7
26517600,234427945.6
26521200,242845357.3
26524800,245031923.4
26528400,247574777.2
26532000,245002341.2
26535600,200326846.3
26539200,202096610.2
26542800,243544608.9
26546400,222220029.1
26550000,222127026.6
26553600,216529931.0
26557200,246983655.3
26560800,235642063.1
26564400,246945351.1
26568000,226547797.0
26571600,201090149.1
26575200,241019554.1
26578800,214374802.9
26582400,243368983.3
26586000,243010540.6
26589600,227531618.4
26593200,222861924.9
26596800,242501221.7
26600400,217388917.6
26604000,211923049.9
26607600,202546890.4
26611200,257962326.4
26614800,255149171.2
26618400,230686494.0
26622000,258968205.1
26625600,241937378.5
26629200,245456866.3
26632800,251949654.8
26636400,246596918.5
26640000,259497272.6
26643600,246030605.1
26647200,249239332.2
26650800,240098763.7
26654400,259470015.6
26658000,256580937.6
26661600,233201288.8
26665200,248609564.6
26668800,256133740.1
26672400,247664845.5
26676000,252967702.9
26679600,252433632.9
26683200,233787539.8
26686800,249102197.7
26690400,257107022.4
26694000,240012678.3
26697600,244726640.1
26701200,236761518.0
26704800,252920339.9
26708400,242143755.5
26712000,258803241.0
26715600,248371835.7
26719200,240607504.1
26722800,236253886.9
26726400,232301460.9
26730000,247558732.3
26733600,237912785.6
26737200,247511518.5
26740800,231107194.3
26744400,256895427.2
26748000,235258129.3
26751600,251628195.4
26755200,233557965.3
26758800,244303721.9
26762400,252280900.2
26766000,246006526.9
26769600,249053126.8
26773200,258722091.8
26776800,237291070.3
26780400,248865157.9
26784000,252384437.4
26787600,255575848.6
26791200,250125715.9
26794800,259063292.1
26798400,230085969.6
26802000,232398926.2
26805600,247031148.8
26809200,240122159.4
26812800,248210002.0
26816400,233733015.5
26820000,247448430.6
26823600,256040107.8
26827200,233920986.0
26830800,240911130.2
26834400,232671695.8
26838000,235482107.0
26841600,248381057.5
26845200,257798048.4
26848800,252146226.2
26852400,230157401.2
26856000,243603994.3
26859600,246587760.2
26863200,240819450.0
26866800,230752145.8
26870400,250163493.7
26874000,250320888.7
26877600,241354250.1
26881200,243033270.2
26884800,245988468.7
26888400,231557836.6
26892000,236942405.3
26895600,242782166.2
26899200,234283487.6
26902800,259643737.7
26906400,255442721.0
26910000,257842115.0
26913600,256174040.5
26917200,241838132.1
26920800,241310443.9
26924400,230772180.8
26928000,253242332.4
26931600,240565840.6
26935200,235941923.2
26938800,250681282.7
26942400,236361296.5
26946000,233344694.3
26949600,258274086.9
26953200,255654923.9
26956800,255883359.3
26960400,233776234.0
26964000,236884734.1
26967600,255331723.6
26971200,254204760.1
26974800,238294212.9
26978400,239337132.7
26982000,241418113.4
26985600,242554298.9
26989200,231977977.9
26992800,258414481.4
26996400,253707706.3
27000000,249564281.0
27003600,259258411.3
27007200,233922340.9
27010800,245475080.8
27014400,245954666.9
27018000,233956074.9
27021600,249323980.4
27025200,242219221.9
27028800,250751642.7
27032400,250858057.1
27036000,239052801.8
27039600,254962377.8
27043200,253113744.1
27046800,259606049.2
27050400,248365246.7
27054000,240969138.8
27057600,234522184.9
27061200,259271010.7
27064800,251187909.1
27068400,252997569.6
27072000,235320861.3
27075600,237215550.0
27079200,257134649.8
27082800,252013951.4
27086400,256240229.2
27090000,238032042.7
27093600,255554741.8
27097200,254850150.7
27100800,256386486.3
27104400,231612534.7
27108000,237530912.4
27111600,255613095.1
27115200,258588270.1
27118800,233947645.9
27122400,239026365.3
27126000,231557278.2
27129600,246393248.4
27133200,243100854.8
27136800,235903130.2
27140400,236139093.5
27144000,232704497.6
27147600,230135628.1
27151200,235613779.2
27154800,249540502.3
27158400,247871723.2
27162000,258268640.4
27165600,249206085.9
27169200,243475251.2
27172800,241304693.0
27176400,230263702.4
27180000,236500579.0
27183600,243295769.7
27187200,240181047.2
27190800,234204219.1
27194400,232652334.4
27198000,230111933.5
27201600,253929960.6
27205200,238809890.5
27208800,251340570.7
27212400,243304917.2
27216000,206747924.9
27219600,228906668.8
27223200,245218471.7
27226800,238558318.6
27230400,235207155.7
27234000,221120552.9
27237600,247892827.7
27241200,237779462.2
27244800,218300173.9
27248400,227530707.1
27252000,211071472.2
27255600,212797239.7
27259200,236762672.0
27262800,215777261.1
27266400,221120265.3
27270000,237422098.6
27273600,217654451.7
27277200,222322926.4
27280800,201696753.6
27284400,236400722.5
27288000,231068792.9
27291600,206289735.0
27295200,210772796.2
27298800,215418863.5
27302400,201547595.5
27306000,210072754.6
27309600,203371489.5
27313200,200007612.5
27316800,231821472.5
27320400,240137697.1
27324000,219716903.3
27327600,213136792.5
27331200,214191417.8
27334800,235682216.1
27338400,209707234.4
27342000,229004021.9
27345600,212373622.8
27349200,246795339.9
27352800,228227841.4
27356400,243980454.6
27360000,249633806.9
27363600,247312645.8
27367200,223918814.2
27370800,206249712.0
27374400,203207799.3
27378000,219333244.0
27381600,227912284.6
27385200,246121461.2
27388800,246715423.1
27392400,241240596.9
27396000,209179106.3
27399600,219655404.7
27403200,245639107.4
27406800,226708514.6
27410400,222573079.9
27414000,214279826.7
27417600,231138704.9
27421200,209088624.3
27424800,246357296.4
27428400,235698681.3
27432000,241618388.5
27435600,224824130.1
27439200,248160844.3
27442800,242165710.0
27446400,205694877.8
27450000,246808963.5
27453600,234418217.2
27457200,215355589.6
27460800,243032727.6
27464400,247422924.7
27468000,234092061.4
27471600,228159755.1
27475200,207498704.5
27478800,249310513.2
27482400,240751193.0
27486000,245610998.9
27489600,234198295.1
27493200,215151539.5
27496800,236589870.9
27500400,213810517.6
27504000,230761936.2
27507600,214742606.0
27511200,225913773.5
27514800,236946189.2
27518400,237201054.3
27522000,220172972.1
27525600,208046421.0
27529200,201120048.4
27532800,205293928.3
27536400,246599951.3
27540000,230777472.8
27543600,231664200.4
27547200,200334357.6
27550800,210743283.9
27554400,204050161.3
27558000,208073241.2
27561600,204590178.2
27565200,206706665.1
27568800,203589808.8
27572400,213442366.5
27576000,202003335.3
27579600,237204005.2
27583200,247241656.8
27586800,211068026.9
27590400,230028268.5
27594000,221804662.2
27597600,208678027.5
27601200,209744699.1
27604800,209456041.8
27608400,246494582.7
27612000,224527190.1
27615600,239816220.7
27619200,209239955.7
27622800,211389225.8
27626400,242490418.7
27630000,224714353.5
27633600,249286933.8
27637200,208611330.9
27640800,247505153.2
27644400,219116754.6
27648000,222381667.9
27651600,217994565.3
27655200,207223350.6
27658800,240831945.8
27662400,209085574.5
27666000,241648639.6
27669600,220314782.1
27673200,221072540.4
27676800,226662709.1
27680400,221515873.8
27684000,200121065.4
27687600,233232970.6
27691200,212839396.2
27694800,229596168.9
27698400,217892481.1
27702000,227402684.0
27705600,239034428.6
27709200,227944017.0
27712800,215084616.9
27716400,223030741.2
27720000,246045916.0
27723600,244309051.8
27727200,243973690.7
27730800,248517154.6
27734400,237615258.9
27738000,200777164.5
27741600,249617096.0
27745200,222788158.3
27748800,226024912.7
27752400,204444651.2
27756000,239255228.9
27759600,235884691.5
27763200,227270078.6
27766800,237206784.4
27770400,234366164.7
27774000,230564677.5
27777600,204117076.1
27781200,218850122.8
27784800,220248482.4
27788400,234368899.9
27792000,220250734.1
27795600,227723333.8
27799200,230913274.0
27802800,220873087.7
27806400,242243937.8
27810000,227575495.9
27813600,240657488.8
27817200,215769750.1
27820800,256948953.5
27824400,249055794.4
27828000,248029814.0
27831600,244052652.0
27835200,245417149.6
27838800,246343192.7
27842400,250707418.7
27846000,246890884.2
27849600,236116179.7
27853200,241255305.3
27856800,248925676.1
27860400,245454845.5
27864000,233864055.8
27867600,254894303.7
27871200,255183229.0
27874800,239704294.6
27878400,234751710.8
27882000,255715334.1
27885600,239523444.2
27889200,238089054.3
27892800,255818188.9
27896400,254036599.7
27900000,237874092.8
27903600,256965593.7
27907200,233776677.2
27910800,255695920.0
27914400,254741669.0
27918000,243616186.9
27921600,233842825.6
27925200,232465961.3
27928800,235225029.7
27932400,251823644.0
27936000,244609190.6
27939600,245207743.0
27943200,257598294.7
27946800,236464002.9
27950400,234075544.0
27954000,243256855.6
27957600,236662508.4
27961200,237082084.8
27964800,238261922.4
27968400,234143564.2
27972000,235291405.9
27975600,241169586.1
27979200,259601876.7
27982800,255765532.2
27986400,252019736.8
27990000,247693238.5
27993600,237165053.0
27997200,237272891.0
28000800,230567719.1
28004400,254487840.0
28008000,251387750.2
28011600,253245652.4
28015200,238872482.4
28018800,253949657.4
28022400,245258448.9
28026000,233537097.1
28029600,256285099.3
28033200,236163207.0
28036800,238758494.1
28040400,238725305.4
28044000,256263322.0
28047600,234829610.1
28051200,251684291.8
28054800,254166966.3
28058400,252254969.4
28062000,253762561.9
28065600,250934642.2
28069200,253352019.9
28072800,240955557.0
28076400,257290172.6
28080000,246594715.5
28083600,255692966.3
28087200,258725322.7
28090800,254152911.9
28094400,242538840.3
28098000,248087942.4
28101600,245691825.6
28105200,248248925.6
28108800,235268157.2
28112400,245541636.1
28116000,244904774.2
28119600,255386384.7
28123200,247184190.9
28126800,235281387.1
28130400,233890882.2
28134000,249717571.6
28137600,236393548.5
28141200,243362549.4
28144800,252355667.6
28148400,249965298.8
28152000,238981868.7
28155600,253176657.7
28159200,240661852.5
28162800,232703598.4
28166400,251815377.9
28170000,251495553.4
28173600,232431997.1
28177200,252095278.9
28180800,232512372.4
28184400,256750718.6
28188000,256642668.2
28191600,247080182.4
28195200,255411297.2
28198800,233798731.7
28202400,236141336.1
28206000,231484087.4
28209600,250771446.8
28213200,238798580.4
28216800,252435487.2
28220400,246042168.6
28224000,239837690.4
28227600,257630660.4
28231200,254853961.4
28234800,245689714.3
28238400,233680368.1
28242000,232770201.5
28245600,250188819.4
28249200,251312931.3
28252800,259426042.3
28256400,258870470.2
28260000,242062030.1
28263600,235607450.3
28267200,241680624.3
28270800,256553575.3
28274400,247856601.5
28278000,248845874.8
28281600,258819846.3
28285200,237192862.2
28288800,239540814.9
28292400,238586126.6
28296000,257540357.9
28299600,254256397.2
28303200,259323938.8
28306800,235192967.8
28310400,254155635.6
28314000,240931991.4
28317600,246856294.8
28321200,238652333.2
28324800,251560389.9
28328400,239855567.4
28332000,250309662.8
28335600,255006358.2
28339200,231275037.5
28342800,258925013.2
28346400,233965916.0
28350000,234105908.5
28353600,249572900.1
28357200,239903599.3
28360800,259329046.7
28364400,249900233.7
28368000,257469104.1
28371600,234325199.4
28375200,233121319.3
28378800,258190377.9
28382400,252035785.0
28386000,230697792.2
28389600,233242199.4
28393200,233220359.8
28396800,238454519.7
28400400,255883401.0
28404000,233292657.2
28407600,247222674.7
28411200,257658592.9
28414800,259351142.4
28418400,257132042.4
28422000,231520161.3
28425600,243074111.4
28429200,240891610.4
28432800,256430715.4
28436400,254037276.6
28440000,230178618.5
28443600,247686401.9
28447200,242203443.2
28450800,230928317.3
28454400,242971484.9
28458000,242396363.4
28461600,256563514.7
28465200,236802490.4
28468800,259240399.0
28472400,245295461.1
28476000,254645641.0
28479600,236109055.6
28483200,235757927.5
28486800,256694616.9
28490400,251975115.7
28494000,252567831.9
28497600,242117038.0
28501200,251653491.4
28504800,242505094.0
28508400,259597717.5
28512000,246171587.5
28515600,242711222.0
28519200,232129346.7
28522800,255371052.4
28526400,249724116.1
28530000,241019134.1
28533600,250991333.2
28537200,238207308.6
28540800,234348485.4
28544400,239142494.2
28548000,233357477.2
28551600,259496170.2
28555200,254324471.3
28558800,244032959.0
28562400,241412309.8
28566000,250773670.6
28569600,233143301.9
28573200,230851797.8
28576800,235973866.3
28580400,237905081.9
28584000,259621504.9
28587600,236199252.8
28591200,231605672.4
28594800,232584296.2
28598400,240742512.8
28602000,255037931.3
28605600,230870939.4
28609200,233984372.8
28612800,235590725.0
28616400,258515364.1
28620000,259906632.3
28623600,258516090.9
28627200,258782346.2
28630800,236802615.2
28634400,237814244.2
28638000,241510146.8
28641600,256268665.5
28645200,258773068.4
28648800,248920100.6
28652400,238358670.7
28656000,232790489.4
28659600,236068433.5
28663200,252307301.5
28666800,250450781.9
28670400,245882909.6
28674000,255123391.8
28677600,243988919.7
28681200,239671212.8
28684800,247617661.0
28688400,249186291.6
28692000,230524618.7
28695600,231102128.4
28699200,231654123.7
28702800,231919507.5
28706400,232141201.5
28710000,258943260.0
28713600,232494687.5
28717200,243657938.0
28720800,258685866.4
28724400,245259077.3
28728000,236309252.7
28731600,259953589.5
28735200,259097318.2
28738800,250194445.1
28742400,232295168.0
28746000,236350804.3
28749600,231372732.5
28753200,245171313.4
28756800,258504785.5
28760400,247326833.8
28764000,243183389.4
28767600,248060122.7
28771200,236436393.2
28774800,250177006.1
28778400,239715739.3
28782000,249024284.2
28785600,240667421.4
28789200,234577460.7
28792800,232534571.0
28796400,252163984.5
28800000,255122390.2
28803600,241024220.8
28807200,233811442.6
28810800,232199852.0
28814400,256766520.0
28818000,237044187.7
28821600,253016002.7
28825200,244611846.1
28828800,253892834.2
28832400,239258138.5
28836000,245257802.8
28839600,254213675.0
28843200,252509393.6
28846800,255852523.2
28850400,246598855.6
28854000,253869275.6
28857600,258495815.2
28861200,252375125.0
28864800,231859489.7
28868400,235710547.7
28872000,252393518.8
28875600,233276741.9
28879200,259302155.1
28882800,253199766.2
28886400,259828970.3
28890000,239518158.5
28893600,252019224.2
28897200,254465613.2
28900800,242462357.1
28904400,243399454.4
28908000,247285308.6
28911600,252880264.5
28915200,248568197.8
28918800,239443481.4
28922400,254047830.3
28926000,252896815.2
28929600,237372039.6
28933200,245224203.3
28936800,234410579.0
28940400,233890960.0
28944000,249819638.5
28947600,232196936.1
28951200,236046924.2
28954800,255522417.7
28958400,247873864.2
28962000,250319365.8
28965600,258948636.3
28969200,254163256.3
28972800,252531711.3
28976400,253953190.1
28980000,238216198.2
28983600,242386217.6
28987200,238202674.4
28990800,236445630.2
28994400,238538325.9
28998000,250536054.9
29001600,243042819.3
29005200,246792862.1
29008800,236021946.2
29012400,248297174.7
29016000,253660858.8
29019600,231842886.5
29023200,259669528.0
29026800,248646015.0
29030400,214197861.9
29034000,203661340.2
29037600,236498877.6
29041200,217318755.1
29044800,232610263.5
29048400,224087872.6
29052000,219129681.9
29055600,216344292.0
29059200,205151995.9
29062800,218520619.0
29066400,218872077.0
29070000,224089916.0
29073600,239780978.1
29077200,234569684.8
29080800,242489504.9
29084400,225614126.3
29088000,242751670.4
29091600,223272077.3
29095200,213242429.9
29098800,231474210.7
29102400,228136705.9
29106000,227057823.4
29109600,219665572.0
29113200,221023118.6
29116800,206856098.9
29120400,214608893.9
29124000,200366160.7
29127600,246635061.2
29131200,230462927.1
29134800,244592284.7
29138400,221041242.0
29142000,220009067.2
29145600,227696705.9
29149200,229812971.9
29152800,225313941.1
29156400,229360481.4
29160000,206641084.3
29163600,238079899.1
29167200,232557174.8
29170800,217554493.4
29174400,215629818.9
29178000,213712526.3
29181600,207476536.9
29185200,216717283.8
29188800,241651702.5
29192400,211678788.1
29196000,203462048.2
29199600,224736358.5
29203200,206107567.1
29206800,220131063.3
29210400,204560710.6
29214000,236027404.0
29217600,217117145.4
29221200,228315244.3
29224800,232725618.6
29228400,232625057.7
29232000,235042835.5
29235600,215055224.3
29239200,204273190.7
29242800,231671785.3
29246400,213321730.8
29250000,244712589.0
29253600,215013448.5
29257200,235752846.3
29260800,216517615.7
29264400,218243663.0
29268000,229617405.6
29271600,245259273.4
29275200,213226441.9
29278800,247491294.0
29282400,236936449.0
29286000,200223057.4
29289600,242536838.0
29293200,234778609.4
29296800,228121606.1
29300400,216885805.7
29304000,216639967.4
29307600,203866139.4
29311200,222915046.6
29314800,232859503.3
29318400,228597692.3
29322000,220105432.2
29325600,246735058.5
29329200,218026711.6
29332800,247385700.4
29336400,201506178.9
29340000,222054833.4
29343600,235035457.5
29347200,235149640.8
29350800,225508327.7
29354400,230612194.3
29358000,237318447.2
29361600,240071780.5
29365200,216836248.9
29368800,228204650.3
29372400,242763303.5
29376000,229457930.2
29379600,225412059.8
29383200,242671525.0
29386800,234189917.1
29390400,205316912.8
29394000,225097841.5
29397600,200958333.3
29401200,222130469.2
29404800,245358771.6
29408400,202233481.2
29412000,247259540.2
29415600,209019018.0
29419200,218495407.3
29422800,210261954.1
29426400,204779292.2
29430000,221637046.7
29433600,213878047.1
29437200,205042910.5
29440800,224946022.7
29444400,211951703.7
29448000,217480066.6
29451600,227913114.5
29455200,227403345.6
29458800,221063696.5
29462400,219274983.3
29466000,219033189.0
29469600,214036418.1
29473200,208995619.2
29476800,206364201.2
29480400,200784511.2
29484000,237654398.5
29487600,225247759.4
29491200,236105512.0
29494800,238055040.3
29498400,213447444.0
29502000,209681099.1
29505600,203207439.5
29509200,221268715.9
29512800,235107349.5
29516400,248866032.3
29520000,227579136.6
29523600,202190338.8
29527200,229107438.5
29530800,213918786.7
29534400,227109712.5
29538000,222166044.7
29541600,205860271.5
29545200,218997061.0
29548800,238241644.3
29552400,245918414.6
29556000,234634952.8
29559600,248531212.2
29563200,206308248.3
29566800,232320694.3
29570400,219342497.8
29574000,228117229.5
29577600,209917529.2
29581200,219696315.8
29584800,217012113.0
29588400,217823888.5
29592000,218651994.5
29595600,205768211.6
29599200,225060487.9
29602800,240845641.0
29606400,217175349.7
29610000,224926809.8
29613600,205901199.1
29617200,228775833.7
29620800,225773212.3
29624400,217763834.0
29628000,243167446.6
29631600,217200749.1
29635200,235969257.1
29638800,257607234.7
29642400,238252943.0
29646000,236868809.7
29649600,245544490.2
29653200,237681802.4
29656800,230484458.2
29660400,259294572.6
29664000,256963397.0
29667600,258776305.1
29671200,255335776.9
29674800,241428958.1
29678400,232688055.6
29682000,251982122.2
29685600,250477207.8
29689200,243055064.9
29692800,234296113.1
29696400,239213160.0
29700000,250409497.8
29703600,245118351.4
29707200,252039714.3
29710800,249440607.0
29714400,232034929.7
29718000,259840923.2
29721600,235434579.9
29725200,243813684.0
29728800,246822243.5
29732400,249685784.8
29736000,254366591.5
29739600,253290910.1
29743200,238897169.6
29746800,235407114.0
29750400,255257435.0
29754000,249633682.3
29757600,248238136.4
29761200,244323675.2
29764800,248347367.1
29768400,241348442.1
29772000,255990326.2
29775600,244407912.7
29779200,243830529.6
29782800,239048813.5
29786400,246640878.4
29790000,247278808.2
29793600,234325833.9
29797200,251636737.9
29800800,236002606.4
29804400,238386033.0
29808000,250959309.9
29811600,235718127.4
29815200,242657890.8
29818800,236230659.1
29822400,234160598.8
29826000,254412823.4
29829600,239853714.4
29833200,244417560.0
29836800,232009753.1
29840400,232461382.2
29844000,239523776.7
29847600,239437347.2
29851200,240142837.6
29854800,249620904.1
29858400,242606613.0
29862000,254962524.4
29865600,256226434.5
29869200,246490785.7
29872800,240140428.4
29876400,246259484.3
29880000,237521708.7
29883600,241045170.0
29887200,255491503.3
29890800,255957890.1
29894400,222046466.2
29898000,225171145.6
29901600,250170327.9
29905200,222309514.3
29908800,241093597.2
29912400,237793155.2
29916000,254883522.9
29919600,238148886.3
29923200,236227752.4
29926800,253873787.2
29930400,249162618.5
29934000,232022739.9
29937600,238743328.3
29941200,230236730.6
29944800,232932104.2
29948400,262365724.6
29952000,241352047.1
29955600,252849148.2
29959200,246563587.4
29962800,266850952.0
29966400,236671121.0
29970000,238045591.6
29973600,257324677.0
29977200,263196473.4
29980800,221102688.5
29984400,262476196.4
29988000,260381271.4
29991600,247139147.3
29995200,241689153.7
29998800,250121846.0
30002400,236755260.2
30006000,258905360.2
30009600,224835987.7
30013200,242597748.7
30016800,258097453.3
30020400,251291661.7
30024000,220074576.2
30027600,220858620.3
30031200,242842703.6
30034800,231078202.8
30038400,238571034.3
30042000,242061608.2
30045600,223034477.4
30049200,238202118.7
30052800,238843453.7
30056400,235062011.9
30060000,265919459.0
30063600,243867533.8
30067200,229019621.9
30070800,234851882.0
30074400,261464973.7
30078000,250906199.6
30081600,253179977.1
30085200,250810170.6
30088800,233063336.2
30092400,263624935.8
30096000,220268406.4
30099600,238262764.6
30103200,249598591.9
30106800,266241953.0
30110400,242900244.9
30114000,241210411.2
30117600,252748080.6
30121200,258211815.4
30124800,238982178.3
30128400,242703448.4
30132000,252190100.6
30135600,256757726.3
30139200,251691078.1
30142800,259147213.6
30146400,221724351.0
30150000,225043117.0
30153600,222087038.9
30157200,228025921.2
30160800,261750147.4
30164400,247971704.1
30168000,228601085.0
30171600,266939950.5
30175200,247107966.4
30178800,261512892.8
30182400,235872188.5
30186000,231636967.8
30189600,255099690.6
30193200,245989182.4
30196800,234307314.6
30200400,221383646.3
30204000,227640145.1
30207600,259196130.5
30211200,245937594.5
30214800,240841143.1
30218400,225427377.8
30222000,251571383.8
30225600,226336678.4
30229200,249032183.2
30232800,229225018.8
30236400,244745554.5
30240000,211849712.4
30243600,229913271.8
30247200,246309907.7
30250800,216720674.4
30254400,222151647.0
30258000,204956902.8
30261600,235757560.3
30265200,236081920.3
30268800,239123547.6
30272400,247102255.0
30276000,202378423.8
30279600,240017519.4
30283200,223339420.3
30286800,213956992.5
30290400,202236054.1
30294000,239377548.4
30297600,244956193.1
30301200,238784195.0
30304800,241872511.8
30308400,217221035.3
30312000,209559630.2
30315600,218921946.2
30319200,212816692.1
30322800,201073162.0
30326400,214663939.2
30330000,212021138.9
30333600,210129450.4
30337200,217411039.0
30340800,226857479.8
30344400,206215713.6
30348000,209636915.5
30351600,224430977.0
30355200,220350520.2
30358800,236745942.2
30362400,214995245.9
30366000,240356807.1
30369600,245683225.9
30373200,238255402.1
30376800,216710584.8
30380400,235966896.7
30384000,201679658.2
30387600,230781194.8
30391200,205609243.3
30394800,202530107.9
30398400,202760512.5
30402000,201310979.8
30405600,247771779.1
30409200,226260690.2
30412800,237812700.8
30416400,229490915.9
30420000,236945281.7
30423600,215970850.0
30427200,242406491.7
30430800,224682341.1
30434400,205741763.9
30438000,240613619.1
30441600,233341458.0
30445200,219089154.2
30448800,235940448.2
30452400,220931394.7
30456000,202796635.5
30459600,229249983.0
30463200,214941386.2
30466800,220478128.9
30470400,229304485.3
30474000,215781078.2
30477600,207367922.4
30481200,249576463.8
30484800,205374662.2
30488400,216712841.7
30492000,201897948.0
30495600,246120329.9
30499200,218657088.4
30502800,249458036.0
30506400,227172801.6
30510000,228165825.8
30513600,209394930.9
30517200,210774781.4
30520800,224265344.8
30524400,210975036.9
30528000,246843627.4
30531600,213881231.8
30535200,247655176.9
30538800,240746625.5
30542400,217479940.2
30546000,201080302.2
30549600,217050652.2
30553200,219219890.6
30556800,204664481.3
30560400,248462638.8
30564000,209502247.9
30567600,208231023.2
30571200,225351572.2
30574800,225411913.7
30578400,202573907.6
30582000,218350585.0
30585600,229239861.8
30589200,249737529.6
30592800,221756588.6
30596400,234799889.4
30600000,200823774.8
30603600,207627004.8
30607200,244976942.6
30610800,202318815.1
30614400,201466349.5
30618000,228722224.6
30621600,217020208.3
30625200,210965038.4
30628800,245199552.7
30632400,234154392.1
30636000,218582407.4
30639600,220055891.8
30643200,210248513.5
30646800,211884959.7
30650400,244218032.3
30654000,246062152.8
30657600,239082443.1
30661200,212095789.4
30664800,229179815.1
30668400,210092784.5
30672000,206353388.4
30675600,234383466.1
30679200,245536950.6
30682800,237547003.5
30686400,241145445.2
30690000,211256042.6
30693600,219337315.2
30697200,220934422.6
30700800,246789283.1
30704400,205277742.5
30708000,226564463.6
30711600,231059582.9
30715200,214017087.7
30718800,209888131.7
30722400,220419345.5
30726000,218130228.6
30729600,208095069.6
30733200,244676274.2
30736800,222023818.3
30740400,233515501.0
30744000,210521337.0
30747600,223557311.5
30751200,202495692.1
30754800,224796575.9
30758400,213486059.7
30762000,234208715.4
30765600,237399781.0
30769200,219582068.4
30772800,227941352.3
30776400,236612280.7
30780000,230581087.2
30783600,229061483.2
30787200,203530196.4
30790800,218712315.6
30794400,201679481.1
30798000,220307154.5
30801600,232897905.6
30805200,228762027.2
30808800,248797811.9
30812400,222081966.9
30816000,238891848.7
30819600,228472921.3
30823200,201054989.2
30826800,225613677.6
30830400,220377607.3
30834000,210991853.7
30837600,211523033.4
30841200,221927489.2
30844800,235969257.1
30848400,257607234.7
30852000,238252943.0
30855600,236868809.7
30859200,245544490.2
30862800,237681802.4
30866400,230484458.2
30870000,259294572.6
30873600,256963397.0
30877200,258776305.1
30880800,255335776.9
30884400,241428958.1
30888000,232688055.6
30891600,251982122.2
30895200,250477207.8
30898800,243055064.9
30902400,234296113.1
30906000,239213160.0
30909600,250409497.8
30913200,245118351.4
30916800,252039714.3
30920400,249440607.0
30924000,232034929.7
30927600,259840923.2
30931200,235434579.9
30934800,243813684.0
30938400,246822243.5
30942000,249685784.8
30945600,254366591.5
30949200,253290910.1
30952800,238897169.6
30956400,235407114.0
30960000,255257435.0
30963600,249633682.3
30967200,248238136.4
30970800,244323675.2
30974400,248347367.1
30978000,241348442.1
30981600,255990326.2
30985200,244407912.7
30988800,243830529.6
30992400,239048813.5
30996000,246640878.4
30999600,247278808.2
31003200,234325833.9
31006800,251636737.9
31010400,236002606.4
31014000,238386033.0
31017600,250959309.9
31021200,235718127.4
31024800,242657890.8
31028400,236230659.1
31032000,234160598.8
31035600,254412823.4
31039200,239853714.4
31042800,244417560.0
31046400,232009753.1
31050000,232461382.2
31053600,239523776.7
31057200,239437347.2
31060800,240142837.6
31064400,249620904.1
31068000,242606613.0
31071600,254962524.4
31075200,256226434.5
31078800,246490785.7
31082400,240140428.4
31086000,246259484.3
31089600,237521708.7
31093200,241045170.0
31096800,255491503.3
31100400,255957890.1
31104000,222046466.2
31107600,225171145.6
31111200,250170327.9
31114800,222309514.3
31118400,241093597.2
31122000,237793155.2
31125600,254883522.9
31129200,238148886.3
31132800,236227752.4
31136400,253873787.2
31140000,249162618.5
31143600,232022739.9
31147200,238743328.3
31150800,230236730.6
31154400,232932104.2
31158000,262365724.6
31161600,241352047.1
31165200,252849148.2
31168800,246563587.4
31172400,266850952.0
31176000,236671121.0
31179600,238045591.6
31183200,257324677.0
31186800,263196473.4
31190400,221102688.5
31194000,262476196.4
31197600,260381271.4
31201200,247139147.3
31204800,241689153.7
31208400,250121846.0
31212000,236755260.2
31215600,258905360.2
31219200,224835987.7
31222800,242597748.7
31226400,258097453.3
31230000,251291661.7
31233600,220074576.2
31237200,220858620.3
31240800,242842703.6
31244400,231078202.8
31248000,238571034.3
31251600,242061608.2
31255200,223034477.4
31258800,238202118.7
31262400,238843453.7
31266000,235062011.9
31269600,265919459.0
31273200,243867533.8
31276800,229019621.9
31280400,234851882.0
31284000,261464973.7
31287600,250906199.6
31291200,253179977.1
31294800,250810170.6
31298400,233063336.2
31302000,263624935.8
31305600,220268406.4
31309200,238262764.6
31312800,249598591.9
31316400,266241953.0
31320000,242900244.9
31323600,241210411.2
31327200,252748080.6
31330800,258211815.4
31334400,238982178.3
31338000,242703448.4
31341600,252190100.6
31345200,256757726.3
31348800,251691078.1
31352400,259147213.6
31356000,221724351.0
31359600,225043117.0
31363200,222087038.9
31366800,228025921.2
31370400,261750147.4
31374000,247971704.1
31377600,228601085.0
31381200,266939950.5
31384800,247107966.4
31388400,261512892.8
31392000,235872188.5
31395600,231636967.8
31399200,255099690.6
31402800,245989182.4
31406400,234307314.6
31410000,221383646.3
31413600,227640145.1
31417200,259196130.5
31420800,245937594.5
31424400,240841143.1
31428000,225427377.8
31431600,251571383.8
31435200,226336678.4
31438800,249032183.2
31442400,229225018.8
31446000,244745554.5
31449600,251541487.5
31453200,236383493.5
31456800,234212607.0
31460400,244420772.3
31464000,259982213.8
31467600,256423927.3
31471200,231167769.5
31474800,258459003.1
31478400,256785813.2
31482000,236369750.9
31485600,259458462.3
31489200,237636409.8
31492800,248805693.1
31496400,245563013.2
31500000,244845231.4
31503600,237398112.5
31507200,231912677.3
31510800,235053305.7
31514400,249946286.6
31518000,251182345.2
31521600,255742106.4
31525200,238094772.6
31528800,230674078.7
31532400,246743909.8
31536000,246743909.8
