time,value
0,0.96
3600,1.03
7200,1.06
10800,1.14
14400,1.14
18000,1.08
21600,1.04
25200,0.98
28800,1.12
32400,2.09
36000,3.8
39600,4.93
43200,5.97
46800,6.75
50400,6.89
54000,5.34
57600,3.24
61200,3.68
64800,4.26
68400,3.58
72000,2.94
75600,2.55
79200,2.31
82800,2.2
86400,2.1
90000,2.06
93600,2.01
97200,1.91
100800,1.83
104400,1.85
108000,1.94
111600,2.1
115200,3.39
118800,4.64
122400,6.49
126000,7.35
129600,7.73
133200,7.74
136800,7.33
140400,6.25
144000,3.39
147600,2.05
151200,1.77
154800,1.82
158400,1.98
162000,2.24
165600,2.38
169200,2.23
172800,2.01
176400,2.06
180000,2.21
183600,2.37
187200,2.26
190800,2.07
194400,1.96
198000,2.04
201600,3.12
205200,4.48
208800,6.54
212400,7.54
216000,8.11
219600,8.07
223200,7.69
226800,7.04
230400,5.25
234000,3.84
237600,3.18
241200,2.67
244800,2.42
248400,2.34
252000,2.61
255600,2.93
259200,3.52
262800,3.16
266400,2.5
270000,2.26
273600,2.22
277200,2.23
280800,2.23
284400,2.99
288000,4.81
291600,4.77
295200,4.32
298800,4.33
302400,4.96
306000,5.79
309600,6.49
313200,6.76
316800,6.03
320400,4.0
324000,2.35
327600,1.68
331200,1.48
334800,1.31
338400,1.19
342000,1.07
345600,0.77
349200,0.38
352800,0.14
356400,0.64
360000,0.94
363600,1.1
367200,1.22
370800,1.48
374400,3.32
378000,4.56
381600,5.32
385200,5.5
388800,5.19
392400,4.64
396000,4.13
399600,3.54
403200,1.66
406800,1.63
410400,1.64
414000,1.57
417600,1.48
421200,1.44
424800,1.4
428400,1.35
432000,1.36
435600,1.29
439200,1.2
442800,1.14
446400,1.22
450000,1.3
453600,1.17
457200,1.08
460800,2.05
464400,3.24
468000,5.29
471600,6.21
475200,6.66
478800,7.12
482400,7.11
486000,6.51
489600,4.04
493200,2.78
496800,2.47
500400,2.38
504000,2.44
507600,2.45
511200,2.42
514800,2.45
518400,2.31
522000,2.05
525600,1.85
529200,1.84
532800,1.76
536400,1.7
540000,1.67
543600,1.61
547200,2.41
550800,2.57
554400,3.14
558000,4.04
561600,4.82
565200,5.51
568800,5.96
572400,5.93
576000,3.95
579600,2.14
583200,1.71
586800,1.67
590400,1.81
594000,2.08
597600,2.41
601200,2.51
604800,1.07
608400,0.99
612000,1.0
615600,1.02
619200,0.97
622800,0.89
626400,0.85
630000,0.85
633600,0.77
637200,0.79
640800,1.82
644400,2.94
648000,3.42
651600,3.59
655200,3.54
658800,1.94
662400,1.72
666000,1.84
669600,1.91
673200,1.95
676800,1.98
680400,2.07
684000,2.2
687600,2.25
691200,2.22
694800,2.13
698400,1.97
702000,1.82
705600,1.64
709200,1.49
712800,1.43
716400,1.37
720000,1.65
723600,2.01
727200,2.55
730800,3.23
734400,3.41
738000,3.29
741600,2.9
745200,1.34
748800,1.44
752400,1.51
756000,1.52
759600,1.53
763200,1.56
766800,1.65
770400,1.83
774000,1.97
777600,2.03
781200,2.03
784800,2.02
788400,1.96
792000,1.87
795600,1.8
799200,1.79
802800,1.87
806400,3.14
810000,3.44
813600,2.66
817200,1.94
820800,1.54
824400,1.47
828000,1.54
831600,1.04
835200,1.26
838800,1.71
842400,2.3
846000,2.9
849600,2.95
853200,2.59
856800,2.21
860400,1.88
864000,1.65
867600,1.52
871200,1.41
874800,1.27
878400,1.21
882000,1.16
885600,1.08
889200,0.95
892800,0.94
896400,1.0
900000,0.44
903600,1.07
907200,1.69
910800,1.92
914400,2.05
918000,1.24
921600,1.25
925200,1.4
928800,1.46
932400,1.48
936000,1.47
939600,1.43
943200,1.42
946800,1.44
950400,1.46
954000,1.48
957600,1.48
961200,1.51
964800,1.48
968400,1.4
972000,1.29
975600,1.12
979200,0.86
982800,0.8
986400,1.42
990000,2.42
993600,3.23
997200,3.81
1000800,4.01
1004400,2.58
1008000,1.82
1011600,1.73
1015200,1.73
1018800,1.72
1022400,1.69
1026000,1.68
1029600,1.7
1033200,1.71
1036800,1.63
1040400,1.53
1044000,1.42
1047600,1.22
1051200,1.02
1054800,0.82
1058400,0.76
1062000,1.05
1065600,1.01
1069200,2.07
1072800,3.44
1076400,4.54
1080000,5.21
1083600,5.5
1087200,5.21
1090800,2.87
1094400,2.0
1098000,1.94
1101600,1.83
1105200,1.76
1108800,1.7
1112400,1.66
1116000,1.68
1119600,1.73
1123200,1.72
1126800,1.65
1130400,1.51
1134000,1.3
1137600,0.91
1141200,0.35
1144800,0.41
1148400,0.95
1152000,0.93
1155600,1.72
1159200,2.98
1162800,5.38
1166400,7.54
1170000,8.5
1173600,8.05
1177200,7.06
1180800,5.99
1184400,6.06
1188000,6.18
1191600,6.04
1195200,5.24
1198800,4.64
1202400,4.14
1206000,3.86
1209600,0.97
1213200,0.94
1216800,0.91
1220400,0.89
1224000,0.94
1227600,1.06
1231200,1.28
1234800,2.03
1238400,3.21
1242000,3.34
1245600,3.25
1249200,3.14
1252800,3.05
1256400,2.99
1260000,2.99
1263600,2.81
1267200,1.46
1270800,1.64
1274400,1.69
1278000,1.45
1281600,1.16
1285200,0.94
1288800,0.92
1292400,1.13
1296000,1.25
1299600,1.13
1303200,1.01
1306800,1.12
1310400,1.28
1314000,1.4
1317600,1.59
1321200,2.13
1324800,3.67
1328400,5.2
1332000,6.13
1335600,6.27
1339200,5.95
1342800,5.51
1346400,4.93
1350000,2.84
1353600,1.72
1357200,1.51
1360800,1.38
1364400,1.28
1368000,1.31
1371600,1.44
1375200,1.55
1378800,1.61
1382400,1.69
1386000,1.78
1389600,1.78
1393200,1.77
1396800,1.75
1400400,1.84
1404000,2.1
1407600,2.63
1411200,3.8
1414800,5.92
1418400,8.24
1422000,9.05
1425600,9.07
1429200,8.72
1432800,8.02
1436400,6.31
1440000,3.77
1443600,3.01
1447200,2.89
1450800,2.79
1454400,2.85
1458000,3.53
1461600,3.6
1465200,3.04
1468800,2.66
1472400,2.88
1476000,3.57
1479600,4.24
1483200,4.26
1486800,3.83
1490400,3.55
1494000,3.85
1497600,5.64
1501200,6.32
1504800,6.6
1508400,6.66
1512000,6.54
1515600,6.43
1519200,6.13
1522800,5.37
1526400,2.48
1530000,1.04
1533600,0.37
1537200,0.86
1540800,1.28
1544400,1.59
1548000,1.75
1551600,1.73
1555200,1.71
1558800,1.73
1562400,1.77
1566000,1.81
1569600,1.73
1573200,1.61
1576800,1.67
1580400,1.87
1584000,3.42
1587600,6.91
1591200,8.95
1594800,9.12
1598400,8.79
1602000,8.19
1605600,7.57
1609200,6.99
1612800,5.8
1616400,4.29
1620000,2.76
1623600,1.77
1627200,1.59
1630800,1.68
1634400,1.87
1638000,1.96
1641600,1.94
1645200,1.86
1648800,1.73
1652400,1.63
1656000,1.51
1659600,1.48
1663200,1.5
1666800,1.86
1670400,3.13
1674000,3.28
1677600,3.56
1681200,3.9
1684800,4.33
1688400,4.79
1692000,5.06
1695600,4.84
1699200,2.74
1702800,1.43
1706400,1.3
1710000,1.54
1713600,1.92
1717200,2.24
1720800,2.47
1724400,2.62
1728000,2.59
1731600,2.34
1735200,2.12
1738800,1.98
1742400,1.81
1746000,1.62
1749600,1.48
1753200,1.46
1756800,2.77
1760400,3.48
1764000,4.84
1767600,5.62
1771200,6.14
1774800,6.4
1778400,6.3
1782000,5.67
1785600,3.08
1789200,1.62
1792800,1.13
1796400,1.1
1800000,1.19
1803600,1.32
1807200,1.53
1810800,1.76
1814400,2.32
1818000,2.05
1821600,1.8
1825200,1.71
1828800,1.71
1832400,1.78
1836000,1.89
1839600,2.14
1843200,3.81
1846800,4.82
1850400,6.02
1854000,6.42
1857600,6.73
1861200,6.94
1864800,6.93
1868400,6.38
1872000,3.87
1875600,2.48
1879200,2.43
1882800,2.64
1886400,2.83
1890000,2.95
1893600,3.05
1897200,3.04
1900800,2.95
1904400,2.75
1908000,2.55
1911600,2.41
1915200,2.31
1918800,2.36
1922400,2.6
1926000,3.68
1929600,4.73
1933200,5.45
1936800,6.89
1940400,7.72
1944000,8.15
1947600,8.2
1951200,8.01
1954800,7.18
1958400,5.28
1962000,4.71
1965600,5.16
1969200,5.38
1972800,4.99
1976400,4.47
1980000,4.15
1983600,4.24
1987200,3.96
1990800,3.81
1994400,3.7
1998000,3.42
2001600,2.94
2005200,2.52
2008800,2.29
2012400,2.38
2016000,3.38
2019600,2.93
2023200,3.74
2026800,4.81
2030400,5.63
2034000,6.06
2037600,5.86
2041200,4.25
2044800,2.19
2048400,1.92
2052000,1.9
2055600,2.0
2059200,2.15
2062800,2.29
2066400,2.4
2070000,2.5
2073600,2.52
2077200,2.43
2080800,2.34
2084400,2.25
2088000,2.14
2091600,2.12
2095200,2.2
2098800,2.37
2102400,3.4
2106000,2.84
2109600,3.06
2113200,3.87
2116800,4.62
2120400,4.85
2124000,4.15
2127600,1.92
2131200,1.7
2134800,1.79
2138400,1.96
2142000,2.33
2145600,2.7
2149200,2.82
2152800,2.93
2156400,3.05
2160000,2.99
2163600,2.93
2167200,3.02
2170800,2.8
2174400,2.48
2178000,2.2
2181600,2.2
2185200,2.36
2188800,3.19
2192400,4.77
2196000,5.13
2199600,4.86
2203200,4.98
2206800,5.44
2210400,5.87
2214000,6.06
2217600,5.19
2221200,4.21
2224800,3.41
2228400,2.66
2232000,2.56
2235600,2.48
2239200,2.5
2242800,2.59
2246400,2.69
2250000,2.83
2253600,2.9
2257200,2.79
2260800,2.16
2264400,1.76
2268000,1.45
2271600,1.75
2275200,2.82
2278800,3.06
2282400,2.74
2286000,2.27
2289600,1.9
2293200,1.6
2296800,1.39
2300400,1.32
2304000,1.02
2307600,0.76
2311200,0.8
2314800,0.88
2318400,0.95
2322000,1.02
2325600,1.01
2329200,0.97
2332800,0.87
2336400,0.7
2340000,0.64
2343600,0.82
2347200,0.95
2350800,0.99
2354400,0.87
2358000,0.24
2361600,0.68
2365200,0.85
2368800,1.27
2372400,1.5
2376000,1.57
2379600,1.56
2383200,1.56
2386800,1.36
2390400,0.95
2394000,1.04
2397600,0.92
2401200,0.85
2404800,0.88
2408400,1.1
2412000,1.34
2415600,1.62
2419200,2.06
2422800,1.73
2426400,1.61
2430000,1.63
2433600,1.69
2437200,1.79
2440800,1.95
2444400,2.41
2448000,4.54
2451600,6.25
2455200,6.89
2458800,7.04
2462400,7.03
2466000,7.03
2469600,7.17
2473200,7.04
2476800,5.78
2480400,4.77
2484000,4.53
2487600,4.51
2491200,4.6
2494800,4.3
2498400,3.42
2502000,2.94
2505600,3.21
2509200,3.77
2512800,4.18
2516400,4.63
2520000,5.11
2523600,5.53
2527200,5.54
2530800,5.33
2534400,5.69
2538000,6.92
2541600,7.39
2545200,7.51
2548800,7.47
2552400,7.52
2556000,7.45
2559600,6.47
2563200,4.31
2566800,3.71
2570400,3.79
2574000,3.88
2577600,3.89
2581200,3.8
2584800,3.88
2588400,3.88
2592000,3.78
2595600,3.61
2599200,3.36
2602800,3.11
2606400,2.8
2610000,2.59
2613600,2.41
2617200,2.23
2620800,3.1
2624400,2.89
2628000,3.54
2631600,4.42
2635200,4.64
2638800,4.75
2642400,4.56
2646000,2.82
2649600,2.03
2653200,2.18
2656800,2.42
2660400,2.52
2664000,2.46
2667600,2.4
2671200,2.39
2674800,2.36
2678400,2.26
2682000,2.08
2685600,1.89
2689200,1.76
2692800,1.63
2696400,1.57
2700000,1.56
2703600,1.53
2707200,2.31
2710800,2.96
2714400,4.14
2718000,4.83
2721600,5.42
2725200,5.88
2728800,6.1
2732400,5.57
2736000,3.95
2739600,3.1
2743200,2.9
2746800,3.13
2750400,3.4
2754000,3.59
2757600,3.54
2761200,3.7
2764800,4.45
2768400,4.58
2772000,4.69
2775600,4.97
2779200,4.69
2782800,4.5
2786400,4.76
2790000,4.83
2793600,4.7
2797200,5.14
2800800,6.12
2804400,6.39
2808000,6.81
2811600,6.97
2815200,6.66
2818800,5.61
2822400,2.75
2826000,1.67
2829600,1.48
2833200,1.67
2836800,2.05
2840400,2.66
2844000,3.49
2847600,3.61
2851200,3.6
2854800,3.65
2858400,3.71
2862000,3.78
2865600,3.32
2869200,3.29
2872800,3.75
2876400,4.55
2880000,5.43
2883600,7.76
2887200,8.73
2890800,8.68
2894400,8.39
2898000,8.02
2901600,7.41
2905200,6.08
2908800,2.7
2912400,1.33
2916000,1.05
2919600,0.83
2923200,0.89
2926800,1.06
2930400,1.23
2934000,1.35
2937600,1.45
2941200,1.54
2944800,1.6
2948400,1.65
2952000,1.69
2955600,1.74
2959200,1.77
2962800,1.76
2966400,2.25
2970000,2.62
2973600,2.42
2977200,2.9
2980800,2.9
2984400,2.75
2988000,2.29
2991600,0.97
2995200,1.02
2998800,1.15
3002400,1.23
3006000,1.29
3009600,1.34
3013200,1.34
3016800,1.35
3020400,1.37
3024000,2.12
3027600,2.14
3031200,2.33
3034800,2.64
3038400,2.92
3042000,3.28
3045600,3.49
3049200,4.7
3052800,6.91
3056400,8.3
3060000,8.55
3063600,8.63
3067200,8.62
3070800,8.46
3074400,8.02
3078000,7.11
3081600,4.42
3085200,2.15
3088800,1.7
3092400,1.58
3096000,1.6
3099600,1.58
3103200,1.57
3106800,1.6
3110400,1.58
3114000,1.48
3117600,1.39
3121200,1.35
3124800,1.48
3128400,2.32
3132000,3.52
3135600,4.53
3139200,4.93
3142800,4.78
3146400,5.66
3150000,6.75
3153600,6.72
3157200,6.43
3160800,6.03
3164400,5.22
3168000,3.11
3171600,2.43
3175200,2.28
3178800,2.46
3182400,3.66
3186000,5.99
3189600,7.24
3193200,7.21
3196800,6.7
3200400,5.59
3204000,4.38
3207600,4.2
3211200,5.1
3214800,5.97
3218400,5.84
3222000,5.67
3225600,6.7
3229200,7.44
3232800,7.81
3236400,8.06
3240000,8.45
3243600,8.73
3247200,8.7
3250800,8.31
3254400,6.58
3258000,4.46
3261600,3.08
3265200,2.17
3268800,1.8
3272400,1.64
3276000,1.7
3279600,1.8
3283200,1.7
3286800,1.54
3290400,1.4
3294000,1.24
3297600,1.1
3301200,0.99
3304800,0.88
3308400,1.16
3312000,1.68
3315600,2.86
3319200,3.97
3322800,4.71
3326400,5.13
3330000,5.34
3333600,5.29
3337200,4.7
3340800,2.38
3344400,2.28
3348000,2.47
3351600,2.35
3355200,2.14
3358800,1.99
3362400,1.89
3366000,1.86
3369600,1.92
3373200,1.97
3376800,1.96
3380400,1.94
3384000,1.85
3387600,1.83
3391200,1.87
3394800,2.23
3398400,3.07
3402000,4.19
3405600,4.72
3409200,5.29
3412800,6.02
3416400,6.47
3420000,6.54
3423600,6.08
3427200,4.63
3430800,3.36
3434400,2.7
3438000,2.33
3441600,2.14
3445200,2.04
3448800,2.02
3452400,1.74
3456000,1.6
3459600,1.5
3463200,1.42
3466800,1.4
3470400,1.42
3474000,1.58
3477600,1.83
3481200,3.09
3484800,4.5
3488400,5.33
3492000,5.71
3495600,6.09
3499200,6.39
3502800,6.69
3506400,6.86
3510000,6.46
3513600,4.13
3517200,1.94
3520800,1.67
3524400,1.77
3528000,1.9
3531600,2.06
3535200,2.22
3538800,2.23
3542400,2.29
3546000,2.39
3549600,2.41
3553200,2.35
3556800,1.92
3560400,1.39
3564000,1.07
3567600,1.7
3571200,1.49
3574800,1.53
3578400,2.08
3582000,2.55
3585600,2.95
3589200,3.44
3592800,3.92
3596400,4.18
3600000,3.2
3603600,3.42
3607200,3.73
3610800,3.05
3614400,2.49
3618000,2.31
3621600,2.72
3625200,3.27
3628800,2.06
3632400,1.73
3636000,1.61
3639600,1.63
3643200,1.69
3646800,1.79
3650400,1.95
3654000,2.41
3657600,4.54
3661200,6.25
3664800,6.89
3668400,7.04
3672000,7.03
3675600,7.03
3679200,7.17
3682800,7.04
3686400,5.78
3690000,4.77
3693600,4.53
3697200,4.51
3700800,4.6
3704400,4.3
3708000,3.42
3711600,2.94
3715200,3.21
3718800,3.77
3722400,4.18
3726000,4.63
3729600,5.11
3733200,5.53
3736800,5.54
3740400,5.33
3744000,5.69
3747600,6.92
3751200,7.39
3754800,7.51
3758400,7.47
3762000,7.52
3765600,7.45
3769200,6.47
3772800,4.31
3776400,3.71
3780000,3.79
3783600,3.88
3787200,3.89
3790800,3.8
3794400,3.88
3798000,3.88
3801600,3.78
3805200,3.61
3808800,3.36
3812400,3.11
3816000,2.8
3819600,2.59
3823200,2.41
3826800,2.23
3830400,3.1
3834000,2.89
3837600,3.54
3841200,4.42
3844800,4.64
3848400,4.75
3852000,4.56
3855600,2.82
3859200,2.03
3862800,2.18
3866400,2.42
3870000,2.52
3873600,2.46
3877200,2.4
3880800,2.39
3884400,2.36
3888000,2.26
3891600,2.08
3895200,1.89
3898800,1.76
3902400,1.63
3906000,1.57
3909600,1.56
3913200,1.53
3916800,2.31
3920400,2.96
3924000,4.14
3927600,4.83
3931200,5.42
3934800,5.88
3938400,6.1
3942000,5.57
3945600,3.95
3949200,3.1
3952800,2.9
3956400,3.13
3960000,3.4
3963600,3.59
3967200,3.54
3970800,3.7
3974400,4.45
3978000,4.58
3981600,4.69
3985200,4.97
3988800,4.69
3992400,4.5
3996000,4.76
3999600,4.83
4003200,4.7
4006800,5.14
4010400,6.12
4014000,6.39
4017600,6.81
4021200,6.97
4024800,6.66
4028400,5.61
4032000,2.75
4035600,1.67
4039200,1.48
4042800,1.67
4046400,2.05
4050000,2.66
4053600,3.49
4057200,3.61
4060800,3.6
4064400,3.65
4068000,3.71
4071600,3.78
4075200,3.32
4078800,3.29
4082400,3.75
4086000,4.55
4089600,5.43
4093200,7.76
4096800,8.73
4100400,8.68
4104000,8.39
4107600,8.02
4111200,7.41
4114800,6.08
4118400,2.7
4122000,1.33
4125600,1.05
4129200,0.83
4132800,0.89
4136400,1.06
4140000,1.23
4143600,1.35
4147200,1.45
4150800,1.54
4154400,1.6
4158000,1.65
4161600,1.69
4165200,1.74
4168800,1.77
4172400,1.76
4176000,2.25
4179600,2.62
4183200,2.42
4186800,2.9
4190400,2.9
4194000,2.75
4197600,2.29
4201200,0.97
4204800,1.02
4208400,1.15
4212000,1.23
4215600,1.29
4219200,1.34
4222800,1.34
4226400,1.35
4230000,1.37
4233600,3.9
4237200,3.92
4240800,3.89
4244400,3.82
4248000,3.34
4251600,2.97
4255200,2.78
4258800,2.68
4262400,3.77
4266000,3.88
4269600,4.79
4273200,5.31
4276800,5.43
4280400,5.35
4284000,4.89
4287600,2.75
4291200,1.66
4294800,1.58
4298400,1.58
4302000,1.61
4305600,1.62
4309200,1.6
4312800,1.62
4316400,1.61
4320000,1.5
4323600,1.28
4327200,1.09
4330800,0.9
4334400,0.73
4338000,0.67
4341600,0.59
4345200,0.56
4348800,0.47
4352400,0.37
4356000,0.46
4359600,1.5
4363200,2.47
4366800,3.13
4370400,1.9
4374000,1.68
4377600,1.82
4381200,2.09
4384800,2.53
4388400,2.73
4392000,3.0
4395600,3.14
4399200,3.03
4402800,2.81
4406400,2.52
4410000,2.23
4413600,1.96
4417200,1.78
4420800,1.66
4424400,1.57
4428000,1.56
4431600,1.49
4435200,1.4
4438800,2.57
4442400,1.59
4446000,0.77
4449600,0.44
4453200,0.63
4456800,0.66
4460400,0.82
4464000,1.13
4467600,1.1
4471200,1.03
4474800,1.02
4478400,0.99
4482000,0.97
4485600,0.99
4489200,1.12
4492800,1.38
4496400,1.57
4500000,1.81
4503600,2.11
4507200,2.1
4510800,1.87
4514400,1.68
4518000,1.57
4521600,1.93
4525200,2.63
4528800,1.75
4532400,0.96
4536000,0.67
4539600,0.79
4543200,0.92
4546800,0.65
4550400,0.84
4554000,0.84
4557600,0.83
4561200,0.84
4564800,0.83
4568400,0.8
4572000,0.8
4575600,0.72
4579200,0.49
4582800,0.13
4586400,0.32
4590000,0.62
4593600,1.03
4597200,1.37
4600800,1.48
4604400,1.48
4608000,1.92
4611600,3.09
4615200,2.84
4618800,2.6
4622400,2.49
4626000,2.4
4629600,1.98
4633200,1.13
4636800,1.39
4640400,1.6
4644000,1.61
4647600,1.48
4651200,1.38
4654800,1.32
4658400,1.21
4662000,1.06
4665600,1.0
4669200,1.08
4672800,1.1
4676400,1.1
4680000,1.14
4683600,1.17
4687200,1.08
4690800,0.86
4694400,1.69
4698000,1.89
4701600,1.6
4705200,1.25
4708800,0.97
4712400,0.96
4716000,1.16
4719600,0.77
4723200,0.99
4726800,0.93
4730400,0.74
4734000,0.5
4737600,0.43
4741200,0.39
4744800,0.11
4748400,0.36
4752000,0.71
4755600,0.96
4759200,1.07
4762800,1.09
4766400,1.06
4770000,1.06
4773600,1.02
4777200,1.14
4780800,1.28
4784400,2.76
4788000,1.65
4791600,0.99
4795200,1.17
4798800,0.4
4802400,0.63
4806000,0.86
4809600,1.7
4813200,2.85
4816800,4.69
4820400,5.59
4824000,5.84
4827600,6.82
4831200,7.89
4834800,8.78
4838400,1.38
4842000,1.38
4845600,1.41
4849200,1.46
4852800,1.47
4856400,1.47
4860000,1.46
4863600,1.39
4867200,1.49
4870800,1.48
4874400,0.89
4878000,1.07
4881600,1.03
4885200,1.05
4888800,1.24
4892400,1.14
4896000,1.03
4899600,1.2
4903200,1.25
4906800,1.23
4910400,1.17
4914000,1.09
4917600,0.96
4921200,0.8
4924800,0.54
4928400,0.25
4932000,0.41
4935600,0.66
4939200,0.89
4942800,1.06
4946400,1.16
4950000,1.15
4953600,1.59
4957200,2.13
4960800,2.12
4964400,1.77
4968000,1.38
4971600,0.76
4975200,0.13
4978800,0.43
4982400,0.72
4986000,0.59
4989600,0.65
4993200,1.13
4996800,1.72
5000400,3.13
5004000,4.17
5007600,4.05
5011200,3.71
5014800,3.18
5018400,2.81
5022000,2.28
5025600,2.19
5029200,2.23
5032800,2.28
5036400,2.51
5040000,3.97
5043600,5.81
5047200,6.73
5050800,6.6
5054400,6.41
5058000,6.16
5061600,5.77
5065200,4.97
5068800,2.48
5072400,1.56
5076000,1.35
5079600,1.3
5083200,1.32
5086800,1.33
5090400,1.38
5094000,1.43
5097600,1.44
5101200,1.43
5104800,1.38
5108400,1.33
5112000,1.27
5115600,1.24
5119200,1.24
5122800,1.18
5126400,1.35
5130000,1.35
5133600,1.67
5137200,2.4
5140800,3.09
5144400,3.72
5148000,4.39
5151600,4.83
5155200,3.98
5158800,3.33
5162400,2.77
5166000,2.2
5169600,1.7
5173200,1.67
5176800,1.97
5180400,2.08
5184000,1.93
5187600,1.77
5191200,1.68
5194800,1.63
5198400,1.51
5202000,1.39
5205600,1.37
5209200,1.37
5212800,2.09
5216400,2.64
5220000,3.0
5223600,3.18
5227200,3.23
5230800,3.2
5234400,3.15
5238000,2.28
5241600,1.32
5245200,1.39
5248800,1.39
5252400,1.39
5256000,1.42
5259600,1.5
5263200,1.61
5266800,1.73
5270400,1.8
5274000,1.8
5277600,1.79
5281200,1.77
5284800,1.67
5288400,1.56
5292000,1.48
5295600,1.39
5299200,1.96
5302800,1.98
5306400,2.26
5310000,2.72
5313600,2.99
5317200,3.32
5320800,3.72
5324400,3.35
5328000,2.02
5331600,1.82
5335200,1.55
5338800,1.36
5342400,1.34
5346000,1.33
5349600,1.38
5353200,1.43
5356800,1.43
5360400,1.39
5364000,1.32
5367600,1.22
5371200,1.03
5374800,0.84
5378400,0.8
5382000,0.81
5385600,0.8
5389200,0.99
5392800,1.39
5396400,1.76
5400000,1.93
5403600,1.96
5407200,1.85
5410800,1.13
5414400,1.04
5418000,1.2
5421600,1.29
5425200,1.35
5428800,1.38
5432400,1.36
5436000,1.29
5439600,1.18
5443200,3.47
5446800,3.03
5450400,2.55
5454000,2.14
5457600,1.92
5461200,1.65
5464800,1.52
5468400,2.91
5472000,2.74
5475600,2.05
5479200,1.48
5482800,1.12
5486400,0.8
5490000,0.59
5493600,0.65
5497200,1.0
5500800,0.99
5504400,1.44
5508000,1.49
5511600,1.48
5515200,1.46
5518800,1.42
5522400,1.37
5526000,1.28
5529600,1.16
5533200,0.94
5536800,0.66
5540400,0.64
5544000,0.96
5547600,1.09
5551200,1.2
5554800,2.67
5558400,2.72
5562000,2.75
5565600,2.87
5569200,2.82
5572800,2.61
5576400,2.37
5580000,2.18
5583600,1.97
5587200,1.16
5590800,1.66
5594400,1.74
5598000,1.79
5601600,1.79
5605200,1.73
5608800,1.5
5612400,1.16
5616000,0.66
5619600,0.89
5623200,1.06
5626800,1.2
5630400,1.15
5634000,0.94
5637600,0.83
5641200,1.22
5644800,0.73
5648400,0.9
5652000,1.3
5655600,2.0
5659200,2.76
5662800,3.08
5666400,3.24
5670000,2.69
5673600,1.33
5677200,1.63
5680800,1.68
5684400,1.71
5688000,1.72
5691600,1.7
5695200,1.63
5698800,1.48
5702400,1.33
5706000,1.24
5709600,1.21
5713200,1.17
5716800,1.11
5720400,1.16
5724000,1.22
5727600,1.94
5731200,2.71
5734800,4.97
5738400,6.04
5742000,6.59
5745600,6.99
5749200,7.18
5752800,7.0
5756400,6.46
5760000,4.28
5763600,2.62
5767200,3.1
5770800,3.58
5774400,3.32
5778000,2.99
5781600,2.89
5785200,2.72
5788800,2.46
5792400,2.32
5796000,2.27
5799600,2.3
5803200,2.27
5806800,2.13
5810400,2.05
5814000,3.47
5817600,3.03
5821200,2.31
5824800,2.67
5828400,3.26
5832000,3.73
5835600,4.22
5839200,4.73
5842800,4.97
5846400,3.52
5850000,2.04
5853600,1.83
5857200,1.82
5860800,2.17
5864400,2.65
5868000,2.82
5871600,2.57
5875200,2.24
5878800,1.96
5882400,1.72
5886000,1.57
5889600,1.4
5893200,1.28
5896800,1.08
5900400,0.73
5904000,0.93
5907600,1.61
5911200,2.14
5914800,2.54
5918400,2.84
5922000,3.01
5925600,3.15
5929200,3.19
5932800,1.57
5936400,1.64
5940000,1.68
5943600,1.65
5947200,1.59
5950800,1.61
5954400,1.68
5958000,1.71
5961600,1.75
5965200,1.8
5968800,1.84
5972400,1.81
5976000,1.78
5979600,1.75
5983200,1.71
5986800,2.72
5990400,2.69
5994000,3.71
5997600,3.79
6001200,4.22
6004800,4.75
6008400,5.12
6012000,5.34
6015600,5.0
6019200,2.35
6022800,1.95
6026400,1.94
6030000,1.96
6033600,2.03
6037200,2.17
6040800,2.52
6044400,3.07
6048000,3.41
6051600,3.37
6055200,3.15
6058800,2.91
6062400,2.65
6066000,2.5
6069600,2.56
6073200,3.9
6076800,3.74
6080400,4.92
6084000,5.02
6087600,5.08
6091200,5.21
6094800,5.18
6098400,4.95
6102000,4.42
6105600,2.01
6109200,1.8
6112800,1.81
6116400,1.74
6120000,1.66
6123600,1.64
6127200,1.69
6130800,1.74
6134400,1.75
6138000,1.74
6141600,1.71
6145200,1.65
6148800,1.48
6152400,1.19
6156000,0.84
6159600,0.44
6163200,0.11
6166800,1.23
6170400,1.91
6174000,2.26
6177600,2.39
6181200,2.41
6184800,2.42
6188400,2.15
6192000,1.29
6195600,1.78
6199200,1.89
6202800,1.92
6206400,1.95
6210000,2.0
6213600,2.06
6217200,2.1
6220800,2.06
6224400,2.01
6228000,2.01
6231600,2.05
6235200,2.0
6238800,1.88
6242400,1.73
6246000,2.48
6249600,2.89
6253200,4.23
6256800,5.78
6260400,6.66
6264000,7.17
6267600,7.23
6271200,6.99
6274800,6.35
6278400,3.54
6282000,2.2
6285600,2.13
6289200,2.18
6292800,2.32
6296400,2.52
6300000,2.82
6303600,3.03
6307200,3.06
6310800,3.03
6314400,3.0
6318000,3.05
6321600,2.97
6325200,2.78
6328800,2.69
6332400,3.61
6336000,3.48
6339600,5.13
6343200,6.26
6346800,6.74
6350400,7.01
6354000,6.98
6357600,6.55
6361200,5.74
6364800,2.78
6368400,1.94
6372000,1.99
6375600,2.08
6379200,2.23
6382800,2.45
6386400,2.64
6390000,2.61
6393600,2.49
6397200,2.48
6400800,2.52
6404400,2.52
6408000,2.47
6411600,2.41
6415200,2.43
6418800,3.49
6422400,3.77
6426000,5.18
6429600,6.67
6433200,7.85
6436800,8.72
6440400,8.68
6444000,8.12
6447600,7.37
6451200,5.05
6454800,2.44
6458400,2.28
6462000,2.22
6465600,1.99
6469200,1.74
6472800,1.61
6476400,1.33
6480000,0.76
6483600,0.13
6487200,0.86
6490800,1.39
6494400,1.7
6498000,2.1
6501600,2.76
6505200,4.55
6508800,5.31
6512400,7.21
6516000,8.04
6519600,8.18
6523200,7.55
6526800,6.69
6530400,6.28
6534000,6.06
6537600,4.09
6541200,2.64
6544800,3.02
6548400,3.77
6552000,4.45
6555600,4.96
6559200,5.1
6562800,5.05
6566400,4.82
6570000,4.59
6573600,4.42
6577200,4.13
6580800,3.81
6584400,3.53
6588000,3.53
6591600,4.96
6595200,4.83
6598800,6.19
6602400,7.7
6606000,8.18
6609600,8.14
6613200,8.02
6616800,7.68
6620400,6.95
6624000,4.24
6627600,3.09
6631200,3.05
6634800,3.07
6638400,3.02
6642000,3.03
6645600,3.21
6649200,3.52
6652800,2.9
6656400,2.09
6660000,1.67
6663600,1.52
6667200,1.37
6670800,1.23
6674400,1.86
6678000,1.01
6681600,2.04
6685200,3.12
6688800,4.06
6692400,5.01
6696000,5.86
6699600,6.41
6703200,6.45
6706800,5.99
6710400,5.36
6714000,3.95
6717600,2.2
6721200,2.26
6724800,2.68
6728400,3.8
6732000,5.29
6735600,5.08
6739200,4.3
6742800,4.02
6746400,3.87
6750000,3.67
6753600,4.01
6757200,4.78
6760800,5.56
6764400,4.94
6768000,5.88
6771600,5.79
6775200,5.79
6778800,6.04
6782400,6.33
6786000,6.26
6789600,6.37
6793200,6.14
6796800,5.51
6800400,3.82
6804000,1.8
6807600,1.2
6811200,0.59
6814800,0.42
6818400,1.14
6822000,1.52
6825600,1.76
6829200,2.01
6832800,2.18
6836400,2.18
6840000,2.02
6843600,1.75
6847200,2.26
6850800,1.52
6854400,2.18
6858000,4.17
6861600,5.58
6865200,6.65
6868800,7.58
6872400,8.36
6876000,8.66
6879600,8.43
6883200,7.68
6886800,5.6
6890400,3.6
6894000,3.61
6897600,4.17
6901200,5.05
6904800,6.4
6908400,6.03
6912000,4.15
6915600,2.89
6919200,2.41
6922800,2.01
6926400,1.85
6930000,2.11
6933600,3.54
6937200,5.1
6940800,7.07
6944400,7.67
6948000,7.82
6951600,7.82
6955200,7.75
6958800,7.59
6962400,7.29
6966000,6.66
6969600,5.72
6973200,3.41
6976800,1.99
6980400,2.1
6984000,2.19
6987600,2.44
6991200,2.7
6994800,2.73
6998400,2.22
7002000,1.69
7005600,1.39
7009200,1.25
7012800,1.11
7016400,0.94
7020000,1.2
7023600,1.42
7027200,2.67
7030800,4.17
7034400,4.13
7038000,4.02
7041600,4.04
7045200,4.11
7048800,4.28
7052400,4.46
7056000,3.97
7059600,1.86
7063200,1.56
7066800,1.71
7070400,1.89
7074000,2.0
7077600,2.02
7081200,1.97
7084800,1.75
7088400,1.32
7092000,1.12
7095600,0.35
7099200,1.02
7102800,1.31
7106400,2.69
7110000,4.35
7113600,6.07
7117200,6.84
7120800,7.71
7124400,9.14
7128000,10.46
7131600,10.76
7135200,10.95
7138800,11.23
7142400,10.42
7146000,8.91
7149600,7.57
7153200,5.82
7156800,4.34
7160400,3.61
7164000,3.14
7167600,2.56
7171200,1.9
7174800,1.72
7178400,1.76
7182000,1.86
7185600,1.95
7189200,2.28
7192800,3.81
7196400,3.14
7200000,2.77
7203600,2.66
7207200,2.14
7210800,1.34
7214400,0.65
7218000,0.9
7221600,1.37
7225200,1.58
7228800,1.68
7232400,1.39
7236000,0.72
7239600,0.82
7243200,0.86
7246800,0.86
7250400,0.8
7254000,0.94
7257600,3.41
7261200,3.37
7264800,3.15
7268400,2.91
7272000,2.65
7275600,2.5
7279200,2.56
7282800,3.9
7286400,3.74
7290000,4.92
7293600,5.02
7297200,5.08
7300800,5.21
7304400,5.18
7308000,4.95
7311600,4.42
7315200,2.01
7318800,1.8
7322400,1.81
7326000,1.74
7329600,1.66
7333200,1.64
7336800,1.69
7340400,1.74
7344000,1.75
7347600,1.74
7351200,1.71
7354800,1.65
7358400,1.48
7362000,1.19
7365600,0.84
7369200,0.44
7372800,0.11
7376400,1.23
7380000,1.91
7383600,2.26
7387200,2.39
7390800,2.41
7394400,2.42
7398000,2.15
7401600,1.29
7405200,1.78
7408800,1.89
7412400,1.92
7416000,1.95
7419600,2.0
7423200,2.06
7426800,2.1
7430400,2.06
7434000,2.01
7437600,2.01
7441200,2.05
7444800,2.0
7448400,1.88
7452000,1.73
7455600,2.48
7459200,2.89
7462800,4.23
7466400,5.78
7470000,6.66
7473600,7.17
7477200,7.23
7480800,6.99
7484400,6.35
7488000,3.54
7491600,2.2
7495200,2.13
7498800,2.18
7502400,2.32
7506000,2.52
7509600,2.82
7513200,3.03
7516800,3.06
7520400,3.03
7524000,3.0
7527600,3.05
7531200,2.97
7534800,2.78
7538400,2.69
7542000,3.61
7545600,3.48
7549200,5.13
7552800,6.26
7556400,6.74
7560000,7.01
7563600,6.98
7567200,6.55
7570800,5.74
7574400,2.78
7578000,1.94
7581600,1.99
7585200,2.08
7588800,2.23
7592400,2.45
7596000,2.64
7599600,2.61
7603200,2.49
7606800,2.48
7610400,2.52
7614000,2.52
7617600,2.47
7621200,2.41
7624800,2.43
7628400,3.49
7632000,3.77
7635600,5.18
7639200,6.67
7642800,7.85
7646400,8.72
7650000,8.68
7653600,8.12
7657200,7.37
7660800,5.05
7664400,2.44
7668000,2.28
7671600,2.22
7675200,1.99
7678800,1.74
7682400,1.61
7686000,1.33
7689600,0.76
7693200,0.13
7696800,0.86
7700400,1.39
7704000,1.7
7707600,2.1
7711200,2.76
7714800,4.55
7718400,5.31
7722000,7.21
7725600,8.04
7729200,8.18
7732800,7.55
7736400,6.69
7740000,6.28
7743600,6.06
7747200,4.09
7750800,2.64
7754400,3.02
7758000,3.77
7761600,4.45
7765200,4.96
7768800,5.1
7772400,5.05
7776000,4.82
7779600,4.59
7783200,4.42
7786800,4.13
7790400,3.81
7794000,3.53
7797600,3.53
7801200,4.96
7804800,4.83
7808400,6.19
7812000,7.7
7815600,8.18
7819200,8.14
7822800,8.02
7826400,7.68
7830000,6.95
7833600,4.24
7837200,3.09
7840800,3.05
7844400,3.07
7848000,3.02
7851600,3.03
7855200,3.21
7858800,3.52
7862400,3.94
7866000,5.06
7869600,6.22
7873200,5.7
7876800,4.78
7880400,4.06
7884000,4.25
7887600,6.38
7891200,7.64
7894800,7.09
7898400,6.69
7902000,6.54
7905600,6.37
7909200,6.15
7912800,6.08
7916400,6.01
7920000,5.49
7923600,3.51
7927200,2.91
7930800,2.55
7934400,1.98
7938000,1.43
7941600,1.27
7945200,1.2
7948800,1.15
7952400,0.81
7956000,0.62
7959600,1.21
7963200,1.42
7966800,1.52
7970400,1.84
7974000,4.84
7977600,7.6
7981200,9.35
7984800,10.27
7988400,10.01
7992000,9.53
7995600,9.21
7999200,8.66
8002800,8.19
8006400,7.63
8010000,5.4
8013600,3.26
8017200,2.38
8020800,1.7
8024400,1.3
8028000,0.79
8031600,0.66
8035200,1.03
8038800,1.19
8042400,1.59
8046000,2.03
8049600,2.09
8053200,1.93
8056800,2.49
8060400,4.38
8064000,5.42
8067600,5.34
8071200,5.45
8074800,5.85
8078400,6.33
8082000,6.65
8085600,6.6
8089200,6.16
8092800,4.02
8096400,2.63
8100000,2.87
8103600,3.1
8107200,3.23
8110800,3.37
8114400,3.33
8118000,3.04
8121600,2.7
8125200,2.38
8128800,2.11
8132400,1.95
8136000,1.73
8139600,1.5
8143200,1.51
8146800,1.93
8150400,1.35
8154000,2.23
8157600,3.26
8161200,4.36
8164800,5.32
8168400,5.88
8172000,6.19
8175600,5.98
8179200,3.5
8182800,1.89
8186400,1.91
8190000,2.07
8193600,2.29
8197200,3.0
8200800,4.24
8204400,4.6
8208000,4.84
8211600,5.73
8215200,6.52
8218800,6.72
8222400,5.92
8226000,5.49
8229600,6.13
8233200,8.31
8236800,8.82
8240400,8.47
8244000,8.04
8247600,7.71
8251200,7.5
8254800,7.38
8258400,7.19
8262000,7.03
8265600,6.31
8269200,3.22
8272800,1.85
8276400,1.96
8280000,2.02
8283600,1.8
8287200,1.44
8290800,1.15
8294400,0.88
8298000,0.58
8301600,0.53
8305200,0.6
8308800,0.66
8312400,0.74
8316000,1.2
8319600,2.14
8323200,2.44
8326800,2.61
8330400,2.74
8334000,2.99
8337600,3.28
8341200,3.47
8344800,3.4
8348400,3.08
8352000,1.77
8355600,0.76
8359200,1.31
8362800,1.55
8366400,1.66
8370000,1.73
8373600,1.58
8377200,1.41
8380800,1.3
8384400,1.23
8388000,1.18
8391600,1.16
8395200,1.21
8398800,1.25
8402400,2.05
8406000,2.7
8409600,2.4
8413200,1.65
8416800,0.82
8420400,1.09
8424000,1.81
8427600,2.36
8431200,2.74
8434800,3.39
8438400,4.45
8442000,6.41
8445600,7.29
8449200,6.29
8452800,6.16
8456400,6.29
8460000,5.94
8463600,5.24
8467200,4.64
8470800,3.85
8474400,3.18
8478000,3.14
8481600,3.13
8485200,3.48
8488800,4.54
8492400,5.75
8496000,5.61
8499600,5.17
8503200,4.6
8506800,3.96
8510400,3.48
8514000,3.49
8517600,3.82
8521200,4.24
8524800,4.45
8528400,2.84
8532000,3.14
8535600,3.53
8539200,3.11
8542800,2.59
8546400,2.17
8550000,1.91
8553600,1.8
8557200,1.82
8560800,1.78
8564400,1.53
8568000,1.36
8571600,1.29
8575200,2.05
8578800,2.24
8582400,2.53
8586000,2.47
8589600,1.87
8593200,1.47
8596800,1.35
8600400,1.36
8604000,1.12
8607600,0.73
8611200,0.15
8614800,0.6
8618400,1.07
8622000,1.3
8625600,1.39
8629200,1.41
8632800,1.4
8636400,1.32
8640000,1.25
8643600,1.25
8647200,1.3
8650800,1.36
8654400,1.42
8658000,1.42
8661600,1.33
8665200,2.6
8668800,2.58
8672400,2.48
8676000,1.97
8679600,1.45
8683200,1.12
8686800,1.22
8690400,1.5
8694000,1.65
8697600,1.25
8701200,0.52
8704800,0.75
8708400,1.35
8712000,1.58
8715600,1.62
8719200,1.56
8722800,1.38
8726400,1.24
8730000,1.23
8733600,1.28
8737200,1.33
8740800,1.41
8744400,1.37
8748000,1.07
8751600,1.77
8755200,1.57
8758800,1.65
8762400,1.42
8766000,1.54
8769600,1.73
8773200,1.95
8776800,2.43
8780400,2.99
8784000,1.93
8787600,1.2
8791200,1.37
8794800,1.47
8798400,1.71
8802000,2.48
8805600,3.09
8809200,2.86
8812800,2.88
8816400,3.08
8820000,3.29
8823600,3.03
8827200,2.73
8830800,2.33
8834400,2.76
8838000,3.91
8841600,5.47
8845200,6.78
8848800,7.58
8852400,8.58
8856000,9.77
8859600,10.54
8863200,10.81
8866800,10.5
8870400,9.09
8874000,6.2
8877600,3.57
8881200,2.56
8884800,2.2
8888400,2.31
8892000,2.28
8895600,1.85
8899200,1.59
8902800,1.38
8906400,1.23
8910000,1.12
8913600,1.01
8917200,0.93
8920800,1.21
8924400,1.6
8928000,0.58
8931600,0.52
8935200,1.5
8938800,2.41
8942400,3.44
8946000,4.33
8949600,5.02
8953200,5.5
8956800,5.23
8960400,2.82
8964000,2.2
8967600,1.95
8971200,1.8
8974800,1.74
8978400,1.81
8982000,2.35
8985600,3.49
8989200,4.57
8992800,4.79
8996400,4.96
9000000,5.32
9003600,5.28
9007200,6.12
9010800,7.07
9014400,6.64
9018000,6.13
9021600,5.56
9025200,4.94
9028800,4.47
9032400,4.1
9036000,4.03
9039600,4.18
9043200,4.5
9046800,4.05
9050400,5.11
9054000,5.51
9057600,5.28
9061200,5.11
9064800,5.08
9068400,5.03
9072000,2.07
9075600,2.47
9079200,2.51
9082800,2.36
9086400,2.1
9090000,1.86
9093600,1.72
9097200,1.55
9100800,2.28
9104400,1.81
9108000,2.18
9111600,2.47
9115200,2.58
9118800,2.66
9122400,2.73
9126000,2.24
9129600,1.4
9133200,1.44
9136800,1.52
9140400,1.55
9144000,1.48
9147600,1.39
9151200,1.33
9154800,1.27
9158400,1.17
9162000,1.0
9165600,0.77
9169200,0.64
9172800,0.61
9176400,0.48
9180000,0.29
9183600,0.17
9187200,0.41
9190800,1.02
9194400,2.14
9198000,2.85
9201600,2.9
9205200,2.77
9208800,2.55
9212400,1.54
9216000,1.17
9219600,1.22
9223200,1.05
9226800,0.72
9230400,0.41
9234000,0.43
9237600,0.57
9241200,0.75
9244800,1.1
9248400,1.29
9252000,1.35
9255600,1.55
9259200,1.69
9262800,1.75
9266400,1.82
9270000,1.79
9273600,2.4
9277200,2.41
9280800,2.01
9284400,2.38
9288000,2.97
9291600,3.38
9295200,3.62
9298800,2.39
9302400,1.91
9306000,1.82
9309600,1.57
9313200,1.32
9316800,1.16
9320400,0.9
9324000,0.78
9327600,0.82
9331200,0.9
9334800,0.96
9338400,0.95
9342000,0.94
9345600,0.93
9349200,0.83
9352800,0.68
9356400,0.4
9360000,0.05
9363600,1.7
9367200,2.9
9370800,3.5
9374400,3.82
9378000,4.01
9381600,3.94
9385200,2.53
9388800,1.63
9392400,1.79
9396000,1.86
9399600,1.82
9403200,1.71
9406800,1.6
9410400,1.63
9414000,1.69
9417600,1.77
9421200,1.93
9424800,2.15
9428400,2.35
9432000,2.38
9435600,2.29
9439200,2.25
9442800,3.09
9446400,3.96
9450000,3.15
9453600,2.35
9457200,1.79
9460800,1.76
9464400,2.12
9468000,2.61
9471600,2.76
9475200,2.15
9478800,2.81
9482400,3.44
9486000,3.34
9489600,3.01
9493200,2.82
9496800,2.88
9500400,2.92
9504000,2.58
9507600,2.5
9511200,2.47
9514800,2.47
9518400,2.29
9522000,2.24
9525600,2.35
9529200,2.82
9532800,2.83
9536400,2.8
9540000,2.97
9543600,2.81
9547200,2.71
9550800,2.49
9554400,1.93
9558000,1.18
9561600,1.34
9565200,1.53
9568800,1.79
9572400,2.24
9576000,2.41
9579600,2.33
9583200,2.18
9586800,1.77
9590400,1.08
9594000,1.22
9597600,1.51
9601200,1.59
9604800,1.5
9608400,1.27
9612000,1.11
9615600,1.11
9619200,2.12
9622800,3.07
9626400,3.64
9630000,3.83
9633600,3.74
9637200,3.49
9640800,3.17
9644400,2.31
9648000,1.12
9651600,1.08
9655200,0.8
9658800,0.55
9662400,0.86
9666000,1.19
9669600,1.33
9673200,1.35
9676800,1.28
9680400,1.21
9684000,1.11
9687600,1.0
9691200,0.91
9694800,0.97
9698400,1.07
9702000,1.88
9705600,2.15
9709200,2.25
9712800,2.14
9716400,1.98
9720000,1.83
9723600,1.66
9727200,1.27
9730800,0.74
9734400,0.93
9738000,1.33
9741600,1.46
9745200,1.41
9748800,1.35
9752400,1.32
9756000,1.3
9759600,1.29
9763200,1.25
9766800,1.2
9770400,1.16
9774000,1.17
9777600,1.38
9781200,2.18
9784800,2.69
9788400,3.31
9792000,3.35
9795600,3.27
9799200,3.36
9802800,3.59
9806400,3.7
9810000,3.83
9813600,3.97
9817200,2.96
9820800,1.84
9824400,2.09
9828000,2.77
9831600,4.32
9835200,5.74
9838800,6.65
9842400,6.93
9846000,6.98
9849600,7.26
9853200,7.4
9856800,7.38
9860400,7.63
9864000,7.8
9867600,7.9
9871200,7.82
9874800,7.85
9878400,8.16
9882000,8.5
9885600,8.77
9889200,8.92
9892800,8.7
9896400,8.53
9900000,8.28
9903600,7.88
9907200,6.57
9910800,4.79
9914400,4.27
9918000,3.97
9921600,3.7
9925200,3.44
9928800,3.45
9932400,3.43
9936000,3.32
9939600,3.22
9943200,3.01
9946800,2.73
9950400,2.41
9954000,2.26
9957600,2.19
9961200,3.2
9964800,3.39
9968400,3.15
9972000,2.52
9975600,1.8
9979200,1.24
9982800,1.0
9986400,0.83
9990000,0.63
9993600,0.31
9997200,0.4
10000800,0.51
10004400,0.64
10008000,0.72
10011600,0.7
10015200,0.71
10018800,0.67
10022400,0.57
10026000,0.58
10029600,0.64
10033200,0.7
10036800,0.7
10040400,0.69
10044000,0.7
10047600,0.71
10051200,1.53
10054800,1.98
10058400,2.12
10062000,2.18
10065600,2.09
10069200,1.86
10072800,1.59
10076400,1.33
10080000,0.76
10083600,0.69
10087200,0.8
10090800,0.93
10094400,1.02
10098000,1.12
10101600,1.19
10105200,1.25
10108800,1.33
10112400,1.37
10116000,1.38
10119600,1.34
10123200,1.27
10126800,1.14
10130400,0.99
10134000,0.75
10137600,1.04
10141200,1.82
10144800,2.71
10148400,3.4
10152000,3.91
10155600,4.24
10159200,4.45
10162800,4.14
10166400,2.13
10170000,1.78
10173600,1.64
10177200,1.46
10180800,1.29
10184400,1.17
10188000,1.13
10191600,1.15
10195200,1.15
10198800,1.1
10202400,0.97
10206000,0.85
10209600,0.84
10213200,0.78
10216800,0.69
10220400,0.63
10224000,1.14
10227600,2.14
10231200,3.09
10234800,3.81
10238400,4.31
10242000,4.73
10245600,4.98
10249200,3.95
10252800,1.72
10256400,1.52
10260000,1.4
10263600,1.28
10267200,1.1
10270800,0.87
10274400,0.66
10278000,0.55
10281600,1.63
10285200,1.53
10288800,1.42
10292400,1.32
10296000,1.27
10299600,1.27
10303200,1.35
10306800,2.83
10310400,3.99
10314000,4.71
10317600,5.17
10321200,5.53
10324800,5.8
10328400,6.03
10332000,6.12
10335600,5.8
10339200,4.17
10342800,2.03
10346400,1.96
10350000,1.99
10353600,1.87
10357200,1.62
10360800,1.46
10364400,1.36
10368000,1.01
10371600,0.28
10375200,0.54
10378800,0.8
10382400,0.78
10386000,1.05
10389600,1.32
10393200,3.41
10396800,3.93
10400400,4.45
10404000,4.61
10407600,4.18
10411200,3.61
10414800,3.51
10418400,3.97
10422000,4.28
10425600,3.13
10429200,1.66
10432800,1.75
10436400,1.83
10440000,2.03
10443600,3.78
10447200,6.83
10450800,6.78
10454400,7.42
10458000,7.32
10461600,6.32
10465200,6.07
10468800,5.55
10472400,4.37
10476000,3.72
10479600,4.04
10483200,4.37
10486800,4.58
10490400,5.25
10494000,6.11
10497600,6.5
10501200,6.82
10504800,6.93
10508400,6.55
10512000,6.27
10515600,5.55
10519200,4.0
10522800,3.13
10526400,3.12
10530000,3.58
10533600,4.74
10537200,5.68
10540800,6.68
10544400,7.17
10548000,6.66
10551600,6.46
10555200,5.9
10558800,5.25
10562400,6.02
10566000,6.95
10569600,7.51
10573200,7.63
10576800,7.75
10580400,7.94
10584000,8.24
10587600,8.46
10591200,8.64
10594800,8.6
10598400,8.31
10602000,7.59
10605600,6.57
10609200,6.26
10612800,5.84
10616400,5.39
10620000,5.42
10623600,5.85
10627200,5.75
10630800,5.18
10634400,4.8
10638000,4.4
10641600,4.13
10645200,3.98
10648800,5.0
10652400,5.89
10656000,6.25
10659600,6.09
10663200,6.19
10666800,6.8
10670400,7.45
10674000,7.63
10677600,7.59
10681200,7.42
10684800,7.02
10688400,5.44
10692000,4.12
10695600,4.33
10699200,3.8
10702800,3.71
10706400,3.18
10710000,2.68
10713600,2.7
10717200,2.66
10720800,2.95
10724400,3.09
10728000,2.94
10731600,2.73
10735200,3.4
10738800,2.82
10742400,2.55
10746000,2.74
10749600,3.04
10753200,3.42
10756800,3.81
10760400,4.39
10764000,4.99
10767600,5.53
10771200,5.61
10774800,5.32
10778400,4.47
10782000,4.22
10785600,4.16
10789200,3.69
10792800,3.37
10796400,3.13
10800000,2.92
10803600,2.83
10807200,2.91
10810800,3.16
10814400,3.23
10818000,3.27
10821600,4.29
10825200,4.15
10828800,4.27
10832400,3.45
10836000,2.73
10839600,2.35
10843200,2.32
10846800,2.56
10850400,2.92
10854000,3.36
10857600,3.69
10861200,3.74
10864800,3.68
10868400,4.38
10872000,4.09
10875600,3.1
10879200,2.07
10882800,1.52
10886400,1.63
10890000,1.53
10893600,1.42
10897200,1.32
10900800,1.27
10904400,1.27
10908000,1.35
10911600,2.83
10915200,3.99
10918800,4.71
10922400,5.17
10926000,5.53
10929600,5.8
10933200,6.03
10936800,6.12
10940400,5.8
10944000,4.17
10947600,2.03
10951200,1.96
10954800,1.99
10958400,1.87
10962000,1.62
10965600,1.46
10969200,1.36
10972800,1.01
10976400,0.28
10980000,0.54
10983600,0.8
10987200,0.78
10990800,1.05
10994400,1.32
10998000,3.41
11001600,3.93
11005200,4.45
11008800,4.61
11012400,4.18
11016000,3.61
11019600,3.51
11023200,3.97
11026800,4.28
11030400,3.13
11034000,1.66
11037600,1.75
11041200,1.83
11044800,2.03
11048400,3.78
11052000,6.83
11055600,6.78
11059200,7.42
11062800,7.32
11066400,6.32
11070000,6.07
11073600,5.55
11077200,4.37
11080800,3.72
11084400,4.04
11088000,4.37
11091600,4.58
11095200,5.25
11098800,6.11
11102400,6.5
11106000,6.82
11109600,6.93
11113200,6.55
11116800,6.27
11120400,5.55
11124000,4.0
11127600,3.13
11131200,3.12
11134800,3.58
11138400,4.74
11142000,5.68
11145600,6.68
11149200,7.17
11152800,6.66
11156400,6.46
11160000,5.9
11163600,5.25
11167200,6.02
11170800,6.95
11174400,7.51
11178000,7.63
11181600,7.75
11185200,7.94
11188800,8.24
11192400,8.46
11196000,8.64
11199600,8.6
11203200,8.31
11206800,7.59
11210400,6.57
11214000,6.26
11217600,5.84
11221200,5.39
11224800,5.42
11228400,5.85
11232000,5.75
11235600,5.18
11239200,4.8
11242800,4.4
11246400,4.13
11250000,3.98
11253600,5.0
11257200,5.89
11260800,6.25
11264400,6.09
11268000,6.19
11271600,6.8
11275200,7.45
11278800,7.63
11282400,7.59
11286000,7.42
11289600,7.02
11293200,5.44
11296800,4.12
11300400,4.33
11304000,3.8
11307600,3.71
11311200,3.18
11314800,2.68
11318400,2.7
11322000,2.66
11325600,2.95
11329200,3.09
11332800,2.94
11336400,2.73
11340000,3.4
11343600,2.82
11347200,2.55
11350800,2.74
11354400,3.04
11358000,3.42
11361600,3.81
11365200,4.39
11368800,4.99
11372400,5.53
11376000,5.61
11379600,5.32
11383200,4.47
11386800,4.22
11390400,4.16
11394000,3.69
11397600,3.37
11401200,3.13
11404800,2.92
11408400,2.83
11412000,2.91
11415600,3.16
11419200,3.23
11422800,3.27
11426400,4.29
11430000,4.15
11433600,4.27
11437200,3.45
11440800,2.73
11444400,2.35
11448000,2.32
11451600,2.56
11455200,2.92
11458800,3.36
11462400,3.69
11466000,3.74
11469600,3.68
11473200,4.38
11476800,4.09
11480400,3.1
11484000,2.07
11487600,1.52
11491200,2.9
11494800,2.09
11498400,1.67
11502000,1.52
11505600,1.37
11509200,1.23
11512800,1.86
11516400,1.01
11520000,2.04
11523600,3.12
11527200,4.06
11530800,5.01
11534400,5.86
11538000,6.41
11541600,6.45
11545200,5.99
11548800,5.36
11552400,3.95
11556000,2.2
11559600,2.26
11563200,2.68
11566800,3.8
11570400,5.29
11574000,5.08
11577600,4.3
11581200,4.02
11584800,3.87
11588400,3.67
11592000,4.01
11595600,4.78
11599200,5.56
11602800,4.94
11606400,5.88
11610000,5.79
11613600,5.79
11617200,6.04
11620800,6.33
11624400,6.26
11628000,6.37
11631600,6.14
11635200,5.51
11638800,3.82
11642400,1.8
11646000,1.2
11649600,0.59
11653200,0.42
11656800,1.14
11660400,1.52
11664000,1.76
11667600,2.01
11671200,2.18
11674800,2.18
11678400,2.02
11682000,1.75
11685600,2.26
11689200,1.52
11692800,2.18
11696400,4.17
11700000,5.58
11703600,6.65
11707200,7.58
11710800,8.36
11714400,8.66
11718000,8.43
11721600,7.68
11725200,5.6
11728800,3.6
11732400,3.61
11736000,4.17
11739600,5.05
11743200,6.4
11746800,6.03
11750400,4.15
11754000,2.89
11757600,2.41
11761200,2.01
11764800,1.85
11768400,2.11
11772000,3.54
11775600,5.1
11779200,7.07
11782800,7.67
11786400,7.82
11790000,7.82
11793600,7.75
11797200,7.59
11800800,7.29
11804400,6.66
11808000,5.72
11811600,3.41
11815200,1.99
11818800,2.1
11822400,2.19
11826000,2.44
11829600,2.7
11833200,2.73
11836800,2.22
11840400,1.69
11844000,1.39
11847600,1.25
11851200,1.11
11854800,0.94
11858400,1.2
11862000,1.42
11865600,2.67
11869200,4.17
11872800,4.13
11876400,4.02
11880000,4.04
11883600,4.11
11887200,4.28
11890800,4.46
11894400,3.97
11898000,1.86
11901600,1.56
11905200,1.71
11908800,1.89
11912400,2.0
11916000,2.02
11919600,1.97
11923200,1.75
11926800,1.32
11930400,1.12
11934000,0.35
11937600,1.02
11941200,1.31
11944800,2.69
11948400,4.35
11952000,6.07
11955600,6.84
11959200,7.71
11962800,9.14
11966400,10.46
11970000,10.76
11973600,10.95
11977200,11.23
11980800,10.42
11984400,8.91
11988000,7.57
11991600,5.82
11995200,4.34
11998800,3.61
12002400,3.14
12006000,2.56
12009600,1.9
12013200,1.72
12016800,1.76
12020400,1.86
12024000,1.95
12027600,2.28
12031200,3.81
12034800,3.14
12038400,2.77
12042000,2.66
12045600,2.14
12049200,1.34
12052800,0.65
12056400,0.9
12060000,1.37
12063600,1.58
12067200,1.68
12070800,1.39
12074400,0.72
12078000,0.82
12081600,0.86
12085200,0.86
12088800,0.8
12092400,0.94
12096000,1.28
12099600,1.21
12103200,1.11
12106800,1.0
12110400,0.91
12114000,0.97
12117600,1.07
12121200,1.88
12124800,2.15
12128400,2.25
12132000,2.14
12135600,1.98
12139200,1.83
12142800,1.66
12146400,1.27
12150000,0.74
12153600,0.93
12157200,1.33
12160800,1.46
12164400,1.41
12168000,1.35
12171600,1.32
12175200,1.3
12178800,1.29
12182400,1.25
12186000,1.2
12189600,1.16
12193200,1.17
12196800,1.38
12200400,2.18
12204000,2.69
12207600,3.31
12211200,3.35
12214800,3.27
12218400,3.36
12222000,3.59
12225600,3.7
12229200,3.83
12232800,3.97
12236400,2.96
12240000,1.84
12243600,2.09
12247200,2.77
12250800,4.32
12254400,5.74
12258000,6.65
12261600,6.93
12265200,6.98
12268800,7.26
12272400,7.4
12276000,7.38
12279600,7.63
12283200,7.8
12286800,7.9
12290400,7.82
12294000,7.85
12297600,8.16
12301200,8.5
12304800,8.77
12308400,8.92
12312000,8.7
12315600,8.53
12319200,8.28
12322800,7.88
12326400,6.57
12330000,4.79
12333600,4.27
12337200,3.97
12340800,3.7
12344400,3.44
12348000,3.45
12351600,3.43
12355200,3.32
12358800,3.22
12362400,3.01
12366000,2.73
12369600,2.41
12373200,2.26
12376800,2.19
12380400,3.2
12384000,3.39
12387600,3.15
12391200,2.52
12394800,1.8
12398400,1.24
12402000,1.0
12405600,0.83
12409200,0.63
12412800,0.31
12416400,0.4
12420000,0.51
12423600,0.64
12427200,0.72
12430800,0.7
12434400,0.71
12438000,0.67
12441600,0.57
12445200,0.58
12448800,0.64
12452400,0.7
12456000,0.7
12459600,0.69
12463200,0.7
12466800,0.71
12470400,1.53
12474000,1.98
12477600,2.12
12481200,2.18
12484800,2.09
12488400,1.86
12492000,1.59
12495600,1.33
12499200,0.76
12502800,0.69
12506400,0.8
12510000,0.93
12513600,1.02
12517200,1.12
12520800,1.19
12524400,1.25
12528000,1.33
12531600,1.37
12535200,1.38
12538800,1.34
12542400,1.27
12546000,1.14
12549600,0.99
12553200,0.75
12556800,1.04
12560400,1.82
12564000,2.71
12567600,3.4
12571200,3.91
12574800,4.24
12578400,4.45
12582000,4.14
12585600,2.13
12589200,1.78
12592800,1.64
12596400,1.46
12600000,1.29
12603600,1.17
12607200,1.13
12610800,1.15
12614400,1.15
12618000,1.1
12621600,0.97
12625200,0.85
12628800,0.84
12632400,0.78
12636000,0.69
12639600,0.63
12643200,1.14
12646800,2.14
12650400,3.09
12654000,3.81
12657600,4.31
12661200,4.73
12664800,4.98
12668400,3.95
12672000,1.72
12675600,1.52
12679200,1.4
12682800,1.28
12686400,1.1
12690000,0.87
12693600,0.66
12697200,0.55
12700800,3.41
12704400,3.37
12708000,3.15
12711600,2.91
12715200,2.65
12718800,2.5
12722400,2.56
12726000,3.9
12729600,3.74
12733200,4.92
12736800,5.02
12740400,5.08
12744000,5.21
12747600,5.18
12751200,4.95
12754800,4.42
12758400,2.01
12762000,1.8
12765600,1.81
12769200,1.74
12772800,1.66
12776400,1.64
12780000,1.69
12783600,1.74
12787200,1.75
12790800,1.74
12794400,1.71
12798000,1.65
12801600,1.48
12805200,1.19
12808800,0.84
12812400,0.44
12816000,0.11
12819600,1.23
12823200,1.91
12826800,2.26
12830400,2.39
12834000,2.41
12837600,2.42
12841200,2.15
12844800,1.29
12848400,1.78
12852000,1.89
12855600,1.92
12859200,1.95
12862800,2.0
12866400,2.06
12870000,2.1
12873600,2.06
12877200,2.01
12880800,2.01
12884400,2.05
12888000,2.0
12891600,1.88
12895200,1.73
12898800,2.48
12902400,2.89
12906000,4.23
12909600,5.78
12913200,6.66
12916800,7.17
12920400,7.23
12924000,6.99
12927600,6.35
12931200,3.54
12934800,2.2
12938400,2.13
12942000,2.18
12945600,2.32
12949200,2.52
12952800,2.82
12956400,3.03
12960000,3.06
12963600,3.03
12967200,3.0
12970800,3.05
12974400,2.97
12978000,2.78
12981600,2.69
12985200,3.61
12988800,3.48
12992400,5.13
12996000,6.26
12999600,6.74
13003200,7.01
13006800,6.98
13010400,6.55
13014000,5.74
13017600,2.78
13021200,1.94
13024800,1.99
13028400,2.08
13032000,2.23
13035600,2.45
13039200,2.64
13042800,2.61
13046400,2.49
13050000,2.48
13053600,2.52
13057200,2.52
13060800,2.47
13064400,2.41
13068000,2.43
13071600,3.49
13075200,3.77
13078800,5.18
13082400,6.67
13086000,7.85
13089600,8.72
13093200,8.68
13096800,8.12
13100400,7.37
13104000,5.05
13107600,2.44
13111200,2.28
13114800,2.22
13118400,1.99
13122000,1.74
13125600,1.61
13129200,1.33
13132800,0.76
13136400,0.13
13140000,0.86
13143600,1.39
13147200,1.7
13150800,2.1
13154400,2.76
13158000,4.55
13161600,5.31
13165200,7.21
13168800,8.04
13172400,8.18
13176000,7.55
13179600,6.69
13183200,6.28
13186800,6.06
13190400,4.09
13194000,2.64
13197600,3.02
13201200,3.77
13204800,4.45
13208400,4.96
13212000,5.1
13215600,5.05
13219200,4.82
13222800,4.59
13226400,4.42
13230000,4.13
13233600,3.81
13237200,3.53
13240800,3.53
13244400,4.96
13248000,4.83
13251600,6.19
13255200,7.7
13258800,8.18
13262400,8.14
13266000,8.02
13269600,7.68
13273200,6.95
13276800,4.24
13280400,3.09
13284000,3.05
13287600,3.07
13291200,3.02
13294800,3.03
13298400,3.21
13302000,3.52
13305600,1.49
13309200,1.65
13312800,1.72
13316400,1.78
13320000,2.01
13323600,2.65
13327200,2.75
13330800,2.38
13334400,2.39
13338000,2.78
13341600,3.24
13345200,3.84
13348800,4.32
13352400,4.52
13356000,4.54
13359600,4.69
13363200,4.88
13366800,4.49
13370400,2.4
13374000,1.29
13377600,1.11
13381200,1.08
13384800,1.24
13388400,1.51
13392000,1.77
13395600,1.91
13399200,1.85
13402800,1.77
13406400,1.71
13410000,2.68
13413600,2.68
13417200,2.0
13420800,1.62
13424400,1.39
13428000,1.42
13431600,1.5
13435200,1.52
13438800,1.53
13442400,1.64
13446000,1.8
13449600,1.86
13453200,1.68
13456800,0.98
13460400,1.36
13464000,1.96
13467600,2.53
13471200,2.53
13474800,2.01
13478400,1.52
13482000,1.13
13485600,0.89
13489200,0.66
13492800,0.65
13496400,0.94
13500000,1.12
13503600,0.34
13507200,1.62
13510800,2.9
13514400,3.6
13518000,3.75
13521600,3.88
13525200,4.42
13528800,4.92
13532400,4.83
13536000,4.19
13539600,2.17
13543200,1.08
13546800,1.25
13550400,1.39
13554000,1.85
13557600,2.32
13561200,2.53
13564800,2.77
13568400,2.92
13572000,2.89
13575600,2.53
13579200,2.06
13582800,1.86
13586400,2.37
13590000,1.65
13593600,1.47
13597200,1.36
13600800,1.09
13604400,0.8
13608000,0.59
13611600,0.43
13615200,0.34
13618800,0.41
13622400,0.81
13626000,1.2
13629600,1.19
13633200,1.75
13636800,2.39
13640400,2.61
13644000,2.38
13647600,2.02
13651200,1.59
13654800,1.2
13658400,1.03
13662000,0.97
13665600,0.88
13669200,0.54
13672800,0.39
13676400,0.65
13680000,1.96
13683600,2.68
13687200,2.75
13690800,2.72
13694400,2.44
13698000,1.94
13701600,1.17
13705200,0.6
13708800,1.02
13712400,1.98
13716000,2.43
13719600,3.28
13723200,3.08
13726800,2.22
13730400,1.44
13734000,1.27
13737600,1.17
13741200,1.05
13744800,0.9
13748400,0.71
13752000,0.72
13755600,0.75
13759200,1.71
13762800,1.93
13766400,2.42
13770000,2.54
13773600,2.6
13777200,2.58
13780800,2.44
13784400,2.22
13788000,2.11
13791600,2.05
13795200,1.87
13798800,1.31
13802400,0.89
13806000,0.89
13809600,0.87
13813200,0.91
13816800,1.03
13820400,1.2
13824000,1.3
13827600,1.27
13831200,1.05
13834800,0.76
13838400,0.29
13842000,0.53
13845600,1.21
13849200,1.58
13852800,1.98
13856400,2.85
13860000,3.92
13863600,4.81
13867200,5.3
13870800,5.42
13874400,5.31
13878000,5.07
13881600,4.67
13885200,3.75
13888800,2.59
13892400,2.37
13896000,2.4
13899600,2.23
13903200,1.76
13906800,1.11
13910400,3.6
13914000,2.93
13917600,2.49
13921200,2.03
13924800,1.65
13928400,2.74
13932000,4.17
13935600,5.3
13939200,5.82
13942800,6.21
13946400,6.64
13950000,7.07
13953600,7.31
13957200,7.37
13960800,7.31
13964400,7.22
13968000,7.18
13971600,7.09
13975200,6.33
13978800,5.59
13982400,5.33
13986000,4.93
13989600,4.3
13993200,3.71
13996800,2.92
14000400,2.24
14004000,1.83
14007600,1.71
14011200,2.22
14014800,3.99
14018400,4.97
14022000,5.25
14025600,5.44
14029200,5.63
14032800,5.67
14036400,5.7
14040000,5.76
14043600,5.75
14047200,5.58
14050800,5.44
14054400,5.2
14058000,4.94
14061600,4.6
14065200,4.32
14068800,5.06
14072400,5.59
14076000,5.77
14079600,5.64
14083200,5.44
14086800,5.13
14090400,4.58
14094000,3.87
14097600,3.24
14101200,2.97
14104800,2.79
14108400,2.48
14112000,1.99
14115600,2.0
14119200,2.32
14122800,2.43
14126400,2.34
14130000,2.17
14133600,2.04
14137200,2.02
14140800,1.89
14144400,1.53
14148000,1.18
14151600,0.92
14155200,1.47
14158800,1.73
14162400,1.47
14166000,1.27
14169600,1.19
14173200,1.13
14176800,1.0
14180400,0.87
14184000,0.75
14187600,1.18
14191200,1.42
14194800,2.01
14198400,2.62
14202000,3.33
14205600,4.05
14209200,4.72
14212800,5.29
14216400,5.69
14220000,5.79
14223600,5.63
14227200,5.34
14230800,5.01
14234400,3.5
14238000,2.06
14241600,2.27
14245200,2.36
14248800,2.16
14252400,1.85
14256000,1.62
14259600,1.45
14263200,1.33
14266800,1.25
14270400,1.15
14274000,1.1
14277600,0.96
14281200,1.71
14284800,2.44
14288400,2.66
14292000,2.72
14295600,2.62
14299200,2.52
14302800,2.42
14306400,2.33
14310000,2.44
14313600,2.63
14317200,2.68
14320800,1.6
14324400,1.34
14328000,1.38
14331600,1.33
14335200,1.31
14338800,1.28
14342400,1.2
14346000,1.09
14349600,0.97
14353200,0.8
14356800,0.66
14360400,0.65
14364000,0.67
14367600,2.88
14371200,4.52
14374800,4.76
14378400,4.84
14382000,4.67
14385600,4.3
14389200,3.85
14392800,3.48
14396400,3.42
14400000,3.4
14403600,3.38
14407200,1.91
14410800,1.83
14414400,2.09
14418000,2.16
14421600,2.15
14425200,2.14
14428800,1.86
14432400,1.37
14436000,1.1
14439600,0.89
14443200,0.44
14446800,0.88
14450400,1.7
14454000,1.88
14457600,2.1
14461200,2.22
14464800,2.15
14468400,2.03
14472000,2.05
14475600,2.22
14479200,2.47
14482800,2.7
14486400,2.68
14490000,2.52
14493600,1.05
14497200,0.87
14500800,0.96
14504400,1.12
14508000,1.41
14511600,1.68
14515200,1.76
14518800,1.73
14522400,1.65
14526000,1.55
14529600,1.19
14533200,1.49
14536800,1.8
14540400,2.78
14544000,3.62
14547600,4.61
14551200,5.82
14554800,7.22
14558400,7.43
14562000,6.64
14565600,6.04
14569200,6.02
14572800,5.82
14576400,5.05
14580000,4.43
14583600,2.92
14587200,1.23
14590800,1.59
14594400,6.1
14598000,6.8
14601600,4.14
14605200,2.93
14608800,1.07
14612400,0.73
14616000,1.04
14619600,1.88
14623200,2.61
14626800,2.87
14630400,2.79
14634000,3.34
14637600,4.04
14641200,4.57
14644800,4.93
14648400,5.43
14652000,5.84
14655600,5.98
14659200,5.82
14662800,5.81
14666400,5.98
14670000,5.58
14673600,4.67
14677200,3.67
14680800,2.92
14684400,2.55
14688000,2.03
14691600,1.45
14695200,1.03
14698800,0.89
14702400,0.89
14706000,1.8
14709600,2.94
14713200,3.4
14716800,3.54
14720400,3.75
14724000,3.92
14727600,3.93
14731200,3.9
14734800,3.86
14738400,3.85
14742000,3.93
14745600,3.85
14749200,3.79
14752800,3.11
14756400,2.67
14760000,3.93
14763600,5.2
14767200,4.98
14770800,3.41
14774400,2.21
14778000,1.04
14781600,0.66
14785200,0.3
14788800,0.53
14792400,1.58
14796000,2.87
14799600,3.52
14803200,3.71
14806800,3.64
14810400,3.59
14814000,3.8
14817600,4.03
14821200,4.33
14824800,4.65
14828400,4.59
14832000,3.95
14835600,3.06
14839200,1.06
14842800,0.98
14846400,1.15
14850000,1.6
14853600,2.08
14857200,2.15
14860800,1.83
14864400,1.39
14868000,1.04
14871600,0.85
14875200,0.71
14878800,0.53
14882400,1.65
14886000,1.99
14889600,2.56
14893200,2.78
14896800,2.36
14900400,1.87
14904000,3.17
14907600,7.35
14911200,10.02
14914800,9.71
14918400,7.99
14922000,5.53
14925600,2.47
14929200,0.82
14932800,0.38
14936400,0.58
14940000,0.79
14943600,0.77
14947200,0.87
14950800,0.99
14954400,1.05
14958000,1.16
14961600,1.44
14965200,3.36
14968800,3.93
14972400,3.74
14976000,3.18
14979600,2.77
14983200,2.83
14986800,3.13
14990400,3.45
14994000,3.69
14997600,3.95
15001200,4.1
15004800,4.11
15008400,3.81
15012000,2.06
15015600,1.0
15019200,0.87
15022800,0.93
15026400,1.11
15030000,1.19
15033600,1.21
15037200,1.24
15040800,1.27
15044400,1.28
15048000,1.25
15051600,1.38
15055200,1.96
15058800,3.08
15062400,3.23
15066000,3.07
15069600,2.89
15073200,2.77
15076800,2.76
15080400,2.83
15084000,2.95
15087600,3.1
15091200,3.23
15094800,3.19
15098400,1.36
15102000,1.09
15105600,0.88
15109200,0.88
15112800,1.29
15116400,1.42
15120000,1.87
15123600,1.45
15127200,1.3
15130800,1.27
15134400,1.29
15138000,2.21
15141600,2.39
15145200,2.22
15148800,1.84
15152400,1.43
15156000,1.32
15159600,1.35
15163200,1.4
15166800,1.43
15170400,1.24
15174000,0.97
15177600,0.6
15181200,0.4
15184800,0.37
15188400,0.73
15192000,1.19
15195600,1.4
15199200,1.47
15202800,1.46
15206400,1.48
15210000,1.55
15213600,1.65
15217200,1.87
15220800,2.25
15224400,4.03
15228000,4.52
15231600,4.51
15235200,4.15
15238800,4.0
15242400,4.05
15246000,4.21
15249600,4.56
15253200,4.89
15256800,5.14
15260400,5.16
15264000,5.4
15267600,5.73
15271200,5.26
15274800,4.11
15278400,4.6
15282000,4.17
15285600,3.8
15289200,2.84
15292800,2.02
15296400,1.69
15300000,1.8
15303600,1.82
15307200,2.0
15310800,3.42
15314400,3.06
15318000,2.63
15321600,2.11
15325200,1.94
15328800,1.89
15332400,1.92
15336000,1.95
15339600,1.96
15343200,2.22
15346800,2.63
15350400,2.93
15354000,2.92
15357600,1.44
15361200,1.2
15364800,1.12
15368400,1.18
15372000,1.4
15375600,1.84
15379200,2.44
15382800,2.81
15386400,2.9
15390000,2.85
15393600,2.69
15397200,3.44
15400800,3.44
15404400,3.07
15408000,2.72
15411600,2.36
15415200,2.76
15418800,3.35
15422400,3.9
15426000,4.34
15429600,4.62
15433200,4.74
15436800,4.49
15440400,3.96
15444000,2.1
15447600,1.41
15451200,1.35
15454800,1.36
15458400,1.46
15462000,1.52
15465600,1.47
15469200,1.3
15472800,1.11
15476400,0.75
15480000,0.2
15483600,0.24
15487200,0.36
15490800,1.7
15494400,2.61
15498000,3.1
15501600,3.61
15505200,4.34
15508800,4.96
15512400,5.5
15516000,5.85
15519600,5.91
15523200,5.33
15526800,4.44
15530400,2.21
15534000,1.74
15537600,2.13
15541200,2.51
15544800,2.99
15548400,3.59
15552000,4.16
15555600,4.42
15559200,4.19
15562800,3.94
15566400,4.06
15570000,4.77
15573600,4.64
15577200,4.77
15580800,4.64
15584400,5.04
15588000,5.72
15591600,6.18
15595200,6.47
15598800,6.64
15602400,6.68
15606000,6.61
15609600,6.33
15613200,5.8
15616800,4.34
15620400,2.56
15624000,2.67
15627600,2.42
15631200,2.06
15634800,1.85
15638400,1.83
15642000,1.93
15645600,2.0
15649200,2.04
15652800,2.08
15656400,3.18
15660000,3.76
15663600,4.15
15667200,4.57
15670800,5.07
15674400,5.58
15678000,5.92
15681600,6.06
15685200,5.97
15688800,5.85
15692400,5.76
15696000,5.42
15699600,4.93
15703200,2.9
15706800,1.72
15710400,1.63
15714000,1.58
15717600,1.59
15721200,1.59
15724800,1.49
15728400,1.65
15732000,1.72
15735600,1.78
15739200,2.01
15742800,2.65
15746400,2.75
15750000,2.38
15753600,2.39
15757200,2.78
15760800,3.24
15764400,3.84
15768000,4.32
15771600,4.52
15775200,4.54
15778800,4.69
15782400,4.88
15786000,4.49
15789600,2.4
15793200,1.29
15796800,1.11
15800400,1.08
15804000,1.24
15807600,1.51
15811200,1.77
15814800,1.91
15818400,1.85
15822000,1.77
15825600,1.71
15829200,2.68
15832800,2.68
15836400,2.0
15840000,1.62
15843600,1.39
15847200,1.42
15850800,1.5
15854400,1.52
15858000,1.53
15861600,1.64
15865200,1.8
15868800,1.86
15872400,1.68
15876000,0.98
15879600,1.36
15883200,1.96
15886800,2.53
15890400,2.53
15894000,2.01
15897600,1.52
15901200,1.13
15904800,0.89
15908400,0.66
15912000,0.65
15915600,0.94
15919200,1.12
15922800,0.34
15926400,1.62
15930000,2.9
15933600,3.6
15937200,3.75
15940800,3.88
15944400,4.42
15948000,4.92
15951600,4.83
15955200,4.19
15958800,2.17
15962400,1.08
15966000,1.25
15969600,1.39
15973200,1.85
15976800,2.32
15980400,2.53
15984000,2.77
15987600,2.92
15991200,2.89
15994800,2.53
15998400,2.06
16002000,1.86
16005600,2.37
16009200,1.65
16012800,1.47
16016400,1.36
16020000,1.09
16023600,0.8
16027200,0.59
16030800,0.43
16034400,0.34
16038000,0.41
16041600,0.81
16045200,1.2
16048800,1.19
16052400,1.75
16056000,2.39
16059600,2.61
16063200,2.38
16066800,2.02
16070400,1.59
16074000,1.2
16077600,1.03
16081200,0.97
16084800,0.88
16088400,0.54
16092000,0.39
16095600,0.65
16099200,1.96
16102800,2.68
16106400,2.75
16110000,2.72
16113600,2.44
16117200,1.94
16120800,1.17
16124400,0.6
16128000,1.02
16131600,1.98
16135200,2.43
16138800,3.28
16142400,3.08
16146000,2.22
16149600,1.44
16153200,1.27
16156800,1.17
16160400,1.05
16164000,0.9
16167600,0.71
16171200,0.72
16174800,0.75
16178400,1.71
16182000,1.93
16185600,2.42
16189200,2.54
16192800,2.6
16196400,2.58
16200000,2.44
16203600,2.22
16207200,2.11
16210800,2.05
16214400,1.87
16218000,1.31
16221600,0.89
16225200,0.89
16228800,0.87
16232400,0.91
16236000,1.03
16239600,1.2
16243200,1.3
16246800,1.27
16250400,1.05
16254000,0.76
16257600,0.29
16261200,0.53
16264800,1.21
16268400,1.58
16272000,1.98
16275600,2.85
16279200,3.92
16282800,4.81
16286400,5.3
16290000,5.42
16293600,5.31
16297200,5.07
16300800,4.67
16304400,3.75
16308000,2.59
16311600,2.37
16315200,2.4
16318800,2.23
16322400,1.76
16326000,1.11
16329600,1.98
16333200,1.86
16336800,1.83
16340400,1.81
16344000,1.92
16347600,3.32
16351200,3.84
16354800,4.04
16358400,4.11
16362000,4.22
16365600,4.5
16369200,4.87
16372800,5.18
16376400,5.35
16380000,5.53
16383600,5.73
16387200,5.63
16390800,5.19
16394400,4.05
16398000,1.69
16401600,1.2
16405200,1.09
16408800,1.1
16412400,1.16
16416000,1.19
16419600,1.16
16423200,1.13
16426800,1.16
16430400,1.26
16434000,2.58
16437600,2.77
16441200,3.02
16444800,3.35
16448400,3.67
16452000,3.85
16455600,4.03
16459200,4.35
16462800,4.72
16466400,5.05
16470000,5.21
16473600,5.02
16477200,4.4
16480800,2.26
16484400,1.11
16488000,1.13
16491600,1.15
16495200,1.08
16498800,0.98
16502400,0.72
16506000,0.3
16509600,0.48
16513200,0.61
16516800,0.72
16520400,0.75
16524000,1.2
16527600,0.13
16531200,0.33
16534800,0.76
16538400,0.99
16542000,0.65
16545600,0.31
16549200,0.34
16552800,0.62
16556400,1.06
16560000,1.48
16563600,1.8
16567200,1.06
16570800,1.22
16574400,1.56
16578000,1.97
16581600,1.88
16585200,1.56
16588800,1.27
16592400,1.15
16596000,1.06
16599600,1.0
16603200,0.96
16606800,1.44
16610400,1.55
16614000,1.67
16617600,3.34
16621200,3.96
16624800,4.27
16628400,4.44
16632000,4.47
16635600,4.27
16639200,3.99
16642800,3.42
16646400,2.38
16650000,1.37
16653600,0.58
16657200,0.59
16660800,0.58
16664400,0.63
16668000,1.07
16671600,1.35
16675200,1.37
16678800,1.33
16682400,1.56
16686000,1.78
16689600,1.87
16693200,2.91
16696800,3.22
16700400,3.1
16704000,2.55
16707600,2.37
16711200,2.25
16714800,1.67
16718400,1.44
16722000,1.1
16725600,0.71
16729200,1.46
16732800,2.55
16736400,3.42
16740000,3.46
16743600,3.16
16747200,2.68
16750800,2.37
16754400,2.16
16758000,2.16
16761600,2.68
16765200,2.95
16768800,2.6
16772400,2.25
16776000,1.7
16779600,2.1
16783200,2.69
16786800,2.97
16790400,3.03
16794000,2.99
16797600,3.59
16801200,4.13
16804800,4.64
16808400,5.06
16812000,5.19
16815600,4.93
16819200,4.77
16822800,4.2
16826400,2.27
16830000,1.41
16833600,1.69
16837200,2.31
16840800,2.74
16844400,2.87
16848000,2.77
16851600,2.64
16855200,2.9
16858800,2.78
16862400,2.8
16866000,3.67
16869600,4.39
16873200,5.14
16876800,5.75
16880400,6.71
16884000,7.49
16887600,8.02
16891200,8.11
16894800,8.35
16898400,8.85
16902000,9.04
16905600,8.59
16909200,7.36
16912800,5.36
16916400,3.75
16920000,3.53
16923600,3.13
16927200,2.99
16930800,3.35
16934400,1.53
16938000,1.53
16941600,1.48
16945200,1.39
16948800,1.28
16952400,1.0
16956000,1.6
16959600,2.41
16963200,2.86
16966800,3.2
16970400,3.44
16974000,3.64
16977600,3.8
16981200,3.71
16984800,3.53
16988400,3.23
16992000,2.98
16995600,2.22
16999200,1.07
17002800,1.25
17006400,1.57
17010000,2.33
17013600,4.82
17017200,6.06
17020800,5.74
17024400,4.87
17028000,3.91
17031600,2.9
17035200,1.8
17038800,2.77
17042400,2.87
17046000,2.49
17049600,2.23
17053200,2.15
17056800,2.0
17060400,1.79
17064000,1.76
17067600,2.1
17071200,2.59
17074800,3.01
17078400,3.12
17082000,3.08
17085600,2.43
17089200,1.84
17092800,1.89
17096400,1.65
17100000,1.46
17103600,1.44
17107200,1.66
17110800,2.08
17114400,2.57
17118000,3.35
17121600,3.98
17125200,5.14
17128800,5.35
17132400,5.4
17136000,5.8
17139600,5.38
17143200,4.77
17146800,4.12
17150400,3.6
17154000,3.32
17157600,3.28
17161200,3.35
17164800,3.23
17168400,2.12
17172000,1.28
17175600,1.46
17179200,1.73
17182800,2.21
17186400,2.91
17190000,3.94
17193600,5.07
17197200,5.28
17200800,4.91
17204400,4.75
17208000,4.91
17211600,5.49
17215200,5.32
17218800,5.76
17222400,6.02
17226000,6.19
17229600,6.16
17233200,6.38
17236800,6.51
17240400,6.33
17244000,6.04
17247600,5.75
17251200,5.35
17254800,4.44
17258400,3.04
17262000,1.81
17265600,1.51
17269200,1.33
17272800,0.88
17276400,0.42
17280000,1.22
17283600,1.67
17287200,1.79
17290800,2.2
17294400,2.76
17298000,4.04
17301600,5.77
17305200,6.84
17308800,7.06
17312400,7.25
17316000,7.38
17319600,7.47
17323200,7.47
17326800,7.37
17330400,7.07
17334000,6.59
17337600,5.86
17341200,4.79
17344800,2.37
17348400,1.91
17352000,2.31
17355600,2.94
17359200,4.04
17362800,4.32
17366400,4.18
17370000,3.81
17373600,3.32
17377200,3.39
17380800,2.84
17384400,2.82
17388000,4.37
17391600,6.33
17395200,7.68
17398800,8.28
17402400,8.71
17406000,9.03
17409600,9.26
17413200,9.29
17416800,9.22
17420400,8.97
17424000,8.33
17427600,7.33
17431200,5.34
17434800,3.59
17438400,3.42
17442000,3.65
17445600,3.82
17449200,3.59
17452800,3.42
17456400,3.36
17460000,3.16
17463600,2.99
17467200,2.76
17470800,3.8
17474400,4.74
17478000,6.28
17481600,6.19
17485200,5.85
17488800,5.71
17492400,5.73
17496000,5.82
17499600,5.92
17503200,5.81
17506800,5.46
17510400,4.89
17514000,4.09
17517600,1.68
17521200,1.35
17524800,1.68
17528400,2.17
17532000,2.55
17535600,2.4
17539200,1.49
17542800,1.65
17546400,1.72
17550000,1.78
17553600,2.01
17557200,2.65
17560800,2.75
17564400,2.38
17568000,2.39
17571600,2.78
17575200,3.24
17578800,3.84
17582400,4.32
17586000,4.52
17589600,4.54
17593200,4.69
17596800,4.88
17600400,4.49
17604000,2.4
17607600,1.29
17611200,1.11
17614800,1.08
17618400,1.24
17622000,1.51
17625600,1.77
17629200,1.91
17632800,1.85
17636400,1.77
17640000,1.71
17643600,2.68
17647200,2.68
17650800,2.0
17654400,1.62
17658000,1.39
17661600,1.42
17665200,1.5
17668800,1.52
17672400,1.53
17676000,1.64
17679600,1.8
17683200,1.86
17686800,1.68
17690400,0.98
17694000,1.36
17697600,1.96
17701200,2.53
17704800,2.53
17708400,2.01
17712000,1.52
17715600,1.13
17719200,0.89
17722800,0.66
17726400,0.65
17730000,0.94
17733600,1.12
17737200,0.34
17740800,1.62
17744400,2.9
17748000,3.6
17751600,3.75
17755200,3.88
17758800,4.42
17762400,4.92
17766000,4.83
17769600,4.19
17773200,2.17
17776800,1.08
17780400,1.25
17784000,1.39
17787600,1.85
17791200,2.32
17794800,2.53
17798400,2.77
17802000,2.92
17805600,2.89
17809200,2.53
17812800,2.06
17816400,1.86
17820000,2.37
17823600,1.65
17827200,1.47
17830800,1.36
17834400,1.09
17838000,0.8
17841600,0.59
17845200,0.43
17848800,0.34
17852400,0.41
17856000,0.81
17859600,1.2
17863200,1.19
17866800,1.75
17870400,2.39
17874000,2.61
17877600,2.38
17881200,2.02
17884800,1.59
17888400,1.2
17892000,1.03
17895600,0.97
17899200,0.88
17902800,0.54
17906400,0.39
17910000,0.65
17913600,1.96
17917200,2.68
17920800,2.75
17924400,2.72
17928000,2.44
17931600,1.94
17935200,1.17
17938800,0.6
17942400,1.02
17946000,1.98
17949600,2.43
17953200,3.28
17956800,3.08
17960400,2.22
17964000,1.44
17967600,1.27
17971200,1.17
17974800,1.05
17978400,0.9
17982000,0.71
17985600,0.72
17989200,0.75
17992800,1.71
17996400,1.93
18000000,2.42
18003600,2.54
18007200,2.6
18010800,2.58
18014400,2.44
18018000,2.22
18021600,2.11
18025200,2.05
18028800,1.87
18032400,1.31
18036000,0.89
18039600,0.89
18043200,0.87
18046800,0.91
18050400,1.03
18054000,1.2
18057600,1.3
18061200,1.27
18064800,1.05
18068400,0.76
18072000,0.29
18075600,0.53
18079200,1.21
18082800,1.58
18086400,1.98
18090000,2.85
18093600,3.92
18097200,4.81
18100800,5.3
18104400,5.42
18108000,5.31
18111600,5.07
18115200,4.67
18118800,3.75
18122400,2.59
18126000,2.37
18129600,2.4
18133200,2.23
18136800,1.76
18140400,1.11
18144000,4.69
18147600,5.05
18151200,4.66
18154800,4.86
18158400,5.32
18162000,5.95
18165600,7.05
18169200,7.17
18172800,6.84
18176400,6.46
18180000,6.68
18183600,7.1
18187200,7.05
18190800,6.85
18194400,6.61
18198000,6.5
18201600,6.4
18205200,6.07
18208800,5.11
18212400,4.08
18216000,4.17
18219600,3.25
18223200,2.73
18226800,2.61
18230400,2.44
18234000,2.12
18237600,1.8
18241200,1.94
18244800,2.18
18248400,3.04
18252000,3.49
18255600,4.02
18259200,4.09
18262800,4.29
18266400,4.62
18270000,4.91
18273600,5.15
18277200,5.47
18280800,5.65
18284400,5.58
18288000,5.16
18291600,4.58
18295200,2.69
18298800,1.47
18302400,1.6
18306000,1.68
18309600,2.09
18313200,2.32
18316800,2.64
18320400,1.98
18324000,1.18
18327600,1.04
18331200,1.09
18334800,1.2
18338400,2.34
18342000,2.06
18345600,2.6
18349200,3.62
18352800,4.46
18356400,5.35
18360000,6.0
18363600,6.26
18367200,6.27
18370800,6.1
18374400,5.74
18378000,5.13
18381600,2.83
18385200,2.01
18388800,2.07
18392400,1.7
18396000,1.38
18399600,1.25
18403200,1.21
18406800,1.18
18410400,1.16
18414000,1.15
18417600,1.11
18421200,1.17
18424800,1.57
18428400,0.54
18432000,0.53
18435600,0.84
18439200,1.07
18442800,1.22
18446400,1.43
18450000,1.64
18453600,1.76
18457200,1.92
18460800,2.16
18464400,2.47
18468000,1.51
18471600,1.55
18475200,1.61
18478800,1.53
18482400,1.45
18486000,1.39
18489600,1.31
18493200,1.19
18496800,0.97
18500400,0.77
18504000,0.8
18507600,0.84
18511200,1.33
18514800,1.32
18518400,1.4
18522000,2.51
18525600,3.41
18529200,3.83
18532800,4.15
18536400,4.44
18540000,4.64
18543600,4.79
18547200,4.87
18550800,4.58
18554400,2.11
18558000,2.23
18561600,2.67
18565200,2.85
18568800,3.2
18572400,3.56
18576000,3.63
18579600,2.95
18583200,3.52
18586800,4.6
18590400,4.4
18594000,4.22
18597600,5.84
18601200,8.14
18604800,8.81
18608400,9.51
18612000,10.25
18615600,10.91
18619200,11.52
18622800,12.04
18626400,12.13
18630000,11.65
18633600,10.85
18637200,9.82
18640800,7.97
18644400,5.48
18648000,3.38
18651600,1.95
18655200,1.49
18658800,1.32
18662400,1.29
18666000,1.37
18669600,1.53
18673200,1.62
18676800,1.52
18680400,2.41
18684000,2.68
18687600,3.45
18691200,3.87
18694800,3.96
18698400,4.12
18702000,4.28
18705600,4.32
18709200,4.25
18712800,4.29
18716400,4.39
18720000,4.4
18723600,3.96
18727200,1.72
18730800,1.31
18734400,1.27
18738000,1.34
18741600,1.41
18745200,1.51
18748800,3.6
18752400,2.93
18756000,2.49
18759600,2.03
18763200,1.65
18766800,2.74
18770400,4.17
18774000,5.3
18777600,5.82
18781200,6.21
18784800,6.64
18788400,7.07
18792000,7.31
18795600,7.37
18799200,7.31
18802800,7.22
18806400,7.18
18810000,7.09
18813600,6.33
18817200,5.59
18820800,5.33
18824400,4.93
18828000,4.3
18831600,3.71
18835200,2.92
18838800,2.24
18842400,1.83
18846000,1.71
18849600,2.22
18853200,3.99
18856800,4.97
18860400,5.25
18864000,5.44
18867600,5.63
18871200,5.67
18874800,5.7
18878400,5.76
18882000,5.75
18885600,5.58
18889200,5.44
18892800,5.2
18896400,4.94
18900000,4.6
18903600,4.32
18907200,5.06
18910800,5.59
18914400,5.77
18918000,5.64
18921600,5.44
18925200,5.13
18928800,4.58
18932400,3.87
18936000,3.24
18939600,2.97
18943200,2.79
18946800,2.48
18950400,1.99
18954000,2.0
18957600,2.32
18961200,2.43
18964800,2.34
18968400,2.17
18972000,2.04
18975600,2.02
18979200,1.89
18982800,1.53
18986400,1.18
18990000,0.92
18993600,1.47
18997200,1.73
19000800,1.47
19004400,1.27
19008000,1.19
19011600,1.13
19015200,1.0
19018800,0.87
19022400,0.75
19026000,1.18
19029600,1.42
19033200,2.01
19036800,2.62
19040400,3.33
19044000,4.05
19047600,4.72
19051200,5.29
19054800,5.69
19058400,5.79
19062000,5.63
19065600,5.34
19069200,5.01
19072800,3.5
19076400,2.06
19080000,2.27
19083600,2.36
19087200,2.16
19090800,1.85
19094400,1.62
19098000,1.45
19101600,1.33
19105200,1.25
19108800,1.15
19112400,1.1
19116000,0.96
19119600,1.71
19123200,2.44
19126800,2.66
19130400,2.72
19134000,2.62
19137600,2.52
19141200,2.42
19144800,2.33
19148400,2.44
19152000,2.63
19155600,2.68
19159200,1.6
19162800,1.34
19166400,1.38
19170000,1.33
19173600,1.31
19177200,1.28
19180800,1.2
19184400,1.09
19188000,0.97
19191600,0.8
19195200,0.66
19198800,0.65
19202400,0.67
19206000,2.88
19209600,4.52
19213200,4.76
19216800,4.84
19220400,4.67
19224000,4.3
19227600,3.85
19231200,3.48
19234800,3.42
19238400,3.4
19242000,3.38
19245600,1.91
19249200,1.83
19252800,2.09
19256400,2.16
19260000,2.15
19263600,2.14
19267200,1.86
19270800,1.37
19274400,1.1
19278000,0.89
19281600,0.44
19285200,0.88
19288800,1.7
19292400,1.88
19296000,2.1
19299600,2.22
19303200,2.15
19306800,2.03
19310400,2.05
19314000,2.22
19317600,2.47
19321200,2.7
19324800,2.68
19328400,2.52
19332000,1.05
19335600,0.87
19339200,0.96
19342800,1.12
19346400,1.41
19350000,1.68
19353600,4.2
19357200,4.0
19360800,3.56
19364400,3.39
19368000,3.71
19371600,5.0
19375200,6.33
19378800,6.61
19382400,6.03
19386000,5.82
19389600,5.96
19393200,6.19
19396800,6.39
19400400,6.52
19404000,6.47
19407600,6.05
19411200,5.28
19414800,4.12
19418400,1.45
19422000,1.24
19425600,1.29
19429200,1.43
19432800,1.54
19436400,1.59
19440000,1.58
19443600,1.52
19447200,1.4
19450800,1.28
19454400,1.06
19458000,0.7
19461600,0.22
19465200,0.86
19468800,1.99
19472400,3.31
19476000,4.45
19479600,5.37
19483200,5.96
19486800,6.15
19490400,6.23
19494000,5.94
19497600,5.12
19501200,2.74
19504800,1.51
19508400,1.69
19512000,2.01
19515600,2.66
19519200,3.46
19522800,3.78
19526400,3.68
19530000,3.79
19533600,4.09
19537200,4.44
19540800,4.08
19544400,4.29
19548000,4.79
19551600,4.27
19555200,4.73
19558800,5.12
19562400,5.59
19566000,5.88
19569600,5.94
19573200,5.99
19576800,6.12
19580400,6.19
19584000,6.27
19587600,5.62
19591200,3.27
19594800,2.75
19598400,2.74
19602000,2.75
19605600,2.74
19609200,2.75
19612800,2.89
19616400,2.96
19620000,2.75
19623600,2.57
19627200,2.47
19630800,2.66
19634400,4.27
19638000,4.02
19641600,4.98
19645200,5.3
19648800,5.71
19652400,6.12
19656000,6.45
19659600,6.67
19663200,6.57
19666800,6.18
19670400,5.54
19674000,4.13
19677600,1.83
19681200,1.64
19684800,1.59
19688400,1.66
19692000,2.13
19695600,3.66
19699200,5.55
19702800,5.54
19706400,4.86
19710000,4.1
19713600,3.1
19717200,3.12
19720800,3.52
19724400,2.26
19728000,1.65
19731600,3.11
19735200,4.45
19738800,5.84
19742400,6.92
19746000,7.24
19749600,6.96
19753200,6.45
19756800,5.68
19760400,4.5
19764000,2.53
19767600,2.22
19771200,2.41
19774800,2.24
19778400,3.42
19782000,6.22
19785600,6.94
19789200,5.91
19792800,4.6
19796400,3.62
19800000,3.0
19803600,3.66
19807200,3.64
19810800,3.14
19814400,2.38
19818000,2.2
19821600,2.19
19825200,2.29
19828800,2.65
19832400,3.23
19836000,3.94
19839600,4.58
19843200,4.64
19846800,4.06
19850400,1.76
19854000,1.26
19857600,1.18
19861200,1.27
19864800,1.34
19868400,1.29
19872000,1.14
19875600,0.76
19879200,0.44
19882800,0.5
19886400,0.69
19890000,0.79
19893600,1.36
19897200,2.27
19900800,2.88
19904400,2.41
19908000,2.26
19911600,2.96
19915200,4.25
19918800,5.33
19922400,7.2
19926000,8.63
19929600,8.85
19933200,7.87
19936800,5.49
19940400,3.83
19944000,3.75
19947600,3.91
19951200,3.85
19954800,3.8
19958400,1.76
19962000,1.73
19965600,1.65
19969200,1.55
19972800,1.19
19976400,1.49
19980000,1.8
19983600,2.78
19987200,3.62
19990800,4.61
19994400,5.82
19998000,7.22
20001600,7.43
20005200,6.64
20008800,6.04
20012400,6.02
20016000,5.82
20019600,5.05
20023200,4.43
20026800,2.92
20030400,1.23
20034000,1.59
20037600,6.1
20041200,6.8
20044800,4.14
20048400,2.93
20052000,1.07
20055600,0.73
20059200,1.04
20062800,1.88
20066400,2.61
20070000,2.87
20073600,2.79
20077200,3.34
20080800,4.04
20084400,4.57
20088000,4.93
20091600,5.43
20095200,5.84
20098800,5.98
20102400,5.82
20106000,5.81
20109600,5.98
20113200,5.58
20116800,4.67
20120400,3.67
20124000,2.92
20127600,2.55
20131200,2.03
20134800,1.45
20138400,1.03
20142000,0.89
20145600,0.89
20149200,1.8
20152800,2.94
20156400,3.4
20160000,3.54
20163600,3.75
20167200,3.92
20170800,3.93
20174400,3.9
20178000,3.86
20181600,3.85
20185200,3.93
20188800,3.85
20192400,3.79
20196000,3.11
20199600,2.67
20203200,3.93
20206800,5.2
20210400,4.98
20214000,3.41
20217600,2.21
20221200,1.04
20224800,0.66
20228400,0.3
20232000,0.53
20235600,1.58
20239200,2.87
20242800,3.52
20246400,3.71
20250000,3.64
20253600,3.59
20257200,3.8
20260800,4.03
20264400,4.33
20268000,4.65
20271600,4.59
20275200,3.95
20278800,3.06
20282400,1.06
20286000,0.98
20289600,1.15
20293200,1.6
20296800,2.08
20300400,2.15
20304000,1.83
20307600,1.39
20311200,1.04
20314800,0.85
20318400,0.71
20322000,0.53
20325600,1.65
20329200,1.99
20332800,2.56
20336400,2.78
20340000,2.36
20343600,1.87
20347200,3.17
20350800,7.35
20354400,10.02
20358000,9.71
20361600,7.99
20365200,5.53
20368800,2.47
20372400,0.82
20376000,0.38
20379600,0.58
20383200,0.79
20386800,0.77
20390400,0.87
20394000,0.99
20397600,1.05
20401200,1.16
20404800,1.44
20408400,3.36
20412000,3.93
20415600,3.74
20419200,3.18
20422800,2.77
20426400,2.83
20430000,3.13
20433600,3.45
20437200,3.69
20440800,3.95
20444400,4.1
20448000,4.11
20451600,3.81
20455200,2.06
20458800,1.0
20462400,0.87
20466000,0.93
20469600,1.11
20473200,1.19
20476800,1.21
20480400,1.24
20484000,1.27
20487600,1.28
20491200,1.25
20494800,1.38
20498400,1.96
20502000,3.08
20505600,3.23
20509200,3.07
20512800,2.89
20516400,2.77
20520000,2.76
20523600,2.83
20527200,2.95
20530800,3.1
20534400,3.23
20538000,3.19
20541600,1.36
20545200,1.09
20548800,0.88
20552400,0.88
20556000,1.29
20559600,1.42
20563200,1.52
20566800,1.5
20570400,1.6
20574000,1.76
20577600,1.92
20581200,2.88
20584800,3.94
20588400,5.18
20592000,6.33
20595600,7.2
20599200,7.62
20602800,7.64
20606400,7.49
20610000,7.35
20613600,7.14
20617200,6.74
20620800,6.23
20624400,5.58
20628000,3.68
20631600,1.62
20635200,1.42
20638800,1.31
20642400,1.27
20646000,1.23
20649600,1.21
20653200,1.2
20656800,1.13
20660400,1.09
20664000,0.99
20667600,1.37
20671200,1.34
20674800,0.83
20678400,1.24
20682000,1.63
20685600,2.34
20689200,3.36
20692800,4.54
20696400,5.32
20700000,5.31
20703600,4.9
20707200,4.62
20710800,4.51
20714400,3.35
20718000,2.68
20721600,3.12
20725200,3.59
20728800,3.84
20732400,4.02
20736000,3.72
20739600,3.48
20743200,3.14
20746800,2.78
20750400,2.7
20754000,4.0
20757600,4.06
20761200,4.96
20764800,4.94
20768400,4.98
20772000,5.11
20775600,5.17
20779200,5.24
20782800,5.38
20786400,5.62
20790000,5.85
20793600,5.92
20797200,5.74
20800800,4.6
20804400,2.66
20808000,2.69
20811600,2.68
20815200,2.38
20818800,2.1
20822400,1.83
20826000,1.58
20829600,1.47
20833200,1.5
20836800,1.66
20840400,3.2
20844000,3.49
20847600,4.21
20851200,4.68
20854800,4.76
20858400,4.72
20862000,4.52
20865600,4.33
20869200,4.33
20872800,4.49
20876400,4.75
20880000,4.92
20883600,4.93
20887200,3.98
20890800,2.61
20894400,3.26
20898000,3.81
20901600,3.58
20905200,2.45
20908800,1.85
20912400,1.4
20916000,1.13
20919600,1.04
20923200,0.98
20926800,1.59
20930400,1.79
20934000,2.58
20937600,2.56
20941200,2.45
20944800,2.45
20948400,2.47
20952000,2.51
20955600,2.66
20959200,2.74
20962800,2.69
20966400,2.5
20970000,2.18
20973600,1.02
20977200,1.08
20980800,1.09
20984400,1.08
20988000,1.09
20991600,1.14
20995200,1.17
20998800,1.14
21002400,0.94
21006000,0.58
21009600,0.13
21013200,0.43
21016800,0.9
21020400,1.18
21024000,2.76
21027600,3.61
21031200,3.71
21034800,3.62
21038400,3.44
21042000,3.23
21045600,3.05
21049200,2.98
21052800,2.7
21056400,2.54
21060000,1.28
21063600,1.52
21067200,1.83
21070800,2.02
21074400,2.13
21078000,2.11
21081600,2.02
21085200,1.86
21088800,1.63
21092400,1.4
21096000,1.15
21099600,1.18
21103200,1.63
21106800,2.9
21110400,3.92
21114000,4.93
21117600,5.99
21121200,6.76
21124800,7.04
21128400,7.03
21132000,7.03
21135600,7.1
21139200,7.05
21142800,6.73
21146400,5.28
21150000,3.85
21153600,4.31
21157200,4.2
21160800,3.99
21164400,3.93
21168000,1.65
21171600,1.51
21175200,1.5
21178800,1.55
21182400,1.57
21186000,1.55
21189600,1.75
21193200,3.11
21196800,2.95
21200400,3.17
21204000,3.53
21207600,3.85
21211200,4.15
21214800,4.36
21218400,4.43
21222000,4.35
21225600,3.79
21229200,1.71
21232800,1.46
21236400,1.34
21240000,1.21
21243600,1.21
21247200,1.24
21250800,1.24
21254400,1.2
21258000,1.12
21261600,1.01
21265200,0.94
21268800,0.92
21272400,0.94
21276000,0.8
21279600,1.38
21283200,1.6
21286800,1.76
21290400,1.29
21294000,0.9
21297600,0.78
21301200,0.9
21304800,1.07
21308400,1.22
21312000,1.33
21315600,1.08
21319200,1.46
21322800,1.73
21326400,1.86
21330000,1.72
21333600,1.45
21337200,1.25
21340800,1.14
21344400,1.05
21348000,1.07
21351600,1.02
21355200,1.02
21358800,1.02
21362400,1.7
21366000,2.78
21369600,2.64
21373200,2.38
21376800,1.61
21380400,1.43
21384000,1.85
21387600,1.71
21391200,1.52
21394800,1.38
21398400,1.08
21402000,0.93
21405600,1.16
21409200,1.23
21412800,1.26
21416400,1.26
21420000,1.56
21423600,1.74
21427200,1.65
21430800,1.44
21434400,1.25
21438000,1.0
21441600,0.86
21445200,0.71
21448800,0.63
21452400,0.89
21456000,0.83
21459600,0.83
21463200,1.41
21466800,2.02
21470400,2.43
21474000,2.64
21477600,2.76
21481200,2.88
21484800,2.36
21488400,1.26
21492000,1.39
21495600,1.43
21499200,1.46
21502800,1.5
21506400,1.55
21510000,1.58
21513600,1.58
21517200,1.57
21520800,1.54
21524400,1.47
21528000,1.41
21531600,1.4
21535200,1.52
21538800,2.94
21542400,2.58
21546000,2.04
21549600,1.8
21553200,1.79
21556800,2.1
21560400,2.65
21564000,3.39
21567600,4.18
21571200,4.7
21574800,4.25
21578400,4.85
21582000,4.56
21585600,4.46
21589200,4.45
21592800,4.19
21596400,3.73
21600000,3.58
21603600,3.79
21607200,3.77
21610800,3.52
21614400,2.56
21618000,3.03
21621600,3.73
21625200,4.04
21628800,5.23
21632400,4.98
21636000,4.34
21639600,3.76
21643200,3.3
21646800,3.05
21650400,2.91
21654000,2.8
21657600,2.37
21661200,1.26
21664800,1.48
21668400,1.83
21672000,2.32
21675600,2.51
21679200,2.31
21682800,2.09
21686400,2.0
21690000,2.01
21693600,1.87
21697200,1.54
21700800,1.32
21704400,1.36
21708000,2.23
21711600,3.16
21715200,3.15
21718800,3.01
21722400,2.52
21726000,1.95
21729600,1.41
21733200,1.03
21736800,0.91
21740400,0.88
21744000,0.6
21747600,0.97
21751200,1.14
21754800,1.26
21758400,1.21
21762000,1.07
21765600,1.07
21769200,1.22
21772800,1.65
21776400,1.51
21780000,1.5
21783600,1.55
21787200,1.57
21790800,1.55
21794400,1.75
21798000,3.11
21801600,2.95
21805200,3.17
21808800,3.53
21812400,3.85
21816000,4.15
21819600,4.36
21823200,4.43
21826800,4.35
21830400,3.79
21834000,1.71
21837600,1.46
21841200,1.34
21844800,1.21
21848400,1.21
21852000,1.24
21855600,1.24
21859200,1.2
21862800,1.12
21866400,1.01
21870000,0.94
21873600,0.92
21877200,0.94
21880800,0.8
21884400,1.38
21888000,1.6
21891600,1.76
21895200,1.29
21898800,0.9
21902400,0.78
21906000,0.9
21909600,1.07
21913200,1.22
21916800,1.33
21920400,1.08
21924000,1.46
21927600,1.73
21931200,1.86
21934800,1.72
21938400,1.45
21942000,1.25
21945600,1.14
21949200,1.05
21952800,1.07
21956400,1.02
21960000,1.02
21963600,1.02
21967200,1.7
21970800,2.78
21974400,2.64
21978000,2.38
21981600,1.61
21985200,1.43
21988800,1.85
21992400,1.71
21996000,1.52
21999600,1.38
22003200,1.08
22006800,0.93
22010400,1.16
22014000,1.23
22017600,1.26
22021200,1.26
22024800,1.56
22028400,1.74
22032000,1.65
22035600,1.44
22039200,1.25
22042800,1.0
22046400,0.86
22050000,0.71
22053600,0.63
22057200,0.89
22060800,0.83
22064400,0.83
22068000,1.41
22071600,2.02
22075200,2.43
22078800,2.64
22082400,2.76
22086000,2.88
22089600,2.36
22093200,1.26
22096800,1.39
22100400,1.43
22104000,1.46
22107600,1.5
22111200,1.55
22114800,1.58
22118400,1.58
22122000,1.57
22125600,1.54
22129200,1.47
22132800,1.41
22136400,1.4
22140000,1.52
22143600,2.94
22147200,2.58
22150800,2.04
22154400,1.8
22158000,1.79
22161600,2.1
22165200,2.65
22168800,3.39
22172400,4.18
22176000,4.7
22179600,4.25
22183200,4.85
22186800,4.56
22190400,4.46
22194000,4.45
22197600,4.19
22201200,3.73
22204800,3.58
22208400,3.79
22212000,3.77
22215600,3.52
22219200,2.56
22222800,3.03
22226400,3.73
22230000,4.04
22233600,5.23
22237200,4.98
22240800,4.34
22244400,3.76
22248000,3.3
22251600,3.05
22255200,2.91
22258800,2.8
22262400,2.37
22266000,1.26
22269600,1.48
22273200,1.83
22276800,2.32
22280400,2.51
22284000,2.31
22287600,2.09
22291200,2.0
22294800,2.01
22298400,1.87
22302000,1.54
22305600,1.32
22309200,1.36
22312800,2.23
22316400,3.16
22320000,3.15
22323600,3.01
22327200,2.52
22330800,1.95
22334400,1.41
22338000,1.03
22341600,0.91
22345200,0.88
22348800,0.6
22352400,0.97
22356000,1.14
22359600,1.26
22363200,1.21
22366800,1.07
22370400,1.07
22374000,1.22
22377600,1.65
22381200,1.51
22384800,1.5
22388400,1.55
22392000,1.57
22395600,1.55
22399200,1.75
22402800,3.11
22406400,2.95
22410000,3.17
22413600,3.53
22417200,3.85
22420800,4.15
22424400,4.36
22428000,4.43
22431600,4.35
22435200,3.79
22438800,1.71
22442400,1.46
22446000,1.34
22449600,1.21
22453200,1.21
22456800,1.24
22460400,1.24
22464000,1.2
22467600,1.12
22471200,1.01
22474800,0.94
22478400,0.92
22482000,0.94
22485600,0.8
22489200,1.38
22492800,1.6
22496400,1.76
22500000,1.29
22503600,0.9
22507200,0.78
22510800,0.9
22514400,1.07
22518000,1.22
22521600,1.33
22525200,1.08
22528800,1.46
22532400,1.73
22536000,1.86
22539600,1.72
22543200,1.45
22546800,1.25
22550400,1.14
22554000,1.05
22557600,1.07
22561200,1.02
22564800,1.02
22568400,1.02
22572000,1.7
22575600,2.78
22579200,2.64
22582800,2.38
22586400,1.61
22590000,1.43
22593600,1.85
22597200,1.71
22600800,1.52
22604400,1.38
22608000,1.08
22611600,0.93
22615200,1.16
22618800,1.23
22622400,1.26
22626000,1.26
22629600,1.56
22633200,1.74
22636800,1.65
22640400,1.44
22644000,1.25
22647600,1.0
22651200,0.86
22654800,0.71
22658400,0.63
22662000,0.89
22665600,0.83
22669200,0.83
22672800,1.41
22676400,2.02
22680000,2.43
22683600,2.64
22687200,2.76
22690800,2.88
22694400,2.36
22698000,1.26
22701600,1.39
22705200,1.43
22708800,1.46
22712400,1.5
22716000,1.55
22719600,1.58
22723200,1.58
22726800,1.57
22730400,1.54
22734000,1.47
22737600,1.41
22741200,1.4
22744800,1.52
22748400,2.94
22752000,2.58
22755600,2.04
22759200,1.8
22762800,1.79
22766400,2.1
22770000,2.65
22773600,3.39
22777200,4.18
22780800,4.7
22784400,4.25
22788000,4.85
22791600,4.56
22795200,4.46
22798800,4.45
22802400,4.19
22806000,3.73
22809600,3.58
22813200,3.79
22816800,3.77
22820400,3.52
22824000,2.56
22827600,3.03
22831200,3.73
22834800,4.04
22838400,5.23
22842000,4.98
22845600,4.34
22849200,3.76
22852800,3.3
22856400,3.05
22860000,2.91
22863600,2.8
22867200,2.37
22870800,1.26
22874400,1.48
22878000,1.83
22881600,2.32
22885200,2.51
22888800,2.31
22892400,2.09
22896000,2.0
22899600,2.01
22903200,1.87
22906800,1.54
22910400,1.32
22914000,1.36
22917600,2.23
22921200,3.16
22924800,3.15
22928400,3.01
22932000,2.52
22935600,1.95
22939200,1.41
22942800,1.03
22946400,0.91
22950000,0.88
22953600,0.6
22957200,0.97
22960800,1.14
22964400,1.26
22968000,1.21
22971600,1.07
22975200,1.07
22978800,1.22
22982400,1.65
22986000,1.51
22989600,1.5
22993200,1.55
22996800,1.57
23000400,1.55
23004000,1.75
23007600,3.11
23011200,2.95
23014800,3.17
23018400,3.53
23022000,3.85
23025600,4.15
23029200,4.36
23032800,4.43
23036400,4.35
23040000,3.79
23043600,1.71
23047200,1.46
23050800,1.34
23054400,1.21
23058000,1.21
23061600,1.24
23065200,1.24
23068800,1.2
23072400,1.12
23076000,1.01
23079600,0.94
23083200,0.92
23086800,0.94
23090400,0.8
23094000,1.38
23097600,1.6
23101200,1.76
23104800,1.29
23108400,0.9
23112000,0.78
23115600,0.9
23119200,1.07
23122800,1.22
23126400,1.33
23130000,1.08
23133600,1.46
23137200,1.73
23140800,1.86
23144400,1.72
23148000,1.45
23151600,1.25
23155200,1.14
23158800,1.05
23162400,1.07
23166000,1.02
23169600,1.02
23173200,1.02
23176800,1.7
23180400,2.78
23184000,2.64
23187600,2.38
23191200,1.61
23194800,1.43
23198400,1.85
23202000,1.71
23205600,1.52
23209200,1.38
23212800,1.08
23216400,0.93
23220000,1.16
23223600,1.23
23227200,1.26
23230800,1.26
23234400,1.56
23238000,1.74
23241600,1.65
23245200,1.44
23248800,1.25
23252400,1.0
23256000,0.86
23259600,0.71
23263200,0.63
23266800,0.89
23270400,0.83
23274000,0.83
23277600,1.41
23281200,2.02
23284800,2.43
23288400,2.64
23292000,2.76
23295600,2.88
23299200,2.36
23302800,1.26
23306400,1.39
23310000,1.43
23313600,1.46
23317200,1.5
23320800,1.55
23324400,1.58
23328000,1.58
23331600,1.57
23335200,1.54
23338800,1.47
23342400,1.41
23346000,1.4
23349600,1.52
23353200,2.94
23356800,2.58
23360400,2.04
23364000,1.8
23367600,1.79
23371200,2.1
23374800,2.65
23378400,3.39
23382000,4.18
23385600,4.7
23389200,4.25
23392800,4.85
23396400,4.56
23400000,4.46
23403600,4.45
23407200,4.19
23410800,3.73
23414400,3.58
23418000,3.79
23421600,3.77
23425200,3.52
23428800,2.56
23432400,3.03
23436000,3.73
23439600,4.04
23443200,5.23
23446800,4.98
23450400,4.34
23454000,3.76
23457600,3.3
23461200,3.05
23464800,2.91
23468400,2.8
23472000,2.37
23475600,1.26
23479200,1.48
23482800,1.83
23486400,2.32
23490000,2.51
23493600,2.31
23497200,2.09
23500800,2.0
23504400,2.01
23508000,1.87
23511600,1.54
23515200,1.32
23518800,1.36
23522400,2.23
23526000,3.16
23529600,3.15
23533200,3.01
23536800,2.52
23540400,1.95
23544000,1.41
23547600,1.03
23551200,0.91
23554800,0.88
23558400,0.6
23562000,0.97
23565600,1.14
23569200,1.26
23572800,1.21
23576400,1.07
23580000,1.07
23583600,1.22
23587200,1.82
23590800,1.87
23594400,2.26
23598000,2.55
23601600,2.56
23605200,2.57
23608800,3.24
23612400,3.02
23616000,2.95
23619600,2.66
23623200,2.47
23626800,2.87
23630400,3.02
23634000,3.01
23637600,2.9
23641200,2.8
23644800,2.74
23648400,2.38
23652000,1.6
23655600,2.15
23659200,2.36
23662800,2.04
23666400,0.92
23670000,0.7
23673600,0.56
23677200,0.55
23680800,0.7
23684400,0.85
23688000,0.95
23691600,0.92
23695200,1.97
23698800,2.51
23702400,2.94
23706000,3.3
23709600,3.6
23713200,3.76
23716800,3.74
23720400,3.55
23724000,3.28
23727600,2.94
23731200,2.49
23734800,1.58
23738400,1.01
23742000,1.23
23745600,1.42
23749200,1.47
23752800,1.37
23756400,1.15
23760000,0.95
23763600,0.85
23767200,0.65
23770800,0.49
23774400,0.6
23778000,0.59
23781600,1.02
23785200,1.61
23788800,1.83
23792400,1.63
23796000,1.73
23799600,1.91
23803200,1.96
23806800,1.88
23810400,1.71
23814000,1.45
23817600,1.22
23821200,0.86
23824800,0.82
23828400,1.01
23832000,1.14
23835600,1.24
23839200,1.31
23842800,1.24
23846400,1.42
23850000,1.8
23853600,2.19
23857200,2.7
23860800,2.95
23864400,3.06
23868000,3.98
23871600,3.79
23875200,3.6
23878800,3.15
23882400,3.26
23886000,3.65
23889600,4.15
23893200,4.66
23896800,5.03
23900400,5.19
23904000,5.0
23907600,4.05
23911200,2.05
23914800,2.24
23918400,2.75
23922000,3.2
23925600,3.27
23929200,2.95
23932800,2.6
23936400,2.6
23940000,2.68
23943600,2.56
23947200,2.28
23950800,2.42
23954400,3.58
23958000,4.02
23961600,4.03
23965200,3.78
23968800,3.56
23972400,3.4
23976000,3.35
23979600,3.52
23983200,3.74
23986800,3.98
23990400,4.22
23994000,4.02
23997600,2.51
24001200,2.75
24004800,2.68
24008400,2.43
24012000,2.01
24015600,1.54
24019200,1.2
24022800,1.01
24026400,0.93
24030000,0.93
24033600,0.95
24037200,0.93
24040800,1.93
24044400,1.83
24048000,2.05
24051600,2.19
24055200,2.21
24058800,2.05
24062400,1.79
24066000,1.46
24069600,1.19
24073200,1.06
24076800,1.14
24080400,1.01
24084000,1.09
24087600,1.23
24091200,1.22
24094800,1.19
24098400,1.21
24102000,1.2
24105600,1.19
24109200,1.17
24112800,1.15
24116400,1.13
24120000,1.12
24123600,1.16
24127200,2.12
24130800,2.85
24134400,2.79
24138000,2.68
24141600,2.42
24145200,2.06
24148800,1.75
24152400,1.54
24156000,1.44
24159600,1.54
24163200,2.01
24166800,1.65
24170400,2.18
24174000,3.8
24177600,3.84
24181200,3.39
24184800,3.14
24188400,2.84
24192000,1.65
24195600,1.51
24199200,1.5
24202800,1.55
24206400,1.57
24210000,1.55
24213600,1.75
24217200,3.11
24220800,2.95
24224400,3.17
24228000,3.53
24231600,3.85
24235200,4.15
24238800,4.36
24242400,4.43
24246000,4.35
24249600,3.79
24253200,1.71
24256800,1.46
24260400,1.34
24264000,1.21
24267600,1.21
24271200,1.24
24274800,1.24
24278400,1.2
24282000,1.12
24285600,1.01
24289200,0.94
24292800,0.92
24296400,0.94
24300000,0.8
24303600,1.38
24307200,1.6
24310800,1.76
24314400,1.29
24318000,0.9
24321600,0.78
24325200,0.9
24328800,1.07
24332400,1.22
24336000,1.33
24339600,1.08
24343200,1.46
24346800,1.73
24350400,1.86
24354000,1.72
24357600,1.45
24361200,1.25
24364800,1.14
24368400,1.05
24372000,1.07
24375600,1.02
24379200,1.02
24382800,1.02
24386400,1.7
24390000,2.78
24393600,2.64
24397200,2.38
24400800,1.61
24404400,1.43
24408000,1.85
24411600,1.71
24415200,1.52
24418800,1.38
24422400,1.08
24426000,0.93
24429600,1.16
24433200,1.23
24436800,1.26
24440400,1.26
24444000,1.56
24447600,1.74
24451200,1.65
24454800,1.44
24458400,1.25
24462000,1.0
24465600,0.86
24469200,0.71
24472800,0.63
24476400,0.89
24480000,0.83
24483600,0.83
24487200,1.41
24490800,2.02
24494400,2.43
24498000,2.64
24501600,2.76
24505200,2.88
24508800,2.36
24512400,1.26
24516000,1.39
24519600,1.43
24523200,1.46
24526800,1.5
24530400,1.55
24534000,1.58
24537600,1.58
24541200,1.57
24544800,1.54
24548400,1.47
24552000,1.41
24555600,1.4
24559200,1.52
24562800,2.94
24566400,2.58
24570000,2.04
24573600,1.8
24577200,1.79
24580800,2.1
24584400,2.65
24588000,3.39
24591600,4.18
24595200,4.7
24598800,4.25
24602400,4.85
24606000,4.56
24609600,4.46
24613200,4.45
24616800,4.19
24620400,3.73
24624000,3.58
24627600,3.79
24631200,3.77
24634800,3.52
24638400,2.56
24642000,3.03
24645600,3.73
24649200,4.04
24652800,5.23
24656400,4.98
24660000,4.34
24663600,3.76
24667200,3.3
24670800,3.05
24674400,2.91
24678000,2.8
24681600,2.37
24685200,1.26
24688800,1.48
24692400,1.83
24696000,2.32
24699600,2.51
24703200,2.31
24706800,2.09
24710400,2.0
24714000,2.01
24717600,1.87
24721200,1.54
24724800,1.32
24728400,1.36
24732000,2.23
24735600,3.16
24739200,3.15
24742800,3.01
24746400,2.52
24750000,1.95
24753600,1.41
24757200,1.03
24760800,0.91
24764400,0.88
24768000,0.6
24771600,0.97
24775200,1.14
24778800,1.26
24782400,1.21
24786000,1.07
24789600,1.07
24793200,1.22
24796800,1.65
24800400,1.51
24804000,1.5
24807600,1.55
24811200,1.57
24814800,1.55
24818400,1.75
24822000,3.11
24825600,2.95
24829200,3.17
24832800,3.53
24836400,3.85
24840000,4.15
24843600,4.36
24847200,4.43
24850800,4.35
24854400,3.79
24858000,1.71
24861600,1.46
24865200,1.34
24868800,1.21
24872400,1.21
24876000,1.24
24879600,1.24
24883200,1.2
24886800,1.12
24890400,1.01
24894000,0.94
24897600,0.92
24901200,0.94
24904800,0.8
24908400,1.38
24912000,1.6
24915600,1.76
24919200,1.29
24922800,0.9
24926400,0.78
24930000,0.9
24933600,1.07
24937200,1.22
24940800,1.33
24944400,1.08
24948000,1.46
24951600,1.73
24955200,1.86
24958800,1.72
24962400,1.45
24966000,1.25
24969600,1.14
24973200,1.05
24976800,1.07
24980400,1.02
24984000,1.02
24987600,1.02
24991200,1.7
24994800,2.78
24998400,2.64
25002000,2.38
25005600,1.61
25009200,1.43
25012800,1.85
25016400,1.71
25020000,1.52
25023600,1.38
25027200,1.08
25030800,0.93
25034400,1.16
25038000,1.23
25041600,1.26
25045200,1.26
25048800,1.56
25052400,1.74
25056000,1.65
25059600,1.44
25063200,1.25
25066800,1.0
25070400,0.86
25074000,0.71
25077600,0.63
25081200,0.89
25084800,0.83
25088400,0.83
25092000,1.41
25095600,2.02
25099200,2.43
25102800,2.64
25106400,2.76
25110000,2.88
25113600,2.36
25117200,1.26
25120800,1.39
25124400,1.43
25128000,1.46
25131600,1.5
25135200,1.55
25138800,1.58
25142400,1.58
25146000,1.57
25149600,1.54
25153200,1.47
25156800,1.41
25160400,1.4
25164000,1.52
25167600,2.94
25171200,2.58
25174800,2.04
25178400,1.8
25182000,1.79
25185600,2.1
25189200,2.65
25192800,3.39
25196400,4.18
25200000,4.7
25203600,4.25
25207200,4.85
25210800,4.56
25214400,4.46
25218000,4.45
25221600,4.19
25225200,3.73
25228800,3.58
25232400,3.79
25236000,3.77
25239600,3.52
25243200,2.56
25246800,3.03
25250400,3.73
25254000,4.04
25257600,5.23
25261200,4.98
25264800,4.34
25268400,3.76
25272000,3.3
25275600,3.05
25279200,2.91
25282800,2.8
25286400,2.37
25290000,1.26
25293600,1.48
25297200,1.83
25300800,2.32
25304400,2.51
25308000,2.31
25311600,2.09
25315200,2.0
25318800,2.01
25322400,1.87
25326000,1.54
25329600,1.32
25333200,1.36
25336800,2.23
25340400,3.16
25344000,3.15
25347600,3.01
25351200,2.52
25354800,1.95
25358400,1.41
25362000,1.03
25365600,0.91
25369200,0.88
25372800,0.6
25376400,0.97
25380000,1.14
25383600,1.26
25387200,1.21
25390800,1.07
25394400,1.07
25398000,1.22
25401600,0.91
25405200,0.85
25408800,0.67
25412400,0.41
25416000,0.29
25419600,0.33
25423200,0.41
25426800,0.66
25430400,0.38
25434000,1.02
25437600,1.68
25441200,2.12
25444800,2.36
25448400,2.46
25452000,2.45
25455600,2.35
25459200,1.28
25462800,1.34
25466400,1.46
25470000,1.54
25473600,1.5
25477200,1.37
25480800,1.25
25484400,1.21
25488000,1.22
25491600,1.25
25495200,1.28
25498800,1.31
25502400,1.28
25506000,1.16
25509600,0.99
25513200,0.77
25516800,0.65
25520400,1.09
25524000,1.69
25527600,1.88
25531200,1.92
25534800,1.84
25538400,1.68
25542000,1.48
25545600,0.79
25549200,0.96
25552800,1.0
25556400,1.02
25560000,1.03
25563600,1.01
25567200,0.98
25570800,0.96
25574400,0.97
25578000,1.03
25581600,1.12
25585200,1.18
25588800,1.19
25592400,1.16
25596000,1.08
25599600,0.76
25603200,1.01
25606800,2.67
25610400,3.43
25614000,3.81
25617600,4.11
25621200,4.25
25624800,4.21
25628400,3.92
25632000,1.9
25635600,1.67
25639200,1.77
25642800,1.93
25646400,2.15
25650000,2.29
25653600,2.16
25657200,1.96
25660800,1.81
25664400,1.7
25668000,1.68
25671600,1.75
25675200,1.8
25678800,1.85
25682400,1.9
25686000,2.79
25689600,3.34
25693200,3.96
25696800,5.38
25700400,5.75
25704000,5.91
25707600,5.94
25711200,5.7
25714800,5.11
25718400,2.63
25722000,1.74
25725600,1.67
25729200,1.66
25732800,1.71
25736400,1.78
25740000,1.85
25743600,1.89
25747200,1.89
25750800,1.88
25754400,1.83
25758000,1.69
25761600,1.61
25765200,1.56
25768800,1.52
25772400,1.18
25776000,2.15
25779600,2.97
25783200,4.2
25786800,4.72
25790400,5.04
25794000,5.12
25797600,4.96
25801200,4.46
25804800,2.14
25808400,1.96
25812000,2.21
25815600,2.49
25819200,2.79
25822800,3.21
25826400,3.48
25830000,3.41
25833600,3.22
25837200,3.05
25840800,2.98
25844400,3.03
25848000,3.06
25851600,2.95
25855200,2.87
25858800,4.13
25862400,3.87
25866000,5.33
25869600,5.95
25873200,6.12
25876800,6.34
25880400,6.4
25884000,6.17
25887600,5.65
25891200,3.35
25894800,1.89
25898400,1.58
25902000,1.43
25905600,1.3
25909200,1.37
25912800,1.47
25916400,1.66
25920000,1.89
25923600,1.99
25927200,1.89
25930800,1.72
25934400,1.57
25938000,1.5
25941600,1.47
25945200,1.3
25948800,2.35
25952400,3.24
25956000,3.61
25959600,3.93
25963200,4.16
25966800,4.21
25970400,4.07
25974000,3.67
25977600,1.63
25981200,1.49
25984800,1.51
25988400,1.5
25992000,1.46
25995600,1.4
25999200,1.33
26002800,1.31
26006400,1.47
26010000,1.97
26013600,2.3
26017200,2.92
26020800,4.8
26024400,4.96
26028000,5.09
26031600,5.27
26035200,5.01
26038800,4.59
26042400,4.66
26046000,5.01
26049600,5.27
26053200,5.15
26056800,4.76
26060400,4.27
26064000,3.75
26067600,2.5
26071200,1.37
26074800,1.62
26078400,1.98
26082000,2.12
26085600,2.03
26089200,1.79
26092800,1.58
26096400,1.45
26100000,1.39
26103600,1.42
26107200,1.43
26110800,1.7
26114400,2.53
26118000,1.63
26121600,1.02
26125200,0.45
26128800,0.43
26132400,0.68
26136000,1.0
26139600,1.22
26143200,1.26
26146800,1.22
26150400,1.18
26154000,1.11
26157600,0.89
26161200,1.08
26164800,1.34
26168400,1.63
26172000,1.77
26175600,1.66
26179200,1.45
26182800,1.23
26186400,1.07
26190000,1.01
26193600,1.04
26197200,1.47
26200800,2.44
26204400,2.06
26208000,1.5
26211600,1.35
26215200,1.51
26218800,1.73
26222400,1.86
26226000,1.88
26229600,1.92
26233200,2.06
26236800,2.16
26240400,1.67
26244000,1.08
26247600,1.33
26251200,1.47
26254800,1.47
26258400,1.3
26262000,1.12
26265600,1.03
26269200,0.91
26272800,0.64
26276400,0.34
26280000,0.47
26283600,0.63
26287200,1.43
26290800,1.19
26294400,0.89
26298000,0.83
26301600,1.14
26305200,1.29
26308800,1.24
26312400,1.13
26316000,1.09
26319600,1.15
26323200,1.32
26326800,1.03
26330400,0.93
26334000,1.06
26337600,1.08
26341200,1.08
26344800,1.1
26348400,1.15
26352000,1.17
26355600,1.08
26359200,0.88
26362800,0.64
26366400,0.63
26370000,0.8
26373600,1.58
26377200,1.21
26380800,1.25
26384400,1.68
26388000,1.97
26391600,2.33
26395200,2.67
26398800,2.83
26402400,2.98
26406000,3.04
26409600,3.05
26413200,2.47
26416800,1.89
26420400,3.14
26424000,3.86
26427600,3.57
26431200,3.39
26434800,3.34
26438400,3.27
26442000,3.12
26445600,2.89
26449200,2.6
26452800,2.11
26456400,2.42
26460000,2.28
26463600,1.86
26467200,3.29
26470800,3.83
26474400,3.97
26478000,4.1
26481600,4.1
26485200,4.1
26488800,4.25
26492400,4.67
26496000,5.61
26499600,6.83
26503200,7.07
26506800,6.32
26510400,5.65
26514000,5.09
26517600,4.42
26521200,4.01
26524800,3.75
26528400,3.41
26532000,2.59
26535600,2.05
26539200,1.97
26542800,2.67
26546400,3.22
26550000,3.82
26553600,3.17
26557200,2.73
26560800,2.74
26564400,2.9
26568000,2.9
26571600,2.88
26575200,2.93
26578800,3.0
26582400,2.85
26586000,2.04
26589600,1.01
26593200,1.04
26596800,1.09
26600400,1.15
26604000,1.38
26607600,1.76
26611200,2.97
26614800,3.47
26618400,3.84
26622000,3.88
26625600,3.6
26629200,3.25
26632800,3.22
26636400,4.38
26640000,4.11
26643600,4.64
26647200,4.95
26650800,5.36
26654400,5.82
26658000,6.1
26661600,6.07
26665200,5.7
26668800,4.2
26672400,1.96
26676000,1.93
26679600,2.09
26683200,2.29
26686800,2.49
26690400,2.76
26694000,3.0
26697600,3.01
26701200,2.89
26704800,2.77
26708400,2.67
26712000,2.59
26715600,2.51
26719200,2.52
26722800,3.79
26726400,3.73
26730000,4.76
26733600,4.71
26737200,4.61
26740800,4.53
26744400,4.49
26748000,4.42
26751600,4.23
26755200,2.62
26758800,1.69
26762400,1.78
26766000,1.83
26769600,1.88
26773200,1.92
26776800,1.92
26780400,1.87
26784000,1.74
26787600,1.6
26791200,1.5
26794800,1.47
26798400,1.48
26802000,1.5
26805600,1.49
26809200,2.6
26812800,2.36
26816400,1.66
26820000,0.96
26823600,0.83
26827200,0.9
26830800,1.02
26834400,1.18
26838000,1.37
26841600,0.91
26845200,1.22
26848800,1.34
26852400,1.37
26856000,1.34
26859600,1.27
26863200,1.1
26866800,0.84
26870400,0.62
26874000,0.65
26877600,0.71
26881200,0.74
26884800,0.64
26888400,0.49
26892000,0.5
26895600,0.73
26899200,1.14
26902800,1.08
26906400,2.26
26910000,3.01
26913600,3.21
26917200,3.28
26920800,3.24
26924400,3.06
26928000,1.39
26931600,1.38
26935200,1.43
26938800,1.42
26942400,1.41
26946000,1.41
26949600,1.37
26953200,1.34
26956800,1.41
26960400,1.44
26964000,1.52
26967600,1.69
26971200,1.84
26974800,2.01
26978400,2.55
26982000,3.42
26985600,4.2
26989200,4.26
26992800,4.85
26996400,4.63
27000000,4.01
27003600,3.47
27007200,3.34
27010800,3.56
27014400,2.81
27018000,2.25
27021600,2.75
27025200,2.56
27028800,2.14
27032400,1.89
27036000,1.65
27039600,1.46
27043200,1.33
27046800,1.25
27050400,1.21
27054000,1.11
27057600,1.0
27061200,0.93
27064800,0.79
27068400,0.62
27072000,1.1
27075600,2.3
27079200,3.3
27082800,4.06
27086400,4.77
27090000,5.33
27093600,5.61
27097200,5.52
27100800,3.99
27104400,1.85
27108000,1.72
27111600,1.85
27115200,2.14
27118800,2.4
27122400,2.56
27126000,2.67
27129600,2.48
27133200,2.1
27136800,1.84
27140400,1.77
27144000,1.74
27147600,1.68
27151200,1.59
27154800,2.22
27158400,1.97
27162000,1.05
27165600,0.81
27169200,1.43
27172800,2.22
27176400,2.96
27180000,3.71
27183600,4.32
27187200,3.93
27190800,2.24
27194400,2.23
27198000,1.76
27201600,1.3
27205200,1.13
27208800,0.96
27212400,0.91
27216000,2.26
27219600,2.78
27223200,3.11
27226800,3.19
27230400,3.05
27234000,3.04
27237600,3.65
27241200,3.06
27244800,3.18
27248400,3.3
27252000,3.66
27255600,3.91
27259200,4.05
27262800,4.1
27266400,4.01
27270000,3.85
27273600,3.34
27277200,1.96
27280800,0.95
27284400,0.87
27288000,0.59
27291600,0.74
27295200,0.87
27298800,0.7
27302400,0.58
27306000,0.66
27309600,0.85
27313200,0.98
27316800,1.0
27320400,0.93
27324000,1.6
27327600,1.18
27331200,1.36
27334800,2.34
27338400,3.02
27342000,3.47
27345600,3.58
27349200,3.53
27352800,3.43
27356400,3.34
27360000,3.11
27363600,1.74
27367200,1.12
27370800,1.08
27374400,0.68
27378000,0.18
27381600,0.73
27385200,1.18
27388800,1.32
27392400,1.5
27396000,1.59
27399600,1.49
27403200,1.33
27406800,1.26
27410400,2.34
27414000,2.93
27417600,4.0
27421200,4.7
27424800,5.29
27428400,5.8
27432000,5.91
27435600,6.16
27439200,6.53
27442800,6.34
27446400,6.4
27450000,6.37
27453600,5.61
27457200,4.74
27460800,4.11
27464400,3.69
27468000,2.69
27471600,2.16
27475200,1.85
27478800,1.68
27482400,1.65
27486000,1.73
27489600,1.91
27493200,2.83
27496800,3.85
27500400,3.67
27504000,3.4
27507600,3.75
27511200,4.18
27514800,4.47
27518400,4.68
27522000,4.78
27525600,4.74
27529200,4.57
27532800,4.26
27536400,3.61
27540000,1.62
27543600,1.23
27547200,1.18
27550800,1.29
27554400,1.43
27558000,1.46
27561600,1.33
27565200,1.15
27568800,1.0
27572400,0.93
27576000,0.73
27579600,0.44
27583200,0.54
27586800,0.78
27590400,1.57
27594000,2.01
27597600,2.19
27601200,2.51
27604800,3.18
27608400,4.22
27612000,5.32
27615600,6.16
27619200,6.35
27622800,5.81
27626400,4.06
27630000,3.34
27633600,3.79
27637200,3.77
27640800,3.29
27644400,2.79
27648000,2.27
27651600,2.17
27655200,2.5
27658800,3.24
27662400,3.59
27666000,3.86
27669600,4.51
27673200,4.88
27676800,4.57
27680400,4.0
27684000,3.77
27687600,3.67
27691200,3.49
27694800,3.34
27698400,3.24
27702000,3.16
27705600,3.02
27709200,2.71
27712800,1.17
27716400,1.2
27720000,1.44
27723600,1.71
27727200,1.9
27730800,2.06
27734400,2.08
27738000,2.15
27741600,2.25
27745200,2.39
27748800,2.51
27752400,3.04
27756000,3.8
27759600,3.58
27763200,3.22
27766800,2.81
27770400,2.48
27774000,2.22
27777600,1.98
27781200,1.9
27784800,2.08
27788400,2.34
27792000,2.54
27795600,2.32
27799200,1.32
27802800,1.99
27806400,2.71
27810000,3.35
27813600,2.92
27817200,2.13
27820800,2.7
27824400,2.56
27828000,2.41
27831600,2.27
27835200,2.11
27838800,2.31
27842400,3.25
27846000,2.81
27849600,2.21
27853200,1.9
27856800,2.19
27860400,2.53
27864000,2.93
27867600,3.13
27871200,2.86
27874800,2.4
27878400,1.76
27882000,0.34
27885600,0.86
27889200,1.39
27892800,1.33
27896400,1.14
27900000,1.0
27903600,0.72
27907200,0.56
27910800,0.81
27914400,0.86
27918000,0.8
27921600,0.75
27925200,0.65
27928800,1.39
27932400,1.43
27936000,1.33
27939600,1.01
27943200,0.24
27946800,0.6
27950400,1.34
27954000,1.93
27957600,2.48
27961200,2.98
27964800,3.19
27968400,2.11
27972000,1.14
27975600,0.99
27979200,1.01
27982800,1.12
27986400,1.07
27990000,0.56
27993600,0.31
27997200,0.83
28000800,1.03
28004400,1.08
28008000,1.1
28011600,1.05
28015200,1.36
28018800,1.12
28022400,0.75
28026000,1.74
28029600,1.67
28033200,1.4
28036800,1.34
28040400,1.49
28044000,1.83
28047600,2.29
28051200,2.79
28054800,2.71
28058400,2.67
28062000,3.05
28065600,2.53
28069200,1.93
28072800,1.61
28076400,1.43
28080000,1.23
28083600,1.05
28087200,0.9
28090800,0.58
28094400,0.68
28098000,0.75
28101600,1.84
28105200,1.64
28108800,1.92
28112400,3.03
28116000,3.82
28119600,4.31
28123200,4.58
28126800,4.72
28130400,4.84
28134000,4.93
28137600,4.95
28141200,3.96
28144800,3.23
28148400,4.15
28152000,4.28
28155600,4.18
28159200,3.79
28162800,3.44
28166400,2.64
28170000,2.29
28173600,2.11
28177200,1.93
28180800,1.95
28184400,1.76
28188000,3.11
28191600,4.37
28195200,5.28
28198800,6.07
28202400,6.73
28206000,7.06
28209600,7.13
28213200,7.07
28216800,6.97
28220400,6.85
28224000,6.6
28227600,5.65
28231200,4.14
28234800,3.57
28238400,3.48
28242000,3.33
28245600,2.88
28249200,2.52
28252800,2.23
28256400,2.12
28260000,1.89
28263600,1.58
28267200,1.78
28270800,2.38
28274400,3.58
28278000,4.69
28281600,5.73
28285200,6.16
28288800,6.52
28292400,6.8
28296000,6.94
28299600,6.92
28303200,6.79
28306800,6.58
28310400,6.37
28314000,5.39
28317600,4.19
28321200,3.94
28324800,3.92
28328400,3.77
28332000,3.25
28335600,3.11
28339200,3.21
28342800,3.43
28346400,2.75
28350000,1.98
28353600,2.19
28357200,2.9
28360800,4.33
28364400,4.95
28368000,4.67
28371600,4.32
28375200,4.2
28378800,3.99
28382400,3.64
28386000,3.23
28389600,2.49
28393200,1.67
28396800,1.06
28400400,0.46
28404000,1.01
28407600,1.3
28411200,1.58
28414800,1.48
28418400,1.2
28422000,0.95
28425600,1.33
28429200,1.37
28432800,1.38
28436400,1.36
28440000,1.23
28443600,0.89
28447200,0.37
28450800,0.32
28454400,1.09
28458000,1.08
28461600,1.53
28465200,2.17
28468800,2.34
28472400,2.34
28476000,2.29
28479600,2.14
28483200,1.1
28486800,1.38
28490400,1.46
28494000,1.49
28497600,1.48
28501200,1.43
28504800,1.37
28508400,1.33
28512000,1.27
28515600,1.26
28519200,1.3
28522800,1.31
28526400,1.23
28530000,1.13
28533600,1.04
28537200,0.84
28540800,1.01
28544400,2.13
28548000,3.91
28551600,4.73
28555200,5.41
28558800,5.94
28562400,6.14
28566000,5.78
28569600,3.38
28573200,2.41
28576800,2.31
28580400,2.3
28584000,2.44
28587600,2.61
28591200,2.72
28594800,2.72
28598400,2.62
28602000,2.38
28605600,2.17
28609200,2.08
28612800,1.95
28616400,1.84
28620000,1.73
28623600,2.1
28627200,2.91
28630800,2.94
28634400,4.13
28638000,4.97
28641600,5.59
28645200,5.86
28648800,5.69
28652400,5.1
28656000,2.65
28659600,1.61
28663200,1.43
28666800,1.33
28670400,1.12
28674000,0.7
28677600,0.47
28681200,0.52
28684800,0.66
28688400,0.7
28692000,0.54
28695600,0.3
28699200,0.24
28702800,0.59
28706400,1.04
28710000,1.14
28713600,2.64
28717200,4.11
28720800,6.53
28724400,7.83
28728000,8.47
28731600,8.77
28735200,8.84
28738800,8.37
28742400,6.61
28746000,5.4
28749600,4.97
28753200,4.61
28756800,3.98
28760400,3.11
28764000,2.9
28767600,2.97
28771200,2.86
28774800,2.79
28778400,2.61
28782000,2.36
28785600,2.28
28789200,2.28
28792800,2.23
28796400,3.19
28800000,3.13
28803600,4.06
28807200,4.75
28810800,5.17
28814400,5.85
28818000,6.55
28821600,7.05
28825200,6.77
28828800,4.5
28832400,2.9
28836000,2.8
28839600,2.73
28843200,2.5
28846800,2.21
28850400,2.0
28854000,1.8
28857600,1.62
28861200,1.48
28864800,1.43
28868400,1.41
28872000,1.39
28875600,1.36
28879200,1.32
28882800,1.0
28886400,1.73
28890000,2.65
28893600,3.91
28897200,4.66
28900800,5.36
28904400,5.84
28908000,5.94
28911600,5.04
28915200,2.63
28918800,2.47
28922400,3.0
28926000,4.14
28929600,4.29
28933200,4.61
28936800,5.02
28940400,5.2
28944000,5.7
28947600,5.6
28951200,5.35
28954800,5.09
28958400,4.71
28962000,4.31
28965600,4.24
28969200,5.17
28972800,7.05
28976400,7.66
28980000,7.41
28983600,6.68
28987200,5.94
28990800,5.56
28994400,5.41
28998000,5.14
29001600,3.26
29005200,1.73
29008800,1.57
29012400,1.64
29016000,1.85
29019600,2.04
29023200,2.22
29026800,2.23
29030400,1.45
29034000,1.33
29037600,1.09
29041200,1.02
29044800,1.51
29048400,1.74
29052000,1.19
29055600,1.43
29059200,3.24
29062800,4.63
29066400,5.29
29070000,5.45
29073600,5.35
29077200,5.11
29080800,5.2
29084400,5.14
29088000,4.06
29091600,2.48
29095200,1.12
29098800,0.88
29102400,0.94
29106000,1.11
29109600,1.25
29113200,1.46
29116800,1.69
29120400,1.82
29124000,1.68
29127600,1.44
29131200,1.21
29134800,1.04
29138400,0.96
29142000,0.8
29145600,1.24
29149200,0.86
29152800,1.08
29156400,1.23
29160000,1.16
29163600,1.17
29167200,1.31
29170800,0.93
29174400,0.57
29178000,0.59
29181600,0.54
29185200,0.39
29188800,0.28
29192400,0.24
29196000,0.48
29199600,0.82
29203200,1.03
29206800,1.15
29210400,1.23
29214000,1.31
29217600,1.35
29221200,1.37
29224800,1.4
29228400,1.37
29232000,1.66
29235600,2.09
29239200,2.72
29242800,3.08
29246400,3.32
29250000,3.43
29253600,3.44
29257200,2.58
29260800,1.58
29264400,1.6
29268000,1.57
29271600,1.45
29275200,1.35
29278800,1.28
29282400,1.22
29286000,1.17
29289600,1.14
29293200,1.08
29296800,1.03
29300400,0.97
29304000,0.91
29307600,0.85
29311200,0.8
29314800,0.79
29318400,1.0
29322000,1.23
29325600,0.81
29329200,0.94
29332800,1.33
29336400,1.65
29340000,1.86
29343600,1.2
29347200,1.02
29350800,1.04
29354400,1.07
29358000,1.13
29361600,1.17
29365200,1.18
29368800,1.23
29372400,1.3
29376000,1.37
29379600,1.46
29383200,1.64
29386800,1.81
29390400,1.74
29394000,1.58
29397600,1.43
29401200,1.16
29404800,0.81
29408400,0.43
29412000,0.84
29415600,1.65
29419200,1.9
29422800,1.7
29426400,1.27
29430000,0.75
29433600,0.57
29437200,0.7
29440800,0.72
29444400,0.7
29448000,0.7
29451600,0.68
29455200,0.61
29458800,0.56
29462400,0.83
29466000,1.05
29469600,1.22
29473200,1.39
29476800,1.47
29480400,1.43
29484000,1.25
29487600,0.95
29491200,0.59
29494800,0.67
29498400,0.17
29502000,0.84
29505600,1.47
29509200,2.18
29512800,2.6
29516400,1.62
29520000,1.54
29523600,1.47
29527200,1.47
29530800,1.45
29534400,1.34
29538000,1.33
29541600,1.36
29545200,1.35
29548800,1.33
29552400,1.33
29556000,1.33
29559600,1.3
29563200,1.21
29566800,1.07
29570400,0.96
29574000,0.87
29577600,0.81
29581200,0.49
29584800,1.1
29588400,1.72
29592000,2.07
29595600,2.33
29599200,2.46
29602800,1.59
29606400,1.35
29610000,1.4
29613600,1.38
29617200,1.35
29620800,1.28
29624400,1.22
29628000,1.26
29631600,1.38
29635200,0.97
29638800,0.94
29642400,0.91
29646000,0.89
29649600,0.94
29653200,1.06
29656800,1.28
29660400,2.03
29664000,3.21
29667600,3.34
29671200,3.25
29674800,3.14
29678400,3.05
29682000,2.99
29685600,2.99
29689200,2.81
29692800,1.46
29696400,1.64
29700000,1.69
29703600,1.45
29707200,1.16
29710800,0.94
29714400,0.92
29718000,1.13
29721600,1.25
29725200,1.13
29728800,1.01
29732400,1.12
29736000,1.28
29739600,1.4
29743200,1.59
29746800,2.13
29750400,3.67
29754000,5.2
29757600,6.13
29761200,6.27
29764800,5.95
29768400,5.51
29772000,4.93
29775600,2.84
29779200,1.72
29782800,1.51
29786400,1.38
29790000,1.28
29793600,1.31
29797200,1.44
29800800,1.55
29804400,1.61
29808000,1.69
29811600,1.78
29815200,1.78
29818800,1.77
29822400,1.75
29826000,1.84
29829600,2.1
29833200,2.63
29836800,3.8
29840400,5.92
29844000,8.24
29847600,9.05
29851200,9.07
29854800,8.72
29858400,8.02
29862000,6.31
29865600,3.77
29869200,3.01
29872800,2.89
29876400,2.79
29880000,2.85
29883600,3.53
29887200,3.6
29890800,3.04
29894400,2.66
29898000,2.88
29901600,3.57
29905200,4.24
29908800,4.26
29912400,3.83
29916000,3.55
29919600,3.85
29923200,5.64
29926800,6.32
29930400,6.6
29934000,6.66
29937600,6.54
29941200,6.43
29944800,6.13
29948400,5.37
29952000,2.48
29955600,1.04
29959200,0.37
29962800,0.86
29966400,1.28
29970000,1.59
29973600,1.75
29977200,1.73
29980800,1.71
29984400,1.73
29988000,1.77
29991600,1.81
29995200,1.73
29998800,1.61
30002400,1.67
30006000,1.87
30009600,3.42
30013200,6.91
30016800,8.95
30020400,9.12
30024000,8.79
30027600,8.19
30031200,7.57
30034800,6.99
30038400,5.8
30042000,4.29
30045600,2.76
30049200,1.77
30052800,1.59
30056400,1.68
30060000,1.87
30063600,1.96
30067200,1.94
30070800,1.86
30074400,1.73
30078000,1.63
30081600,1.51
30085200,1.48
30088800,1.5
30092400,1.86
30096000,3.13
30099600,3.28
30103200,3.56
30106800,3.9
30110400,4.33
30114000,4.79
30117600,5.06
30121200,4.84
30124800,2.74
30128400,1.43
30132000,1.3
30135600,1.54
30139200,1.92
30142800,2.24
30146400,2.47
30150000,2.62
30153600,2.59
30157200,2.34
30160800,2.12
30164400,1.98
30168000,1.81
30171600,1.62
30175200,1.48
30178800,1.46
30182400,2.77
30186000,3.48
30189600,4.84
30193200,5.62
30196800,6.14
30200400,6.4
30204000,6.3
30207600,5.67
30211200,3.08
30214800,1.62
30218400,1.13
30222000,1.1
30225600,1.19
30229200,1.32
30232800,1.53
30236400,1.76
30240000,3.9
30243600,3.92
30247200,3.89
30250800,3.82
30254400,3.34
30258000,2.97
30261600,2.78
30265200,2.68
30268800,3.77
30272400,3.88
30276000,4.79
30279600,5.31
30283200,5.43
30286800,5.35
30290400,4.89
30294000,2.75
30297600,1.66
30301200,1.58
30304800,1.58
30308400,1.61
30312000,1.62
30315600,1.6
30319200,1.62
30322800,1.61
30326400,1.5
30330000,1.28
30333600,1.09
30337200,0.9
30340800,0.73
30344400,0.67
30348000,0.59
30351600,0.56
30355200,0.47
30358800,0.37
30362400,0.46
30366000,1.5
30369600,2.47
30373200,3.13
30376800,1.9
30380400,1.68
30384000,1.82
30387600,2.09
30391200,2.53
30394800,2.73
30398400,3.0
30402000,3.14
30405600,3.03
30409200,2.81
30412800,2.52
30416400,2.23
30420000,1.96
30423600,1.78
30427200,1.66
30430800,1.57
30434400,1.56
30438000,1.49
30441600,1.4
30445200,2.57
30448800,1.59
30452400,0.77
30456000,0.44
30459600,0.63
30463200,0.66
30466800,0.82
30470400,1.13
30474000,1.1
30477600,1.03
30481200,1.02
30484800,0.99
30488400,0.97
30492000,0.99
30495600,1.12
30499200,1.38
30502800,1.57
30506400,1.81
30510000,2.11
30513600,2.1
30517200,1.87
30520800,1.68
30524400,1.57
30528000,1.93
30531600,2.63
30535200,1.75
30538800,0.96
30542400,0.67
30546000,0.79
30549600,0.92
30553200,0.65
30556800,0.84
30560400,0.84
30564000,0.83
30567600,0.84
30571200,0.83
30574800,0.8
30578400,0.8
30582000,0.72
30585600,0.49
30589200,0.13
30592800,0.32
30596400,0.62
30600000,1.03
30603600,1.37
30607200,1.48
30610800,1.48
30614400,1.92
30618000,3.09
30621600,2.84
30625200,2.6
30628800,2.49
30632400,2.4
30636000,1.98
30639600,1.13
30643200,1.39
30646800,1.6
30650400,1.61
30654000,1.48
30657600,1.38
30661200,1.32
30664800,1.21
30668400,1.06
30672000,1.0
30675600,1.08
30679200,1.1
30682800,1.1
30686400,1.14
30690000,1.17
30693600,1.08
30697200,0.86
30700800,1.69
30704400,1.89
30708000,1.6
30711600,1.25
30715200,0.97
30718800,0.96
30722400,1.16
30726000,0.77
30729600,0.99
30733200,0.93
30736800,0.74
30740400,0.5
30744000,0.43
30747600,0.39
30751200,0.11
30754800,0.36
30758400,0.71
30762000,0.96
30765600,1.07
30769200,1.09
30772800,1.06
30776400,1.06
30780000,1.02
30783600,1.14
30787200,1.28
30790800,2.76
30794400,1.65
30798000,0.99
30801600,1.17
30805200,0.4
30808800,0.63
30812400,0.86
30816000,1.7
30819600,2.85
30823200,4.69
30826800,5.59
30830400,5.84
30834000,6.82
30837600,7.89
30841200,8.78
30844800,0.97
30848400,0.94
30852000,0.91
30855600,0.89
30859200,0.94
30862800,1.06
30866400,1.28
30870000,2.03
30873600,3.21
30877200,3.34
30880800,3.25
30884400,3.14
30888000,3.05
30891600,2.99
30895200,2.99
30898800,2.81
30902400,1.46
30906000,1.64
30909600,1.69
30913200,1.45
30916800,1.16
30920400,0.94
30924000,0.92
30927600,1.13
30931200,1.25
30934800,1.13
30938400,1.01
30942000,1.12
30945600,1.28
30949200,1.4
30952800,1.59
30956400,2.13
30960000,3.67
30963600,5.2
30967200,6.13
30970800,6.27
30974400,5.95
30978000,5.51
30981600,4.93
30985200,2.84
30988800,1.72
30992400,1.51
30996000,1.38
30999600,1.28
31003200,1.31
31006800,1.44
31010400,1.55
31014000,1.61
31017600,1.69
31021200,1.78
31024800,1.78
31028400,1.77
31032000,1.75
31035600,1.84
31039200,2.1
31042800,2.63
31046400,3.8
31050000,5.92
31053600,8.24
31057200,9.05
31060800,9.07
31064400,8.72
31068000,8.02
31071600,6.31
31075200,3.77
31078800,3.01
31082400,2.89
31086000,2.79
31089600,2.85
31093200,3.53
31096800,3.6
31100400,3.04
31104000,2.66
31107600,2.88
31111200,3.57
31114800,4.24
31118400,4.26
31122000,3.83
31125600,3.55
31129200,3.85
31132800,5.64
31136400,6.32
31140000,6.6
31143600,6.66
31147200,6.54
31150800,6.43
31154400,6.13
31158000,5.37
31161600,2.48
31165200,1.04
31168800,0.37
31172400,0.86
31176000,1.28
31179600,1.59
31183200,1.75
31186800,1.73
31190400,1.71
31194000,1.73
31197600,1.77
31201200,1.81
31204800,1.73
31208400,1.61
31212000,1.67
31215600,1.87
31219200,3.42
31222800,6.91
31226400,8.95
31230000,9.12
31233600,8.79
31237200,8.19
31240800,7.57
31244400,6.99
31248000,5.8
31251600,4.29
31255200,2.76
31258800,1.77
31262400,1.59
31266000,1.68
31269600,1.87
31273200,1.96
31276800,1.94
31280400,1.86
31284000,1.73
31287600,1.63
31291200,1.51
31294800,1.48
31298400,1.5
31302000,1.86
31305600,3.13
31309200,3.28
31312800,3.56
31316400,3.9
31320000,4.33
31323600,4.79
31327200,5.06
31330800,4.84
31334400,2.74
31338000,1.43
31341600,1.3
31345200,1.54
31348800,1.92
31352400,2.24
31356000,2.47
31359600,2.62
31363200,2.59
31366800,2.34
31370400,2.12
31374000,1.98
31377600,1.81
31381200,1.62
31384800,1.48
31388400,1.46
31392000,2.77
31395600,3.48
31399200,4.84
31402800,5.62
31406400,6.14
31410000,6.4
31413600,6.3
31417200,5.67
31420800,3.08
31424400,1.62
31428000,1.13
31431600,1.1
31435200,1.19
31438800,1.32
31442400,1.53
31446000,1.76
31449600,5.25
31453200,4.95
31456800,4.61
31460400,4.2
31464000,3.63
31467600,3.01
31471200,2.47
31474800,1.98
31478400,1.37
31482000,0.41
31485600,0.74
31489200,1.33
31492800,1.85
31496400,2.14
31500000,2.15
31503600,2.1
31507200,1.46
31510800,1.19
31514400,0.92
31518000,0.9
31521600,0.95
31525200,0.96
31528800,0.97
31532400,0.99
31536000,0.99
