time,step,reward,terminated,truncated,fmu_status,fmu_error,failure_type,transition_valid,requested_u_tp,requested_u_battery,requested_caes_mode,requested_caes_magnitude,decoded_u_tp,decoded_u_battery,decoded_u_caes,rt_economic_cashflow_total,rt_economic_cashflow_delta,rt_economic_reward,rt_raw_total_cost,rt_normalized_cost,rt_cost_reference,rt_cost_reference_missing,rt_terminal_soc_bonus,rt_reward,rt_terminal_soc_l1_error,rt_terminal_soc_l2_error,rt_terminal_soc_tolerance,rt_terminal_soc_satisfied,rt_soc_shaping_reward,rt_soc_shaping_potential,rt_soc_shaping_absolute,rt_soc_shaping_coef,rt_soc_recovery_scale,rt_soc_l1_prev,rt_market_settlement_enabled,rt_market_grid_cashflow,rt_market_grid_cost,rt_market_buy_cost,rt_market_sell_revenue,rt_market_energy_buy_mwh,rt_market_energy_sell_mwh,rt_market_buy_yuan_per_kwh,rt_market_sell_yuan_per_kwh,rt_p_grid_mw,rt_fmu_grid_cashflow_delta,rt_economic_cashflow_wind,rt_economic_cashflow_delta_wind,rt_raw_wind_cost,rt_economic_cashflow_pv,rt_economic_cashflow_delta_pv,rt_raw_pv_cost,rt_economic_cashflow_thermal,rt_economic_cashflow_delta_thermal,rt_raw_thermal_cost,rt_economic_cashflow_battery,rt_economic_cashflow_delta_battery,rt_raw_battery_cost,rt_economic_cashflow_caes,rt_economic_cashflow_delta_caes,rt_raw_caes_cost,rt_economic_cashflow_load,rt_economic_cashflow_delta_load,rt_raw_load_cost,rt_economic_cashflow_grid,rt_economic_cashflow_delta_grid,rt_raw_grid_cost,obs_battery_soc,obs_caes_gas_soc,obs_caes_hot_soc,obs_caes_cold_soc,obs_caes_gas_pressure,obs_caes_gas_temperature,obs_caes_hot_temperature,obs_caes_cold_temperature,obs_p_thermal,obs_p_battery,obs_p_caes,obs_p_grid,obs_p_wind_available,obs_p_wind_actual,obs_p_pv_available,obs_p_pv_actual,obs_p_load_actual,obs_p_curtailment,obs_p_unserved,u_tp_dynamic_low,u_tp_dynamic_high,u_battery_dynamic_low,u_battery_dynamic_high,caes_discharge_allowed,caes_idle_allowed,caes_charge_allowed,caes_locked_mode,caes_locked_steps_completed,caes_locked_steps_remaining
3600.0,0,0.24501488418240452,False,False,ok,,,True,1.0,0.0,1,0.0,1.0,0.0,0.0,8580.213810000014,57160.43223750001,0.36514943353747387,-57160.43223750001,-0.36514943353747387,156539.83544146415,0.0,0.0,0.24501488418240452,0.023648533337612077,0.0005592531290201498,0.06,1.0,-0.12013454935506934,-0.11824266668806038,-0.0018918826670089662,5.0,1.0,0.0,1.0,10061.501287499997,-10061.501287499997,0.0,10061.501287499997,0.0,53.661340199999984,0.63457,0.1875,-53.661340199999984,-38518.71714,0.0,0.0,-0.0,0.0,0.0,-0.0,-59999.99999999999,-59999.99999999999,59999.99999999999,0.0,0.0,-0.0,0.0,0.0,-0.0,107098.93095000001,107098.93095000001,-107098.93095000001,-38518.71714,10061.501287499997,-10061.501287499997,0.5,0.8263514637947083,0.5,0.5,8263514.5,272.8417053222656,473.1572265625,313.16363525390625,-150000000.0,0.0,0.0,-53661340.0,0.0,0.0,-0.0,-0.0,203661344.0,-0.0,0.0,0.85,1.0,-1.0,1.0,True,True,False,,0,0
7200.0,1,0.2991787424415639,False,False,ok,,,True,1.0,0.0,1,0.0,1.0,0.0,0.0,18214.079790000025,58049.20965000002,0.37082707725029324,-58049.20965000002,-0.37082707725029324,156539.83544146415,0.0,0.0,0.2991787424415639,0.03738011840487987,0.0013972732519628387,0.06,1.0,-0.07164833480872936,-0.06865792533633897,-0.0029904094723903897,5.0,1.0,0.023648533337612077,1.0,16218.539549999998,-16218.539549999998,0.0,16218.539549999998,0.0,86.49887759999999,0.63457,0.1875,-86.49887759999999,-32196.804120000008,0.0,0.0,-0.0,0.0,0.0,-0.0,-119999.99999999999,-59999.99999999999,59999.99999999999,0.0,0.0,-0.0,0.0,0.0,-0.0,208929.60105,101830.67009999999,-101830.67009999999,-70715.52126000001,16218.539549999998,-16218.539549999998,0.5,0.8126198649406433,0.5,0.5,8126199.0,268.3078308105469,473.1572265625,313.16363525390625,-150000000.0,0.0,0.0,-86498880.0,0.0,0.0,-0.0,-0.0,236498880.0,-0.0,0.0,0.85,1.0,-1.0,1.0,True,True,True,,0,0
10800.0,2,0.4075050191881779,False,False,ok,,,True,1.0,0.0,1,0.0,1.0,0.0,0.0,24564.192030000042,70871.70538125007,0.45273910746987805,-70871.70538125007,-0.45273910746987805,156539.83544146415,0.0,0.0,0.4075050191881779,0.04569580320986211,0.002088106430994444,0.06,1.0,-0.045234088281700155,-0.04157842402491119,-0.0036556642567889684,5.0,1.0,0.03738011840487987,1.0,12622.266581249998,-12622.266581249998,0.0,12622.266581249998,0.0,67.31875509999999,0.28359,0.1875,-67.31875509999999,-51899.326560000045,0.0,0.0,-0.0,0.0,0.0,-0.0,-179999.99999999997,-59999.999999999985,59999.999999999985,0.0,0.0,-0.0,0.0,0.0,-0.0,327179.0398499999,118249.43879999989,-118249.43879999989,-122614.84782000005,12622.266581249998,-12622.266581249998,0.5,0.8043041825294495,0.5,0.5,8043042.0,265.5621643066406,473.1572265625,313.16363525390625,-150000000.0,0.0,0.0,-67318752.0,0.0,0.0,-0.0,-0.0,217318752.0,-0.0,0.0,0.85,1.0,-1.0,1.0,True,True,True,,0,0
14400.0,3,0.38243549701895996,False,False,ok,,,True,1.0,0.0,1,0.0,1.0,0.0,0.0,32832.31652000005,64148.80195625003,0.4097921897984718,-64148.80195625003,-0.4097921897984718,156539.83544146415,0.0,0.0,0.38243549701895996,0.050361360005673705,0.002536266581621071,0.06,1.0,-0.027356692779511887,-0.023327783979057992,-0.004028908800453896,5.0,1.0,0.04569580320986211,1.0,15489.42440625,-15489.42440625,0.0,15489.42440625,0.0,82.6102635,0.28359,0.1875,-82.6102635,-40391.25306000002,0.0,0.0,-0.0,0.0,0.0,-0.0,-239999.99999999997,-60000.0,60000.0,0.0,0.0,-0.0,0.0,0.0,-0.0,435838.4174000001,108659.37755000021,-108659.37755000021,-163006.10088000007,15489.42440625,-15489.42440625,0.5,0.7996386289596558,0.5,0.5,7996386.5,264.0216979980469,473.1572265625,313.16363525390625,-150000000.0,0.0,0.0,-82610264.0,0.0,0.0,-0.0,-0.0,232610256.0,-0.0,0.0,0.85,1.0,-1.0,1.0,True,True,True,,0,0
18000.0,4,0.4332022717924292,False,False,ok,,,True,1.0,0.0,1,0.0,1.0,0.0,0.0,39571.290170000095,70196.60786249992,0.44842648303887445,-70196.60786249992,-0.44842648303887445,156539.83544146415,0.0,0.0,0.4332022717924292,0.052565159699766495,0.002763096014261956,0.06,1.0,-0.015224211246445268,-0.011018998470463948,-0.00420521277598132,5.0,1.0,0.050361360005673705,1.0,13891.476112499999,-13891.476112499999,0.0,13891.476112499999,0.0,74.0878726,0.28359,0.1875,-74.0878726,-49566.158099999884,0.0,0.0,-0.0,0.0,0.0,-0.0,-299999.99999999994,-59999.99999999997,59999.99999999997,0.0,0.0,-0.0,0.0,0.0,-0.0,552143.5491499999,116305.13174999977,-116305.13174999977,-212572.25897999996,13891.476112499999,-13891.476112499999,0.5,0.7974348664283752,0.5,0.5,7974348.5,263.2940673828125,473.1572265625,313.16363525390625,-150000000.0,0.0,0.0,-74087872.0,0.0,0.0,-0.0,-0.0,224087872.0,-0.0,0.0,0.85,1.0,-1.0,1.0,True,True,True,,0,0
21600.0,5,0.4035647563424145,False,False,ok,,,True,1.0,0.0,1,0.0,1.0,0.0,0.0,47162.50291000014,65005.75165625006,0.41526651329947284,-65005.75165625006,-0.41526651329947284,156539.83544146415,0.0,0.0,0.4035647563424145,0.05404085737320685,0.0029204142656312853,0.06,1.0,-0.011701756957058333,-0.007378488367201785,-0.004323268589856548,5.0,1.0,0.052565159699766495,1.0,12961.815356250001,-12961.815356250001,0.0,12961.815356250001,0.0,69.12968190000001,0.28359,0.1875,-69.12968190000001,-44452.72356000001,0.0,0.0,-0.0,0.0,0.0,-0.0,-359999.99999999994,-60000.0,60000.0,0.0,0.0,-0.0,0.0,0.0,-0.0,664187.4854499993,112043.93629999948,-112043.93629999948,-257024.98253999997,12961.815356250001,-12961.815356250001,0.5,0.7959591150283813,0.5,0.5,7959591.5,262.80682373046875,473.1572265625,313.16363525390625,-150000000.0,0.0,0.0,-69129680.0,0.0,0.0,-0.0,-0.0,219129680.0,-0.0,0.0,0.85,1.0,-1.0,1.0,True,True,True,,0,0
25200.0,6,0.3580858685128746,False,False,ok,,,True,1.0,0.0,1,0.0,1.0,0.0,0.0,57359.16512213951,57985.30989744945,0.3704188760255356,-57985.30989744945,-0.3704188760255356,156539.83544146415,0.0,0.0,0.3580858685128746,0.05561757763360142,0.0030933149418296813,0.06,1.0,-0.012333007512660967,-0.007883601301972853,-0.004449406210688114,5.0,1.0,0.05404085737320685,1.0,9927.347806120359,-9927.347806120359,0.0,9927.347806120359,0.0,52.94585496597525,0.63457,0.1875,-52.94585496597525,-37861.299879189726,0.0,0.0,-0.0,-1506.8788586709795,-1506.8788586709795,1506.8788586709795,-419999.99999999994,-60000.0,60000.0,0.0,0.0,-0.0,0.0,0.0,-0.0,773752.326399999,109564.84094999963,-109564.84094999963,-294886.2824191897,9927.347806120359,-9927.347806120359,0.5,0.7943823933601379,0.5,0.5,7943824.0,262.2862243652344,473.1572265625,313.16363525390625,-150000000.0,0.0,0.0,-52945856.0,0.0,0.0,-13398437.0,-13398437.0,216344288.0,-0.0,0.0,0.85,1.0,-1.0,1.0,True,True,True,,0,0
28800.0,7,0.22295906129552712,False,False,ok,,,True,1.0,0.0,1,0.0,1.0,0.0,0.0,77369.10443103759,35638.64853271906,0.2276650440586775,-35638.64853271906,-0.2276650440586775,156539.83544146415,0.0,0.0,0.22295906129552712,0.05566808482896801,0.0030989356685251785,0.06,1.0,-0.004705982763150387,-0.00025253597683294604,-0.004453446786317441,5.0,1.0,0.05561757763360142,1.0,-4207.504803438167,4207.504803438167,4207.504803438167,0.0,4.269194666367173,0.0,0.98555,0.1875,4.269194666367173,-19836.21402725915,-17.53094653597131,-17.53094653597131,17.53094653597131,-9815.340575977785,-8308.461717306805,8308.461717306805,-479999.99999999994,-60000.0,60000.0,0.0,0.0,-0.0,0.0,0.0,-0.0,881924.4723999985,108172.14599999948,-108172.14599999948,-314722.49644644884,-4207.504803438167,4207.504803438167,0.5,0.7943319082260132,0.5,0.5,7943319.0,262.2695617675781,473.1572265625,313.16363525390625,-150000000.0,0.0,0.0,4269194.5,-2162042.25,-2162042.25,-57259148.0,-57259148.0,205152000.0,-0.0,0.0,0.85,1.0,-1.0,1.0,True,True,True,,0,0
32400.0,8,-0.1934749174345072,False,False,ok,,,True,1.0,0.0,1,0.0,1.0,0.0,0.0,100502.80332618534,-31809.41211363271,-0.20320330619950974,31809.41211363271,0.20320330619950974,156539.83544146415,0.0,0.0,-0.1934749174345072,0.05287638491729085,0.0027959120819215037,0.06,1.0,0.009728388765002528,0.013958499558385795,-0.004230110793383268,5.0,1.0,0.05566808482896801,1.0,-51843.81629985883,51843.81629985883,51843.81629985883,0.0,52.60394328025856,0.0,0.98555,0.1875,52.60394328025856,3099.2947089216323,-3536.2840041798554,-3518.753057643884,3518.753057643884,-28838.181282107827,-19022.840706130042,19022.840706130042,-539999.9999999999,-59999.99999999994,59999.99999999994,0.0,0.0,-0.0,0.0,0.0,-0.0,984500.4703499989,102575.99795000046,-102575.99795000046,-311623.2017375272,-51843.81629985883,51843.81629985883,0.5,0.7971236109733582,0.5,0.5,7971236.0,263.1913146972656,473.1572265625,313.16363525390625,-150000000.0,0.0,0.0,52603944.0,-22277342.0,-22277342.0,-98847216.0,-98847216.0,218520624.0,-0.0,0.0,0.85,1.0,-1.0,1.0,True,True,True,,0,0
36000.0,9,-0.28195348507045725,False,False,ok,,,True,1.0,0.0,1,0.0,1.0,0.0,0.0,119187.91715819252,-47118.83457367092,-0.3010021981995142,47118.83457367092,0.3010021981995142,156539.83544146415,0.0,0.0,-0.28195348507045725,0.048293939263267194,0.0023323045695641405,0.06,1.0,0.01904871312905692,0.022912228270118296,-0.0038635151410613758,5.0,1.0,0.05287638491729085,1.0,-58754.99130406313,58754.99130406313,58754.99130406313,0.0,92.5902442662955,0.0,0.63457,0.1875,92.5902442662955,7048.957101614971,-13586.902433676249,-10050.618429496393,10050.618429496393,-56411.71562221917,-27573.534340111342,27573.534340111342,-599999.9999999999,-60000.0,60000.0,0.0,0.0,-0.0,0.0,0.0,-0.0,1093760.7798499994,109260.30950000044,-109260.30950000044,-304574.24463591224,-58754.99130406313,58754.99130406313,0.5,0.801706075668335,0.5,0.5,8017060.5,264.7043151855469,473.1572265625,313.16363525390625,-150000000.0,0.0,0.0,92590248.0,-37318364.0,-37318364.0,-124143960.0,-124143960.0,218872080.0,-0.0,0.0,0.85,1.0,-1.0,1.0,True,True,True,,0,0
39600.0,10,-0.1051205126356734,False,False,ok,,,True,1.0,0.0,1,0.0,1.0,0.0,0.0,133571.1206622949,-19788.619219628956,-0.12641267421690008,19788.619219628956,0.12641267421690008,156539.83544146415,0.0,0.0,-0.1051205126356734,0.043342034396675055,0.0018785319456425637,0.06,1.0,0.02129216158122669,0.024759524332960692,-0.0034673627517340043,5.0,1.0,0.048293939263267194,1.0,-24896.479404815014,24896.479404815014,24896.479404815014,0.0,87.79039953741321,0.0,0.28359,0.1875,87.79039953741321,9275.343318916333,-27313.20512000718,-13726.302686330931,13726.302686330931,-87013.59125070216,-30601.875628482987,30601.875628482987,-659999.9999999999,-60000.0,60000.0,0.0,0.0,-0.0,0.0,0.0,-0.0,1203196.81835,109436.03850000072,-109436.03850000072,-295298.9013169959,-24896.479404815014,24896.479404815014,0.5,0.8066579699516296,0.5,0.5,8066579.5,266.33929443359375,473.1572265625,313.16363525390625,-150000000.0,0.0,0.0,87790400.0,-41586420.0,-41586420.0,-120293896.0,-120293896.0,224089920.0,-0.0,0.0,0.85,1.0,-1.0,1.0,True,True,True,,0,0
43200.0,11,0.006019256498832006,False,False,ok,,,True,1.0,0.0,1,0.0,1.0,0.0,0.0,150744.190588069,-1934.0621507939304,-0.012355079749123319,1934.0621507939304,0.012355079749123319,156539.83544146415,0.0,0.0,0.006019256498832006,0.039042487349492117,0.001524315818435252,0.06,1.0,0.018374336247955324,0.021497735235914694,-0.0031233989879593696,5.0,1.0,0.043342034396675055,1.0,-10898.485585151991,10898.485585151991,10898.485585151991,0.0,59.45385186379353,0.0,0.18331,0.1875,59.45385186379353,8208.646491416031,-41440.7427998633,-14127.53767985612,14127.53767985612,-115966.58813648799,-28952.996885785833,28952.996885785833,-719999.9999999999,-60000.0,60000.0,0.0,0.0,-0.0,0.0,0.0,-0.0,1315241.7763499992,112044.95799999917,-112044.95799999917,-287090.2548255799,-10898.485585151991,10898.485585151991,0.5,0.8109574913978577,0.5,0.5,8109575.0,267.7589111328125,473.1572265625,313.16363525390625,-150000000.0,0.0,0.0,59453852.0,-38889120.0,-38889120.0,-110345712.0,-110345712.0,239780976.0,-0.0,0.0,0.85,1.0,-1.0,1.0,True,True,True,,0,0
46800.0,12,0.11819206070030813,False,False,ok,,,True,1.0,0.0,1,0.0,1.0,0.0,0.0,177798.52480869993,16472.259051912697,0.10522726694747463,-16472.259051912697,-0.10522726694747463,156539.83544146415,0.0,0.0,0.11819206070030813,0.03587552027453289,0.0012870529549684204,0.06,1.0,0.0129647937528335,0.01583483537479613,-0.0028700416219626314,5.0,1.0,0.039042487349492117,1.0,-6062.147211917152,6062.147211917152,6062.147211917152,0.0,33.07046648801021,0.0,0.18331,0.1875,33.07046648801021,4519.9279568010825,-54079.307091949624,-12638.564292086325,12638.564292086325,-140684.10663057174,-24717.51849408375,24717.51849408375,-779999.9999999999,-60000.0,60000.0,0.0,0.0,-0.0,0.0,0.0,-0.0,1435132.2654000001,119890.4890500009,-119890.4890500009,-282570.3268687788,-6062.147211917152,6062.147211917152,0.5,0.8141244649887085,0.5,0.5,8141245.0,268.8045654296875,473.1572265625,313.16363525390625,-150000000.0,0.0,0.0,33070466.0,-32815878.0,-32815878.0,-84824272.0,-84824272.0,234569680.0,-0.0,0.0,0.85,1.0,-1.0,1.0,True,True,True,,0,0
50400.0,13,0.1677534716496743,False,False,ok,,,True,1.0,0.0,1,0.0,1.0,0.0,0.0,206840.11471253727,25324.21831895237,0.16177491337929764,-25324.21831895237,-0.16177491337929764,156539.83544146415,0.0,0.0,0.1677534716496743,0.034133669902025154,0.001165107420980418,0.06,1.0,0.005978558270376668,0.00870925186253868,-0.0027306935921620123,5.0,1.0,0.03587552027453289,1.0,-1237.1528737913109,1237.1528737913109,1237.1528737913109,0.0,6.74896554356724,0.0,0.18331,0.1875,6.74896554356724,2480.21871109365,-65911.06839527696,-11831.761303327337,11831.761303327337,-159575.81653450074,-18891.709903929004,18891.709903929004,-839999.9999999999,-60000.0,60000.0,0.0,0.0,-0.0,0.0,0.0,-0.0,1552417.1077999992,117284.84239999903,-117284.84239999903,-280090.10815768514,-1237.1528737913109,1237.1528737913109,0.5,0.8158663511276245,0.5,0.5,8158663.5,269.37969970703125,473.1572265625,313.16363525390625,-150000000.0,0.0,0.0,6748965.5,-35028160.0,-35028160.0,-64210312.0,-64210312.0,242489504.0,-0.0,0.0,0.85,1.0,-1.0,1.0,True,True,True,,0,0
54000.0,14,0.25921707966039836,False,False,ok,,,True,1.0,0.0,1,0.0,1.0,0.0,0.0,236881.92512974958,41056.44563201254,0.26227474633678793,-41056.44563201254,-0.26227474633678793,156539.83544146415,0.0,0.0,0.25921707966039836,0.034198034682384915,0.0011695055761376015,0.06,1.0,-0.003057666676389594,-0.00032182390179880116,-0.002735842774590793,5.0,1.0,0.034133669902025154,1.0,3386.8689622214674,-3386.8689622214674,0.0,3386.8689622214674,0.0,18.063301131847826,0.28359,0.1875,-18.063301131847826,-7627.76625257876,-77936.2901787302,-12025.221783453235,12025.221783453235,-171125.7705312564,-11549.953996755648,11549.953996755648,-899999.9999999999,-60000.0,60000.0,0.0,0.0,-0.0,0.0,0.0,-0.0,1673661.8602500001,121244.75245000096,-121244.75245000096,-287717.8744102639,3386.8689622214674,-3386.8689622214674,0.5,0.8158019781112671,0.5,0.5,8158019.5,269.3584289550781,473.1572265625,313.16363525390625,-150000000.0,0.0,0.0,-18063302.0,-33544730.0,-33544730.0,-24006094.0,-24006094.0,225614128.0,-0.0,0.0,0.85,1.0,-1.0,1.0,True,True,True,,0,0
57600.0,15,0.3493488337672136,False,False,ok,,,True,1.0,0.0,1,0.0,1.0,0.0,0.0,254746.96055881053,56470.5395744412,0.36074229550060793,-56470.5395744412,-0.36074229550060793,156539.83544146415,0.0,0.0,0.3493488337672136,0.0359022903829368,0.001288974454740716,0.06,1.0,-0.011393461733394354,-0.00852127850275941,-0.002872183230634944,5.0,1.0,0.034198034682384915,1.0,15082.929823843784,-15082.929823843784,0.0,15082.929823843784,0.0,80.44229239383351,0.63457,0.1875,-80.44229239383351,-23522.574321536464,-86045.77078304671,-8109.480604316515,8109.480604316515,-174435.74332634246,-3309.972795086069,3309.972795086069,-959999.9999999999,-60000.0,60000.0,0.0,0.0,-0.0,0.0,0.0,-0.0,1786468.923400001,112807.06315000076,-112807.06315000076,-311240.44873180037,15082.929823843784,-15082.929823843784,0.5,0.8140977025032043,0.5,0.5,8140977.0,268.7957458496094,473.1572265625,313.16363525390625,-150000000.0,0.0,0.0,-80442296.0,-12309378.0,-12309378.0,-0.0,-0.0,242751664.0,-0.0,0.0,0.85,1.0,-1.0,1.0,True,True,True,,0,0
61200.0,16,0.45508069198893014,False,False,ok,,,True,1.0,0.0,1,0.0,1.0,0.0,0.0,261561.07651722778,73589.35349596577,0.47009985214583583,-73589.35349596577,-0.47009985214583583,156539.83544146415,0.0,0.0,0.45508069198893014,0.038293427573147576,0.001466386595299899,0.06,1.0,-0.015019160156905702,-0.011955685951053896,-0.003063474205851806,5.0,1.0,0.0359022903829368,1.0,13738.51449375,-13738.51449375,0.0,13738.51449375,0.0,73.2720773,1.13597,0.1875,-73.2720773,-53036.72304379853,-87570.76698083089,-1524.996197784174,1524.996197784174,-174435.74332634246,0.0,-0.0,-1019999.9999999999,-60000.0,60000.0,0.0,0.0,-0.0,0.0,0.0,-0.0,1907844.758600002,121375.83520000102,-121375.83520000102,-364277.1717755989,13738.51449375,-13738.51449375,0.5,0.81170654296875,0.5,0.5,8117065.5,268.0062255859375,473.1572265625,313.16363525390625,-150000000.0,0.0,0.0,-73272080.0,0.0,0.0,-0.0,-0.0,223272080.0,-0.0,0.0,0.85,1.0,-1.0,1.0,True,True,True,,0,0
64800.0,17,0.3891159999903511,False,False,ok,,,True,1.0,0.0,1,0.0,1.0,0.0,0.0,269233.86878722796,63493.994256250095,0.40560917977962724,-63493.994256250095,-0.40560917977962724,156539.83544146415,0.0,0.0,0.3891159999903511,0.04093707040453032,0.0016758437333054721,0.06,1.0,-0.016493179789276134,-0.01321821415691371,-0.0032749656323624254,5.0,1.0,0.038293427573147576,1.0,11857.955606250001,-11857.955606250001,0.0,11857.955606250001,0.0,63.242429900000005,1.13597,0.1875,-63.242429900000005,-43963.24637999991,-87570.76698083089,0.0,-0.0,-174435.74332634246,0.0,-0.0,-1079999.9999999998,-59999.99999999988,59999.99999999988,0.0,0.0,-0.0,0.0,0.0,-0.0,2019480.7972500015,111636.03864999954,-111636.03864999954,-408240.4181555988,11857.955606250001,-11857.955606250001,0.5,0.8090629577636719,0.5,0.5,8090629.5,267.13336181640625,473.1572265625,313.16363525390625,-150000000.0,0.0,0.0,-63242428.0,0.0,0.0,-0.0,-0.0,213242432.0,-0.0,0.0,0.85,1.0,-1.0,1.0,True,True,True,,0,0
68400.0,18,0.3805109371630238,False,False,ok,,,True,1.0,0.0,1,0.0,1.0,0.0,0.0,277909.6257972279,61897.6294562497,0.39541136147032324,-61897.6294562497,-0.39541136147032324,156539.83544146415,0.0,0.0,0.3805109371630238,0.0432255465216439,0.001868447872094801,0.06,1.0,-0.014900424307299414,-0.011442380585567902,-0.003458043721731512,5.0,1.0,0.04093707040453032,1.0,15276.414506249997,-15276.414506249997,0.0,15276.414506249997,0.0,81.47421069999999,1.13597,0.1875,-81.47421069999999,-37945.45793999976,-87570.76698083089,0.0,-0.0,-174435.74332634246,0.0,-0.0,-1139999.9999999998,-60000.0,60000.0,0.0,0.0,-0.0,0.0,0.0,-0.0,2126102.012200002,106621.21495000063,-106621.21495000063,-446185.87609559856,15276.414506249997,-15276.414506249997,0.5,0.8067744374275208,0.5,0.5,8067744.5,266.3777770996094,473.1572265625,313.16363525390625,-150000000.0,0.0,0.0,-81474208.0,0.0,0.0,-0.0,-0.0,231474208.0,-0.0,0.0,0.85,1.0,-1.0,1.0,True,True,True,,0,0
72000.0,19,0.43718737835587246,False,False,ok,,,True,1.0,0.0,1,0.0,1.0,0.0,0.0,284762.2047272276,70387.73770624962,0.44964744921154665,-70387.73770624962,-0.44964744921154665,156539.83544146415,0.0,0.0,0.43718737835587246,0.04499759910706569,0.002024783925400199,0.06,1.0,-0.012460070855674209,-0.008860262927108953,-0.003599807928565255,5.0,1.0,0.0432255465216439,1.0,14650.632356249998,-14650.632356249998,0.0,14650.632356249998,0.0,78.1367059,0.98555,0.1875,-78.1367059,-48884.52641999989,-87570.76698083089,0.0,-0.0,-174435.74332634246,0.0,-0.0,-1199999.9999999998,-60000.0,60000.0,0.0,0.0,-0.0,0.0,0.0,-0.0,2241839.117550003,115737.10535000078,-115737.10535000078,-495070.40251559846,14650.632356249998,-14650.632356249998,0.5,0.8050023913383484,0.5,0.5,8050024.0,265.79266357421875,473.1572265625,313.16363525390625,-150000000.0,0.0,0.0,-78136704.0,0.0,0.0,-0.0,-0.0,228136704.0,-0.0,0.0,0.85,1.0,-1.0,1.0,True,True,True,,0,0
75600.0,20,0.423586234542169,False,False,ok,,,True,1.0,0.0,1,0.0,1.0,0.0,0.0,291948.5341372275,68516.69483749974,0.4376949461092323,-68516.69483749974,-0.4376949461092323,156539.83544146415,0.0,0.0,0.423586234542169,0.04706628092566767,0.002215234800173868,0.06,1.0,-0.014108711567063316,-0.010343409093009903,-0.0037653024740534136,5.0,1.0,0.04499759910706569,1.0,14448.3418875,-14448.3418875,0.0,14448.3418875,0.0,77.0578234,0.98555,0.1875,-77.0578234,-46882.02353999985,-87570.76698083089,0.0,-0.0,-174435.74332634246,0.0,-0.0,-1259999.9999999998,-60000.0,60000.0,0.0,0.0,-0.0,0.0,0.0,-0.0,2355907.470500004,114068.35295000114,-114068.35295000114,-541952.4260555983,14448.3418875,-14448.3418875,0.5,0.8029336929321289,0.5,0.5,8029337.0,265.1096496582031,473.1572265625,313.16363525390625,-150000000.0,0.0,0.0,-77057824.0,0.0,0.0,-0.0,-0.0,227057824.0,-0.0,0.0,0.85,1.0,-1.0,1.0,True,True,True,,0,0
79200.0,21,0.40811476509145017,False,False,ok,,,True,1.0,0.0,1,0.0,1.0,0.0,0.0,299242.75179722736,66591.20644999959,0.42539463684884493,-66591.20644999959,-0.42539463684884493,156539.83544146415,0.0,0.0,0.40811476509145017,0.049726629209789985,0.0024727376525679385,0.06,1.0,-0.017279871757394778,-0.01330174142061158,-0.003978130336783199,5.0,1.0,0.04706628092566767,1.0,13062.29475,-13062.29475,0.0,13062.29475,0.0,69.665572,0.63457,0.1875,-69.665572,-46234.69403999974,-87570.76698083089,0.0,-0.0,-174435.74332634246,0.0,-0.0,-1319999.9999999998,-60000.0,60000.0,0.0,0.0,-0.0,0.0,0.0,-0.0,2469436.382200006,113528.91170000192,-113528.91170000192,-588187.120095598,13062.29475,-13062.29475,0.5,0.8002733588218689,0.5,0.5,8002733.5,264.23126220703125,473.1572265625,313.16363525390625,-150000000.0,0.0,0.0,-69665568.0,0.0,0.0,-0.0,-0.0,219665568.0,-0.0,0.0,0.85,1.0,-1.0,1.0,True,True,True,,0,0
82800.0,22,0.3837904112419299,False,False,ok,,,True,1.0,0.0,1,0.0,1.0,0.0,0.0,307276.19459722756,63149.6207375002,0.40340926997533544,-63149.6207375002,-0.40340926997533544,156539.83544146415,0.0,0.0,0.3837904112419299,0.05280551275243217,0.0027884221770472766,0.06,1.0,-0.019618858733405502,-0.015394417713210928,-0.004224441020194574,5.0,1.0,0.049726629209789985,1.0,13316.834737499998,-13316.834737499998,0.0,13316.834737499998,0.0,71.02311859999999,0.63457,0.1875,-71.02311859999999,-41799.3432,-87570.76698083089,0.0,-0.0,-174435.74332634246,0.0,-0.0,-1379999.9999999998,-60000.0,60000.0,0.0,0.0,-0.0,0.0,0.0,-0.0,2579269.1682000044,109832.78599999845,-109832.78599999845,-629986.463295598,13316.834737499998,-13316.834737499998,0.5,0.7971944808959961,0.5,0.5,7971945.0,263.2146911621094,473.1572265625,313.16363525390625,-150000000.0,0.0,0.0,-71023120.0,0.0,0.0,-0.0,-0.0,221023120.0,-0.0,0.0,0.85,1.0,-1.0,1.0,True,True,True,,0,0
86400.0,23,0.37124313143853843,False,False,ok,,,True,1.0,0.0,1,0.0,1.0,0.0,0.0,315173.88273722766,61172.07784375067,0.39077642870414986,-61172.07784375067,-0.39077642870414986,156539.83544146415,0.0,0.0,0.37124313143853843,0.05581906713145124,0.00311576825542546,0.06,1.0,-0.019533297265611437,-0.015067771895095339,-0.004465525370516099,5.0,1.0,0.05280551275243217,1.0,10660.51854375,-10660.51854375,0.0,10660.51854375,0.0,56.856098900000006,0.63457,0.1875,-56.856098900000006,-42613.87116000056,-87570.76698083089,0.0,-0.0,-174435.74332634246,0.0,-0.0,-1439999.9999999998,-60000.0,60000.0,0.0,0.0,-0.0,0.0,0.0,-0.0,2689780.7275000033,110511.55929999892,-110511.55929999892,-672600.3344555986,10660.51854375,-10660.51854375,0.5,0.7941809296607971,0.5,0.5,7941809.5,262.21966552734375,473.1572265625,313.16363525390625,-150000000.0,0.0,0.0,-56856100.0,0.0,0.0,-0.0,-0.0,206856096.0,-0.0,0.0,0.85,1.0,-1.0,1.0,True,True,True,,0,0
90000.0,24,0.33642032026353463,False,False,ok,,,True,1.0,0.0,1,0.0,1.0,0.0,0.0,324488.27284722746,55542.217056249814,0.35481203170817843,-55542.217056249814,-0.35481203170817843,156539.83544146415,0.0,0.0,0.33642032026353463,0.058560442342893704,0.003429325407395378,0.06,1.0,-0.01839171144464382,-0.013706876057212325,-0.004684835387431497,5.0,1.0,0.05581906713145124,1.0,12114.16760625,-12114.16760625,0.0,12114.16760625,0.0,64.6088939,0.63457,0.1875,-64.6088939,-34113.65934000001,-87570.76698083089,0.0,-0.0,-174435.74332634246,0.0,-0.0,-1499999.9999999998,-60000.0,60000.0,0.0,0.0,-0.0,0.0,0.0,-0.0,2793208.776950003,103428.04944999982,-103428.04944999982,-706713.9937955986,12114.16760625,-12114.16760625,0.5,0.7914395332336426,0.5,0.5,7914395.5,261.3145446777344,473.1572265625,313.16363525390625,-150000000.0,0.0,0.0,-64608892.0,0.0,0.0,-0.0,-0.0,214608896.0,-0.0,0.0,0.85,1.0,-1.0,1.0,True,True,True,,0,0
93600.0,25,0.34538510193980604,False,False,ok,,,True,1.0,0.0,1,0.0,1.0,0.0,0.0,333027.38345722767,56748.10208125012,0.36251540651753317,-56748.10208125012,-0.36251540651753317,156539.83544146415,0.0,0.0,0.34538510193980604,0.061010337852794416,0.003722261324912119,0.06,0.0,-0.017130304577727115,-0.012249477549503562,-0.004880827028223554,5.0,1.0,0.058560442342893704,1.0,9443.655131249998,-9443.655131249998,0.0,9443.655131249998,0.0,50.36616069999999,0.63457,0.1875,-50.36616069999999,-38765.33633999992,-87570.76698083089,0.0,-0.0,-174435.74332634246,0.0,-0.0,-1559999.9999999998,-60000.0,60000.0,0.0,0.0,-0.0,0.0,0.0,-0.0,2900513.223900004,107304.44695000071,-107304.44695000071,-745479.3301355985,9443.655131249998,-9443.655131249998,0.5,0.7889896631240845,0.5,0.5,7889896.5,260.5056457519531,473.1572265625,313.16363525390625,-150000000.0,0.0,0.0,-50366160.0,0.0,0.0,-0.0,-0.0,200366160.0,-0.0,0.0,0.85,1.0,-1.0,1.0,True,True,True,,0,0
97200.0,26,0.356689817440667,False,False,ok,,,True,1.0,0.0,1,0.0,1.0,0.0,0.0,342990.7673872278,58302.15432500052,0.3724429258570531,-58302.15432500052,-0.3724429258570531,156539.83544146415,0.0,0.0,0.356689817440667,0.06315055072447995,0.0039879920568051145,0.06,0.0,-0.015753108416386056,-0.010701064358427659,-0.005052044057958396,5.0,1.0,0.061010337852794416,1.0,18119.073974999996,-18119.073974999996,0.0,18119.073974999996,0.0,96.63506119999998,0.28359,0.1875,-96.63506119999998,-30219.6964200004,-87570.76698083089,0.0,-0.0,-174435.74332634246,0.0,-0.0,-1619999.9999999998,-60000.0,60000.0,0.0,0.0,-0.0,0.0,0.0,-0.0,3000696.304250006,100183.08035000227,-100183.08035000227,-775699.026555599,18119.073974999996,-18119.073974999996,0.5,0.7868494391441345,0.5,0.5,7868494.5,259.7989807128906,473.1572265625,313.16363525390625,-150000000.0,0.0,0.0,-96635064.0,0.0,0.0,-0.0,-0.0,246635056.0,-0.0,0.0,0.85,1.0,-1.0,1.0,True,True,True,,0,0
100800.0,27,0.4864916933508048,False,False,ok,,,True,1.0,0.0,1,0.0,1.0,0.0,0.0,348327.261267228,78404.32943125017,0.5008586422116711,-78404.32943125017,-0.5008586422116711,156539.83544146415,0.0,0.0,0.4864916933508048,0.06498419340221773,0.004222945392136838,0.06,0.0,-0.014366948860866313,-0.009168213388688895,-0.005198735472177418,5.0,1.0,0.06315055072447995,1.0,15086.798831249998,-15086.798831249998,0.0,15086.798831249998,0.0,80.46292709999999,0.28359,0.1875,-80.46292709999999,-57981.036719999975,-87570.76698083089,0.0,-0.0,-174435.74332634246,0.0,-0.0,-1679999.9999999998,-60000.0,60000.0,0.0,0.0,-0.0,0.0,0.0,-0.0,3124013.8348500063,123317.53060000017,-123317.53060000017,-833680.0632755989,15086.798831249998,-15086.798831249998,0.5,0.7850158214569092,0.5,0.5,7850158.0,259.1935729980469,473.1572265625,313.16363525390625,-150000000.0,0.0,0.0,-80462928.0,0.0,0.0,-0.0,-0.0,230462928.0,-0.0,0.0,0.85,1.0,-1.0,1.0,True,True,True,,0,0
104400.0,28,0.45394934018017513,False,False,ok,,,True,1.0,0.0,1,0.0,1.0,0.0,0.0,355280.96855722816,72967.51693125033,0.46612746669543736,-72967.51693125033,-0.46612746669543736,156539.83544146415,0.0,0.0,0.45394934018017513,0.06635808927684073,0.004403396012473164,0.06,0.0,-0.012178126515262254,-0.006869479373114995,-0.005308647142147258,5.0,1.0,0.06498419340221773,1.0,17736.053381249996,-17736.053381249996,0.0,17736.053381249996,0.0,94.59228469999998,0.28359,0.1875,-94.59228469999998,-48277.75626000017,-87570.76698083089,0.0,-0.0,-174435.74332634246,0.0,-0.0,-1739999.9999999998,-60000.0,60000.0,0.0,0.0,-0.0,0.0,0.0,-0.0,3239245.298400005,115231.46354999859,-115231.46354999859,-881957.8195355991,17736.053381249996,-17736.053381249996,0.5,0.7836419343948364,0.5,0.5,7836419.0,258.73992919921875,473.1572265625,313.16363525390625,-150000000.0,0.0,0.0,-94592288.0,0.0,0.0,-0.0,-0.0,244592288.0,-0.0,0.0,0.85,1.0,-1.0,1.0,True,True,True,,0,0
108000.0,29,0.4737805025644496,False,False,ok,,,True,1.0,0.0,1,0.0,1.0,0.0,0.0,360821.74008722807,75616.37522500045,0.48304877165452315,-75616.37522500045,-0.48304877165452315,156539.83544146415,0.0,0.0,0.4737805025644496,0.0671375424161963,0.004507449601686557,0.06,0.0,-0.009268269090073545,-0.0038972656967778407,-0.005371003393295703,5.0,1.0,0.06635808927684073,1.0,13320.232875,-13320.232875,0.0,13320.232875,0.0,71.041242,0.28359,0.1875,-71.041242,-56755.370820000535,-87570.76698083089,0.0,-0.0,-174435.74332634246,0.0,-0.0,-1799999.9999999998,-60000.0,60000.0,0.0,0.0,-0.0,0.0,0.0,-0.0,3361541.440750007,122296.14235000219,-122296.14235000219,-938713.1903555996,13320.232875,-13320.232875,0.5,0.7828624844551086,0.5,0.5,7828624.5,258.4825744628906,473.1572265625,313.16363525390625,-150000000.0,0.0,0.0,-71041240.0,0.0,0.0,-0.0,-0.0,221041248.0,-0.0,0.0,0.85,1.0,-1.0,1.0,True,True,True,,0,0
111600.0,30,0.3747277592701285,False,False,ok,,,True,1.0,0.0,1,0.0,1.0,0.0,0.0,370836.9510776104,59613.222499763215,0.3808182264383096,-59613.222499763215,-0.3808182264383096,156539.83544146415,0.0,0.0,0.3747277592701285,0.06727916914353593,0.004526486600644517,0.06,0.0,-0.0060904671681810685,-0.0007081336366981938,-0.005382333531482875,5.0,1.0,0.0671375424161963,1.0,10606.412350036293,-10606.412350036293,0.0,10606.412350036293,0.0,56.567532533526894,0.63457,0.1875,-56.567532533526894,-38991.599159344565,-87570.76698083089,0.0,-0.0,-175949.55417661555,-1513.8108502730902,1513.8108502730902,-1859999.9999999998,-60000.0,60000.0,0.0,0.0,-0.0,0.0,0.0,-0.0,3472062.061750009,110520.62100000214,-110520.62100000214,-977704.7895149442,10606.412350036293,-10606.412350036293,0.5,0.7827208042144775,0.5,0.5,7827208.5,258.4358215332031,473.1572265625,313.16363525390625,-150000000.0,0.0,0.0,-56567532.0,0.0,0.0,-13441535.0,-13441535.0,220009072.0,-0.0,0.0,0.85,1.0,-1.0,1.0,True,True,True,,0,0
115200.0,31,0.28518433379866037,False,False,ok,,,True,1.0,0.0,1,0.0,1.0,0.0,0.0,391143.2374421409,44261.2658979688,0.28274761994699854,-44261.2658979688,-0.28274761994699854,156539.83544146415,0.0,0.0,0.28518433379866037,0.06573998658779878,0.004321745836563964,0.06,0.0,0.0024367138516618514,0.007695912778685754,-0.005259198927023903,5.0,1.0,0.06727916914353593,1.0,3047.584501204792,-3047.584501204792,0.0,3047.584501204792,0.0,16.25378400642556,0.98555,0.1875,-16.25378400642556,-20907.39503223356,-87570.76698083089,0.0,-0.0,-184740.40637985157,-8790.85220323602,8790.85220323602,-1919999.9999999998,-60000.0,60000.0,0.0,0.0,-0.0,0.0,0.0,-0.0,3582066.595350011,110004.5336000016,-110004.5336000016,-998612.1845471777,3047.584501204792,-3047.584501204792,0.5,0.7842600345611572,0.5,0.5,7842600.0,258.94403076171875,473.1572265625,313.16363525390625,-150000000.0,0.0,0.0,-16253784.0,0.0,-0.0,-61442920.0,-61442920.0,227696704.0,-0.0,0.0,0.85,1.0,-1.0,1.0,True,True,True,,0,0
118800.0,32,0.09329620545199496,False,False,ok,,,True,1.0,0.0,1,0.0,1.0,0.0,0.0,423235.73940868856,12130.0046964389,0.07748829339337554,-12130.0046964389,-0.07748829339337554,156539.83544146415,0.0,0.0,0.09329620545199496,0.06159291749613671,0.003793687485685904,0.06,0.0,0.015807912058619415,0.02073534545831035,-0.004927433399690937,5.0,1.0,0.06573998658779878,1.0,-21769.35762439657,21769.35762439657,21769.35762439657,0.0,22.08853698381266,0.0,0.98555,0.1875,22.08853698381266,-1806.8603542877827,-87570.76698083089,0.0,-0.0,-204689.39700901607,-19948.990629164502,19948.990629164502,-1979999.9999999998,-60000.0,60000.0,0.0,0.0,-0.0,0.0,0.0,-0.0,3695914.948300012,113848.35295000114,-113848.35295000114,-1000419.0449014655,-21769.35762439657,21769.35762439657,0.5,0.7884070873260498,0.5,0.5,7884071.0,260.31329345703125,473.1572265625,313.16363525390625,-150000000.0,0.0,0.0,22088536.0,0.0,0.0,-101901512.0,-101901512.0,229812976.0,-0.0,0.0,0.85,1.0,-1.0,1.0,True,True,True,,0,0
122400.0,33,0.007973767186245189,False,False,ok,,,True,1.0,0.0,1,0.0,1.0,0.0,0.0,453502.48458211287,-2556.3738781650864,-0.016330500609993335,2556.3738781650864,0.016330500609993335,156539.83544146415,0.0,0.0,0.007973767186245189,0.05583864560717422,0.0031179543432435968,0.06,1.0,0.024304267796238524,0.02877135944481246,-0.004467091648573938,5.0,1.0,0.06159291749613671,1.0,-29698.787183872304,29698.787183872304,29698.787183872304,0.0,46.80143590757884,0.0,0.63457,0.1875,46.80143590757884,3124.33186771709,-87570.76698083089,0.0,-0.0,-232453.46965330897,-27764.0726442929,27764.0726442929,-2039999.9999999998,-60000.0,60000.0,0.0,0.0,-0.0,0.0,0.0,-0.0,3810821.4342500134,114906.48595000152,-114906.48595000152,-997294.7130337484,-29698.787183872304,29698.787183872304,0.5,0.7941613793373108,0.5,0.5,7941613.5,262.21319580078125,473.1572265625,313.16363525390625,-150000000.0,0.0,0.0,46801436.0,0.0,-0.0,-122115376.0,-122115376.0,225313936.0,-0.0,0.0,0.85,1.0,-1.0,1.0,True,True,True,,0,0
126000.0,34,0.05487349401355028,False,False,ok,,,True,1.0,0.0,1,0.0,1.0,0.0,0.0,479411.17133945937,4740.696807324068,0.030284283830723614,-4740.696807324068,-0.030284283830723614,156539.83544146415,0.0,0.0,0.05487349401355028,0.0501189011521741,0.002511904252701398,0.06,1.0,0.02458921018282667,0.0285987222750006,-0.004009512092173928,5.0,1.0,0.05583864560717422,1.0,-15888.124271586774,15888.124271586774,15888.124271586774,0.0,56.02498068192381,0.0,0.28359,0.1875,56.02498068192381,5279.865678435657,-87570.76698083089,0.0,-0.0,-264481.6191243982,-32028.149471089244,32028.149471089244,-2099999.9999999995,-59999.99999999977,59999.99999999977,0.0,0.0,-0.0,0.0,0.0,-0.0,3923478.4048000122,112656.9705499988,-112656.9705499988,-992014.8473553128,-15888.124271586774,15888.124271586774,0.5,0.799881100654602,0.5,0.5,7998811.0,264.1017150878906,473.1572265625,313.16363525390625,-150000000.0,0.0,0.0,56024980.0,0.0,-0.0,-135385456.0,-135385456.0,229360480.0,-0.0,0.0,0.85,1.0,-1.0,1.0,True,True,True,,0,0
129600.0,35,0.07219476827355548,False,False,ok,,,True,1.0,0.0,1,0.0,1.0,0.0,0.0,506220.84982178535,8033.285237232169,0.0513178336656429,-8033.285237232169,-0.0513178336656429,156539.83544146415,0.0,0.0,0.07219476827355548,0.04521999432144841,0.002044847886431826,0.06,1.0,0.02087693460791258,0.024494534153628456,-0.0036175995457158727,5.0,1.0,0.0501189011521741,1.0,-13422.765333311105,13422.765333311105,13422.765333311105,0.0,73.22440310572857,0.0,0.18331,0.1875,73.22440310572857,5353.627911782707,-87570.76698083089,0.0,-0.0,-297705.80925385497,-33224.19012945675,33224.19012945675,-2159999.9999999995,-60000.0,60000.0,0.0,0.0,-0.0,0.0,0.0,-0.0,4038158.6455000103,114680.2406999981,-114680.2406999981,-986661.2194435301,-13422.765333311105,13422.765333311105,0.5,0.8047800064086914,0.5,0.5,8047800.0,265.7192077636719,473.1572265625,313.16363525390625,-150000000.0,0.0,0.0,73224400.0,0.0,0.0,-129865488.0,-129865488.0,206641088.0,-0.0,0.0,0.85,1.0,-1.0,1.0,True,True,True,,0,0
133200.0,36,0.07707221088154981,False,False,ok,,,True,1.0,0.0,1,0.0,1.0,0.0,0.0,525823.7991276148,9444.031896393046,0.06032989538898875,-9444.031896393046,-0.06032989538898875,156539.83544146415,0.0,0.0,0.07707221088154981,0.041212137030449014,0.0016984402386165068,0.06,1.0,0.01674231549256105,0.020039286454996974,-0.003296970962435921,5.0,1.0,0.04521999432144841,1.0,-3787.3695633226325,3787.3695633226325,3787.3695633226325,0.0,20.661009019271358,0.0,0.18331,0.1875,20.661009019271358,6371.547846113797,-87570.76698083089,0.0,-0.0,-327794.94994413905,-30089.140690284083,30089.140690284083,-2219999.9999999995,-60000.0,60000.0,0.0,0.0,-0.0,0.0,0.0,-0.0,4141479.1876500105,103320.54215000011,-103320.54215000011,-980289.6715974163,-3787.3695633226325,3787.3695633226325,0.5,0.8087878823280334,0.5,0.5,8087878.5,267.0425109863281,473.1572265625,313.16363525390625,-150000000.0,0.0,0.0,20661010.0,0.0,0.0,-108740912.0,-108740912.0,238079904.0,-0.0,0.0,0.85,1.0,-1.0,1.0,True,True,True,,0,0
136800.0,37,0.24949870263991517,False,False,ok,,,True,1.0,0.0,1,0.0,1.0,0.0,0.0,561067.3730203431,37089.69658604256,0.2369345571460737,-37089.69658604256,-0.2369345571460737,156539.83544146415,0.0,0.0,0.24949870263991517,0.038089870011496774,0.0014508381974927213,0.06,1.0,0.012564145493841461,0.015611335094761203,-0.003047189600919742,5.0,1.0,0.041212137030449014,1.0,1434.1003578580319,-1434.1003578580319,0.0,1434.1003578580319,0.0,7.648535241909504,0.18331,0.1875,-7.648535241909504,-412.02233545621857,-87570.76698083089,0.0,-0.0,-351179.30326595437,-23384.353321815317,23384.353321815317,-2279999.9999999995,-60000.0,60000.0,0.0,0.0,-0.0,0.0,0.0,-0.0,4260519.137200008,119039.94954999769,-119039.94954999769,-980701.6939328725,1434.1003578580319,-1434.1003578580319,0.5,0.8119101524353027,0.5,0.5,8119101.5,268.07342529296875,473.1572265625,313.16363525390625,-150000000.0,0.0,0.0,-7648535.0,0.0,0.0,-74908640.0,-74908640.0,232557168.0,-0.0,0.0,0.85,1.0,-1.0,1.0,True,True,True,,0,0
140400.0,38,0.3225703687995352,False,False,ok,,,True,1.0,0.0,1,0.0,1.0,0.0,0.0,587060.4497507457,49477.48025192903,0.31606958134583213,-49477.48025192903,-0.31606958134583213,156539.83544146415,0.0,0.0,0.3225703687995352,0.036210346969248186,0.0013111892276333414,0.06,1.0,0.006500787453703083,0.009397615211242938,-0.002896827757539855,5.0,1.0,0.038089870011496774,1.0,6948.031573644849,-6948.031573644849,0.0,6948.031573644849,0.0,37.05616839277253,0.28359,0.1875,-37.05616839277253,-16536.37194788165,-87570.76698083089,0.0,-0.0,-364928.4419876705,-13749.138721716125,13749.138721716125,-2339999.9999999995,-60000.0,60000.0,0.0,0.0,-0.0,0.0,0.0,-0.0,4376797.724600009,116278.58740000054,-116278.58740000054,-997238.0658807541,6948.031573644849,-6948.031573644849,0.5,0.8137896656990051,0.5,0.5,8137896.5,268.6939697265625,473.1572265625,313.16363525390625,-150000000.0,0.0,0.0,-37056168.0,0.0,0.0,-30498326.0,-30498326.0,217554496.0,-0.0,0.0,0.85,1.0,-1.0,1.0,True,True,True,,0,0
144000.0,39,0.3590494032949349,False,False,ok,,,True,1.0,0.0,1,0.0,1.0,0.0,0.0,601199.287672772,56872.63255658868,0.3633109259135218,-56872.63255658868,-0.3633109259135218,156539.83544146415,0.0,0.0,0.3590494032949349,0.036478987689926745,0.001330716542881827,0.06,1.0,-0.004261522618586935,-0.0013432036033927952,-0.0029183190151941397,5.0,1.0,0.036210346969248186,1.0,12305.59104375,-12305.59104375,0.0,12305.59104375,0.0,65.6298189,0.63457,0.1875,-65.6298189,-30428.203590812394,-87570.76698083089,0.0,-0.0,-369138.64717483206,-4210.2051871615695,4210.2051871615695,-2399999.9999999995,-60000.0,60000.0,0.0,0.0,-0.0,0.0,0.0,-0.0,4485574.971300012,108777.24670000374,-108777.24670000374,-1027666.2694715665,12305.59104375,-12305.59104375,0.5,0.8135210275650024,0.5,0.5,8135210.0,268.60528564453125,473.1572265625,313.16363525390625,-150000000.0,0.0,0.0,-65629820.0,0.0,0.0,-0.0,-0.0,215629824.0,-0.0,0.0,0.85,1.0,-1.0,1.0,True,True,True,,0,0
147600.0,40,0.36940437898846845,False,False,ok,,,True,1.0,0.0,1,0.0,1.0,0.0,0.0,609636.305782772,59761.00813124981,0.38176230326750654,-59761.00813124981,-0.38176230326750654,156539.83544146415,0.0,0.0,0.36940437898846845,0.03833717770249445,0.0014697391941926377,0.06,1.0,-0.012357924279038089,-0.009290950062838532,-0.003066974216199556,5.0,1.0,0.036478987689926745,1.0,11946.098681250001,-11946.098681250001,0.0,11946.098681250001,0.0,63.71252630000001,1.13597,0.1875,-63.71252630000001,-39377.89133999974,-87570.76698083089,0.0,-0.0,-369138.64717483206,0.0,-0.0,-2459999.9999999995,-60000.0,60000.0,0.0,0.0,-0.0,0.0,0.0,-0.0,4593389.880750014,107814.90945000201,-107814.90945000201,-1067044.1608115663,11946.098681250001,-11946.098681250001,0.5,0.8116627931594849,0.5,0.5,8116628.0,267.99176025390625,473.1572265625,313.16363525390625,-150000000.0,0.0,0.0,-63712528.0,0.0,0.0,-0.0,-0.0,213712528.0,-0.0,0.0,0.85,1.0,-1.0,1.0,True,True,True,,0,0
151200.0,41,0.3545253947016383,False,False,ok,,,True,1.0,0.0,1,0.0,1.0,0.0,0.0,618265.0531527718,57633.113818748854,0.36816899453238494,-57633.113818748854,-0.36816899453238494,156539.83544146415,0.0,0.0,0.3545253947016383,0.04041919061874388,0.0016337109702743535,0.06,1.0,-0.013643599830746669,-0.010410064581247158,-0.0032335352494995105,5.0,1.0,0.03833717770249445,1.0,10776.850668750001,-10776.850668750001,0.0,10776.850668750001,0.0,57.476536900000006,1.13597,0.1875,-57.476536900000006,-38227.515779999085,-87570.76698083089,0.0,-0.0,-369138.64717483206,0.0,-0.0,-2519999.9999999995,-60000.0,60000.0,0.0,0.0,-0.0,0.0,0.0,-0.0,4700246.143900011,106856.26314999629,-106856.26314999629,-1105271.6765915654,10776.850668750001,-10776.850668750001,0.5,0.8095808029174805,0.5,0.5,8095808.0,267.3043212890625,473.1572265625,313.16363525390625,-150000000.0,0.0,0.0,-57476536.0,0.0,0.0,-0.0,-0.0,207476544.0,-0.0,0.0,0.85,1.0,-1.0,1.0,True,True,True,,0,0
154800.0,42,0.34581989538732943,False,False,ok,,,True,1.0,0.0,1,0.0,1.0,0.0,0.0,627517.3994627715,56247.75916249916,0.359319140740583,-56247.75916249916,-0.359319140740583,156539.83544146415,0.0,0.0,0.34581989538732943,0.042439999694286024,0.0018011535740509977,0.06,1.0,-0.013499245353253584,-0.010104045377710702,-0.003395199975542882,5.0,1.0,0.04041919061874388,1.0,12509.4907125,-12509.4907125,0.0,12509.4907125,0.0,66.7172838,1.13597,0.1875,-66.7172838,-34485.92213999946,-87570.76698083089,0.0,-0.0,-369138.64717483206,0.0,-0.0,-2579999.9999999995,-60000.0,60000.0,0.0,0.0,-0.0,0.0,0.0,-0.0,4803984.412350006,103738.26844999567,-103738.26844999567,-1139757.5987315648,12509.4907125,-12509.4907125,0.5,0.8075600266456604,0.5,0.5,8075600.0,266.6370849609375,473.1572265625,313.16363525390625,-150000000.0,0.0,0.0,-66717284.0,0.0,0.0,-0.0,-0.0,216717280.0,-0.0,0.0,0.85,1.0,-1.0,1.0,True,True,True,,0,0
158400.0,43,0.4061363424744086,False,False,ok,,,True,1.0,0.0,1,0.0,1.0,0.0,0.0,635845.6710827715,65543.33611874992,0.4187006836560712,-65543.33611874992,-0.4187006836560712,156539.83544146415,0.0,0.0,0.4061363424744086,0.044244948750608804,0.0019576154899439997,0.06,1.0,-0.012564341181662605,-0.0090247452816139,-0.0035395959000487044,5.0,1.0,0.042439999694286024,1.0,17184.69421875,-17184.69421875,0.0,17184.69421875,0.0,91.6517025,0.98555,0.1875,-91.6517025,-40030.370279999916,-87570.76698083089,0.0,-0.0,-369138.64717483206,0.0,-0.0,-2639999.9999999995,-60000.0,60000.0,0.0,0.0,-0.0,0.0,0.0,-0.0,4912343.0542500075,108358.6419000011,-108358.6419000011,-1179787.9690115647,17184.69421875,-17184.69421875,0.5,0.805755078792572,0.5,0.5,8057550.5,266.0411376953125,473.1572265625,313.16363525390625,-150000000.0,0.0,0.0,-91651704.0,0.0,0.0,-0.0,-0.0,241651696.0,-0.0,0.0,0.85,1.0,-1.0,1.0,True,True,True,,0,0
162000.0,44,0.4507316433268599,False,False,ok,,,True,1.0,0.0,1,0.0,1.0,0.0,0.0,641680.500832772,72390.62401874983,0.4624421880513557,-72390.62401874983,-0.4624421880513557,156539.83544146415,0.0,0.0,0.4507316433268599,0.0458534032436102,0.0021025345890211228,0.06,1.0,-0.01171054472449581,-0.008042272465006994,-0.003668272259488816,5.0,1.0,0.044244948750608804,1.0,11564.77276875,-11564.77276875,0.0,11564.77276875,0.0,61.67878809999999,0.98555,0.1875,-61.67878809999999,-54991.02149999933,-87570.76698083089,0.0,-0.0,-369138.64717483206,0.0,-0.0,-2699999.9999999995,-60000.0,60000.0,0.0,0.0,-0.0,0.0,0.0,-0.0,5033168.90550001,120825.85125000216,-120825.85125000216,-1234778.990511564,11564.77276875,-11564.77276875,0.5,0.8041465878486633,0.5,0.5,8041466.0,265.51007080078125,473.1572265625,313.16363525390625,-150000000.0,0.0,0.0,-61678788.0,0.0,0.0,-0.0,-0.0,211678784.0,-0.0,0.0,0.85,1.0,-1.0,1.0,True,True,True,,0,0
165600.0,45,0.34428176621930245,False,False,ok,,,True,1.0,0.0,1,0.0,1.0,0.0,0.0,650512.6220227723,55863.5280875007,0.356864614875554,-55863.5280875007,-0.356864614875554,156539.83544146415,0.0,0.0,0.34428176621930245,0.04760824111698869,0.0022665446222533327,0.06,1.0,-0.012582848656251543,-0.008774189366892449,-0.0038086592893590955,5.0,1.0,0.0458534032436102,1.0,10024.134037499996,-10024.134037499996,0.0,10024.134037499996,0.0,53.462048199999984,0.63457,0.1875,-53.462048199999984,-37007.272860000376,-87570.76698083089,0.0,-0.0,-369138.64717483206,0.0,-0.0,-2759999.9999999995,-60000.0,60000.0,0.0,0.0,-0.0,0.0,0.0,-0.0,5139008.299550008,105839.39404999837,-105839.39404999837,-1271786.2633715644,10024.134037499996,-10024.134037499996,0.5,0.802391767501831,0.5,0.5,8023917.5,264.9306640625,473.1572265625,313.16363525390625,-150000000.0,0.0,0.0,-53462048.0,0.0,0.0,-0.0,-0.0,203462048.0,-0.0,0.0,0.85,1.0,-1.0,1.0,True,True,True,,0,0
169200.0,46,0.34133538800336166,False,False,ok,,,True,1.0,0.0,1,0.0,1.0,0.0,0.0,660166.4172027718,55744.09131875051,0.35610163484294205,-55744.09131875051,-0.35610163484294205,156539.83544146415,0.0,0.0,0.34133538800336166,0.0497652465402606,0.0024765797632129195,0.06,1.0,-0.014766246839580385,-0.010785027116359536,-0.003981219723220848,5.0,1.0,0.04760824111698869,1.0,14013.067218749999,-14013.067218749999,0.0,14013.067218749999,0.0,74.7363585,0.63457,0.1875,-74.7363585,-32077.22892000107,-87570.76698083089,0.0,-0.0,-369138.64717483206,0.0,-0.0,-2819999.9999999995,-60000.0,60000.0,0.0,0.0,-0.0,0.0,0.0,-0.0,5240739.323650006,101731.02409999818,-101731.02409999818,-1303863.4922915655,14013.067218749999,-14013.067218749999,0.5,0.8002347350120544,0.5,0.5,8002347.5,264.2184753417969,473.1572265625,313.16363525390625,-150000000.0,0.0,0.0,-74736360.0,0.0,0.0,-0.0,-0.0,224736352.0,-0.0,0.0,0.85,1.0,-1.0,1.0,True,True,True,,0,0
172800.0,47,0.3847074769669635,False,False,ok,,,True,1.0,0.0,1,0.0,1.0,0.0,0.0,667692.7813527713,62888.34808124981,0.4017402209724822,-62888.34808124981,-0.4017402209724822,156539.83544146415,0.0,0.0,0.3847074769669635,0.05233444423362632,0.002738894053242543,0.06,1.0,-0.017032744005518713,-0.012845988466828606,-0.004186755538690106,5.0,1.0,0.0497652465402606,1.0,10520.168831249997,-10520.168831249997,0.0,10520.168831249997,0.0,56.10756709999999,0.63457,0.1875,-56.10756709999999,-44841.81510000024,-87570.76698083089,0.0,-0.0,-369138.64717483206,0.0,-0.0,-2879999.9999999995,-60000.0,60000.0,0.0,0.0,-0.0,0.0,0.0,-0.0,5353107.5029000025,112368.17924999632,-112368.17924999632,-1348705.3073915658,10520.168831249997,-10520.168831249997,0.5,0.797665536403656,0.5,0.5,7976655.5,263.37017822265625,473.1572265625,313.16363525390625,-150000000.0,0.0,0.0,-56107568.0,0.0,0.0,-0.0,-0.0,206107568.0,-0.0,0.0,0.85,1.0,-1.0,1.0,True,True,True,,0,0
176400.0,48,0.3411196711604466,False,False,ok,,,True,1.0,0.0,1,0.0,1.0,0.0,0.0,677082.0246427708,56203.35791875052,0.35903549892108433,-56203.35791875052,-0.35903549892108433,156539.83544146415,0.0,0.0,0.3411196711604466,0.055037017505663255,0.0030290732959186834,0.06,1.0,-0.017915827760637732,-0.013512866360184672,-0.004402961400453061,5.0,1.0,0.05233444423362632,1.0,13149.574368750002,-13149.574368750002,0.0,13149.574368750002,0.0,70.13106330000001,0.63457,0.1875,-70.13106330000001,-33664.540260001086,-87570.76698083089,0.0,-0.0,-369138.64717483206,0.0,-0.0,-2939999.9999999995,-60000.0,60000.0,0.0,0.0,-0.0,0.0,0.0,-0.0,5456161.286450004,103053.78355000168,-103053.78355000168,-1382369.8476515668,13149.574368750002,-13149.574368750002,0.5,0.794963002204895,0.5,0.5,7949630.0,262.47784423828125,473.1572265625,313.16363525390625,-150000000.0,0.0,0.0,-70131064.0,0.0,0.0,-0.0,-0.0,220131056.0,-0.0,0.0,0.85,1.0,-1.0,1.0,True,True,True,,0,0
180000.0,49,0.36817596714715595,False,False,ok,,,True,1.0,0.0,1,0.0,1.0,0.0,0.0,685068.9183127709,60295.66488749932,0.3851777709964824,-60295.66488749932,-0.3851777709964824,156539.83544146415,0.0,0.0,0.36817596714715595,0.057517104601898184,0.003308217321785697,0.06,1.0,-0.017001803849326497,-0.012400435481174643,-0.004601368368151855,5.0,1.0,0.055037017505663255,1.0,10230.133237499998,-10230.133237499998,0.0,10230.133237499998,0.0,54.56071059999999,0.63457,0.1875,-54.56071059999999,-42078.637979999185,-87570.76698083089,0.0,-0.0,-369138.64717483206,0.0,-0.0,-2999999.9999999995,-60000.0,60000.0,0.0,0.0,-0.0,0.0,0.0,-0.0,5566226.8181000035,110065.53164999932,-110065.53164999932,-1424448.485631566,10230.133237499998,-10230.133237499998,0.5,0.7924829125404358,0.5,0.5,7924829.0,261.65899658203125,473.1572265625,313.16363525390625,-150000000.0,0.0,0.0,-54560712.0,0.0,0.0,-0.0,-0.0,204560704.0,-0.0,0.0,0.85,1.0,-1.0,1.0,True,True,True,,0,0
183600.0,50,0.3575736681647967,False,False,ok,,,True,1.0,0.0,1,0.0,1.0,0.0,0.0,694612.8472527714,58410.493549999934,0.3731350131119929,-58410.493549999934,-0.3731350131119929,156539.83544146415,0.0,0.0,0.3575736681647967,0.059674580306434466,0.003561055534749096,0.06,1.0,-0.01556134494719617,-0.010787378522681412,-0.004773966424514758,5.0,1.0,0.057517104601898184,1.0,16130.138249999998,-16130.138249999998,0.0,16130.138249999998,0.0,86.02740399999999,0.28359,0.1875,-86.02740399999999,-32736.42635999946,-87570.76698083089,0.0,-0.0,-369138.64717483206,0.0,-0.0,-3059999.9999999995,-60000.0,60000.0,0.0,0.0,-0.0,0.0,0.0,-0.0,5668507.173400003,102280.35529999994,-102280.35529999994,-1457184.9119915655,16130.138249999998,-16130.138249999998,0.5,0.790325403213501,0.5,0.5,7903254.0,260.9466552734375,473.1572265625,313.16363525390625,-150000000.0,0.0,0.0,-86027408.0,0.0,0.0,-0.0,-0.0,236027408.0,-0.0,0.0,0.85,1.0,-1.0,1.0,True,True,True,,0,0
187200.0,51,0.4373432941742004,False,False,ok,,,True,1.0,0.0,1,0.0,1.0,0.0,0.0,701010.1068527709,70598.16676250004,0.45099170165474733,-70598.16676250004,-0.45099170165474733,156539.83544146415,0.0,0.0,0.4373432941742004,0.06142151752218883,0.0037726028147285493,0.06,0.0,-0.01364840748054692,-0.008734686078771814,-0.0049137214017751065,5.0,1.0,0.059674580306434466,1.0,12584.4647625,-12584.4647625,0.0,12584.4647625,0.0,67.1171454,0.28359,0.1875,-67.1171454,-51616.442400000524,-87570.76698083089,0.0,-0.0,-369138.64717483206,0.0,-0.0,-3119999.9999999995,-60000.0,60000.0,0.0,0.0,-0.0,0.0,0.0,-0.0,5786520.875400001,118013.70199999772,-118013.70199999772,-1508801.354391566,12584.4647625,-12584.4647625,0.5,0.7885785102844238,0.5,0.5,7885785.0,260.3698425292969,473.1572265625,313.16363525390625,-150000000.0,0.0,0.0,-67117144.0,0.0,0.0,-0.0,-0.0,217117152.0,-0.0,0.0,0.85,1.0,-1.0,1.0,True,True,True,,0,0
190800.0,52,0.3927627615058724,False,False,ok,,,True,1.0,0.0,1,0.0,1.0,0.0,0.0,709298.3923127704,63242.681006250365,0.4040037529610095,-63242.681006250365,-0.4040037529610095,156539.83544146415,0.0,0.0,0.3927627615058724,0.06266704312324434,0.003927158293810565,0.06,0.0,-0.011240991455137088,-0.006227628005277541,-0.005013363449859547,5.0,1.0,0.06142151752218883,1.0,14684.10830625,-14684.10830625,0.0,14684.10830625,0.0,78.3152443,0.28359,0.1875,-78.3152443,-40270.28724000091,-87570.76698083089,0.0,-0.0,-369138.64717483206,0.0,-0.0,-3179999.9999999995,-60000.0,60000.0,0.0,0.0,-0.0,0.0,0.0,-0.0,5895079.448099997,108558.57269999571,-108558.57269999571,-1549071.641631567,14684.10830625,-14684.10830625,0.5,0.7873329520225525,0.5,0.5,7873329.5,259.9586181640625,473.1572265625,313.16363525390625,-150000000.0,0.0,0.0,-78315248.0,0.0,0.0,-0.0,-0.0,228315248.0,-0.0,0.0,0.85,1.0,-1.0,1.0,True,True,True,,0,0
194400.0,53,0.4354378763228982,False,False,ok,,,True,1.0,0.0,1,0.0,1.0,0.0,0.0,716466.8678827704,69668.67563749995,0.4450539726263579,-69668.67563749995,-0.4450539726263579,156539.83544146415,0.0,0.0,0.4354378763228982,0.06357309289757507,0.00404153814056371,0.06,0.0,-0.009616096303459658,-0.004530248871653653,-0.005085847431806005,5.0,1.0,0.06266704312324434,1.0,15511.053487499998,-15511.053487499998,0.0,15511.053487499998,0.0,82.72561859999999,0.28359,0.1875,-82.72561859999999,-46989.14657999994,-87570.76698083089,0.0,-0.0,-369138.64717483206,0.0,-0.0,-3239999.9999999995,-60000.0,60000.0,0.0,0.0,-0.0,0.0,0.0,-0.0,6009237.070249993,114157.62214999646,-114157.62214999646,-1596060.7882115669,15511.053487499998,-15511.053487499998,0.5,0.7864269018173218,0.5,0.5,7864269.0,259.6594543457031,473.1572265625,313.16363525390625,-150000000.0,0.0,0.0,-82725616.0,0.0,0.0,-0.0,-0.0,232725616.0,-0.0,0.0,0.85,1.0,-1.0,1.0,True,True,True,,0,0
198000.0,54,0.42475781297635806,False,False,ok,,,True,1.0,0.0,1,0.0,1.0,0.0,0.0,725351.9634711746,67746.90109436933,0.43277738796207127,-67746.90109436933,-0.43277738796207127,156539.83544146415,0.0,0.0,0.42475781297635806,0.06415059832157255,0.0041152992650157465,0.06,0.0,-0.008019574985713214,-0.0028875271199874097,-0.005132047865725804,5.0,1.0,0.06357309289757507,1.0,12925.275686086827,-12925.275686086827,0.0,12925.275686086827,0.0,68.93480365912974,0.63457,0.1875,-68.93480365912974,-45936.529819878284,-87570.76698083089,0.0,-0.0,-370679.8310665494,-1541.1838917173445,1541.1838917173445,-3299999.9999999995,-60000.0,60000.0,0.0,0.0,-0.0,0.0,0.0,-0.0,6125599.879549997,116362.80930000357,-116362.80930000357,-1641997.3180314451,12925.275686086827,-12925.275686086827,0.5,0.785849392414093,0.5,0.5,7858494.0,259.4687805175781,473.1572265625,313.16363525390625,-150000000.0,0.0,0.0,-68934800.0,0.0,0.0,-13690254.0,-13690254.0,232625056.0,-0.0,0.0,0.85,1.0,-1.0,1.0,True,True,True,,0,0
201600.0,55,0.3274687292629293,False,False,ok,,,True,1.0,0.0,1,0.0,1.0,0.0,0.0,744976.5503973255,50913.69261844702,0.3252443218358018,-50913.69261844702,-0.3252443218358018,156539.83544146415,0.0,0.0,0.3274687292629293,0.06270247720093214,0.003931600647133415,0.06,0.0,0.002224407427127484,0.007240605603202055,-0.005016198176074571,5.0,1.0,0.06415059832157255,1.0,3806.2299799835423,-3806.2299799835423,0.0,3806.2299799835423,0.0,20.29989322657889,0.98555,0.1875,-20.29989322657889,-27482.875712312525,-87570.76698083089,0.0,-0.0,-379884.89727808593,-9205.066211536527,9205.066211536527,-3359999.9999999995,-60000.0,60000.0,0.0,0.0,-0.0,0.0,0.0,-0.0,6241912.408399995,116312.52884999849,-116312.52884999849,-1669480.1937437577,3806.2299799835423,-3806.2299799835423,0.5,0.7872975468635559,0.5,0.5,7872975.0,259.9468994140625,473.1572265625,313.16363525390625,-150000000.0,0.0,0.0,-20299894.0,0.0,0.0,-64742944.0,-64742944.0,235042832.0,-0.0,0.0,0.85,1.0,-1.0,1.0,True,True,True,,0,0
205200.0,56,0.011336654918171133,False,False,ok,,,True,1.0,0.0,1,0.0,1.0,0.0,0.0,778501.0491335157,-941.6228411990887,-0.006015228255118457,941.6228411990887,0.006015228255118457,156539.83544146415,0.0,0.0,0.011336654918171133,0.05829931158097856,0.0033988097308160214,0.06,1.0,0.01735188317328959,0.022015828099767876,-0.004663944926478285,5.0,1.0,0.06270247720093214,1.0,-37884.51610571185,37884.51610571185,37884.51610571185,0.0,38.439973726053324,0.0,0.98555,0.1875,38.439973726053324,-3418.3945283226203,-87570.76698083089,0.0,-0.0,-400463.42176357313,-20578.5244854872,20578.5244854872,-3419999.9999999995,-60000.0,60000.0,0.0,0.0,-0.0,0.0,0.0,-0.0,6359433.8261499945,117521.41774999909,-117521.41774999909,-1672898.5882720803,-37884.51610571185,37884.51610571185,0.5,0.7917006611824036,0.5,0.5,7917007.0,261.4007263183594,473.1572265625,313.16363525390625,-150000000.0,0.0,0.0,38439972.0,0.0,0.0,-103495200.0,-103495200.0,215055232.0,-0.0,0.0,0.85,1.0,-1.0,1.0,True,True,True,,0,0
208800.0,57,-0.1609714631705496,False,False,ok,,,True,1.0,0.0,1,0.0,1.0,0.0,0.0,802176.6501555577,-29600.36997864842,-0.18909161297615557,29600.36997864842,0.18909161297615557,156539.83544146415,0.0,0.0,-0.1609714631705496,0.05184574962584387,0.00268798175426569,0.06,1.0,0.02812014980560594,0.03226780977567345,-0.0041476599700675095,5.0,1.0,0.05829931158097856,1.0,-48217.16763205167,48217.16763205167,48217.16763205167,0.0,75.98400118513588,0.0,0.63457,0.1875,75.98400118513588,5058.803368638735,-87570.76698083089,0.0,-0.0,-429374.2362601697,-28910.814496596577,28910.814496596577,-3479999.9999999995,-60000.0,60000.0,0.0,0.0,-0.0,0.0,0.0,-0.0,6466961.438299999,107527.61215000413,-107527.61215000413,-1667839.7849034416,-48217.16763205167,48217.16763205167,0.5,0.7981542348861694,0.5,0.5,7981542.5,263.5315246582031,473.1572265625,313.16363525390625,-150000000.0,0.0,0.0,75984000.0,0.0,0.0,-130257192.0,-130257192.0,204273184.0,-0.0,0.0,0.85,1.0,-1.0,1.0,True,True,True,,0,0
212400.0,58,-0.0033714197366313536,False,False,ok,,,True,1.0,0.0,1,0.0,1.0,0.0,0.0,819140.1953127772,-5561.211840947502,-0.03552585720602114,5561.211840947502,0.03552585720602114,156539.83544146415,0.0,0.0,-0.0033714197366313536,0.04469966745272236,0.0019980602703839664,0.06,1.0,0.032154437469389785,0.035730410865607576,-0.0035759733962177887,5.0,1.0,0.05184574962584387,1.0,-14791.17841460241,14791.17841460241,14791.17841460241,0.0,52.15691108502559,0.0,0.28359,0.1875,52.15691108502559,7733.578583564609,-87586.11322934888,-15.346248517991626,15.346248517991626,-462265.51878799667,-32891.28252782696,32891.28252782696,-3539999.9999999995,-60000.0,60000.0,0.0,0.0,-0.0,0.0,0.0,-0.0,6569098.03365,102136.59535000101,-102136.59535000101,-1660106.206319877,-14791.17841460241,14791.17841460241,0.5,0.8053003549575806,0.5,0.5,8053003.5,265.8909912109375,473.1572265625,313.16363525390625,-150000000.0,0.0,0.0,52156912.0,-683898.875,-683898.875,-133144800.0,-133144800.0,231671792.0,-0.0,0.0,0.85,1.0,-1.0,1.0,True,True,True,,0,0
216000.0,59,0.11018048141493518,False,False,ok,,,True,1.0,0.0,1,0.0,1.0,0.0,0.0,847366.9500518307,12776.92836666313,0.08162093904487898,-12776.92836666313,-0.08162093904487898,156539.83544146415,0.0,0.0,0.11018048141493518,0.03837377852235346,0.001472546878082636,0.06,1.0,0.028559542370056198,0.031629444651844474,-0.003069902281788277,5.0,1.0,0.04469966745272236,1.0,-10767.644975250158,10767.644975250158,10767.644975250158,0.0,58.7400849667239,0.0,0.18331,0.1875,58.7400849667239,4682.181397140259,-88173.83144517621,-587.7182158273354,587.7182158273354,-493969.1198802559,-31703.601092259225,31703.601092259225,-3599999.9999999995,-60000.0,60000.0,0.0,0.0,-0.0,0.0,0.0,-0.0,6684933.9263,115835.89265000075,-115835.89265000075,-1655424.0249227367,-10767.644975250158,10767.644975250158,0.5,0.8116261959075928,0.5,0.5,8116262.0,267.9796447753906,473.1572265625,313.16363525390625,-150000000.0,0.0,0.0,58740084.0,-2958181.25,-2958181.25,-119103632.0,-119103632.0,213321728.0,-0.0,0.0,0.85,1.0,-1.0,1.0,True,True,True,,0,0
219600.0,60,0.11083810476497602,False,False,ok,,,True,1.0,0.0,1,0.0,1.0,0.0,0.0,869757.9618160438,13931.826307487805,0.0889986006960983,-13931.826307487805,-0.0889986006960983,156539.83544146415,0.0,0.0,0.11083810476497602,0.03347035207537197,0.0011202644680493566,0.06,1.0,0.021839504068877722,0.02451713223490748,-0.0026776281660297573,5.0,1.0,0.03837377852235346,1.0,-3064.473404039381,3064.473404039381,3064.473404039381,0.0,16.717437150397583,0.0,0.18331,0.1875,16.717437150397583,5394.712052685907,-89389.56644382728,-1215.7349986510671,1215.7349986510671,-522417.950570078,-28448.83068982209,28448.83068982209,-3659999.9999999995,-60000.0,60000.0,0.0,0.0,-0.0,0.0,0.0,-0.0,6791594.791699996,106660.86539999582,-106660.86539999582,-1650029.3128700508,-3064.473404039381,3064.473404039381,0.5,0.8165296316146851,0.5,0.5,8165296.5,269.5986328125,473.1572265625,313.16363525390625,-150000000.0,0.0,0.0,16717437.0,-4117247.75,-4117247.75,-107312776.0,-107312776.0,244712592.0,-0.0,0.0,0.85,1.0,-1.0,1.0,True,True,True,,0,0
223200.0,61,0.24304390718916752,False,False,ok,,,True,1.0,0.0,1,0.0,1.0,0.0,0.0,905909.2749352127,35986.13893166816,0.22988486496221383,-35986.13893166816,-0.22988486496221383,156539.83544146415,0.0,0.0,0.24304390718916752,0.030352897273603574,0.0009212983729019313,0.06,1.0,0.01315904222695368,0.015587274008841967,-0.0024282317818882858,5.0,1.0,0.03347035207537197,1.0,-2049.149373549472,2049.149373549472,2049.149373549472,0.0,11.17860113223213,0.0,0.18331,0.1875,11.17860113223213,-1883.975186048774,-90847.7743521906,-1458.2079083633143,1458.2079083633143,-545280.748856497,-22862.798286419013,22862.798286419013,-3719999.9999999995,-60000.0,60000.0,0.0,0.0,-0.0,0.0,0.0,-0.0,6913951.086199995,122356.29449999891,-122356.29449999891,-1651913.2880560996,-2049.149373549472,2049.149373549472,0.5,0.8196470737457275,0.5,0.5,8196471.0,270.6279296875,473.1572265625,313.16363525390625,-150000000.0,0.0,0.0,11178601.0,-4226387.5,-4226387.5,-71965664.0,-71965664.0,215013456.0,-0.0,0.0,0.85,1.0,-1.0,1.0,True,True,True,,0,0
226800.0,62,0.28415125742797553,False,False,ok,,,True,1.0,0.0,1,0.0,1.0,0.0,0.0,932425.3347634057,44203.11679521644,0.28237615473759436,-44203.11679521644,-0.28237615473759436,156539.83544146415,0.0,0.0,0.28415125742797553,0.02952546922788124,0.000871753333126562,0.06,1.0,0.0017751026903811695,0.004137140228611669,-0.0023620375382304992,5.0,1.0,0.030352897273603574,1.0,10437.551833995021,-10437.551833995021,0.0,10437.551833995021,0.0,55.66694311464011,0.28359,0.1875,-55.66694311464011,-7249.505133028375,-91284.87142773018,-437.0970755395829,437.0970755395829,-558584.811069736,-13304.062213239027,13304.062213239027,-3779999.9999999995,-60000.0,60000.0,0.0,0.0,-0.0,0.0,0.0,-0.0,7021457.810449995,107506.72424999997,-107506.72424999997,-1659162.793189128,10437.551833995021,-10437.551833995021,0.5,0.8204745054244995,0.5,0.5,8204745.5,270.901123046875,473.1572265625,313.16363525390625,-150000000.0,0.0,0.0,-55666944.0,0.0,0.0,-30085904.0,-30085904.0,235752848.0,-0.0,0.0,0.85,1.0,-1.0,1.0,True,True,True,,0,0
230400.0,63,0.40638395192826776,False,False,ok,,,True,1.0,0.0,1,0.0,1.0,0.0,0.0,944679.486727725,66184.59281209327,0.42279712780739476,-66184.59281209327,-0.42279712780739476,156539.83544146415,0.0,0.0,0.40638395192826776,0.03229144134223094,0.0010427371839587416,0.06,1.0,-0.016413175879126985,-0.013829860571748509,-0.0025833153073784756,5.0,1.0,0.02952546922788124,1.0,12472.052943749995,-12472.052943749995,0.0,12472.052943749995,0.0,66.51761569999998,0.63457,0.1875,-66.51761569999998,-41458.387904023984,-91284.87142773018,0.0,-0.0,-562748.6943513927,-4163.883281656657,4163.883281656657,-3839999.9999999995,-60000.0,60000.0,0.0,0.0,-0.0,0.0,0.0,-0.0,7139334.233599998,117876.42315000296,-117876.42315000296,-1700621.181093152,12472.052943749995,-12472.052943749995,0.5,0.8177085518836975,0.5,0.5,8177085.5,269.9878845214844,473.1572265625,313.16363525390625,-150000000.0,0.0,0.0,-66517616.0,0.0,0.0,-0.0,-0.0,216517616.0,-0.0,0.0,0.85,1.0,-1.0,1.0,True,True,True,,0,0
234000.0,64,0.36083778686115286,False,False,ok,,,True,1.0,0.0,1,0.0,1.0,0.0,0.0,953027.7251577249,61054.49466250045,0.39002528966712063,-61054.49466250045,-0.39002528966712063,156539.83544146415,0.0,0.0,0.36083778686115286,0.037528486125417815,0.0014083872708656774,0.06,1.0,-0.02918750280596779,-0.026185223915934364,-0.003002278890033425,5.0,1.0,0.03229144134223094,1.0,12795.6868125,-12795.6868125,0.0,12795.6868125,0.0,68.243663,1.13597,0.1875,-68.243663,-39910.56942000054,-91284.87142773018,0.0,-0.0,-562748.6943513927,0.0,-0.0,-3899999.9999999995,-60000.0,60000.0,0.0,0.0,-0.0,0.0,0.0,-0.0,7247593.041449994,108258.80784999579,-108258.80784999579,-1740531.7505131525,12795.6868125,-12795.6868125,0.5,0.8124715089797974,0.5,0.5,8124715.0,268.25872802734375,473.1572265625,313.16363525390625,-150000000.0,0.0,0.0,-68243664.0,0.0,0.0,-0.0,-0.0,218243664.0,-0.0,0.0,0.85,1.0,-1.0,1.0,True,True,True,,0,0
237600.0,65,0.37983052482249646,False,False,ok,,,True,1.0,0.0,1,0.0,1.0,0.0,0.0,961203.3588577248,64050.09505000055,0.4091616352436449,-64050.09505000055,-0.4091616352436449,156539.83544146415,0.0,0.0,0.37983052482249646,0.04271132697799951,0.0018242574522215887,0.06,1.0,-0.02933111042114843,-0.02591420426290847,-0.0034169061582399606,5.0,1.0,0.037528486125417815,1.0,14928.263549999996,-14928.263549999996,0.0,14928.263549999996,0.0,79.61740559999998,1.13597,0.1875,-79.61740559999998,-40946.197800000664,-91284.87142773018,0.0,-0.0,-562748.6943513927,0.0,-0.0,-3959999.9999999995,-60000.0,60000.0,0.0,0.0,-0.0,0.0,0.0,-0.0,7356714.872949993,109121.83149999939,-109121.83149999939,-1781477.948313153,14928.263549999996,-14928.263549999996,0.5,0.807288646697998,0.5,0.5,8072886.5,266.5474548339844,473.1572265625,313.16363525390625,-150000000.0,0.0,0.0,-79617408.0,0.0,0.0,-0.0,-0.0,229617408.0,-0.0,0.0,0.85,1.0,-1.0,1.0,True,True,True,,0,0
241200.0,66,0.4376745863080932,False,False,ok,,,True,1.0,0.0,1,0.0,1.0,0.0,0.0,968241.6182977252,72669.81656250032,0.4642257119892921,-72669.81656250032,-0.4642257119892921,156539.83544146415,0.0,0.0,0.4376745863080932,0.04726530719905442,0.0022340092646209856,0.06,1.0,-0.0265511256811989,-0.022769901105274548,-0.0037812245759243535,5.0,1.0,0.04271132697799951,1.0,17861.1137625,-17861.1137625,0.0,17861.1137625,0.0,95.2592734,1.13597,0.1875,-95.2592734,-47770.44335999992,-91284.87142773018,0.0,-0.0,-562748.6943513927,0.0,-0.0,-4019999.9999999995,-60000.0,60000.0,0.0,0.0,-0.0,0.0,0.0,-0.0,7471523.575749997,114808.70280000381,-114808.70280000381,-1829248.391673153,17861.1137625,-17861.1137625,0.5,0.8027346730232239,0.5,0.5,8027347.0,265.0438537597656,473.1572265625,313.16363525390625,-150000000.0,0.0,0.0,-95259272.0,0.0,0.0,-0.0,-0.0,245259280.0,-0.0,0.0,0.85,1.0,-1.0,1.0,True,True,True,,0,0
244800.0,67,0.4536281182946163,False,False,ok,,,True,1.0,0.0,1,0.0,1.0,0.0,0.0,973715.6909577257,74484.59455624968,0.47581878661231974,-74484.59455624968,-0.47581878661231974,156539.83544146415,0.0,0.0,0.4536281182946163,0.05088921344743613,0.0025897120452987145,0.06,1.0,-0.02219066831770346,-0.01811953124190857,-0.004071137075794891,5.0,1.0,0.04726530719905442,1.0,11854.957856250001,-11854.957856250001,0.0,11854.957856250001,0.0,63.226441900000005,0.98555,0.1875,-63.226441900000005,-57155.56403999915,-91284.87142773018,0.0,-0.0,-562748.6943513927,0.0,-0.0,-4079999.9999999995,-60000.0,60000.0,0.0,0.0,-0.0,0.0,0.0,-0.0,7594153.212450001,122629.63670000434,-122629.63670000434,-1886403.9557131522,11854.957856250001,-11854.957856250001,0.5,0.7991107702255249,0.5,0.5,7991108.0,263.8473205566406,473.1572265625,313.16363525390625,-150000000.0,0.0,0.0,-63226440.0,0.0,0.0,-0.0,-0.0,213226448.0,-0.0,0.0,0.85,1.0,-1.0,1.0,True,True,True,,0,0
248400.0,68,0.3979634998715013,False,False,ok,,,True,1.0,0.0,1,0.0,1.0,0.0,0.0,982393.0467677256,64892.838575000686,0.41454520756326235,-64892.838575000686,-0.41454520756326235,156539.83544146415,0.0,0.0,0.3979634998715013,0.05335192419861057,0.002846427815694288,0.06,1.0,-0.01658170769176102,-0.012313553755872175,-0.004268153935888846,5.0,1.0,0.05088921344743613,1.0,18279.617625,-18279.617625,0.0,18279.617625,0.0,97.491294,0.98555,0.1875,-97.491294,-37935.865140000824,-91284.87142773018,0.0,-0.0,-562748.6943513927,0.0,-0.0,-4139999.9999999995,-60000.0,60000.0,0.0,0.0,-0.0,0.0,0.0,-0.0,7700766.433400003,106613.22095000185,-106613.22095000185,-1924339.820853153,18279.617625,-18279.617625,0.5,0.7966480851173401,0.5,0.5,7966481.0,263.0341796875,473.1572265625,313.16363525390625,-150000000.0,0.0,0.0,-97491296.0,0.0,0.0,-0.0,-0.0,247491296.0,-0.0,0.0,0.85,1.0,-1.0,1.0,True,True,True,,0,0
252000.0,69,0.49907723606261567,False,False,ok,,,True,1.0,0.0,1,0.0,1.0,0.0,0.0,987643.9173677261,80046.23118749988,0.5113473574426494,-80046.23118749988,-0.5113473574426494,156539.83544146415,0.0,0.0,0.49907723606261567,0.054927114640371366,0.0030169879227164983,0.06,1.0,-0.012270121380033703,-0.007875952208803993,-0.004394169171229709,5.0,1.0,0.05335192419861057,1.0,16300.584187499999,-16300.584187499999,0.0,16300.584187499999,0.0,86.936449,0.63457,0.1875,-86.936449,-58494.77639999939,-91284.87142773018,0.0,-0.0,-562748.6943513927,0.0,-0.0,-4199999.999999999,-59999.999999999534,59999.999999999534,0.0,0.0,-0.0,0.0,0.0,-0.0,7824512.080400003,123745.64699999988,-123745.64699999988,-1982834.5972531524,16300.584187499999,-16300.584187499999,0.5,0.7950729131698608,0.5,0.5,7950729.0,262.51409912109375,473.1572265625,313.16363525390625,-150000000.0,0.0,0.0,-86936448.0,0.0,0.0,-0.0,-0.0,236936448.0,-0.0,0.0,0.85,1.0,-1.0,1.0,True,True,True,,0,0
255600.0,70,0.4227531811231816,False,False,ok,,,True,1.0,0.0,1,0.0,1.0,0.0,0.0,993950.2724677266,67885.04776249977,0.4336598896444121,-67885.04776249977,-0.4336598896444121,156539.83544146415,0.0,0.0,0.4227531811231816,0.05620911057541089,0.0031594641116787685,0.06,1.0,-0.0109067085212305,-0.00640997967519763,-0.0044967288460328715,5.0,1.0,0.054927114640371366,1.0,9416.8232625,-9416.8232625,0.0,9416.8232625,0.0,50.2230574,0.63457,0.1875,-50.2230574,-52161.86939999927,-91284.87142773018,0.0,-0.0,-562748.6943513927,0.0,-0.0,-4259999.999999999,-60000.0,60000.0,0.0,0.0,-0.0,0.0,0.0,-0.0,7942980.304900002,118468.22449999861,-118468.22449999861,-2034996.4666531517,9416.8232625,-9416.8232625,0.5,0.793790876865387,0.5,0.5,7937909.0,262.0908203125,473.1572265625,313.16363525390625,-150000000.0,0.0,0.0,-50223056.0,0.0,0.0,-0.0,-0.0,200223056.0,-0.0,0.0,0.85,1.0,-1.0,1.0,True,True,True,,0,0
259200.0,71,0.35664702082790367,False,False,ok,,,True,1.0,0.0,1,0.0,1.0,0.0,0.0,1003927.9667277262,57462.185824999906,0.36707708081427665,-57462.185824999906,-0.36707708081427665,156539.83544146415,0.0,0.0,0.35664702082790367,0.057377089146343985,0.0032921303589075047,0.06,1.0,-0.010430059986372982,-0.005839892854665463,-0.004590167131707519,5.0,1.0,0.05620911057541089,1.0,17350.657124999998,-17350.657124999998,0.0,17350.657124999998,0.0,92.53683799999999,0.63457,0.1875,-92.53683799999999,-30133.834440000355,-91284.87142773018,0.0,-0.0,-562748.6943513927,0.0,-0.0,-4319999.999999999,-60000.0,60000.0,0.0,0.0,-0.0,0.0,0.0,-0.0,8043091.833600005,100111.5287000034,-100111.5287000034,-2065130.301093152,17350.657124999998,-17350.657124999998,0.5,0.7926229238510132,0.5,0.5,7926229.0,261.7051696777344,473.1572265625,313.16363525390625,-150000000.0,0.0,0.0,-92536840.0,0.0,0.0,-0.0,-0.0,242536832.0,-0.0,0.0,0.85,1.0,-1.0,1.0,True,True,True,,0,0
262800.0,72,0.48356887389213615,False,False,ok,,,True,1.0,0.0,1,0.0,1.0,0.0,0.0,1009674.2829277262,77164.40826250117,0.4929378393997079,-77164.40826250117,-0.4929378393997079,156539.83544146415,0.0,0.0,0.48356887389213615,0.05831779748804955,0.0034009655038571584,0.06,1.0,-0.00936896550757179,-0.004703541708527825,-0.004665423799043964,5.0,1.0,0.057377089146343985,1.0,15895.989262500001,-15895.989262500001,0.0,15895.989262500001,0.0,84.77860940000001,0.63457,0.1875,-84.77860940000001,-55522.10280000116,-91284.87142773018,0.0,-0.0,-562748.6943513927,0.0,-0.0,-4379999.999999999,-60000.0,60000.0,0.0,0.0,-0.0,0.0,0.0,-0.0,8164360.252600009,121268.41900000349,-121268.41900000349,-2120652.403893153,15895.989262500001,-15895.989262500001,0.5,0.7916821837425232,0.5,0.5,7916822.0,261.3945617675781,473.1572265625,313.16363525390625,-150000000.0,0.0,0.0,-84778608.0,0.0,0.0,-0.0,-0.0,234778608.0,-0.0,0.0,0.85,1.0,-1.0,1.0,True,True,True,,0,0
266400.0,73,0.4517338894356335,False,False,ok,,,True,1.0,0.0,1,0.0,1.0,0.0,0.0,1016196.4219877264,72037.10584375137,0.46018386080831564,-72037.10584375137,-0.46018386080831564,156539.83544146415,0.0,0.0,0.4517338894356335,0.05906278716789959,0.003488412828040604,0.06,1.0,-0.008449971372682162,-0.003724948399250194,-0.004725022973431968,5.0,1.0,0.05831779748804955,1.0,14647.801143749999,-14647.801143749999,0.0,14647.801143749999,0.0,78.1216061,0.63457,0.1875,-78.1216061,-50867.165640001185,-91284.87142773018,0.0,-0.0,-562748.6943513927,0.0,-0.0,-4439999.999999999,-60000.0,60000.0,0.0,0.0,-0.0,0.0,0.0,-0.0,8281749.557300009,117389.30470000021,-117389.30470000021,-2171519.5695331544,14647.801143749999,-14647.801143749999,0.5,0.7909371852874756,0.5,0.5,7909372.0,261.1485900878906,473.1572265625,313.16363525390625,-150000000.0,0.0,0.0,-78121608.0,0.0,0.0,-0.0,-0.0,228121600.0,-0.0,0.0,0.85,1.0,-1.0,1.0,True,True,True,,0,0
270000.0,74,0.417388432235254,False,False,ok,,,True,1.0,0.0,1,0.0,1.0,0.0,0.0,1023384.2613777262,66601.89161875068,0.4254628953130305,-66601.89161875068,-0.4254628953130305,156539.83544146415,0.0,0.0,0.417388432235254,0.05972212577111702,0.0035667323066211195,0.06,1.0,-0.008074463077776511,-0.003296693016087149,-0.004777770061689362,5.0,1.0,0.05906278716789959,1.0,12541.088568749998,-12541.088568749998,0.0,12541.088568749998,0.0,66.88580569999999,0.28359,0.1875,-66.88580569999999,-46872.96366000082,-91284.87142773018,0.0,-0.0,-562748.6943513927,0.0,-0.0,-4499999.999999999,-60000.0,60000.0,0.0,0.0,-0.0,0.0,0.0,-0.0,8395810.360350007,114060.80304999836,-114060.80304999836,-2218392.533193155,12541.088568749998,-12541.088568749998,0.5,0.790277898311615,0.5,0.5,7902778.5,260.930908203125,473.1572265625,313.16363525390625,-150000000.0,0.0,0.0,-66885804.0,0.0,0.0,-0.0,-0.0,216885808.0,-0.0,0.0,0.85,1.0,-1.0,1.0,True,True,True,,0,0
273600.0,75,0.3816307952945614,False,False,ok,,,True,1.0,0.0,1,0.0,1.0,0.0,0.0,1031695.6808077265,60937.89673749879,0.38928044459511174,-60937.89673749879,-0.38928044459511174,156539.83544146415,0.0,0.0,0.3816307952945614,0.06028745632994792,0.0036345773907353776,0.06,0.0,-0.007649649300550339,-0.002826652794154505,-0.004822996506395834,5.0,1.0,0.05972212577111702,1.0,12494.9938875,-12494.9938875,0.0,12494.9938875,0.0,66.6399674,0.28359,0.1875,-66.6399674,-40131.48341999855,-91284.87142773018,0.0,-0.0,-562748.6943513927,0.0,-0.0,-4559999.999999999,-60000.0,60000.0,0.0,0.0,-0.0,0.0,0.0,-0.0,8504253.263200013,108442.90285000578,-108442.90285000578,-2258524.0166131537,12494.9938875,-12494.9938875,0.5,0.7897125482559204,0.5,0.5,7897125.5,260.7442321777344,473.1572265625,313.16363525390625,-150000000.0,0.0,0.0,-66639968.0,0.0,0.0,-0.0,-0.0,216639968.0,-0.0,0.0,0.85,1.0,-1.0,1.0,True,True,True,,0,0
277200.0,76,0.3662673625610806,False,False,ok,,,True,1.0,0.0,1,0.0,1.0,0.0,0.0,1040031.6840677266,58419.88483749928,0.37319500606824496,-58419.88483749928,-0.37319500606824496,156539.83544146415,0.0,0.0,0.3662673625610806,0.060701756920650385,0.003684703293253727,0.06,0.0,-0.006927643507164358,-0.0020715029535123275,-0.004856140553652031,5.0,1.0,0.06028745632994792,1.0,10099.901137500001,-10099.901137500001,0.0,10099.901137500001,0.0,53.8661394,0.28359,0.1875,-53.8661394,-39983.98043999914,-91284.87142773018,0.0,-0.0,-562748.6943513927,0.0,-0.0,-4619999.999999999,-60000.0,60000.0,0.0,0.0,-0.0,0.0,0.0,-0.0,8612573.246900005,108319.9836999923,-108319.9836999923,-2298507.997053153,10099.901137500001,-10099.901137500001,0.5,0.7892982363700867,0.5,0.5,7892982.5,260.6074523925781,473.1572265625,313.16363525390625,-150000000.0,0.0,0.0,-53866140.0,0.0,0.0,-0.0,-0.0,203866144.0,-0.0,0.0,0.85,1.0,-1.0,1.0,True,True,True,,0,0
280800.0,77,0.348725370791718,False,False,ok,,,True,1.0,0.0,1,0.0,1.0,0.0,0.0,1049645.070127726,55604.640937498014,0.35521080484520234,-55604.640937498014,-0.35521080484520234,156539.83544146415,0.0,0.0,0.348725370791718,0.061022483987546505,0.0037237435520103696,0.06,0.0,-0.006485434053484323,-0.001603635334480602,-0.004881798719003721,5.0,1.0,0.060701756920650385,1.0,13671.571237499998,-13671.571237499998,0.0,13671.571237499998,0.0,72.9150466,0.28359,0.1875,-72.9150466,-32319.683639998548,-91284.87142773018,0.0,-0.0,-562748.6943513927,0.0,-0.0,-4679999.999999999,-60000.0,60000.0,0.0,0.0,-0.0,0.0,0.0,-0.0,8714506.316600008,101933.06970000267,-101933.06970000267,-2330827.6806931514,13671.571237499998,-13671.571237499998,0.5,0.7889775037765503,0.5,0.5,7889775.0,260.5015563964844,473.1572265625,313.16363525390625,-150000000.0,0.0,0.0,-72915048.0,0.0,0.0,-0.0,-0.0,222915040.0,-0.0,0.0,0.85,1.0,-1.0,1.0,True,True,True,,0,0
284400.0,78,0.3945179692437849,False,False,ok,,,True,1.0,0.0,1,0.0,1.0,0.0,0.0,1059584.6699146454,62745.33556281617,0.4008266355069659,-62745.33556281617,-0.4008266355069659,156539.83544146415,0.0,0.0,0.3945179692437849,0.06130336342537668,0.003758102367263811,0.06,0.0,-0.006308666263180998,-0.0014043971891508633,-0.004904269074030135,5.0,1.0,0.061022483987546505,1.0,12881.458296330698,-12881.458296330698,0.0,12881.458296330698,0.0,68.70111091376373,0.63457,0.1875,-68.70111091376373,-39924.27747956617,-91284.87142773018,0.0,-0.0,-564342.3403849065,-1593.6460335138254,1593.6460335138254,-4739999.999999999,-60000.0,60000.0,0.0,0.0,-0.0,0.0,0.0,-0.0,8825963.839900004,111457.52329999581,-111457.52329999581,-2370751.9581727176,12881.458296330698,-12881.458296330698,0.5,0.7886966466903687,0.5,0.5,7886966.5,260.4088134765625,473.1572265625,313.16363525390625,-150000000.0,0.0,0.0,-68701112.0,0.0,0.0,-14158392.0,-14158392.0,232859504.0,-0.0,0.0,0.85,1.0,-1.0,1.0,True,True,True,,0,0
288000.0,79,0.3223701357561172,False,False,ok,,,True,1.0,0.0,1,0.0,1.0,0.0,0.0,1078854.7733252798,50540.289956170964,0.32285896949897963,-50540.289956170964,-0.32285896949897963,156539.83544146415,0.0,0.0,0.3223701357561172,0.060434183242075945,0.003652290504136813,0.06,0.0,-0.0004888337428624115,0.004345900916503664,-0.004834734659366076,5.0,1.0,0.06130336342537668,1.0,3079.148120910058,-3079.148120910058,0.0,3079.148120910058,0.0,16.42212331152031,0.98555,0.1875,-16.42212331152031,-28191.03842462646,-91284.87142773018,0.0,-0.0,-573310.9501996452,-8968.609814738738,8968.609814738738,-4799999.999999999,-60000.0,60000.0,0.0,0.0,-0.0,0.0,0.0,-0.0,8942393.591550006,116429.75165000185,-116429.75165000185,-2398942.996597344,3079.148120910058,-3079.148120910058,0.5,0.7895658016204834,0.5,0.5,7895658.0,260.69580078125,473.1572265625,313.16363525390625,-150000000.0,0.0,0.0,-16422123.0,0.0,0.0,-62175568.0,-62175568.0,228597696.0,-0.0,0.0,0.85,1.0,-1.0,1.0,True,True,True,,0,0
291600.0,80,0.04194052204628503,False,False,ok,,,True,1.0,0.0,1,0.0,1.0,0.0,0.0,1111203.837750971,4788.6349192626985,0.030590519695884954,-4788.6349192626985,-0.030590519695884954,156539.83544146415,0.0,0.0,0.04194052204628503,0.05724821138975977,0.0032773577073266207,0.06,1.0,0.011350002350400077,0.01592985926158086,-0.004579856911180782,5.0,1.0,0.060434183242075945,1.0,-29658.81059592313,29658.81059592313,29658.81059592313,0.0,30.093664041320203,0.0,0.98555,0.1875,30.093664041320203,-2098.3810894945636,-91284.87142773018,0.0,-0.0,-593162.3508344592,-19851.400634813937,19851.400634813937,-4859999.999999999,-60000.0,60000.0,0.0,0.0,-0.0,0.0,0.0,-0.0,9056692.437700009,114298.84615000337,-114298.84615000337,-2401041.3776868386,-29658.81059592313,29658.81059592313,0.5,0.7927517890930176,0.5,0.5,7927518.0,261.7477111816406,473.1572265625,313.16363525390625,-150000000.0,0.0,0.0,30093664.0,0.0,0.0,-100199096.0,-100199096.0,220105440.0,-0.0,0.0,0.85,1.0,-1.0,1.0,True,True,True,,0,0
295200.0,81,0.05709380767944083,False,False,ok,,,True,1.0,0.0,1,0.0,1.0,0.0,0.0,1137650.9527188863,5595.294824814817,0.03574358443034839,-5595.294824814817,-0.03574358443034839,156539.83544146415,0.0,0.0,0.05709380767944083,0.05214386490151701,0.0027189826468676575,0.06,1.0,0.021350223249092446,0.025521732441213807,-0.004171509192121361,5.0,1.0,0.05724821138975977,1.0,-16798.991421710307,16798.991421710307,16798.991421710307,0.0,26.47303122068536,0.0,0.63457,0.1875,26.47303122068536,4052.828721390106,-91284.87142773018,0.0,-0.0,-620820.780687934,-27658.429853474838,27658.429853474838,-4919999.999999999,-60000.0,60000.0,0.0,0.0,-0.0,0.0,0.0,-0.0,9166745.153800001,110052.7160999924,-110052.7160999924,-2396988.5489654485,-16798.991421710307,16798.991421710307,0.5,0.7978561520576477,0.5,0.5,7978561.5,263.43304443359375,473.1572265625,313.16363525390625,-150000000.0,0.0,0.0,26473032.0,0.0,0.0,-123208088.0,-123208088.0,246735056.0,-0.0,0.0,0.85,1.0,-1.0,1.0,True,True,True,,0,0
298800.0,82,0.10608710893354499,False,False,ok,,,True,1.0,0.0,1,0.0,1.0,0.0,0.0,1172139.3396179436,12682.044058213996,0.08101480381941673,-12682.044058213996,-0.08101480381941673,156539.83544146415,0.0,0.0,0.10608710893354499,0.046387208542019054,0.0021517731163207656,0.06,1.0,0.025072305114128265,0.02878328179748979,-0.0037109766833615244,5.0,1.0,0.05214386490151701,1.0,-18676.091023547986,18676.091023547986,18676.091023547986,0.0,65.85595762737749,0.0,0.28359,0.1875,65.85595762737749,3130.251817295328,-91284.87142773018,0.0,-0.0,-652830.174856172,-32009.394168237923,32009.394168237923,-4979999.999999999,-60000.0,60000.0,0.0,0.0,-0.0,0.0,0.0,-0.0,9290112.683049994,123367.52924999222,-123367.52924999222,-2393858.297148153,-18676.091023547986,18676.091023547986,0.5,0.8036127686500549,0.5,0.5,8036128.0,265.3337707519531,473.1572265625,313.16363525390625,-150000000.0,0.0,0.0,65855956.0,0.0,0.0,-133882672.0,-133882672.0,218026704.0,-0.0,0.0,0.85,1.0,-1.0,1.0,True,True,True,,0,0
302400.0,83,0.09264962769148168,False,False,ok,,,True,1.0,0.0,1,0.0,1.0,0.0,0.0,1194691.7168131492,10707.854934469753,0.06840338693516644,-10707.854934469753,-0.06840338693516644,156539.83544146415,0.0,0.0,0.09264962769148168,0.040883819282240164,0.0016714866791028727,0.06,1.0,0.02424624075631524,0.02751694629889445,-0.003270705542579213,5.0,1.0,0.046387208542019054,1.0,-5541.655124205674,5541.655124205674,5541.655124205674,0.0,30.231057357512814,0.0,0.18331,0.1875,30.231057357512814,6302.8671365301125,-91284.87142773018,0.0,-0.0,-685594.0205974956,-32763.84574132366,32763.84574132366,-5039999.999999999,-60000.0,60000.0,0.0,0.0,-0.0,0.0,0.0,-0.0,9399126.03885,109013.35580000654,-109013.35580000654,-2387555.430011623,-5541.655124205674,5541.655124205674,0.5,0.8091161847114563,0.5,0.5,8091162.0,267.1508483886719,473.1572265625,313.16363525390625,-150000000.0,0.0,0.0,30231058.0,0.0,0.0,-127616760.0,-127616760.0,247385696.0,-0.0,0.0,0.85,1.0,-1.0,1.0,True,True,True,,0,0
306000.0,84,0.17847018796676198,False,False,ok,,,True,1.0,0.0,1,0.0,1.0,0.0,0.0,1230999.993495449,24389.731225174153,0.15580526935135527,-24389.731225174153,-0.15580526935135527,156539.83544146415,0.0,0.0,0.17847018796676198,0.03577838145586498,0.0012800925796013832,0.06,1.0,0.022664918615406707,0.025527189131875905,-0.0028622705164691987,5.0,1.0,0.040883819282240164,1.0,-9893.113178659696,9893.113178659696,9893.113178659696,0.0,53.969304340514405,0.0,0.18331,0.1875,53.969304340514405,2025.4322784659453,-91284.87142773018,0.0,-0.0,-715004.0263936626,-29410.00579616695,29410.00579616695,-5099999.999999999,-60000.0,60000.0,0.0,0.0,-0.0,0.0,0.0,-0.0,9522818.889049994,123692.8501999937,-123692.8501999937,-2385529.997733157,-9893.113178659696,9893.113178659696,0.5,0.8142216205596924,0.5,0.5,8142216.0,268.8365173339844,473.1572265625,313.16363525390625,-150000000.0,0.0,0.0,53969304.0,0.0,0.0,-105475480.0,-105475480.0,201506176.0,-0.0,0.0,0.85,1.0,-1.0,1.0,True,True,True,,0,0
309600.0,85,0.13668096231263788,False,False,ok,,,True,1.0,0.0,1,0.0,1.0,0.0,0.0,1253096.6410640876,18416.8540327273,0.11764963199807388,-18416.8540327273,-0.11764963199807388,156539.83544146415,0.0,0.0,0.13668096231263788,0.03146861751274821,0.0009902738881636434,0.06,1.0,0.01903133031456401,0.021548819715583867,-0.002517489401019857,5.0,1.0,0.03577838145586498,1.0,173.4712349959798,-173.4712349959798,0.0,173.4712349959798,0.0,0.925179919978559,0.18331,0.1875,-0.925179919978559,3853.26477090735,-91284.87142773018,0.0,-0.0,-737513.7330459312,-22509.70665226865,22509.70665226865,-5159999.999999999,-60000.0,60000.0,0.0,0.0,-0.0,0.0,0.0,-0.0,9623571.978499996,100753.08945000172,-100753.08945000172,-2381676.73296225,173.4712349959798,-173.4712349959798,0.5,0.8185313940048218,0.5,0.5,8185314.0,270.259521484375,473.1572265625,313.16363525390625,-150000000.0,0.0,0.0,-925179.9375,0.0,0.0,-71129656.0,-71129656.0,222054832.0,-0.0,0.0,0.85,1.0,-1.0,1.0,True,True,True,,0,0
313200.0,86,0.3172317234554311,False,False,ok,,,True,1.0,0.0,1,0.0,1.0,0.0,0.0,1279343.0749131644,48160.6337392867,0.3076573678735959,-48160.6337392867,-0.3076573678735959,156539.83544146415,0.0,0.0,0.3172317234554311,0.029088333067304295,0.0008461311206344285,0.06,1.0,0.009574355581835227,0.011901422227219571,-0.0023270666453843437,5.0,1.0,0.03146861751274821,1.0,10313.15788862728,-10313.15788862728,0.0,10313.15788862728,0.0,55.00350873934549,0.28359,0.1875,-55.00350873934549,-11601.042001582682,-91284.87142773018,0.0,-0.0,-750693.6738952718,-13179.940849340637,13179.940849340637,-5219999.999999999,-60000.0,60000.0,0.0,0.0,-0.0,0.0,0.0,-0.0,9734599.39519999,111027.41669999436,-111027.41669999436,-2393277.7749638325,10313.15788862728,-10313.15788862728,0.5,0.8209116458892822,0.5,0.5,8209116.5,271.04541015625,473.1572265625,313.16363525390625,-150000000.0,0.0,0.0,-55003508.0,0.0,0.0,-30031948.0,-30031948.0,235035456.0,-0.0,0.0,0.85,1.0,-1.0,1.0,True,True,True,,0,0
316800.0,87,0.4363907215845519,False,False,ok,,,True,1.0,0.0,1,0.0,1.0,0.0,0.0,1291650.8776366329,69332.32320466629,0.4429053027246354,-69332.32320466629,-0.4429053027246354,156539.83544146415,0.0,0.0,0.4363907215845519,0.029912646944213583,0.0008947664472091703,0.06,1.0,-0.006514581140083528,-0.004121569384546442,-0.002393011755537087,5.0,1.0,0.029088333067304295,1.0,15965.557650000002,-15965.557650000002,0.0,15965.557650000002,0.0,85.14964080000001,0.63457,0.1875,-85.14964080000001,-41058.96283119777,-91284.87142773018,0.0,-0.0,-754844.637090606,-4150.963195334189,4150.963195334189,-5279999.999999999,-60000.0,60000.0,0.0,0.0,-0.0,0.0,0.0,-0.0,9852117.123949988,117517.72874999791,-117517.72874999791,-2434336.73779503,15965.557650000002,-15965.557650000002,0.5,0.8200873732566833,0.5,0.5,8200873.5,270.77325439453125,473.1572265625,313.16363525390625,-150000000.0,0.0,0.0,-85149640.0,0.0,0.0,-0.0,-0.0,235149648.0,-0.0,0.0,0.85,1.0,-1.0,1.0,True,True,True,,0,0
320400.0,88,0.4411864621910858,False,False,ok,,,True,1.0,0.0,1,0.0,1.0,0.0,0.0,1298135.913556634,71732.63184374914,0.45823883512751323,-71732.63184374914,-0.45823883512751323,156539.83544146415,0.0,0.0,0.4411864621910858,0.03279834796407388,0.0010757316291724692,0.06,1.0,-0.017052372936427404,-0.014428505099301492,-0.0026238678371259105,5.0,1.0,0.029912646944213583,1.0,14157.811443749997,-14157.811443749997,0.0,14157.811443749997,0.0,75.50832769999998,1.13597,0.1875,-75.50832769999998,-51089.78447999805,-91284.87142773018,0.0,-0.0,-754844.637090606,0.0,-0.0,-5339999.999999999,-60000.0,60000.0,0.0,0.0,-0.0,0.0,0.0,-0.0,9969691.94434998,117574.82039999217,-117574.82039999217,-2485426.5222750283,14157.811443749997,-14157.811443749997,0.5,0.8172016739845276,0.5,0.5,8172016.5,269.8204650878906,473.1572265625,313.16363525390625,-150000000.0,0.0,0.0,-75508328.0,0.0,0.0,-0.0,-0.0,225508320.0,-0.0,0.0,0.85,1.0,-1.0,1.0,True,True,True,,0,0
324000.0,89,0.4147092939888959,False,False,ok,,,True,1.0,0.0,1,0.0,1.0,0.0,0.0,1305585.0807866328,67868.95028125106,0.4335570565144084,-67868.95028125106,-0.4335570565144084,156539.83544146415,0.0,0.0,0.4147092939888959,0.03599202802084289,0.00129542608105314,0.06,1.0,-0.018847762525512485,-0.015968400283845052,-0.0028793622416674316,5.0,1.0,0.03279834796407388,1.0,15114.786431250002,-15114.786431250002,0.0,15114.786431250002,0.0,80.61219430000001,1.13597,0.1875,-80.61219430000001,-45304.9966200022,-91284.87142773018,0.0,-0.0,-754844.637090606,0.0,-0.0,-5399999.999999999,-60000.0,60000.0,0.0,0.0,-0.0,0.0,0.0,-0.0,10082446.108199986,112754.16385000572,-112754.16385000572,-2530731.5188950305,15114.786431250002,-15114.786431250002,0.5,0.8140079975128174,0.5,0.5,8140079.5,268.7659912109375,473.1572265625,313.16363525390625,-150000000.0,0.0,0.0,-80612192.0,0.0,0.0,-0.0,-0.0,230612192.0,-0.0,0.0,0.85,1.0,-1.0,1.0,True,True,True,,0,0
327600.0,90,0.4369460460331217,False,False,ok,,,True,1.0,0.0,1,0.0,1.0,0.0,0.0,1312523.8613566328,71678.30600000027,0.45789179347133885,-71678.30600000027,-0.45789179347133885,156539.83544146415,0.0,0.0,0.4369460460331217,0.03954840305953378,0.0015640761845593406,0.06,1.0,-0.020945747438217123,-0.01778187519345442,-0.003163872244762702,5.0,1.0,0.03599202802084289,1.0,16372.208849999995,-16372.208849999995,0.0,16372.208849999995,0.0,87.31844719999998,1.13597,0.1875,-87.31844719999998,-48367.31658000033,-91284.87142773018,0.0,-0.0,-754844.637090606,0.0,-0.0,-5459999.999999999,-60000.0,60000.0,0.0,0.0,-0.0,0.0,0.0,-0.0,10197752.205349984,115306.09714999795,-115306.09714999795,-2579098.835475031,16372.208849999995,-16372.208849999995,0.5,0.8104515671730042,0.5,0.5,8104516.0,267.59173583984375,473.1572265625,313.16363525390625,-150000000.0,0.0,0.0,-87318448.0,0.0,0.0,-0.0,-0.0,237318448.0,-0.0,0.0,0.85,1.0,-1.0,1.0,True,True,True,,0,0
331200.0,91,0.4596570467799401,False,False,ok,,,True,1.0,0.0,1,0.0,1.0,0.0,0.0,1318792.0166366328,75547.68244374968,0.48260995184193656,-75547.68244374968,-0.48260995184193656,156539.83544146415,0.0,0.0,0.4596570467799401,0.043443881960564035,0.001887370879803421,0.06,1.0,-0.022952905061996414,-0.01947739450515129,-0.0034755105568451228,5.0,1.0,0.03954840305953378,1.0,16888.45884375,-16888.45884375,0.0,16888.45884375,0.0,90.0717805,0.98555,0.1875,-90.0717805,-52391.06831999961,-91284.87142773018,0.0,-0.0,-754844.637090606,0.0,-0.0,-5519999.999999999,-60000.0,60000.0,0.0,0.0,-0.0,0.0,0.0,-0.0,10316411.428949976,118659.22359999269,-118659.22359999269,-2631489.9037950304,16888.45884375,-16888.45884375,0.5,0.8065561056137085,0.5,0.5,8065561.0,266.3055419921875,473.1572265625,313.16363525390625,-150000000.0,0.0,0.0,-90071784.0,0.0,0.0,-0.0,-0.0,240071776.0,-0.0,0.0,0.85,1.0,-1.0,1.0,True,True,True,,0,0
334800.0,92,0.4408661318072479,False,False,ok,,,True,1.0,0.0,1,0.0,1.0,0.0,0.0,1324784.8385866326,72567.6869187511,0.46357329247280804,-72567.6869187511,-0.46357329247280804,156539.83544146415,0.0,0.0,0.4408661318072479,0.04722963985598039,0.002230638880925611,0.06,1.0,-0.022707160665560194,-0.018928789477081764,-0.003778371188478431,5.0,1.0,0.043443881960564035,1.0,12531.79666875,-12531.79666875,0.0,12531.79666875,0.0,66.8362489,0.98555,0.1875,-66.8362489,-54043.06830000132,-91284.87142773018,0.0,-0.0,-754844.637090606,0.0,-0.0,-5579999.999999999,-60000.0,60000.0,0.0,0.0,-0.0,0.0,0.0,-0.0,10436447.319199977,120035.8902500011,-120035.8902500011,-2685532.9720950318,12531.79666875,-12531.79666875,0.5,0.8027703762054443,0.5,0.5,8027703.5,265.0555725097656,473.1572265625,313.16363525390625,-150000000.0,0.0,0.0,-66836248.0,0.0,0.0,-0.0,-0.0,216836256.0,-0.0,0.0,0.85,1.0,-1.0,1.0,True,True,True,,0,0
338400.0,93,0.3822980017774446,False,False,ok,,,True,1.0,0.0,1,0.0,1.0,0.0,0.0,1333101.213696633,63081.496381248144,0.40297408134708673,-63081.496381248144,-0.40297408134708673,156539.83544146415,0.0,0.0,0.3822980017774446,0.05055596040345356,0.002555905132315564,0.06,1.0,-0.020676079569642142,-0.016631602737365858,-0.004044476832276285,5.0,1.0,0.04722963985598039,1.0,14663.371931250002,-14663.371931250002,0.0,14663.371931250002,0.0,78.20465030000001,0.63457,0.1875,-78.20465030000001,-40101.74933999777,-91284.87142773018,0.0,-0.0,-754844.637090606,0.0,-0.0,-5639999.999999999,-60000.0,60000.0,0.0,0.0,-0.0,0.0,0.0,-0.0,10544865.443649976,108418.12444999814,-108418.12444999814,-2725634.7214350295,14663.371931250002,-14663.371931250002,0.5,0.7994440197944641,0.5,0.5,7994440.5,263.9573059082031,473.1572265625,313.16363525390625,-150000000.0,0.0,0.0,-78204648.0,0.0,0.0,-0.0,-0.0,228204656.0,-0.0,0.0,0.85,1.0,-1.0,1.0,True,True,True,,0,0
342000.0,94,0.43807605999166027,False,False,ok,,,True,1.0,0.0,1,0.0,1.0,0.0,0.0,1340280.7486666334,71495.44455624807,0.4567236470807635,-71495.44455624807,-0.4567236470807635,156539.83544146415,0.0,0.0,0.43807605999166027,0.053430588406765955,0.0028548277774932324,0.06,1.0,-0.018647587089103256,-0.01437314001656198,-0.004274447072541277,5.0,1.0,0.05055596040345356,1.0,17393.11940625,-17393.11940625,0.0,17393.11940625,0.0,92.76330349999999,0.63457,0.1875,-92.76330349999999,-46922.79017999768,-91284.87142773018,0.0,-0.0,-754844.637090606,0.0,-0.0,-5699999.999999999,-60000.0,60000.0,0.0,0.0,-0.0,0.0,0.0,-0.0,10658967.768799974,114102.32514999807,-114102.32514999807,-2772557.511615027,17393.11940625,-17393.11940625,0.5,0.7965694069862366,0.5,0.5,7965694.0,263.0081787109375,473.1572265625,313.16363525390625,-150000000.0,0.0,0.0,-92763304.0,0.0,0.0,-0.0,-0.0,242763296.0,-0.0,0.0,0.85,1.0,-1.0,1.0,True,True,True,,0,0
345600.0,95,0.4704773524812118,False,False,ok,,,True,1.0,0.0,1,0.0,1.0,0.0,0.0,1346004.418316634,76280.01366250205,0.48728819375197235,-76280.01366250205,-0.48728819375197235,156539.83544146415,0.0,0.0,0.4704773524812118,0.05589838254027368,0.0031246291706187737,0.06,1.0,-0.016810841270760535,-0.01233897066753864,-0.0044718706032218945,5.0,1.0,0.053430588406765955,1.0,14898.361912499997,-14898.361912499997,0.0,14898.361912499997,0.0,79.45793019999998,0.63457,0.1875,-79.45793019999998,-55657.982100001536,-91284.87142773018,0.0,-0.0,-754844.637090606,0.0,-0.0,-5759999.999999999,-60000.0,60000.0,0.0,0.0,-0.0,0.0,0.0,-0.0,10780349.420549976,121381.65175000206,-121381.65175000206,-2828215.4937150287,14898.361912499997,-14898.361912499997,0.5,0.7941015958786011,0.5,0.5,7941016.0,262.193359375,473.1572265625,313.16363525390625,-150000000.0,0.0,0.0,-79457928.0,0.0,0.0,-0.0,-0.0,229457936.0,-0.0,0.0,0.85,1.0,-1.0,1.0,True,True,True,,0,0
349200.0,96,0.4252376502980715,False,False,ok,,,True,1.0,0.0,1,0.0,1.0,0.0,0.0,1353058.6252966328,68868.72631250108,0.4399437760892087,-68868.72631250108,-0.4399437760892087,156539.83544146415,0.0,0.0,0.4252376502980715,0.057912999703249146,0.0033539155346285357,0.06,1.0,-0.014706125791137246,-0.010073085814877314,-0.004633039976259932,5.0,1.0,0.05589838254027368,1.0,14139.761212500001,-14139.761212500001,0.0,14139.761212500001,0.0,75.41205980000001,0.63457,0.1875,-75.41205980000001,-47674.758120002225,-91284.87142773018,0.0,-0.0,-754844.637090606,0.0,-0.0,-5819999.999999999,-60000.0,60000.0,0.0,0.0,-0.0,0.0,0.0,-0.0,10895078.38564997,114728.9650999941,-114728.9650999941,-2875890.251835031,14139.761212500001,-14139.761212500001,0.5,0.7920870184898376,0.5,0.5,7920870.0,261.5281982421875,473.1572265625,313.16363525390625,-150000000.0,0.0,0.0,-75412056.0,0.0,0.0,-0.0,-0.0,225412064.0,-0.0,0.0,0.85,1.0,-1.0,1.0,True,True,True,,0,0
352800.0,97,0.43539414165239376,False,False,ok,,,True,1.0,0.0,1,0.0,1.0,0.0,0.0,1360517.4193166327,70081.94083750043,0.4476939728463339,-70081.94083750043,-0.4476939728463339,156539.83544146415,0.0,0.0,0.43539414165239376,0.059422210572871226,0.003530999109366649,0.06,1.0,-0.012299831193940097,-0.007546054348110398,-0.004753776845829698,5.0,1.0,0.057912999703249146,1.0,17375.9109375,-17375.9109375,0.0,17375.9109375,0.0,92.671525,0.63457,0.1875,-92.671525,-45247.23588000052,-91284.87142773018,0.0,-0.0,-754844.637090606,0.0,-0.0,-5879999.999999999,-60000.0,60000.0,0.0,0.0,-0.0,0.0,0.0,-0.0,11007784.415549966,112706.02989999577,-112706.02989999577,-2921137.4877150315,17375.9109375,-17375.9109375,0.5,0.79057776927948,0.5,0.5,7905778.0,261.0298767089844,473.1572265625,313.16363525390625,-150000000.0,0.0,0.0,-92671528.0,0.0,0.0,-0.0,-0.0,242671520.0,-0.0,0.0,0.85,1.0,-1.0,1.0,True,True,True,,0,0
356400.0,98,0.48270185972705626,False,False,ok,,,True,1.0,0.0,1,0.0,1.0,0.0,0.0,1366250.2668166338,77121.37195624925,0.49266291700611686,-77121.37195624925,-0.49266291700611686,156539.83544146415,0.0,0.0,0.48270185972705626,0.06044726577626314,0.0036538719398261925,0.06,0.0,-0.009961057279060607,-0.005125276016959557,-0.004835781262101051,5.0,1.0,0.059422210572871226,1.0,15785.609456249998,-15785.609456249998,0.0,15785.609456249998,0.0,84.18991709999999,0.28359,0.1875,-84.18991709999999,-55602.914999998175,-91284.87142773018,0.0,-0.0,-754844.637090606,0.0,-0.0,-5939999.999999999,-60000.0,60000.0,0.0,0.0,-0.0,0.0,0.0,-0.0,11129120.178049965,121335.76249999925,-121335.76249999925,-2976740.4027150297,15785.609456249998,-15785.609456249998,0.5,0.7895527482032776,0.5,0.5,7895527.5,260.6914367675781,473.1572265625,313.16363525390625,-150000000.0,0.0,0.0,-84189920.0,0.0,0.0,-0.0,-0.0,234189920.0,-0.0,0.0,0.85,1.0,-1.0,1.0,True,True,True,,0,0
360000.0,99,0.42264999365164563,False,False,ok,,,True,1.0,0.0,1,0.0,1.0,0.0,0.0,1372831.2751066326,67466.87970000104,0.4309885692017948,-67466.87970000104,-0.4309885692017948,156539.83544146415,0.0,0.0,0.42264999365164563,0.06113679221091828,0.003737707361840998,0.06,0.0,-0.008338575550149167,-0.0034476321732757054,-0.004890943376873462,5.0,1.0,0.06044726577626314,1.0,10371.921150000002,-10371.921150000002,0.0,10371.921150000002,0.0,55.31691280000001,0.28359,0.1875,-55.31691280000001,-50513.950260002166,-91284.87142773018,0.0,-0.0,-754844.637090606,0.0,-0.0,-5999999.999999999,-60000.0,60000.0,0.0,0.0,-0.0,0.0,0.0,-0.0,11246215.136599964,117094.9585499987,-117094.9585499987,-3027254.352975032,10371.921150000002,-10371.921150000002,0.5,0.7888631820678711,0.5,0.5,7888632.0,260.4637756347656,473.1572265625,313.16363525390625,-150000000.0,0.0,0.0,-55316912.0,0.0,0.0,-0.0,-0.0,205316912.0,-0.0,0.0,0.85,1.0,-1.0,1.0,True,True,True,,0,0
363600.0,100,0.35621682993993026,False,False,ok,,,True,1.0,0.0,1,0.0,1.0,0.0,0.0,1382299.5838266322,56739.30168125189,0.36245918823946094,-56739.30168125189,-0.36245918823946094,156539.83544146415,0.0,0.0,0.35621682993993026,0.06140281877049647,0.0037703061529624337,0.06,0.0,-0.006242358299530677,-0.0013301327978909594,-0.004912225501639718,5.0,1.0,0.06113679221091828,1.0,14080.84528125,-14080.84528125,0.0,14080.84528125,0.0,75.0978415,0.28359,0.1875,-75.0978415,-33190.147680002265,-91284.87142773018,0.0,-0.0,-754844.637090606,0.0,-0.0,-6059999.999999999,-60000.0,60000.0,0.0,0.0,-0.0,0.0,0.0,-0.0,11348873.592999963,102658.45639999956,-102658.45639999956,-3060444.500655034,14080.84528125,-14080.84528125,0.5,0.7885971665382385,0.5,0.5,7885972.0,260.3759460449219,473.1572265625,313.16363525390625,-150000000.0,0.0,0.0,-75097840.0,0.0,0.0,-0.0,-0.0,225097840.0,-0.0,0.0,0.85,1.0,-1.0,1.0,True,True,True,,0,0
367200.0,101,0.3932165999774354,False,False,ok,,,True,1.0,0.0,1,0.0,1.0,0.0,0.0,1389789.799676632,62103.60824375098,0.3967271849277863,-62103.60824375098,-0.3967271849277863,156539.83544146415,0.0,0.0,0.3932165999774354,0.06112690527614828,0.0037364985486392044,0.06,0.0,-0.0035105849503509123,0.00137956747174095,-0.004890152422091862,5.0,1.0,0.06140281877049647,1.0,9554.687493750002,-9554.687493750002,0.0,9554.687493750002,0.0,50.95833330000001,0.28359,0.1875,-50.95833330000001,-45058.704900001176,-91284.87142773018,0.0,-0.0,-754844.637090606,0.0,-0.0,-6119999.999999999,-60000.0,60000.0,0.0,0.0,-0.0,0.0,0.0,-0.0,11461422.513749966,112548.92075000331,-112548.92075000331,-3105503.2055550353,9554.687493750002,-9554.687493750002,0.5,0.7888730764389038,0.5,0.5,7888731.0,260.467041015625,473.1572265625,313.16363525390625,-150000000.0,0.0,0.0,-50958332.0,0.0,0.0,-0.0,-0.0,200958336.0,-0.0,0.0,0.85,1.0,-1.0,1.0,True,True,True,,0,0
370800.0,102,0.3223550838777985,False,False,ok,,,True,1.0,0.0,1,0.0,1.0,0.0,0.0,1401524.9160203575,50519.79399206887,0.3227280381993249,-50519.79399206887,-0.3227280381993249,156539.83544146415,0.0,0.0,0.3223550838777985,0.06023769305162752,0.003628579664182094,0.06,0.0,-0.0003729543215263845,0.004446061122603817,-0.004819015444130202,5.0,1.0,0.06112690527614828,1.0,11348.44853758791,-11348.44853758791,0.0,11348.44853758791,0.0,60.52505886713552,0.63457,0.1875,-60.52505886713552,-27436.229110755492,-91284.87142773018,0.0,-0.0,-756152.4582861242,-1307.8211955181323,1307.8211955181323,-6179999.999999999,-60000.0,60000.0,0.0,0.0,-0.0,0.0,0.0,-0.0,11561901.680399975,100479.16665000841,-100479.16665000841,-3132939.4346657908,11348.44853758791,-11348.44853758791,0.5,0.7897623181343079,0.5,0.5,7897623.0,260.7606201171875,473.1572265625,313.16363525390625,-150000000.0,0.0,0.0,-60525060.0,0.0,0.0,-11605410.0,-11605410.0,222130464.0,-0.0,0.0,0.85,1.0,-1.0,1.0,True,True,True,,0,0
374400.0,103,0.322888266394849,False,False,ok,,,True,1.0,0.0,1,0.0,1.0,0.0,0.0,1420985.1847758086,49424.614864987845,0.31573186930728236,-49424.614864987845,-0.31573186930728236,156539.83544146415,0.0,0.0,0.322888266394849,0.05788032838003365,0.003350132413380529,0.06,1.0,0.00715639708756663,0.011786823357969323,-0.004630426270402692,5.0,1.0,0.06023769305162752,1.0,6697.462890310037,-6697.462890310037,0.0,6697.462890310037,0.0,35.71980208165353,0.98555,0.1875,-35.71980208165353,-23266.88321922673,-91284.87142773018,0.0,-0.0,-764490.5409114464,-8338.082625322277,8338.082625322277,-6239999.999999999,-60000.0,60000.0,0.0,0.0,-0.0,0.0,0.0,-0.0,11672966.914999982,111065.23460000753,-111065.23460000753,-3156206.3178850175,6697.462890310037,-6697.462890310037,0.5,0.7921196818351746,0.5,0.5,7921196.5,261.5389709472656,473.1572265625,313.16363525390625,-150000000.0,0.0,0.0,-35719804.0,0.0,0.0,-59638968.0,-59638968.0,245358768.0,-0.0,0.0,0.85,1.0,-1.0,1.0,True,True,True,,0,0
378000.0,104,0.007578045755699703,False,False,ok,,,True,1.0,0.0,1,0.0,1.0,0.0,0.0,1453398.8428395272,-1594.200858137876,-0.010183994723400643,1594.200858137876,0.010183994723400643,156539.83544146415,0.0,0.0,0.007578045755699703,0.05347236248446219,0.002859293549669719,0.06,1.0,0.017762040479100346,0.02203982947785732,-0.004277788998756975,5.0,1.0,0.05788032838003365,1.0,-45023.918641196404,45023.918641196404,45023.918641196404,0.0,45.684053210082084,0.0,0.98555,0.1875,45.684053210082084,-11016.059719339944,-91284.87142773018,0.0,-0.0,-783740.2089283883,-19249.66801694187,19249.66801694187,-6299999.999999999,-60000.0,60000.0,0.0,0.0,-0.0,0.0,0.0,-0.0,11795646.30079999,122679.38580000773,-122679.38580000773,-3167222.3776043574,-45023.918641196404,45023.918641196404,0.5,0.796527624130249,0.5,0.5,7965276.5,262.994384765625,473.1572265625,313.16363525390625,-150000000.0,0.0,0.0,45684052.0,0.0,0.0,-97917536.0,-97917536.0,202233488.0,-0.0,0.0,0.85,1.0,-1.0,1.0,True,True,True,,0,0
381600.0,105,0.010892850482191784,False,False,ok,,,True,1.0,0.0,1,0.0,1.0,0.0,0.0,1472920.9833616868,-2296.6265847778523,-0.014671195854403738,2296.6265847778523,0.014671195854403738,156539.83544146415,0.0,0.0,0.010892850482191784,0.04759798544994398,0.002265568218893079,0.06,1.0,0.025564046336595522,0.02937188517259104,-0.0038078388359955185,5.0,1.0,0.05347236248446219,1.0,-16127.947255044022,16127.947255044022,16127.947255044022,0.0,25.415552665653944,0.0,0.63457,0.1875,25.415552665653944,5690.819851893466,-91284.87142773018,0.0,-0.0,-811025.6288581219,-27285.419929733616,27285.419929733616,-6359999.999999999,-60000.0,60000.0,0.0,0.0,-0.0,0.0,0.0,-0.0,11896763.041399991,101116.74060000107,-101116.74060000107,-3161531.557752464,-16127.947255044022,16127.947255044022,0.5,0.8024020195007324,0.5,0.5,8024020.0,264.9339599609375,473.1572265625,313.16363525390625,-150000000.0,0.0,0.0,25415552.0,0.0,0.0,-122675096.0,-122675096.0,247259536.0,-0.0,0.0,0.85,1.0,-1.0,1.0,True,True,True,,0,0
385200.0,106,0.09902809188698361,False,False,ok,,,True,1.0,0.0,1,0.0,1.0,0.0,0.0,1507787.9188213535,11190.76437977884,0.0714882850631555,-11190.76437977884,-0.0714882850631555,156539.83544146415,0.0,0.0,0.09902809188698361,0.04142718906021492,0.0017162119934307908,0.06,1.0,0.02753980682382811,0.030853981948645304,-0.003314175124817194,5.0,1.0,0.04759798544994398,1.0,-20710.871352998343,20710.871352998343,20710.871352998343,0.0,73.03103548432011,0.0,0.28359,0.1875,73.03103548432011,2965.2997268894687,-91284.87142773018,0.0,-0.0,-842753.7632253444,-31728.134367222432,31728.134367222432,-6419999.999999999,-60000.0,60000.0,0.0,0.0,-0.0,0.0,0.0,-0.0,12020392.811499996,123629.77010000497,-123629.77010000497,-3158566.2580255745,-20710.871352998343,20710.871352998343,0.5,0.8085728287696838,0.5,0.5,8085728.0,266.9714050292969,473.1572265625,313.16363525390625,-150000000.0,0.0,0.0,73031032.0,0.0,0.0,-132050056.0,-132050056.0,209019024.0,-0.0,0.0,0.85,1.0,-1.0,1.0,True,True,True,,0,0
388800.0,107,0.03887530028481933,False,False,ok,,,True,1.0,0.0,1,0.0,1.0,0.0,0.0,1527074.2151221598,1973.5466134620729,0.012607312431985101,-1973.5466134620729,-0.012607312431985101,156539.83544146415,0.0,0.0,0.03887530028481933,0.03560392863154338,0.0012676397340000345,0.06,1.0,0.026267987852834226,0.029116302143357697,-0.0028483142905234705,5.0,1.0,0.04142718906021492,1.0,-10333.777554547843,10333.777554547843,10333.777554547843,0.0,56.37323416369998,0.0,0.18331,0.1875,56.37323416369998,6978.972132796422,-91284.87142773018,0.0,-0.0,-874955.9480573337,-32202.184831989347,32202.184831989347,-6479999.999999999,-60000.0,60000.0,0.0,0.0,-0.0,0.0,0.0,-0.0,12124902.320499992,104509.50899999589,-104509.50899999589,-3151587.285892778,-10333.777554547843,10333.777554547843,0.5,0.81439608335495,0.5,0.5,8143960.5,268.89410400390625,473.1572265625,313.16363525390625,-150000000.0,0.0,0.0,56373236.0,0.0,0.0,-124868640.0,-124868640.0,218495408.0,-0.0,0.0,0.85,1.0,-1.0,1.0,True,True,True,,0,0
392400.0,108,0.10547207587998872,False,False,ok,,,True,1.0,0.0,1,0.0,1.0,0.0,0.0,1552229.1322023005,12698.536003431404,0.08112015684454862,-12698.536003431404,-0.08112015684454862,156539.83544146415,0.0,0.0,0.10547207587998872,0.030249551992574175,0.0009150353957514482,0.06,1.0,0.02435191903544009,0.026771883194846025,-0.002419964159405934,5.0,1.0,0.03560392863154338,1.0,-7810.4245801366815,7810.4245801366815,7810.4245801366815,0.0,42.60773869476123,0.0,0.18331,0.1875,42.60773869476123,4645.956496572588,-91284.87142773018,0.0,-0.0,-903694.6911237657,-28738.743066431955,28738.743066431955,-6539999.999999999,-60000.0,60000.0,0.0,0.0,-0.0,0.0,0.0,-0.0,12234150.02414999,109247.70364999771,-109247.70364999771,-3146941.3293962055,-7810.4245801366815,7810.4245801366815,0.5,0.8197504281997681,0.5,0.5,8197504.5,270.6619873046875,473.1572265625,313.16363525390625,-150000000.0,0.0,0.0,42607740.0,0.0,-0.0,-102869696.0,-102869696.0,210261952.0,-0.0,0.0,0.85,1.0,-1.0,1.0,True,True,True,,0,0
396000.0,109,0.14779895399764137,False,False,ok,,,True,1.0,0.0,1,0.0,1.0,0.0,0.0,1578083.2494973354,20159.715087386823,0.12878329040358077,-20159.715087386823,-0.12878329040358077,156539.83544146415,0.0,0.0,0.14779895399764137,0.02602994023008076,0.0006775577883815769,0.06,1.0,0.01901566359406061,0.02109805881246707,-0.002082395218406461,5.0,1.0,0.030249551992574175,1.0,-2886.8213876711243,2886.8213876711243,2886.8213876711243,0.0,15.74830280765438,0.0,0.18331,0.1875,15.74830280765438,2807.5808199769817,-91284.87142773018,0.0,-0.0,-925779.1316987076,-22084.440574941924,22084.440574941924,-6599999.999999999,-60000.0,60000.0,0.0,0.0,-0.0,0.0,0.0,-0.0,12339281.001199981,105130.97704999149,-105130.97704999149,-3144133.7485762285,-2886.8213876711243,2886.8213876711243,0.5,0.8239700794219971,0.5,0.5,8239700.5,272.05517578125,473.1572265625,313.16363525390625,-150000000.0,0.0,0.0,15748303.0,0.0,0.0,-70527592.0,-70527592.0,204779296.0,-0.0,0.0,0.85,1.0,-1.0,1.0,True,True,True,,0,0
399600.0,110,0.24653016352964083,False,False,ok,,,True,1.0,0.0,1,0.0,1.0,0.0,0.0,1603936.683732804,37232.00047255854,0.23784361576437785,-37232.00047255854,-0.23784361576437785,156539.83544146415,0.0,0.0,0.24653016352964083,0.0239100695640041,0.0005716914265555152,0.06,1.0,0.008686547765262983,0.01059935333038331,-0.001912805565120328,5.0,1.0,0.02602994023008076,1.0,7888.671468306675,-7888.671468306675,0.0,7888.671468306675,0.0,42.0729144976356,0.28359,0.1875,-42.0729144976356,-3489.894768783357,-91284.87142773018,0.0,-0.0,-938825.4487944557,-13046.317095748149,13046.317095748149,-6659999.999999999,-60000.0,60000.0,0.0,0.0,-0.0,0.0,0.0,-0.0,12441670.647299973,102389.6460999921,-102389.6460999921,-3147623.643345012,7888.671468306675,-7888.671468306675,0.5,0.8260899186134338,0.5,0.5,8260899.5,272.755126953125,473.1572265625,313.16363525390625,-150000000.0,0.0,0.0,-42072916.0,0.0,0.0,-29564132.0,-29564132.0,221637040.0,-0.0,0.0,0.85,1.0,-1.0,1.0,True,True,True,,0,0
403200.0,111,0.37000207321004464,False,False,ok,,,True,1.0,0.0,1,0.0,1.0,0.0,0.0,1617490.1516532965,58711.96247375499,0.37506084191400274,-58711.96247375499,-0.37506084191400274,156539.83544146415,0.0,0.0,0.37000207321004464,0.02452935364645248,0.0006016891903127315,0.06,1.0,-0.005058768703958094,-0.003096420412241896,-0.001962348291716198,5.0,1.0,0.0239100695640041,1.0,11977.133831249997,-11977.133831249997,0.0,11977.133831249997,0.0,63.87804709999999,0.63457,0.1875,-63.87804709999999,-33181.36072201235,-91284.87142773018,0.0,-0.0,-942909.1435019504,-4083.6947074946947,4083.6947074946947,-6719999.999999999,-60000.0,60000.0,0.0,0.0,-0.0,0.0,0.0,-0.0,12552489.170649977,110818.5233500041,-110818.5233500041,-3180805.004067024,11977.133831249997,-11977.133831249997,0.5,0.8254706263542175,0.5,0.5,8254706.5,272.5506286621094,473.1572265625,313.16363525390625,-150000000.0,0.0,0.0,-63878048.0,0.0,0.0,-0.0,-0.0,213878048.0,-0.0,0.0,0.85,1.0,-1.0,1.0,True,True,True,,0,0
406800.0,112,0.350638221729983,False,False,ok,,,True,1.0,0.0,1,0.0,1.0,0.0,0.0,1626102.3469432977,57259.56926874911,0.36578273579545517,-57259.56926874911,-0.36578273579545517,156539.83544146415,0.0,0.0,0.350638221729983,0.02712426816884539,0.0007357259236954392,0.06,1.0,-0.015144514065472183,-0.012974572611964552,-0.002169941453507631,5.0,1.0,0.02452935364645248,1.0,10320.54571875,-10320.54571875,0.0,10320.54571875,0.0,55.0429105,1.13597,0.1875,-55.0429105,-38326.828259998,-91284.87142773018,0.0,-0.0,-942909.1435019504,0.0,-0.0,-6779999.999999999,-60000.0,60000.0,0.0,0.0,-0.0,0.0,0.0,-0.0,12659428.194199981,106939.02355000377,-106939.02355000377,-3219131.832327022,10320.54571875,-10320.54571875,0.5,0.8228757381439209,0.5,0.5,8228757.5,271.69384765625,473.1572265625,313.16363525390625,-150000000.0,0.0,0.0,-55042912.0,0.0,0.0,-0.0,-0.0,205042912.0,-0.0,0.0,0.85,1.0,-1.0,1.0,True,True,True,,0,0
410400.0,113,0.3422987171035667,False,False,ok,,,True,1.0,0.0,1,0.0,1.0,0.0,0.0,1635598.0558932966,56573.834506250576,0.3614021590523874,-56573.834506250576,-0.3614021590523874,156539.83544146415,0.0,0.0,0.3422987171035667,0.030457634408080247,0.0009276674937362738,0.06,1.0,-0.019103441948820712,-0.016666831196174292,-0.0024366107526464197,5.0,1.0,0.02712426816884539,1.0,14052.379256249997,-14052.379256249997,0.0,14052.379256249997,0.0,74.94602269999999,1.13597,0.1875,-74.94602269999999,-33025.74630000163,-91284.87142773018,0.0,-0.0,-942909.1435019504,0.0,-0.0,-6839999.999999999,-60000.0,60000.0,0.0,0.0,-0.0,0.0,0.0,-0.0,12761949.649449972,102521.45524999127,-102521.45524999127,-3252157.578627024,14052.379256249997,-14052.379256249997,0.5,0.8195423483848572,0.5,0.5,8195423.5,270.59326171875,473.1572265625,313.16363525390625,-150000000.0,0.0,0.0,-74946024.0,0.0,0.0,-0.0,-0.0,224946016.0,-0.0,0.0,0.85,1.0,-1.0,1.0,True,True,True,,0,0
414000.0,114,0.38921271156493026,False,False,ok,,,True,1.0,0.0,1,0.0,1.0,0.0,0.0,1643103.453623296,64088.95579374841,0.409409883516286,-64088.95579374841,-0.409409883516286,156539.83544146415,0.0,0.0,0.38921271156493026,0.033953807872393105,0.001152861069035384,0.06,1.0,-0.020197171951355734,-0.017480867321564286,-0.0027163046297914483,5.0,1.0,0.030457634408080247,1.0,11615.944443749999,-11615.944443749999,0.0,11615.944443749999,0.0,61.95170369999999,1.13597,0.1875,-61.95170369999999,-44967.61361999903,-91284.87142773018,0.0,-0.0,-942909.1435019504,0.0,-0.0,-6899999.999999999,-60000.0,60000.0,0.0,0.0,-0.0,0.0,0.0,-0.0,12874422.66079997,112473.01134999841,-112473.01134999841,-3297125.192247023,11615.944443749999,-11615.944443749999,0.5,0.8160461783409119,0.5,0.5,8160462.0,269.43890380859375,473.1572265625,313.16363525390625,-150000000.0,0.0,0.0,-61951704.0,0.0,0.0,-0.0,-0.0,211951696.0,-0.0,0.0,0.85,1.0,-1.0,1.0,True,True,True,,0,0
417600.0,115,0.3551591869241056,False,False,ok,,,True,1.0,0.0,1,0.0,1.0,0.0,0.0,1651908.2832532956,58628.36433749741,0.3745268044530471,-58628.36433749741,-0.3745268044530471,156539.83544146415,0.0,0.0,0.3551591869241056,0.037231625372225796,0.0013861939278577676,0.06,1.0,-0.01936761752894152,-0.016389087499163457,-0.0029785300297780638,5.0,1.0,0.033953807872393105,1.0,12652.512487499998,-12652.512487499998,0.0,12652.512487499998,0.0,67.48006659999999,0.98555,0.1875,-67.48006659999999,-37171.02221999783,-91284.87142773018,0.0,-0.0,-942909.1435019504,0.0,-0.0,-6959999.999999999,-60000.0,60000.0,0.0,0.0,-0.0,0.0,0.0,-0.0,12980398.512649978,105975.85185000673,-105975.85185000673,-3334296.2144670207,12652.512487499998,-12652.512487499998,0.5,0.8127683997154236,0.5,0.5,8127683.5,268.3566589355469,473.1572265625,313.16363525390625,-150000000.0,0.0,0.0,-67480064.0,0.0,0.0,-0.0,-0.0,217480064.0,-0.0,0.0,0.85,1.0,-1.0,1.0,True,True,True,,0,0
421200.0,116,0.3878571132036802,False,False,ok,,,True,1.0,0.0,1,0.0,1.0,0.0,0.0,1660160.2765932956,63348.742268749775,0.40468128824907407,-63348.742268749775,-0.40468128824907407,156539.83544146415,0.0,0.0,0.3878571132036802,0.03995714604459111,0.0015965735200287828,0.06,1.0,-0.016824175045393845,-0.013627603361826557,-0.0031965716835672888,5.0,1.0,0.037231625372225796,1.0,14608.70896875,-14608.70896875,0.0,14608.70896875,0.0,77.91311449999999,0.98555,0.1875,-77.91311449999999,-40488.03995999973,-91284.87142773018,0.0,-0.0,-942909.1435019504,0.0,-0.0,-7019999.999999999,-60000.0,60000.0,0.0,0.0,-0.0,0.0,0.0,-0.0,13089138.545949975,108740.03329999745,-108740.03329999745,-3374784.2544270204,14608.70896875,-14608.70896875,0.5,0.8100428581237793,0.5,0.5,8100428.5,267.4567565917969,473.1572265625,313.16363525390625,-150000000.0,0.0,0.0,-77913112.0,0.0,0.0,-0.0,-0.0,227913120.0,-0.0,0.0,0.85,1.0,-1.0,1.0,True,True,True,,0,0
424800.0,117,0.424397824306405,False,False,ok,,,True,1.0,0.0,1,0.0,1.0,0.0,0.0,1667368.9651432957,68469.6845499996,0.4373946373260553,-68469.6845499996,-0.4373946373260553,156539.83544146415,0.0,0.0,0.424397824306405,0.04188632740996179,0.0017544644238945161,0.06,1.0,-0.012996813019650343,-0.009645906826853401,-0.003350906192796943,5.0,1.0,0.03995714604459111,1.0,14513.127299999998,-14513.127299999998,0.0,14513.127299999998,0.0,77.4033456,0.63457,0.1875,-77.4033456,-46747.868699999526,-91284.87142773018,0.0,-0.0,-942909.1435019504,0.0,-0.0,-7079999.999999999,-60000.0,60000.0,0.0,0.0,-0.0,0.0,0.0,-0.0,13203095.10319998,113956.55725000426,-113956.55725000426,-3421532.12312702,14513.127299999998,-14513.127299999998,0.5,0.808113694190979,0.5,0.5,8081136.5,266.81976318359375,473.1572265625,313.16363525390625,-150000000.0,0.0,0.0,-77403344.0,0.0,0.0,-0.0,-0.0,227403344.0,-0.0,0.0,0.85,1.0,-1.0,1.0,True,True,True,,0,0
428400.0,118,0.4178091677725768,False,False,ok,,,True,1.0,0.0,1,0.0,1.0,0.0,0.0,1674628.6305832954,67026.11589375169,0.4281729037514873,-67026.11589375169,-0.4281729037514873,156539.83544146415,0.0,0.0,0.4178091677725768,0.04326680571431485,0.001872016476720268,0.06,1.0,-0.010363735978910493,-0.006902391521765305,-0.003461344457145188,5.0,1.0,0.04188632740996179,1.0,13324.443093749998,-13324.443093749998,0.0,13324.443093749998,0.0,71.06369649999999,0.63457,0.1875,-71.06369649999999,-46442.007360002026,-91284.87142773018,0.0,-0.0,-942909.1435019504,0.0,-0.0,-7139999.999999999,-60000.0,60000.0,0.0,0.0,-0.0,0.0,0.0,-0.0,13316796.775999976,113701.67279999703,-113701.67279999703,-3467974.130487022,13324.443093749998,-13324.443093749998,0.5,0.8067331910133362,0.5,0.5,8067332.0,266.3639831542969,473.1572265625,313.16363525390625,-150000000.0,0.0,0.0,-71063696.0,0.0,0.0,-0.0,-0.0,221063696.0,-0.0,0.0,0.85,1.0,-1.0,1.0,True,True,True,,0,0
432000.0,119,0.3941426095704368,False,False,ok,,,True,1.0,0.0,1,0.0,1.0,0.0,0.0,1682522.2609332947,63520.907618748875,0.4057811063849088,-63520.907618748875,-0.4057811063849088,156539.83544146415,0.0,0.0,0.3941426095704368,0.044876481375205945,0.002013898580619206,0.06,1.0,-0.01163849681447196,-0.008048378304455484,-0.003590118510016476,5.0,1.0,0.04326680571431485,1.0,12989.05936875,-12989.05936875,0.0,12989.05936875,0.0,69.2749833,0.63457,0.1875,-69.2749833,-42638.21789999958,-91284.87142773018,0.0,-0.0,-942909.1435019504,0.0,-0.0,-7199999.999999999,-60000.0,60000.0,0.0,0.0,-0.0,0.0,0.0,-0.0,13427328.62424997,110531.84824999422,-110531.84824999422,-3510612.3483870216,12989.05936875,-12989.05936875,0.5,0.805123507976532,0.5,0.5,8051235.0,265.8324890136719,473.1572265625,313.16363525390625,-150000000.0,0.0,0.0,-69274984.0,0.0,0.0,-0.0,-0.0,219274976.0,-0.0,0.0,0.85,1.0,-1.0,1.0,True,True,True,,0,0
435600.0,120,0.38547930445889145,False,False,ok,,,True,1.0,0.0,1,0.0,1.0,0.0,0.0,1690594.7626032957,62581.214587499286,0.39977820604583836,-62581.214587499286,-0.39977820604583836,156539.83544146415,0.0,0.0,0.38547930445889145,0.04698450953995603,0.002207544136710219,0.06,1.0,-0.014298901586946914,-0.010540140823750432,-0.0037587607631964825,5.0,1.0,0.044876481375205945,1.0,12943.722937499999,-12943.722937499999,0.0,12943.722937499999,0.0,69.033189,0.63457,0.1875,-69.033189,-41564.98997999821,-91284.87142773018,0.0,-0.0,-942909.1435019504,0.0,-0.0,-7259999.999999999,-60000.0,60000.0,0.0,0.0,-0.0,0.0,0.0,-0.0,13536966.115899974,109637.49165000394,-109637.49165000394,-3552177.33836702,12943.722937499999,-12943.722937499999,0.5,0.8030154705047607,0.5,0.5,8030155.0,265.136474609375,473.1572265625,313.16363525390625,-150000000.0,0.0,0.0,-69033192.0,0.0,0.0,-0.0,-0.0,219033184.0,-0.0,0.0,0.85,1.0,-1.0,1.0,True,True,True,,0,0
439200.0,121,0.3779617610331364,False,False,ok,,,True,1.0,0.0,1,0.0,1.0,0.0,0.0,1698691.4437032954,61523.422893751514,0.3930208736980392,-61523.422893751514,-0.3930208736980392,156539.83544146415,0.0,0.0,0.3779617610331364,0.049208988260764364,0.002421524525648045,0.06,1.0,-0.015059112664902808,-0.011122393604041658,-0.0039367190608611494,5.0,1.0,0.04698450953995603,1.0,12006.828393749998,-12006.828393749998,0.0,12006.828393749998,0.0,64.03641809999999,0.63457,0.1875,-64.03641809999999,-41419.913400001824,-91284.87142773018,0.0,-0.0,-942909.1435019504,0.0,-0.0,-7319999.999999999,-60000.0,60000.0,0.0,0.0,-0.0,0.0,0.0,-0.0,13646482.710399976,109516.59450000152,-109516.59450000152,-3593597.2517670216,12006.828393749998,-12006.828393749998,0.5,0.8007910251617432,0.5,0.5,8007910.0,264.4020080566406,473.1572265625,313.16363525390625,-150000000.0,0.0,0.0,-64036420.0,0.0,0.0,-0.0,-0.0,214036416.0,-0.0,0.0,0.85,1.0,-1.0,1.0,True,True,True,,0,0
442800.0,122,0.3563727942014575,False,False,ok,,,True,1.0,0.0,1,0.0,1.0,0.0,0.0,1707287.801893295,58079.887649997385,0.3710230529258192,-58079.887649997385,-0.3710230529258192,156539.83544146415,0.0,0.0,0.3563727942014575,0.051317952761453456,0.0026335322756267684,0.06,1.0,-0.014650258724361737,-0.010544822503445461,-0.004105436220916276,5.0,1.0,0.049208988260764364,1.0,11061.678599999997,-11061.678599999997,0.0,11061.678599999997,0.0,58.995619199999986,0.28359,0.1875,-58.995619199999986,-38421.850859997794,-91284.87142773018,0.0,-0.0,-942909.1435019504,0.0,-0.0,-7379999.999999999,-60000.0,60000.0,0.0,0.0,-0.0,0.0,0.0,-0.0,13753500.919449976,107018.20904999971,-107018.20904999971,-3632019.1026270194,11061.678599999997,-11061.678599999997,0.5,0.7986820340156555,0.5,0.5,7986820.5,263.7056884765625,473.1572265625,313.16363525390625,-150000000.0,0.0,0.0,-58995620.0,0.0,0.0,-0.0,-0.0,208995616.0,-0.0,0.0,0.85,1.0,-1.0,1.0,True,True,True,,0,0
446400.0,123,0.33876451123754914,False,False,ok,,,True,1.0,0.0,1,0.0,1.0,0.0,0.0,1716388.2399732943,55066.09732499887,0.3517705072942283,-55066.09732499887,-0.3517705072942283,156539.83544146415,0.0,0.0,0.33876451123754914,0.0530700314692808,0.0028164282401504544,0.06,1.0,-0.013005996056679178,-0.008760393539136713,-0.004245602517542464,5.0,1.0,0.051317952761453456,1.0,10568.287724999996,-10568.287724999996,0.0,10568.287724999996,0.0,56.36420119999998,0.28359,0.1875,-56.36420119999998,-35397.37151999958,-91284.87142773018,0.0,-0.0,-942909.1435019504,0.0,-0.0,-7439999.999999999,-60000.0,60000.0,0.0,0.0,-0.0,0.0,0.0,-0.0,13857998.729049968,104497.80959999189,-104497.80959999189,-3667416.474147019,10568.287724999996,-10568.287724999996,0.5,0.7969299554824829,0.5,0.5,7969299.5,263.1271667480469,473.1572265625,313.16363525390625,-150000000.0,0.0,0.0,-56364200.0,0.0,0.0,-0.0,-0.0,206364208.0,-0.0,0.0,0.85,1.0,-1.0,1.0,True,True,True,,0,0
450000.0,124,0.32730497211177234,False,False,ok,,,True,1.0,0.0,1,0.0,1.0,0.0,0.0,1725751.8198532935,52704.19644999954,0.3366823294618035,-52704.19644999954,-0.3366823294618035,156539.83544146415,0.0,0.0,0.32730497211177234,0.05408021942843211,0.002924670133427366,0.06,1.0,-0.009377357350031118,-0.005050939795756548,-0.004326417554274569,5.0,1.0,0.0530700314692808,1.0,9522.095849999996,-9522.095849999996,0.0,9522.095849999996,0.0,50.78451119999998,0.28359,0.1875,-50.78451119999998,-33818.52072000038,-91284.87142773018,0.0,-0.0,-942909.1435019504,0.0,-0.0,-7499999.999999999,-60000.0,60000.0,0.0,0.0,-0.0,0.0,0.0,-0.0,13961180.829649972,103182.1006000042,-103182.1006000042,-3701234.9948670194,9522.095849999996,-9522.095849999996,0.5,0.7959197759628296,0.5,0.5,7959198.0,262.79364013671875,473.1572265625,313.16363525390625,-150000000.0,0.0,0.0,-50784512.0,0.0,0.0,-0.0,-0.0,200784512.0,-0.0,0.0,0.85,1.0,-1.0,1.0,True,True,True,,0,0
453600.0,125,0.3590472196635873,False,False,ok,,,True,1.0,0.0,1,0.0,1.0,0.0,0.0,1735673.3687332945,56827.45531874933,0.3630223269271236,-56827.45531874933,-0.3630223269271236,156539.83544146415,0.0,0.0,0.3590472196635873,0.05401106385938914,0.0029171950192230117,0.06,1.0,-0.003975107263536297,0.0003457778452148341,-0.004320885108751131,5.0,1.0,0.05408021942843211,1.0,16435.19971875,-16435.19971875,0.0,16435.19971875,0.0,87.6543985,0.28359,0.1875,-87.6543985,-30470.70671999827,-91284.87142773018,0.0,-0.0,-942909.1435019504,0.0,-0.0,-7559999.999999999,-60000.0,60000.0,0.0,0.0,-0.0,0.0,0.0,-0.0,14061573.085249973,100392.25560000166,-100392.25560000166,-3731705.7015870176,16435.19971875,-16435.19971875,0.5,0.795988917350769,0.5,0.5,7959889.5,262.81646728515625,473.1572265625,313.16363525390625,-150000000.0,0.0,0.0,-87654400.0,0.0,0.0,-0.0,-0.0,237654400.0,-0.0,0.0,0.85,1.0,-1.0,1.0,True,True,True,,0,0
457200.0,126,0.44527509047132263,False,False,ok,,,True,1.0,0.0,1,0.0,1.0,0.0,0.0,1743729.2364897695,69471.52273989416,0.44379453028026244,-69471.52273989416,-0.44379453028026244,156539.83544146415,0.0,0.0,0.44527509047132263,0.052869047068087704,0.002795136137887673,0.06,1.0,0.0014805601910601674,0.005710083956507184,-0.004229523765447016,5.0,1.0,0.05401106385938914,1.0,11945.257494519174,-11945.257494519174,0.0,11945.257494519174,0.0,63.70803997076892,0.63457,0.1875,-63.70803997076892,-49470.397488899995,-91284.87142773018,0.0,-0.0,-944210.0775065754,-1300.9340046249563,1300.9340046249563,-7619999.999999999,-60000.0,60000.0,0.0,0.0,-0.0,0.0,0.0,-0.0,14180400.284499967,118827.19924999401,-118827.19924999401,-3781176.0990759176,11945.257494519174,-11945.257494519174,0.5,0.7971309423446655,0.5,0.5,7971309.5,263.19354248046875,473.1572265625,313.16363525390625,-150000000.0,0.0,0.0,-63708040.0,0.0,-0.0,-11539719.0,-11539719.0,225247760.0,-0.0,0.0,0.85,1.0,-1.0,1.0,True,True,True,,0,0
460800.0,127,0.32661915844510064,False,False,ok,,,True,1.0,0.0,1,0.0,1.0,0.0,0.0,1761487.5351108687,51863.773793011234,0.33131358319592047,-51863.773793011234,-0.33131358319592047,156539.83544146415,0.0,0.0,0.32661915844510064,0.05057136467880796,0.0025574629254769853,0.06,1.0,-0.004694424750819836,0.011488411946398713,-0.01618283669721855,5.0,1.0,0.052869047068087704,1.0,6584.947350938368,-6584.947350938368,0.0,6584.947350938368,0.0,35.11971920500463,0.98555,0.1875,-35.11971920500463,-27520.527820973657,-91284.87142773018,0.0,-0.0,-951555.1307645031,-7345.053257927764,7345.053257927764,-7679999.999999999,-60000.0,60000.0,0.0,0.0,-0.0,0.0,0.0,-0.0,14293024.164199973,112623.87970000505,-112623.87970000505,-3808696.6268968913,6584.947350938368,-6584.947350938368,0.5,0.7994286417961121,0.5,0.5,7994286.5,263.9521789550781,473.1572265625,313.16363525390625,-150000000.0,0.0,0.0,-35119720.0,0.0,0.0,-50985792.0,-50985792.0,236105504.0,-0.0,0.0,0.85,1.0,-1.0,1.0,True,True,True,,0,0
464400.0,128,0.6804362239787487,False,False,ok,,,True,1.0,0.0,2,0.675,1.0,0.0,0.9545,1740308.132712414,93250.9016912579,0.5957007775578488,-93250.9016912579,-0.5957007775578488,156539.83544146415,0.0,0.0,0.6804362239787487,0.03323145349012782,0.0008059148668461278,0.06,1.0,0.08473544642089986,0.09536951153774077,-0.010634065116840903,5.5,1.1,0.05057136467880796,1.0,26551.037692361217,-26551.037692361217,0.0,26551.037692361217,0.0,141.60553435925982,0.98555,0.1875,-141.60553435925982,-87879.2663973514,-91284.87142773018,0.0,-0.0,-968679.5227656072,-17124.392001104075,17124.392001104075,-7739999.999999999,-60000.0,60000.0,0.0,0.0,-0.0,25771.499999999996,25771.499999999996,-25771.499999999996,14411076.920199966,118052.75599999353,-118052.75599999353,-3896575.8932942427,26551.037692361217,-26551.037692361217,0.5,0.8224385380744934,0.50881028175354,0.4926103353500366,8224385.0,267.2038879394531,474.5345153808594,312.5658874511719,-150000000.0,0.0,143175008.0,-141605536.0,0.0,0.0,-89624504.0,-89624504.0,238055040.0,-0.0,0.0,0.85,1.0,-1.0,1.0,True,True,True,2,1,3
468000.0,129,0.5789466224018545,False,False,ok,,,True,1.0,0.0,2,0.15,1.0,0.0,0.881,1728110.1893231447,76433.16752422416,0.4882665636428707,-76433.16752422416,-0.4882665636428707,156539.83544146415,0.0,0.0,0.5789466224018545,0.017200737686991013,0.00021785855383161542,0.06,1.0,0.09068005875898374,0.09618429481882086,-0.005504236059837124,6.000000000000001,1.2000000000000002,0.03323145349012782,1.0,15689.83354617494,-15689.83354617494,0.0,15689.83354617494,0.0,83.67911224626634,0.63457,0.1875,-83.67911224626634,-72941.27736731851,-91284.87142773018,0.0,-0.0,-993614.2089375578,-24934.68617195054,24934.68617195054,-7799999.999999999,-60000.0,60000.0,0.0,0.0,-0.0,52421.99999999999,26650.499999999996,-26650.499999999996,14530104.440349968,119027.52015000209,-119027.52015000209,-3969517.170661561,15689.83354617494,-15689.83354617494,0.5,0.8440605998039246,0.5175088047981262,0.4853335916996002,8440606.0,269.95941162109375,474.5344543457031,311.9772644042969,-150000000.0,0.0,132150000.0,-83679112.0,0.0,0.0,-111918328.0,-111918328.0,213447440.0,-0.0,0.0,0.85,1.0,-1.0,1.0,False,False,True,,0,0
471600.0,130,0.02413265471147759,False,False,ok,,,True,1.0,0.0,1,0.0,1.0,0.0,0.0,1747851.1701171028,803.8063294431704,0.005134835661327512,-803.8063294431704,-0.005134835661327512,156539.83544146415,0.0,0.0,0.02413265471147759,0.013608060984646848,0.0002037297334719037,0.06,1.0,0.018997819050150078,0.02335239856523707,-0.004354579515086991,6.499999999999999,1.2999999999999998,0.017200737686991013,1.0,-18937.013681008895,18937.013681008895,18937.013681008895,0.0,66.7760276491022,0.0,0.28359,0.1875,66.7760276491022,0.16078350599855185,-91284.87142773018,0.0,-0.0,-1023240.1109271054,-29625.901989547652,29625.901989547652,-7859999.999999999,-60000.0,60000.0,0.0,0.0,-0.0,55064.99999999999,2643.0,-2643.0,14636828.16234996,106723.72199999169,-106723.72199999169,-3969517.009878055,-18937.013681008895,18937.013681008895,0.5,0.848190426826477,0.5183632969856262,0.48465344309806824,8481904.0,270.8659362792969,474.5344543457031,311.9222412109375,-150000000.0,0.0,0.0,66776028.0,0.0,-0.0,-126457128.0,-126457128.0,209681104.0,-0.0,0.0,0.85,1.0,-1.0,1.0,True,True,False,,0,0
475200.0,131,0.006119889993577647,False,False,ok,,,True,1.0,0.0,1,0.0,1.0,0.0,0.0,1768214.3477060327,1808.5626156934268,0.011553369853705468,-1808.5626156934268,-0.011553369853705468,156539.83544146415,0.0,0.0,0.006119889993577647,0.013755451742166087,0.00020428489372285446,0.06,1.0,-0.005433479860127821,-0.0010317353026346732,-0.004401744557493148,7.0,1.4,0.013608060984646848,1.0,-12183.216849189372,12183.216849189372,12183.216849189372,0.0,66.46236893344265,0.0,0.18331,0.1875,66.46236893344265,6371.398124047089,-91284.87142773018,0.0,-0.0,-1054088.881012222,-30848.770085116616,30848.770085116616,-7919999.999999999,-60000.0,60000.0,0.0,0.0,-0.0,55064.99999999999,0.0,-0.0,14741668.71189996,104840.54955000058,-104840.54955000058,-3963145.611754008,-12183.216849189372,12183.216849189372,0.5,0.8519569635391235,0.5183632969856262,0.48465344309806824,8519570.0,272.0687561035156,474.5344543457031,311.9222412109375,-150000000.0,0.0,0.0,66462368.0,0.0,0.0,-119669808.0,-119669808.0,203207440.0,-0.0,0.0,0.85,1.0,-1.0,1.0,True,True,False,,0,0
478800.0,132,0.02515181794390954,False,False,ok,,,True,1.0,0.0,1,0.0,1.0,0.0,0.0,1788036.2435939545,9342.293673865557,0.05967997633010784,-9342.293673865557,-0.05967997633010784,156539.83544146415,0.0,0.0,0.02515181794390954,0.017607934328957027,0.00023420505061330746,0.06,1.0,-0.0345281583861983,-0.028893619400932047,-0.0056345389852662485,7.5,1.5,0.013755451742166087,1.0,-4826.292889337228,4826.292889337228,4826.292889337228,0.0,26.328584852638855,0.0,0.18331,0.1875,26.328584852638855,5653.309324719012,-91284.87142773018,0.0,-0.0,-1081524.01419902,-27435.133186798077,27435.133186798077,-7979999.999999999,-60000.0,60000.0,0.0,0.0,-0.0,55064.99999999999,0.0,-0.0,14843272.431649951,101603.71974999085,-101603.71974999085,-3957492.302429289,-4826.292889337228,4826.292889337228,0.5,0.8558094501495361,0.5183632969856262,0.48465344309806824,8558095.0,273.2990417480469,474.5344543457031,311.9222412109375,-150000000.0,0.0,0.0,26328584.0,0.0,-0.0,-97597304.0,-97597304.0,221268720.0,-0.0,0.0,0.85,1.0,-1.0,1.0,True,True,False,,0,0
482400.0,133,0.1912221571061644,False,False,ok,,,True,1.0,0.0,1,0.0,1.0,0.0,0.0,1818907.9531575695,34597.914261771584,0.22101667709181272,-34597.914261771584,-0.22101667709181272,156539.83544146415,0.0,0.0,0.1912221571061644,0.02051177819919526,0.0002763769587986322,0.06,1.0,-0.02979451998564834,-0.023230750961905855,-0.006563769023742483,8.0,1.6,0.017607934328957027,1.0,4356.647759419849,-4356.647759419849,0.0,4356.647759419849,0.0,23.23545471690586,0.18331,0.1875,-23.23545471690586,630.4430612633005,-91284.87142773018,0.0,-0.0,-1101917.1056466685,-20393.09144764836,20393.09144764836,-8039999.999999999,-60000.0,60000.0,0.0,0.0,-0.0,55064.99999999999,0.0,-0.0,14953906.78959995,110634.35794999823,-110634.35794999823,-3956861.859368026,4356.647759419849,-4356.647759419849,0.5,0.8587133288383484,0.5183632969856262,0.48465344309806824,8587133.0,274.22637939453125,474.5344543457031,311.9222412109375,-150000000.0,0.0,0.0,-23235454.0,0.0,0.0,-61871896.0,-61871896.0,235107344.0,-0.0,0.0,0.85,1.0,-1.0,1.0,True,True,False,,0,0
486000.0,134,0.3761109994139174,False,False,ok,,,True,1.0,0.0,1,0.0,1.0,0.0,0.0,1841047.1018608524,60508.44203441859,0.38653702339584267,-60508.44203441859,-0.38653702339584267,156539.83544146415,0.0,0.0,0.3761109994139174,0.020949675586744328,0.00028419978938074323,0.06,1.0,-0.01042602398192527,-0.003722127794167085,-0.006703896187758185,8.5,1.7000000000000002,0.02051177819919526,1.0,14133.255608192307,-14133.255608192307,0.0,14133.255608192307,0.0,75.3773632436923,0.28359,0.1875,-75.3773632436923,-24236.03772294335,-91284.87142773018,0.0,-0.0,-1113095.593970442,-11178.48832377349,11178.48832377349,-8099999.999999999,-60000.0,60000.0,0.0,0.0,-0.0,55064.99999999999,0.0,-0.0,15071460.464349942,117553.67474999279,-117553.67474999279,-3981097.897090969,14133.255608192307,-14133.255608192307,0.5,0.8591511845588684,0.5183632969856262,0.48465344309806824,8591512.0,274.3662109375,474.5344543457031,311.9222412109375,-150000000.0,0.0,0.0,-75377360.0,0.0,0.0,-23488670.0,-23488670.0,248866032.0,-0.0,0.0,0.85,1.0,-1.0,1.0,True,True,False,,0,0
489600.0,135,0.502883754848003,False,False,ok,,,True,1.0,0.0,1,0.0,1.0,0.0,0.0,1850705.0143350982,75733.02161661067,0.4837939263385131,-75733.02161661067,-0.4837939263385131,156539.83544146415,0.0,0.0,0.502883754848003,0.018182108559142603,0.00024120602481739444,0.06,1.0,0.01908982850948989,0.024908103248415525,-0.005818274738925633,9.0,1.7999999999999998,0.020949675586744328,1.0,14546.088112499998,-14546.088112499998,0.0,14546.088112499998,0.0,77.57913659999998,0.63457,0.1875,-77.57913659999998,-51529.0210298649,-91284.87142773018,0.0,-0.0,-1116341.6766163316,-3246.0826458896045,3246.0826458896045,-8159999.999999999,-60000.0,60000.0,0.0,0.0,-0.0,55064.99999999999,0.0,-0.0,15195893.48049994,124433.01614999771,-124433.01614999771,-4032626.918120834,14546.088112499998,-14546.088112499998,0.5,0.8563836216926575,0.5183632969856262,0.48465344309806824,8563836.0,273.4823913574219,474.5344543457031,311.9222412109375,-150000000.0,0.0,0.0,-77579136.0,0.0,0.0,-0.0,-0.0,227579136.0,-0.0,0.0,0.85,1.0,-1.0,1.0,True,True,False,,0,0
493200.0,136,0.4431831498324414,False,False,ok,,,True,1.0,0.0,1,0.0,1.0,0.0,0.0,1857947.1006750986,63575.25682499807,0.4061282972842471,-63575.25682499807,-0.4061282972842471,156539.83544146415,0.0,0.0,0.4431831498324414,0.013816209650067253,0.00020452639040395733,0.06,1.0,0.0370548525481943,0.04147603963621582,-0.004421187088021521,9.5,1.9,0.018182108559142603,1.0,9785.688525000001,-9785.688525000001,0.0,9785.688525000001,0.0,52.190338800000006,1.13597,0.1875,-52.190338800000006,-46547.481959997676,-91284.87142773018,0.0,-0.0,-1116341.6766163316,0.0,-0.0,-8219999.999999999,-60000.0,60000.0,0.0,0.0,-0.0,55064.99999999999,0.0,-0.0,15309683.048799945,113789.56830000505,-113789.56830000505,-4079174.4000808317,9785.688525000001,-9785.688525000001,0.5,0.8520177602767944,0.5183632969856262,0.48465344309806824,8520177.0,272.0881652832031,474.5344543457031,311.9222412109375,-150000000.0,0.0,0.0,-52190340.0,0.0,0.0,-0.0,-0.0,202190336.0,-0.0,0.0,0.85,1.0,-1.0,1.0,True,True,False,,0,0
496800.0,137,0.3483375962419796,False,False,ok,,,True,1.0,0.0,1,0.0,1.0,0.0,0.0,1867728.0667950977,55927.814118750015,0.35727528370670497,-55927.814118750015,-0.35727528370670497,156539.83544146415,0.0,0.0,0.3483375962419796,0.014253855035406778,0.0002064840394421813,0.06,1.0,-0.008937687464725414,-0.004376453853395246,-0.004561233611330169,10.0,2.0,0.013816209650067253,1.0,14832.64471875,-14832.64471875,0.0,14832.64471875,0.0,79.1074385,1.13597,0.1875,-79.1074385,-31314.203280000947,-91284.87142773018,0.0,-0.0,-1116341.6766163316,0.0,-0.0,-8279999.999999999,-60000.0,60000.0,0.0,0.0,-0.0,55064.99999999999,0.0,-0.0,15410778.21819994,101095.16939999536,-101095.16939999536,-4110488.6033608327,14832.64471875,-14832.64471875,0.5,0.8475446105003357,0.5183632969856262,0.48465344309806824,8475446.0,270.65966796875,474.5344543457031,311.9222412109375,-150000000.0,0.0,0.0,-79107440.0,0.0,0.0,-0.0,-0.0,229107440.0,-0.0,0.0,0.85,1.0,-1.0,1.0,True,True,False,,0,0
500400.0,138,0.37529954063419635,False,False,ok,,,True,1.0,0.0,1,0.0,1.0,0.0,0.0,1874817.3229450984,66538.49175625101,0.4250578874610618,-66538.49175625101,-0.4250578874610618,156539.83544146415,0.0,0.0,0.37529954063419635,0.01843103740283148,0.00024444613770577186,0.06,1.0,-0.04975834682686546,-0.043860414857959384,-0.005897931968906074,10.5,2.1,0.014253855035406778,1.0,11984.772506249998,-11984.772506249998,0.0,11984.772506249998,0.0,63.918786699999984,1.13597,0.1875,-63.918786699999984,-47464.463100000285,-91284.87142773018,0.0,-0.0,-1116341.6766163316,0.0,-0.0,-8339999.999999999,-60000.0,60000.0,0.0,0.0,-0.0,55064.99999999999,0.0,-0.0,15525331.937449941,114553.71925000101,-114553.71925000101,-4157953.066460833,11984.772506249998,-11984.772506249998,0.5,0.8433673977851868,0.5183632969856262,0.48465344309806824,8433674.0,269.3257141113281,474.5344543457031,311.9222412109375,-150000000.0,0.0,0.0,-63918788.0,0.0,0.0,-0.0,-0.0,213918784.0,-0.0,0.0,0.85,1.0,-1.0,1.0,True,True,False,,0,0
504000.0,139,0.34739340969743826,False,False,ok,,,True,1.0,0.0,1,0.0,1.0,0.0,0.0,1883425.4442750984,61417.464443750025,0.3923439951916662,-61417.464443750025,-0.3923439951916662,156539.83544146415,0.0,0.0,0.34739340969743826,0.021880918456305142,0.000302111006738758,0.06,1.0,-0.044950585494227924,-0.03794869158821028,-0.007001893906017646,11.0,2.2,0.01843103740283148,1.0,14458.07109375,-14458.07109375,0.0,14458.07109375,0.0,77.1097125,0.98555,0.1875,-77.1097125,-38351.27202000003,-91284.87142773018,0.0,-0.0,-1116341.6766163316,0.0,-0.0,-8399999.999999998,-59999.99999999907,59999.99999999907,0.0,0.0,-0.0,55064.99999999999,0.0,-0.0,15632291.33079994,106959.3933499977,-106959.3933499977,-4196304.338480833,14458.07109375,-14458.07109375,0.5,0.8399175405502319,0.5183632969856262,0.48465344309806824,8399175.0,268.2239990234375,474.5344543457031,311.9222412109375,-150000000.0,0.0,0.0,-77109712.0,0.0,0.0,-0.0,-0.0,227109712.0,-0.0,0.0,0.85,1.0,-1.0,1.0,True,True,False,,0,0
507600.0,140,0.3903773565795905,False,False,ok,,,True,1.0,0.0,1,0.0,1.0,0.0,0.0,1890714.4730250975,67085.98963124971,0.4285553861868953,-67085.98963124971,-0.4285553861868953,156539.83544146415,0.0,0.0,0.3903773565795905,0.024518493388732143,0.0003622542750221988,0.06,1.0,-0.03817802960730479,-0.030332111722910504,-0.007845917884394286,11.5,2.3,0.021880918456305142,1.0,13531.133381249998,-13531.133381249998,0.0,13531.133381249998,0.0,72.16604469999999,0.98555,0.1875,-72.16604469999999,-46265.827500000596,-91284.87142773018,0.0,-0.0,-1116341.6766163316,0.0,-0.0,-8459999.999999998,-60000.0,60000.0,0.0,0.0,-0.0,55064.99999999999,0.0,-0.0,15745846.187049946,113554.8562500067,-113554.8562500067,-4242570.165980834,13531.133381249998,-13531.133381249998,0.5,0.8372799754142761,0.5183632969856262,0.48465344309806824,8372799.5,267.3817138671875,474.5344543457031,311.9222412109375,-150000000.0,0.0,0.0,-72166048.0,0.0,0.0,-0.0,-0.0,222166048.0,-0.0,0.0,0.85,1.0,-1.0,1.0,True,True,False,,0,0
511200.0,141,0.35794307386035,False,False,ok,,,True,1.0,0.0,1,0.0,1.0,0.0,0.0,1898497.868555097,61556.82325625301,0.39323424023446935,-61556.82325625301,-0.39323424023446935,156539.83544146415,0.0,0.0,0.35794307386035,0.026746192129781254,0.0004238897107901645,0.06,1.0,-0.03529116637411933,-0.026732384892589334,-0.008558781481530001,12.0,2.4,0.024518493388732143,1.0,10473.800906249999,-10473.800906249999,0.0,10473.800906249999,0.0,55.860271499999996,0.63457,0.1875,-55.860271499999996,-43299.626820003614,-91284.87142773018,0.0,-0.0,-1116341.6766163316,0.0,-0.0,-8519999.999999998,-60000.0,60000.0,0.0,0.0,-0.0,55064.99999999999,0.0,-0.0,15856929.209399944,111083.02234999835,-111083.02234999835,-4285869.792800837,10473.800906249999,-10473.800906249999,0.5,0.8350522518157959,0.5183632969856262,0.48465344309806824,8350522.5,266.6702880859375,474.5344543457031,311.9222412109375,-150000000.0,0.0,0.0,-55860272.0,0.0,0.0,-0.0,-0.0,205860272.0,-0.0,0.0,0.85,1.0,-1.0,1.0,True,True,False,,0,0
514800.0,142,0.3226261423153255,False,False,ok,,,True,1.0,0.0,1,0.0,1.0,0.0,0.0,1907911.8414050965,55867.084687502225,0.35688733497099484,-55867.084687502225,-0.35688733497099484,156539.83544146415,0.0,0.0,0.3226261423153255,0.028751060396094773,0.0004878456655756902,0.06,1.0,-0.03426119265566933,-0.025060853328918997,-0.009200339326750328,12.5,2.5,0.026746192129781254,1.0,12936.948937500001,-12936.948937500001,0.0,12936.948937500001,0.0,68.997061,0.63457,0.1875,-68.997061,-33516.16290000267,-91284.87142773018,0.0,-0.0,-1116341.6766163316,0.0,-0.0,-8579999.999999998,-60000.0,60000.0,0.0,0.0,-0.0,55064.99999999999,0.0,-0.0,15959859.345149951,102930.13575000688,-102930.13575000688,-4319385.95570084,12936.948937500001,-12936.948937500001,0.5,0.8330473899841309,0.5183632969856262,0.48465344309806824,8330474.0,266.0300598144531,474.5344543457031,311.9222412109375,-150000000.0,0.0,0.0,-68997064.0,0.0,0.0,-0.0,-0.0,218997056.0,-0.0,0.0,0.85,1.0,-1.0,1.0,True,True,False,,0,0
518400.0,143,0.38990987561479185,False,False,ok,,,True,1.0,0.0,1,0.0,1.0,0.0,0.0,1916012.1353050969,66043.83880625266,0.4218979700598243,-66043.83880625266,-0.4218979700598243,156539.83544146415,0.0,0.0,0.38990987561479185,0.030461852822392232,0.0005487772288537564,0.06,1.0,-0.03198809444503247,-0.022240301541866958,-0.009747792903165515,13.0,2.6,0.028751060396094773,1.0,16545.30830625,-16545.30830625,0.0,16545.30830625,0.0,88.2416443,0.63457,0.1875,-88.2416443,-41398.236600002274,-91284.87142773018,0.0,-0.0,-1116341.6766163316,0.0,-0.0,-8639999.999999998,-60000.0,60000.0,0.0,0.0,-0.0,55064.99999999999,0.0,-0.0,16069357.875649942,109498.53049999103,-109498.53049999103,-4360784.192300842,16545.30830625,-16545.30830625,0.5,0.8313366174697876,0.5183632969856262,0.48465344309806824,8313366.0,265.48370361328125,474.5344543457031,311.9222412109375,-150000000.0,0.0,0.0,-88241648.0,0.0,0.0,-0.0,-0.0,238241648.0,-0.0,0.0,0.85,1.0,-1.0,1.0,True,True,False,,0,0
522000.0,144,0.461730337456553,False,False,ok,,,True,1.0,0.0,1,0.0,1.0,0.0,0.0,1922187.970875096,77105.52488749479,0.49256168354876867,-77105.52488749479,-0.49256168354876867,156539.83544146415,0.0,0.0,0.461730337456553,0.03198743554229456,0.0006080497233680617,0.06,1.0,-0.03083134609221566,-0.020595366718681403,-0.010235979373534258,13.5,2.7,0.030461852822392232,1.0,17984.7027375,-17984.7027375,0.0,17984.7027375,0.0,95.91841459999999,0.63457,0.1875,-95.91841459999999,-52944.9865799956,-91284.87142773018,0.0,-0.0,-1116341.6766163316,0.0,-0.0,-8699999.999999998,-60000.0,60000.0,0.0,0.0,-0.0,55064.99999999999,0.0,-0.0,16188478.697799942,119120.82214999944,-119120.82214999944,-4413729.178880838,17984.7027375,-17984.7027375,0.5,0.8298110365867615,0.5183632969856262,0.48465344309806824,8298110.5,264.99652099609375,474.5344543457031,311.9222412109375,-150000000.0,0.0,0.0,-95918416.0,0.0,0.0,-0.0,-0.0,245918416.0,-0.0,0.0,0.85,1.0,-1.0,1.0,True,True,False,,0,0
525600.0,145,0.4721849144891333,False,False,ok,,,True,1.0,0.0,1,0.0,1.0,0.0,0.0,1927596.1294150953,78828.26095000362,0.5035667804792112,-78828.26095000362,-0.5035667804792112,156539.83544146415,0.0,0.0,0.4721849144891333,0.03346410360210906,0.0006698550955579054,0.06,1.0,-0.03138186599007792,-0.020673352837403014,-0.0107085131526749,14.0,2.8,0.03198743554229456,1.0,15869.053650000002,-15869.053650000002,0.0,15869.053650000002,0.0,84.63495280000001,0.63457,0.1875,-84.63495280000001,-57551.04876000434,-91284.87142773018,0.0,-0.0,-1116341.6766163316,0.0,-0.0,-8759999.999999998,-60000.0,60000.0,0.0,0.0,-0.0,55064.99999999999,0.0,-0.0,16311437.905099945,122959.20730000362,-122959.20730000362,-4471280.227640842,15869.053650000002,-15869.053650000002,0.5,0.8283343315124512,0.5183632969856262,0.48465344309806824,8283343.5,264.52496337890625,474.5344543457031,311.9222412109375,-150000000.0,0.0,0.0,-84634952.0,0.0,0.0,-0.0,-0.0,234634960.0,-0.0,0.0,0.85,1.0,-1.0,1.0,True,True,False,,0,0
529200.0,146,0.45295033790714995,False,False,ok,,,True,1.0,0.0,1,0.0,1.0,0.0,0.0,1934132.6341350954,75792.07868750422,0.48417119178488977,-75792.07868750422,-0.48417119178488977,156539.83544146415,0.0,0.0,0.45295033790714995,0.034848202166553384,0.0007317455901948397,0.06,1.0,-0.031220853877739794,-0.02006942918444271,-0.011151424693297083,14.5,2.9,0.03346410360210906,1.0,18474.602287499998,-18474.602287499998,0.0,18474.602287499998,0.0,98.53121219999998,0.28359,0.1875,-98.53121219999998,-50780.97168000415,-91284.87142773018,0.0,-0.0,-1116341.6766163316,0.0,-0.0,-8819999.999999998,-60000.0,60000.0,0.0,0.0,-0.0,55064.99999999999,0.0,-0.0,16428755.381499952,117317.47640000656,-117317.47640000656,-4522061.199320846,18474.602287499998,-18474.602287499998,0.5,0.8269502520561218,0.5183632969856262,0.48465344309806824,8269502.5,264.08294677734375,474.5344543457031,311.9222412109375,-150000000.0,0.0,0.0,-98531216.0,0.0,0.0,-0.0,-0.0,248531216.0,-0.0,0.0,0.85,1.0,-1.0,1.0,True,True,False,,0,0
532800.0,147,0.45084401988288336,False,False,ok,,,True,1.0,0.0,1,0.0,1.0,0.0,0.0,1939279.5129150962,74823.4026562551,0.4779831436850734,-74823.4026562551,-0.4779831436850734,156539.83544146415,0.0,0.0,0.45084401988288336,0.035891785659300963,0.0007809433125885186,0.06,1.0,-0.027139123802190003,-0.015653752391213693,-0.011485371410976308,15.0,3.0,0.034848202166553384,1.0,10557.796556250001,-10557.796556250001,0.0,10557.796556250001,0.0,56.30824830000001,0.28359,0.1875,-56.30824830000001,-59118.727320004255,-91284.87142773018,0.0,-0.0,-1116341.6766163316,0.0,-0.0,-8879999.999999998,-60000.0,60000.0,0.0,0.0,-0.0,55064.99999999999,0.0,-0.0,16553020.987599952,124265.60610000044,-124265.60610000044,-4581179.9266408505,10557.796556250001,-10557.796556250001,0.5,0.8259066939353943,0.5183632969856262,0.48465344309806824,8259067.0,263.74969482421875,474.5344543457031,311.9222412109375,-150000000.0,0.0,0.0,-56308248.0,0.0,0.0,-0.0,-0.0,206308256.0,-0.0,0.0,0.85,1.0,-1.0,1.0,True,True,True,,0,0
536400.0,148,0.35286472874642066,False,False,ok,,,True,1.0,0.0,1,0.0,1.0,0.0,0.0,1948648.6880850974,58589.25433124912,0.3742769638540839,-58589.25433124912,-0.3742769638540839,156539.83544146415,0.0,0.0,0.35286472874642066,0.03651927388285892,0.0008115736072958272,0.06,1.0,-0.021412235107663227,-0.00972606746514837,-0.011686167642514856,15.5,3.1,0.035891785659300963,1.0,15435.130181250002,-15435.130181250002,0.0,15435.130181250002,0.0,82.32069430000001,0.28359,0.1875,-82.32069430000001,-33784.94897999801,-91284.87142773018,0.0,-0.0,-1116341.6766163316,0.0,-0.0,-8939999.999999998,-60000.0,60000.0,0.0,0.0,-0.0,55064.99999999999,0.0,-0.0,16656175.111749949,103154.12414999679,-103154.12414999679,-4614964.8756208485,15435.130181250002,-15435.130181250002,0.5,0.825279176235199,0.5183632969856262,0.48465344309806824,8252792.0,263.54931640625,474.5344543457031,311.9222412109375,-150000000.0,0.0,0.0,-82320696.0,0.0,0.0,-0.0,-0.0,232320688.0,-0.0,0.0,0.85,1.0,-1.0,1.0,True,True,True,,0,0
540000.0,149,0.42342993452717487,False,False,ok,,,True,1.0,0.0,1,0.0,1.0,0.0,0.0,1955416.6186550977,69162.06548750307,0.44181767083411333,-69162.06548750307,-0.44181767083411333,156539.83544146415,0.0,0.0,0.42342993452717487,0.0369299092176888,0.0008320447060838882,0.06,1.0,-0.018387736306938476,-0.006570165357278057,-0.011817570949660417,16.0,3.2,0.03651927388285892,1.0,13001.7183375,-13001.7183375,0.0,13001.7183375,0.0,69.3424978,0.28359,0.1875,-69.3424978,-49392.416580002755,-91284.87142773018,0.0,-0.0,-1116341.6766163316,0.0,-0.0,-8999999.999999998,-60000.0,60000.0,0.0,0.0,-0.0,55064.99999999999,0.0,-0.0,16772335.458899954,116160.3471500054,-116160.3471500054,-4664357.292200851,13001.7183375,-13001.7183375,0.5,0.8248685598373413,0.5183632969856262,0.48465344309806824,8248685.5,263.4181823730469,474.5344543457031,311.9222412109375,-150000000.0,0.0,0.0,-69342496.0,0.0,0.0,-0.0,-0.0,219342496.0,-0.0,0.0,0.85,1.0,-1.0,1.0,True,True,True,,0,0
543600.0,150,0.37382653514343184,False,False,ok,,,True,1.0,0.0,1,0.0,1.0,0.0,0.0,1965179.8647240726,61086.04989259526,0.3902268692203751,-61086.04989259526,-0.3902268692203751,156539.83544146415,0.0,0.0,0.37382653514343184,0.037202368381023095,0.0008458135260320607,0.06,1.0,-0.01640033407694323,-0.004495576195015838,-0.01190475788192739,16.5,3.3,0.0369299092176888,1.0,12627.298027577106,-12627.298027577106,0.0,12627.298027577106,0.0,67.34558948041123,0.63457,0.1875,-67.34558948041123,-38695.5057960432,-91284.87142773018,0.0,-0.0,-1117554.1736513132,-1212.497034981614,1212.497034981614,-9059999.999999998,-60000.0,60000.0,0.0,0.0,-0.0,55064.99999999999,0.0,-0.0,16882006.707799952,109671.24889999814,-109671.24889999814,-4703052.797996894,12627.298027577106,-12627.298027577106,0.5,0.824596107006073,0.5183632969856262,0.48465344309806824,8245961.0,263.3311767578125,474.5344543457031,311.9222412109375,-150000000.0,0.0,0.0,-67345592.0,0.0,0.0,-10771640.0,-10771640.0,228117232.0,-0.0,0.0,0.85,1.0,-1.0,1.0,True,True,True,,0,0
547200.0,151,0.3029877215637333,False,False,ok,,,True,1.0,0.0,1,0.0,1.0,0.0,0.0,1983334.785480586,46916.9895125066,0.2997127816072769,-46916.9895125066,-0.2997127816072769,156539.83544146415,0.0,0.0,0.3029877215637333,0.03632594240883003,0.0008020523625041962,0.06,1.0,0.003274939956456448,0.014899241527282059,-0.01162430157082561,17.0,3.4,0.037202368381023095,1.0,691.6916957297009,-691.6916957297009,0.0,691.6916957297009,0.0,3.689022377225071,0.98555,0.1875,-3.689022377225071,-28070.377060263418,-91284.87142773018,0.0,-0.0,-1125387.490584537,-7833.316933223745,7833.316933223745,-9119999.999999998,-60000.0,60000.0,0.0,0.0,-0.0,55064.99999999999,0.0,-0.0,16996065.322549935,114058.61474998295,-114058.61474998295,-4731123.175057158,691.6916957297009,-691.6916957297009,0.5,0.8254725337028503,0.5183632969856262,0.48465344309806824,8254725.0,263.6110534667969,474.5344543457031,311.9222412109375,-150000000.0,0.0,0.0,-3689022.5,0.0,0.0,-56228508.0,-56228508.0,209917536.0,-0.0,0.0,0.85,1.0,-1.0,1.0,True,True,True,,0,0
550800.0,152,0.047207771709936,False,False,ok,,,True,1.0,0.0,1,0.0,1.0,0.0,0.0,2010956.9207955762,144.495932867776,0.0009230617399096998,-144.495932867776,-0.0009230617399096998,156539.83544146415,0.0,0.0,0.047207771709936,0.033076278461531945,0.0006532005431994648,0.06,1.0,0.0462847099700263,0.05686911907771652,-0.010584409107690223,17.5,3.5,0.03632594240883003,1.0,-26213.559923552184,26213.559923552184,26213.559923552184,0.0,26.59789957237297,0.0,0.98555,0.1875,26.59789957237297,1264.0794585701078,-91284.87142773018,0.0,-0.0,-1143988.1993281173,-18600.708743580384,18600.708743580384,-9179999.999999998,-60000.0,60000.0,0.0,0.0,-0.0,55064.99999999999,0.0,-0.0,17101024.087149944,104958.76460000873,-104958.76460000873,-4729859.095598588,-26213.559923552184,26213.559923552184,0.5,0.8287221789360046,0.5183632969856262,0.48465344309806824,8287222.0,264.6488037109375,474.5344543457031,311.9222412109375,-150000000.0,0.0,0.0,26597900.0,0.0,0.0,-96294216.0,-96294216.0,219696320.0,-0.0,0.0,0.85,1.0,-1.0,1.0,True,True,True,,0,0
554400.0,153,0.03763449049392472,False,False,ok,,,True,1.0,0.0,1,0.0,1.0,0.0,0.0,2037973.2878230151,-8392.26599522022,-0.053611056709960504,8392.26599522022,0.053611056709960504,156539.83544146415,0.0,0.0,0.03763449049392472,0.02751787473273416,0.0004475550108186113,0.06,1.0,0.09124554720388522,0.10005126711836015,-0.008805719914474932,18.0,3.6,0.033076278461531945,1.0,-31803.49174095009,31803.49174095009,31803.49174095009,0.0,50.11817725538568,0.0,0.63457,0.1875,50.11817725538568,3605.141281709075,-91284.87142773018,0.0,-0.0,-1170425.1314823856,-26436.93215426826,26436.93215426826,-9239999.999999998,-60000.0,60000.0,0.0,0.0,-0.0,55064.99999999999,0.0,-0.0,17210872.245049957,109848.15790001303,-109848.15790001303,-4726253.954316879,-31803.49174095009,31803.49174095009,0.5,0.8342806100845337,0.5183632969856262,0.48465344309806824,8342806.0,266.4238586425781,474.5344543457031,311.9222412109375,-150000000.0,0.0,0.0,50118176.0,0.0,0.0,-117130288.0,-117130288.0,217012112.0,-0.0,0.0,0.85,1.0,-1.0,1.0,True,True,False,,0,0
558000.0,154,0.11712801478584589,False,False,ok,,,True,1.0,0.0,1,0.0,1.0,0.0,0.0,2061460.6753300093,867.4431369604608,0.005541357153686474,-867.4431369604608,-0.005541357153686474,156539.83544146415,0.0,0.0,0.11712801478584589,0.021120830229724896,0.0002873616285478532,0.06,1.0,0.11158665763215941,0.11834532330567138,-0.006758665673511966,18.5,3.7,0.02751787473273416,1.0,-17109.51720803002,17109.51720803002,17109.51720803002,0.0,60.33187773909524,0.0,0.28359,0.1875,60.33187773909524,5510.427162003703,-91284.87142773018,0.0,-0.0,-1200954.2276373957,-30529.096155010164,30529.096155010164,-9299999.999999998,-60000.0,60000.0,0.0,0.0,-0.0,55064.99999999999,0.0,-0.0,17319378.30154996,108506.05650000274,-108506.05650000274,-4720743.527154875,-17109.51720803002,17109.51720803002,0.5,0.8406776189804077,0.5183632969856262,0.48465344309806824,8406776.0,268.4667053222656,474.5344543457031,311.9222412109375,-150000000.0,0.0,0.0,60331876.0,0.0,0.0,-128155768.0,-128155768.0,217823888.0,-0.0,0.0,0.85,1.0,-1.0,1.0,True,True,False,,0,0
561600.0,155,0.1535726683129595,False,False,ok,,,True,1.0,0.0,1,0.0,1.0,0.0,0.0,2084711.7354357806,7474.573193301372,0.04774869714294789,-7474.573193301372,-0.04774869714294789,156539.83544146415,0.0,0.0,0.1535726683129595,0.01529357159393175,0.00021267087474793352,0.06,1.0,0.1058239711700116,0.11071791408006977,-0.00489394291005816,19.0,3.8,0.021120830229724896,1.0,-9973.212232984211,9973.212232984211,9973.212232984211,0.0,54.40626388622667,0.0,0.18331,0.1875,54.40626388622667,5803.2746794857085,-91284.87142773018,0.0,-0.0,-1232418.3864611106,-31464.158823714824,31464.158823714824,-9359999.999999998,-60000.0,60000.0,0.0,0.0,-0.0,55064.99999999999,0.0,-0.0,17428290.245799977,108911.9442500174,-108911.9442500174,-4714940.252475389,-9973.212232984211,9973.212232984211,0.5,0.8465048670768738,0.5183632969856262,0.48465344309806824,8465049.0,270.32763671875,474.5344543457031,311.9222412109375,-150000000.0,0.0,0.0,54406264.0,0.0,0.0,-123058256.0,-123058256.0,218652000.0,-0.0,0.0,0.85,1.0,-1.0,1.0,True,True,False,,0,0
565200.0,156,0.12176391972412737,False,False,ok,,,True,1.0,0.0,1,0.0,1.0,0.0,0.0,2110310.174404947,13223.27279288286,0.08447225433444075,-13223.27279288286,-0.08447225433444075,156539.83544146415,0.0,0.0,0.12176391972412737,0.013165135251865918,0.00020232288110889402,0.06,1.0,0.03729166538968662,0.04150450867028371,-0.004212843280597094,19.5,3.9,0.01529357159393175,1.0,-7998.793072395848,7998.793072395848,7998.793072395848,0.0,43.6353339828479,0.0,0.18331,0.1875,43.6353339828479,4376.373103887774,-91284.87142773018,0.0,-0.0,-1260522.3178458323,-28103.93138472177,28103.93138472177,-9419999.999999998,-60000.0,60000.0,0.0,0.0,-0.0,55064.99999999999,0.0,-0.0,17537616.243049983,109325.9972500056,-109325.9972500056,-4710563.8793715015,-7998.793072395848,7998.793072395848,0.5,0.8513666987419128,0.5183632969856262,0.48465344309806824,8513667.0,271.8802185058594,474.5344543457031,311.9222412109375,-150000000.0,0.0,0.0,43635332.0,0.0,0.0,-99403544.0,-99403544.0,205768208.0,-0.0,0.0,0.85,1.0,-1.0,1.0,True,True,False,,0,0
568800.0,157,0.07272326285323223,False,False,ok,,,True,1.0,0.0,1,0.0,1.0,0.0,0.0,2134839.1625565165,22960.874641324408,0.1466775187067978,-22960.874641324408,-0.1466775187067978,156539.83544146415,0.0,0.0,0.07272326285323223,0.01659729138242539,0.0002234838461009002,0.06,1.0,-0.07395425585356556,-0.06864312261118943,-0.005311133242376125,20.0,4.0,0.013165135251865918,1.0,1373.9296553754396,-1373.9296553754396,0.0,1373.9296553754396,0.0,7.327624828669011,0.18331,0.1875,-7.327624828669011,2942.0431656204164,-91284.87142773018,0.0,-0.0,-1281819.4786598834,-21297.16081405105,21297.16081405105,-9479999.999999998,-60000.0,60000.0,0.0,0.0,-0.0,55064.99999999999,0.0,-0.0,17640500.34885,102884.10580001771,-102884.10580001771,-4707621.836205881,1373.9296553754396,-1373.9296553754396,0.5,0.8547988533973694,0.5183632969856262,0.48465344309806824,8547988.0,272.97625732421875,474.5344543457031,311.9222412109375,-150000000.0,0.0,0.0,-7327625.0,0.0,0.0,-67732864.0,-67732864.0,225060480.0,-0.0,0.0,0.85,1.0,-1.0,1.0,True,True,False,,0,0
572400.0,158,0.3022238602903031,False,False,ok,,,True,1.0,0.0,1,0.0,1.0,0.0,0.0,2159401.7357508866,52614.35028307777,0.33610837864175575,-52614.35028307777,-0.33610837864175575,156539.83544146415,0.0,0.0,0.3022238602903031,0.01796969220418699,0.0002385391638237972,0.06,1.0,-0.03388451835145262,-0.02813421684611278,-0.005750301505339837,20.5,4.1,0.01659729138242539,1.0,12275.979179054817,-12275.979179054817,0.0,12275.979179054817,0.0,65.47188895495903,0.28359,0.1875,-65.47188895495903,-15775.797909652814,-91284.87142773018,0.0,-0.0,-1294011.3515058616,-12191.872845978243,12191.872845978243,-9539999.999999998,-60000.0,60000.0,0.0,0.0,-0.0,55064.99999999999,0.0,-0.0,17753030.592800003,112530.2439500019,-112530.2439500019,-4723397.634115534,12275.979179054817,-12275.979179054817,0.5,0.8561712503433228,0.5183632969856262,0.48465344309806824,8561712.0,273.4145202636719,474.5344543457031,311.9222412109375,-150000000.0,0.0,0.0,-65471888.0,0.0,0.0,-25373752.0,-25373752.0,240845648.0,-0.0,0.0,0.85,1.0,-1.0,1.0,True,True,False,,0,0
576000.0,159,0.45813294445786024,False,False,ok,,,True,1.0,0.0,1,0.0,1.0,0.0,0.0,2170220.315546254,69515.9529292022,0.4440783570083457,-69515.9529292022,-0.4440783570083457,156539.83544146415,0.0,0.0,0.45813294445786024,0.01704075745020695,0.0002279367439012513,0.06,1.0,0.014054587449514561,0.019507629833580786,-0.005453042384066225,21.0,4.2,0.01796969220418699,1.0,12595.378068749997,-12595.378068749997,0.0,12595.378068749997,0.0,67.17534969999998,0.63457,0.1875,-67.17534969999998,-46101.99506508466,-91284.87142773018,0.0,-0.0,-1297513.5971454096,-3502.2456395479385,3502.2456395479385,-9599999.999999998,-60000.0,60000.0,0.0,0.0,-0.0,55064.99999999999,0.0,-0.0,17873453.41329999,120422.82049998641,-120422.82049998641,-4769499.629180619,12595.378068749997,-12595.378068749997,0.5,0.8552423119544983,0.5183632969856262,0.48465344309806824,8552423.0,273.11785888671875,474.5344543457031,311.9222412109375,-150000000.0,0.0,0.0,-67175352.0,0.0,0.0,-0.0,-0.0,217175344.0,-0.0,0.0,0.85,1.0,-1.0,1.0,True,True,False,,0,0
579600.0,160,0.443683466602054,False,False,ok,,,True,1.0,0.0,1,0.0,1.0,0.0,0.0,2178502.7805762556,62636.45168750193,0.4001310689439427,-62636.45168750193,-0.4001310689439427,156539.83544146415,0.0,0.0,0.443683466602054,0.014794861939566369,0.0002094334966604656,0.06,1.0,0.0435523976581113,0.04828675347877254,-0.004734355820661238,21.5,4.3,0.01704075745020695,1.0,14048.776837500003,-14048.776837500003,0.0,14048.776837500003,0.0,74.92680980000002,1.13597,0.1875,-74.92680980000002,-40305.209820000455,-91284.87142773018,0.0,-0.0,-1297513.5971454096,0.0,-0.0,-9659999.999999998,-60000.0,60000.0,0.0,0.0,-0.0,55064.99999999999,0.0,-0.0,17982041.08814999,108587.67485000193,-108587.67485000193,-4809804.839000619,14048.776837500003,-14048.776837500003,0.5,0.8529964089393616,0.5183632969856262,0.48465344309806824,8529964.0,272.4006652832031,474.5344543457031,311.9222412109375,-150000000.0,0.0,0.0,-74926808.0,0.0,0.0,-0.0,-0.0,224926816.0,-0.0,0.0,0.85,1.0,-1.0,1.0,True,True,False,,0,0
583200.0,161,0.45054601274669726,False,False,ok,,,True,1.0,0.0,1,0.0,1.0,0.0,0.0,2186010.099596256,62944.87973124857,0.40210135365055955,-62944.87973124857,-0.40210135365055955,156539.83544146415,0.0,0.0,0.45054601274669726,0.01241228958666319,0.00020083187022383836,0.06,1.0,0.0484446590961377,0.052416591763869924,-0.003971932667732221,22.0,4.4,0.014794861939566369,1.0,10481.474831249998,-10481.474831249998,0.0,10481.474831249998,0.0,55.90119909999999,1.13597,0.1875,-55.90119909999999,-44956.08587999828,-91284.87142773018,0.0,-0.0,-1297513.5971454096,0.0,-0.0,-9719999.999999998,-60000.0,60000.0,0.0,0.0,-0.0,55064.99999999999,0.0,-0.0,18094504.493049975,112463.4048999846,-112463.4048999846,-4854760.924880617,10481.474831249998,-10481.474831249998,0.5,0.8506138324737549,0.5183632969856262,0.48465344309806824,8506138.0,271.6397705078125,474.5344543457031,311.9222412109375,-150000000.0,0.0,0.0,-55901200.0,0.0,0.0,-0.0,-0.0,205901200.0,-0.0,0.0,0.85,1.0,-1.0,1.0,True,True,False,,0,0
586800.0,162,0.34185172366010874,False,False,ok,,,True,1.0,0.0,1,0.0,1.0,0.0,0.0,2195419.979686258,57721.06836874946,0.36873086141919087,-57721.06836874946,-0.36873086141919087,156539.83544146415,0.0,0.0,0.34185172366010874,0.013416111019237682,0.00020307187348556056,0.06,1.0,-0.02687913775908213,-0.022585982232926072,-0.004293155526156059,22.5,4.5,0.01241228958666319,1.0,14770.468818749996,-14770.468818749996,0.0,14770.468818749996,0.0,78.77583369999998,1.13597,0.1875,-78.77583369999998,-33540.71945999749,-91284.87142773018,0.0,-0.0,-1297513.5971454096,0.0,-0.0,-9779999.999999998,-60000.0,60000.0,0.0,0.0,-0.0,55064.99999999999,0.0,-0.0,18197455.092599984,102950.59955000877,-102950.59955000877,-4888301.644340615,14770.468818749996,-14770.468818749996,0.5,0.8483823537826538,0.5183632969856262,0.48465344309806824,8483824.0,270.92718505859375,474.5344543457031,311.9222412109375,-150000000.0,0.0,0.0,-78775832.0,0.0,0.0,-0.0,-0.0,228775840.0,-0.0,0.0,0.85,1.0,-1.0,1.0,True,True,False,,0,0
590400.0,163,0.38137258482211084,False,False,ok,,,True,1.0,0.0,1,0.0,1.0,0.0,0.0,2202542.3963162587,68595.39415625528,0.43819768918759056,-68595.39415625528,-0.43819768918759056,156539.83544146415,0.0,0.0,0.38137258482211084,0.01566876748747626,0.00021543434794860322,0.06,1.0,-0.05682510436547971,-0.05181109876948731,-0.005014005595992403,23.0,4.6,0.013416111019237682,1.0,14207.477306250003,-14207.477306250003,0.0,14207.477306250003,0.0,75.77321230000001,0.98555,0.1875,-75.77321230000001,-47265.50022000447,-91284.87142773018,0.0,-0.0,-1297513.5971454096,0.0,-0.0,-9839999.999999998,-60000.0,60000.0,0.0,0.0,-0.0,55064.99999999999,0.0,-0.0,18311843.009449985,114387.91685000062,-114387.91685000062,-4935567.144560619,14207.477306250003,-14207.477306250003,0.5,0.8461297154426575,0.5183632969856262,0.48465344309806824,8461297.0,270.2077941894531,474.5344543457031,311.9222412109375,-150000000.0,0.0,0.0,-75773216.0,0.0,0.0,-0.0,-0.0,225773216.0,-0.0,0.0,0.85,1.0,-1.0,1.0,True,True,False,,0,0
594000.0,164,0.3579683525426582,False,False,ok,,,True,1.0,0.0,1,0.0,1.0,0.0,0.0,2209965.075086258,65592.32502499477,0.41901363215321696,-65592.32502499477,-0.41901363215321696,156539.83544146415,0.0,0.0,0.3579683525426582,0.018021045993545377,0.0002391756331074708,0.06,1.0,-0.06104527961055876,-0.05527854489262424,-0.005766734717934521,23.5,4.7,0.01566876748747626,1.0,12705.718875,-12705.718875,0.0,12705.718875,0.0,67.763834,0.98555,0.1875,-67.763834,-45463.927379995584,-91284.87142773018,0.0,-0.0,-1297513.5971454096,0.0,-0.0,-9899999.999999998,-60000.0,60000.0,0.0,0.0,-0.0,55064.99999999999,0.0,-0.0,18424729.615599994,112886.60615000874,-112886.60615000874,-4981031.071940615,12705.718875,-12705.718875,0.5,0.8437774181365967,0.5183632969856262,0.48465344309806824,8437774.0,269.45660400390625,474.5344543457031,311.9222412109375,-150000000.0,0.0,0.0,-67763832.0,0.0,0.0,-0.0,-0.0,217763840.0,-0.0,0.0,0.85,1.0,-1.0,1.0,True,True,False,,0,0
597600.0,165,0.36107846986410225,False,False,ok,,,True,1.0,0.0,1,0.0,1.0,0.0,0.0,2218188.6916862573,66350.81323750316,0.42385896887130753,-66350.81323750316,-0.42385896887130753,156539.83544146415,0.0,0.0,0.36107846986410225,0.020365361959387103,0.0002738468546396193,0.06,1.0,-0.06278049900720528,-0.056263583180201415,-0.006516915827003873,24.0,4.8,0.018021045993545377,1.0,17468.896237499997,-17468.896237499997,0.0,17468.896237499997,0.0,93.16744659999999,0.63457,0.1875,-93.16744659999999,-40658.30040000379,-91284.87142773018,0.0,-0.0,-1297513.5971454096,0.0,-0.0,-9959999.999999998,-60000.0,60000.0,0.0,0.0,-0.0,55064.99999999999,0.0,-0.0,18533611.532599997,108881.91700000316,-108881.91700000316,-5021689.372340619,17468.896237499997,-17468.896237499997,0.5,0.8414331078529358,0.5183632969856262,0.48465344309806824,8414331.0,268.70794677734375,474.5344543457031,311.9222412109375,-150000000.0,0.0,0.0,-93167448.0,0.0,0.0,-0.0,-0.0,243167440.0,-0.0,0.0,0.85,1.0,-1.0,1.0,False,True,False,,0,0
601200.0,166,0.40193088113025344,False,False,ok,,,True,1.0,0.0,1,0.0,1.0,0.0,0.0,2223871.947026258,74183.86375624692,0.47389767305579494,-74183.86375624692,-0.47389767305579494,156539.83544146415,0.0,0.0,0.40193088113025344,0.023002343268756064,0.00032598203315671674,0.06,1.0,-0.07196679192554148,-0.06460604207953954,-0.007360749846001941,24.5,4.9,0.020365361959387103,1.0,12600.14045625,-12600.14045625,0.0,12600.14045625,0.0,67.2007491,0.63457,0.1875,-67.2007491,-55900.46795999631,-91284.87142773018,0.0,-0.0,-1297513.5971454096,0.0,-0.0,-10019999.999999998,-60000.0,60000.0,0.0,0.0,-0.0,55064.99999999999,0.0,-0.0,18655195.255899984,121583.72329998761,-121583.72329998761,-5077589.840300615,12600.14045625,-12600.14045625,0.5,0.8387961387634277,0.5183632969856262,0.48465344309806824,8387961.0,267.8658447265625,474.5344543457031,311.9222412109375,-150000000.0,0.0,0.0,-67200752.0,0.0,0.0,-0.0,-0.0,217200752.0,-0.0,0.0,0.85,1.0,-1.0,1.0,False,True,False,,0,0
604800.0,167,15.318770741938259,False,True,ok,,,True,1.0,0.0,1,0.0,1.0,0.0,0.0,2232151.872116258,62258.63750624983,0.39771753516075825,-62258.63750624983,-0.39771753516075825,156539.83544146415,0.0,15.0,15.318770741938259,0.02582959616672199,0.0003973278014756038,0.06,1.0,-0.07894679322249919,-0.07068132244914815,-0.008265470773351036,25.0,5.0,0.023002343268756064,1.0,13658.262956249997,-13658.262956249997,0.0,13658.262956249997,0.0,72.84406909999998,0.63457,0.1875,-72.84406909999998,-40320.4494599998,-91284.87142773018,0.0,-0.0,-1297513.5971454096,0.0,-0.0,-10079999.999999998,-60000.0,60000.0,0.0,0.0,-0.0,55064.99999999999,0.0,-0.0,18763795.630449984,108600.37454999983,-108600.37454999983,-5117910.289760615,13658.262956249997,-13658.262956249997,0.5,0.8359688520431519,0.5183632969856262,0.48465344309806824,8359688.5,266.9629821777344,474.5344543457031,311.9222412109375,-150000000.0,0.0,0.0,-72844072.0,0.0,0.0,-0.0,-0.0,222844064.0,-0.0,0.0,0.85,1.0,-1.0,1.0,False,True,False,,0,0
