time,value
0,275.13
3600,274.57
7200,274.4
10800,274.58
14400,274.36
18000,274.48
21600,274.61
25200,276.61
28800,279.22
32400,281.69
36000,283.51
39600,284.59
43200,285.14
46800,285.28
50400,284.94
54000,284.17
57600,282.45
61200,279.41
64800,278.41
68400,277.68
72000,277.09
75600,276.54
79200,275.95
82800,275.3
86400,274.69
90000,274.2
93600,273.8
97200,273.34
100800,272.92
104400,274.98
108000,276.63
111600,278.21
115200,279.87
118800,281.82
122400,284.63
126000,286.69
129600,287.54
133200,287.77
136800,287.55
140400,286.82
144000,284.24
147600,281.45
151200,280.68
154800,280.07
158400,279.11
162000,277.39
165600,275.47
169200,274.4
172800,273.71
176400,273.2
180000,272.99
183600,272.93
187200,272.86
190800,272.49
194400,271.81
198000,271.06
201600,271.7
205200,272.76
208800,273.76
212400,274.55
216000,274.96
219600,275.03
223200,274.87
226800,274.38
230400,273.32
234000,271.76
237600,270.42
241200,269.02
244800,268.13
248400,267.48
252000,266.93
255600,266.46
259200,266.27
262800,266.11
266400,266.04
270000,266.13
273600,266.48
277200,266.87
280800,267.13
284400,268.77
288000,272.02
291600,274.97
295200,276.77
298800,277.94
302400,278.84
306000,279.39
309600,279.39
313200,278.76
316800,275.09
320400,272.23
324000,271.81
327600,271.09
331200,270.36
334800,269.84
338400,269.58
342000,269.55
345600,269.43
349200,269.18
352800,269.09
356400,268.97
360000,268.88
363600,268.83
367200,268.75
370800,271.02
374400,274.55
378000,278.16
381600,280.37
385200,281.53
388800,282.02
392400,281.55
396000,280.27
399600,278.53
403200,276.77
406800,275.09
410400,273.35
414000,272.15
417600,271.77
421200,271.4
424800,270.8
428400,269.67
432000,268.61
435600,267.91
439200,267.55
442800,267.26
446400,267.08
450000,267.04
453600,267.11
457200,269.37
460800,272.73
464400,275.55
468000,276.78
471600,277.45
475200,277.77
478800,277.37
482400,276.2
486000,274.59
489600,272.26
493200,269.18
496800,268.18
500400,267.33
504000,266.6
507600,266.13
511200,265.84
514800,265.65
518400,265.53
522000,265.45
525600,265.36
529200,265.28
532800,265.29
536400,265.37
540000,265.5
543600,266.81
547200,268.7
550800,270.45
554400,272.05
558000,273.48
561600,274.55
565200,274.92
568800,274.48
572400,273.12
576000,270.17
579600,268.32
583200,268.13
586800,267.45
590400,266.73
594000,266.26
597600,266.14
601200,266.23
604800,262.4
608400,262.45
612000,262.07
615600,261.73
619200,262.21
622800,262.44
626400,261.87
630000,261.31
633600,263.2
637200,265.66
640800,267.8
644400,269.25
648000,270.06
651600,270.34
655200,269.95
658800,268.7
662400,267.38
666000,266.52
669600,265.41
673200,265.33
676800,264.69
680400,263.7
684000,262.41
687600,261.3
691200,260.48
694800,259.73
698400,259.12
702000,258.59
705600,258.18
709200,258.09
712800,258.19
716400,258.56
720000,260.7
723600,263.6
727200,265.91
730800,267.34
734400,268.42
738000,269.2
741600,269.7
745200,269.34
748800,267.62
752400,266.72
756000,266.05
759600,265.44
763200,265.05
766800,264.55
770400,263.76
774000,262.77
777600,261.7
781200,260.87
784800,260.26
788400,259.73
792000,259.47
795600,259.35
799200,259.17
802800,259.26
806400,261.93
810000,264.77
813600,268.0
817200,270.09
820800,271.45
824400,272.07
828000,271.93
831600,270.59
835200,266.92
838800,264.97
842400,263.55
846000,262.52
849600,261.98
853200,261.92
856800,261.72
860400,261.33
864000,261.05
867600,260.91
871200,260.73
874800,260.55
878400,260.44
882000,260.41
885600,260.31
889200,260.26
892800,261.91
896400,264.41
900000,266.97
903600,268.78
907200,270.38
910800,271.8
914400,272.52
918000,271.66
921600,269.14
925200,267.95
928800,266.76
932400,265.28
936000,263.89
939600,262.88
943200,262.1
946800,261.38
950400,260.83
954000,260.45
957600,260.28
961200,260.2
964800,260.12
968400,260.4
972000,260.78
975600,261.53
979200,263.64
982800,266.25
986400,268.81
990000,270.58
993600,272.35
997200,273.7
1000800,274.13
1004400,273.24
1008000,271.3
1011600,269.79
1015200,268.45
1018800,267.34
1022400,266.48
1026000,266.03
1029600,265.91
1033200,265.6
1036800,264.64
1040400,263.77
1044000,263.07
1047600,262.48
1051200,262.23
1054800,262.47
1058400,263.23
1062000,264.17
1065600,265.77
1069200,268.09
1072800,270.66
1076400,272.96
1080000,274.55
1083600,275.49
1087200,275.55
1090800,273.55
1094400,270.92
1098000,269.35
1101600,267.97
1105200,266.95
1108800,266.42
1112400,265.99
1116000,265.36
1119600,264.91
1123200,264.53
1126800,264.1
1130400,263.63
1134000,263.3
1137600,263.27
1141200,263.27
1144800,263.2
1148400,263.22
1152000,264.8
1155600,267.42
1159200,270.41
1162800,272.24
1166400,273.62
1170000,274.48
1173600,274.53
1177200,273.51
1180800,271.88
1184400,270.91
1188000,270.24
1191600,269.62
1195200,268.78
1198800,268.03
1202400,267.29
1206000,266.08
1209600,256.48
1213200,256.05
1216800,255.76
1220400,255.4
1224000,255.16
1227600,255.06
1231200,254.97
1234800,255.16
1238400,257.06
1242000,259.99
1245600,263.41
1249200,266.22
1252800,268.73
1256400,270.16
1260000,270.66
1263600,269.88
1267200,266.66
1270800,265.21
1274400,264.47
1278000,262.97
1281600,261.77
1285200,260.91
1288800,260.11
1292400,259.32
1296000,258.64
1299600,258.05
1303200,257.51
1306800,256.98
1310400,256.64
1314000,256.47
1317600,256.4
1321200,257.28
1324800,260.89
1328400,264.52
1332000,267.98
1335600,269.61
1339200,270.35
1342800,270.06
1346400,269.07
1350000,267.72
1353600,265.2
1357200,263.01
1360800,261.85
1364400,261.03
1368000,260.44
1371600,260.01
1375200,259.54
1378800,258.85
1382400,258.14
1386000,257.61
1389600,257.24
1393200,257.71
1396800,258.05
1400400,258.2
1404000,257.57
1407600,258.14
1411200,261.59
1414800,264.73
1418400,267.08
1422000,267.77
1425600,267.66
1429200,267.14
1432800,266.45
1436400,265.41
1440000,263.7
1443600,262.13
1447200,261.04
1450800,260.08
1454400,259.4
1458000,258.9
1461600,259.34
1465200,257.86
1468800,256.68
1472400,255.72
1476000,254.88
1479600,254.15
1483200,253.54
1486800,253.01
1490400,252.55
1494000,253.0
1497600,254.61
1501200,256.02
1504800,257.23
1508400,258.05
1512000,258.45
1515600,258.43
1519200,257.77
1522800,256.48
1526400,254.85
1530000,254.0
1533600,253.63
1537200,252.8
1540800,251.99
1544400,251.42
1548000,250.94
1551600,250.63
1555200,250.59
1558800,250.48
1562400,250.28
1566000,249.73
1569600,249.09
1573200,248.6
1576800,248.36
1580400,249.37
1584000,252.39
1587600,255.33
1591200,257.66
1594800,259.55
1598400,261.15
1602000,262.19
1605600,262.6
1609200,262.19
1612800,259.31
1616400,257.34
1620000,256.38
1623600,255.59
1627200,255.05
1630800,254.77
1634400,254.57
1638000,254.48
1641600,254.13
1645200,254.14
1648800,254.06
1652400,253.76
1656000,253.24
1659600,252.69
1663200,252.92
1666800,253.58
1670400,255.8
1674000,258.64
1677600,263.27
1681200,266.05
1684800,267.56
1688400,268.0
1692000,267.2
1695600,265.32
1699200,262.66
1702800,260.48
1706400,259.47
1710000,258.74
1713600,258.23
1717200,257.68
1720800,256.99
1724400,256.35
1728000,256.12
1731600,256.41
1735200,256.28
1738800,256.27
1742400,255.8
1746000,255.05
1749600,254.79
1753200,255.72
1756800,259.59
1760400,262.99
1764000,266.03
1767600,267.59
1771200,268.4
1774800,268.52
1778400,267.74
1782000,266.12
1785600,263.59
1789200,261.27
1792800,260.15
1796400,259.28
1800000,258.53
1803600,257.91
1807200,257.34
1810800,256.73
1814400,260.63
1818000,260.42
1821600,259.98
1825200,259.51
1828800,259.22
1832400,258.98
1836000,258.7
1839600,258.5
1843200,259.77
1846800,262.2
1850400,265.39
1854000,267.77
1857600,269.5
1861200,270.63
1864800,271.03
1868400,269.24
1872000,265.61
1875600,264.09
1879200,262.99
1882800,261.99
1886400,261.17
1890000,260.57
1893600,260.13
1897200,259.75
1900800,259.35
1904400,258.95
1908000,258.6
1911600,258.3
1915200,258.07
1918800,257.95
1922400,257.89
1926000,258.04
1929600,260.84
1933200,263.35
1936800,266.55
1940400,269.59
1944000,271.78
1947600,272.97
1951200,273.26
1954800,270.98
1958400,267.63
1962000,266.08
1965600,264.69
1969200,263.45
1972800,262.52
1976400,261.79
1980000,261.23
1983600,260.76
1987200,260.31
1990800,259.89
1994400,259.52
1998000,259.39
2001600,259.49
2005200,259.55
2008800,259.34
2012400,259.4
2016000,262.02
2019600,264.26
2023200,266.6
2026800,268.53
2030400,269.88
2034000,270.61
2037600,270.73
2041200,269.51
2044800,266.96
2048400,265.09
2052000,263.91
2055600,262.83
2059200,261.97
2062800,261.16
2066400,260.45
2070000,259.89
2073600,259.5
2077200,259.27
2080800,259.09
2084400,258.81
2088000,258.69
2091600,258.8
2095200,259.02
2098800,259.41
2102400,261.35
2106000,263.74
2109600,265.69
2113200,268.64
2116800,270.59
2120400,271.41
2124000,271.6
2127600,270.33
2131200,267.3
2134800,265.86
2138400,264.84
2142000,264.07
2145600,263.54
2149200,263.1
2152800,262.52
2156400,261.93
2160000,261.45
2163600,261.16
2167200,260.75
2170800,260.21
2174400,259.87
2178000,260.02
2181600,260.4
2185200,261.08
2188800,262.95
2192400,265.44
2196000,268.23
2199600,270.42
2203200,272.27
2206800,273.41
2210400,273.45
2214000,271.45
2217600,267.56
2221200,265.58
2224800,264.2
2228400,263.28
2232000,262.62
2235600,262.09
2239200,261.61
2242800,261.21
2246400,260.99
2250000,261.1
2253600,261.55
2257200,262.0
2260800,262.28
2264400,262.39
2268000,262.13
2271600,261.69
2275200,262.78
2278800,265.7
2282400,268.67
2286000,271.14
2289600,272.91
2293200,273.94
2296800,274.07
2300400,272.13
2304000,268.37
2307600,266.79
2311200,265.73
2314800,264.8
2318400,264.01
2322000,263.45
2325600,262.94
2329200,262.52
2332800,262.33
2336400,262.44
2340000,262.7
2343600,263.05
2347200,263.46
2350800,263.5
2354400,263.2
2358000,262.43
2361600,263.37
2365200,265.71
2368800,268.94
2372400,271.88
2376000,272.7
2379600,271.34
2383200,269.54
2386800,268.66
2390400,267.27
2394000,266.59
2397600,266.31
2401200,266.14
2404800,265.66
2408400,265.26
2412000,264.67
2415600,263.88
2419200,263.9
2422800,263.26
2426400,262.63
2430000,262.04
2433600,261.55
2437200,261.2
2440800,261.0
2444400,261.27
2448000,264.26
2451600,267.3
2455200,269.11
2458800,270.26
2462400,271.81
2466000,272.41
2469600,272.39
2473200,271.48
2476800,269.02
2480400,268.0
2484000,267.48
2487600,267.13
2491200,266.88
2494800,266.63
2498400,266.41
2502000,266.2
2505600,265.98
2509200,265.91
2512800,265.38
2516400,264.67
2520000,263.72
2523600,262.73
2527200,261.84
2530800,261.39
2534400,263.42
2538000,265.52
2541600,267.67
2545200,269.85
2548800,272.12
2552400,272.83
2556000,272.87
2559600,272.09
2563200,270.8
2566800,270.66
2570400,270.25
2574000,268.6
2577600,267.73
2581200,267.42
2584800,266.81
2588400,266.39
2592000,266.14
2595600,265.74
2599200,265.21
2602800,263.7
2606400,262.39
2610000,261.55
2613600,260.91
2617200,260.8
2620800,263.05
2624400,265.63
2628000,267.56
2631600,268.63
2635200,269.2
2638800,269.14
2642400,268.45
2646000,267.1
2649600,264.64
2653200,262.96
2656800,261.98
2660400,261.21
2664000,260.55
2667600,259.98
2671200,259.41
2674800,258.91
2678400,258.48
2682000,258.09
2685600,257.73
2689200,257.41
2692800,257.23
2696400,257.24
2700000,257.39
2703600,257.82
2707200,260.34
2710800,263.21
2714400,265.75
2718000,267.34
2721600,268.46
2725200,268.99
2728800,268.74
2732400,267.28
2736000,264.58
2739600,262.96
2743200,262.18
2746800,261.71
2750400,260.92
2754000,259.63
2757600,258.8
2761200,258.2
2764800,257.68
2768400,257.23
2772000,256.85
2775600,256.53
2779200,256.29
2782800,256.2
2786400,256.2
2790000,256.51
2793600,259.49
2797200,262.48
2800800,265.0
2804400,266.55
2808000,267.67
2811600,268.29
2815200,268.29
2818800,267.2
2822400,264.02
2826000,262.51
2829600,261.28
2833200,260.18
2836800,259.34
2840400,258.73
2844000,258.26
2847600,257.88
2851200,257.58
2854800,257.34
2858400,257.18
2862000,257.14
2865600,257.05
2869200,256.93
2872800,256.88
2876400,257.41
2880000,260.2
2883600,262.38
2887200,265.14
2890800,267.14
2894400,268.37
2898000,268.95
2901600,268.81
2905200,267.52
2908800,264.09
2912400,262.27
2916000,261.08
2919600,260.49
2923200,260.47
2926800,260.45
2930400,260.03
2934000,259.45
2937600,259.04
2941200,258.82
2944800,258.71
2948400,258.68
2952000,258.82
2955600,258.81
2959200,258.39
2962800,258.05
2966400,259.48
2970000,261.77
2973600,264.77
2977200,266.66
2980800,267.74
2984400,268.4
2988000,268.55
2991600,267.65
2995200,265.48
2998800,264.3
3002400,263.3
3006000,262.43
3009600,261.7
3013200,261.13
3016800,260.83
3020400,260.75
3024000,262.4
3027600,262.45
3031200,262.07
3034800,261.73
3038400,262.21
3042000,262.44
3045600,261.87
3049200,261.31
3052800,263.2
3056400,265.66
3060000,267.8
3063600,269.25
3067200,270.06
3070800,270.34
3074400,269.95
3078000,268.7
3081600,267.38
3085200,266.52
3088800,265.41
3092400,265.33
3096000,264.69
3099600,263.7
3103200,262.41
3106800,261.3
3110400,260.48
3114000,259.73
3117600,259.12
3121200,258.59
3124800,258.18
3128400,258.09
3132000,258.19
3135600,258.56
3139200,260.7
3142800,263.6
3146400,265.91
3150000,267.34
3153600,268.42
3157200,269.2
3160800,269.7
3164400,269.34
3168000,267.62
3171600,266.72
3175200,266.05
3178800,265.44
3182400,265.05
3186000,264.55
3189600,263.76
3193200,262.77
3196800,261.7
3200400,260.87
3204000,260.26
3207600,259.73
3211200,259.47
3214800,259.35
3218400,259.17
3222000,259.26
3225600,261.93
3229200,264.77
3232800,268.0
3236400,270.09
3240000,271.45
3243600,272.07
3247200,271.93
3250800,270.59
3254400,266.92
3258000,264.97
3261600,263.55
3265200,262.52
3268800,261.98
3272400,261.92
3276000,261.72
3279600,261.33
3283200,261.05
3286800,260.91
3290400,260.73
3294000,260.55
3297600,260.44
3301200,260.41
3304800,260.31
3308400,260.26
3312000,261.91
3315600,264.41
3319200,266.97
3322800,268.78
3326400,270.38
3330000,271.8
3333600,272.52
3337200,271.66
3340800,269.14
3344400,267.95
3348000,266.76
3351600,265.28
3355200,263.89
3358800,262.88
3362400,262.1
3366000,261.38
3369600,260.83
3373200,260.45
3376800,260.28
3380400,260.2
3384000,260.12
3387600,260.4
3391200,260.78
3394800,261.53
3398400,263.64
3402000,266.25
3405600,268.81
3409200,270.58
3412800,272.35
3416400,273.7
3420000,274.13
3423600,273.24
3427200,271.3
3430800,269.79
3434400,268.45
3438000,267.34
3441600,266.48
3445200,266.03
3448800,265.91
3452400,265.6
3456000,264.64
3459600,263.77
3463200,263.07
3466800,262.48
3470400,262.23
3474000,262.47
3477600,263.23
3481200,264.17
3484800,265.77
3488400,268.09
3492000,270.66
3495600,272.96
3499200,274.55
3502800,275.49
3506400,275.55
3510000,273.55
3513600,270.92
3517200,269.35
3520800,267.97
3524400,266.95
3528000,266.42
3531600,265.99
3535200,265.36
3538800,264.91
3542400,264.53
3546000,264.1
3549600,263.63
3553200,263.3
3556800,263.27
3560400,263.27
3564000,263.2
3567600,263.22
3571200,264.8
3574800,267.42
3578400,270.41
3582000,272.24
3585600,273.62
3589200,274.48
3592800,274.53
3596400,273.51
3600000,271.88
3603600,270.91
3607200,270.24
3610800,269.62
3614400,268.78
3618000,268.03
3621600,267.29
3625200,266.08
3628800,256.05
3632400,255.41
3636000,254.89
3639600,254.52
3643200,254.25
3646800,253.98
3650400,253.7
3654000,254.83
3657600,258.3
3661200,261.62
3664800,264.99
3668400,266.96
3672000,268.01
3675600,268.33
3679200,267.81
3682800,266.48
3686400,263.81
3690000,261.28
3693600,260.2
3697200,259.52
3700800,259.02
3704400,258.61
3708000,258.22
3711600,257.77
3715200,257.35
3718800,256.95
3722400,256.63
3726000,256.32
3729600,255.99
3733200,255.7
3736800,255.51
3740400,256.6
3744000,259.16
3747600,263.22
3751200,267.7
3754800,270.69
3758400,272.4
3762000,272.98
3765600,272.59
3769200,271.1
3772800,268.44
3776400,266.41
3780000,265.83
3783600,265.52
3787200,265.03
3790800,264.38
3794400,263.4
3798000,262.71
3801600,262.19
3805200,261.77
3808800,261.35
3812400,260.86
3816000,260.29
3819600,259.68
3823200,259.23
3826800,260.3
3830400,263.48
3834000,266.43
3837600,270.6
3841200,273.92
3844800,275.73
3848400,276.34
3852000,276.15
3855600,274.81
3859200,270.58
3862800,267.95
3866400,266.54
3870000,265.5
3873600,264.76
3877200,264.21
3880800,263.67
3884400,263.07
3888000,262.55
3891600,262.03
3895200,261.51
3898800,261.01
3902400,260.52
3906000,260.13
3909600,259.87
3913200,261.12
3916800,264.75
3920400,267.91
3924000,272.23
3927600,275.99
3931200,278.59
3934800,279.86
3938400,279.73
3942000,276.81
3945600,272.83
3949200,271.11
3952800,269.54
3956400,268.38
3960000,267.8
3963600,267.22
3967200,266.64
3970800,266.07
3974400,265.48
3978000,264.62
3981600,263.88
3985200,263.24
3988800,263.34
3992400,263.15
3996000,262.93
3999600,263.92
4003200,267.84
4006800,271.09
4010400,273.18
4014000,274.41
4017600,275.21
4021200,275.42
4024800,274.82
4028400,273.15
4032000,270.93
4035600,269.55
4039200,268.66
4042800,267.77
4046400,267.14
4050000,266.52
4053600,265.87
4057200,265.25
4060800,264.73
4064400,264.35
4068000,264.03
4071600,263.67
4075200,263.27
4078800,262.89
4082400,262.13
4086000,262.48
4089600,265.05
4093200,267.41
4096800,268.7
4100400,269.7
4104000,270.45
4107600,270.88
4111200,270.87
4114800,270.41
4118400,269.51
4122000,268.47
4125600,267.95
4129200,267.48
4132800,267.05
4136400,266.7
4140000,266.48
4143600,266.27
4147200,266.15
4150800,266.22
4154400,266.11
4158000,265.56
4161600,265.05
4165200,264.91
4168800,265.18
4172400,266.03
4176000,267.15
4179600,269.27
4183200,271.24
4186800,272.67
4190400,273.66
4194000,274.2
4197600,274.35
4201200,273.88
4204800,271.3
4208400,270.11
4212000,269.65
4215600,268.87
4219200,267.94
4222800,266.52
4226400,264.91
4230000,263.93
4233600,263.9
4237200,263.26
4240800,262.63
4244400,262.04
4248000,261.55
4251600,261.2
4255200,261.0
4258800,261.27
4262400,264.26
4266000,267.3
4269600,269.11
4273200,270.26
4276800,271.81
4280400,272.41
4284000,272.39
4287600,271.48
4291200,269.02
4294800,268.0
4298400,267.48
4302000,267.13
4305600,266.88
4309200,266.63
4312800,266.41
4316400,266.2
4320000,265.98
4323600,265.91
4327200,265.38
4330800,264.67
4334400,263.72
4338000,262.73
4341600,261.84
4345200,261.39
4348800,263.42
4352400,265.52
4356000,267.67
4359600,269.85
4363200,272.12
4366800,272.83
4370400,272.87
4374000,272.09
4377600,270.8
4381200,270.66
4384800,270.25
4388400,268.6
4392000,267.73
4395600,267.42
4399200,266.81
4402800,266.39
4406400,266.14
4410000,265.74
4413600,265.21
4417200,263.7
4420800,262.39
4424400,261.55
4428000,260.91
4431600,260.8
4435200,263.05
4438800,265.63
4442400,267.56
4446000,268.63
4449600,269.2
4453200,269.14
4456800,268.45
4460400,267.1
4464000,264.64
4467600,262.96
4471200,261.98
4474800,261.21
4478400,260.55
4482000,259.98
4485600,259.41
4489200,258.91
4492800,258.48
4496400,258.09
4500000,257.73
4503600,257.41
4507200,257.23
4510800,257.24
4514400,257.39
4518000,257.82
4521600,260.34
4525200,263.21
4528800,265.75
4532400,267.34
4536000,268.46
4539600,268.99
4543200,268.74
4546800,267.28
4550400,264.58
4554000,262.96
4557600,262.18
4561200,261.71
4564800,260.92
4568400,259.63
4572000,258.8
4575600,258.2
4579200,257.68
4582800,257.23
4586400,256.85
4590000,256.53
4593600,256.29
4597200,256.2
4600800,256.2
4604400,256.51
4608000,259.49
4611600,262.48
4615200,265.0
4618800,266.55
4622400,267.67
4626000,268.29
4629600,268.29
4633200,267.2
4636800,264.02
4640400,262.51
4644000,261.28
4647600,260.18
4651200,259.34
4654800,258.73
4658400,258.26
4662000,257.88
4665600,257.58
4669200,257.34
4672800,257.18
4676400,257.14
4680000,257.05
4683600,256.93
4687200,256.88
4690800,257.41
4694400,260.2
4698000,262.38
4701600,265.14
4705200,267.14
4708800,268.37
4712400,268.95
4716000,268.81
4719600,267.52
4723200,264.09
4726800,262.27
4730400,261.08
4734000,260.49
4737600,260.47
4741200,260.45
4744800,260.03
4748400,259.45
4752000,259.04
4755600,258.82
4759200,258.71
4762800,258.68
4766400,258.82
4770000,258.81
4773600,258.39
4777200,258.05
4780800,259.48
4784400,261.77
4788000,264.77
4791600,266.66
4795200,267.74
4798800,268.4
4802400,268.55
4806000,267.65
4809600,265.48
4813200,264.3
4816800,263.3
4820400,262.43
4824000,261.7
4827600,261.13
4831200,260.83
4834800,260.75
4838400,266.46
4842000,266.79
4845600,267.1
4849200,267.21
4852800,267.33
4856400,267.38
4860000,267.45
4863600,267.73
4867200,268.37
4870800,269.08
4874400,269.66
4878000,270.41
4881600,271.02
4885200,271.41
4888800,271.56
4892400,271.3
4896000,270.13
4899600,268.19
4903200,267.88
4906800,267.77
4910400,267.96
4914000,268.39
4917600,268.56
4921200,268.51
4924800,268.28
4928400,267.63
4932000,266.66
4935600,265.68
4939200,265.1
4942800,264.94
4946400,264.84
4950000,265.38
4953600,267.17
4957200,269.07
4960800,270.73
4964400,272.12
4968000,273.25
4971600,273.84
4975200,273.66
4978800,272.52
4982400,269.61
4986000,267.48
4989600,267.11
4993200,266.98
4996800,267.03
5000400,267.21
5004000,267.36
5007600,267.29
5011200,267.02
5014800,266.75
5018400,266.61
5022000,266.37
5025600,265.84
5029200,265.31
5032800,264.93
5036400,266.34
5040000,269.52
5043600,272.42
5047200,274.41
5050800,275.63
5054400,276.37
5058000,276.64
5061600,276.45
5065200,275.42
5068800,271.98
5072400,270.44
5076000,270.5
5079600,271.09
5083200,271.41
5086800,271.62
5090400,271.84
5094000,272.03
5097600,272.05
5101200,271.73
5104800,271.26
5108400,270.92
5112000,270.77
5115600,270.66
5119200,270.51
5122800,270.91
5126400,271.87
5130000,273.55
5133600,275.13
5137200,276.34
5140800,277.2
5144400,277.63
5148000,277.5
5151600,276.13
5155200,273.11
5158800,271.8
5162400,271.34
5166000,271.02
5169600,270.91
5173200,271.12
5176800,271.36
5180400,271.52
5184000,271.55
5187600,271.44
5191200,271.24
5194800,271.02
5198400,270.83
5202000,270.77
5205600,270.68
5209200,270.94
5212800,272.82
5216400,275.41
5220000,277.48
5223600,278.94
5227200,279.99
5230800,280.71
5234400,280.7
5238000,277.8
5241600,273.81
5245200,272.22
5248800,271.64
5252400,271.36
5256000,272.25
5259600,272.67
5263200,272.88
5266800,272.95
5270400,272.94
5274000,272.73
5277600,272.46
5281200,272.26
5284800,272.09
5288400,271.98
5292000,271.94
5295600,272.27
5299200,273.49
5302800,275.13
5306400,276.2
5310000,276.13
5313600,275.63
5317200,275.16
5320800,274.65
5324400,273.88
5328000,272.62
5331600,271.72
5335200,271.65
5338800,271.66
5342400,271.39
5346000,270.68
5349600,269.99
5353200,269.34
5356800,268.84
5360400,268.41
5364000,268.15
5367600,268.07
5371200,267.92
5374800,267.49
5378400,267.23
5382000,267.77
5385600,270.32
5389200,273.91
5392800,276.42
5396400,277.83
5400000,278.4
5403600,278.39
5407200,277.91
5410800,276.72
5414400,272.92
5418000,271.04
5421600,270.66
5425200,270.43
5428800,270.31
5432400,270.26
5436000,270.16
5439600,270.07
5443200,274.91
5446800,273.87
5450400,272.37
5454000,270.82
5457600,270.14
5461200,270.48
5464800,273.91
5468400,277.64
5472000,281.65
5475600,285.1
5479200,287.52
5482800,288.91
5486400,289.6
5490000,289.69
5493600,289.24
5497200,288.44
5500800,287.65
5504400,285.98
5508000,281.36
5511600,279.91
5515200,280.24
5518800,280.68
5522400,280.88
5526000,279.91
5529600,278.6
5533200,277.34
5536800,275.9
5540400,274.51
5544000,273.65
5547600,273.62
5551200,275.93
5554800,280.13
5558400,285.4
5562000,287.48
5565600,288.2
5569200,289.03
5572800,289.53
5576400,289.75
5580000,289.88
5583600,288.9
5587200,287.76
5590800,286.34
5594400,283.7
5598000,283.09
5601600,284.13
5605200,284.14
5608800,282.43
5612400,279.98
5616000,278.9
5619600,278.52
5623200,278.34
5626800,277.92
5630400,277.26
5634000,277.21
5637600,280.92
5641200,283.75
5644800,288.27
5648400,294.27
5652000,298.47
5655600,300.5
5659200,301.52
5662800,301.8
5666400,301.47
5670000,300.92
5673600,299.95
5677200,297.88
5680800,293.77
5684400,292.19
5688000,291.8
5691600,291.36
5695200,291.17
5698800,290.38
5702400,288.16
5706000,285.83
5709600,284.34
5713200,283.44
5716800,283.02
5720400,283.72
5724000,287.66
5727600,291.08
5731200,293.69
5734800,294.37
5738400,294.57
5742000,295.71
5745600,297.6
5749200,298.23
5752800,298.06
5756400,297.41
5760000,296.37
5763600,293.85
5767200,288.39
5770800,286.42
5774400,285.13
5778000,283.88
5781600,282.65
5785200,281.47
5788800,280.08
5792400,278.79
5796000,277.88
5799600,277.53
5803200,277.82
5806800,278.6
5810400,281.35
5814000,284.63
5817600,288.58
5821200,293.45
5824800,296.38
5828400,298.38
5832000,299.67
5835600,300.37
5839200,300.59
5842800,300.37
5846400,299.57
5850000,296.47
5853600,291.97
5857200,290.18
5860800,289.0
5864400,288.01
5868000,286.9
5871600,285.66
5875200,285.46
5878800,285.13
5882400,284.96
5886000,284.81
5889600,282.82
5893200,281.84
5896800,285.31
5900400,289.16
5904000,292.26
5907600,293.98
5911200,293.78
5914800,292.87
5918400,291.65
5922000,290.95
5925600,289.99
5929200,286.57
5932800,284.79
5936400,283.84
5940000,282.85
5943600,282.45
5947200,282.16
5950800,281.77
5954400,280.66
5958000,278.77
5961600,277.02
5965200,275.89
5968800,275.05
5972400,274.34
5976000,273.81
5979600,274.19
5983200,276.93
5986800,280.16
5990400,282.94
5994000,285.03
5997600,286.39
6001200,287.35
6004800,288.11
6008400,288.38
6012000,288.55
6015600,288.06
6019200,287.09
6022800,286.08
6026400,284.47
6030000,283.7
6033600,282.98
6037200,282.3
6040800,281.69
6044400,280.5
6048000,268.3
6051600,268.19
6055200,268.1
6058800,268.46
6062400,269.21
6066000,269.95
6069600,270.66
6073200,272.07
6076800,274.73
6080400,277.48
6084000,279.38
6087600,280.76
6091200,281.81
6094800,282.63
6098400,283.23
6102000,283.29
6105600,282.29
6109200,277.89
6112800,274.26
6116400,272.48
6120000,270.88
6123600,269.2
6127200,267.79
6130800,266.84
6134400,266.55
6138000,266.45
6141600,266.45
6145200,266.55
6148800,266.8
6152400,267.2
6156000,269.75
6159600,273.34
6163200,277.01
6166800,279.66
6170400,281.28
6174000,282.44
6177600,283.29
6181200,283.74
6184800,283.79
6188400,283.43
6192000,282.6
6195600,279.51
6199200,277.2
6202800,275.91
6206400,274.67
6210000,273.71
6213600,272.98
6217200,272.07
6220800,271.22
6224400,270.65
6228000,270.89
6231600,270.89
6235200,270.72
6238800,270.98
6242400,273.28
6246000,277.78
6249600,282.2
6253200,284.9
6256800,286.32
6260400,287.27
6264000,287.66
6267600,287.45
6271200,286.92
6274800,286.28
6278400,285.38
6282000,281.05
6285600,278.82
6289200,278.67
6292800,277.89
6296400,277.02
6300000,276.24
6303600,275.59
6307200,275.01
6310800,274.49
6314400,273.8
6318000,273.58
6321600,273.94
6325200,274.39
6328800,275.41
6332400,278.46
6336000,282.66
6339600,287.05
6343200,288.96
6346800,290.26
6350400,291.22
6354000,291.8
6357600,291.92
6361200,291.48
6364800,290.02
6368400,284.98
6372000,283.48
6375600,283.26
6379200,282.51
6382800,281.02
6386400,278.95
6390000,277.47
6393600,276.72
6397200,276.36
6400800,276.24
6404400,276.6
6408000,277.15
6411600,277.57
6415200,278.2
6418800,280.07
6422400,283.22
6426000,288.76
6429600,291.01
6433200,292.22
6436800,292.93
6440400,293.23
6444000,293.14
6447600,292.59
6451200,291.55
6454800,287.99
6458400,284.96
6462000,282.96
6465600,281.55
6469200,280.73
6472800,280.08
6476400,279.4
6480000,278.78
6483600,278.15
6487200,277.38
6490800,276.58
6494400,276.08
6498000,275.88
6501600,277.29
6505200,281.61
6508800,285.16
6512400,289.12
6516000,291.91
6519600,292.84
6523200,293.37
6526800,293.57
6530400,293.38
6534000,292.79
6537600,291.8
6541200,289.16
6544800,286.45
6548400,283.7
6552000,280.98
6555600,279.32
6559200,277.99
6562800,276.76
6566400,275.62
6570000,274.75
6573600,274.34
6577200,274.03
6580800,273.59
6584400,273.23
6588000,275.7
6591600,280.37
6595200,284.14
6598800,287.99
6602400,292.02
6606000,294.15
6609600,295.23
6613200,295.57
6616800,295.18
6620400,294.24
6624000,293.05
6627600,289.14
6631200,285.41
6634800,284.35
6638400,283.54
6642000,282.72
6645600,282.0
6649200,281.38
6652800,268.3
6656400,268.19
6660000,268.1
6663600,268.46
6667200,269.21
6670800,269.95
6674400,270.66
6678000,272.07
6681600,274.73
6685200,277.48
6688800,279.38
6692400,280.76
6696000,281.81
6699600,282.63
6703200,283.23
6706800,283.29
6710400,282.29
6714000,277.89
6717600,274.26
6721200,272.48
6724800,270.88
6728400,269.2
6732000,267.79
6735600,266.84
6739200,266.55
6742800,266.45
6746400,266.45
6750000,266.55
6753600,266.8
6757200,267.2
6760800,269.75
6764400,273.34
6768000,277.01
6771600,279.66
6775200,281.28
6778800,282.44
6782400,283.29
6786000,283.74
6789600,283.79
6793200,283.43
6796800,282.6
6800400,279.51
6804000,277.2
6807600,275.91
6811200,274.67
6814800,273.71
6818400,272.98
6822000,272.07
6825600,271.22
6829200,270.65
6832800,270.89
6836400,270.89
6840000,270.72
6843600,270.98
6847200,273.28
6850800,277.78
6854400,282.2
6858000,284.9
6861600,286.32
6865200,287.27
6868800,287.66
6872400,287.45
6876000,286.92
6879600,286.28
6883200,285.38
6886800,281.05
6890400,278.82
6894000,278.67
6897600,277.89
6901200,277.02
6904800,276.24
6908400,275.59
6912000,275.01
6915600,274.49
6919200,273.8
6922800,273.58
6926400,273.94
6930000,274.39
6933600,275.41
6937200,278.46
6940800,282.66
6944400,287.05
6948000,288.96
6951600,290.26
6955200,291.22
6958800,291.8
6962400,291.92
6966000,291.48
6969600,290.02
6973200,284.98
6976800,283.48
6980400,283.26
6984000,282.51
6987600,281.02
6991200,278.95
6994800,277.47
6998400,276.72
7002000,276.36
7005600,276.24
7009200,276.6
7012800,277.15
7016400,277.57
7020000,278.2
7023600,280.07
7027200,283.22
7030800,288.76
7034400,291.01
7038000,292.22
7041600,292.93
7045200,293.23
7048800,293.14
7052400,292.59
7056000,291.55
7059600,287.99
7063200,284.96
7066800,282.96
7070400,281.55
7074000,280.73
7077600,280.08
7081200,279.4
7084800,278.78
7088400,278.15
7092000,277.38
7095600,276.58
7099200,276.08
7102800,275.88
7106400,277.29
7110000,281.61
7113600,285.16
7117200,289.12
7120800,291.91
7124400,292.84
7128000,293.37
7131600,293.57
7135200,293.38
7138800,292.79
7142400,291.8
7146000,289.16
7149600,286.45
7153200,283.7
7156800,280.98
7160400,279.32
7164000,277.99
7167600,276.76
7171200,275.62
7174800,274.75
7178400,274.34
7182000,274.03
7185600,273.59
7189200,273.23
7192800,275.7
7196400,280.37
7200000,284.14
7203600,287.99
7207200,292.02
7210800,294.15
7214400,295.23
7218000,295.57
7221600,295.18
7225200,294.24
7228800,293.05
7232400,289.14
7236000,285.41
7239600,284.35
7243200,283.54
7246800,282.72
7250400,282.0
7254000,281.38
7257600,274.91
7261200,273.87
7264800,272.37
7268400,270.82
7272000,270.14
7275600,270.48
7279200,273.91
7282800,277.64
7286400,281.65
7290000,285.1
7293600,287.52
7297200,288.91
7300800,289.6
7304400,289.69
7308000,289.24
7311600,288.44
7315200,287.65
7318800,285.98
7322400,281.36
7326000,279.91
7329600,280.24
7333200,280.68
7336800,280.88
7340400,279.91
7344000,278.6
7347600,277.34
7351200,275.9
7354800,274.51
7358400,273.65
7362000,273.62
7365600,275.93
7369200,280.13
7372800,285.4
7376400,287.48
7380000,288.2
7383600,289.03
7387200,289.53
7390800,289.75
7394400,289.88
7398000,288.9
7401600,287.76
7405200,286.34
7408800,283.7
7412400,283.09
7416000,284.13
7419600,284.14
7423200,282.43
7426800,279.98
7430400,278.9
7434000,278.52
7437600,278.34
7441200,277.92
7444800,277.26
7448400,277.21
7452000,280.92
7455600,283.75
7459200,288.27
7462800,294.27
7466400,298.47
7470000,300.5
7473600,301.52
7477200,301.8
7480800,301.47
7484400,300.92
7488000,299.95
7491600,297.88
7495200,293.77
7498800,292.19
7502400,291.8
7506000,291.36
7509600,291.17
7513200,290.38
7516800,288.16
7520400,285.83
7524000,284.34
7527600,283.44
7531200,283.02
7534800,283.72
7538400,287.66
7542000,291.08
7545600,293.69
7549200,294.37
7552800,294.57
7556400,295.71
7560000,297.6
7563600,298.23
7567200,298.06
7570800,297.41
7574400,296.37
7578000,293.85
7581600,288.39
7585200,286.42
7588800,285.13
7592400,283.88
7596000,282.65
7599600,281.47
7603200,280.08
7606800,278.79
7610400,277.88
7614000,277.53
7617600,277.82
7621200,278.6
7624800,281.35
7628400,284.63
7632000,288.58
7635600,293.45
7639200,296.38
7642800,298.38
7646400,299.67
7650000,300.37
7653600,300.59
7657200,300.37
7660800,299.57
7664400,296.47
7668000,291.97
7671600,290.18
7675200,289.0
7678800,288.01
7682400,286.9
7686000,285.66
7689600,285.46
7693200,285.13
7696800,284.96
7700400,284.81
7704000,282.82
7707600,281.84
7711200,285.31
7714800,289.16
7718400,292.26
7722000,293.98
7725600,293.78
7729200,292.87
7732800,291.65
7736400,290.95
7740000,289.99
7743600,286.57
7747200,284.79
7750800,283.84
7754400,282.85
7758000,282.45
7761600,282.16
7765200,281.77
7768800,280.66
7772400,278.77
7776000,277.02
7779600,275.89
7783200,275.05
7786800,274.34
7790400,273.81
7794000,274.19
7797600,276.93
7801200,280.16
7804800,282.94
7808400,285.03
7812000,286.39
7815600,287.35
7819200,288.11
7822800,288.38
7826400,288.55
7830000,288.06
7833600,287.09
7837200,286.08
7840800,284.47
7844400,283.7
7848000,282.98
7851600,282.3
7855200,281.69
7858800,280.5
7862400,268.3
7866000,268.19
7869600,268.1
7873200,268.46
7876800,269.21
7880400,269.95
7884000,270.66
7887600,272.07
7891200,274.73
7894800,277.48
7898400,279.38
7902000,280.76
7905600,281.81
7909200,282.63
7912800,283.23
7916400,283.29
7920000,282.29
7923600,277.89
7927200,274.26
7930800,272.48
7934400,270.88
7938000,269.2
7941600,267.79
7945200,266.84
7948800,266.55
7952400,266.45
7956000,266.45
7959600,266.55
7963200,266.8
7966800,267.2
7970400,269.75
7974000,273.34
7977600,277.01
7981200,279.66
7984800,281.28
7988400,282.44
7992000,283.29
7995600,283.74
7999200,283.79
8002800,283.43
8006400,282.6
8010000,279.51
8013600,277.2
8017200,275.91
8020800,274.67
8024400,273.71
8028000,272.98
8031600,272.07
8035200,271.22
8038800,270.65
8042400,270.89
8046000,270.89
8049600,270.72
8053200,270.98
8056800,273.28
8060400,277.78
8064000,282.2
8067600,284.9
8071200,286.32
8074800,287.27
8078400,287.66
8082000,287.45
8085600,286.92
8089200,286.28
8092800,285.38
8096400,281.05
8100000,278.82
8103600,278.67
8107200,277.89
8110800,277.02
8114400,276.24
8118000,275.59
8121600,275.01
8125200,274.49
8128800,273.8
8132400,273.58
8136000,273.94
8139600,274.39
8143200,275.41
8146800,278.46
8150400,282.66
8154000,287.05
8157600,288.96
8161200,290.26
8164800,291.22
8168400,291.8
8172000,291.92
8175600,291.48
8179200,290.02
8182800,284.98
8186400,283.48
8190000,283.26
8193600,282.51
8197200,281.02
8200800,278.95
8204400,277.47
8208000,276.72
8211600,276.36
8215200,276.24
8218800,276.6
8222400,277.15
8226000,277.57
8229600,278.2
8233200,280.07
8236800,283.22
8240400,288.76
8244000,291.01
8247600,292.22
8251200,292.93
8254800,293.23
8258400,293.14
8262000,292.59
8265600,291.55
8269200,287.99
8272800,284.96
8276400,282.96
8280000,281.55
8283600,280.73
8287200,280.08
8290800,279.4
8294400,278.78
8298000,278.15
8301600,277.38
8305200,276.58
8308800,276.08
8312400,275.88
8316000,277.29
8319600,281.61
8323200,285.16
8326800,289.12
8330400,291.91
8334000,292.84
8337600,293.37
8341200,293.57
8344800,293.38
8348400,292.79
8352000,291.8
8355600,289.16
8359200,286.45
8362800,283.7
8366400,280.98
8370000,279.32
8373600,277.99
8377200,276.76
8380800,275.62
8384400,274.75
8388000,274.34
8391600,274.03
8395200,273.59
8398800,273.23
8402400,275.7
8406000,280.37
8409600,284.14
8413200,287.99
8416800,292.02
8420400,294.15
8424000,295.23
8427600,295.57
8431200,295.18
8434800,294.24
8438400,293.05
8442000,289.14
8445600,285.41
8449200,284.35
8452800,283.54
8456400,282.72
8460000,282.0
8463600,281.38
8467200,270.6
8470800,269.64
8474400,268.59
8478000,268.02
8481600,268.02
8485200,268.07
8488800,268.02
8492400,269.2
8496000,271.64
8499600,274.11
8503200,276.87
8506800,278.91
8510400,279.86
8514000,280.2
8517600,279.88
8521200,277.29
8524800,275.9
8528400,276.09
8532000,276.63
8535600,275.9
8539200,274.25
8542800,273.27
8546400,273.06
8550000,272.47
8553600,271.02
8557200,269.94
8560800,268.69
8564400,267.55
8568000,266.85
8571600,266.63
8575200,266.55
8578800,267.35
8582400,268.77
8586000,270.41
8589600,271.75
8593200,272.76
8596800,273.23
8600400,273.31
8604000,272.94
8607600,272.31
8611200,271.23
8614800,269.14
8618400,268.58
8622000,268.24
8625600,267.93
8629200,267.08
8632800,266.15
8636400,265.38
8640000,264.69
8643600,264.09
8647200,263.6
8650800,263.19
8654400,262.8
8658000,262.48
8661600,262.35
8665200,264.85
8668800,267.75
8672400,272.74
8676000,276.54
8679600,278.26
8683200,279.16
8686800,279.48
8690400,279.16
8694000,278.0
8697600,273.91
8701200,270.77
8704800,270.33
8708400,270.37
8712000,270.74
8715600,271.22
8719200,271.31
8722800,270.91
8726400,270.02
8730000,268.48
8733600,267.02
8737200,266.12
8740800,265.35
8744400,264.74
8748000,264.41
8751600,266.88
8755200,269.73
8758800,272.58
8762400,274.84
8766000,275.7
8769600,276.21
8773200,276.45
8776800,276.48
8780400,275.98
8784000,273.92
8787600,272.14
8791200,271.75
8794800,271.8
8798400,271.73
8802000,271.55
8805600,271.36
8809200,271.22
8812800,270.91
8816400,270.06
8820000,269.75
8823600,269.43
8827200,269.17
8830800,268.98
8834400,269.05
8838000,269.95
8841600,271.33
8845200,273.41
8848800,275.59
8852400,277.48
8856000,278.83
8859600,279.7
8863200,280.0
8866800,279.25
8870400,276.65
8874000,275.15
8877600,274.39
8881200,273.88
8884800,273.73
8888400,273.38
8892000,273.02
8895600,272.45
8899200,272.01
8902800,271.77
8906400,271.18
8910000,270.72
8913600,270.37
8917200,270.09
8920800,270.05
8924400,272.39
8928000,274.93
8931600,278.44
8935200,280.6
8938800,281.9
8942400,282.7
8946000,283.06
8949600,282.89
8953200,281.36
8956800,276.75
8960400,274.88
8964000,275.14
8967600,275.88
8971200,276.41
8974800,276.48
8978400,276.18
8982000,275.43
8985600,274.93
8989200,274.48
8992800,274.03
8996400,273.37
9000000,272.53
9003600,271.73
9007200,271.8
9010800,273.11
9014400,274.34
9018000,275.61
9021600,276.8
9025200,277.95
9028800,278.7
9032400,278.99
9036000,278.51
9039600,276.82
9043200,275.13
9046800,273.89
9050400,273.54
9054000,273.33
9057600,273.23
9061200,272.96
9064800,272.6
9068400,272.17
9072000,271.04
9075600,270.34
9079200,269.41
9082800,268.85
9086400,268.21
9090000,268.42
9093600,269.41
9097200,271.38
9100800,273.58
9104400,275.75
9108000,277.52
9111600,278.92
9115200,279.92
9118800,280.51
9122400,280.59
9126000,280.03
9129600,278.91
9133200,275.19
9136800,272.45
9140400,271.59
9144000,270.47
9147600,269.38
9151200,268.32
9154800,267.65
9158400,267.34
9162000,267.16
9165600,267.02
9169200,266.83
9172800,266.73
9176400,266.73
9180000,268.46
9183600,271.16
9187200,275.04
9190800,277.95
9194400,279.59
9198000,280.94
9201600,282.09
9205200,282.89
9208800,283.28
9212400,283.13
9216000,282.29
9219600,279.92
9223200,277.86
9226800,276.35
9230400,275.21
9234000,274.3
9237600,273.53
9241200,272.99
9244800,272.48
9248400,271.8
9252000,270.94
9255600,270.22
9259200,269.94
9262800,269.89
9266400,271.68
9270000,275.54
9273600,279.12
9277200,281.81
9280800,283.43
9284400,284.78
9288000,285.87
9291600,286.62
9295200,286.95
9298800,286.84
9302400,285.86
9306000,283.26
9309600,281.5
9313200,278.97
9316800,276.37
9320400,274.79
9324000,274.27
9327600,274.51
9331200,274.27
9334800,273.7
9338400,273.13
9342000,272.36
9345600,271.62
9349200,271.62
9352800,273.23
9356400,277.23
9360000,280.49
9363600,284.78
9367200,287.04
9370800,288.42
9374400,289.45
9378000,290.06
9381600,290.26
9385200,289.95
9388800,288.41
9392400,285.09
9396000,283.46
9399600,282.14
9403200,279.76
9406800,278.48
9410400,277.0
9414000,275.25
9417600,274.05
9421200,273.25
9424800,272.63
9428400,271.91
9432000,271.33
9435600,270.96
9439200,273.28
9442800,276.3
9446400,279.73
9450000,282.34
9453600,283.55
9457200,284.61
9460800,285.17
9464400,284.56
9468000,283.55
9471600,282.13
9475200,280.46
9478800,278.48
9482400,275.31
9486000,273.2
9489600,271.64
9493200,270.51
9496800,269.36
9500400,267.98
9504000,267.07
9507600,266.7
9511200,266.52
9514800,266.41
9518400,266.58
9522000,266.94
9525600,268.64
9529200,271.21
9532800,273.56
9536400,275.89
9540000,278.45
9543600,281.02
9547200,283.3
9550800,284.4
9554400,284.52
9558000,283.61
9561600,281.7
9565200,277.39
9568800,273.47
9572400,271.88
9576000,270.66
9579600,269.66
9583200,268.74
9586800,267.99
9590400,267.82
9594000,267.75
9597600,267.55
9601200,267.35
9604800,267.22
9608400,267.21
9612000,268.13
9615600,270.09
9619200,272.36
9622800,274.66
9626400,276.51
9630000,277.81
9633600,278.69
9637200,279.19
9640800,279.23
9644400,278.69
9648000,277.61
9651600,274.82
9655200,272.04
9658800,270.92
9662400,270.16
9666000,269.54
9669600,268.97
9673200,268.57
9676800,271.1
9680400,270.64
9684000,270.34
9687600,270.22
9691200,270.11
9694800,269.98
9698400,270.52
9702000,274.24
9705600,277.3
9709200,281.83
9712800,283.96
9716400,285.05
9720000,285.66
9723600,285.79
9727200,285.4
9730800,284.41
9734400,280.37
9738000,275.53
9741600,274.73
9745200,274.86
9748800,275.02
9752400,274.71
9756000,273.93
9759600,272.95
9763200,272.2
9766800,271.8
9770400,271.75
9774000,272.01
9777600,272.55
9781200,273.18
9784800,273.79
9788400,275.51
9792000,277.52
9795600,281.27
9799200,284.52
9802800,286.23
9806400,287.51
9810000,288.34
9813600,288.58
9817200,287.91
9820800,283.39
9824400,279.3
9828000,277.22
9831600,275.7
9835200,274.52
9838800,273.66
9842400,272.95
9846000,272.43
9849600,272.05
9853200,271.7
9856800,271.41
9860400,271.23
9864000,271.07
9867600,271.38
9871200,272.34
9874800,275.59
9878400,278.7
9882000,283.53
9885600,287.48
9889200,288.97
9892800,289.71
9896400,289.65
9900000,288.78
9903600,287.27
9907200,283.81
9910800,278.02
9914400,276.16
9918000,275.19
9921600,274.48
9925200,273.98
9928800,273.62
9932400,273.06
9936000,272.68
9939600,272.6
9943200,272.31
9946800,272.04
9950400,271.81
9954000,271.66
9957600,272.48
9961200,277.08
9964800,280.63
9968400,285.61
9972000,288.28
9975600,289.42
9979200,290.01
9982800,289.97
9986400,289.55
9990000,288.69
9993600,285.39
9997200,280.06
10000800,278.25
10004400,277.11
10008000,276.16
10011600,275.43
10015200,274.83
10018800,274.06
10022400,273.32
10026000,272.73
10029600,272.49
10033200,272.38
10036800,272.3
10040400,272.19
10044000,272.9
10047600,277.31
10051200,280.45
10054800,284.78
10058400,288.45
10062000,289.88
10065600,289.47
10069200,288.26
10072800,287.37
10076400,286.53
10080000,285.0
10083600,280.18
10087200,278.12
10090800,276.79
10094400,275.55
10098000,274.73
10101600,274.69
10105200,275.13
10108800,275.66
10112400,275.7
10116000,274.92
10119600,273.66
10123200,272.26
10126800,272.18
10130400,273.06
10134000,277.01
10137600,280.95
10141200,285.78
10144800,288.09
10148400,288.88
10152000,289.29
10155600,289.71
10159200,289.79
10162800,289.13
10166400,286.48
10170000,280.53
10173600,278.79
10177200,278.52
10180800,278.25
10184400,277.98
10188000,277.45
10191600,276.6
10195200,275.93
10198800,275.38
10202400,274.85
10206000,274.29
10209600,273.91
10213200,273.77
10216800,274.52
10220400,278.48
10224000,281.82
10227600,287.3
10231200,291.68
10234800,293.66
10238400,294.65
10242000,295.02
10245600,294.8
10249200,293.98
10252800,290.64
10256400,284.7
10260000,282.23
10263600,280.75
10267200,279.53
10270800,278.77
10274400,278.45
10278000,278.23
10281600,263.45
10285200,263.2
10288800,262.93
10292400,262.66
10296000,262.4
10299600,262.16
10303200,262.01
10306800,263.32
10310400,267.06
10314000,270.41
10317600,273.34
10321200,274.95
10324800,275.88
10328400,276.21
10332000,275.93
10335600,274.77
10339200,271.44
10342800,269.69
10346400,269.02
10350000,267.94
10353600,266.84
10357200,266.19
10360800,265.66
10364400,265.24
10368000,265.08
10371600,265.09
10375200,265.15
10378800,264.93
10382400,264.65
10386000,264.45
10389600,264.37
10393200,264.87
10396800,266.55
10400400,269.03
10404000,272.21
10407600,274.91
10411200,276.19
10414800,276.83
10418400,276.87
10422000,275.74
10425600,272.94
10429200,272.05
10432800,272.09
10436400,272.04
10440000,271.61
10443600,270.87
10447200,270.22
10450800,269.38
10454400,268.03
10458000,267.38
10461600,267.13
10465200,266.06
10468800,265.19
10472400,264.82
10476000,264.59
10479600,265.92
10483200,270.04
10486800,273.34
10490400,276.36
10494000,277.95
10497600,278.84
10501200,279.13
10504800,278.68
10508400,276.48
10512000,273.31
10515600,272.0
10519200,271.5
10522800,271.05
10526400,270.98
10530000,271.57
10533600,271.59
10537200,270.78
10540800,269.74
10544400,268.75
10548000,268.04
10551600,267.38
10555200,266.9
10558800,266.79
10562400,266.62
10566000,267.23
10569600,269.03
10573200,272.17
10576800,274.53
10580400,276.09
10584000,277.16
10587600,278.02
10591200,278.16
10594800,276.98
10598400,273.13
10602000,271.48
10605600,271.23
10609200,271.02
10612800,270.8
10616400,270.64
10620000,270.13
10623600,269.4
10627200,268.55
10630800,267.63
10634400,266.85
10638000,266.19
10641600,265.61
10645200,265.1
10648800,264.62
10652400,266.1
10656000,268.57
10659600,271.88
10663200,274.8
10666800,276.44
10670400,277.24
10674000,277.63
10677600,277.48
10681200,276.42
10684800,272.6
10688400,270.64
10692000,270.13
10695600,269.48
10699200,269.02
10702800,268.72
10706400,268.44
10710000,267.96
10713600,267.0
10717200,266.09
10720800,265.27
10724400,264.55
10728000,263.98
10731600,264.12
10735200,264.79
10738800,266.02
10742400,268.08
10746000,270.7
10749600,273.71
10753200,275.33
10756800,275.94
10760400,275.97
10764000,275.66
10767600,274.3
10771200,273.02
10774800,272.34
10778400,272.03
10782000,271.63
10785600,271.1
10789200,270.68
10792800,270.59
10796400,270.43
10800000,269.84
10803600,268.41
10807200,267.24
10810800,266.43
10814400,265.93
10818000,265.73
10821600,265.38
10825200,266.72
10828800,269.18
10832400,272.01
10836000,273.84
10839600,274.9
10843200,275.71
10846800,276.32
10850400,276.49
10854000,275.78
10857600,273.02
10861200,272.08
10864800,272.13
10868400,271.88
10872000,271.05
10875600,269.52
10879200,268.24
10882800,267.4
10886400,279.79
10890000,278.96
10893600,278.25
10897200,276.45
10900800,274.48
10904400,273.72
10908000,274.68
10911600,275.3
10915200,275.69
10918800,276.7
10922400,278.66
10926000,281.3
10929600,282.58
10933200,283.08
10936800,283.7
10940400,284.04
10944000,284.02
10947600,283.66
10951200,280.11
10954800,277.91
10958400,276.98
10962000,276.29
10965600,276.05
10969200,275.72
10972800,275.35
10976400,274.99
10980000,274.63
10983600,274.33
10987200,273.67
10990800,274.19
10994400,276.85
10998000,280.31
11001600,285.49
11005200,288.43
11008800,289.79
11012400,290.67
11016000,291.45
11019600,292.49
11023200,293.11
11026800,293.03
11030400,292.45
11034000,291.06
11037600,287.22
11041200,284.61
11044800,283.19
11048400,281.79
11052000,280.63
11055600,279.68
11059200,278.96
11062800,278.68
11066400,278.9
11070000,279.26
11073600,279.39
11077200,279.93
11080800,284.05
11084400,288.45
11088000,293.01
11091600,294.95
11095200,296.16
11098800,297.03
11102400,297.66
11106000,297.91
11109600,297.77
11113200,297.24
11116800,296.46
11120400,294.91
11124000,289.76
11127600,287.39
11131200,286.51
11134800,285.91
11138400,285.34
11142000,284.33
11145600,282.38
11149200,281.08
11152800,279.88
11156400,278.73
11160000,278.7
11163600,279.75
11167200,281.29
11170800,282.83
11174400,285.51
11178000,288.79
11181600,291.22
11185200,292.47
11188800,292.97
11192400,293.3
11196000,294.8
11199600,296.28
11203200,296.77
11206800,294.76
11210400,289.77
11214000,287.59
11217600,286.55
11221200,285.82
11224800,285.07
11228400,284.31
11232000,283.66
11235600,283.05
11239200,282.55
11242800,282.02
11246400,281.6
11250000,282.61
11253600,286.94
11257200,290.39
11260800,295.26
11264400,298.88
11268000,300.86
11271600,302.02
11275200,302.8
11278800,303.19
11282400,303.16
11286000,302.63
11289600,301.76
11293200,300.12
11296800,295.59
11300400,293.73
11304000,292.86
11307600,292.34
11311200,291.04
11314800,289.1
11318400,287.57
11322000,286.7
11325600,286.4
11329200,286.41
11332800,286.28
11336400,287.27
11340000,289.84
11343600,292.25
11347200,295.45
11350800,298.62
11354400,300.54
11358000,301.89
11361600,302.74
11365200,303.0
11368800,302.86
11372400,302.3
11376000,301.48
11379600,300.24
11383200,298.06
11386800,296.88
11390400,295.77
11394000,294.3
11397600,293.03
11401200,291.93
11404800,291.16
11408400,290.27
11412000,288.85
11415600,288.1
11419200,287.6
11422800,288.23
11426400,288.82
11430000,289.69
11433600,290.78
11437200,292.01
11440800,292.88
11444400,293.38
11448000,292.66
11451600,292.08
11455200,291.38
11458800,290.46
11462400,289.59
11466000,288.76
11469600,287.63
11473200,286.59
11476800,286.08
11480400,285.34
11484000,284.34
11487600,282.86
11491200,266.7
11494800,266.22
11498400,265.88
11502000,265.52
11505600,265.04
11509200,264.21
11512800,263.38
11516400,264.2
11520000,265.5
11523600,267.95
11527200,270.82
11530800,273.09
11534400,274.86
11538000,276.03
11541600,276.59
11545200,276.21
11548800,273.53
11552400,271.4
11556000,270.94
11559600,270.75
11563200,270.55
11566800,270.2
11570400,269.35
11574000,268.59
11577600,267.88
11581200,267.31
11584800,266.84
11588400,266.3
11592000,266.63
11595600,266.91
11599200,266.85
11602800,267.71
11606400,269.75
11610000,272.13
11613600,274.68
11617200,276.96
11620800,278.07
11624400,278.52
11628000,278.28
11631600,277.07
11635200,274.53
11638800,273.27
11642400,273.19
11646000,273.54
11649600,273.05
11653200,272.17
11656800,271.27
11660400,270.53
11664000,269.91
11667600,269.46
11671200,268.91
11674800,268.32
11678400,267.94
11682000,267.83
11685600,267.61
11689200,267.73
11692800,268.63
11696400,270.03
11700000,271.28
11703600,272.41
11707200,273.13
11710800,273.14
11714400,272.56
11718000,271.37
11721600,269.75
11725200,268.24
11728800,267.34
11732400,266.24
11736000,265.22
11739600,264.45
11743200,263.83
11746800,263.23
11750400,262.68
11754000,262.18
11757600,261.56
11761200,260.97
11764800,260.53
11768400,260.23
11772000,260.01
11775600,262.02
11779200,265.02
11782800,267.89
11786400,269.63
11790000,270.83
11793600,271.66
11797200,272.16
11800800,272.25
11804400,271.94
11808000,271.1
11811600,270.17
11815200,269.52
11818800,268.83
11822400,268.27
11826000,267.94
11829600,267.59
11833200,267.43
11836800,267.41
11840400,267.25
11844000,266.98
11847600,266.7
11851200,266.51
11854800,266.31
11858400,266.14
11862000,266.65
11865600,267.91
11869200,269.23
11872800,270.3
11876400,271.25
11880000,272.02
11883600,272.44
11887200,272.47
11890800,272.19
11894400,271.45
11898000,270.48
11901600,270.1
11905200,269.55
11908800,269.0
11912400,268.45
11916000,267.82
11919600,267.1
11923200,266.17
11926800,265.3
11930400,264.64
11934000,264.29
11937600,264.32
11941200,264.51
11944800,264.65
11948400,265.6
11952000,268.06
11955600,271.77
11959200,274.15
11962800,275.61
11966400,276.55
11970000,277.17
11973600,277.21
11977200,276.42
11980800,273.13
11984400,270.63
11988000,270.19
11991600,269.89
11995200,269.84
11998800,270.06
12002400,269.82
12006000,269.18
12009600,268.59
12013200,268.21
12016800,267.99
12020400,267.71
12024000,267.27
12027600,266.98
12031200,266.77
12034800,267.47
12038400,269.99
12042000,273.63
12045600,276.0
12049200,277.41
12052800,278.42
12056400,278.89
12060000,278.68
12063600,277.57
12067200,273.5
12070800,271.51
12074400,271.56
12078000,271.58
12081600,271.7
12085200,271.94
12088800,271.88
12092400,271.39
12096000,271.33
12099600,270.38
12103200,269.69
12106800,268.84
12110400,268.52
12114000,268.84
12117600,272.78
12121200,276.45
12124800,278.8
12128400,280.56
12132000,282.07
12135600,283.39
12139200,284.45
12142800,285.1
12146400,285.34
12150000,285.1
12153600,284.35
12157200,281.99
12160800,279.52
12164400,278.11
12168000,276.29
12171600,274.43
12175200,273.02
12178800,272.26
12182400,271.69
12186000,270.85
12189600,270.09
12193200,269.73
12196800,269.73
12200400,270.3
12204000,272.95
12207600,275.43
12211200,279.23
12214800,283.84
12218400,286.51
12222000,288.38
12225600,289.74
12229200,290.49
12232800,290.57
12236400,290.21
12240000,289.63
12243600,286.27
12247200,281.72
12250800,280.28
12254400,279.12
12258000,277.94
12261600,276.89
12265200,276.06
12268800,275.4
12272400,274.88
12276000,274.41
12279600,274.0
12283200,273.82
12286800,273.94
12290400,277.51
12294000,281.39
12297600,285.85
12301200,289.12
12304800,289.72
12308400,290.08
12312000,290.94
12315600,291.33
12319200,291.25
12322800,290.8
12326400,289.91
12330000,288.12
12333600,284.84
12337200,282.52
12340800,281.52
12344400,280.41
12348000,279.31
12351600,278.62
12355200,278.28
12358800,279.21
12362400,278.45
12366000,278.62
12369600,279.47
12373200,279.9
12376800,281.45
12380400,282.23
12384000,282.34
12387600,284.85
12391200,287.02
12394800,287.1
12398400,287.06
12402000,287.05
12405600,286.56
12409200,285.74
12412800,284.23
12416400,282.3
12420000,278.8
12423600,276.34
12427200,274.91
12430800,273.32
12434400,271.57
12438000,270.46
12441600,270.36
12445200,270.62
12448800,271.02
12452400,271.31
12456000,271.34
12459600,271.1
12463200,272.53
12466800,275.59
12470400,279.57
12474000,282.5
12477600,284.77
12481200,286.61
12484800,287.93
12488400,288.64
12492000,288.72
12495600,288.3
12499200,287.34
12502800,284.04
12506400,279.98
12510000,278.26
12513600,277.15
12517200,276.98
12520800,277.24
12524400,276.76
12528000,276.09
12531600,275.6
12535200,274.91
12538800,274.88
12542400,275.18
12546000,274.49
12549600,275.4
12553200,278.14
12556800,281.75
12560400,286.37
12564000,290.19
12567600,292.62
12571200,294.39
12574800,295.56
12578400,294.94
12582000,293.7
12585600,293.35
12589200,290.2
12592800,285.78
12596400,284.37
12600000,283.87
12603600,283.41
12607200,282.25
12610800,280.55
12614400,279.78
12618000,279.98
12621600,280.18
12625200,280.04
12628800,279.11
12632400,278.4
12636000,279.41
12639600,282.46
12643200,286.48
12646800,289.04
12650400,290.2
12654000,290.71
12657600,290.81
12661200,290.29
12664800,289.55
12668400,288.63
12672000,287.66
12675600,286.16
12679200,282.4
12682800,280.48
12686400,279.81
12690000,278.83
12693600,276.95
12697200,275.32
12700800,279.79
12704400,278.96
12708000,278.25
12711600,276.45
12715200,274.48
12718800,273.72
12722400,274.68
12726000,275.3
12729600,275.69
12733200,276.7
12736800,278.66
12740400,281.3
12744000,282.58
12747600,283.08
12751200,283.7
12754800,284.04
12758400,284.02
12762000,283.66
12765600,280.11
12769200,277.91
12772800,276.98
12776400,276.29
12780000,276.05
12783600,275.72
12787200,275.35
12790800,274.99
12794400,274.63
12798000,274.33
12801600,273.67
12805200,274.19
12808800,276.85
12812400,280.31
12816000,285.49
12819600,288.43
12823200,289.79
12826800,290.67
12830400,291.45
12834000,292.49
12837600,293.11
12841200,293.03
12844800,292.45
12848400,291.06
12852000,287.22
12855600,284.61
12859200,283.19
12862800,281.79
12866400,280.63
12870000,279.68
12873600,278.96
12877200,278.68
12880800,278.9
12884400,279.26
12888000,279.39
12891600,279.93
12895200,284.05
12898800,288.45
12902400,293.01
12906000,294.95
12909600,296.16
12913200,297.03
12916800,297.66
12920400,297.91
12924000,297.77
12927600,297.24
12931200,296.46
12934800,294.91
12938400,289.76
12942000,287.39
12945600,286.51
12949200,285.91
12952800,285.34
12956400,284.33
12960000,282.38
12963600,281.08
12967200,279.88
12970800,278.73
12974400,278.7
12978000,279.75
12981600,281.29
12985200,282.83
12988800,285.51
12992400,288.79
12996000,291.22
12999600,292.47
13003200,292.97
13006800,293.3
13010400,294.8
13014000,296.28
13017600,296.77
13021200,294.76
13024800,289.77
13028400,287.59
13032000,286.55
13035600,285.82
13039200,285.07
13042800,284.31
13046400,283.66
13050000,283.05
13053600,282.55
13057200,282.02
13060800,281.6
13064400,282.61
13068000,286.94
13071600,290.39
13075200,295.26
13078800,298.88
13082400,300.86
13086000,302.02
13089600,302.8
13093200,303.19
13096800,303.16
13100400,302.63
13104000,301.76
13107600,300.12
13111200,295.59
13114800,293.73
13118400,292.86
13122000,292.34
13125600,291.04
13129200,289.1
13132800,287.57
13136400,286.7
13140000,286.4
13143600,286.41
13147200,286.28
13150800,287.27
13154400,289.84
13158000,292.25
13161600,295.45
13165200,298.62
13168800,300.54
13172400,301.89
13176000,302.74
13179600,303.0
13183200,302.86
13186800,302.3
13190400,301.48
13194000,300.24
13197600,298.06
13201200,296.88
13204800,295.77
13208400,294.3
13212000,293.03
13215600,291.93
13219200,291.16
13222800,290.27
13226400,288.85
13230000,288.1
13233600,287.6
13237200,288.23
13240800,288.82
13244400,289.69
13248000,290.78
13251600,292.01
13255200,292.88
13258800,293.38
13262400,292.66
13266000,292.08
13269600,291.38
13273200,290.46
13276800,289.59
13280400,288.76
13284000,287.63
13287600,286.59
13291200,286.08
13294800,285.34
13298400,284.34
13302000,282.86
13305600,291.71
13309200,291.23
13312800,290.79
13316400,290.59
13320000,290.53
13323600,290.91
13327200,291.69
13330800,293.73
13334400,295.52
13338000,296.66
13341600,297.56
13345200,297.59
13348800,297.37
13352400,298.37
13356000,299.94
13359600,300.4
13363200,299.84
13366800,298.59
13370400,296.05
13374000,293.23
13377600,292.25
13381200,291.43
13384800,290.84
13388400,290.51
13392000,290.24
13395600,289.95
13399200,289.52
13402800,289.12
13406400,288.87
13410000,290.81
13413600,293.56
13417200,296.6
13420800,299.2
13424400,301.15
13428000,302.58
13431600,304.23
13435200,305.5
13438800,306.2
13442400,306.44
13446000,306.34
13449600,305.84
13453200,304.8
13456800,301.48
13460400,298.04
13464000,296.73
13467600,295.65
13471200,294.57
13474800,293.54
13478400,292.67
13482000,291.98
13485600,291.73
13489200,292.01
13492800,291.54
13496400,292.98
13500000,294.65
13503600,296.96
13507200,301.05
13510800,304.82
13514400,306.85
13518000,308.47
13521600,309.5
13525200,309.98
13528800,308.29
13532400,307.2
13536000,307.4
13539600,305.86
13543200,301.95
13546800,299.86
13550400,298.68
13554000,297.63
13557600,297.19
13561200,296.49
13564800,295.48
13568400,294.3
13572000,293.55
13575600,292.97
13579200,292.71
13582800,294.45
13586400,297.6
13590000,301.33
13593600,304.45
13597200,306.36
13600800,308.15
13604400,309.62
13608000,310.43
13611600,310.77
13615200,310.74
13618800,310.16
13622400,309.21
13626000,307.74
13629600,304.27
13633200,301.2
13636800,299.87
13640400,298.48
13644000,297.14
13647600,296.08
13651200,295.06
13654800,294.19
13658400,293.53
13662000,293.09
13665600,292.65
13669200,293.83
13672800,295.49
13676400,298.64
13680000,302.23
13683600,305.55
13687200,307.92
13690800,309.86
13694400,311.06
13698000,310.41
13701600,308.33
13705200,308.31
13708800,307.54
13712400,305.2
13716000,301.28
13719600,298.81
13723200,297.3
13726800,296.23
13730400,295.58
13734000,295.1
13737600,294.7
13741200,294.67
13744800,295.01
13748400,295.13
13752000,294.39
13755600,294.55
13759200,295.44
13762800,297.16
13766400,298.8
13770000,299.79
13773600,300.41
13777200,300.88
13780800,301.16
13784400,301.42
13788000,301.95
13791600,302.03
13795200,301.95
13798800,301.14
13802400,299.28
13806000,298.14
13809600,297.8
13813200,297.01
13816800,296.2
13820400,295.71
13824000,295.13
13827600,294.4
13831200,293.87
13834800,293.84
13838400,294.36
13842000,294.59
13845600,295.5
13849200,297.16
13852800,299.34
13856400,302.0
13860000,304.05
13863600,305.09
13867200,305.63
13870800,305.98
13874400,306.07
13878000,305.8
13881600,305.23
13885200,303.74
13888800,300.7
13892400,298.35
13896000,297.3
13899600,296.2
13903200,295.07
13906800,294.2
13910400,281.52
13914000,280.75
13917600,280.12
13921200,279.57
13924800,279.4
13928400,280.08
13932000,281.57
13935600,283.35
13939200,284.99
13942800,286.59
13946400,288.05
13950000,289.35
13953600,290.27
13957200,290.88
13960800,290.3
13964400,289.39
13968000,288.4
13971600,287.41
13975200,285.98
13978800,284.82
13982400,284.13
13986000,283.63
13989600,283.19
13993200,282.6
13996800,282.05
14000400,281.49
14004000,281.04
14007600,280.67
14011200,280.34
14014800,280.29
14018400,281.12
14022000,282.63
14025600,284.28
14029200,286.41
14032800,288.79
14036400,290.6
14040000,291.88
14043600,292.78
14047200,293.23
14050800,293.02
14054400,292.44
14058000,291.3
14061600,287.36
14065200,284.18
14068800,282.96
14072400,281.98
14076000,281.1
14079600,280.13
14083200,279.15
14086800,278.3
14090400,277.55
14094000,276.92
14097600,276.42
14101200,278.03
14104800,281.47
14108400,285.06
14112000,289.21
14115600,290.89
14119200,292.17
14122800,293.27
14126400,293.8
14130000,294.07
14133600,294.09
14137200,293.84
14140800,293.31
14144400,292.08
14148000,288.86
14151600,287.34
14155200,286.72
14158800,286.61
14162400,286.44
14166000,285.7
14169600,284.99
14173200,284.18
14176800,283.26
14180400,282.3
14184000,281.63
14187600,281.74
14191200,283.38
14194800,287.11
14198400,289.71
14202000,291.87
14205600,293.63
14209200,293.88
14212800,293.61
14216400,293.48
14220000,293.19
14223600,292.26
14227200,290.99
14230800,289.84
14234400,288.12
14238000,286.95
14241600,286.35
14245200,285.91
14248800,285.41
14252400,284.85
14256000,284.16
14259600,283.59
14263200,283.09
14266800,282.43
14270400,282.45
14274000,282.78
14277600,284.01
14281200,285.11
14284800,287.45
14288400,288.77
14292000,288.76
14295600,288.48
14299200,288.42
14302800,288.42
14306400,288.49
14310000,288.44
14313600,288.14
14317200,287.58
14320800,285.98
14324400,284.35
14328000,283.87
14331600,283.28
14335200,282.7
14338800,282.32
14342400,282.04
14346000,281.85
14349600,281.77
14353200,281.95
14356800,281.85
14360400,282.27
14364000,284.0
14367600,285.99
14371200,287.34
14374800,289.01
14378400,290.79
14382000,292.51
14385600,293.73
14389200,294.2
14392800,294.09
14396400,293.73
14400000,293.33
14403600,292.54
14407200,289.66
14410800,287.86
14414400,286.63
14418000,285.16
14421600,284.07
14425200,283.13
14428800,282.17
14432400,281.45
14436000,281.06
14439600,280.46
14443200,279.87
14446800,281.47
14450400,284.48
14454000,288.77
14457600,291.94
14461200,293.26
14464800,293.91
14468400,294.68
14472000,295.58
14475600,296.12
14479200,296.34
14482800,296.44
14486400,296.17
14490000,295.27
14493600,291.57
14497200,288.97
14500800,288.42
14504400,287.25
14508000,286.46
14511600,286.21
14515200,285.66
14518800,284.97
14522400,283.74
14526000,282.73
14529600,282.13
14533200,282.93
14536800,284.73
14540400,287.22
14544000,289.89
14547600,292.13
14551200,293.66
14554800,294.69
14558400,295.38
14562000,295.69
14565600,295.52
14569200,294.96
14572800,294.14
14576400,292.99
14580000,289.25
14583600,287.27
14587200,286.25
14590800,284.69
14594400,283.64
14598000,282.91
14601600,281.96
14605200,281.28
14608800,281.16
14612400,281.44
14616000,282.01
14619600,283.21
14623200,285.08
14626800,288.02
14630400,291.67
14634000,295.66
14637600,299.46
14641200,300.91
14644800,300.46
14648400,300.64
14652000,300.34
14655600,299.59
14659200,299.23
14662800,297.92
14666400,293.65
14670000,291.52
14673600,290.67
14677200,290.39
14680800,290.18
14684400,289.55
14688000,288.71
14691600,288.15
14695200,287.64
14698800,287.15
14702400,286.35
14706000,287.73
14709600,291.06
14713200,295.72
14716800,300.02
14720400,302.24
14724000,303.46
14727600,304.2
14731200,304.56
14734800,304.55
14738400,304.23
14742000,303.73
14745600,302.8
14749200,301.2
14752800,296.84
14756400,293.16
14760000,291.72
14763600,290.7
14767200,289.93
14770800,289.3
14774400,288.84
14778000,288.48
14781600,287.9
14785200,287.34
14788800,286.84
14792400,288.92
14796000,293.32
14799600,297.13
14803200,301.62
14806800,303.36
14810400,304.66
14814000,305.66
14817600,306.32
14821200,306.56
14824800,306.38
14828400,305.82
14832000,304.93
14835600,303.4
14839200,298.34
14842800,295.63
14846400,295.02
14850000,293.73
14853600,292.56
14857200,292.59
14860800,293.06
14864400,292.63
14868000,291.84
14871600,291.11
14875200,290.23
14878800,291.07
14882400,293.27
14886000,295.96
14889600,298.23
14893200,299.95
14896800,300.94
14900400,301.19
14904000,300.73
14907600,299.79
14911200,298.75
14914800,297.92
14918400,297.41
14922000,296.71
14925600,294.48
14929200,292.41
14932800,291.5
14936400,290.44
14940000,289.42
14943600,287.9
14947200,285.83
14950800,284.51
14954400,283.41
14958000,282.34
14961600,281.64
14965200,282.79
14968800,285.63
14972400,289.15
14976000,292.22
14979600,294.52
14983200,296.18
14986800,297.57
14990400,298.79
14994000,299.58
14997600,299.84
15001200,299.51
15004800,298.63
15008400,297.16
15012000,293.95
15015600,290.91
15019200,290.05
15022800,288.87
15026400,287.57
15030000,286.92
15033600,287.24
15037200,287.84
15040800,287.88
15044400,287.45
15048000,286.58
15051600,286.5
15055200,288.84
15058800,292.48
15062400,294.51
15066000,295.13
15069600,296.38
15073200,298.86
15076800,301.12
15080400,303.01
15084000,303.08
15087600,301.93
15091200,300.66
15094800,299.51
15098400,297.43
15102000,294.55
15105600,293.02
15109200,291.52
15112800,289.92
15116400,288.45
15120000,291.81
15123600,291.11
15127200,290.52
15130800,289.98
15134400,289.77
15138000,291.8
15141600,294.69
15145200,297.14
15148800,299.13
15152400,300.95
15156000,302.34
15159600,303.22
15163200,303.7
15166800,303.86
15170400,303.59
15174000,302.84
15177600,301.77
15181200,300.63
15184800,299.22
15188400,296.6
15192000,295.37
15195600,294.72
15199200,293.95
15202800,293.05
15206400,292.25
15210000,291.55
15213600,290.94
15217200,290.41
15220800,290.23
15224400,293.09
15228000,296.48
15231600,299.69
15235200,301.77
15238800,303.35
15242400,304.4
15246000,305.75
15249600,306.54
15253200,306.76
15256800,306.54
15260400,305.9
15264000,304.98
15267600,303.85
15271200,301.76
15274800,298.34
15278400,297.21
15282000,296.19
15285600,295.36
15289200,295.18
15292800,295.25
15296400,295.13
15300000,294.41
15303600,293.79
15307200,293.54
15310800,294.44
15314400,296.65
15318000,300.13
15321600,304.32
15325200,307.1
15328800,308.85
15332400,310.0
15336000,310.83
15339600,311.23
15343200,311.35
15346800,310.86
15350400,310.03
15354000,308.91
15357600,306.13
15361200,302.98
15364800,301.7
15368400,300.67
15372000,299.55
15375600,298.59
15379200,297.81
15382800,297.32
15386400,296.8
15390000,295.69
15393600,295.06
15397200,297.05
15400800,299.22
15404400,303.52
15408000,307.61
15411600,309.58
15415200,311.16
15418800,312.02
15422400,311.76
15426000,311.25
15429600,311.38
15433200,311.55
15436800,310.39
15440400,309.04
15444000,306.91
15447600,304.99
15451200,303.48
15454800,302.32
15458400,301.22
15462000,300.25
15465600,299.38
15469200,298.84
15472800,298.48
15476400,297.96
15480000,297.68
15483600,298.66
15487200,300.41
15490800,302.81
15494400,305.39
15498000,307.34
15501600,309.06
15505200,310.65
15508800,311.16
15512400,310.59
15516000,310.21
15519600,309.77
15523200,308.09
15526800,306.02
15530400,303.84
15534000,301.85
15537600,299.79
15541200,297.89
15544800,297.0
15548400,296.73
15552000,296.34
15555600,295.91
15559200,295.55
15562800,295.16
15566400,294.84
15570000,295.27
15573600,296.63
15577200,297.91
15580800,299.05
15584400,300.27
15588000,301.45
15591600,301.84
15595200,302.29
15598800,302.45
15602400,302.11
15606000,301.84
15609600,301.19
15613200,299.86
15616800,297.55
15620400,294.93
15624000,293.87
15627600,292.81
15631200,291.89
15634800,291.31
15638400,290.78
15642000,290.25
15645600,289.84
15649200,289.33
15652800,288.91
15656400,289.88
15660000,292.48
15663600,296.48
15667200,299.99
15670800,302.19
15674400,303.41
15678000,303.77
15681600,304.04
15685200,304.41
15688800,304.33
15692400,303.56
15696000,302.18
15699600,300.8
15703200,299.23
15706800,297.13
15710400,296.02
15714000,294.91
15717600,293.99
15721200,293.27
15724800,290.17
15728400,289.54
15732000,289.12
15735600,288.92
15739200,289.08
15742800,292.61
15746400,296.4
15750000,300.24
15753600,301.84
15757200,302.89
15760800,303.59
15764400,304.29
15768000,304.95
15771600,305.35
15775200,305.23
15778800,304.52
15782400,303.46
15786000,302.18
15789600,300.15
15793200,296.13
15796800,294.32
15800400,292.84
15804000,291.51
15807600,290.41
15811200,289.48
15814800,288.7
15818400,288.06
15822000,287.46
15825600,287.19
15829200,289.61
15832800,292.52
15836400,297.63
15840000,301.13
15843600,303.31
15847200,304.91
15850800,306.09
15854400,306.61
15858000,306.02
15861600,305.2
15865200,304.7
15868800,304.1
15872400,303.13
15876000,300.79
15879600,296.9
15883200,295.49
15886800,294.5
15890400,293.47
15894000,292.7
15897600,291.44
15901200,290.26
15904800,289.23
15908400,288.3
15912000,287.81
15915600,289.83
15919200,292.98
15922800,296.8
15926400,298.97
15930000,300.63
15933600,301.91
15937200,302.88
15940800,303.55
15944400,303.82
15948000,303.73
15951600,303.23
15955200,302.34
15958800,301.02
15962400,299.2
15966000,295.72
15969600,294.27
15973200,293.14
15976800,291.92
15980400,290.85
15984000,290.03
15987600,289.78
15991200,289.45
15994800,288.57
15998400,288.14
16002000,290.8
16005600,294.33
16009200,298.05
16012800,300.27
16016400,301.84
16020000,303.05
16023600,303.94
16027200,304.55
16030800,304.84
16034400,304.77
16038000,304.28
16041600,303.38
16045200,302.26
16048800,300.5
16052400,297.14
16056000,296.12
16059600,295.59
16063200,294.54
16066800,292.23
16070400,290.52
16074000,289.23
16077600,288.23
16081200,287.5
16084800,287.09
16088400,289.41
16092000,292.3
16095600,296.6
16099200,298.77
16102800,300.33
16106400,301.73
16110000,302.88
16113600,303.8
16117200,304.32
16120800,304.41
16124400,304.13
16128000,303.5
16131600,302.55
16135200,300.09
16138800,297.45
16142400,296.71
16146000,296.05
16149600,295.25
16153200,294.26
16156800,293.14
16160400,292.26
16164000,291.75
16167600,291.23
16171200,290.76
16174800,291.15
16178400,293.15
16182000,296.77
16185600,301.24
16189200,304.72
16192800,306.46
16196400,307.8
16200000,308.76
16203600,309.24
16207200,309.38
16210800,309.09
16214400,308.36
16218000,307.22
16221600,303.56
16225200,299.46
16228800,298.02
16232400,297.02
16236000,296.09
16239600,295.05
16243200,293.86
16246800,292.44
16250400,291.24
16254000,290.41
16257600,290.35
16261200,293.56
16264800,296.96
16268400,300.86
16272000,303.57
16275600,305.49
16279200,306.84
16282800,307.76
16286400,308.36
16290000,308.77
16293600,308.89
16297200,308.55
16300800,307.84
16304400,306.68
16308000,304.58
16311600,301.1
16315200,299.78
16318800,298.44
16322400,297.18
16326000,296.12
16329600,286.23
16333200,285.58
16336800,285.07
16340400,285.07
16344000,285.09
16347600,286.4
16351200,289.6
16354800,294.38
16358400,297.7
16362000,299.32
16365600,300.48
16369200,301.41
16372800,302.07
16376400,302.47
16380000,302.44
16383600,301.88
16387200,300.72
16390800,299.52
16394400,297.12
16398000,295.3
16401600,294.88
16405200,294.49
16408800,294.07
16412400,292.63
16416000,291.08
16419600,289.8
16423200,289.06
16426800,288.54
16430400,287.92
16434000,288.74
16437600,290.38
16441200,292.76
16444800,295.3
16448400,297.44
16452000,299.38
16455600,300.61
16459200,301.73
16462800,302.63
16466400,302.77
16470000,302.39
16473600,301.51
16477200,300.38
16480800,298.8
16484400,296.02
16488000,294.95
16491600,294.11
16495200,293.18
16498800,292.41
16502400,291.32
16506000,290.62
16509600,289.85
16513200,289.62
16516800,289.54
16520400,290.73
16524000,292.35
16527600,294.51
16531200,297.31
16534800,299.21
16538400,300.38
16542000,301.0
16545600,301.32
16549200,301.69
16552800,301.8
16556400,301.73
16560000,301.37
16563600,300.18
16567200,297.98
16570800,296.28
16574400,294.22
16578000,292.98
16581600,292.18
16585200,291.91
16588800,291.77
16592400,291.11
16596000,290.34
16599600,289.7
16603200,289.44
16606800,290.38
16610400,291.7
16614000,293.51
16617600,295.41
16621200,297.32
16624800,298.85
16628400,299.89
16632000,300.05
16635600,299.6
16639200,299.18
16642800,298.0
16646400,296.33
16650000,294.28
16653600,292.34
16657200,290.88
16660800,290.05
16664400,289.52
16668000,289.19
16671600,288.86
16675200,288.41
16678800,287.85
16682400,286.95
16686000,286.34
16689600,286.07
16693200,287.4
16696800,289.54
16700400,292.04
16704000,294.29
16707600,296.28
16711200,297.74
16714800,298.7
16718400,299.42
16722000,299.82
16725600,299.83
16729200,299.46
16732800,298.77
16736400,297.67
16740000,294.73
16743600,292.34
16747200,291.73
16750800,291.3
16754400,291.41
16758000,291.07
16761600,290.38
16765200,289.88
16768800,289.27
16772400,288.8
16776000,287.74
16779600,287.59
16783200,288.7
16786800,290.34
16790400,292.97
16794000,295.06
16797600,296.3
16801200,296.99
16804800,297.51
16808400,297.79
16812000,297.71
16815600,297.16
16819200,296.48
16822800,295.54
16826400,293.57
16830000,290.56
16833600,289.38
16837200,288.71
16840800,288.05
16844400,287.16
16848000,286.3
16851600,285.49
16855200,284.67
16858800,283.94
16862400,283.25
16866000,285.04
16869600,288.13
16873200,291.7
16876800,293.23
16880400,294.67
16884000,295.88
16887600,296.77
16891200,297.36
16894800,297.55
16898400,297.37
16902000,296.88
16905600,296.36
16909200,295.63
16912800,292.9
16916400,289.55
16920000,288.05
16923600,286.88
16927200,285.87
16930800,284.9
16934400,287.65
16938000,286.74
16941600,285.59
16945200,284.13
16948800,282.77
16952400,282.76
16956000,284.17
16959600,286.21
16963200,288.38
16966800,290.36
16970400,291.73
16974000,292.42
16977600,292.73
16981200,293.07
16984800,293.34
16988400,293.09
16992000,292.09
16995600,290.39
16999200,288.11
17002800,285.56
17006400,284.4
17010000,282.64
17013600,281.21
17017200,280.22
17020800,279.45
17024400,278.77
17028000,278.59
17031600,278.9
17035200,279.1
17038800,279.68
17042400,281.23
17046000,283.07
17049600,284.63
17053200,286.16
17056800,287.7
17060400,289.2
17064000,290.25
17067600,290.84
17071200,290.95
17074800,290.76
17078400,290.0
17082000,289.07
17085600,287.27
17089200,284.41
17092800,282.64
17096400,281.08
17100000,281.45
17103600,281.33
17107200,280.95
17110800,280.24
17114400,279.52
17118000,279.02
17121600,278.73
17125200,279.7
17128800,281.77
17132400,284.3
17136000,287.57
17139600,290.46
17143200,292.2
17146800,293.38
17150400,293.96
17154000,294.0
17157600,293.85
17161200,293.56
17164800,292.95
17168400,291.85
17172000,288.91
17175600,285.06
17179200,283.64
17182800,282.21
17186400,281.14
17190000,280.49
17193600,280.11
17197200,279.77
17200800,279.33
17204400,278.82
17208000,278.5
17211600,280.23
17215200,283.26
17218800,287.56
17222400,290.41
17226000,292.47
17229600,294.06
17233200,295.3
17236800,296.26
17240400,296.88
17244000,297.09
17247600,296.88
17251200,296.23
17254800,295.16
17258400,292.06
17262000,288.45
17265600,287.13
17269200,285.95
17272800,285.06
17276400,284.42
17280000,284.32
17283600,284.31
17287200,284.34
17290800,283.79
17294400,282.95
17298000,283.06
17301600,283.77
17305200,285.05
17308800,287.37
17312400,289.58
17316000,291.88
17319600,293.81
17323200,294.86
17326800,295.43
17330400,295.47
17334000,295.44
17337600,296.05
17341200,295.55
17344800,292.47
17348400,290.01
17352000,289.46
17355600,288.34
17359200,287.38
17362800,287.18
17366400,287.36
17370000,287.37
17373600,287.91
17377200,288.08
17380800,287.34
17384400,287.27
17388000,289.05
17391600,291.63
17395200,293.47
17398800,295.08
17402400,296.54
17406000,297.62
17409600,298.12
17413200,298.03
17416800,297.45
17420400,296.43
17424000,295.07
17427600,293.24
17431200,290.84
17434800,288.37
17438400,286.48
17442000,284.82
17445600,283.66
17449200,282.73
17452800,281.92
17456400,281.26
17460000,280.7
17463600,280.15
17467200,279.72
17470800,282.3
17474400,285.73
17478000,289.73
17481600,292.23
17485200,294.23
17488800,295.69
17492400,296.74
17496000,297.48
17499600,297.88
17503200,297.89
17506800,297.46
17510400,296.75
17514000,295.81
17517600,292.97
17521200,290.32
17524800,290.31
17528400,289.66
17532000,288.57
17535600,287.2
17539200,286.23
17542800,285.58
17546400,285.07
17550000,285.07
17553600,285.09
17557200,286.4
17560800,289.6
17564400,294.38
17568000,297.7
17571600,299.32
17575200,300.48
17578800,301.41
17582400,302.07
17586000,302.47
17589600,302.44
17593200,301.88
17596800,300.72
17600400,299.52
17604000,297.12
17607600,295.3
17611200,294.88
17614800,294.49
17618400,294.07
17622000,292.63
17625600,291.08
17629200,289.8
17632800,289.06
17636400,288.54
17640000,287.92
17643600,288.74
17647200,290.38
17650800,292.76
17654400,295.3
17658000,297.44
17661600,299.38
17665200,300.61
17668800,301.73
17672400,302.63
17676000,302.77
17679600,302.39
17683200,301.51
17686800,300.38
17690400,298.8
17694000,296.02
17697600,294.95
17701200,294.11
17704800,293.18
17708400,292.41
17712000,291.32
17715600,290.62
17719200,289.85
17722800,289.62
17726400,289.54
17730000,290.73
17733600,292.35
17737200,294.51
17740800,297.31
17744400,299.21
17748000,300.38
17751600,301.0
17755200,301.32
17758800,301.69
17762400,301.8
17766000,301.73
17769600,301.37
17773200,300.18
17776800,297.98
17780400,296.28
17784000,294.22
17787600,292.98
17791200,292.18
17794800,291.91
17798400,291.77
17802000,291.11
17805600,290.34
17809200,289.7
17812800,289.44
17816400,290.38
17820000,291.7
17823600,293.51
17827200,295.41
17830800,297.32
17834400,298.85
17838000,299.89
17841600,300.05
17845200,299.6
17848800,299.18
17852400,298.0
17856000,296.33
17859600,294.28
17863200,292.34
17866800,290.88
17870400,290.05
17874000,289.52
17877600,289.19
17881200,288.86
17884800,288.41
17888400,287.85
17892000,286.95
17895600,286.34
17899200,286.07
17902800,287.4
17906400,289.54
17910000,292.04
17913600,294.29
17917200,296.28
17920800,297.74
17924400,298.7
17928000,299.42
17931600,299.82
17935200,299.83
17938800,299.46
17942400,298.77
17946000,297.67
17949600,294.73
17953200,292.34
17956800,291.73
17960400,291.3
17964000,291.41
17967600,291.07
17971200,290.38
17974800,289.88
17978400,289.27
17982000,288.8
17985600,287.74
17989200,287.59
17992800,288.7
17996400,290.34
18000000,292.97
18003600,295.06
18007200,296.3
18010800,296.99
18014400,297.51
18018000,297.79
18021600,297.71
18025200,297.16
18028800,296.48
18032400,295.54
18036000,293.57
18039600,290.56
18043200,289.38
18046800,288.71
18050400,288.05
18054000,287.16
18057600,286.3
18061200,285.49
18064800,284.67
18068400,283.94
18072000,283.25
18075600,285.04
18079200,288.13
18082800,291.7
18086400,293.23
18090000,294.67
18093600,295.88
18097200,296.77
18100800,297.36
18104400,297.55
18108000,297.37
18111600,296.88
18115200,296.36
18118800,295.63
18122400,292.9
18126000,289.55
18129600,288.05
18133200,286.88
18136800,285.87
18140400,284.9
18144000,293.74
18147600,293.01
18151200,292.4
18154800,291.88
18158400,291.29
18162000,292.48
18165600,294.67
18169200,297.48
18172800,300.27
18176400,302.59
18180000,304.58
18183600,306.16
18187200,307.28
18190800,307.9
18194400,307.98
18198000,307.56
18201600,306.73
18205200,305.24
18208800,301.32
18212400,298.48
18216000,297.54
18219600,296.89
18223200,296.04
18226800,294.57
18230400,293.43
18234000,292.7
18237600,292.25
18241200,292.13
18244800,291.67
18248400,292.72
18252000,295.02
18255600,297.77
18259200,300.45
18262800,302.77
18266400,304.59
18270000,305.98
18273600,306.99
18277200,307.56
18280800,307.72
18284400,307.43
18288000,306.66
18291600,305.19
18295200,301.41
18298800,298.7
18302400,297.72
18306000,296.58
18309600,295.48
18313200,294.64
18316800,294.22
18320400,294.09
18324000,293.63
18327600,292.91
18331200,292.33
18334800,293.77
18338400,296.21
18342000,299.17
18345600,301.45
18349200,303.45
18352800,305.19
18356400,306.55
18360000,307.53
18363600,308.06
18367200,308.19
18370800,307.85
18374400,307.05
18378000,305.4
18381600,302.37
18385200,299.39
18388800,297.58
18392400,296.46
18396000,295.91
18399600,295.48
18403200,295.02
18406800,294.58
18410400,294.19
18414000,293.88
18417600,293.96
18421200,295.21
18424800,296.55
18428400,297.51
18432000,298.27
18435600,299.37
18439200,300.97
18442800,302.54
18446400,303.71
18450000,303.93
18453600,303.92
18457200,304.0
18460800,303.34
18464400,302.6
18468000,301.43
18471600,299.98
18475200,298.77
18478800,297.69
18482400,296.91
18486000,296.27
18489600,295.63
18493200,295.09
18496800,294.79
18500400,294.53
18504000,294.27
18507600,294.55
18511200,297.69
18514800,301.67
18518400,304.13
18522000,306.36
18525600,308.24
18529200,309.58
18532800,310.44
18536400,310.63
18540000,310.15
18543600,309.74
18547200,308.9
18550800,307.61
18554400,304.02
18558000,301.97
18561600,301.54
18565200,301.23
18568800,300.68
18572400,299.64
18576000,298.68
18579600,297.94
18583200,297.02
18586800,296.53
18590400,296.63
18594000,297.61
18597600,299.49
18601200,302.63
18604800,305.73
18608400,308.23
18612000,310.02
18615600,311.06
18619200,311.61
18622800,311.84
18626400,311.69
18630000,311.07
18633600,310.01
18637200,308.02
18640800,303.59
18644400,301.05
18648000,300.14
18651600,299.73
18655200,299.24
18658800,298.76
18662400,298.31
18666000,297.73
18669600,297.2
18673200,296.8
18676800,296.35
18680400,297.2
18684000,299.64
18687600,301.77
18691200,304.27
18694800,305.98
18698400,305.8
18702000,304.99
18705600,304.42
18709200,305.25
18712800,305.84
18716400,305.81
18720000,305.55
18723600,304.38
18727200,301.84
18730800,299.63
18734400,298.32
18738000,297.85
18741600,297.51
18745200,296.81
18748800,294.05
18752400,293.13
18756000,292.29
18759600,291.58
18763200,291.27
18766800,294.31
18770400,297.72
18774000,302.39
18777600,306.38
18781200,307.92
18784800,309.63
18788400,310.87
18792000,311.49
18795600,311.55
18799200,311.37
18802800,310.87
18806400,310.02
18810000,308.7
18813600,305.2
18817200,302.55
18820800,301.45
18824400,300.45
18828000,299.45
18831600,298.84
18835200,298.05
18838800,297.25
18842400,296.47
18846000,295.69
18849600,295.29
18853200,296.68
18856800,298.73
18860400,301.69
18864000,304.46
18867600,306.19
18871200,307.91
18874800,308.77
18878400,307.73
18882000,307.14
18885600,306.37
18889200,305.69
18892800,305.05
18896400,304.18
18900000,302.78
18903600,300.14
18907200,298.49
18910800,297.24
18914400,296.3
18918000,295.63
18921600,295.06
18925200,294.67
18928800,294.91
18932400,294.7
18936000,294.41
18939600,295.73
18943200,297.56
18946800,300.05
18950400,303.14
18954000,305.52
18957600,306.5
18961200,307.17
18964800,307.66
18968400,307.78
18972000,307.91
18975600,308.02
18979200,307.27
18982800,306.55
18986400,305.04
18990000,302.97
18993600,302.16
18997200,301.16
19000800,299.77
19004400,298.89
19008000,298.1
19011600,297.21
19015200,295.49
19018800,293.02
19022400,291.33
19026000,290.78
19029600,290.88
19033200,291.57
19036800,292.55
19040400,293.31
19044000,294.3
19047600,296.02
19051200,297.86
19054800,299.2
19058400,299.85
19062000,300.05
19065600,299.61
19069200,298.71
19072800,296.01
19076400,292.83
19080000,291.59
19083600,290.55
19087200,289.73
19090800,289.21
19094400,288.88
19098000,288.64
19101600,288.24
19105200,287.77
19108800,287.67
19112400,289.74
19116000,293.0
19119600,297.47
19123200,299.54
19126800,300.95
19130400,302.2
19134000,303.34
19137600,304.13
19141200,304.63
19144800,304.73
19148400,304.37
19152000,303.64
19155600,302.57
19159200,299.68
19162800,295.98
19166400,294.66
19170000,293.56
19173600,292.48
19177200,291.48
19180800,290.65
19184400,289.96
19188000,289.35
19191600,288.8
19195200,288.59
19198800,291.56
19202400,295.32
19206000,298.68
19209600,301.68
19213200,303.93
19216800,305.45
19220400,306.29
19224000,306.62
19227600,306.47
19231200,306.12
19234800,305.68
19238400,305.05
19242000,304.02
19245600,300.59
19249200,297.3
19252800,296.3
19256400,296.02
19260000,295.53
19263600,294.95
19267200,293.89
19270800,292.34
19274400,291.25
19278000,290.6
19281600,290.34
19285200,293.42
19288800,297.05
19292400,301.07
19296000,304.03
19299600,305.75
19303200,306.84
19306800,307.24
19310400,307.08
19314000,306.74
19317600,306.52
19321200,306.46
19324800,306.08
19328400,304.95
19332000,302.42
19335600,299.01
19339200,296.92
19342800,295.13
19346400,293.67
19350000,292.64
19353600,287.65
19357200,286.74
19360800,285.59
19364400,284.13
19368000,282.77
19371600,282.76
19375200,284.17
19378800,286.21
19382400,288.38
19386000,290.36
19389600,291.73
19393200,292.42
19396800,292.73
19400400,293.07
19404000,293.34
19407600,293.09
19411200,292.09
19414800,290.39
19418400,288.11
19422000,285.56
19425600,284.4
19429200,282.64
19432800,281.21
19436400,280.22
19440000,279.45
19443600,278.77
19447200,278.59
19450800,278.9
19454400,279.1
19458000,279.68
19461600,281.23
19465200,283.07
19468800,284.63
19472400,286.16
19476000,287.7
19479600,289.2
19483200,290.25
19486800,290.84
19490400,290.95
19494000,290.76
19497600,290.0
19501200,289.07
19504800,287.27
19508400,284.41
19512000,282.64
19515600,281.08
19519200,281.45
19522800,281.33
19526400,280.95
19530000,280.24
19533600,279.52
19537200,279.02
19540800,278.73
19544400,279.7
19548000,281.77
19551600,284.3
19555200,287.57
19558800,290.46
19562400,292.2
19566000,293.38
19569600,293.96
19573200,294.0
19576800,293.85
19580400,293.56
19584000,292.95
19587600,291.85
19591200,288.91
19594800,285.06
19598400,283.64
19602000,282.21
19605600,281.14
19609200,280.49
19612800,280.11
19616400,279.77
19620000,279.33
19623600,278.82
19627200,278.5
19630800,280.23
19634400,283.26
19638000,287.56
19641600,290.41
19645200,292.47
19648800,294.06
19652400,295.3
19656000,296.26
19659600,296.88
19663200,297.09
19666800,296.88
19670400,296.23
19674000,295.16
19677600,292.06
19681200,288.45
19684800,287.13
19688400,285.95
19692000,285.06
19695600,284.42
19699200,284.32
19702800,284.31
19706400,284.34
19710000,283.79
19713600,282.95
19717200,283.06
19720800,283.77
19724400,285.05
19728000,287.37
19731600,289.58
19735200,291.88
19738800,293.81
19742400,294.86
19746000,295.43
19749600,295.47
19753200,295.44
19756800,296.05
19760400,295.55
19764000,292.47
19767600,290.01
19771200,289.46
19774800,288.34
19778400,287.38
19782000,287.18
19785600,287.36
19789200,287.37
19792800,287.91
19796400,288.08
19800000,287.34
19803600,287.27
19807200,289.05
19810800,291.63
19814400,293.47
19818000,295.08
19821600,296.54
19825200,297.62
19828800,298.12
19832400,298.03
19836000,297.45
19839600,296.43
19843200,295.07
19846800,293.24
19850400,290.84
19854000,288.37
19857600,286.48
19861200,284.82
19864800,283.66
19868400,282.73
19872000,281.92
19875600,281.26
19879200,280.7
19882800,280.15
19886400,279.72
19890000,282.3
19893600,285.73
19897200,289.73
19900800,292.23
19904400,294.23
19908000,295.69
19911600,296.74
19915200,297.48
19918800,297.88
19922400,297.89
19926000,297.46
19929600,296.75
19933200,295.81
19936800,292.97
19940400,290.32
19944000,290.31
19947600,289.66
19951200,288.57
19954800,287.2
19958400,291.81
19962000,291.11
19965600,290.52
19969200,289.98
19972800,289.77
19976400,291.8
19980000,294.69
19983600,297.14
19987200,299.13
19990800,300.95
19994400,302.34
19998000,303.22
20001600,303.7
20005200,303.86
20008800,303.59
20012400,302.84
20016000,301.77
20019600,300.63
20023200,299.22
20026800,296.6
20030400,295.37
20034000,294.72
20037600,293.95
20041200,293.05
20044800,292.25
20048400,291.55
20052000,290.94
20055600,290.41
20059200,290.23
20062800,293.09
20066400,296.48
20070000,299.69
20073600,301.77
20077200,303.35
20080800,304.4
20084400,305.75
20088000,306.54
20091600,306.76
20095200,306.54
20098800,305.9
20102400,304.98
20106000,303.85
20109600,301.76
20113200,298.34
20116800,297.21
20120400,296.19
20124000,295.36
20127600,295.18
20131200,295.25
20134800,295.13
20138400,294.41
20142000,293.79
20145600,293.54
20149200,294.44
20152800,296.65
20156400,300.13
20160000,304.32
20163600,307.1
20167200,308.85
20170800,310.0
20174400,310.83
20178000,311.23
20181600,311.35
20185200,310.86
20188800,310.03
20192400,308.91
20196000,306.13
20199600,302.98
20203200,301.7
20206800,300.67
20210400,299.55
20214000,298.59
20217600,297.81
20221200,297.32
20224800,296.8
20228400,295.69
20232000,295.06
20235600,297.05
20239200,299.22
20242800,303.52
20246400,307.61
20250000,309.58
20253600,311.16
20257200,312.02
20260800,311.76
20264400,311.25
20268000,311.38
20271600,311.55
20275200,310.39
20278800,309.04
20282400,306.91
20286000,304.99
20289600,303.48
20293200,302.32
20296800,301.22
20300400,300.25
20304000,299.38
20307600,298.84
20311200,298.48
20314800,297.96
20318400,297.68
20322000,298.66
20325600,300.41
20329200,302.81
20332800,305.39
20336400,307.34
20340000,309.06
20343600,310.65
20347200,311.16
20350800,310.59
20354400,310.21
20358000,309.77
20361600,308.09
20365200,306.02
20368800,303.84
20372400,301.85
20376000,299.79
20379600,297.89
20383200,297.0
20386800,296.73
20390400,296.34
20394000,295.91
20397600,295.55
20401200,295.16
20404800,294.84
20408400,295.27
20412000,296.63
20415600,297.91
20419200,299.05
20422800,300.27
20426400,301.45
20430000,301.84
20433600,302.29
20437200,302.45
20440800,302.11
20444400,301.84
20448000,301.19
20451600,299.86
20455200,297.55
20458800,294.93
20462400,293.87
20466000,292.81
20469600,291.89
20473200,291.31
20476800,290.78
20480400,290.25
20484000,289.84
20487600,289.33
20491200,288.91
20494800,289.88
20498400,292.48
20502000,296.48
20505600,299.99
20509200,302.19
20512800,303.41
20516400,303.77
20520000,304.04
20523600,304.41
20527200,304.33
20530800,303.56
20534400,302.18
20538000,300.8
20541600,299.23
20545200,297.13
20548800,296.02
20552400,294.91
20556000,293.99
20559600,293.27
20563200,290.17
20566800,289.54
20570400,289.12
20574000,288.92
20577600,289.08
20581200,292.61
20584800,296.4
20588400,300.24
20592000,301.84
20595600,302.89
20599200,303.59
20602800,304.29
20606400,304.95
20610000,305.35
20613600,305.23
20617200,304.52
20620800,303.46
20624400,302.18
20628000,300.15
20631600,296.13
20635200,294.32
20638800,292.84
20642400,291.51
20646000,290.41
20649600,289.48
20653200,288.7
20656800,288.06
20660400,287.46
20664000,287.19
20667600,289.61
20671200,292.52
20674800,297.63
20678400,301.13
20682000,303.31
20685600,304.91
20689200,306.09
20692800,306.61
20696400,306.02
20700000,305.2
20703600,304.7
20707200,304.1
20710800,303.13
20714400,300.79
20718000,296.9
20721600,295.49
20725200,294.5
20728800,293.47
20732400,292.7
20736000,291.44
20739600,290.26
20743200,289.23
20746800,288.3
20750400,287.81
20754000,289.83
20757600,292.98
20761200,296.8
20764800,298.97
20768400,300.63
20772000,301.91
20775600,302.88
20779200,303.55
20782800,303.82
20786400,303.73
20790000,303.23
20793600,302.34
20797200,301.02
20800800,299.2
20804400,295.72
20808000,294.27
20811600,293.14
20815200,291.92
20818800,290.85
20822400,290.03
20826000,289.78
20829600,289.45
20833200,288.57
20836800,288.14
20840400,290.8
20844000,294.33
20847600,298.05
20851200,300.27
20854800,301.84
20858400,303.05
20862000,303.94
20865600,304.55
20869200,304.84
20872800,304.77
20876400,304.28
20880000,303.38
20883600,302.26
20887200,300.5
20890800,297.14
20894400,296.12
20898000,295.59
20901600,294.54
20905200,292.23
20908800,290.52
20912400,289.23
20916000,288.23
20919600,287.5
20923200,287.09
20926800,289.41
20930400,292.3
20934000,296.6
20937600,298.77
20941200,300.33
20944800,301.73
20948400,302.88
20952000,303.8
20955600,304.32
20959200,304.41
20962800,304.13
20966400,303.5
20970000,302.55
20973600,300.09
20977200,297.45
20980800,296.71
20984400,296.05
20988000,295.25
20991600,294.26
20995200,293.14
20998800,292.26
21002400,291.75
21006000,291.23
21009600,290.76
21013200,291.15
21016800,293.15
21020400,296.77
21024000,301.24
21027600,304.72
21031200,306.46
21034800,307.8
21038400,308.76
21042000,309.24
21045600,309.38
21049200,309.09
21052800,308.36
21056400,307.22
21060000,303.56
21063600,299.46
21067200,298.02
21070800,297.02
21074400,296.09
21078000,295.05
21081600,293.86
21085200,292.44
21088800,291.24
21092400,290.41
21096000,290.35
21099600,293.56
21103200,296.96
21106800,300.86
21110400,303.57
21114000,305.49
21117600,306.84
21121200,307.76
21124800,308.36
21128400,308.77
21132000,308.89
21135600,308.55
21139200,307.84
21142800,306.68
21146400,304.58
21150000,301.1
21153600,299.78
21157200,298.44
21160800,297.18
21164400,296.12
21168000,291.09
21171600,290.34
21175200,289.73
21178800,289.28
21182400,289.2
21186000,288.92
21189600,290.01
21193200,291.45
21196800,294.87
21200400,299.02
21204000,301.84
21207600,303.52
21211200,304.45
21214800,304.69
21218400,304.46
21222000,303.63
21225600,302.41
21229200,299.33
21232800,297.18
21236400,296.55
21240000,296.01
21243600,295.46
21247200,294.77
21250800,293.8
21254400,292.57
21258000,291.62
21261600,290.52
21265200,289.93
21268800,289.59
21272400,288.9
21276000,289.3
21279600,291.41
21283200,294.64
21286800,297.6
21290400,300.16
21294000,302.05
21297600,303.34
21301200,304.07
21304800,304.04
21308400,303.25
21312000,301.67
21315600,299.52
21319200,297.57
21322800,295.32
21326400,293.17
21330000,290.48
21333600,289.03
21337200,288.51
21340800,288.02
21344400,287.52
21348000,287.13
21351600,287.16
21355200,287.3
21358800,287.77
21362400,289.37
21366000,291.48
21369600,294.05
21373200,296.7
21376800,298.77
21380400,299.84
21384000,300.28
21387600,300.12
21391200,299.45
21394800,298.31
21398400,296.85
21402000,294.4
21405600,291.09
21409200,290.0
21412800,289.16
21416400,288.49
21420000,287.95
21423600,287.41
21427200,286.73
21430800,286.02
21434400,285.18
21438000,284.1
21441600,283.18
21445200,282.58
21448800,285.09
21452400,288.91
21456000,293.05
21459600,295.3
21463200,296.98
21466800,298.21
21470400,298.97
21474000,299.14
21477600,298.63
21481200,297.48
21484800,295.99
21488400,293.34
21492000,290.06
21495600,289.01
21499200,288.1
21502800,287.31
21506400,286.59
21510000,285.79
21513600,285.01
21517200,284.25
21520800,283.53
21524400,282.86
21528000,282.32
21531600,282.05
21535200,284.41
21538800,287.92
21542400,292.09
21546000,294.59
21549600,296.18
21553200,297.24
21556800,297.99
21560400,298.38
21564000,298.23
21567600,297.83
21571200,296.83
21574800,293.98
21578400,291.5
21582000,290.48
21585600,289.04
21589200,287.61
21592800,286.55
21596400,285.73
21600000,285.41
21603600,285.44
21607200,285.33
21610800,285.03
21614400,284.73
21618000,284.54
21621600,285.93
21625200,288.23
21628800,292.26
21632400,295.13
21636000,296.9
21639600,298.16
21643200,298.98
21646800,299.38
21650400,299.27
21654000,298.72
21657600,297.87
21661200,295.98
21664800,294.25
21668400,292.56
21672000,291.12
21675600,290.07
21679200,289.05
21682800,288.53
21686400,287.77
21690000,286.51
21693600,285.7
21697200,285.14
21700800,284.59
21704400,284.11
21708000,285.89
21711600,289.01
21715200,292.92
21718800,296.05
21722400,298.25
21726000,299.7
21729600,300.59
21733200,300.97
21736800,300.95
21740400,300.46
21744000,299.5
21747600,296.41
21751200,294.47
21754800,294.25
21758400,292.34
21762000,290.16
21765600,289.06
21769200,287.88
21772800,296.83
21776400,296.61
21780000,296.12
21783600,295.81
21787200,296.41
21790800,296.15
21794400,296.73
21798000,298.73
21801600,301.7
21805200,304.4
21808800,306.26
21812400,307.54
21816000,308.13
21819600,308.32
21823200,308.16
21826800,307.67
21830400,306.69
21834000,304.81
21837600,300.59
21841200,298.37
21844800,297.32
21848400,296.41
21852000,295.6
21855600,294.93
21859200,294.35
21862800,293.78
21866400,293.24
21870000,292.73
21873600,292.27
21877200,293.34
21880800,295.98
21884400,299.52
21888000,302.2
21891600,304.19
21895200,305.77
21898800,306.91
21902400,307.75
21906000,308.21
21909600,308.3
21913200,308.02
21916800,307.2
21920400,305.61
21924000,301.73
21927600,299.38
21931200,298.05
21934800,296.7
21938400,295.53
21942000,294.47
21945600,293.53
21949200,292.74
21952800,292.08
21956400,291.48
21960000,291.0
21963600,292.17
21967200,295.08
21970800,298.83
21974400,302.86
21978000,305.05
21981600,306.5
21985200,307.38
21988800,308.1
21992400,308.41
21996000,308.36
21999600,307.91
22003200,306.94
22006800,305.19
22010400,300.92
22014000,298.73
22017600,297.72
22021200,296.75
22024800,295.84
22028400,295.07
22032000,294.54
22035600,294.25
22039200,293.95
22042800,293.57
22046400,292.64
22050000,292.8
22053600,294.86
22057200,297.78
22060800,300.87
22064400,304.21
22068000,306.93
22071600,308.09
22075200,309.12
22078800,310.14
22082400,310.3
22086000,309.95
22089600,309.13
22093200,307.32
22096800,303.91
22100400,302.22
22104000,301.2
22107600,300.38
22111200,299.51
22114800,298.44
22118400,297.41
22122000,296.3
22125600,295.63
22129200,295.73
22132800,295.41
22136400,295.38
22140000,297.97
22143600,300.83
22147200,304.55
22150800,307.79
22154400,309.3
22158000,310.55
22161600,311.33
22165200,311.69
22168800,311.5
22172400,310.83
22176000,309.8
22179600,308.02
22183200,304.67
22186800,303.22
22190400,301.66
22194000,299.54
22197600,298.05
22201200,297.34
22204800,296.91
22208400,296.48
22212000,295.98
22215600,295.48
22219200,294.94
22222800,295.06
22226400,296.73
22230000,300.15
22233600,304.3
22237200,306.63
22240800,308.27
22244400,309.45
22248000,310.33
22251600,310.77
22255200,310.63
22258800,309.7
22262400,307.41
22266000,304.76
22269600,301.59
22273200,299.25
22276800,297.94
22280400,297.02
22284000,296.32
22287600,295.74
22291200,295.16
22294800,294.47
22298400,293.59
22302000,292.73
22305600,292.3
22309200,292.68
22312800,294.74
22316400,298.45
22320000,300.9
22323600,302.81
22327200,304.26
22330800,305.29
22334400,306.05
22338000,306.37
22341600,306.3
22345200,305.74
22348800,304.63
22352400,302.98
22356000,299.52
22359600,297.99
22363200,296.98
22366800,295.95
22370400,293.8
22374000,292.64
22377600,289.23
22381200,288.78
22384800,289.02
22388400,289.01
22392000,288.87
22395600,289.07
22399200,290.3
22402800,291.77
22406400,293.58
22410000,295.1
22413600,296.13
22417200,296.55
22420800,296.62
22424400,296.54
22428000,296.18
22431600,295.77
22435200,295.12
22438800,294.02
22442400,292.21
22446000,291.19
22449600,290.17
22453200,289.12
22456800,287.82
22460400,286.92
22464000,286.63
22467600,286.2
22471200,285.41
22474800,284.91
22478400,284.62
22482000,285.1
22485600,288.3
22489200,291.67
22492800,294.45
22496400,296.8
22500000,298.66
22503600,299.94
22507200,300.79
22510800,301.25
22514400,301.34
22518000,301.02
22521600,300.34
22525200,298.91
22528800,295.27
22532400,293.73
22536000,292.81
22539600,292.07
22543200,291.26
22546800,290.34
22550400,289.65
22554000,289.35
22557600,289.38
22561200,289.01
22564800,288.5
22568400,288.19
22572000,290.13
22575600,294.28
22579200,297.45
22582800,299.59
22586400,301.29
22590000,302.46
22593600,303.24
22597200,303.69
22600800,303.7
22604400,303.34
22608000,302.59
22611600,301.02
22615200,296.98
22618800,295.19
22622400,294.05
22626000,293.03
22629600,292.16
22633200,291.47
22636800,290.88
22640400,290.29
22644000,289.9
22647600,289.72
22651200,289.44
22654800,289.55
22658400,292.59
22662000,296.89
22665600,300.23
22669200,302.12
22672800,303.46
22676400,304.43
22680000,305.02
22683600,305.08
22687200,304.58
22690800,303.62
22694400,302.32
22698000,300.52
22701600,296.51
22705200,294.96
22708800,294.25
22712400,293.5
22716000,292.6
22719600,291.61
22723200,290.67
22726800,289.91
22730400,289.27
22734000,288.64
22737600,288.06
22741200,288.23
22744800,291.16
22748400,295.2
22752000,298.08
22755600,300.09
22759200,301.6
22762800,302.75
22766400,303.57
22770000,304.04
22773600,304.04
22777200,303.56
22780800,302.54
22784400,300.84
22788000,297.24
22791600,295.55
22795200,294.34
22798800,293.08
22802400,291.87
22806000,290.77
22809600,289.84
22813200,289.11
22816800,288.55
22820400,287.98
22824000,287.48
22827600,287.61
22831200,290.73
22834800,294.55
22838400,298.56
22842000,300.63
22845600,302.1
22849200,303.29
22852800,304.17
22856400,304.69
22860000,304.84
22863600,304.54
22867200,303.74
22870800,301.77
22874400,297.46
22878000,295.77
22881600,294.69
22885200,293.71
22888800,292.8
22892400,291.94
22896000,291.03
22899600,290.39
22903200,290.04
22906800,289.91
22910400,289.81
22914000,289.52
22917600,293.0
22921200,296.52
22924800,300.22
22928400,303.03
22932000,304.3
22935600,304.38
22939200,304.48
22942800,304.47
22946400,305.0
22950000,305.24
22953600,304.25
22957200,301.89
22960800,299.32
22964400,298.61
22968000,297.6
22971600,296.49
22975200,295.46
22978800,294.34
22982400,280.23
22986000,279.49
22989600,278.88
22993200,278.48
22996800,278.78
23000400,279.49
23004000,280.08
23007600,281.04
23011200,283.4
23014800,286.84
23018400,290.7
23022000,292.64
23025600,293.48
23029200,293.83
23032800,293.72
23036400,293.0
23040000,289.6
23043600,287.16
23047200,285.92
23050800,284.84
23054400,284.0
23058000,283.39
23061600,282.85
23065200,282.39
23068800,282.05
23072400,281.66
23076000,281.1
23079600,280.69
23083200,280.56
23086800,280.48
23090400,280.17
23094000,281.15
23097600,283.82
23101200,287.41
23104800,291.79
23108400,293.85
23112000,294.67
23115600,294.84
23119200,294.17
23122800,292.71
23126400,289.07
23130000,284.92
23133600,283.85
23137200,283.08
23140800,282.54
23144400,282.07
23148000,281.51
23151600,280.84
23155200,280.19
23158800,279.47
23162400,278.72
23166000,278.02
23169600,277.49
23173200,277.45
23176800,277.51
23180400,280.47
23184000,284.27
23187600,289.16
23191200,292.5
23194800,293.67
23198400,293.88
23202000,293.38
23205600,292.35
23209200,290.9
23212800,287.95
23216400,284.24
23220000,283.33
23223600,283.14
23227200,283.59
23230800,283.81
23234400,283.15
23238000,282.21
23241600,281.39
23245200,280.6
23248800,280.05
23252400,279.79
23256000,279.6
23259600,279.24
23263200,278.52
23266800,279.34
23270400,282.75
23274000,286.63
23277600,290.84
23281200,293.46
23284800,294.78
23288400,295.09
23292000,294.22
23295600,292.1
23299200,289.79
23302800,287.78
23306400,286.77
23310000,285.95
23313600,285.3
23317200,284.34
23320800,283.42
23324400,282.53
23328000,281.66
23331600,280.99
23335200,280.23
23338800,279.31
23342400,278.82
23346000,278.52
23349600,278.21
23353200,280.85
23356800,283.98
23360400,288.88
23364000,292.27
23367600,294.02
23371200,295.05
23374800,295.48
23378400,294.96
23382000,293.38
23385600,290.48
23389200,286.76
23392800,285.58
23396400,284.61
23400000,283.63
23403600,282.62
23407200,281.65
23410800,280.75
23414400,280.0
23418000,279.52
23421600,279.26
23425200,279.16
23428800,279.31
23432400,279.59
23436000,279.76
23439600,281.48
23443200,285.07
23446800,288.91
23450400,293.26
23454000,295.73
23457600,296.97
23461200,297.31
23464800,296.99
23468400,295.84
23472000,291.35
23475600,287.97
23479200,287.35
23482800,287.04
23486400,286.14
23490000,285.44
23493600,285.04
23497200,284.3
23500800,283.69
23504400,282.76
23508000,281.38
23511600,279.8
23515200,278.53
23518800,277.69
23522400,277.18
23526000,278.45
23529600,281.02
23533200,283.44
23536800,284.91
23540400,285.84
23544000,286.46
23547600,286.79
23551200,286.53
23554800,285.62
23558400,283.32
23562000,279.78
23565600,278.67
23569200,277.88
23572800,277.2
23576400,276.64
23580000,276.13
23583600,275.69
23587200,293.44
23590800,292.63
23594400,291.88
23598000,291.13
23601600,290.55
23605200,290.47
23608800,292.58
23612400,295.69
23616000,299.24
23619600,303.46
23623200,305.43
23626800,306.53
23630400,307.17
23634000,307.24
23637600,306.76
23641200,306.15
23644800,305.05
23648400,303.12
23652000,300.58
23655600,297.59
23659200,295.96
23662800,294.7
23666400,293.73
23670000,293.27
23673600,292.56
23677200,291.04
23680800,290.02
23684400,289.4
23688000,288.87
23691600,288.67
23695200,290.84
23698800,293.67
23702400,298.14
23706000,302.03
23709600,304.24
23713200,305.75
23716800,306.8
23720400,307.23
23724000,307.16
23727600,306.62
23731200,305.52
23734800,303.23
23738400,298.98
23742000,297.7
23745600,296.72
23749200,295.66
23752800,295.55
23756400,296.09
23760000,295.59
23763600,294.05
23767200,292.55
23770800,291.47
23774400,290.92
23778000,290.88
23781600,294.01
23785200,297.3
23788800,302.03
23792400,305.64
23796000,307.47
23799600,308.7
23803200,309.49
23806800,309.82
23810400,309.74
23814000,309.19
23817600,308.04
23821200,305.41
23824800,301.01
23828400,299.55
23832000,298.09
23835600,296.63
23839200,295.46
23842800,294.45
23846400,293.49
23850000,292.65
23853600,292.41
23857200,291.91
23860800,290.64
23864400,289.59
23868000,291.83
23871600,294.9
23875200,298.49
23878800,302.88
23882400,306.06
23886000,307.73
23889600,308.67
23893200,309.05
23896800,308.9
23900400,308.26
23904000,307.13
23907600,304.92
23911200,301.26
23914800,300.29
23918400,299.07
23922000,297.94
23925600,297.09
23929200,296.67
23932800,295.65
23936400,295.11
23940000,294.99
23943600,294.83
23947200,294.3
23950800,293.34
23954400,295.19
23958000,297.87
23961600,300.67
23965200,302.87
23968800,304.5
23972400,305.59
23976000,306.27
23979600,306.56
23983200,306.42
23986800,305.85
23990400,304.8
23994000,303.15
23997600,300.56
24001200,298.85
24004800,297.72
24008400,296.67
24012000,295.47
24015600,294.4
24019200,293.61
24022800,293.16
24026400,292.73
24030000,291.55
24033600,290.95
24037200,290.87
24040800,292.62
24044400,295.7
24048000,298.73
24051600,301.23
24055200,303.11
24058800,304.48
24062400,305.37
24066000,305.86
24069600,306.02
24073200,305.63
24076800,304.93
24080400,303.41
24084000,301.0
24087600,299.7
24091200,298.7
24094800,297.82
24098400,296.73
24102000,295.95
24105600,295.46
24109200,295.26
24112800,294.86
24116400,294.0
24120000,293.18
24123600,292.47
24127200,292.61
24130800,293.13
24134400,293.23
24138000,293.52
24141600,294.56
24145200,295.99
24148800,297.24
24152400,298.0
24156000,298.38
24159600,298.72
24163200,298.23
24166800,296.39
24170400,293.18
24174000,291.77
24177600,291.06
24181200,289.62
24184800,288.66
24188400,288.03
24192000,279.9
24195600,279.18
24199200,278.7
24202800,278.3
24206400,277.95
24210000,277.63
24213600,279.33
24217200,283.6
24220800,287.32
24224400,290.2
24228000,292.05
24231600,293.34
24235200,294.03
24238800,294.16
24242400,293.8
24246000,292.92
24249600,291.45
24253200,287.5
24256800,284.73
24260400,283.82
24264000,283.1
24267600,282.48
24271200,281.87
24274800,281.26
24278400,280.83
24282000,280.5
24285600,280.2
24289200,279.77
24292800,279.24
24296400,278.75
24300000,279.2
24303600,282.25
24307200,286.05
24310800,290.27
24314400,292.25
24318000,293.56
24321600,294.45
24325200,294.87
24328800,294.84
24332400,294.33
24336000,293.23
24339600,289.05
24343200,286.61
24346800,285.56
24350400,284.61
24354000,283.52
24357600,282.44
24361200,281.77
24364800,281.6
24368400,281.06
24372000,280.16
24375600,280.17
24379200,279.47
24382800,278.84
24386400,280.18
24390000,282.13
24393600,284.47
24397200,287.73
24400800,290.84
24404400,294.09
24408000,296.31
24411600,297.0
24415200,296.73
24418800,296.43
24422400,295.6
24426000,292.72
24429600,291.02
24433200,289.95
24436800,289.05
24440400,288.23
24444000,287.35
24447600,286.33
24451200,285.86
24454800,284.9
24458400,284.05
24462000,284.16
24465600,284.52
24469200,284.89
24472800,285.24
24476400,287.59
24480000,291.27
24483600,294.33
24487200,296.01
24490800,297.28
24494400,298.29
24498000,298.8
24501600,298.81
24505200,298.27
24508800,296.95
24512400,292.34
24516000,290.1
24519600,288.84
24523200,287.78
24526800,286.91
24530400,286.1
24534000,285.31
24537600,284.55
24541200,283.8
24544800,283.13
24548400,282.49
24552000,282.02
24555600,281.68
24559200,283.23
24562800,286.35
24566400,289.58
24570000,293.82
24573600,296.54
24577200,297.76
24580800,298.47
24584400,298.72
24588000,298.45
24591600,297.37
24595200,295.43
24598800,291.97
24602400,289.65
24606000,288.22
24609600,287.27
24613200,286.79
24616800,286.34
24620400,285.79
24624000,285.11
24627600,284.52
24631200,283.98
24634800,283.38
24638400,281.82
24642000,281.59
24645600,281.84
24649200,283.82
24652800,287.13
24656400,289.41
24660000,291.25
24663600,292.78
24667200,293.84
24670800,294.34
24674400,294.38
24678000,293.83
24681600,292.49
24685200,287.95
24688800,285.81
24692400,284.66
24696000,283.7
24699600,282.73
24703200,281.68
24706800,280.66
24710400,279.97
24714000,279.55
24717600,279.4
24721200,278.8
24724800,278.02
24728400,278.13
24732000,279.3
24735600,281.27
24739200,283.66
24742800,286.0
24746400,287.95
24750000,289.53
24753600,290.3
24757200,290.56
24760800,290.53
24764400,290.12
24768000,288.7
24771600,286.58
24775200,285.2
24778800,284.55
24782400,284.19
24786000,284.02
24789600,283.66
24793200,282.29
24796800,296.12
24800400,295.55
24804000,295.1
24807600,294.73
24811200,294.35
24814800,294.8
24818400,295.96
24822000,297.74
24825600,300.02
24829200,301.84
24832800,303.2
24836400,304.31
24840000,305.49
24843600,306.5
24847200,307.46
24850800,307.63
24854400,307.05
24858000,305.55
24861600,301.73
24865200,299.23
24868800,298.05
24872400,297.04
24876000,296.17
24879600,295.46
24883200,294.85
24886800,294.36
24890400,293.96
24894000,293.73
24897600,293.58
24901200,294.68
24904800,297.41
24908400,300.41
24912000,302.91
24915600,305.02
24919200,306.43
24922800,307.45
24926400,308.2
24930000,309.2
24933600,309.27
24937200,308.86
24940800,307.98
24944400,306.48
24948000,303.04
24951600,300.78
24955200,299.45
24958800,298.32
24962400,297.41
24966000,296.62
24969600,295.89
24973200,295.19
24976800,294.53
24980400,293.94
24984000,293.38
24987600,294.73
24991200,298.08
24994800,301.41
24998400,306.07
25002000,308.58
25005600,310.3
25009200,311.44
25012800,312.13
25016400,312.34
25020000,311.55
25023600,310.37
25027200,309.2
25030800,307.31
25034400,303.77
25038000,301.18
25041600,299.92
25045200,298.85
25048800,297.88
25052400,297.08
25056000,296.55
25059600,296.01
25063200,295.48
25066800,295.05
25070400,294.95
25074000,296.15
25077600,298.4
25081200,301.85
25084800,306.43
25088400,309.09
25092000,310.77
25095600,311.8
25099200,312.36
25102800,312.55
25106400,312.23
25110000,311.57
25113600,310.53
25117200,308.76
25120800,304.81
25124400,302.43
25128000,301.25
25131600,300.02
25135200,298.81
25138800,297.63
25142400,296.5
25146000,295.88
25149600,295.23
25153200,294.55
25156800,294.14
25160400,295.06
25164000,297.44
25167600,300.39
25171200,303.28
25174800,305.8
25178400,307.89
25182000,309.42
25185600,310.41
25189200,310.87
25192800,310.79
25196400,310.26
25200000,309.18
25203600,307.55
25207200,304.2
25210800,302.11
25214400,301.34
25218000,300.31
25221600,298.73
25225200,297.67
25228800,296.92
25232400,296.3
25236000,295.94
25239600,295.43
25243200,295.06
25246800,295.82
25250400,298.04
25254000,300.92
25257600,303.33
25261200,305.44
25264800,307.23
25268400,308.56
25272000,309.46
25275600,309.79
25279200,308.96
25282800,307.93
25286400,306.82
25290000,305.59
25293600,303.85
25297200,302.62
25300800,301.9
25304400,301.21
25308000,300.63
25311600,300.03
25315200,299.25
25318800,298.48
25322400,297.71
25326000,297.07
25329600,296.45
25333200,297.3
25336800,299.49
25340400,302.12
25344000,304.14
25347600,305.6
25351200,306.41
25354800,307.13
25358400,307.47
25362000,306.75
25365600,306.2
25369200,305.53
25372800,304.44
25376400,303.66
25380000,302.09
25383600,300.23
25387200,299.13
25390800,298.25
25394400,297.63
25398000,297.22
25401600,280.23
25405200,279.49
25408800,278.88
25412400,278.48
25416000,278.78
25419600,279.49
25423200,280.08
25426800,281.04
25430400,283.4
25434000,286.84
25437600,290.7
25441200,292.64
25444800,293.48
25448400,293.83
25452000,293.72
25455600,293.0
25459200,289.6
25462800,287.16
25466400,285.92
25470000,284.84
25473600,284.0
25477200,283.39
25480800,282.85
25484400,282.39
25488000,282.05
25491600,281.66
25495200,281.1
25498800,280.69
25502400,280.56
25506000,280.48
25509600,280.17
25513200,281.15
25516800,283.82
25520400,287.41
25524000,291.79
25527600,293.85
25531200,294.67
25534800,294.84
25538400,294.17
25542000,292.71
25545600,289.07
25549200,284.92
25552800,283.85
25556400,283.08
25560000,282.54
25563600,282.07
25567200,281.51
25570800,280.84
25574400,280.19
25578000,279.47
25581600,278.72
25585200,278.02
25588800,277.49
25592400,277.45
25596000,277.51
25599600,280.47
25603200,284.27
25606800,289.16
25610400,292.5
25614000,293.67
25617600,293.88
25621200,293.38
25624800,292.35
25628400,290.9
25632000,287.95
25635600,284.24
25639200,283.33
25642800,283.14
25646400,283.59
25650000,283.81
25653600,283.15
25657200,282.21
25660800,281.39
25664400,280.6
25668000,280.05
25671600,279.79
25675200,279.6
25678800,279.24
25682400,278.52
25686000,279.34
25689600,282.75
25693200,286.63
25696800,290.84
25700400,293.46
25704000,294.78
25707600,295.09
25711200,294.22
25714800,292.1
25718400,289.79
25722000,287.78
25725600,286.77
25729200,285.95
25732800,285.3
25736400,284.34
25740000,283.42
25743600,282.53
25747200,281.66
25750800,280.99
25754400,280.23
25758000,279.31
25761600,278.82
25765200,278.52
25768800,278.21
25772400,280.85
25776000,283.98
25779600,288.88
25783200,292.27
25786800,294.02
25790400,295.05
25794000,295.48
25797600,294.96
25801200,293.38
25804800,290.48
25808400,286.76
25812000,285.58
25815600,284.61
25819200,283.63
25822800,282.62
25826400,281.65
25830000,280.75
25833600,280.0
25837200,279.52
25840800,279.26
25844400,279.16
25848000,279.31
25851600,279.59
25855200,279.76
25858800,281.48
25862400,285.07
25866000,288.91
25869600,293.26
25873200,295.73
25876800,296.97
25880400,297.31
25884000,296.99
25887600,295.84
25891200,291.35
25894800,287.97
25898400,287.35
25902000,287.04
25905600,286.14
25909200,285.44
25912800,285.04
25916400,284.3
25920000,283.69
25923600,282.76
25927200,281.38
25930800,279.8
25934400,278.53
25938000,277.69
25941600,277.18
25945200,278.45
25948800,281.02
25952400,283.44
25956000,284.91
25959600,285.84
25963200,286.46
25966800,286.79
25970400,286.53
25974000,285.62
25977600,283.32
25981200,279.78
25984800,278.67
25988400,277.88
25992000,277.2
25995600,276.64
25999200,276.13
26002800,275.69
26006400,287.7
26010000,288.05
26013600,288.42
26017200,288.22
26020800,287.61
26024400,287.34
26028000,288.31
26031600,290.27
26035200,292.78
26038800,294.59
26042400,296.02
26046000,297.02
26049600,297.72
26053200,297.98
26056800,297.9
26060400,298.0
26064000,297.63
26067600,295.45
26071200,292.27
26074800,291.23
26078400,290.43
26082000,289.68
26085600,289.04
26089200,288.73
26092800,288.66
26096400,288.6
26100000,288.66
26103600,288.89
26107200,289.07
26110800,289.0
26114400,289.83
26118000,292.95
26121600,295.85
26125200,298.16
26128800,299.79
26132400,301.01
26136000,301.86
26139600,302.36
26143200,302.4
26146800,301.96
26150400,301.01
26154000,298.43
26157600,294.62
26161200,293.41
26164800,292.54
26168400,291.81
26172000,291.17
26175600,290.55
26179200,289.95
26182800,289.39
26186400,288.88
26190000,288.44
26193600,288.02
26197200,287.76
26200800,290.52
26204400,293.61
26208000,298.41
26211600,301.31
26215200,303.44
26218800,305.17
26222400,306.23
26226000,306.46
26229600,306.01
26233200,304.91
26236800,303.32
26240400,300.84
26244000,297.01
26247600,295.9
26251200,295.02
26254800,294.06
26258400,292.87
26262000,291.86
26265600,290.96
26269200,290.18
26272800,289.49
26276400,288.84
26280000,288.25
26283600,287.81
26287200,288.63
26290800,292.02
26294400,295.37
26298000,297.54
26301600,299.09
26305200,300.26
26308800,301.05
26312400,301.41
26316000,301.35
26319600,300.77
26323200,299.58
26326800,297.3
26330400,293.95
26334000,292.6
26337600,291.3
26341200,290.2
26344800,289.26
26348400,288.37
26352000,287.52
26355600,286.71
26359200,285.99
26362800,285.3
26366400,284.7
26370000,284.27
26373600,286.42
26377200,289.51
26380800,293.76
26384400,297.66
26388000,299.77
26391600,301.19
26395200,302.05
26398800,302.12
26402400,302.01
26406000,301.46
26409600,300.05
26413200,297.52
26416800,294.76
26420400,292.2
26424000,290.41
26427600,289.53
26431200,289.0
26434800,288.02
26438400,287.5
26442000,287.45
26445600,286.61
26449200,286.05
26452800,285.92
26456400,285.77
26460000,287.42
26463600,290.37
26467200,294.02
26470800,298.26
26474400,301.3
26478000,302.78
26481600,303.71
26485200,304.16
26488800,304.14
26492400,303.63
26496000,302.56
26499600,299.09
26503200,295.45
26506800,294.38
26510400,293.49
26514000,292.57
26517600,291.61
26521200,290.7
26524800,290.16
26528400,289.52
26532000,288.88
26535600,288.36
26539200,287.96
26542800,287.73
26546400,289.9
26550000,292.61
26553600,296.24
26557200,299.3
26560800,301.27
26564400,302.73
26568000,303.9
26571600,304.67
26575200,305.11
26578800,305.02
26582400,303.92
26586000,300.31
26589600,297.8
26593200,296.83
26596800,294.77
26600400,293.38
26604000,292.16
26607600,291.8
26611200,282.51
26614800,282.44
26618400,282.29
26622000,281.99
26625600,281.47
26629200,280.83
26632800,280.89
26636400,283.95
26640000,288.03
26643600,292.41
26647200,294.27
26650800,295.13
26654400,295.5
26658000,295.22
26661600,294.47
26665200,293.39
26668800,291.85
26672400,287.48
26676000,285.96
26679600,285.18
26683200,284.52
26686800,283.95
26690400,283.46
26694000,282.99
26697600,282.47
26701200,281.89
26704800,281.38
26708400,280.92
26712000,280.54
26715600,280.21
26719200,280.58
26722800,284.84
26726400,288.78
26730000,292.77
26733600,294.38
26737200,295.35
26740800,295.97
26744400,296.14
26748000,295.81
26751600,294.91
26755200,292.49
26758800,287.31
26762400,285.62
26766000,284.59
26769600,283.77
26773200,283.11
26776800,282.49
26780400,281.84
26784000,281.17
26787600,280.59
26791200,280.18
26794800,279.8
26798400,279.15
26802000,278.33
26805600,278.16
26809200,282.02
26812800,285.33
26816400,289.27
26820000,292.84
26823600,294.36
26827200,295.18
26830800,295.5
26834400,295.34
26838000,294.66
26841600,292.47
26845200,289.07
26848800,287.69
26852400,286.76
26856000,286.05
26859600,285.48
26863200,285.13
26866800,284.86
26870400,284.11
26874000,283.21
26877600,282.22
26881200,281.3
26884800,280.97
26888400,280.75
26892000,280.41
26895600,282.16
26899200,285.05
26902800,288.62
26906400,292.47
26910000,295.12
26913600,296.23
26917200,296.72
26920800,296.7
26924400,296.08
26928000,293.24
26931600,289.6
26935200,288.33
26938800,287.35
26942400,286.51
26946000,285.8
26949600,285.62
26953200,285.26
26956800,283.76
26960400,282.9
26964000,282.27
26967600,281.95
26971200,282.5
26974800,282.84
26978400,283.22
26982000,284.12
26985600,285.33
26989200,286.45
26992800,288.18
26996400,289.43
27000000,289.82
27003600,289.69
27007200,289.51
27010800,289.52
27014400,287.79
27018000,283.65
27021600,282.43
27025200,281.38
27028800,280.36
27032400,279.55
27036000,278.74
27039600,277.94
27043200,277.31
27046800,276.93
27050400,276.67
27054000,276.7
27057600,276.96
27061200,277.27
27064800,278.05
27068400,279.87
27072000,282.73
27075600,286.52
27079200,289.47
27082800,290.97
27086400,291.6
27090000,291.56
27093600,290.92
27097200,289.56
27100800,287.65
27104400,283.88
27108000,282.7
27111600,281.95
27115200,281.2
27118800,280.2
27122400,279.25
27126000,278.44
27129600,277.58
27133200,276.87
27136800,276.35
27140400,276.05
27144000,275.91
27147600,275.8
27151200,276.05
27154800,280.59
27158400,284.52
27162000,287.2
27165600,288.6
27169200,289.59
27172800,290.22
27176400,290.32
27180000,289.98
27183600,288.94
27187200,287.15
27190800,283.27
27194400,281.74
27198000,280.65
27201600,279.9
27205200,280.12
27208800,280.08
27212400,279.49
27216000,281.79
27219600,282.12
27223200,281.98
27226800,281.77
27230400,281.54
27234000,281.48
27237600,281.94
27241200,283.91
27244800,285.68
27248400,286.98
27252000,287.47
27255600,287.38
27259200,287.3
27262800,287.91
27266400,288.3
27270000,288.38
27273600,287.92
27277200,285.89
27280800,284.39
27284400,283.79
27288000,283.55
27291600,283.12
27295200,282.73
27298800,282.25
27302400,281.73
27306000,281.65
27309600,281.81
27313200,281.8
27316800,281.29
27320400,280.84
27324000,281.2
27327600,284.13
27331200,287.66
27334800,290.37
27338400,291.77
27342000,292.71
27345600,293.23
27349200,293.26
27352800,292.58
27356400,291.2
27360000,289.22
27363600,286.47
27367200,283.93
27370800,282.46
27374400,281.13
27378000,279.99
27381600,279.04
27385200,278.3
27388800,277.7
27392400,277.2
27396000,276.79
27399600,276.48
27403200,276.23
27406800,275.99
27410400,276.91
27414000,281.17
27417600,285.07
27421200,287.09
27424800,288.34
27428400,289.25
27432000,289.97
27435600,290.32
27439200,290.23
27442800,289.63
27446400,288.42
27450000,284.64
27453600,282.7
27457200,281.55
27460800,280.59
27464400,279.78
27468000,279.13
27471600,278.65
27475200,278.23
27478800,277.88
27482400,277.55
27486000,277.35
27489600,277.3
27493200,277.3
27496800,277.68
27500400,280.07
27504000,283.43
27507600,287.1
27511200,288.79
27514800,290.02
27518400,290.95
27522000,291.4
27525600,291.37
27529200,290.82
27532800,289.52
27536400,285.45
27540000,283.58
27543600,282.63
27547200,281.85
27550800,282.08
27554400,281.84
27558000,281.34
27561600,281.06
27565200,280.97
27568800,280.77
27572400,279.81
27576000,278.74
27579600,277.85
27583200,277.75
27586800,281.19
27590400,284.32
27594000,288.05
27597600,291.58
27601200,292.98
27604800,293.8
27608400,294.18
27612000,294.16
27615600,293.6
27619200,291.87
27622800,287.38
27626400,285.55
27630000,284.48
27633600,283.59
27637200,282.88
27640800,282.16
27644400,281.47
27648000,281.08
27651600,280.73
27655200,280.22
27658800,279.84
27662400,279.53
27666000,279.59
27669600,279.93
27673200,283.23
27676800,286.49
27680400,290.26
27684000,292.23
27687600,293.52
27691200,294.27
27694800,294.49
27698400,294.23
27702000,293.52
27705600,291.84
27709200,288.94
27712800,287.86
27716400,287.23
27720000,286.3
27723600,285.23
27727200,284.22
27730800,283.47
27734400,282.86
27738000,281.97
27741600,280.91
27745200,280.08
27748800,279.67
27752400,279.59
27756000,280.17
27759600,284.65
27763200,288.68
27766800,291.41
27770400,292.66
27774000,293.48
27777600,293.95
27781200,294.03
27784800,293.73
27788400,293.05
27792000,291.75
27795600,288.4
27799200,286.84
27802800,285.55
27806400,284.25
27810000,283.33
27813600,282.78
27817200,282.54
27820800,287.7
27824400,288.05
27828000,288.42
27831600,288.22
27835200,287.61
27838800,287.34
27842400,288.31
27846000,290.27
27849600,292.78
27853200,294.59
27856800,296.02
27860400,297.02
27864000,297.72
27867600,297.98
27871200,297.9
27874800,298.0
27878400,297.63
27882000,295.45
27885600,292.27
27889200,291.23
27892800,290.43
27896400,289.68
27900000,289.04
27903600,288.73
27907200,288.66
27910800,288.6
27914400,288.66
27918000,288.89
27921600,289.07
27925200,289.0
27928800,289.83
27932400,292.95
27936000,295.85
27939600,298.16
27943200,299.79
27946800,301.01
27950400,301.86
27954000,302.36
27957600,302.4
27961200,301.96
27964800,301.01
27968400,298.43
27972000,294.62
27975600,293.41
27979200,292.54
27982800,291.81
27986400,291.17
27990000,290.55
27993600,289.95
27997200,289.39
28000800,288.88
28004400,288.44
28008000,288.02
28011600,287.76
28015200,290.52
28018800,293.61
28022400,298.41
28026000,301.31
28029600,303.44
28033200,305.17
28036800,306.23
28040400,306.46
28044000,306.01
28047600,304.91
28051200,303.32
28054800,300.84
28058400,297.01
28062000,295.9
28065600,295.02
28069200,294.06
28072800,292.87
28076400,291.86
28080000,290.96
28083600,290.18
28087200,289.49
28090800,288.84
28094400,288.25
28098000,287.81
28101600,288.63
28105200,292.02
28108800,295.37
28112400,297.54
28116000,299.09
28119600,300.26
28123200,301.05
28126800,301.41
28130400,301.35
28134000,300.77
28137600,299.58
28141200,297.3
28144800,293.95
28148400,292.6
28152000,291.3
28155600,290.2
28159200,289.26
28162800,288.37
28166400,287.52
28170000,286.71
28173600,285.99
28177200,285.3
28180800,284.7
28184400,284.27
28188000,286.42
28191600,289.51
28195200,293.76
28198800,297.66
28202400,299.77
28206000,301.19
28209600,302.05
28213200,302.12
28216800,302.01
28220400,301.46
28224000,300.05
28227600,297.52
28231200,294.76
28234800,292.2
28238400,290.41
28242000,289.53
28245600,289.0
28249200,288.02
28252800,287.5
28256400,287.45
28260000,286.61
28263600,286.05
28267200,285.92
28270800,285.77
28274400,287.42
28278000,290.37
28281600,294.02
28285200,298.26
28288800,301.3
28292400,302.78
28296000,303.71
28299600,304.16
28303200,304.14
28306800,303.63
28310400,302.56
28314000,299.09
28317600,295.45
28321200,294.38
28324800,293.49
28328400,292.57
28332000,291.61
28335600,290.7
28339200,290.16
28342800,289.52
28346400,288.88
28350000,288.36
28353600,287.96
28357200,287.73
28360800,289.9
28364400,292.61
28368000,296.24
28371600,299.3
28375200,301.27
28378800,302.73
28382400,303.9
28386000,304.67
28389600,305.11
28393200,305.02
28396800,303.92
28400400,300.31
28404000,297.8
28407600,296.83
28411200,294.77
28414800,293.38
28418400,292.16
28422000,291.8
28425600,280.23
28429200,279.49
28432800,278.88
28436400,278.48
28440000,278.78
28443600,279.49
28447200,280.08
28450800,281.04
28454400,283.4
28458000,286.84
28461600,290.7
28465200,292.64
28468800,293.48
28472400,293.83
28476000,293.72
28479600,293.0
28483200,289.6
28486800,287.16
28490400,285.92
28494000,284.84
28497600,284.0
28501200,283.39
28504800,282.85
28508400,282.39
28512000,282.05
28515600,281.66
28519200,281.1
28522800,280.69
28526400,280.56
28530000,280.48
28533600,280.17
28537200,281.15
28540800,283.82
28544400,287.41
28548000,291.79
28551600,293.85
28555200,294.67
28558800,294.84
28562400,294.17
28566000,292.71
28569600,289.07
28573200,284.92
28576800,283.85
28580400,283.08
28584000,282.54
28587600,282.07
28591200,281.51
28594800,280.84
28598400,280.19
28602000,279.47
28605600,278.72
28609200,278.02
28612800,277.49
28616400,277.45
28620000,277.51
28623600,280.47
28627200,284.27
28630800,289.16
28634400,292.5
28638000,293.67
28641600,293.88
28645200,293.38
28648800,292.35
28652400,290.9
28656000,287.95
28659600,284.24
28663200,283.33
28666800,283.14
28670400,283.59
28674000,283.81
28677600,283.15
28681200,282.21
28684800,281.39
28688400,280.6
28692000,280.05
28695600,279.79
28699200,279.6
28702800,279.24
28706400,278.52
28710000,279.34
28713600,282.75
28717200,286.63
28720800,290.84
28724400,293.46
28728000,294.78
28731600,295.09
28735200,294.22
28738800,292.1
28742400,289.79
28746000,287.78
28749600,286.77
28753200,285.95
28756800,285.3
28760400,284.34
28764000,283.42
28767600,282.53
28771200,281.66
28774800,280.99
28778400,280.23
28782000,279.31
28785600,278.82
28789200,278.52
28792800,278.21
28796400,280.85
28800000,283.98
28803600,288.88
28807200,292.27
28810800,294.02
28814400,295.05
28818000,295.48
28821600,294.96
28825200,293.38
28828800,290.48
28832400,286.76
28836000,285.58
28839600,284.61
28843200,283.63
28846800,282.62
28850400,281.65
28854000,280.75
28857600,280.0
28861200,279.52
28864800,279.26
28868400,279.16
28872000,279.31
28875600,279.59
28879200,279.76
28882800,281.48
28886400,285.07
28890000,288.91
28893600,293.26
28897200,295.73
28900800,296.97
28904400,297.31
28908000,296.99
28911600,295.84
28915200,291.35
28918800,287.97
28922400,287.35
28926000,287.04
28929600,286.14
28933200,285.44
28936800,285.04
28940400,284.3
28944000,283.69
28947600,282.76
28951200,281.38
28954800,279.8
28958400,278.53
28962000,277.69
28965600,277.18
28969200,278.45
28972800,281.02
28976400,283.44
28980000,284.91
28983600,285.84
28987200,286.46
28990800,286.79
28994400,286.53
28998000,285.62
29001600,283.32
29005200,279.78
29008800,278.67
29012400,277.88
29016000,277.2
29019600,276.64
29023200,276.13
29026800,275.69
29030400,266.6
29034000,265.68
29037600,264.97
29041200,264.14
29044800,263.38
29048400,262.91
29052000,262.43
29055600,262.02
29059200,261.91
29062800,262.31
29066400,262.76
29070000,262.92
29073600,263.74
29077200,263.73
29080800,263.51
29084400,262.74
29088000,261.52
29091600,260.64
29095200,259.8
29098800,259.29
29102400,259.03
29106000,258.77
29109600,258.57
29113200,258.23
29116800,258.23
29120400,258.28
29124000,258.22
29127600,258.07
29131200,257.65
29134800,257.41
29138400,257.05
29142000,256.79
29145600,258.69
29149200,260.77
29152800,262.46
29156400,263.65
29160000,264.59
29163600,265.09
29167200,264.98
29170800,263.8
29174400,261.39
29178000,259.48
29181600,258.29
29185200,257.57
29188800,257.04
29192400,256.48
29196000,255.98
29199600,255.52
29203200,255.01
29206800,254.48
29210400,254.05
29214000,253.68
29217600,253.38
29221200,253.13
29224800,252.95
29228400,253.55
29232000,256.11
29235600,259.69
29239200,262.67
29242800,264.57
29246400,265.73
29250000,266.09
29253600,265.56
29257200,264.22
29260800,261.88
29264400,260.01
29268000,259.09
29271600,258.55
29275200,258.11
29278800,257.7
29282400,257.26
29286000,256.74
29289600,256.27
29293200,255.86
29296800,255.49
29300400,255.27
29304000,255.52
29307600,256.15
29311200,256.59
29314800,257.33
29318400,259.46
29322000,262.02
29325600,264.37
29329200,265.54
29332800,266.01
29336400,265.77
29340000,265.15
29343600,264.02
29347200,262.44
29350800,261.33
29354400,260.7
29358000,260.2
29361600,259.6
29365200,259.56
29368800,259.77
29372400,259.73
29376000,259.23
29379600,258.44
29383200,257.99
29386800,257.48
29390400,256.92
29394000,256.73
29397600,256.95
29401200,258.05
29404800,260.63
29408400,263.04
29412000,264.98
29415600,266.28
29419200,267.12
29422800,267.34
29426400,266.83
29430000,265.62
29433600,263.18
29437200,261.4
29440800,260.56
29444400,260.05
29448000,259.65
29451600,259.35
29455200,258.95
29458800,258.26
29462400,257.63
29466000,257.02
29469600,256.48
29473200,256.12
29476800,256.08
29480400,256.2
29484000,256.41
29487600,257.37
29491200,259.84
29494800,263.22
29498400,265.8
29502000,267.41
29505600,268.19
29509200,268.07
29512800,267.53
29516400,266.61
29520000,264.73
29523600,263.45
29527200,262.83
29530800,262.41
29534400,262.09
29538000,261.97
29541600,261.95
29545200,261.88
29548800,261.7
29552400,261.13
29556000,260.59
29559600,259.67
29563200,258.99
29566800,258.25
29570400,257.51
29574000,257.61
29577600,260.46
29581200,262.68
29584800,263.76
29588400,264.42
29592000,264.84
29595600,264.73
29599200,263.98
29602800,262.64
29606400,260.53
29610000,258.56
29613600,257.66
29617200,257.66
29620800,258.12
29624400,258.23
29628000,257.82
29631600,257.13
29635200,263.2
29638800,262.52
29642400,261.84
29646000,261.16
29649600,260.55
29653200,260.16
29656800,259.91
29660400,260.2
29664000,263.13
29667600,266.2
29671200,270.27
29674800,273.13
29678400,274.82
29682000,275.58
29685600,275.47
29689200,273.52
29692800,269.89
29696400,268.55
29700000,267.73
29703600,267.1
29707200,266.7
29710800,266.77
29714400,266.38
29718000,265.92
29721600,266.23
29725200,267.04
29728800,267.38
29732400,267.39
29736000,267.11
29739600,266.64
29743200,266.34
29746800,266.31
29750400,267.66
29754000,269.81
29757600,272.2
29761200,274.89
29764800,277.13
29768400,278.68
29772000,277.82
29775600,275.36
29779200,273.44
29782800,272.59
29786400,271.41
29790000,270.13
29793600,269.13
29797200,268.38
29800800,267.76
29804400,267.34
29808000,267.06
29811600,266.84
29815200,266.68
29818800,266.55
29822400,266.68
29826000,266.92
29829600,266.69
29833200,266.56
29836800,268.74
29840400,271.51
29844000,273.25
29847600,274.69
29851200,275.97
29854800,277.49
29858400,277.81
29862000,275.57
29865600,273.35
29869200,272.73
29872800,272.6
29876400,272.28
29880000,271.96
29883600,271.62
29887200,271.13
29890800,270.23
29894400,268.73
29898000,267.16
29901600,266.13
29905200,265.55
29908800,265.16
29912400,264.8
29916000,264.63
29919600,264.98
29923200,267.87
29926800,270.35
29930400,272.66
29934000,275.02
29937600,276.77
29941200,277.2
29944800,277.08
29948400,275.52
29952000,274.17
29955600,273.97
29959200,273.84
29962800,273.49
29966400,273.13
29970000,272.77
29973600,272.25
29977200,271.59
29980800,271.29
29984400,270.98
29988000,270.15
29991600,269.33
29995200,267.98
29998800,266.28
30002400,264.98
30006000,264.58
30009600,267.45
30013200,270.24
30016800,272.47
30020400,274.23
30024000,275.88
30027600,276.73
30031200,276.63
30034800,274.47
30038400,272.98
30042000,272.71
30045600,272.67
30049200,272.13
30052800,271.69
30056400,271.4
30060000,271.21
30063600,270.88
30067200,270.14
30070800,269.2
30074400,268.41
30078000,267.8
30081600,267.26
30085200,266.79
30088800,266.55
30092400,266.55
30096000,267.68
30099600,268.84
30103200,271.09
30106800,273.27
30110400,274.85
30114000,275.71
30117600,275.7
30121200,274.15
30124800,272.47
30128400,272.18
30132000,272.21
30135600,271.91
30139200,271.59
30142800,271.41
30146400,271.41
30150000,271.14
30153600,270.65
30157200,269.83
30160800,269.17
30164400,268.93
30168000,268.5
30171600,268.21
30175200,268.09
30178800,267.67
30182400,269.26
30186000,272.33
30189600,274.8
30193200,276.44
30196800,277.12
30200400,277.37
30204000,277.32
30207600,276.05
30211200,272.9
30214800,271.5
30218400,271.55
30222000,270.91
30225600,270.3
30229200,269.8
30232800,269.04
30236400,267.78
30240000,258.13
30243600,257.43
30247200,256.92
30250800,256.57
30254400,256.32
30258000,256.12
30261600,255.9
30265200,256.23
30268800,258.01
30272400,259.84
30276000,260.52
30279600,260.23
30283200,259.89
30286800,259.72
30290400,259.27
30294000,258.36
30297600,257.31
30301200,256.84
30304800,256.58
30308400,256.44
30312000,256.33
30315600,256.03
30319200,255.36
30322800,254.7
30326400,254.44
30330000,254.39
30333600,254.34
30337200,254.42
30340800,254.75
30344400,255.16
30348000,255.48
30351600,255.71
30355200,257.52
30358800,260.65
30362400,263.29
30366000,264.89
30369600,265.98
30373200,266.57
30376800,266.54
30380400,265.71
30384000,263.7
30387600,262.31
30391200,261.61
30394800,261.11
30398400,260.64
30402000,260.2
30405600,259.87
30409200,259.59
30412800,259.3
30416400,258.98
30420000,258.62
30423600,258.23
30427200,257.95
30430800,257.84
30434400,257.69
30438000,257.86
30441600,260.55
30445200,263.64
30448800,267.73
30452400,271.09
30456000,273.16
30459600,274.12
30463200,273.78
30466800,271.26
30470400,267.05
30474000,265.02
30477600,263.8
30481200,262.98
30484800,262.41
30488400,261.97
30492000,261.58
30495600,261.19
30499200,260.81
30502800,260.44
30506400,260.09
30510000,259.79
30513600,259.53
30517200,259.29
30520800,259.07
30524400,259.16
30528000,261.73
30531600,264.53
30535200,267.73
30538800,269.73
30542400,270.74
30546000,271.0
30549600,270.48
30553200,268.88
30556800,266.3
30560400,264.66
30564000,263.87
30567600,263.56
30571200,263.59
30574800,264.01
30578400,263.87
30582000,263.35
30585600,263.01
30589200,262.52
30592800,262.0
30596400,261.78
30600000,261.43
30603600,261.3
30607200,261.69
30610800,262.11
30614400,263.19
30618000,265.43
30621600,267.45
30625200,268.37
30628800,268.73
30632400,268.71
30636000,268.2
30639600,267.01
30643200,264.51
30646800,262.92
30650400,262.17
30654000,261.7
30657600,261.65
30661200,262.23
30664800,263.06
30668400,263.2
30672000,263.18
30675600,263.27
30679200,263.43
30682800,263.39
30686400,262.83
30690000,262.47
30693600,262.41
30697200,262.59
30700800,264.39
30704400,266.48
30708000,267.57
30711600,268.0
30715200,268.12
30718800,267.91
30722400,267.38
30726000,266.34
30729600,264.1
30733200,262.8
30736800,263.0
30740400,263.12
30744000,262.84
30747600,262.42
30751200,261.88
30754800,261.24
30758400,260.72
30762000,260.48
30765600,260.38
30769200,260.32
30772800,260.26
30776400,260.16
30780000,260.09
30783600,260.38
30787200,263.6
30790800,266.34
30794400,269.52
30798000,272.94
30801600,274.78
30805200,275.7
30808800,275.66
30812400,273.73
30816000,271.73
30819600,270.2
30823200,268.62
30826800,267.33
30830400,266.42
30834000,265.87
30837600,265.31
30841200,264.61
30844800,261.28
30848400,261.08
30852000,260.99
30855600,260.87
30859200,260.56
30862800,260.27
30866400,260.14
30870000,260.95
30873600,263.24
30877200,265.92
30880800,268.37
30884400,270.13
30888000,271.53
30891600,272.34
30895200,272.67
30898800,272.22
30902400,269.88
30906000,269.05
30909600,268.69
30913200,267.74
30916800,266.98
30920400,266.55
30924000,266.2
30927600,265.83
30931200,265.51
30934800,265.16
30938400,264.9
30942000,264.88
30945600,264.86
30949200,264.52
30952800,264.38
30956400,265.48
30960000,268.12
30963600,271.01
30967200,273.63
30970800,275.88
30974400,277.15
30978000,277.53
30981600,277.1
30985200,274.95
30988800,271.37
30992400,270.53
30996000,270.38
30999600,270.11
31003200,269.83
31006800,269.68
31010400,269.04
31014000,268.23
31017600,267.75
31021200,267.59
31024800,267.46
31028400,267.74
31032000,268.28
31035600,268.72
31039200,269.14
31042800,269.85
31046400,271.84
31050000,275.51
31053600,278.66
31057200,279.75
31060800,279.55
31064400,279.22
31068000,278.53
31071600,276.81
31075200,273.55
31078800,272.14
31082400,271.8
31086000,271.54
31089600,271.39
31093200,271.67
31096800,271.53
31100400,271.05
31104000,270.66
31107600,270.37
31111200,270.22
31114800,270.08
31118400,269.72
31122000,268.85
31125600,267.77
31129200,267.48
31132800,268.84
31136400,270.36
31140000,271.67
31143600,272.3
31147200,272.51
31150800,272.39
31154400,271.91
31158000,271.0
31161600,269.09
31165200,268.37
31168800,268.91
31172400,267.95
31176000,266.49
31179600,265.87
31183200,265.53
31186800,265.13
31190400,264.76
31194000,264.39
31197600,264.12
31201200,263.92
31204800,263.78
31208400,263.67
31212000,263.58
31215600,264.44
31219200,267.9
31222800,270.65
31226400,271.3
31230000,271.05
31233600,270.59
31237200,269.97
31240800,269.45
31244400,268.65
31248000,267.09
31251600,265.58
31255200,264.27
31258800,263.14
31262400,262.38
31266000,261.8
31269600,261.38
31273200,260.97
31276800,260.57
31280400,260.21
31284000,259.89
31287600,259.63
31291200,259.43
31294800,259.32
31298400,259.27
31302000,260.06
31305600,262.73
31309200,265.89
31312800,268.3
31316400,269.88
31320000,270.96
31323600,271.35
31327200,271.03
31330800,270.08
31334400,268.25
31338000,266.59
31341600,265.49
31345200,264.66
31348800,264.02
31352400,263.49
31356000,263.06
31359600,262.72
31363200,262.42
31366800,262.14
31370400,261.87
31374000,261.63
31377600,261.45
31381200,261.34
31384800,261.28
31388400,261.95
31392000,264.98
31395600,268.34
31399200,270.98
31402800,272.26
31406400,272.89
31410000,272.8
31413600,272.02
31417200,270.75
31420800,268.77
31424400,267.58
31428000,266.55
31431600,266.05
31435200,265.41
31438800,264.57
31442400,263.88
31446000,263.4
31449600,259.3
31453200,258.98
31456800,258.62
31460400,258.23
31464000,257.95
31467600,257.84
31471200,257.69
31474800,257.86
31478400,260.55
31482000,263.64
31485600,267.73
31489200,271.09
31492800,273.16
31496400,274.12
31500000,273.78
31503600,271.26
31507200,267.05
31510800,265.02
31514400,263.8
31518000,262.98
31521600,262.41
31525200,261.97
31528800,261.58
31532400,261.19
31536000,261.19
