time,value
0,1.45
3600,1.33
7200,1.09
10800,1.02
14400,1.51
18000,1.74
21600,1.19
25200,1.43
28800,3.24
32400,4.63
36000,5.29
39600,5.45
43200,5.35
46800,5.11
50400,5.2
54000,5.14
57600,4.06
61200,2.48
64800,1.12
68400,0.88
72000,0.94
75600,1.11
79200,1.25
82800,1.46
86400,1.69
90000,1.82
93600,1.68
97200,1.44
100800,1.21
104400,1.04
108000,0.96
111600,0.8
115200,1.24
118800,0.86
122400,1.08
126000,1.23
129600,1.16
133200,1.17
136800,1.31
140400,0.93
144000,0.57
147600,0.59
151200,0.54
154800,0.39
158400,0.28
162000,0.24
165600,0.48
169200,0.82
172800,1.03
176400,1.15
180000,1.23
183600,1.31
187200,1.35
190800,1.37
194400,1.4
198000,1.37
201600,1.66
205200,2.09
208800,2.72
212400,3.08
216000,3.32
219600,3.43
223200,3.44
226800,2.58
230400,1.58
234000,1.6
237600,1.57
241200,1.45
244800,1.35
248400,1.28
252000,1.22
255600,1.17
259200,1.14
262800,1.08
266400,1.03
270000,0.97
273600,0.91
277200,0.85
280800,0.8
284400,0.79
288000,1.0
291600,1.23
295200,0.81
298800,0.94
302400,1.33
306000,1.65
309600,1.86
313200,1.2
316800,1.02
320400,1.04
324000,1.07
327600,1.13
331200,1.17
334800,1.18
338400,1.23
342000,1.3
345600,1.37
349200,1.46
352800,1.64
356400,1.81
360000,1.74
363600,1.58
367200,1.43
370800,1.16
374400,0.81
378000,0.43
381600,0.84
385200,1.65
388800,1.9
392400,1.7
396000,1.27
399600,0.75
403200,0.57
406800,0.7
410400,0.72
414000,0.7
417600,0.7
421200,0.68
424800,0.61
428400,0.56
432000,0.83
435600,1.05
439200,1.22
442800,1.39
446400,1.47
450000,1.43
453600,1.25
457200,0.95
460800,0.59
464400,0.67
468000,0.17
471600,0.84
475200,1.47
478800,2.18
482400,2.6
486000,1.62
489600,1.54
493200,1.47
496800,1.47
500400,1.45
504000,1.34
507600,1.33
511200,1.36
514800,1.35
518400,1.33
522000,1.33
525600,1.33
529200,1.3
532800,1.21
536400,1.07
540000,0.96
543600,0.87
547200,0.81
550800,0.49
554400,1.1
558000,1.72
561600,2.07
565200,2.33
568800,2.46
572400,1.59
576000,1.35
579600,1.4
583200,1.38
586800,1.35
590400,1.28
594000,1.22
597600,1.26
601200,1.38
604800,1.38
608400,1.38
612000,1.41
615600,1.46
619200,1.47
622800,1.47
626400,1.46
630000,1.39
633600,1.49
637200,1.48
640800,0.89
644400,1.07
648000,1.03
651600,1.05
655200,1.24
658800,1.14
662400,1.03
666000,1.2
669600,1.25
673200,1.23
676800,1.17
680400,1.09
684000,0.96
687600,0.8
691200,0.54
694800,0.25
698400,0.41
702000,0.66
705600,0.89
709200,1.06
712800,1.16
716400,1.15
720000,1.59
723600,2.13
727200,2.12
730800,1.77
734400,1.38
738000,0.76
741600,0.13
745200,0.43
748800,0.72
752400,0.59
756000,0.65
759600,1.13
763200,1.72
766800,3.13
770400,4.17
774000,4.05
777600,3.71
781200,3.18
784800,2.81
788400,2.28
792000,2.19
795600,2.23
799200,2.28
802800,2.51
806400,3.97
810000,5.81
813600,6.73
817200,6.6
820800,6.41
824400,6.16
828000,5.77
831600,4.97
835200,2.48
838800,1.56
842400,1.35
846000,1.3
849600,1.32
853200,1.33
856800,1.38
860400,1.43
864000,1.44
867600,1.43
871200,1.38
874800,1.33
878400,1.27
882000,1.24
885600,1.24
889200,1.18
892800,1.35
896400,1.35
900000,1.67
903600,2.4
907200,3.09
910800,3.72
914400,4.39
918000,4.83
921600,3.98
925200,3.33
928800,2.77
932400,2.2
936000,1.7
939600,1.67
943200,1.97
946800,2.08
950400,1.93
954000,1.77
957600,1.68
961200,1.63
964800,1.51
968400,1.39
972000,1.37
975600,1.37
979200,2.09
982800,2.64
986400,3.0
990000,3.18
993600,3.23
997200,3.2
1000800,3.15
1004400,2.28
1008000,1.32
1011600,1.39
1015200,1.39
1018800,1.39
1022400,1.42
1026000,1.5
1029600,1.61
1033200,1.73
1036800,1.8
1040400,1.8
1044000,1.79
1047600,1.77
1051200,1.67
1054800,1.56
1058400,1.48
1062000,1.39
1065600,1.96
1069200,1.98
1072800,2.26
1076400,2.72
1080000,2.99
1083600,3.32
1087200,3.72
1090800,3.35
1094400,2.02
1098000,1.82
1101600,1.55
1105200,1.36
1108800,1.34
1112400,1.33
1116000,1.38
1119600,1.43
1123200,1.43
1126800,1.39
1130400,1.32
1134000,1.22
1137600,1.03
1141200,0.84
1144800,0.8
1148400,0.81
1152000,0.8
1155600,0.99
1159200,1.39
1162800,1.76
1166400,1.93
1170000,1.96
1173600,1.85
1177200,1.13
1180800,1.04
1184400,1.2
1188000,1.29
1191600,1.35
1195200,1.38
1198800,1.36
1202400,1.29
1206000,1.18
1209600,1.38
1213200,1.38
1216800,1.41
1220400,1.46
1224000,1.47
1227600,1.47
1231200,1.46
1234800,1.39
1238400,1.49
1242000,1.48
1245600,0.89
1249200,1.07
1252800,1.03
1256400,1.05
1260000,1.24
1263600,1.14
1267200,1.03
1270800,1.2
1274400,1.25
1278000,1.23
1281600,1.17
1285200,1.09
1288800,0.96
1292400,0.8
1296000,0.54
1299600,0.25
1303200,0.41
1306800,0.66
1310400,0.89
1314000,1.06
1317600,1.16
1321200,1.15
1324800,1.59
1328400,2.13
1332000,2.12
1335600,1.77
1339200,1.38
1342800,0.76
1346400,0.13
1350000,0.43
1353600,0.72
1357200,0.59
1360800,0.65
1364400,1.13
1368000,1.72
1371600,3.13
1375200,4.17
1378800,4.05
1382400,3.71
1386000,3.18
1389600,2.81
1393200,2.28
1396800,2.19
1400400,2.23
1404000,2.28
1407600,2.51
1411200,3.97
1414800,5.81
1418400,6.73
1422000,6.6
1425600,6.41
1429200,6.16
1432800,5.77
1436400,4.97
1440000,2.48
1443600,1.56
1447200,1.35
1450800,1.3
1454400,1.32
1458000,1.33
1461600,1.38
1465200,1.43
1468800,1.44
1472400,1.43
1476000,1.38
1479600,1.33
1483200,1.27
1486800,1.24
1490400,1.24
1494000,1.18
1497600,1.35
1501200,1.35
1504800,1.67
1508400,2.4
1512000,3.09
1515600,3.72
1519200,4.39
1522800,4.83
1526400,3.98
1530000,3.33
1533600,2.77
1537200,2.2
1540800,1.7
1544400,1.67
1548000,1.97
1551600,2.08
1555200,1.93
1558800,1.77
1562400,1.68
1566000,1.63
1569600,1.51
1573200,1.39
1576800,1.37
1580400,1.37
1584000,2.09
1587600,2.64
1591200,3.0
1594800,3.18
1598400,3.23
1602000,3.2
1605600,3.15
1609200,2.28
1612800,1.32
1616400,1.39
1620000,1.39
1623600,1.39
1627200,1.42
1630800,1.5
1634400,1.61
1638000,1.73
1641600,1.8
1645200,1.8
1648800,1.79
1652400,1.77
1656000,1.67
1659600,1.56
1663200,1.48
1666800,1.39
1670400,1.96
1674000,1.98
1677600,2.26
1681200,2.72
1684800,2.99
1688400,3.32
1692000,3.72
1695600,3.35
1699200,2.02
1702800,1.82
1706400,1.55
1710000,1.36
1713600,1.34
1717200,1.33
1720800,1.38
1724400,1.43
1728000,1.43
1731600,1.39
1735200,1.32
1738800,1.22
1742400,1.03
1746000,0.84
1749600,0.8
1753200,0.81
1756800,0.8
1760400,0.99
1764000,1.39
1767600,1.76
1771200,1.93
1774800,1.96
1778400,1.85
1782000,1.13
1785600,1.04
1789200,1.2
1792800,1.29
1796400,1.35
1800000,1.38
1803600,1.36
1807200,1.29
1810800,1.18
1814400,2.06
1818000,1.73
1821600,1.61
1825200,1.63
1828800,1.69
1832400,1.79
1836000,1.95
1839600,2.41
1843200,4.54
1846800,6.25
1850400,6.89
1854000,7.04
1857600,7.03
1861200,7.03
1864800,7.17
1868400,7.04
1872000,5.78
1875600,4.77
1879200,4.53
1882800,4.51
1886400,4.6
1890000,4.3
1893600,3.42
1897200,2.94
1900800,3.21
1904400,3.77
1908000,4.18
1911600,4.63
1915200,5.11
1918800,5.53
1922400,5.54
1926000,5.33
1929600,5.69
1933200,6.92
1936800,7.39
1940400,7.51
1944000,7.47
1947600,7.52
1951200,7.45
1954800,6.47
1958400,4.31
1962000,3.71
1965600,3.79
1969200,3.88
1972800,3.89
1976400,3.8
1980000,3.88
1983600,3.88
1987200,3.78
1990800,3.61
1994400,3.36
1998000,3.11
2001600,2.8
2005200,2.59
2008800,2.41
2012400,2.23
2016000,3.1
2019600,2.89
2023200,3.54
2026800,4.42
2030400,4.64
2034000,4.75
2037600,4.56
2041200,2.82
2044800,2.03
2048400,2.18
2052000,2.42
2055600,2.52
2059200,2.46
2062800,2.4
2066400,2.39
2070000,2.36
2073600,2.26
2077200,2.08
2080800,1.89
2084400,1.76
2088000,1.63
2091600,1.57
2095200,1.56
2098800,1.53
2102400,2.31
2106000,2.96
2109600,4.14
2113200,4.83
2116800,5.42
2120400,5.88
2124000,6.1
2127600,5.57
2131200,3.95
2134800,3.1
2138400,2.9
2142000,3.13
2145600,3.4
2149200,3.59
2152800,3.54
2156400,3.7
2160000,4.45
2163600,4.58
2167200,4.69
2170800,4.97
2174400,4.69
2178000,4.5
2181600,4.76
2185200,4.83
2188800,4.7
2192400,5.14
2196000,6.12
2199600,6.39
2203200,6.81
2206800,6.97
2210400,6.66
2214000,5.61
2217600,2.75
2221200,1.67
2224800,1.48
2228400,1.67
2232000,2.05
2235600,2.66
2239200,3.49
2242800,3.61
2246400,3.6
2250000,3.65
2253600,3.71
2257200,3.78
2260800,3.32
2264400,3.29
2268000,3.75
2271600,4.55
2275200,5.43
2278800,7.76
2282400,8.73
2286000,8.68
2289600,8.39
2293200,8.02
2296800,7.41
2300400,6.08
2304000,2.7
2307600,1.33
2311200,1.05
2314800,0.83
2318400,0.89
2322000,1.06
2325600,1.23
2329200,1.35
2332800,1.45
2336400,1.54
2340000,1.6
2343600,1.65
2347200,1.69
2350800,1.74
2354400,1.77
2358000,1.76
2361600,2.25
2365200,2.62
2368800,2.42
2372400,2.9
2376000,2.9
2379600,2.75
2383200,2.29
2386800,0.97
2390400,1.02
2394000,1.15
2397600,1.23
2401200,1.29
2404800,1.34
2408400,1.34
2412000,1.35
2415600,1.37
2419200,2.06
2422800,1.73
2426400,1.61
2430000,1.63
2433600,1.69
2437200,1.79
2440800,1.95
2444400,2.41
2448000,4.54
2451600,6.25
2455200,6.89
2458800,7.04
2462400,7.03
2466000,7.03
2469600,7.17
2473200,7.04
2476800,5.78
2480400,4.77
2484000,4.53
2487600,4.51
2491200,4.6
2494800,4.3
2498400,3.42
2502000,2.94
2505600,3.21
2509200,3.77
2512800,4.18
2516400,4.63
2520000,5.11
2523600,5.53
2527200,5.54
2530800,5.33
2534400,5.69
2538000,6.92
2541600,7.39
2545200,7.51
2548800,7.47
2552400,7.52
2556000,7.45
2559600,6.47
2563200,4.31
2566800,3.71
2570400,3.79
2574000,3.88
2577600,3.89
2581200,3.8
2584800,3.88
2588400,3.88
2592000,3.78
2595600,3.61
2599200,3.36
2602800,3.11
2606400,2.8
2610000,2.59
2613600,2.41
2617200,2.23
2620800,3.1
2624400,2.89
2628000,3.54
2631600,4.42
2635200,4.64
2638800,4.75
2642400,4.56
2646000,2.82
2649600,2.03
2653200,2.18
2656800,2.42
2660400,2.52
2664000,2.46
2667600,2.4
2671200,2.39
2674800,2.36
2678400,2.26
2682000,2.08
2685600,1.89
2689200,1.76
2692800,1.63
2696400,1.57
2700000,1.56
2703600,1.53
2707200,2.31
2710800,2.96
2714400,4.14
2718000,4.83
2721600,5.42
2725200,5.88
2728800,6.1
2732400,5.57
2736000,3.95
2739600,3.1
2743200,2.9
2746800,3.13
2750400,3.4
2754000,3.59
2757600,3.54
2761200,3.7
2764800,4.45
2768400,4.58
2772000,4.69
2775600,4.97
2779200,4.69
2782800,4.5
2786400,4.76
2790000,4.83
2793600,4.7
2797200,5.14
2800800,6.12
2804400,6.39
2808000,6.81
2811600,6.97
2815200,6.66
2818800,5.61
2822400,2.75
2826000,1.67
2829600,1.48
2833200,1.67
2836800,2.05
2840400,2.66
2844000,3.49
2847600,3.61
2851200,3.6
2854800,3.65
2858400,3.71
2862000,3.78
2865600,3.32
2869200,3.29
2872800,3.75
2876400,4.55
2880000,5.43
2883600,7.76
2887200,8.73
2890800,8.68
2894400,8.39
2898000,8.02
2901600,7.41
2905200,6.08
2908800,2.7
2912400,1.33
2916000,1.05
2919600,0.83
2923200,0.89
2926800,1.06
2930400,1.23
2934000,1.35
2937600,1.45
2941200,1.54
2944800,1.6
2948400,1.65
2952000,1.69
2955600,1.74
2959200,1.77
2962800,1.76
2966400,2.25
2970000,2.62
2973600,2.42
2977200,2.9
2980800,2.9
2984400,2.75
2988000,2.29
2991600,0.97
2995200,1.02
2998800,1.15
3002400,1.23
3006000,1.29
3009600,1.34
3013200,1.34
3016800,1.35
3020400,1.37
3024000,2.12
3027600,2.14
3031200,2.33
3034800,2.64
3038400,2.92
3042000,3.28
3045600,3.49
3049200,4.7
3052800,6.91
3056400,8.3
3060000,8.55
3063600,8.63
3067200,8.62
3070800,8.46
3074400,8.02
3078000,7.11
3081600,4.42
3085200,2.15
3088800,1.7
3092400,1.58
3096000,1.6
3099600,1.58
3103200,1.57
3106800,1.6
3110400,1.58
3114000,1.48
3117600,1.39
3121200,1.35
3124800,1.48
3128400,2.32
3132000,3.52
3135600,4.53
3139200,4.93
3142800,4.78
3146400,5.66
3150000,6.75
3153600,6.72
3157200,6.43
3160800,6.03
3164400,5.22
3168000,3.11
3171600,2.43
3175200,2.28
3178800,2.46
3182400,3.66
3186000,5.99
3189600,7.24
3193200,7.21
3196800,6.7
3200400,5.59
3204000,4.38
3207600,4.2
3211200,5.1
3214800,5.97
3218400,5.84
3222000,5.67
3225600,6.7
3229200,7.44
3232800,7.81
3236400,8.06
3240000,8.45
3243600,8.73
3247200,8.7
3250800,8.31
3254400,6.58
3258000,4.46
3261600,3.08
3265200,2.17
3268800,1.8
3272400,1.64
3276000,1.7
3279600,1.8
3283200,1.7
3286800,1.54
3290400,1.4
3294000,1.24
3297600,1.1
3301200,0.99
3304800,0.88
3308400,1.16
3312000,1.68
3315600,2.86
3319200,3.97
3322800,4.71
3326400,5.13
3330000,5.34
3333600,5.29
3337200,4.7
3340800,2.38
3344400,2.28
3348000,2.47
3351600,2.35
3355200,2.14
3358800,1.99
3362400,1.89
3366000,1.86
3369600,1.92
3373200,1.97
3376800,1.96
3380400,1.94
3384000,1.85
3387600,1.83
3391200,1.87
3394800,2.23
3398400,3.07
3402000,4.19
3405600,4.72
3409200,5.29
3412800,6.02
3416400,6.47
3420000,6.54
3423600,6.08
3427200,4.63
3430800,3.36
3434400,2.7
3438000,2.33
3441600,2.14
3445200,2.04
3448800,2.02
3452400,1.74
3456000,1.6
3459600,1.5
3463200,1.42
3466800,1.4
3470400,1.42
3474000,1.58
3477600,1.83
3481200,3.09
3484800,4.5
3488400,5.33
3492000,5.71
3495600,6.09
3499200,6.39
3502800,6.69
3506400,6.86
3510000,6.46
3513600,4.13
3517200,1.94
3520800,1.67
3524400,1.77
3528000,1.9
3531600,2.06
3535200,2.22
3538800,2.23
3542400,2.29
3546000,2.39
3549600,2.41
3553200,2.35
3556800,1.92
3560400,1.39
3564000,1.07
3567600,1.7
3571200,1.49
3574800,1.53
3578400,2.08
3582000,2.55
3585600,2.95
3589200,3.44
3592800,3.92
3596400,4.18
3600000,3.2
3603600,3.42
3607200,3.73
3610800,3.05
3614400,2.49
3618000,2.31
3621600,2.72
3625200,3.27
3628800,0.97
3632400,0.94
3636000,0.91
3639600,0.89
3643200,0.94
3646800,1.06
3650400,1.28
3654000,2.03
3657600,3.21
3661200,3.34
3664800,3.25
3668400,3.14
3672000,3.05
3675600,2.99
3679200,2.99
3682800,2.81
3686400,1.46
3690000,1.64
3693600,1.69
3697200,1.45
3700800,1.16
3704400,0.94
3708000,0.92
3711600,1.13
3715200,1.25
3718800,1.13
3722400,1.01
3726000,1.12
3729600,1.28
3733200,1.4
3736800,1.59
3740400,2.13
3744000,3.67
3747600,5.2
3751200,6.13
3754800,6.27
3758400,5.95
3762000,5.51
3765600,4.93
3769200,2.84
3772800,1.72
3776400,1.51
3780000,1.38
3783600,1.28
3787200,1.31
3790800,1.44
3794400,1.55
3798000,1.61
3801600,1.69
3805200,1.78
3808800,1.78
3812400,1.77
3816000,1.75
3819600,1.84
3823200,2.1
3826800,2.63
3830400,3.8
3834000,5.92
3837600,8.24
3841200,9.05
3844800,9.07
3848400,8.72
3852000,8.02
3855600,6.31
3859200,3.77
3862800,3.01
3866400,2.89
3870000,2.79
3873600,2.85
3877200,3.53
3880800,3.6
3884400,3.04
3888000,2.66
3891600,2.88
3895200,3.57
3898800,4.24
3902400,4.26
3906000,3.83
3909600,3.55
3913200,3.85
3916800,5.64
3920400,6.32
3924000,6.6
3927600,6.66
3931200,6.54
3934800,6.43
3938400,6.13
3942000,5.37
3945600,2.48
3949200,1.04
3952800,0.37
3956400,0.86
3960000,1.28
3963600,1.59
3967200,1.75
3970800,1.73
3974400,1.71
3978000,1.73
3981600,1.77
3985200,1.81
3988800,1.73
3992400,1.61
3996000,1.67
3999600,1.87
4003200,3.42
4006800,6.91
4010400,8.95
4014000,9.12
4017600,8.79
4021200,8.19
4024800,7.57
4028400,6.99
4032000,5.8
4035600,4.29
4039200,2.76
4042800,1.77
4046400,1.59
4050000,1.68
4053600,1.87
4057200,1.96
4060800,1.94
4064400,1.86
4068000,1.73
4071600,1.63
4075200,1.51
4078800,1.48
4082400,1.5
4086000,1.86
4089600,3.13
4093200,3.28
4096800,3.56
4100400,3.9
4104000,4.33
4107600,4.79
4111200,5.06
4114800,4.84
4118400,2.74
4122000,1.43
4125600,1.3
4129200,1.54
4132800,1.92
4136400,2.24
4140000,2.47
4143600,2.62
4147200,2.59
4150800,2.34
4154400,2.12
4158000,1.98
4161600,1.81
4165200,1.62
4168800,1.48
4172400,1.46
4176000,2.77
4179600,3.48
4183200,4.84
4186800,5.62
4190400,6.14
4194000,6.4
4197600,6.3
4201200,5.67
4204800,3.08
4208400,1.62
4212000,1.13
4215600,1.1
4219200,1.19
4222800,1.32
4226400,1.53
4230000,1.76
4233600,0.96
4237200,1.03
4240800,1.06
4244400,1.14
4248000,1.14
4251600,1.08
4255200,1.04
4258800,0.98
4262400,1.12
4266000,2.09
4269600,3.8
4273200,4.93
4276800,5.97
4280400,6.75
4284000,6.89
4287600,5.34
4291200,3.24
4294800,3.68
4298400,4.26
4302000,3.58
4305600,2.94
4309200,2.55
4312800,2.31
4316400,2.2
4320000,2.1
4323600,2.06
4327200,2.01
4330800,1.91
4334400,1.83
4338000,1.85
4341600,1.94
4345200,2.1
4348800,3.39
4352400,4.64
4356000,6.49
4359600,7.35
4363200,7.73
4366800,7.74
4370400,7.33
4374000,6.25
4377600,3.39
4381200,2.05
4384800,1.77
4388400,1.82
4392000,1.98
4395600,2.24
4399200,2.38
4402800,2.23
4406400,2.01
4410000,2.06
4413600,2.21
4417200,2.37
4420800,2.26
4424400,2.07
4428000,1.96
4431600,2.04
4435200,3.12
4438800,4.48
4442400,6.54
4446000,7.54
4449600,8.11
4453200,8.07
4456800,7.69
4460400,7.04
4464000,5.25
4467600,3.84
4471200,3.18
4474800,2.67
4478400,2.42
4482000,2.34
4485600,2.61
4489200,2.93
4492800,3.52
4496400,3.16
4500000,2.5
4503600,2.26
4507200,2.22
4510800,2.23
4514400,2.23
4518000,2.99
4521600,4.81
4525200,4.77
4528800,4.32
4532400,4.33
4536000,4.96
4539600,5.79
4543200,6.49
4546800,6.76
4550400,6.03
4554000,4.0
4557600,2.35
4561200,1.68
4564800,1.48
4568400,1.31
4572000,1.19
4575600,1.07
4579200,0.77
4582800,0.38
4586400,0.14
4590000,0.64
4593600,0.94
4597200,1.1
4600800,1.22
4604400,1.48
4608000,3.32
4611600,4.56
4615200,5.32
4618800,5.5
4622400,5.19
4626000,4.64
4629600,4.13
4633200,3.54
4636800,1.66
4640400,1.63
4644000,1.64
4647600,1.57
4651200,1.48
4654800,1.44
4658400,1.4
4662000,1.35
4665600,1.36
4669200,1.29
4672800,1.2
4676400,1.14
4680000,1.22
4683600,1.3
4687200,1.17
4690800,1.08
4694400,2.05
4698000,3.24
4701600,5.29
4705200,6.21
4708800,6.66
4712400,7.12
4716000,7.11
4719600,6.51
4723200,4.04
4726800,2.78
4730400,2.47
4734000,2.38
4737600,2.44
4741200,2.45
4744800,2.42
4748400,2.45
4752000,2.31
4755600,2.05
4759200,1.85
4762800,1.84
4766400,1.76
4770000,1.7
4773600,1.67
4777200,1.61
4780800,2.41
4784400,2.57
4788000,3.14
4791600,4.04
4795200,4.82
4798800,5.51
4802400,5.96
4806000,5.93
4809600,3.95
4813200,2.14
4816800,1.71
4820400,1.67
4824000,1.81
4827600,2.08
4831200,2.41
4834800,2.51
4838400,9.06
4842000,9.04
4845600,8.9
4849200,8.76
4852800,8.3
4856400,8.08
4860000,8.17
4863600,8.13
4867200,8.13
4870800,8.25
4874400,8.2
4878000,7.9
4881600,7.67
4885200,7.48
4888800,7.4
4892400,7.18
4896000,6.33
4899600,5.47
4903200,4.35
4906800,3.6
4910400,3.75
4914000,3.85
4917600,3.66
4921200,2.79
4924800,2.46
4928400,2.26
4932000,1.95
4935600,1.4
4939200,0.55
4942800,0.18
4946400,0.41
4950000,0.69
4953600,1.86
4957200,2.97
4960800,3.85
4964400,4.51
4968000,5.04
4971600,5.43
4975200,5.68
4978800,5.71
4982400,4.41
4986000,2.94
4989600,2.35
4993200,2.63
4996800,3.13
5000400,3.39
5004000,3.53
5007600,3.49
5011200,3.15
5014800,2.74
5018400,2.59
5022000,2.53
5025600,2.41
5029200,2.33
5032800,2.46
5036400,3.1
5040000,4.43
5043600,5.88
5047200,6.5
5050800,6.63
5054400,6.71
5058000,6.72
5061600,6.67
5065200,6.19
5068800,4.11
5072400,2.89
5076000,2.88
5079600,3.08
5083200,3.22
5086800,3.28
5090400,3.19
5094000,2.95
5097600,2.72
5101200,2.55
5104800,2.49
5108400,2.47
5112000,2.5
5115600,2.61
5119200,2.75
5122800,3.22
5126400,4.6
5130000,6.45
5133600,8.39
5137200,9.06
5140800,9.15
5144400,8.86
5148000,8.23
5151600,7.28
5155200,5.46
5158800,4.43
5162400,4.11
5166000,3.8
5169600,3.39
5173200,3.24
5176800,3.11
5180400,3.01
5184000,2.68
5187600,2.37
5191200,2.29
5194800,2.23
5198400,2.19
5202000,2.3
5205600,2.79
5209200,3.13
5212800,4.33
5216400,5.53
5220000,5.88
5223600,5.8
5227200,5.68
5230800,5.6
5234400,5.51
5238000,5.16
5241600,3.13
5245200,2.42
5248800,2.64
5252400,3.11
5256000,3.46
5259600,3.75
5263200,3.82
5266800,3.48
5270400,3.11
5274000,2.75
5277600,2.61
5281200,2.44
5284800,2.34
5288400,2.53
5292000,3.04
5295600,4.14
5299200,5.38
5302800,7.37
5306400,8.7
5310000,8.97
5313600,8.85
5317200,8.54
5320800,8.03
5324400,6.98
5328000,4.98
5331600,4.67
5335200,4.92
5338800,5.32
5342400,5.47
5346000,5.68
5349600,6.18
5353200,6.17
5356800,5.72
5360400,4.64
5364000,4.09
5367600,3.25
5371200,3.0
5374800,2.68
5378400,2.42
5382000,2.28
5385600,3.53
5389200,4.71
5392800,4.88
5396400,4.99
5400000,5.17
5403600,5.37
5407200,5.46
5410800,5.16
5414400,3.11
5418000,1.57
5421600,1.23
5425200,1.09
5428800,0.81
5432400,0.5
5436000,0.57
5439600,0.8
5443200,2.9
5446800,2.09
5450400,1.67
5454000,1.52
5457600,1.37
5461200,1.23
5464800,1.86
5468400,1.01
5472000,2.04
5475600,3.12
5479200,4.06
5482800,5.01
5486400,5.86
5490000,6.41
5493600,6.45
5497200,5.99
5500800,5.36
5504400,3.95
5508000,2.2
5511600,2.26
5515200,2.68
5518800,3.8
5522400,5.29
5526000,5.08
5529600,4.3
5533200,4.02
5536800,3.87
5540400,3.67
5544000,4.01
5547600,4.78
5551200,5.56
5554800,4.94
5558400,5.88
5562000,5.79
5565600,5.79
5569200,6.04
5572800,6.33
5576400,6.26
5580000,6.37
5583600,6.14
5587200,5.51
5590800,3.82
5594400,1.8
5598000,1.2
5601600,0.59
5605200,0.42
5608800,1.14
5612400,1.52
5616000,1.76
5619600,2.01
5623200,2.18
5626800,2.18
5630400,2.02
5634000,1.75
5637600,2.26
5641200,1.52
5644800,2.18
5648400,4.17
5652000,5.58
5655600,6.65
5659200,7.58
5662800,8.36
5666400,8.66
5670000,8.43
5673600,7.68
5677200,5.6
5680800,3.6
5684400,3.61
5688000,4.17
5691600,5.05
5695200,6.4
5698800,6.03
5702400,4.15
5706000,2.89
5709600,2.41
5713200,2.01
5716800,1.85
5720400,2.11
5724000,3.54
5727600,5.1
5731200,7.07
5734800,7.67
5738400,7.82
5742000,7.82
5745600,7.75
5749200,7.59
5752800,7.29
5756400,6.66
5760000,5.72
5763600,3.41
5767200,1.99
5770800,2.1
5774400,2.19
5778000,2.44
5781600,2.7
5785200,2.73
5788800,2.22
5792400,1.69
5796000,1.39
5799600,1.25
5803200,1.11
5806800,0.94
5810400,1.2
5814000,1.42
5817600,2.67
5821200,4.17
5824800,4.13
5828400,4.02
5832000,4.04
5835600,4.11
5839200,4.28
5842800,4.46
5846400,3.97
5850000,1.86
5853600,1.56
5857200,1.71
5860800,1.89
5864400,2.0
5868000,2.02
5871600,1.97
5875200,1.75
5878800,1.32
5882400,1.12
5886000,0.35
5889600,1.02
5893200,1.31
5896800,2.69
5900400,4.35
5904000,6.07
5907600,6.84
5911200,7.71
5914800,9.14
5918400,10.46
5922000,10.76
5925600,10.95
5929200,11.23
5932800,10.42
5936400,8.91
5940000,7.57
5943600,5.82
5947200,4.34
5950800,3.61
5954400,3.14
5958000,2.56
5961600,1.9
5965200,1.72
5968800,1.76
5972400,1.86
5976000,1.95
5979600,2.28
5983200,3.81
5986800,3.14
5990400,2.77
5994000,2.66
5997600,2.14
6001200,1.34
6004800,0.65
6008400,0.9
6012000,1.37
6015600,1.58
6019200,1.68
6022800,1.39
6026400,0.72
6030000,0.82
6033600,0.86
6037200,0.86
6040800,0.8
6044400,0.94
6048000,5.03
6051600,4.78
6055200,4.29
6058800,4.37
6062400,4.35
6066000,4.01
6069600,4.21
6073200,4.6
6076800,4.27
6080400,3.4
6084000,2.5
6087600,1.68
6091200,1.25
6094800,1.5
6098400,1.72
6102000,2.1
6105600,2.87
6109200,2.42
6112800,3.99
6116400,4.79
6120000,3.94
6123600,2.8
6127200,2.13
6130800,1.82
6134400,1.67
6138000,1.51
6141600,1.34
6145200,1.24
6148800,1.18
6152400,1.12
6156000,1.48
6159600,1.14
6163200,0.85
6166800,1.33
6170400,1.59
6174000,1.7
6177600,1.8
6181200,1.79
6184800,1.63
6188400,1.38
6192000,1.11
6195600,0.68
6199200,0.94
6202800,1.1
6206400,1.26
6210000,1.35
6213600,1.36
6217200,1.43
6220800,1.5
6224400,1.51
6228000,1.49
6231600,1.53
6235200,1.64
6238800,1.66
6242400,1.49
6246000,2.4
6249600,3.29
6253200,4.28
6256800,5.11
6260400,6.01
6264000,6.75
6267600,7.12
6271200,7.04
6274800,6.46
6278400,5.11
6282000,1.82
6285600,1.55
6289200,1.42
6292800,1.38
6296400,1.39
6300000,1.36
6303600,1.32
6307200,1.28
6310800,1.23
6314400,1.24
6318000,1.14
6321600,0.94
6325200,0.72
6328800,0.78
6332400,1.42
6336000,2.7
6339600,4.16
6343200,4.31
6346800,4.3
6350400,4.29
6354000,4.33
6357600,4.38
6361200,4.27
6364800,3.14
6368400,1.42
6372000,1.45
6375600,1.3
6379200,1.24
6382800,1.4
6386400,1.65
6390000,1.75
6393600,1.75
6397200,1.71
6400800,1.61
6404400,1.44
6408000,1.19
6411600,0.91
6415200,0.58
6418800,0.33
6422400,0.41
6426000,1.14
6429600,1.46
6433200,1.8
6436800,2.09
6440400,2.19
6444000,2.11
6447600,1.99
6451200,1.74
6454800,1.03
6458400,1.34
6462000,1.48
6465600,1.53
6469200,1.5
6472800,1.47
6476400,1.45
6480000,1.44
6483600,1.44
6487200,1.47
6490800,1.51
6494400,1.51
6498000,1.47
6501600,1.2
6505200,2.0
6508800,1.67
6512400,0.98
6516000,0.94
6519600,1.34
6523200,1.62
6526800,1.76
6530400,1.65
6534000,1.38
6537600,0.96
6541200,0.74
6544800,1.23
6548400,1.66
6552000,1.95
6555600,2.24
6559200,2.34
6562800,2.25
6566400,2.02
6570000,1.75
6573600,1.59
6577200,1.53
6580800,1.56
6584400,1.59
6588000,1.4
6591600,2.92
6595200,3.14
6598800,3.49
6602400,4.03
6606000,4.29
6609600,4.6
6613200,4.97
6616800,5.24
6620400,5.22
6624000,4.56
6627600,2.17
6631200,1.91
6634800,1.94
6638400,1.97
6642000,1.94
6645600,1.91
6649200,1.77
6652800,3.5
6656400,4.31
6660000,4.82
6663600,4.68
6667200,4.33
6670800,4.64
6674400,6.04
6678000,6.91
6681600,8.11
6685200,8.77
6688800,8.71
6692400,8.69
6696000,8.86
6699600,8.69
6703200,8.41
6706800,8.23
6710400,7.57
6714000,5.86
6717600,2.24
6721200,1.68
6724800,1.83
6728400,2.51
6732000,3.69
6735600,4.52
6739200,4.5
6742800,4.24
6746400,4.36
6750000,4.62
6753600,4.2
6757200,4.38
6760800,4.91
6764400,4.49
6768000,6.4
6771600,7.26
6775200,7.48
6778800,7.68
6782400,7.77
6786000,7.76
6789600,7.55
6793200,7.12
6796800,6.76
6800400,5.91
6804000,3.64
6807600,3.3
6811200,2.95
6814800,2.44
6818400,2.05
6822000,1.79
6825600,1.59
6829200,1.5
6832800,1.49
6836400,1.45
6840000,1.43
6843600,1.38
6847200,1.83
6850800,2.67
6854400,3.27
6858000,3.4
6861600,3.71
6865200,3.89
6868800,3.97
6872400,3.96
6876000,3.91
6879600,3.91
6883200,3.88
6886800,3.01
6890400,1.7
6894000,1.82
6897600,1.91
6901200,2.1
6904800,2.38
6908400,2.27
6912000,1.79
6915600,1.52
6919200,1.31
6922800,1.29
6926400,1.13
6930000,1.37
6933600,2.37
6937200,2.44
6940800,1.49
6944400,2.82
6948000,3.68
6951600,4.26
6955200,5.21
6958800,4.71
6962400,3.23
6966000,4.16
6969600,4.87
6973200,3.1
6976800,2.14
6980400,1.99
6984000,1.81
6987600,1.73
6991200,1.76
6994800,1.95
6998400,2.18
7002000,2.31
7005600,2.35
7009200,2.25
7012800,2.11
7016400,1.92
7020000,2.94
7023600,2.75
7027200,4.12
7030800,5.15
7034400,5.94
7038000,6.36
7041600,6.59
7045200,6.56
7048800,6.52
7052400,6.55
7056000,6.38
7059600,4.97
7063200,2.97
7066800,3.2
7070400,3.81
7074000,4.71
7077600,3.99
7081200,2.51
7084800,1.89
7088400,1.68
7092000,1.56
7095600,1.5
7099200,1.21
7102800,0.95
7106400,1.89
7110000,2.78
7113600,3.52
7117200,4.14
7120800,4.99
7124400,5.52
7128000,5.65
7131600,5.45
7135200,5.05
7138800,4.72
7142400,4.56
7146000,3.75
7149600,2.98
7153200,4.06
7156800,4.73
7160400,4.05
7164000,3.69
7167600,3.24
7171200,3.17
7174800,2.17
7178400,1.2
7182000,0.68
7185600,1.16
7189200,3.85
7192800,6.26
7196400,7.63
7200000,7.71
7203600,7.47
7207200,7.22
7210800,7.1
7214400,7.11
7218000,7.08
7221600,6.88
7225200,6.5
7228800,5.78
7232400,5.08
7236000,3.74
7239600,3.6
7243200,4.54
7246800,5.04
7250400,5.46
7254000,4.97
7257600,3.41
7261200,3.37
7264800,3.15
7268400,2.91
7272000,2.65
7275600,2.5
7279200,2.56
7282800,3.9
7286400,3.74
7290000,4.92
7293600,5.02
7297200,5.08
7300800,5.21
7304400,5.18
7308000,4.95
7311600,4.42
7315200,2.01
7318800,1.8
7322400,1.81
7326000,1.74
7329600,1.66
7333200,1.64
7336800,1.69
7340400,1.74
7344000,1.75
7347600,1.74
7351200,1.71
7354800,1.65
7358400,1.48
7362000,1.19
7365600,0.84
7369200,0.44
7372800,0.11
7376400,1.23
7380000,1.91
7383600,2.26
7387200,2.39
7390800,2.41
7394400,2.42
7398000,2.15
7401600,1.29
7405200,1.78
7408800,1.89
7412400,1.92
7416000,1.95
7419600,2.0
7423200,2.06
7426800,2.1
7430400,2.06
7434000,2.01
7437600,2.01
7441200,2.05
7444800,2.0
7448400,1.88
7452000,1.73
7455600,2.48
7459200,2.89
7462800,4.23
7466400,5.78
7470000,6.66
7473600,7.17
7477200,7.23
7480800,6.99
7484400,6.35
7488000,3.54
7491600,2.2
7495200,2.13
7498800,2.18
7502400,2.32
7506000,2.52
7509600,2.82
7513200,3.03
7516800,3.06
7520400,3.03
7524000,3.0
7527600,3.05
7531200,2.97
7534800,2.78
7538400,2.69
7542000,3.61
7545600,3.48
7549200,5.13
7552800,6.26
7556400,6.74
7560000,7.01
7563600,6.98
7567200,6.55
7570800,5.74
7574400,2.78
7578000,1.94
7581600,1.99
7585200,2.08
7588800,2.23
7592400,2.45
7596000,2.64
7599600,2.61
7603200,2.49
7606800,2.48
7610400,2.52
7614000,2.52
7617600,2.47
7621200,2.41
7624800,2.43
7628400,3.49
7632000,3.77
7635600,5.18
7639200,6.67
7642800,7.85
7646400,8.72
7650000,8.68
7653600,8.12
7657200,7.37
7660800,5.05
7664400,2.44
7668000,2.28
7671600,2.22
7675200,1.99
7678800,1.74
7682400,1.61
7686000,1.33
7689600,0.76
7693200,0.13
7696800,0.86
7700400,1.39
7704000,1.7
7707600,2.1
7711200,2.76
7714800,4.55
7718400,5.31
7722000,7.21
7725600,8.04
7729200,8.18
7732800,7.55
7736400,6.69
7740000,6.28
7743600,6.06
7747200,4.09
7750800,2.64
7754400,3.02
7758000,3.77
7761600,4.45
7765200,4.96
7768800,5.1
7772400,5.05
7776000,4.82
7779600,4.59
7783200,4.42
7786800,4.13
7790400,3.81
7794000,3.53
7797600,3.53
7801200,4.96
7804800,4.83
7808400,6.19
7812000,7.7
7815600,8.18
7819200,8.14
7822800,8.02
7826400,7.68
7830000,6.95
7833600,4.24
7837200,3.09
7840800,3.05
7844400,3.07
7848000,3.02
7851600,3.03
7855200,3.21
7858800,3.52
7862400,5.03
7866000,4.78
7869600,4.29
7873200,4.37
7876800,4.35
7880400,4.01
7884000,4.21
7887600,4.6
7891200,4.27
7894800,3.4
7898400,2.5
7902000,1.68
7905600,1.25
7909200,1.5
7912800,1.72
7916400,2.1
7920000,2.87
7923600,2.42
7927200,3.99
7930800,4.79
7934400,3.94
7938000,2.8
7941600,2.13
7945200,1.82
7948800,1.67
7952400,1.51
7956000,1.34
7959600,1.24
7963200,1.18
7966800,1.12
7970400,1.48
7974000,1.14
7977600,0.85
7981200,1.33
7984800,1.59
7988400,1.7
7992000,1.8
7995600,1.79
7999200,1.63
8002800,1.38
8006400,1.11
8010000,0.68
8013600,0.94
8017200,1.1
8020800,1.26
8024400,1.35
8028000,1.36
8031600,1.43
8035200,1.5
8038800,1.51
8042400,1.49
8046000,1.53
8049600,1.64
8053200,1.66
8056800,1.49
8060400,2.4
8064000,3.29
8067600,4.28
8071200,5.11
8074800,6.01
8078400,6.75
8082000,7.12
8085600,7.04
8089200,6.46
8092800,5.11
8096400,1.82
8100000,1.55
8103600,1.42
8107200,1.38
8110800,1.39
8114400,1.36
8118000,1.32
8121600,1.28
8125200,1.23
8128800,1.24
8132400,1.14
8136000,0.94
8139600,0.72
8143200,0.78
8146800,1.42
8150400,2.7
8154000,4.16
8157600,4.31
8161200,4.3
8164800,4.29
8168400,4.33
8172000,4.38
8175600,4.27
8179200,3.14
8182800,1.42
8186400,1.45
8190000,1.3
8193600,1.24
8197200,1.4
8200800,1.65
8204400,1.75
8208000,1.75
8211600,1.71
8215200,1.61
8218800,1.44
8222400,1.19
8226000,0.91
8229600,0.58
8233200,0.33
8236800,0.41
8240400,1.14
8244000,1.46
8247600,1.8
8251200,2.09
8254800,2.19
8258400,2.11
8262000,1.99
8265600,1.74
8269200,1.03
8272800,1.34
8276400,1.48
8280000,1.53
8283600,1.5
8287200,1.47
8290800,1.45
8294400,1.44
8298000,1.44
8301600,1.47
8305200,1.51
8308800,1.51
8312400,1.47
8316000,1.2
8319600,2.0
8323200,1.67
8326800,0.98
8330400,0.94
8334000,1.34
8337600,1.62
8341200,1.76
8344800,1.65
8348400,1.38
8352000,0.96
8355600,0.74
8359200,1.23
8362800,1.66
8366400,1.95
8370000,2.24
8373600,2.34
8377200,2.25
8380800,2.02
8384400,1.75
8388000,1.59
8391600,1.53
8395200,1.56
8398800,1.59
8402400,1.4
8406000,2.92
8409600,3.14
8413200,3.49
8416800,4.03
8420400,4.29
8424000,4.6
8427600,4.97
8431200,5.24
8434800,5.22
8438400,4.56
8442000,2.17
8445600,1.91
8449200,1.94
8452800,1.97
8456400,1.94
8460000,1.91
8463600,1.77
8467200,1.27
8470800,1.71
8474400,2.11
8478000,2.21
8481600,1.61
8485200,1.19
8488800,2.13
8492400,2.03
8496000,2.18
8499600,2.27
8503200,2.02
8506800,1.52
8510400,1.22
8514000,0.9
8517600,0.43
8521200,1.02
8524800,1.89
8528400,1.9
8532000,1.31
8535600,2.46
8539200,3.54
8542800,3.35
8546400,2.68
8550000,1.71
8553600,1.35
8557200,1.14
8560800,1.03
8564400,0.92
8568000,0.99
8571600,0.98
8575200,1.98
8578800,2.68
8582400,3.44
8586000,3.84
8589600,4.05
8593200,3.81
8596800,3.49
8600400,3.48
8604000,3.52
8607600,3.52
8611200,3.32
8614800,2.09
8618400,1.18
8622000,1.48
8625600,1.83
8629200,1.96
8632800,2.05
8636400,2.07
8640000,1.9
8643600,1.49
8647200,1.31
8650800,1.21
8654400,1.08
8658000,0.9
8661600,0.97
8665200,1.82
8668800,2.56
8672400,2.86
8676000,3.37
8679600,3.64
8683200,3.8
8686800,3.97
8690400,4.29
8694000,4.86
8697600,5.5
8701200,6.02
8704800,5.46
8708400,4.24
8712000,3.37
8715600,2.87
8719200,2.64
8722800,2.38
8726400,2.14
8730000,1.84
8733600,1.49
8737200,1.25
8740800,1.18
8744400,2.18
8748000,2.78
8751600,3.17
8755200,3.25
8758800,3.17
8762400,3.05
8766000,3.08
8769600,3.12
8773200,2.87
8776800,2.49
8780400,2.33
8784000,2.33
8787600,1.86
8791200,1.12
8794800,1.47
8798400,1.69
8802000,1.85
8805600,2.04
8809200,2.52
8812800,3.18
8816400,2.77
8820000,2.68
8823600,2.83
8827200,2.84
8830800,3.49
8834400,4.59
8838000,4.72
8841600,3.84
8845200,2.65
8848800,1.63
8852400,0.78
8856000,0.54
8859600,1.37
8863200,2.31
8866800,3.12
8870400,3.46
8874000,3.15
8877600,1.5
8881200,1.52
8884800,1.55
8888400,1.55
8892000,1.52
8895600,1.43
8899200,1.36
8902800,1.32
8906400,1.11
8910000,0.68
8913600,0.5
8917200,0.73
8920800,1.47
8924400,1.51
8928000,1.71
8931600,3.55
8935200,6.43
8938800,8.66
8942400,9.89
8946000,9.63
8949600,8.87
8953200,8.25
8956800,7.46
8960400,6.03
8964000,4.35
8967600,4.8
8971200,4.64
8974800,4.72
8978400,4.86
8982000,4.78
8985600,3.39
8989200,2.75
8992800,2.26
8996400,1.96
9000000,2.03
9003600,2.31
9007200,3.36
9010800,2.29
9014400,2.96
9018000,5.23
9021600,6.91
9025200,7.77
9028800,8.07
9032400,8.26
9036000,8.36
9039600,8.29
9043200,7.71
9046800,6.55
9050400,4.49
9054000,3.18
9057600,2.84
9061200,2.79
9064800,4.18
9068400,4.74
9072000,5.03
9075600,4.78
9079200,4.29
9082800,4.37
9086400,4.35
9090000,4.01
9093600,4.21
9097200,4.6
9100800,4.27
9104400,3.4
9108000,2.5
9111600,1.68
9115200,1.25
9118800,1.5
9122400,1.72
9126000,2.1
9129600,2.87
9133200,2.42
9136800,3.99
9140400,4.79
9144000,3.94
9147600,2.8
9151200,2.13
9154800,1.82
9158400,1.67
9162000,1.51
9165600,1.34
9169200,1.24
9172800,1.18
9176400,1.12
9180000,1.48
9183600,1.14
9187200,0.85
9190800,1.33
9194400,1.59
9198000,1.7
9201600,1.8
9205200,1.79
9208800,1.63
9212400,1.38
9216000,1.11
9219600,0.68
9223200,0.94
9226800,1.1
9230400,1.26
9234000,1.35
9237600,1.36
9241200,1.43
9244800,1.5
9248400,1.51
9252000,1.49
9255600,1.53
9259200,1.64
9262800,1.66
9266400,1.49
9270000,2.4
9273600,3.29
9277200,4.28
9280800,5.11
9284400,6.01
9288000,6.75
9291600,7.12
9295200,7.04
9298800,6.46
9302400,5.11
9306000,1.82
9309600,1.55
9313200,1.42
9316800,1.38
9320400,1.39
9324000,1.36
9327600,1.32
9331200,1.28
9334800,1.23
9338400,1.24
9342000,1.14
9345600,0.94
9349200,0.72
9352800,0.78
9356400,1.42
9360000,2.7
9363600,4.16
9367200,4.31
9370800,4.3
9374400,4.29
9378000,4.33
9381600,4.38
9385200,4.27
9388800,3.14
9392400,1.42
9396000,1.45
9399600,1.3
9403200,1.24
9406800,1.4
9410400,1.65
9414000,1.75
9417600,1.75
9421200,1.71
9424800,1.61
9428400,1.44
9432000,1.19
9435600,0.91
9439200,0.58
9442800,0.33
9446400,0.41
9450000,1.14
9453600,1.46
9457200,1.8
9460800,2.09
9464400,2.19
9468000,2.11
9471600,1.99
9475200,1.74
9478800,1.03
9482400,1.34
9486000,1.48
9489600,1.53
9493200,1.5
9496800,1.47
9500400,1.45
9504000,1.44
9507600,1.44
9511200,1.47
9514800,1.51
9518400,1.51
9522000,1.47
9525600,1.2
9529200,2.0
9532800,1.67
9536400,0.98
9540000,0.94
9543600,1.34
9547200,1.62
9550800,1.76
9554400,1.65
9558000,1.38
9561600,0.96
9565200,0.74
9568800,1.23
9572400,1.66
9576000,1.95
9579600,2.24
9583200,2.34
9586800,2.25
9590400,2.02
9594000,1.75
9597600,1.59
9601200,1.53
9604800,1.56
9608400,1.59
9612000,1.4
9615600,2.92
9619200,3.14
9622800,3.49
9626400,4.03
9630000,4.29
9633600,4.6
9637200,4.97
9640800,5.24
9644400,5.22
9648000,4.56
9651600,2.17
9655200,1.91
9658800,1.94
9662400,1.97
9666000,1.94
9669600,1.91
9673200,1.77
9676800,0.63
9680400,0.81
9684000,1.03
9687600,1.13
9691200,1.25
9694800,1.38
9698400,1.49
9702000,1.77
9705600,3.35
9709200,3.41
9712800,3.53
9716400,3.3
9720000,2.36
9723600,2.39
9727200,2.46
9730800,1.12
9734400,1.1
9738000,0.88
9741600,0.27
9745200,0.68
9748800,1.16
9752400,1.59
9756000,2.63
9759600,3.9
9763200,4.18
9766800,5.18
9770400,5.92
9774000,6.31
9777600,6.6
9781200,6.4
9784800,5.9
9788400,6.04
9792000,6.09
9795600,5.58
9799200,5.21
9802800,5.51
9806400,6.16
9810000,6.79
9813600,7.04
9817200,6.8
9820800,5.37
9824400,3.1
9828000,2.74
9831600,2.9
9835200,3.27
9838800,2.93
9842400,2.82
9846000,2.8
9849600,2.77
9853200,2.81
9856800,2.83
9860400,2.82
9864000,2.6
9867600,2.35
9871200,2.23
9874800,3.32
9878400,3.13
9882000,3.84
9885600,4.02
9889200,3.84
9892800,3.86
9896400,3.98
9900000,4.13
9903600,3.81
9907200,2.04
9910800,1.75
9914400,1.57
9918000,1.39
9921600,1.25
9925200,1.06
9928800,0.9
9932400,0.87
9936000,1.0
9939600,1.21
9943200,1.34
9946800,1.43
9950400,1.53
9954000,1.48
9957600,1.39
9961200,1.54
9964800,2.12
9968400,1.89
9972000,2.32
9975600,2.4
9979200,2.56
9982800,2.78
9986400,2.94
9990000,2.58
9993600,1.41
9997200,1.58
10000800,1.84
10004400,2.05
10008000,2.21
10011600,2.18
10015200,1.99
10018800,1.79
10022400,1.52
10026000,1.11
10029600,0.91
10033200,0.82
10036800,0.85
10040400,1.03
10044000,1.32
10047600,2.33
10051200,2.0
10054800,1.25
10058400,0.77
10062000,1.53
10065600,2.08
10069200,2.53
10072800,2.61
10076400,1.72
10080000,1.11
10083600,1.21
10087200,1.27
10090800,1.32
10094400,1.28
10098000,1.3
10101600,1.31
10105200,1.35
10108800,1.38
10112400,1.37
10116000,1.4
10119600,1.39
10123200,1.34
10126800,1.29
10130400,1.21
10134000,1.51
10137600,1.28
10141200,2.05
10144800,2.51
10148400,2.65
10152000,2.71
10155600,2.73
10159200,2.74
10162800,1.83
10166400,1.42
10170000,1.59
10173600,1.41
10177200,1.12
10180800,0.75
10184400,0.28
10188000,0.22
10191600,0.46
10195200,0.61
10198800,0.66
10202400,0.67
10206000,0.79
10209600,0.96
10213200,1.07
10216800,1.11
10220400,1.63
10224000,2.83
10227600,2.86
10231200,2.73
10234800,2.51
10238400,2.44
10242000,2.62
10245600,1.95
10249200,1.66
10252800,1.83
10256400,2.18
10260000,2.59
10263600,2.83
10267200,2.92
10270800,2.85
10274400,3.02
10278000,3.35
10281600,1.63
10285200,1.53
10288800,1.42
10292400,1.32
10296000,1.27
10299600,1.27
10303200,1.35
10306800,2.83
10310400,3.99
10314000,4.71
10317600,5.17
10321200,5.53
10324800,5.8
10328400,6.03
10332000,6.12
10335600,5.8
10339200,4.17
10342800,2.03
10346400,1.96
10350000,1.99
10353600,1.87
10357200,1.62
10360800,1.46
10364400,1.36
10368000,1.01
10371600,0.28
10375200,0.54
10378800,0.8
10382400,0.78
10386000,1.05
10389600,1.32
10393200,3.41
10396800,3.93
10400400,4.45
10404000,4.61
10407600,4.18
10411200,3.61
10414800,3.51
10418400,3.97
10422000,4.28
10425600,3.13
10429200,1.66
10432800,1.75
10436400,1.83
10440000,2.03
10443600,3.78
10447200,6.83
10450800,6.78
10454400,7.42
10458000,7.32
10461600,6.32
10465200,6.07
10468800,5.55
10472400,4.37
10476000,3.72
10479600,4.04
10483200,4.37
10486800,4.58
10490400,5.25
10494000,6.11
10497600,6.5
10501200,6.82
10504800,6.93
10508400,6.55
10512000,6.27
10515600,5.55
10519200,4.0
10522800,3.13
10526400,3.12
10530000,3.58
10533600,4.74
10537200,5.68
10540800,6.68
10544400,7.17
10548000,6.66
10551600,6.46
10555200,5.9
10558800,5.25
10562400,6.02
10566000,6.95
10569600,7.51
10573200,7.63
10576800,7.75
10580400,7.94
10584000,8.24
10587600,8.46
10591200,8.64
10594800,8.6
10598400,8.31
10602000,7.59
10605600,6.57
10609200,6.26
10612800,5.84
10616400,5.39
10620000,5.42
10623600,5.85
10627200,5.75
10630800,5.18
10634400,4.8
10638000,4.4
10641600,4.13
10645200,3.98
10648800,5.0
10652400,5.89
10656000,6.25
10659600,6.09
10663200,6.19
10666800,6.8
10670400,7.45
10674000,7.63
10677600,7.59
10681200,7.42
10684800,7.02
10688400,5.44
10692000,4.12
10695600,4.33
10699200,3.8
10702800,3.71
10706400,3.18
10710000,2.68
10713600,2.7
10717200,2.66
10720800,2.95
10724400,3.09
10728000,2.94
10731600,2.73
10735200,3.4
10738800,2.82
10742400,2.55
10746000,2.74
10749600,3.04
10753200,3.42
10756800,3.81
10760400,4.39
10764000,4.99
10767600,5.53
10771200,5.61
10774800,5.32
10778400,4.47
10782000,4.22
10785600,4.16
10789200,3.69
10792800,3.37
10796400,3.13
10800000,2.92
10803600,2.83
10807200,2.91
10810800,3.16
10814400,3.23
10818000,3.27
10821600,4.29
10825200,4.15
10828800,4.27
10832400,3.45
10836000,2.73
10839600,2.35
10843200,2.32
10846800,2.56
10850400,2.92
10854000,3.36
10857600,3.69
10861200,3.74
10864800,3.68
10868400,4.38
10872000,4.09
10875600,3.1
10879200,2.07
10882800,1.52
10886400,2.07
10890000,2.47
10893600,2.51
10897200,2.36
10900800,2.1
10904400,1.86
10908000,1.72
10911600,1.55
10915200,2.28
10918800,1.81
10922400,2.18
10926000,2.47
10929600,2.58
10933200,2.66
10936800,2.73
10940400,2.24
10944000,1.4
10947600,1.44
10951200,1.52
10954800,1.55
10958400,1.48
10962000,1.39
10965600,1.33
10969200,1.27
10972800,1.17
10976400,1.0
10980000,0.77
10983600,0.64
10987200,0.61
10990800,0.48
10994400,0.29
10998000,0.17
11001600,0.41
11005200,1.02
11008800,2.14
11012400,2.85
11016000,2.9
11019600,2.77
11023200,2.55
11026800,1.54
11030400,1.17
11034000,1.22
11037600,1.05
11041200,0.72
11044800,0.41
11048400,0.43
11052000,0.57
11055600,0.75
11059200,1.1
11062800,1.29
11066400,1.35
11070000,1.55
11073600,1.69
11077200,1.75
11080800,1.82
11084400,1.79
11088000,2.4
11091600,2.41
11095200,2.01
11098800,2.38
11102400,2.97
11106000,3.38
11109600,3.62
11113200,2.39
11116800,1.91
11120400,1.82
11124000,1.57
11127600,1.32
11131200,1.16
11134800,0.9
11138400,0.78
11142000,0.82
11145600,0.9
11149200,0.96
11152800,0.95
11156400,0.94
11160000,0.93
11163600,0.83
11167200,0.68
11170800,0.4
11174400,0.05
11178000,1.7
11181600,2.9
11185200,3.5
11188800,3.82
11192400,4.01
11196000,3.94
11199600,2.53
11203200,1.63
11206800,1.79
11210400,1.86
11214000,1.82
11217600,1.71
11221200,1.6
11224800,1.63
11228400,1.69
11232000,1.77
11235600,1.93
11239200,2.15
11242800,2.35
11246400,2.38
11250000,2.29
11253600,2.25
11257200,3.09
11260800,3.96
11264400,3.15
11268000,2.35
11271600,1.79
11275200,1.76
11278800,2.12
11282400,2.61
11286000,2.76
11289600,2.15
11293200,2.81
11296800,3.44
11300400,3.34
11304000,3.01
11307600,2.82
11311200,2.88
11314800,2.92
11318400,2.58
11322000,2.5
11325600,2.47
11329200,2.47
11332800,2.29
11336400,2.24
11340000,2.35
11343600,2.82
11347200,2.83
11350800,2.8
11354400,2.97
11358000,2.81
11361600,2.71
11365200,2.49
11368800,1.93
11372400,1.18
11376000,1.34
11379600,1.53
11383200,1.79
11386800,2.24
11390400,2.41
11394000,2.33
11397600,2.18
11401200,1.77
11404800,1.08
11408400,1.22
11412000,1.51
11415600,1.59
11419200,1.5
11422800,1.27
11426400,1.11
11430000,1.11
11433600,2.12
11437200,3.07
11440800,3.64
11444400,3.83
11448000,3.74
11451600,3.49
11455200,3.17
11458800,2.31
11462400,1.12
11466000,1.08
11469600,0.8
11473200,0.55
11476800,0.86
11480400,1.19
11484000,1.33
11487600,1.35
11491200,3.41
11494800,3.37
11498400,3.15
11502000,2.91
11505600,2.65
11509200,2.5
11512800,2.56
11516400,3.9
11520000,3.74
11523600,4.92
11527200,5.02
11530800,5.08
11534400,5.21
11538000,5.18
11541600,4.95
11545200,4.42
11548800,2.01
11552400,1.8
11556000,1.81
11559600,1.74
11563200,1.66
11566800,1.64
11570400,1.69
11574000,1.74
11577600,1.75
11581200,1.74
11584800,1.71
11588400,1.65
11592000,1.48
11595600,1.19
11599200,0.84
11602800,0.44
11606400,0.11
11610000,1.23
11613600,1.91
11617200,2.26
11620800,2.39
11624400,2.41
11628000,2.42
11631600,2.15
11635200,1.29
11638800,1.78
11642400,1.89
11646000,1.92
11649600,1.95
11653200,2.0
11656800,2.06
11660400,2.1
11664000,2.06
11667600,2.01
11671200,2.01
11674800,2.05
11678400,2.0
11682000,1.88
11685600,1.73
11689200,2.48
11692800,2.89
11696400,4.23
11700000,5.78
11703600,6.66
11707200,7.17
11710800,7.23
11714400,6.99
11718000,6.35
11721600,3.54
11725200,2.2
11728800,2.13
11732400,2.18
11736000,2.32
11739600,2.52
11743200,2.82
11746800,3.03
11750400,3.06
11754000,3.03
11757600,3.0
11761200,3.05
11764800,2.97
11768400,2.78
11772000,2.69
11775600,3.61
11779200,3.48
11782800,5.13
11786400,6.26
11790000,6.74
11793600,7.01
11797200,6.98
11800800,6.55
11804400,5.74
11808000,2.78
11811600,1.94
11815200,1.99
11818800,2.08
11822400,2.23
11826000,2.45
11829600,2.64
11833200,2.61
11836800,2.49
11840400,2.48
11844000,2.52
11847600,2.52
11851200,2.47
11854800,2.41
11858400,2.43
11862000,3.49
11865600,3.77
11869200,5.18
11872800,6.67
11876400,7.85
11880000,8.72
11883600,8.68
11887200,8.12
11890800,7.37
11894400,5.05
11898000,2.44
11901600,2.28
11905200,2.22
11908800,1.99
11912400,1.74
11916000,1.61
11919600,1.33
11923200,0.76
11926800,0.13
11930400,0.86
11934000,1.39
11937600,1.7
11941200,2.1
11944800,2.76
11948400,4.55
11952000,5.31
11955600,7.21
11959200,8.04
11962800,8.18
11966400,7.55
11970000,6.69
11973600,6.28
11977200,6.06
11980800,4.09
11984400,2.64
11988000,3.02
11991600,3.77
11995200,4.45
11998800,4.96
12002400,5.1
12006000,5.05
12009600,4.82
12013200,4.59
12016800,4.42
12020400,4.13
12024000,3.81
12027600,3.53
12031200,3.53
12034800,4.96
12038400,4.83
12042000,6.19
12045600,7.7
12049200,8.18
12052800,8.14
12056400,8.02
12060000,7.68
12063600,6.95
12067200,4.24
12070800,3.09
12074400,3.05
12078000,3.07
12081600,3.02
12085200,3.03
12088800,3.21
12092400,3.52
12096000,5.03
12099600,4.78
12103200,4.29
12106800,4.37
12110400,4.35
12114000,4.01
12117600,4.21
12121200,4.6
12124800,4.27
12128400,3.4
12132000,2.5
12135600,1.68
12139200,1.25
12142800,1.5
12146400,1.72
12150000,2.1
12153600,2.87
12157200,2.42
12160800,3.99
12164400,4.79
12168000,3.94
12171600,2.8
12175200,2.13
12178800,1.82
12182400,1.67
12186000,1.51
12189600,1.34
12193200,1.24
12196800,1.18
12200400,1.12
12204000,1.48
12207600,1.14
12211200,0.85
12214800,1.33
12218400,1.59
12222000,1.7
12225600,1.8
12229200,1.79
12232800,1.63
12236400,1.38
12240000,1.11
12243600,0.68
12247200,0.94
12250800,1.1
12254400,1.26
12258000,1.35
12261600,1.36
12265200,1.43
12268800,1.5
12272400,1.51
12276000,1.49
12279600,1.53
12283200,1.64
12286800,1.66
12290400,1.49
12294000,2.4
12297600,3.29
12301200,4.28
12304800,5.11
12308400,6.01
12312000,6.75
12315600,7.12
12319200,7.04
12322800,6.46
12326400,5.11
12330000,1.82
12333600,1.55
12337200,1.42
12340800,1.38
12344400,1.39
12348000,1.36
12351600,1.32
12355200,1.28
12358800,1.23
12362400,1.24
12366000,1.14
12369600,0.94
12373200,0.72
12376800,0.78
12380400,1.42
12384000,2.7
12387600,4.16
12391200,4.31
12394800,4.3
12398400,4.29
12402000,4.33
12405600,4.38
12409200,4.27
12412800,3.14
12416400,1.42
12420000,1.45
12423600,1.3
12427200,1.24
12430800,1.4
12434400,1.65
12438000,1.75
12441600,1.75
12445200,1.71
12448800,1.61
12452400,1.44
12456000,1.19
12459600,0.91
12463200,0.58
12466800,0.33
12470400,0.41
12474000,1.14
12477600,1.46
12481200,1.8
12484800,2.09
12488400,2.19
12492000,2.11
12495600,1.99
12499200,1.74
12502800,1.03
12506400,1.34
12510000,1.48
12513600,1.53
12517200,1.5
12520800,1.47
12524400,1.45
12528000,1.44
12531600,1.44
12535200,1.47
12538800,1.51
12542400,1.51
12546000,1.47
12549600,1.2
12553200,2.0
12556800,1.67
12560400,0.98
12564000,0.94
12567600,1.34
12571200,1.62
12574800,1.76
12578400,1.65
12582000,1.38
12585600,0.96
12589200,0.74
12592800,1.23
12596400,1.66
12600000,1.95
12603600,2.24
12607200,2.34
12610800,2.25
12614400,2.02
12618000,1.75
12621600,1.59
12625200,1.53
12628800,1.56
12632400,1.59
12636000,1.4
12639600,2.92
12643200,3.14
12646800,3.49
12650400,4.03
12654000,4.29
12657600,4.6
12661200,4.97
12664800,5.24
12668400,5.22
12672000,4.56
12675600,2.17
12679200,1.91
12682800,1.94
12686400,1.97
12690000,1.94
12693600,1.91
12697200,1.77
12700800,4.64
12704400,3.85
12708000,3.18
12711600,3.14
12715200,3.13
12718800,3.48
12722400,4.54
12726000,5.75
12729600,5.61
12733200,5.17
12736800,4.6
12740400,3.96
12744000,3.48
12747600,3.49
12751200,3.82
12754800,4.24
12758400,4.45
12762000,2.84
12765600,3.14
12769200,3.53
12772800,3.11
12776400,2.59
12780000,2.17
12783600,1.91
12787200,1.8
12790800,1.82
12794400,1.78
12798000,1.53
12801600,1.36
12805200,1.29
12808800,2.05
12812400,2.24
12816000,2.53
12819600,2.47
12823200,1.87
12826800,1.47
12830400,1.35
12834000,1.36
12837600,1.12
12841200,0.73
12844800,0.15
12848400,0.6
12852000,1.07
12855600,1.3
12859200,1.39
12862800,1.41
12866400,1.4
12870000,1.32
12873600,1.25
12877200,1.25
12880800,1.3
12884400,1.36
12888000,1.42
12891600,1.42
12895200,1.33
12898800,2.6
12902400,2.58
12906000,2.48
12909600,1.97
12913200,1.45
12916800,1.12
12920400,1.22
12924000,1.5
12927600,1.65
12931200,1.25
12934800,0.52
12938400,0.75
12942000,1.35
12945600,1.58
12949200,1.62
12952800,1.56
12956400,1.38
12960000,1.24
12963600,1.23
12967200,1.28
12970800,1.33
12974400,1.41
12978000,1.37
12981600,1.07
12985200,1.77
12988800,1.57
12992400,1.65
12996000,1.42
12999600,1.54
13003200,1.73
13006800,1.95
13010400,2.43
13014000,2.99
13017600,1.93
13021200,1.2
13024800,1.37
13028400,1.47
13032000,1.71
13035600,2.48
13039200,3.09
13042800,2.86
13046400,2.88
13050000,3.08
13053600,3.29
13057200,3.03
13060800,2.73
13064400,2.33
13068000,2.76
13071600,3.91
13075200,5.47
13078800,6.78
13082400,7.58
13086000,8.58
13089600,9.77
13093200,10.54
13096800,10.81
13100400,10.5
13104000,9.09
13107600,6.2
13111200,3.57
13114800,2.56
13118400,2.2
13122000,2.31
13125600,2.28
13129200,1.85
13132800,1.59
13136400,1.38
13140000,1.23
13143600,1.12
13147200,1.01
13150800,0.93
13154400,1.21
13158000,1.6
13161600,0.58
13165200,0.52
13168800,1.5
13172400,2.41
13176000,3.44
13179600,4.33
13183200,5.02
13186800,5.5
13190400,5.23
13194000,2.82
13197600,2.2
13201200,1.95
13204800,1.8
13208400,1.74
13212000,1.81
13215600,2.35
13219200,3.49
13222800,4.57
13226400,4.79
13230000,4.96
13233600,5.32
13237200,5.28
13240800,6.12
13244400,7.07
13248000,6.64
13251600,6.13
13255200,5.56
13258800,4.94
13262400,4.47
13266000,4.1
13269600,4.03
13273200,4.18
13276800,4.5
13280400,4.05
13284000,5.11
13287600,5.51
13291200,5.28
13294800,5.11
13298400,5.08
13302000,5.03
13305600,4.69
13309200,5.05
13312800,4.66
13316400,4.86
13320000,5.32
13323600,5.95
13327200,7.05
13330800,7.17
13334400,6.84
13338000,6.46
13341600,6.68
13345200,7.1
13348800,7.05
13352400,6.85
13356000,6.61
13359600,6.5
13363200,6.4
13366800,6.07
13370400,5.11
13374000,4.08
13377600,4.17
13381200,3.25
13384800,2.73
13388400,2.61
13392000,2.44
13395600,2.12
13399200,1.8
13402800,1.94
13406400,2.18
13410000,3.04
13413600,3.49
13417200,4.02
13420800,4.09
13424400,4.29
13428000,4.62
13431600,4.91
13435200,5.15
13438800,5.47
13442400,5.65
13446000,5.58
13449600,5.16
13453200,4.58
13456800,2.69
13460400,1.47
13464000,1.6
13467600,1.68
13471200,2.09
13474800,2.32
13478400,2.64
13482000,1.98
13485600,1.18
13489200,1.04
13492800,1.09
13496400,1.2
13500000,2.34
13503600,2.06
13507200,2.6
13510800,3.62
13514400,4.46
13518000,5.35
13521600,6.0
13525200,6.26
13528800,6.27
13532400,6.1
13536000,5.74
13539600,5.13
13543200,2.83
13546800,2.01
13550400,2.07
13554000,1.7
13557600,1.38
13561200,1.25
13564800,1.21
13568400,1.18
13572000,1.16
13575600,1.15
13579200,1.11
13582800,1.17
13586400,1.57
13590000,0.54
13593600,0.53
13597200,0.84
13600800,1.07
13604400,1.22
13608000,1.43
13611600,1.64
13615200,1.76
13618800,1.92
13622400,2.16
13626000,2.47
13629600,1.51
13633200,1.55
13636800,1.61
13640400,1.53
13644000,1.45
13647600,1.39
13651200,1.31
13654800,1.19
13658400,0.97
13662000,0.77
13665600,0.8
13669200,0.84
13672800,1.33
13676400,1.32
13680000,1.4
13683600,2.51
13687200,3.41
13690800,3.83
13694400,4.15
13698000,4.44
13701600,4.64
13705200,4.79
13708800,4.87
13712400,4.58
13716000,2.11
13719600,2.23
13723200,2.67
13726800,2.85
13730400,3.2
13734000,3.56
13737600,3.63
13741200,2.95
13744800,3.52
13748400,4.6
13752000,4.4
13755600,4.22
13759200,5.84
13762800,8.14
13766400,8.81
13770000,9.51
13773600,10.25
13777200,10.91
13780800,11.52
13784400,12.04
13788000,12.13
13791600,11.65
13795200,10.85
13798800,9.82
13802400,7.97
13806000,5.48
13809600,3.38
13813200,1.95
13816800,1.49
13820400,1.32
13824000,1.29
13827600,1.37
13831200,1.53
13834800,1.62
13838400,1.52
13842000,2.41
13845600,2.68
13849200,3.45
13852800,3.87
13856400,3.96
13860000,4.12
13863600,4.28
13867200,4.32
13870800,4.25
13874400,4.29
13878000,4.39
13881600,4.4
13885200,3.96
13888800,1.72
13892400,1.31
13896000,1.27
13899600,1.34
13903200,1.41
13906800,1.51
13910400,0.81
13914000,1.01
13917600,1.35
13921200,1.46
13924800,1.31
13928400,1.93
13932000,2.06
13935600,2.54
13939200,2.7
13942800,2.64
13946400,2.6
13950000,2.58
13953600,2.68
13957200,2.87
13960800,2.99
13964400,3.04
13968000,3.06
13971600,2.68
13975200,1.41
13978800,1.58
13982400,1.99
13986000,2.85
13989600,3.34
13993200,2.34
13996800,1.51
14000400,1.11
14004000,0.93
14007600,0.86
14011200,0.85
14014800,1.46
14018400,2.37
14022000,2.9
14025600,3.47
14029200,3.92
14032800,4.09
14036400,4.09
14040000,3.97
14043600,3.87
14047200,3.87
14050800,3.97
14054400,4.1
14058000,3.68
14061600,1.96
14065200,1.98
14068800,2.24
14072400,2.1
14076000,1.66
14079600,1.21
14083200,0.96
14086800,0.86
14090400,0.83
14094000,0.84
14097600,0.91
14101200,1.9
14104800,2.63
14108400,2.84
14112000,3.22
14115600,3.61
14119200,4.03
14122800,4.4
14126400,4.7
14130000,4.91
14133600,4.94
14137200,4.89
14140800,5.03
14144400,5.26
14148000,4.78
14151600,3.68
14155200,2.18
14158800,1.45
14162400,1.3
14166000,1.33
14169600,1.37
14173200,1.41
14176800,1.46
14180400,1.42
14184000,1.45
14187600,2.36
14191200,2.86
14194800,2.87
14198400,2.99
14202000,3.25
14205600,3.35
14209200,3.31
14212800,3.23
14216400,2.95
14220000,2.36
14223600,1.57
14227200,0.93
14230800,0.54
14234400,0.37
14238000,0.52
14241600,0.73
14245200,0.84
14248800,0.95
14252400,0.99
14256000,0.94
14259600,0.87
14263200,0.83
14266800,0.64
14270400,0.35
14274000,0.11
14277600,0.47
14281200,1.5
14284800,1.98
14288400,2.41
14292000,2.97
14295600,3.5
14299200,3.83
14302800,3.96
14306400,3.93
14310000,3.82
14313600,3.5
14317200,2.57
14320800,1.04
14324400,0.98
14328000,0.92
14331600,0.78
14335200,0.7
14338800,0.81
14342400,0.86
14346000,0.92
14349600,1.0
14353200,0.98
14356800,0.9
14360400,0.61
14364000,1.13
14367600,1.1
14371200,1.65
14374800,2.65
14378400,3.52
14382000,4.11
14385600,4.48
14389200,4.65
14392800,4.62
14396400,4.42
14400000,4.07
14403600,2.79
14407200,1.35
14410800,1.3
14414400,1.25
14418000,1.21
14421600,1.23
14425200,1.22
14428800,1.15
14432400,1.14
14436000,1.15
14439600,1.15
14443200,1.19
14446800,1.48
14450400,3.1
14454000,4.42
14457600,5.52
14461200,5.93
14464800,5.7
14468400,5.53
14472000,5.38
14475600,5.02
14479200,4.0
14482800,2.77
14486400,1.77
14490000,0.96
14493600,0.67
14497200,0.79
14500800,0.64
14504400,0.39
14508000,0.32
14511600,0.5
14515200,3.87
14518800,4.08
14522400,3.98
14526000,3.85
14529600,4.22
14533200,5.89
14536800,7.7
14540400,7.91
14544000,7.77
14547600,7.37
14551200,6.98
14554800,6.61
14558400,6.18
14562000,5.75
14565600,5.51
14569200,5.48
14572800,5.15
14576400,4.47
14580000,2.45
14583600,1.14
14587200,1.08
14590800,1.1
14594400,1.15
14598000,1.26
14601600,1.44
14605200,1.62
14608800,1.75
14612400,1.85
14616000,1.88
14619600,2.73
14623200,3.02
14626800,2.82
14630400,2.83
14634000,2.74
14637600,2.63
14641200,2.5
14644800,2.35
14648400,2.23
14652000,2.17
14655600,2.13
14659200,2.15
14662800,2.14
14666400,1.03
14670000,1.28
14673600,1.44
14677200,1.62
14680800,1.74
14684400,1.76
14688000,1.66
14691600,1.47
14695200,1.27
14698800,1.11
14702400,1.03
14706000,1.48
14709600,1.97
14713200,1.86
14716800,1.95
14720400,2.12
14724000,2.23
14727600,2.2
14731200,2.08
14734800,1.91
14738400,1.78
14742000,1.78
14745600,1.87
14749200,2.05
14752800,1.09
14756400,1.31
14760000,1.41
14763600,1.44
14767200,1.4
14770800,1.32
14774400,1.18
14778000,1.08
14781600,0.98
14785200,0.77
14788800,0.31
14792400,0.49
14796000,1.17
14799600,1.27
14803200,2.55
14806800,3.05
14810400,3.26
14814000,3.4
14817600,3.44
14821200,3.39
14824800,3.26
14828400,3.06
14832000,2.71
14835600,2.32
14839200,1.04
14842800,1.27
14846400,1.38
14850000,1.43
14853600,1.58
14857200,1.87
14860800,1.96
14864400,1.86
14868000,1.74
14871600,1.72
14875200,1.56
14878800,2.1
14882400,2.68
14886000,3.19
14889600,3.79
14893200,4.23
14896800,4.75
14900400,5.06
14904000,5.16
14907600,5.15
14911200,5.06
14914800,4.83
14918400,4.62
14922000,4.44
14925600,3.19
14929200,2.97
14932800,3.94
14936400,4.43
14940000,4.4
14943600,3.97
14947200,3.26
14950800,2.49
14954400,1.83
14958000,1.43
14961600,1.23
14965200,2.16
14968800,2.59
14972400,3.66
14976000,3.93
14979600,3.91
14983200,4.1
14986800,4.44
14990400,4.76
14994000,4.97
14997600,5.09
15001200,5.13
15004800,5.01
15008400,4.78
15012000,3.25
15015600,2.84
15019200,3.77
15022800,4.07
15026400,3.71
15030000,3.02
15033600,2.41
15037200,2.01
15040800,1.66
15044400,1.27
15048000,0.95
15051600,1.66
15055200,2.01
15058800,2.23
15062400,2.26
15066000,2.2
15069600,1.99
15073200,1.67
15076800,1.36
15080400,1.44
15084000,1.8
15087600,1.6
15091200,1.44
15094800,1.49
15098400,1.27
15102000,1.22
15105600,1.4
15109200,1.47
15112800,1.47
15116400,1.48
15120000,1.52
15123600,1.5
15127200,1.6
15130800,1.76
15134400,1.92
15138000,2.88
15141600,3.94
15145200,5.18
15148800,6.33
15152400,7.2
15156000,7.62
15159600,7.64
15163200,7.49
15166800,7.35
15170400,7.14
15174000,6.74
15177600,6.23
15181200,5.58
15184800,3.68
15188400,1.62
15192000,1.42
15195600,1.31
15199200,1.27
15202800,1.23
15206400,1.21
15210000,1.2
15213600,1.13
15217200,1.09
15220800,0.99
15224400,1.37
15228000,1.34
15231600,0.83
15235200,1.24
15238800,1.63
15242400,2.34
15246000,3.36
15249600,4.54
15253200,5.32
15256800,5.31
15260400,4.9
15264000,4.62
15267600,4.51
15271200,3.35
15274800,2.68
15278400,3.12
15282000,3.59
15285600,3.84
15289200,4.02
15292800,3.72
15296400,3.48
15300000,3.14
15303600,2.78
15307200,2.7
15310800,4.0
15314400,4.06
15318000,4.96
15321600,4.94
15325200,4.98
15328800,5.11
15332400,5.17
15336000,5.24
15339600,5.38
15343200,5.62
15346800,5.85
15350400,5.92
15354000,5.74
15357600,4.6
15361200,2.66
15364800,2.69
15368400,2.68
15372000,2.38
15375600,2.1
15379200,1.83
15382800,1.58
15386400,1.47
15390000,1.5
15393600,1.66
15397200,3.2
15400800,3.49
15404400,4.21
15408000,4.68
15411600,4.76
15415200,4.72
15418800,4.52
15422400,4.33
15426000,4.33
15429600,4.49
15433200,4.75
15436800,4.92
15440400,4.93
15444000,3.98
15447600,2.61
15451200,3.26
15454800,3.81
15458400,3.58
15462000,2.45
15465600,1.85
15469200,1.4
15472800,1.13
15476400,1.04
15480000,0.98
15483600,1.59
15487200,1.79
15490800,2.58
15494400,2.56
15498000,2.45
15501600,2.45
15505200,2.47
15508800,2.51
15512400,2.66
15516000,2.74
15519600,2.69
15523200,2.5
15526800,2.18
15530400,1.02
15534000,1.08
15537600,1.09
15541200,1.08
15544800,1.09
15548400,1.14
15552000,1.17
15555600,1.14
15559200,0.94
15562800,0.58
15566400,0.13
15570000,0.43
15573600,0.9
15577200,1.18
15580800,2.76
15584400,3.61
15588000,3.71
15591600,3.62
15595200,3.44
15598800,3.23
15602400,3.05
15606000,2.98
15609600,2.7
15613200,2.54
15616800,1.28
15620400,1.52
15624000,1.83
15627600,2.02
15631200,2.13
15634800,2.11
15638400,2.02
15642000,1.86
15645600,1.63
15649200,1.4
15652800,1.15
15656400,1.18
15660000,1.63
15663600,2.9
15667200,3.92
15670800,4.93
15674400,5.99
15678000,6.76
15681600,7.04
15685200,7.03
15688800,7.03
15692400,7.1
15696000,7.05
15699600,6.73
15703200,5.28
15706800,3.85
15710400,4.31
15714000,4.2
15717600,3.99
15721200,3.93
15724800,1.76
15728400,1.73
15732000,1.65
15735600,1.55
15739200,1.19
15742800,1.49
15746400,1.8
15750000,2.78
15753600,3.62
15757200,4.61
15760800,5.82
15764400,7.22
15768000,7.43
15771600,6.64
15775200,6.04
15778800,6.02
15782400,5.82
15786000,5.05
15789600,4.43
15793200,2.92
15796800,1.23
15800400,1.59
15804000,6.1
15807600,6.8
15811200,4.14
15814800,2.93
15818400,1.07
15822000,0.73
15825600,1.04
15829200,1.88
15832800,2.61
15836400,2.87
15840000,2.79
15843600,3.34
15847200,4.04
15850800,4.57
15854400,4.93
15858000,5.43
15861600,5.84
15865200,5.98
15868800,5.82
15872400,5.81
15876000,5.98
15879600,5.58
15883200,4.67
15886800,3.67
15890400,2.92
15894000,2.55
15897600,2.03
15901200,1.45
15904800,1.03
15908400,0.89
15912000,0.89
15915600,1.8
15919200,2.94
15922800,3.4
15926400,3.54
15930000,3.75
15933600,3.92
15937200,3.93
15940800,3.9
15944400,3.86
15948000,3.85
15951600,3.93
15955200,3.85
15958800,3.79
15962400,3.11
15966000,2.67
15969600,3.93
15973200,5.2
15976800,4.98
15980400,3.41
15984000,2.21
15987600,1.04
15991200,0.66
15994800,0.3
15998400,0.53
16002000,1.58
16005600,2.87
16009200,3.52
16012800,3.71
16016400,3.64
16020000,3.59
16023600,3.8
16027200,4.03
16030800,4.33
16034400,4.65
16038000,4.59
16041600,3.95
16045200,3.06
16048800,1.06
16052400,0.98
16056000,1.15
16059600,1.6
16063200,2.08
16066800,2.15
16070400,1.83
16074000,1.39
16077600,1.04
16081200,0.85
16084800,0.71
16088400,0.53
16092000,1.65
16095600,1.99
16099200,2.56
16102800,2.78
16106400,2.36
16110000,1.87
16113600,3.17
16117200,7.35
16120800,10.02
16124400,9.71
16128000,7.99
16131600,5.53
16135200,2.47
16138800,0.82
16142400,0.38
16146000,0.58
16149600,0.79
16153200,0.77
16156800,0.87
16160400,0.99
16164000,1.05
16167600,1.16
16171200,1.44
16174800,3.36
16178400,3.93
16182000,3.74
16185600,3.18
16189200,2.77
16192800,2.83
16196400,3.13
16200000,3.45
16203600,3.69
16207200,3.95
16210800,4.1
16214400,4.11
16218000,3.81
16221600,2.06
16225200,1.0
16228800,0.87
16232400,0.93
16236000,1.11
16239600,1.19
16243200,1.21
16246800,1.24
16250400,1.27
16254000,1.28
16257600,1.25
16261200,1.38
16264800,1.96
16268400,3.08
16272000,3.23
16275600,3.07
16279200,2.89
16282800,2.77
16286400,2.76
16290000,2.83
16293600,2.95
16297200,3.1
16300800,3.23
16304400,3.19
16308000,1.36
16311600,1.09
16315200,0.88
16318800,0.88
16322400,1.29
16326000,1.42
16329600,3.99
16333200,4.02
16336800,4.3
16340400,3.55
16344000,3.08
16347600,3.72
16351200,4.6
16354800,5.03
16358400,4.98
16362000,5.07
16365600,5.41
16369200,6.09
16372800,6.78
16376400,7.36
16380000,7.56
16383600,7.39
16387200,6.83
16390800,5.57
16394400,3.79
16398000,3.14
16401600,3.13
16405200,3.42
16408800,3.85
16412400,4.06
16416000,4.48
16419600,4.59
16423200,4.41
16426800,4.13
16430400,4.27
16434000,4.92
16437600,5.35
16441200,5.82
16444800,6.07
16448400,6.36
16452000,6.46
16455600,6.52
16459200,6.61
16462800,6.68
16466400,6.72
16470000,6.59
16473600,6.35
16477200,5.54
16480800,2.64
16484400,2.04
16488000,2.16
16491600,2.46
16495200,2.72
16498800,2.54
16502400,2.23
16506000,2.0
16509600,1.81
16513200,1.64
16516800,1.54
16520400,1.73
16524000,2.76
16527600,2.27
16531200,4.43
16534800,4.9
16538400,4.91
16542000,4.98
16545600,5.04
16549200,4.99
16552800,4.93
16556400,4.81
16560000,4.49
16563600,3.12
16567200,1.5
16570800,1.33
16574400,1.21
16578000,1.0
16581600,0.63
16585200,0.58
16588800,0.48
16592400,0.31
16596000,0.25
16599600,0.31
16603200,0.29
16606800,0.35
16610400,0.99
16614000,2.15
16617600,3.39
16621200,4.46
16624800,5.23
16628400,5.31
16632000,5.06
16635600,4.91
16639200,4.89
16642800,4.66
16646400,4.13
16650000,2.94
16653600,1.51
16657200,1.18
16660800,1.05
16664400,1.0
16668000,0.99
16671600,1.0
16675200,1.06
16678800,1.2
16682400,1.39
16686000,1.35
16689600,1.21
16693200,1.01
16696800,1.62
16700400,2.06
16704000,3.52
16707600,4.72
16711200,4.98
16714800,4.98
16718400,4.8
16722000,4.33
16725600,3.69
16729200,2.96
16732800,2.5
16736400,2.2
16740000,1.08
16743600,1.02
16747200,1.11
16750800,1.13
16754400,1.1
16758000,0.99
16761600,0.89
16765200,0.8
16768800,0.72
16772400,0.51
16776000,0.32
16779600,0.27
16783200,0.05
16786800,0.63
16790400,0.89
16794000,1.02
16797600,1.15
16801200,1.53
16804800,2.08
16808400,2.49
16812000,2.64
16815600,2.68
16819200,2.56
16822800,2.24
16826400,1.14
16830000,1.39
16833600,1.73
16837200,1.75
16840800,1.52
16844400,1.39
16848000,1.47
16851600,1.78
16855200,2.14
16858800,2.41
16862400,2.62
16866000,3.45
16869600,4.39
16873200,5.79
16876800,7.89
16880400,8.49
16884000,8.62
16887600,8.43
16891200,8.19
16894800,8.04
16898400,7.65
16902000,7.06
16905600,6.43
16909200,5.35
16912800,2.54
16916400,2.28
16920000,2.66
16923600,2.91
16927200,3.48
16930800,4.3
16934400,4.69
16938000,5.05
16941600,4.66
16945200,4.86
16948800,5.32
16952400,5.95
16956000,7.05
16959600,7.17
16963200,6.84
16966800,6.46
16970400,6.68
16974000,7.1
16977600,7.05
16981200,6.85
16984800,6.61
16988400,6.5
16992000,6.4
16995600,6.07
16999200,5.11
17002800,4.08
17006400,4.17
17010000,3.25
17013600,2.73
17017200,2.61
17020800,2.44
17024400,2.12
17028000,1.8
17031600,1.94
17035200,2.18
17038800,3.04
17042400,3.49
17046000,4.02
17049600,4.09
17053200,4.29
17056800,4.62
17060400,4.91
17064000,5.15
17067600,5.47
17071200,5.65
17074800,5.58
17078400,5.16
17082000,4.58
17085600,2.69
17089200,1.47
17092800,1.6
17096400,1.68
17100000,2.09
17103600,2.32
17107200,2.64
17110800,1.98
17114400,1.18
17118000,1.04
17121600,1.09
17125200,1.2
17128800,2.34
17132400,2.06
17136000,2.6
17139600,3.62
17143200,4.46
17146800,5.35
17150400,6.0
17154000,6.26
17157600,6.27
17161200,6.1
17164800,5.74
17168400,5.13
17172000,2.83
17175600,2.01
17179200,2.07
17182800,1.7
17186400,1.38
17190000,1.25
17193600,1.21
17197200,1.18
17200800,1.16
17204400,1.15
17208000,1.11
17211600,1.17
17215200,1.57
17218800,0.54
17222400,0.53
17226000,0.84
17229600,1.07
17233200,1.22
17236800,1.43
17240400,1.64
17244000,1.76
17247600,1.92
17251200,2.16
17254800,2.47
17258400,1.51
17262000,1.55
17265600,1.61
17269200,1.53
17272800,1.45
17276400,1.39
17280000,1.31
17283600,1.19
17287200,0.97
17290800,0.77
17294400,0.8
17298000,0.84
17301600,1.33
17305200,1.32
17308800,1.4
17312400,2.51
17316000,3.41
17319600,3.83
17323200,4.15
17326800,4.44
17330400,4.64
17334000,4.79
17337600,4.87
17341200,4.58
17344800,2.11
17348400,2.23
17352000,2.67
17355600,2.85
17359200,3.2
17362800,3.56
17366400,3.63
17370000,2.95
17373600,3.52
17377200,4.6
17380800,4.4
17384400,4.22
17388000,5.84
17391600,8.14
17395200,8.81
17398800,9.51
17402400,10.25
17406000,10.91
17409600,11.52
17413200,12.04
17416800,12.13
17420400,11.65
17424000,10.85
17427600,9.82
17431200,7.97
17434800,5.48
17438400,3.38
17442000,1.95
17445600,1.49
17449200,1.32
17452800,1.29
17456400,1.37
17460000,1.53
17463600,1.62
17467200,1.52
17470800,2.41
17474400,2.68
17478000,3.45
17481600,3.87
17485200,3.96
17488800,4.12
17492400,4.28
17496000,4.32
17499600,4.25
17503200,4.29
17506800,4.39
17510400,4.4
17514000,3.96
17517600,1.72
17521200,1.31
17524800,1.27
17528400,1.34
17532000,1.41
17535600,1.51
17539200,3.87
17542800,4.08
17546400,3.98
17550000,3.85
17553600,4.22
17557200,5.89
17560800,7.7
17564400,7.91
17568000,7.77
17571600,7.37
17575200,6.98
17578800,6.61
17582400,6.18
17586000,5.75
17589600,5.51
17593200,5.48
17596800,5.15
17600400,4.47
17604000,2.45
17607600,1.14
17611200,1.08
17614800,1.1
17618400,1.15
17622000,1.26
17625600,1.44
17629200,1.62
17632800,1.75
17636400,1.85
17640000,1.88
17643600,2.73
17647200,3.02
17650800,2.82
17654400,2.83
17658000,2.74
17661600,2.63
17665200,2.5
17668800,2.35
17672400,2.23
17676000,2.17
17679600,2.13
17683200,2.15
17686800,2.14
17690400,1.03
17694000,1.28
17697600,1.44
17701200,1.62
17704800,1.74
17708400,1.76
17712000,1.66
17715600,1.47
17719200,1.27
17722800,1.11
17726400,1.03
17730000,1.48
17733600,1.97
17737200,1.86
17740800,1.95
17744400,2.12
17748000,2.23
17751600,2.2
17755200,2.08
17758800,1.91
17762400,1.78
17766000,1.78
17769600,1.87
17773200,2.05
17776800,1.09
17780400,1.31
17784000,1.41
17787600,1.44
17791200,1.4
17794800,1.32
17798400,1.18
17802000,1.08
17805600,0.98
17809200,0.77
17812800,0.31
17816400,0.49
17820000,1.17
17823600,1.27
17827200,2.55
17830800,3.05
17834400,3.26
17838000,3.4
17841600,3.44
17845200,3.39
17848800,3.26
17852400,3.06
17856000,2.71
17859600,2.32
17863200,1.04
17866800,1.27
17870400,1.38
17874000,1.43
17877600,1.58
17881200,1.87
17884800,1.96
17888400,1.86
17892000,1.74
17895600,1.72
17899200,1.56
17902800,2.1
17906400,2.68
17910000,3.19
17913600,3.79
17917200,4.23
17920800,4.75
17924400,5.06
17928000,5.16
17931600,5.15
17935200,5.06
17938800,4.83
17942400,4.62
17946000,4.44
17949600,3.19
17953200,2.97
17956800,3.94
17960400,4.43
17964000,4.4
17967600,3.97
17971200,3.26
17974800,2.49
17978400,1.83
17982000,1.43
17985600,1.23
17989200,2.16
17992800,2.59
17996400,3.66
18000000,3.93
18003600,3.91
18007200,4.1
18010800,4.44
18014400,4.76
18018000,4.97
18021600,5.09
18025200,5.13
18028800,5.01
18032400,4.78
18036000,3.25
18039600,2.84
18043200,3.77
18046800,4.07
18050400,3.71
18054000,3.02
18057600,2.41
18061200,2.01
18064800,1.66
18068400,1.27
18072000,0.95
18075600,1.66
18079200,2.01
18082800,2.23
18086400,2.26
18090000,2.2
18093600,1.99
18097200,1.67
18100800,1.36
18104400,1.44
18108000,1.8
18111600,1.6
18115200,1.44
18118800,1.49
18122400,1.27
18126000,1.22
18129600,1.4
18133200,1.47
18136800,1.47
18140400,1.48
18144000,4.69
18147600,5.05
18151200,4.66
18154800,4.86
18158400,5.32
18162000,5.95
18165600,7.05
18169200,7.17
18172800,6.84
18176400,6.46
18180000,6.68
18183600,7.1
18187200,7.05
18190800,6.85
18194400,6.61
18198000,6.5
18201600,6.4
18205200,6.07
18208800,5.11
18212400,4.08
18216000,4.17
18219600,3.25
18223200,2.73
18226800,2.61
18230400,2.44
18234000,2.12
18237600,1.8
18241200,1.94
18244800,2.18
18248400,3.04
18252000,3.49
18255600,4.02
18259200,4.09
18262800,4.29
18266400,4.62
18270000,4.91
18273600,5.15
18277200,5.47
18280800,5.65
18284400,5.58
18288000,5.16
18291600,4.58
18295200,2.69
18298800,1.47
18302400,1.6
18306000,1.68
18309600,2.09
18313200,2.32
18316800,2.64
18320400,1.98
18324000,1.18
18327600,1.04
18331200,1.09
18334800,1.2
18338400,2.34
18342000,2.06
18345600,2.6
18349200,3.62
18352800,4.46
18356400,5.35
18360000,6.0
18363600,6.26
18367200,6.27
18370800,6.1
18374400,5.74
18378000,5.13
18381600,2.83
18385200,2.01
18388800,2.07
18392400,1.7
18396000,1.38
18399600,1.25
18403200,1.21
18406800,1.18
18410400,1.16
18414000,1.15
18417600,1.11
18421200,1.17
18424800,1.57
18428400,0.54
18432000,0.53
18435600,0.84
18439200,1.07
18442800,1.22
18446400,1.43
18450000,1.64
18453600,1.76
18457200,1.92
18460800,2.16
18464400,2.47
18468000,1.51
18471600,1.55
18475200,1.61
18478800,1.53
18482400,1.45
18486000,1.39
18489600,1.31
18493200,1.19
18496800,0.97
18500400,0.77
18504000,0.8
18507600,0.84
18511200,1.33
18514800,1.32
18518400,1.4
18522000,2.51
18525600,3.41
18529200,3.83
18532800,4.15
18536400,4.44
18540000,4.64
18543600,4.79
18547200,4.87
18550800,4.58
18554400,2.11
18558000,2.23
18561600,2.67
18565200,2.85
18568800,3.2
18572400,3.56
18576000,3.63
18579600,2.95
18583200,3.52
18586800,4.6
18590400,4.4
18594000,4.22
18597600,5.84
18601200,8.14
18604800,8.81
18608400,9.51
18612000,10.25
18615600,10.91
18619200,11.52
18622800,12.04
18626400,12.13
18630000,11.65
18633600,10.85
18637200,9.82
18640800,7.97
18644400,5.48
18648000,3.38
18651600,1.95
18655200,1.49
18658800,1.32
18662400,1.29
18666000,1.37
18669600,1.53
18673200,1.62
18676800,1.52
18680400,2.41
18684000,2.68
18687600,3.45
18691200,3.87
18694800,3.96
18698400,4.12
18702000,4.28
18705600,4.32
18709200,4.25
18712800,4.29
18716400,4.39
18720000,4.4
18723600,3.96
18727200,1.72
18730800,1.31
18734400,1.27
18738000,1.34
18741600,1.41
18745200,1.51
18748800,4.2
18752400,4.0
18756000,3.56
18759600,3.39
18763200,3.71
18766800,5.0
18770400,6.33
18774000,6.61
18777600,6.03
18781200,5.82
18784800,5.96
18788400,6.19
18792000,6.39
18795600,6.52
18799200,6.47
18802800,6.05
18806400,5.28
18810000,4.12
18813600,1.45
18817200,1.24
18820800,1.29
18824400,1.43
18828000,1.54
18831600,1.59
18835200,1.58
18838800,1.52
18842400,1.4
18846000,1.28
18849600,1.06
18853200,0.7
18856800,0.22
18860400,0.86
18864000,1.99
18867600,3.31
18871200,4.45
18874800,5.37
18878400,5.96
18882000,6.15
18885600,6.23
18889200,5.94
18892800,5.12
18896400,2.74
18900000,1.51
18903600,1.69
18907200,2.01
18910800,2.66
18914400,3.46
18918000,3.78
18921600,3.68
18925200,3.79
18928800,4.09
18932400,4.44
18936000,4.08
18939600,4.29
18943200,4.79
18946800,4.27
18950400,4.73
18954000,5.12
18957600,5.59
18961200,5.88
18964800,5.94
18968400,5.99
18972000,6.12
18975600,6.19
18979200,6.27
18982800,5.62
18986400,3.27
18990000,2.75
18993600,2.74
18997200,2.75
19000800,2.74
19004400,2.75
19008000,2.89
19011600,2.96
19015200,2.75
19018800,2.57
19022400,2.47
19026000,2.66
19029600,4.27
19033200,4.02
19036800,4.98
19040400,5.3
19044000,5.71
19047600,6.12
19051200,6.45
19054800,6.67
19058400,6.57
19062000,6.18
19065600,5.54
19069200,4.13
19072800,1.83
19076400,1.64
19080000,1.59
19083600,1.66
19087200,2.13
19090800,3.66
19094400,5.55
19098000,5.54
19101600,4.86
19105200,4.1
19108800,3.1
19112400,3.12
19116000,3.52
19119600,2.26
19123200,1.65
19126800,3.11
19130400,4.45
19134000,5.84
19137600,6.92
19141200,7.24
19144800,6.96
19148400,6.45
19152000,5.68
19155600,4.5
19159200,2.53
19162800,2.22
19166400,2.41
19170000,2.24
19173600,3.42
19177200,6.22
19180800,6.94
19184400,5.91
19188000,4.6
19191600,3.62
19195200,3.0
19198800,3.66
19202400,3.64
19206000,3.14
19209600,2.38
19213200,2.2
19216800,2.19
19220400,2.29
19224000,2.65
19227600,3.23
19231200,3.94
19234800,4.58
19238400,4.64
19242000,4.06
19245600,1.76
19249200,1.26
19252800,1.18
19256400,1.27
19260000,1.34
19263600,1.29
19267200,1.14
19270800,0.76
19274400,0.44
19278000,0.5
19281600,0.69
19285200,0.79
19288800,1.36
19292400,2.27
19296000,2.88
19299600,2.41
19303200,2.26
19306800,2.96
19310400,4.25
19314000,5.33
19317600,7.2
19321200,8.63
19324800,8.85
19328400,7.87
19332000,5.49
19335600,3.83
19339200,3.75
19342800,3.91
19346400,3.85
19350000,3.8
19353600,1.54
19357200,1.62
19360800,1.58
19364400,1.6
19368000,1.52
19371600,1.69
19375200,2.24
19378800,2.51
19382400,3.29
19386000,3.65
19389600,3.82
19393200,3.82
19396800,3.78
19400400,3.69
19404000,3.68
19407600,3.65
19411200,3.48
19414800,3.0
19418400,1.37
19422000,1.4
19425600,1.69
19429200,2.06
19432800,2.6
19436400,3.31
19440000,3.29
19443600,2.86
19447200,2.13
19450800,1.54
19454400,1.33
19458000,1.88
19461600,2.53
19465200,3.14
19468800,3.47
19472400,3.91
19476000,4.85
19479600,6.42
19483200,7.09
19486800,6.83
19490400,6.05
19494000,5.04
19497600,3.97
19501200,3.21
19504800,2.33
19508400,1.44
19512000,1.67
19515600,1.62
19519200,1.32
19522800,1.08
19526400,0.95
19530000,0.86
19533600,0.72
19537200,0.71
19540800,0.8
19544400,1.63
19548000,3.09
19551600,3.2
19555200,3.24
19558800,3.18
19562400,3.09
19566000,2.95
19569600,2.87
19573200,2.88
19576800,2.96
19580400,3.09
19584000,3.06
19587600,2.87
19591200,1.63
19594800,1.29
19598400,1.9
19602000,2.7
19605600,2.72
19609200,3.07
19612800,2.7
19616400,2.88
19620000,4.59
19623600,6.04
19627200,6.59
19630800,6.16
19634400,5.84
19638000,5.75
19641600,5.14
19645200,5.19
19648800,5.53
19652400,5.76
19656000,6.15
19659600,6.3
19663200,6.13
19666800,5.96
19670400,5.59
19674000,4.68
19677600,2.27
19681200,1.61
19684800,1.59
19688400,1.54
19692000,1.51
19695600,1.6
19699200,1.96
19702800,2.36
19706400,2.4
19710000,2.47
19713600,2.93
19717200,4.18
19720800,4.77
19724400,6.23
19728000,6.89
19731600,7.16
19735200,7.39
19738800,7.66
19742400,7.89
19746000,8.03
19749600,8.15
19753200,8.09
19756800,7.58
19760400,6.43
19764000,3.73
19767600,2.54
19771200,2.48
19774800,2.47
19778400,2.32
19782000,2.09
19785600,1.88
19789200,1.72
19792800,1.58
19796400,1.51
19800000,1.43
19803600,1.57
19807200,2.64
19810800,2.19
19814400,2.28
19818000,3.16
19821600,4.24
19825200,5.16
19828800,5.73
19832400,5.91
19836000,5.76
19839600,5.48
19843200,5.29
19846800,4.56
19850400,1.79
19854000,1.39
19857600,1.69
19861200,2.27
19864800,2.79
19868400,3.31
19872000,3.24
19875600,2.32
19879200,1.68
19882800,1.41
19886400,1.45
19890000,2.17
19893600,3.72
19897200,4.06
19900800,4.45
19904400,4.98
19908000,5.8
19911600,6.68
19915200,7.18
19918800,7.23
19922400,6.88
19926000,6.62
19929600,6.74
19933200,6.58
19936800,5.18
19940400,4.34
19944000,4.31
19947600,3.27
19951200,2.3
19954800,2.1
19958400,1.98
19962000,1.86
19965600,1.83
19969200,1.81
19972800,1.92
19976400,3.32
19980000,3.84
19983600,4.04
19987200,4.11
19990800,4.22
19994400,4.5
19998000,4.87
20001600,5.18
20005200,5.35
20008800,5.53
20012400,5.73
20016000,5.63
20019600,5.19
20023200,4.05
20026800,1.69
20030400,1.2
20034000,1.09
20037600,1.1
20041200,1.16
20044800,1.19
20048400,1.16
20052000,1.13
20055600,1.16
20059200,1.26
20062800,2.58
20066400,2.77
20070000,3.02
20073600,3.35
20077200,3.67
20080800,3.85
20084400,4.03
20088000,4.35
20091600,4.72
20095200,5.05
20098800,5.21
20102400,5.02
20106000,4.4
20109600,2.26
20113200,1.11
20116800,1.13
20120400,1.15
20124000,1.08
20127600,0.98
20131200,0.72
20134800,0.3
20138400,0.48
20142000,0.61
20145600,0.72
20149200,0.75
20152800,1.2
20156400,0.13
20160000,0.33
20163600,0.76
20167200,0.99
20170800,0.65
20174400,0.31
20178000,0.34
20181600,0.62
20185200,1.06
20188800,1.48
20192400,1.8
20196000,1.06
20199600,1.22
20203200,1.56
20206800,1.97
20210400,1.88
20214000,1.56
20217600,1.27
20221200,1.15
20224800,1.06
20228400,1.0
20232000,0.96
20235600,1.44
20239200,1.55
20242800,1.67
20246400,3.34
20250000,3.96
20253600,4.27
20257200,4.44
20260800,4.47
20264400,4.27
20268000,3.99
20271600,3.42
20275200,2.38
20278800,1.37
20282400,0.58
20286000,0.59
20289600,0.58
20293200,0.63
20296800,1.07
20300400,1.35
20304000,1.37
20307600,1.33
20311200,1.56
20314800,1.78
20318400,1.87
20322000,2.91
20325600,3.22
20329200,3.1
20332800,2.55
20336400,2.37
20340000,2.25
20343600,1.67
20347200,1.44
20350800,1.1
20354400,0.71
20358000,1.46
20361600,2.55
20365200,3.42
20368800,3.46
20372400,3.16
20376000,2.68
20379600,2.37
20383200,2.16
20386800,2.16
20390400,2.68
20394000,2.95
20397600,2.6
20401200,2.25
20404800,1.7
20408400,2.1
20412000,2.69
20415600,2.97
20419200,3.03
20422800,2.99
20426400,3.59
20430000,4.13
20433600,4.64
20437200,5.06
20440800,5.19
20444400,4.93
20448000,4.77
20451600,4.2
20455200,2.27
20458800,1.41
20462400,1.69
20466000,2.31
20469600,2.74
20473200,2.87
20476800,2.77
20480400,2.64
20484000,2.9
20487600,2.78
20491200,2.8
20494800,3.67
20498400,4.39
20502000,5.14
20505600,5.75
20509200,6.71
20512800,7.49
20516400,8.02
20520000,8.11
20523600,8.35
20527200,8.85
20530800,9.04
20534400,8.59
20538000,7.36
20541600,5.36
20545200,3.75
20548800,3.53
20552400,3.13
20556000,2.99
20559600,3.35
20563200,1.76
20566800,1.73
20570400,1.65
20574000,1.55
20577600,1.19
20581200,1.49
20584800,1.8
20588400,2.78
20592000,3.62
20595600,4.61
20599200,5.82
20602800,7.22
20606400,7.43
20610000,6.64
20613600,6.04
20617200,6.02
20620800,5.82
20624400,5.05
20628000,4.43
20631600,2.92
20635200,1.23
20638800,1.59
20642400,6.1
20646000,6.8
20649600,4.14
20653200,2.93
20656800,1.07
20660400,0.73
20664000,1.04
20667600,1.88
20671200,2.61
20674800,2.87
20678400,2.79
20682000,3.34
20685600,4.04
20689200,4.57
20692800,4.93
20696400,5.43
20700000,5.84
20703600,5.98
20707200,5.82
20710800,5.81
20714400,5.98
20718000,5.58
20721600,4.67
20725200,3.67
20728800,2.92
20732400,2.55
20736000,2.03
20739600,1.45
20743200,1.03
20746800,0.89
20750400,0.89
20754000,1.8
20757600,2.94
20761200,3.4
20764800,3.54
20768400,3.75
20772000,3.92
20775600,3.93
20779200,3.9
20782800,3.86
20786400,3.85
20790000,3.93
20793600,3.85
20797200,3.79
20800800,3.11
20804400,2.67
20808000,3.93
20811600,5.2
20815200,4.98
20818800,3.41
20822400,2.21
20826000,1.04
20829600,0.66
20833200,0.3
20836800,0.53
20840400,1.58
20844000,2.87
20847600,3.52
20851200,3.71
20854800,3.64
20858400,3.59
20862000,3.8
20865600,4.03
20869200,4.33
20872800,4.65
20876400,4.59
20880000,3.95
20883600,3.06
20887200,1.06
20890800,0.98
20894400,1.15
20898000,1.6
20901600,2.08
20905200,2.15
20908800,1.83
20912400,1.39
20916000,1.04
20919600,0.85
20923200,0.71
20926800,0.53
20930400,1.65
20934000,1.99
20937600,2.56
20941200,2.78
20944800,2.36
20948400,1.87
20952000,3.17
20955600,7.35
20959200,10.02
20962800,9.71
20966400,7.99
20970000,5.53
20973600,2.47
20977200,0.82
20980800,0.38
20984400,0.58
20988000,0.79
20991600,0.77
20995200,0.87
20998800,0.99
21002400,1.05
21006000,1.16
21009600,1.44
21013200,3.36
21016800,3.93
21020400,3.74
21024000,3.18
21027600,2.77
21031200,2.83
21034800,3.13
21038400,3.45
21042000,3.69
21045600,3.95
21049200,4.1
21052800,4.11
21056400,3.81
21060000,2.06
21063600,1.0
21067200,0.87
21070800,0.93
21074400,1.11
21078000,1.19
21081600,1.21
21085200,1.24
21088800,1.27
21092400,1.28
21096000,1.25
21099600,1.38
21103200,1.96
21106800,3.08
21110400,3.23
21114000,3.07
21117600,2.89
21121200,2.77
21124800,2.76
21128400,2.83
21132000,2.95
21135600,3.1
21139200,3.23
21142800,3.19
21146400,1.36
21150000,1.09
21153600,0.88
21157200,0.88
21160800,1.29
21164400,1.42
21168000,1.47
21171600,1.97
21175200,2.3
21178800,2.92
21182400,4.8
21186000,4.96
21189600,5.09
21193200,5.27
21196800,5.01
21200400,4.59
21204000,4.66
21207600,5.01
21211200,5.27
21214800,5.15
21218400,4.76
21222000,4.27
21225600,3.75
21229200,2.5
21232800,1.37
21236400,1.62
21240000,1.98
21243600,2.12
21247200,2.03
21250800,1.79
21254400,1.58
21258000,1.45
21261600,1.39
21265200,1.42
21268800,1.43
21272400,1.7
21276000,2.53
21279600,1.63
21283200,1.02
21286800,0.45
21290400,0.43
21294000,0.68
21297600,1.0
21301200,1.22
21304800,1.26
21308400,1.22
21312000,1.18
21315600,1.11
21319200,0.89
21322800,1.08
21326400,1.34
21330000,1.63
21333600,1.77
21337200,1.66
21340800,1.45
21344400,1.23
21348000,1.07
21351600,1.01
21355200,1.04
21358800,1.47
21362400,2.44
21366000,2.06
21369600,1.5
21373200,1.35
21376800,1.51
21380400,1.73
21384000,1.86
21387600,1.88
21391200,1.92
21394800,2.06
21398400,2.16
21402000,1.67
21405600,1.08
21409200,1.33
21412800,1.47
21416400,1.47
21420000,1.3
21423600,1.12
21427200,1.03
21430800,0.91
21434400,0.64
21438000,0.34
21441600,0.47
21445200,0.63
21448800,1.43
21452400,1.19
21456000,0.89
21459600,0.83
21463200,1.14
21466800,1.29
21470400,1.24
21474000,1.13
21477600,1.09
21481200,1.15
21484800,1.32
21488400,1.03
21492000,0.93
21495600,1.06
21499200,1.08
21502800,1.08
21506400,1.1
21510000,1.15
21513600,1.17
21517200,1.08
21520800,0.88
21524400,0.64
21528000,0.63
21531600,0.8
21535200,1.58
21538800,1.21
21542400,1.25
21546000,1.68
21549600,1.97
21553200,2.33
21556800,2.67
21560400,2.83
21564000,2.98
21567600,3.04
21571200,3.05
21574800,2.47
21578400,1.89
21582000,3.14
21585600,3.86
21589200,3.57
21592800,3.39
21596400,3.34
21600000,3.27
21603600,3.12
21607200,2.89
21610800,2.6
21614400,2.11
21618000,2.42
21621600,2.28
21625200,1.86
21628800,3.29
21632400,3.83
21636000,3.97
21639600,4.1
21643200,4.1
21646800,4.1
21650400,4.25
21654000,4.67
21657600,5.61
21661200,6.83
21664800,7.07
21668400,6.32
21672000,5.65
21675600,5.09
21679200,4.42
21682800,4.01
21686400,3.75
21690000,3.41
21693600,2.59
21697200,2.05
21700800,1.97
21704400,2.67
21708000,3.22
21711600,3.82
21715200,3.17
21718800,2.73
21722400,2.74
21726000,2.9
21729600,2.9
21733200,2.88
21736800,2.93
21740400,3.0
21744000,2.85
21747600,2.04
21751200,1.01
21754800,1.04
21758400,1.09
21762000,1.15
21765600,1.38
21769200,1.76
21772800,1.39
21776400,1.41
21780000,1.27
21783600,1.2
21787200,1.01
21790800,0.87
21794400,0.82
21798000,1.96
21801600,2.4
21805200,2.18
21808800,1.96
21812400,2.1
21816000,2.3
21819600,2.54
21823200,2.76
21826800,2.74
21830400,2.47
21834000,1.14
21837600,1.13
21841200,1.19
21844800,1.21
21848400,1.25
21852000,1.24
21855600,1.23
21859200,1.28
21862800,1.3
21866400,1.26
21870000,1.13
21873600,1.0
21877200,1.0
21880800,0.83
21884400,1.39
21888000,1.58
21891600,2.11
21895200,2.77
21898800,3.44
21902400,4.22
21906000,4.98
21909600,5.59
21913200,6.0
21916800,5.96
21920400,4.04
21924000,2.34
21927600,1.99
21931200,1.91
21934800,1.88
21938400,1.72
21942000,1.6
21945600,1.56
21949200,1.58
21952800,1.65
21956400,1.72
21960000,1.76
21963600,1.77
21967200,1.89
21970800,3.39
21974400,3.59
21978000,3.42
21981600,3.02
21985200,2.57
21988800,2.15
21992400,1.9
21996000,1.87
21999600,1.9
22003200,1.72
22006800,1.07
22010400,1.25
22014000,1.31
22017600,1.33
22021200,1.32
22024800,1.29
22028400,1.25
22032000,1.24
22035600,1.23
22039200,1.2
22042800,1.13
22046400,1.04
22050000,0.92
22053600,0.74
22057200,0.93
22060800,1.77
22064400,3.03
22068000,3.09
22071600,2.99
22075200,2.8
22078800,2.5
22082400,2.17
22086000,1.92
22089600,1.49
22093200,1.14
22096800,1.35
22100400,1.51
22104000,1.61
22107600,1.57
22111200,1.34
22114800,1.1
22118400,0.99
22122000,0.95
22125600,0.87
22129200,0.89
22132800,1.01
22136400,1.1
22140000,1.05
22143600,2.2
22147200,2.61
22150800,2.93
22154400,2.34
22158000,1.6
22161600,1.18
22165200,1.17
22168800,1.45
22172400,1.81
22176000,1.49
22179600,1.26
22183200,1.45
22186800,1.59
22190400,1.71
22194000,1.84
22197600,1.71
22201200,1.51
22204800,1.39
22208400,1.31
22212000,1.37
22215600,1.53
22219200,1.71
22222800,1.75
22226400,1.77
22230000,3.4
22233600,3.49
22237200,3.45
22240800,2.76
22244400,2.04
22248000,1.59
22251600,1.48
22255200,1.38
22258800,1.38
22262400,0.97
22266000,1.25
22269600,2.04
22273200,3.21
22276800,3.89
22280400,3.69
22284000,3.33
22287600,3.13
22291200,2.93
22294800,2.36
22298400,1.91
22302000,1.68
22305600,1.57
22309200,1.55
22312800,1.5
22316400,2.54
22320000,2.58
22323600,2.72
22327200,2.56
22330800,2.31
22334400,2.11
22338000,2.06
22341600,2.15
22345200,2.32
22348800,1.87
22352400,1.1
22356000,1.23
22359600,1.29
22363200,1.4
22366800,1.64
22370400,1.95
22374000,2.4
22377600,2.26
22381200,2.78
22384800,3.11
22388400,3.19
22392000,3.05
22395600,3.04
22399200,3.65
22402800,3.06
22406400,3.18
22410000,3.3
22413600,3.66
22417200,3.91
22420800,4.05
22424400,4.1
22428000,4.01
22431600,3.85
22435200,3.34
22438800,1.96
22442400,0.95
22446000,0.87
22449600,0.59
22453200,0.74
22456800,0.87
22460400,0.7
22464000,0.58
22467600,0.66
22471200,0.85
22474800,0.98
22478400,1.0
22482000,0.93
22485600,1.6
22489200,1.18
22492800,1.36
22496400,2.34
22500000,3.02
22503600,3.47
22507200,3.58
22510800,3.53
22514400,3.43
22518000,3.34
22521600,3.11
22525200,1.74
22528800,1.12
22532400,1.08
22536000,0.68
22539600,0.18
22543200,0.73
22546800,1.18
22550400,1.32
22554000,1.5
22557600,1.59
22561200,1.49
22564800,1.33
22568400,1.26
22572000,2.34
22575600,2.93
22579200,4.0
22582800,4.7
22586400,5.29
22590000,5.8
22593600,5.91
22597200,6.16
22600800,6.53
22604400,6.34
22608000,6.4
22611600,6.37
22615200,5.61
22618800,4.74
22622400,4.11
22626000,3.69
22629600,2.69
22633200,2.16
22636800,1.85
22640400,1.68
22644000,1.65
22647600,1.73
22651200,1.91
22654800,2.83
22658400,3.85
22662000,3.67
22665600,3.4
22669200,3.75
22672800,4.18
22676400,4.47
22680000,4.68
22683600,4.78
22687200,4.74
22690800,4.57
22694400,4.26
22698000,3.61
22701600,1.62
22705200,1.23
22708800,1.18
22712400,1.29
22716000,1.43
22719600,1.46
22723200,1.33
22726800,1.15
22730400,1.0
22734000,0.93
22737600,0.73
22741200,0.44
22744800,0.54
22748400,0.78
22752000,1.57
22755600,2.01
22759200,2.19
22762800,2.51
22766400,3.18
22770000,4.22
22773600,5.32
22777200,6.16
22780800,6.35
22784400,5.81
22788000,4.06
22791600,3.34
22795200,3.79
22798800,3.77
22802400,3.29
22806000,2.79
22809600,2.27
22813200,2.17
22816800,2.5
22820400,3.24
22824000,3.59
22827600,3.86
22831200,4.51
22834800,4.88
22838400,4.57
22842000,4.0
22845600,3.77
22849200,3.67
22852800,3.49
22856400,3.34
22860000,3.24
22863600,3.16
22867200,3.02
22870800,2.71
22874400,1.17
22878000,1.2
22881600,1.44
22885200,1.71
22888800,1.9
22892400,2.06
22896000,2.08
22899600,2.15
22903200,2.25
22906800,2.39
22910400,2.51
22914000,3.04
22917600,3.8
22921200,3.58
22924800,3.22
22928400,2.81
22932000,2.48
22935600,2.22
22939200,1.98
22942800,1.9
22946400,2.08
22950000,2.34
22953600,2.54
22957200,2.32
22960800,1.32
22964400,1.99
22968000,2.71
22971600,3.35
22975200,2.92
22978800,2.13
22982400,1.82
22986000,1.87
22989600,2.26
22993200,2.55
22996800,2.56
23000400,2.57
23004000,3.24
23007600,3.02
23011200,2.95
23014800,2.66
23018400,2.47
23022000,2.87
23025600,3.02
23029200,3.01
23032800,2.9
23036400,2.8
23040000,2.74
23043600,2.38
23047200,1.6
23050800,2.15
23054400,2.36
23058000,2.04
23061600,0.92
23065200,0.7
23068800,0.56
23072400,0.55
23076000,0.7
23079600,0.85
23083200,0.95
23086800,0.92
23090400,1.97
23094000,2.51
23097600,2.94
23101200,3.3
23104800,3.6
23108400,3.76
23112000,3.74
23115600,3.55
23119200,3.28
23122800,2.94
23126400,2.49
23130000,1.58
23133600,1.01
23137200,1.23
23140800,1.42
23144400,1.47
23148000,1.37
23151600,1.15
23155200,0.95
23158800,0.85
23162400,0.65
23166000,0.49
23169600,0.6
23173200,0.59
23176800,1.02
23180400,1.61
23184000,1.83
23187600,1.63
23191200,1.73
23194800,1.91
23198400,1.96
23202000,1.88
23205600,1.71
23209200,1.45
23212800,1.22
23216400,0.86
23220000,0.82
23223600,1.01
23227200,1.14
23230800,1.24
23234400,1.31
23238000,1.24
23241600,1.42
23245200,1.8
23248800,2.19
23252400,2.7
23256000,2.95
23259600,3.06
23263200,3.98
23266800,3.79
23270400,3.6
23274000,3.15
23277600,3.26
23281200,3.65
23284800,4.15
23288400,4.66
23292000,5.03
23295600,5.19
23299200,5.0
23302800,4.05
23306400,2.05
23310000,2.24
23313600,2.75
23317200,3.2
23320800,3.27
23324400,2.95
23328000,2.6
23331600,2.6
23335200,2.68
23338800,2.56
23342400,2.28
23346000,2.42
23349600,3.58
23353200,4.02
23356800,4.03
23360400,3.78
23364000,3.56
23367600,3.4
23371200,3.35
23374800,3.52
23378400,3.74
23382000,3.98
23385600,4.22
23389200,4.02
23392800,2.51
23396400,2.75
23400000,2.68
23403600,2.43
23407200,2.01
23410800,1.54
23414400,1.2
23418000,1.01
23421600,0.93
23425200,0.93
23428800,0.95
23432400,0.93
23436000,1.93
23439600,1.83
23443200,2.05
23446800,2.19
23450400,2.21
23454000,2.05
23457600,1.79
23461200,1.46
23464800,1.19
23468400,1.06
23472000,1.14
23475600,1.01
23479200,1.09
23482800,1.23
23486400,1.22
23490000,1.19
23493600,1.21
23497200,1.2
23500800,1.19
23504400,1.17
23508000,1.15
23511600,1.13
23515200,1.12
23518800,1.16
23522400,2.12
23526000,2.85
23529600,2.79
23533200,2.68
23536800,2.42
23540400,2.06
23544000,1.75
23547600,1.54
23551200,1.44
23554800,1.54
23558400,2.01
23562000,1.65
23565600,2.18
23569200,3.8
23572800,3.84
23576400,3.39
23580000,3.14
23583600,2.84
23587200,1.39
23590800,1.41
23594400,1.27
23598000,1.2
23601600,1.01
23605200,0.87
23608800,0.82
23612400,1.96
23616000,2.4
23619600,2.18
23623200,1.96
23626800,2.1
23630400,2.3
23634000,2.54
23637600,2.76
23641200,2.74
23644800,2.47
23648400,1.14
23652000,1.13
23655600,1.19
23659200,1.21
23662800,1.25
23666400,1.24
23670000,1.23
23673600,1.28
23677200,1.3
23680800,1.26
23684400,1.13
23688000,1.0
23691600,1.0
23695200,0.83
23698800,1.39
23702400,1.58
23706000,2.11
23709600,2.77
23713200,3.44
23716800,4.22
23720400,4.98
23724000,5.59
23727600,6.0
23731200,5.96
23734800,4.04
23738400,2.34
23742000,1.99
23745600,1.91
23749200,1.88
23752800,1.72
23756400,1.6
23760000,1.56
23763600,1.58
23767200,1.65
23770800,1.72
23774400,1.76
23778000,1.77
23781600,1.89
23785200,3.39
23788800,3.59
23792400,3.42
23796000,3.02
23799600,2.57
23803200,2.15
23806800,1.9
23810400,1.87
23814000,1.9
23817600,1.72
23821200,1.07
23824800,1.25
23828400,1.31
23832000,1.33
23835600,1.32
23839200,1.29
23842800,1.25
23846400,1.24
23850000,1.23
23853600,1.2
23857200,1.13
23860800,1.04
23864400,0.92
23868000,0.74
23871600,0.93
23875200,1.77
23878800,3.03
23882400,3.09
23886000,2.99
23889600,2.8
23893200,2.5
23896800,2.17
23900400,1.92
23904000,1.49
23907600,1.14
23911200,1.35
23914800,1.51
23918400,1.61
23922000,1.57
23925600,1.34
23929200,1.1
23932800,0.99
23936400,0.95
23940000,0.87
23943600,0.89
23947200,1.01
23950800,1.1
23954400,1.05
23958000,2.2
23961600,2.61
23965200,2.93
23968800,2.34
23972400,1.6
23976000,1.18
23979600,1.17
23983200,1.45
23986800,1.81
23990400,1.49
23994000,1.26
23997600,1.45
24001200,1.59
24004800,1.71
24008400,1.84
24012000,1.71
24015600,1.51
24019200,1.39
24022800,1.31
24026400,1.37
24030000,1.53
24033600,1.71
24037200,1.75
24040800,1.77
24044400,3.4
24048000,3.49
24051600,3.45
24055200,2.76
24058800,2.04
24062400,1.59
24066000,1.48
24069600,1.38
24073200,1.38
24076800,0.97
24080400,1.25
24084000,2.04
24087600,3.21
24091200,3.89
24094800,3.69
24098400,3.33
24102000,3.13
24105600,2.93
24109200,2.36
24112800,1.91
24116400,1.68
24120000,1.57
24123600,1.55
24127200,1.5
24130800,2.54
24134400,2.58
24138000,2.72
24141600,2.56
24145200,2.31
24148800,2.11
24152400,2.06
24156000,2.15
24159600,2.32
24163200,1.87
24166800,1.1
24170400,1.23
24174000,1.29
24177600,1.4
24181200,1.64
24184800,1.95
24188400,2.4
24192000,1.39
24195600,1.41
24199200,1.27
24202800,1.2
24206400,1.01
24210000,0.87
24213600,0.82
24217200,1.96
24220800,2.4
24224400,2.18
24228000,1.96
24231600,2.1
24235200,2.3
24238800,2.54
24242400,2.76
24246000,2.74
24249600,2.47
24253200,1.14
24256800,1.13
24260400,1.19
24264000,1.21
24267600,1.25
24271200,1.24
24274800,1.23
24278400,1.28
24282000,1.3
24285600,1.26
24289200,1.13
24292800,1.0
24296400,1.0
24300000,0.83
24303600,1.39
24307200,1.58
24310800,2.11
24314400,2.77
24318000,3.44
24321600,4.22
24325200,4.98
24328800,5.59
24332400,6.0
24336000,5.96
24339600,4.04
24343200,2.34
24346800,1.99
24350400,1.91
24354000,1.88
24357600,1.72
24361200,1.6
24364800,1.56
24368400,1.58
24372000,1.65
24375600,1.72
24379200,1.76
24382800,1.77
24386400,1.89
24390000,3.39
24393600,3.59
24397200,3.42
24400800,3.02
24404400,2.57
24408000,2.15
24411600,1.9
24415200,1.87
24418800,1.9
24422400,1.72
24426000,1.07
24429600,1.25
24433200,1.31
24436800,1.33
24440400,1.32
24444000,1.29
24447600,1.25
24451200,1.24
24454800,1.23
24458400,1.2
24462000,1.13
24465600,1.04
24469200,0.92
24472800,0.74
24476400,0.93
24480000,1.77
24483600,3.03
24487200,3.09
24490800,2.99
24494400,2.8
24498000,2.5
24501600,2.17
24505200,1.92
24508800,1.49
24512400,1.14
24516000,1.35
24519600,1.51
24523200,1.61
24526800,1.57
24530400,1.34
24534000,1.1
24537600,0.99
24541200,0.95
24544800,0.87
24548400,0.89
24552000,1.01
24555600,1.1
24559200,1.05
24562800,2.2
24566400,2.61
24570000,2.93
24573600,2.34
24577200,1.6
24580800,1.18
24584400,1.17
24588000,1.45
24591600,1.81
24595200,1.49
24598800,1.26
24602400,1.45
24606000,1.59
24609600,1.71
24613200,1.84
24616800,1.71
24620400,1.51
24624000,1.39
24627600,1.31
24631200,1.37
24634800,1.53
24638400,1.71
24642000,1.75
24645600,1.77
24649200,3.4
24652800,3.49
24656400,3.45
24660000,2.76
24663600,2.04
24667200,1.59
24670800,1.48
24674400,1.38
24678000,1.38
24681600,0.97
24685200,1.25
24688800,2.04
24692400,3.21
24696000,3.89
24699600,3.69
24703200,3.33
24706800,3.13
24710400,2.93
24714000,2.36
24717600,1.91
24721200,1.68
24724800,1.57
24728400,1.55
24732000,1.5
24735600,2.54
24739200,2.58
24742800,2.72
24746400,2.56
24750000,2.31
24753600,2.11
24757200,2.06
24760800,2.15
24764400,2.32
24768000,1.87
24771600,1.1
24775200,1.23
24778800,1.29
24782400,1.4
24786000,1.64
24789600,1.95
24793200,2.4
24796800,1.82
24800400,1.87
24804000,2.26
24807600,2.55
24811200,2.56
24814800,2.57
24818400,3.24
24822000,3.02
24825600,2.95
24829200,2.66
24832800,2.47
24836400,2.87
24840000,3.02
24843600,3.01
24847200,2.9
24850800,2.8
24854400,2.74
24858000,2.38
24861600,1.6
24865200,2.15
24868800,2.36
24872400,2.04
24876000,0.92
24879600,0.7
24883200,0.56
24886800,0.55
24890400,0.7
24894000,0.85
24897600,0.95
24901200,0.92
24904800,1.97
24908400,2.51
24912000,2.94
24915600,3.3
24919200,3.6
24922800,3.76
24926400,3.74
24930000,3.55
24933600,3.28
24937200,2.94
24940800,2.49
24944400,1.58
24948000,1.01
24951600,1.23
24955200,1.42
24958800,1.47
24962400,1.37
24966000,1.15
24969600,0.95
24973200,0.85
24976800,0.65
24980400,0.49
24984000,0.6
24987600,0.59
24991200,1.02
24994800,1.61
24998400,1.83
25002000,1.63
25005600,1.73
25009200,1.91
25012800,1.96
25016400,1.88
25020000,1.71
25023600,1.45
25027200,1.22
25030800,0.86
25034400,0.82
25038000,1.01
25041600,1.14
25045200,1.24
25048800,1.31
25052400,1.24
25056000,1.42
25059600,1.8
25063200,2.19
25066800,2.7
25070400,2.95
25074000,3.06
25077600,3.98
25081200,3.79
25084800,3.6
25088400,3.15
25092000,3.26
25095600,3.65
25099200,4.15
25102800,4.66
25106400,5.03
25110000,5.19
25113600,5.0
25117200,4.05
25120800,2.05
25124400,2.24
25128000,2.75
25131600,3.2
25135200,3.27
25138800,2.95
25142400,2.6
25146000,2.6
25149600,2.68
25153200,2.56
25156800,2.28
25160400,2.42
25164000,3.58
25167600,4.02
25171200,4.03
25174800,3.78
25178400,3.56
25182000,3.4
25185600,3.35
25189200,3.52
25192800,3.74
25196400,3.98
25200000,4.22
25203600,4.02
25207200,2.51
25210800,2.75
25214400,2.68
25218000,2.43
25221600,2.01
25225200,1.54
25228800,1.2
25232400,1.01
25236000,0.93
25239600,0.93
25243200,0.95
25246800,0.93
25250400,1.93
25254000,1.83
25257600,2.05
25261200,2.19
25264800,2.21
25268400,2.05
25272000,1.79
25275600,1.46
25279200,1.19
25282800,1.06
25286400,1.14
25290000,1.01
25293600,1.09
25297200,1.23
25300800,1.22
25304400,1.19
25308000,1.21
25311600,1.2
25315200,1.19
25318800,1.17
25322400,1.15
25326000,1.13
25329600,1.12
25333200,1.16
25336800,2.12
25340400,2.85
25344000,2.79
25347600,2.68
25351200,2.42
25354800,2.06
25358400,1.75
25362000,1.54
25365600,1.44
25369200,1.54
25372800,2.01
25376400,1.65
25380000,2.18
25383600,3.8
25387200,3.84
25390800,3.39
25394400,3.14
25398000,2.84
25401600,2.97
25405200,3.47
25408800,3.84
25412400,3.88
25416000,3.6
25419600,3.25
25423200,3.22
25426800,4.38
25430400,4.11
25434000,4.64
25437600,4.95
25441200,5.36
25444800,5.82
25448400,6.1
25452000,6.07
25455600,5.7
25459200,4.2
25462800,1.96
25466400,1.93
25470000,2.09
25473600,2.29
25477200,2.49
25480800,2.76
25484400,3.0
25488000,3.01
25491600,2.89
25495200,2.77
25498800,2.67
25502400,2.59
25506000,2.51
25509600,2.52
25513200,3.79
25516800,3.73
25520400,4.76
25524000,4.71
25527600,4.61
25531200,4.53
25534800,4.49
25538400,4.42
25542000,4.23
25545600,2.62
25549200,1.69
25552800,1.78
25556400,1.83
25560000,1.88
25563600,1.92
25567200,1.92
25570800,1.87
25574400,1.74
25578000,1.6
25581600,1.5
25585200,1.47
25588800,1.48
25592400,1.5
25596000,1.49
25599600,2.6
25603200,2.36
25606800,1.66
25610400,0.96
25614000,0.83
25617600,0.9
25621200,1.02
25624800,1.18
25628400,1.37
25632000,0.91
25635600,1.22
25639200,1.34
25642800,1.37
25646400,1.34
25650000,1.27
25653600,1.1
25657200,0.84
25660800,0.62
25664400,0.65
25668000,0.71
25671600,0.74
25675200,0.64
25678800,0.49
25682400,0.5
25686000,0.73
25689600,1.14
25693200,1.08
25696800,2.26
25700400,3.01
25704000,3.21
25707600,3.28
25711200,3.24
25714800,3.06
25718400,1.39
25722000,1.38
25725600,1.43
25729200,1.42
25732800,1.41
25736400,1.41
25740000,1.37
25743600,1.34
25747200,1.41
25750800,1.44
25754400,1.52
25758000,1.69
25761600,1.84
25765200,2.01
25768800,2.55
25772400,3.42
25776000,4.2
25779600,4.26
25783200,4.85
25786800,4.63
25790400,4.01
25794000,3.47
25797600,3.34
25801200,3.56
25804800,2.81
25808400,2.25
25812000,2.75
25815600,2.56
25819200,2.14
25822800,1.89
25826400,1.65
25830000,1.46
25833600,1.33
25837200,1.25
25840800,1.21
25844400,1.11
25848000,1.0
25851600,0.93
25855200,0.79
25858800,0.62
25862400,1.1
25866000,2.3
25869600,3.3
25873200,4.06
25876800,4.77
25880400,5.33
25884000,5.61
25887600,5.52
25891200,3.99
25894800,1.85
25898400,1.72
25902000,1.85
25905600,2.14
25909200,2.4
25912800,2.56
25916400,2.67
25920000,2.48
25923600,2.1
25927200,1.84
25930800,1.77
25934400,1.74
25938000,1.68
25941600,1.59
25945200,2.22
25948800,1.97
25952400,1.05
25956000,0.81
25959600,1.43
25963200,2.22
25966800,2.96
25970400,3.71
25974000,4.32
25977600,3.93
25981200,2.24
25984800,2.23
25988400,1.76
25992000,1.3
25995600,1.13
25999200,0.96
26002800,0.91
26006400,2.97
26010000,3.47
26013600,3.84
26017200,3.88
26020800,3.6
26024400,3.25
26028000,3.22
26031600,4.38
26035200,4.11
26038800,4.64
26042400,4.95
26046000,5.36
26049600,5.82
26053200,6.1
26056800,6.07
26060400,5.7
26064000,4.2
26067600,1.96
26071200,1.93
26074800,2.09
26078400,2.29
26082000,2.49
26085600,2.76
26089200,3.0
26092800,3.01
26096400,2.89
26100000,2.77
26103600,2.67
26107200,2.59
26110800,2.51
26114400,2.52
26118000,3.79
26121600,3.73
26125200,4.76
26128800,4.71
26132400,4.61
26136000,4.53
26139600,4.49
26143200,4.42
26146800,4.23
26150400,2.62
26154000,1.69
26157600,1.78
26161200,1.83
26164800,1.88
26168400,1.92
26172000,1.92
26175600,1.87
26179200,1.74
26182800,1.6
26186400,1.5
26190000,1.47
26193600,1.48
26197200,1.5
26200800,1.49
26204400,2.6
26208000,2.36
26211600,1.66
26215200,0.96
26218800,0.83
26222400,0.9
26226000,1.02
26229600,1.18
26233200,1.37
26236800,0.91
26240400,1.22
26244000,1.34
26247600,1.37
26251200,1.34
26254800,1.27
26258400,1.1
26262000,0.84
26265600,0.62
26269200,0.65
26272800,0.71
26276400,0.74
26280000,0.64
26283600,0.49
26287200,0.5
26290800,0.73
26294400,1.14
26298000,1.08
26301600,2.26
26305200,3.01
26308800,3.21
26312400,3.28
26316000,3.24
26319600,3.06
26323200,1.39
26326800,1.38
26330400,1.43
26334000,1.42
26337600,1.41
26341200,1.41
26344800,1.37
26348400,1.34
26352000,1.41
26355600,1.44
26359200,1.52
26362800,1.69
26366400,1.84
26370000,2.01
26373600,2.55
26377200,3.42
26380800,4.2
26384400,4.26
26388000,4.85
26391600,4.63
26395200,4.01
26398800,3.47
26402400,3.34
26406000,3.56
26409600,2.81
26413200,2.25
26416800,2.75
26420400,2.56
26424000,2.14
26427600,1.89
26431200,1.65
26434800,1.46
26438400,1.33
26442000,1.25
26445600,1.21
26449200,1.11
26452800,1.0
26456400,0.93
26460000,0.79
26463600,0.62
26467200,1.1
26470800,2.3
26474400,3.3
26478000,4.06
26481600,4.77
26485200,5.33
26488800,5.61
26492400,5.52
26496000,3.99
26499600,1.85
26503200,1.72
26506800,1.85
26510400,2.14
26514000,2.4
26517600,2.56
26521200,2.67
26524800,2.48
26528400,2.1
26532000,1.84
26535600,1.77
26539200,1.74
26542800,1.68
26546400,1.59
26550000,2.22
26553600,1.97
26557200,1.05
26560800,0.81
26564400,1.43
26568000,2.22
26571600,2.96
26575200,3.71
26578800,4.32
26582400,3.93
26586000,2.24
26589600,2.23
26593200,1.76
26596800,1.3
26600400,1.13
26604000,0.96
26607600,0.91
26611200,1.65
26614800,1.51
26618400,1.5
26622000,1.55
26625600,1.57
26629200,1.55
26632800,1.75
26636400,3.11
26640000,2.95
26643600,3.17
26647200,3.53
26650800,3.85
26654400,4.15
26658000,4.36
26661600,4.43
26665200,4.35
26668800,3.79
26672400,1.71
26676000,1.46
26679600,1.34
26683200,1.21
26686800,1.21
26690400,1.24
26694000,1.24
26697600,1.2
26701200,1.12
26704800,1.01
26708400,0.94
26712000,0.92
26715600,0.94
26719200,0.8
26722800,1.38
26726400,1.6
26730000,1.76
26733600,1.29
26737200,0.9
26740800,0.78
26744400,0.9
26748000,1.07
26751600,1.22
26755200,1.33
26758800,1.08
26762400,1.46
26766000,1.73
26769600,1.86
26773200,1.72
26776800,1.45
26780400,1.25
26784000,1.14
26787600,1.05
26791200,1.07
26794800,1.02
26798400,1.02
26802000,1.02
26805600,1.7
26809200,2.78
26812800,2.64
26816400,2.38
26820000,1.61
26823600,1.43
26827200,1.85
26830800,1.71
26834400,1.52
26838000,1.38
26841600,1.08
26845200,0.93
26848800,1.16
26852400,1.23
26856000,1.26
26859600,1.26
26863200,1.56
26866800,1.74
26870400,1.65
26874000,1.44
26877600,1.25
26881200,1.0
26884800,0.86
26888400,0.71
26892000,0.63
26895600,0.89
26899200,0.83
26902800,0.83
26906400,1.41
26910000,2.02
26913600,2.43
26917200,2.64
26920800,2.76
26924400,2.88
26928000,2.36
26931600,1.26
26935200,1.39
26938800,1.43
26942400,1.46
26946000,1.5
26949600,1.55
26953200,1.58
26956800,1.58
26960400,1.57
26964000,1.54
26967600,1.47
26971200,1.41
26974800,1.4
26978400,1.52
26982000,2.94
26985600,2.58
26989200,2.04
26992800,1.8
26996400,1.79
27000000,2.1
27003600,2.65
27007200,3.39
27010800,4.18
27014400,4.7
27018000,4.25
27021600,4.85
27025200,4.56
27028800,4.46
27032400,4.45
27036000,4.19
27039600,3.73
27043200,3.58
27046800,3.79
27050400,3.77
27054000,3.52
27057600,2.56
27061200,3.03
27064800,3.73
27068400,4.04
27072000,5.23
27075600,4.98
27079200,4.34
27082800,3.76
27086400,3.3
27090000,3.05
27093600,2.91
27097200,2.8
27100800,2.37
27104400,1.26
27108000,1.48
27111600,1.83
27115200,2.32
27118800,2.51
27122400,2.31
27126000,2.09
27129600,2.0
27133200,2.01
27136800,1.87
27140400,1.54
27144000,1.32
27147600,1.36
27151200,2.23
27154800,3.16
27158400,3.15
27162000,3.01
27165600,2.52
27169200,1.95
27172800,1.41
27176400,1.03
27180000,0.91
27183600,0.88
27187200,0.6
27190800,0.97
27194400,1.14
27198000,1.26
27201600,1.21
27205200,1.07
27208800,1.07
27212400,1.22
27216000,1.39
27219600,1.41
27223200,1.27
27226800,1.2
27230400,1.01
27234000,0.87
27237600,0.82
27241200,1.96
27244800,2.4
27248400,2.18
27252000,1.96
27255600,2.1
27259200,2.3
27262800,2.54
27266400,2.76
27270000,2.74
27273600,2.47
27277200,1.14
27280800,1.13
27284400,1.19
27288000,1.21
27291600,1.25
27295200,1.24
27298800,1.23
27302400,1.28
27306000,1.3
27309600,1.26
27313200,1.13
27316800,1.0
27320400,1.0
27324000,0.83
27327600,1.39
27331200,1.58
27334800,2.11
27338400,2.77
27342000,3.44
27345600,4.22
27349200,4.98
27352800,5.59
27356400,6.0
27360000,5.96
27363600,4.04
27367200,2.34
27370800,1.99
27374400,1.91
27378000,1.88
27381600,1.72
27385200,1.6
27388800,1.56
27392400,1.58
27396000,1.65
27399600,1.72
27403200,1.76
27406800,1.77
27410400,1.89
27414000,3.39
27417600,3.59
27421200,3.42
27424800,3.02
27428400,2.57
27432000,2.15
27435600,1.9
27439200,1.87
27442800,1.9
27446400,1.72
27450000,1.07
27453600,1.25
27457200,1.31
27460800,1.33
27464400,1.32
27468000,1.29
27471600,1.25
27475200,1.24
27478800,1.23
27482400,1.2
27486000,1.13
27489600,1.04
27493200,0.92
27496800,0.74
27500400,0.93
27504000,1.77
27507600,3.03
27511200,3.09
27514800,2.99
27518400,2.8
27522000,2.5
27525600,2.17
27529200,1.92
27532800,1.49
27536400,1.14
27540000,1.35
27543600,1.51
27547200,1.61
27550800,1.57
27554400,1.34
27558000,1.1
27561600,0.99
27565200,0.95
27568800,0.87
27572400,0.89
27576000,1.01
27579600,1.1
27583200,1.05
27586800,2.2
27590400,2.61
27594000,2.93
27597600,2.34
27601200,1.6
27604800,1.18
27608400,1.17
27612000,1.45
27615600,1.81
27619200,1.49
27622800,1.26
27626400,1.45
27630000,1.59
27633600,1.71
27637200,1.84
27640800,1.71
27644400,1.51
27648000,1.39
27651600,1.31
27655200,1.37
27658800,1.53
27662400,1.71
27666000,1.75
27669600,1.77
27673200,3.4
27676800,3.49
27680400,3.45
27684000,2.76
27687600,2.04
27691200,1.59
27694800,1.48
27698400,1.38
27702000,1.38
27705600,0.97
27709200,1.25
27712800,2.04
27716400,3.21
27720000,3.89
27723600,3.69
27727200,3.33
27730800,3.13
27734400,2.93
27738000,2.36
27741600,1.91
27745200,1.68
27748800,1.57
27752400,1.55
27756000,1.5
27759600,2.54
27763200,2.58
27766800,2.72
27770400,2.56
27774000,2.31
27777600,2.11
27781200,2.06
27784800,2.15
27788400,2.32
27792000,1.87
27795600,1.1
27799200,1.23
27802800,1.29
27806400,1.4
27810000,1.64
27813600,1.95
27817200,2.4
27820800,1.82
27824400,1.87
27828000,2.26
27831600,2.55
27835200,2.56
27838800,2.57
27842400,3.24
27846000,3.02
27849600,2.95
27853200,2.66
27856800,2.47
27860400,2.87
27864000,3.02
27867600,3.01
27871200,2.9
27874800,2.8
27878400,2.74
27882000,2.38
27885600,1.6
27889200,2.15
27892800,2.36
27896400,2.04
27900000,0.92
27903600,0.7
27907200,0.56
27910800,0.55
27914400,0.7
27918000,0.85
27921600,0.95
27925200,0.92
27928800,1.97
27932400,2.51
27936000,2.94
27939600,3.3
27943200,3.6
27946800,3.76
27950400,3.74
27954000,3.55
27957600,3.28
27961200,2.94
27964800,2.49
27968400,1.58
27972000,1.01
27975600,1.23
27979200,1.42
27982800,1.47
27986400,1.37
27990000,1.15
27993600,0.95
27997200,0.85
28000800,0.65
28004400,0.49
28008000,0.6
28011600,0.59
28015200,1.02
28018800,1.61
28022400,1.83
28026000,1.63
28029600,1.73
28033200,1.91
28036800,1.96
28040400,1.88
28044000,1.71
28047600,1.45
28051200,1.22
28054800,0.86
28058400,0.82
28062000,1.01
28065600,1.14
28069200,1.24
28072800,1.31
28076400,1.24
28080000,1.42
28083600,1.8
28087200,2.19
28090800,2.7
28094400,2.95
28098000,3.06
28101600,3.98
28105200,3.79
28108800,3.6
28112400,3.15
28116000,3.26
28119600,3.65
28123200,4.15
28126800,4.66
28130400,5.03
28134000,5.19
28137600,5.0
28141200,4.05
28144800,2.05
28148400,2.24
28152000,2.75
28155600,3.2
28159200,3.27
28162800,2.95
28166400,2.6
28170000,2.6
28173600,2.68
28177200,2.56
28180800,2.28
28184400,2.42
28188000,3.58
28191600,4.02
28195200,4.03
28198800,3.78
28202400,3.56
28206000,3.4
28209600,3.35
28213200,3.52
28216800,3.74
28220400,3.98
28224000,4.22
28227600,4.02
28231200,2.51
28234800,2.75
28238400,2.68
28242000,2.43
28245600,2.01
28249200,1.54
28252800,1.2
28256400,1.01
28260000,0.93
28263600,0.93
28267200,0.95
28270800,0.93
28274400,1.93
28278000,1.83
28281600,2.05
28285200,2.19
28288800,2.21
28292400,2.05
28296000,1.79
28299600,1.46
28303200,1.19
28306800,1.06
28310400,1.14
28314000,1.01
28317600,1.09
28321200,1.23
28324800,1.22
28328400,1.19
28332000,1.21
28335600,1.2
28339200,1.19
28342800,1.17
28346400,1.15
28350000,1.13
28353600,1.12
28357200,1.16
28360800,2.12
28364400,2.85
28368000,2.79
28371600,2.68
28375200,2.42
28378800,2.06
28382400,1.75
28386000,1.54
28389600,1.44
28393200,1.54
28396800,2.01
28400400,1.65
28404000,2.18
28407600,3.8
28411200,3.84
28414800,3.39
28418400,3.14
28422000,2.84
28425600,1.33
28429200,1.37
28432800,1.38
28436400,1.36
28440000,1.23
28443600,0.89
28447200,0.37
28450800,0.32
28454400,1.09
28458000,1.08
28461600,1.53
28465200,2.17
28468800,2.34
28472400,2.34
28476000,2.29
28479600,2.14
28483200,1.1
28486800,1.38
28490400,1.46
28494000,1.49
28497600,1.48
28501200,1.43
28504800,1.37
28508400,1.33
28512000,1.27
28515600,1.26
28519200,1.3
28522800,1.31
28526400,1.23
28530000,1.13
28533600,1.04
28537200,0.84
28540800,1.01
28544400,2.13
28548000,3.91
28551600,4.73
28555200,5.41
28558800,5.94
28562400,6.14
28566000,5.78
28569600,3.38
28573200,2.41
28576800,2.31
28580400,2.3
28584000,2.44
28587600,2.61
28591200,2.72
28594800,2.72
28598400,2.62
28602000,2.38
28605600,2.17
28609200,2.08
28612800,1.95
28616400,1.84
28620000,1.73
28623600,2.1
28627200,2.91
28630800,2.94
28634400,4.13
28638000,4.97
28641600,5.59
28645200,5.86
28648800,5.69
28652400,5.1
28656000,2.65
28659600,1.61
28663200,1.43
28666800,1.33
28670400,1.12
28674000,0.7
28677600,0.47
28681200,0.52
28684800,0.66
28688400,0.7
28692000,0.54
28695600,0.3
28699200,0.24
28702800,0.59
28706400,1.04
28710000,1.14
28713600,2.64
28717200,4.11
28720800,6.53
28724400,7.83
28728000,8.47
28731600,8.77
28735200,8.84
28738800,8.37
28742400,6.61
28746000,5.4
28749600,4.97
28753200,4.61
28756800,3.98
28760400,3.11
28764000,2.9
28767600,2.97
28771200,2.86
28774800,2.79
28778400,2.61
28782000,2.36
28785600,2.28
28789200,2.28
28792800,2.23
28796400,3.19
28800000,3.13
28803600,4.06
28807200,4.75
28810800,5.17
28814400,5.85
28818000,6.55
28821600,7.05
28825200,6.77
28828800,4.5
28832400,2.9
28836000,2.8
28839600,2.73
28843200,2.5
28846800,2.21
28850400,2.0
28854000,1.8
28857600,1.62
28861200,1.48
28864800,1.43
28868400,1.41
28872000,1.39
28875600,1.36
28879200,1.32
28882800,1.0
28886400,1.73
28890000,2.65
28893600,3.91
28897200,4.66
28900800,5.36
28904400,5.84
28908000,5.94
28911600,5.04
28915200,2.63
28918800,2.47
28922400,3.0
28926000,4.14
28929600,4.29
28933200,4.61
28936800,5.02
28940400,5.2
28944000,5.7
28947600,5.6
28951200,5.35
28954800,5.09
28958400,4.71
28962000,4.31
28965600,4.24
28969200,5.17
28972800,7.05
28976400,7.66
28980000,7.41
28983600,6.68
28987200,5.94
28990800,5.56
28994400,5.41
28998000,5.14
29001600,3.26
29005200,1.73
29008800,1.57
29012400,1.64
29016000,1.85
29019600,2.04
29023200,2.22
29026800,2.23
29030400,1.45
29034000,1.33
29037600,1.09
29041200,1.02
29044800,1.51
29048400,1.74
29052000,1.19
29055600,1.43
29059200,3.24
29062800,4.63
29066400,5.29
29070000,5.45
29073600,5.35
29077200,5.11
29080800,5.2
29084400,5.14
29088000,4.06
29091600,2.48
29095200,1.12
29098800,0.88
29102400,0.94
29106000,1.11
29109600,1.25
29113200,1.46
29116800,1.69
29120400,1.82
29124000,1.68
29127600,1.44
29131200,1.21
29134800,1.04
29138400,0.96
29142000,0.8
29145600,1.24
29149200,0.86
29152800,1.08
29156400,1.23
29160000,1.16
29163600,1.17
29167200,1.31
29170800,0.93
29174400,0.57
29178000,0.59
29181600,0.54
29185200,0.39
29188800,0.28
29192400,0.24
29196000,0.48
29199600,0.82
29203200,1.03
29206800,1.15
29210400,1.23
29214000,1.31
29217600,1.35
29221200,1.37
29224800,1.4
29228400,1.37
29232000,1.66
29235600,2.09
29239200,2.72
29242800,3.08
29246400,3.32
29250000,3.43
29253600,3.44
29257200,2.58
29260800,1.58
29264400,1.6
29268000,1.57
29271600,1.45
29275200,1.35
29278800,1.28
29282400,1.22
29286000,1.17
29289600,1.14
29293200,1.08
29296800,1.03
29300400,0.97
29304000,0.91
29307600,0.85
29311200,0.8
29314800,0.79
29318400,1.0
29322000,1.23
29325600,0.81
29329200,0.94
29332800,1.33
29336400,1.65
29340000,1.86
29343600,1.2
29347200,1.02
29350800,1.04
29354400,1.07
29358000,1.13
29361600,1.17
29365200,1.18
29368800,1.23
29372400,1.3
29376000,1.37
29379600,1.46
29383200,1.64
29386800,1.81
29390400,1.74
29394000,1.58
29397600,1.43
29401200,1.16
29404800,0.81
29408400,0.43
29412000,0.84
29415600,1.65
29419200,1.9
29422800,1.7
29426400,1.27
29430000,0.75
29433600,0.57
29437200,0.7
29440800,0.72
29444400,0.7
29448000,0.7
29451600,0.68
29455200,0.61
29458800,0.56
29462400,0.83
29466000,1.05
29469600,1.22
29473200,1.39
29476800,1.47
29480400,1.43
29484000,1.25
29487600,0.95
29491200,0.59
29494800,0.67
29498400,0.17
29502000,0.84
29505600,1.47
29509200,2.18
29512800,2.6
29516400,1.62
29520000,1.54
29523600,1.47
29527200,1.47
29530800,1.45
29534400,1.34
29538000,1.33
29541600,1.36
29545200,1.35
29548800,1.33
29552400,1.33
29556000,1.33
29559600,1.3
29563200,1.21
29566800,1.07
29570400,0.96
29574000,0.87
29577600,0.81
29581200,0.49
29584800,1.1
29588400,1.72
29592000,2.07
29595600,2.33
29599200,2.46
29602800,1.59
29606400,1.35
29610000,1.4
29613600,1.38
29617200,1.35
29620800,1.28
29624400,1.22
29628000,1.26
29631600,1.38
29635200,1.07
29638800,0.99
29642400,1.0
29646000,1.02
29649600,0.97
29653200,0.89
29656800,0.85
29660400,0.85
29664000,0.77
29667600,0.79
29671200,1.82
29674800,2.94
29678400,3.42
29682000,3.59
29685600,3.54
29689200,1.94
29692800,1.72
29696400,1.84
29700000,1.91
29703600,1.95
29707200,1.98
29710800,2.07
29714400,2.2
29718000,2.25
29721600,2.22
29725200,2.13
29728800,1.97
29732400,1.82
29736000,1.64
29739600,1.49
29743200,1.43
29746800,1.37
29750400,1.65
29754000,2.01
29757600,2.55
29761200,3.23
29764800,3.41
29768400,3.29
29772000,2.9
29775600,1.34
29779200,1.44
29782800,1.51
29786400,1.52
29790000,1.53
29793600,1.56
29797200,1.65
29800800,1.83
29804400,1.97
29808000,2.03
29811600,2.03
29815200,2.02
29818800,1.96
29822400,1.87
29826000,1.8
29829600,1.79
29833200,1.87
29836800,3.14
29840400,3.44
29844000,2.66
29847600,1.94
29851200,1.54
29854800,1.47
29858400,1.54
29862000,1.04
29865600,1.26
29869200,1.71
29872800,2.3
29876400,2.9
29880000,2.95
29883600,2.59
29887200,2.21
29890800,1.88
29894400,1.65
29898000,1.52
29901600,1.41
29905200,1.27
29908800,1.21
29912400,1.16
29916000,1.08
29919600,0.95
29923200,0.94
29926800,1.0
29930400,0.44
29934000,1.07
29937600,1.69
29941200,1.92
29944800,2.05
29948400,1.24
29952000,1.25
29955600,1.4
29959200,1.46
29962800,1.48
29966400,1.47
29970000,1.43
29973600,1.42
29977200,1.44
29980800,1.46
29984400,1.48
29988000,1.48
29991600,1.51
29995200,1.48
29998800,1.4
30002400,1.29
30006000,1.12
30009600,0.86
30013200,0.8
30016800,1.42
30020400,2.42
30024000,3.23
30027600,3.81
30031200,4.01
30034800,2.58
30038400,1.82
30042000,1.73
30045600,1.73
30049200,1.72
30052800,1.69
30056400,1.68
30060000,1.7
30063600,1.71
30067200,1.63
30070800,1.53
30074400,1.42
30078000,1.22
30081600,1.02
30085200,0.82
30088800,0.76
30092400,1.05
30096000,1.01
30099600,2.07
30103200,3.44
30106800,4.54
30110400,5.21
30114000,5.5
30117600,5.21
30121200,2.87
30124800,2.0
30128400,1.94
30132000,1.83
30135600,1.76
30139200,1.7
30142800,1.66
30146400,1.68
30150000,1.73
30153600,1.72
30157200,1.65
30160800,1.51
30164400,1.3
30168000,0.91
30171600,0.35
30175200,0.41
30178800,0.95
30182400,0.93
30186000,1.72
30189600,2.98
30193200,5.38
30196800,7.54
30200400,8.5
30204000,8.05
30207600,7.06
30211200,5.99
30214800,6.06
30218400,6.18
30222000,6.04
30225600,5.24
30229200,4.64
30232800,4.14
30236400,3.86
30240000,0.96
30243600,1.03
30247200,1.06
30250800,1.14
30254400,1.14
30258000,1.08
30261600,1.04
30265200,0.98
30268800,1.12
30272400,2.09
30276000,3.8
30279600,4.93
30283200,5.97
30286800,6.75
30290400,6.89
30294000,5.34
30297600,3.24
30301200,3.68
30304800,4.26
30308400,3.58
30312000,2.94
30315600,2.55
30319200,2.31
30322800,2.2
30326400,2.1
30330000,2.06
30333600,2.01
30337200,1.91
30340800,1.83
30344400,1.85
30348000,1.94
30351600,2.1
30355200,3.39
30358800,4.64
30362400,6.49
30366000,7.35
30369600,7.73
30373200,7.74
30376800,7.33
30380400,6.25
30384000,3.39
30387600,2.05
30391200,1.77
30394800,1.82
30398400,1.98
30402000,2.24
30405600,2.38
30409200,2.23
30412800,2.01
30416400,2.06
30420000,2.21
30423600,2.37
30427200,2.26
30430800,2.07
30434400,1.96
30438000,2.04
30441600,3.12
30445200,4.48
30448800,6.54
30452400,7.54
30456000,8.11
30459600,8.07
30463200,7.69
30466800,7.04
30470400,5.25
30474000,3.84
30477600,3.18
30481200,2.67
30484800,2.42
30488400,2.34
30492000,2.61
30495600,2.93
30499200,3.52
30502800,3.16
30506400,2.5
30510000,2.26
30513600,2.22
30517200,2.23
30520800,2.23
30524400,2.99
30528000,4.81
30531600,4.77
30535200,4.32
30538800,4.33
30542400,4.96
30546000,5.79
30549600,6.49
30553200,6.76
30556800,6.03
30560400,4.0
30564000,2.35
30567600,1.68
30571200,1.48
30574800,1.31
30578400,1.19
30582000,1.07
30585600,0.77
30589200,0.38
30592800,0.14
30596400,0.64
30600000,0.94
30603600,1.1
30607200,1.22
30610800,1.48
30614400,3.32
30618000,4.56
30621600,5.32
30625200,5.5
30628800,5.19
30632400,4.64
30636000,4.13
30639600,3.54
30643200,1.66
30646800,1.63
30650400,1.64
30654000,1.57
30657600,1.48
30661200,1.44
30664800,1.4
30668400,1.35
30672000,1.36
30675600,1.29
30679200,1.2
30682800,1.14
30686400,1.22
30690000,1.3
30693600,1.17
30697200,1.08
30700800,2.05
30704400,3.24
30708000,5.29
30711600,6.21
30715200,6.66
30718800,7.12
30722400,7.11
30726000,6.51
30729600,4.04
30733200,2.78
30736800,2.47
30740400,2.38
30744000,2.44
30747600,2.45
30751200,2.42
30754800,2.45
30758400,2.31
30762000,2.05
30765600,1.85
30769200,1.84
30772800,1.76
30776400,1.7
30780000,1.67
30783600,1.61
30787200,2.41
30790800,2.57
30794400,3.14
30798000,4.04
30801600,4.82
30805200,5.51
30808800,5.96
30812400,5.93
30816000,3.95
30819600,2.14
30823200,1.71
30826800,1.67
30830400,1.81
30834000,2.08
30837600,2.41
30841200,2.51
30844800,0.96
30848400,1.03
30852000,1.06
30855600,1.14
30859200,1.14
30862800,1.08
30866400,1.04
30870000,0.98
30873600,1.12
30877200,2.09
30880800,3.8
30884400,4.93
30888000,5.97
30891600,6.75
30895200,6.89
30898800,5.34
30902400,3.24
30906000,3.68
30909600,4.26
30913200,3.58
30916800,2.94
30920400,2.55
30924000,2.31
30927600,2.2
30931200,2.1
30934800,2.06
30938400,2.01
30942000,1.91
30945600,1.83
30949200,1.85
30952800,1.94
30956400,2.1
30960000,3.39
30963600,4.64
30967200,6.49
30970800,7.35
30974400,7.73
30978000,7.74
30981600,7.33
30985200,6.25
30988800,3.39
30992400,2.05
30996000,1.77
30999600,1.82
31003200,1.98
31006800,2.24
31010400,2.38
31014000,2.23
31017600,2.01
31021200,2.06
31024800,2.21
31028400,2.37
31032000,2.26
31035600,2.07
31039200,1.96
31042800,2.04
31046400,3.12
31050000,4.48
31053600,6.54
31057200,7.54
31060800,8.11
31064400,8.07
31068000,7.69
31071600,7.04
31075200,5.25
31078800,3.84
31082400,3.18
31086000,2.67
31089600,2.42
31093200,2.34
31096800,2.61
31100400,2.93
31104000,3.52
31107600,3.16
31111200,2.5
31114800,2.26
31118400,2.22
31122000,2.23
31125600,2.23
31129200,2.99
31132800,4.81
31136400,4.77
31140000,4.32
31143600,4.33
31147200,4.96
31150800,5.79
31154400,6.49
31158000,6.76
31161600,6.03
31165200,4.0
31168800,2.35
31172400,1.68
31176000,1.48
31179600,1.31
31183200,1.19
31186800,1.07
31190400,0.77
31194000,0.38
31197600,0.14
31201200,0.64
31204800,0.94
31208400,1.1
31212000,1.22
31215600,1.48
31219200,3.32
31222800,4.56
31226400,5.32
31230000,5.5
31233600,5.19
31237200,4.64
31240800,4.13
31244400,3.54
31248000,1.66
31251600,1.63
31255200,1.64
31258800,1.57
31262400,1.48
31266000,1.44
31269600,1.4
31273200,1.35
31276800,1.36
31280400,1.29
31284000,1.2
31287600,1.14
31291200,1.22
31294800,1.3
31298400,1.17
31302000,1.08
31305600,2.05
31309200,3.24
31312800,5.29
31316400,6.21
31320000,6.66
31323600,7.12
31327200,7.11
31330800,6.51
31334400,4.04
31338000,2.78
31341600,2.47
31345200,2.38
31348800,2.44
31352400,2.45
31356000,2.42
31359600,2.45
31363200,2.31
31366800,2.05
31370400,1.85
31374000,1.84
31377600,1.76
31381200,1.7
31384800,1.67
31388400,1.61
31392000,2.41
31395600,2.57
31399200,3.14
31402800,4.04
31406400,4.82
31410000,5.51
31413600,5.96
31417200,5.93
31420800,3.95
31424400,2.14
31428000,1.71
31431600,1.67
31435200,1.81
31438800,2.08
31442400,2.41
31446000,2.51
31449600,1.58
31453200,1.48
31456800,1.39
31460400,1.35
31464000,1.48
31467600,2.32
31471200,3.52
31474800,4.53
31478400,4.93
31482000,4.78
31485600,5.66
31489200,6.75
31492800,6.72
31496400,6.43
31500000,6.03
31503600,5.22
31507200,3.11
31510800,2.43
31514400,2.28
31518000,2.46
31521600,3.66
31525200,5.99
31528800,7.24
31532400,7.21
31536000,7.21
