time,value
0,218430975.0
3600,226877111.2
7200,246320357.9
10800,237456036.5
14400,207386774.3
18000,200144387.3
21600,206350694.7
25200,245846067.6
28800,233606085.4
32400,205689490.4
36000,248011374.6
39600,205969156.0
43200,224620784.8
46800,218065670.1
50400,223500024.5
54000,202938988.4
57600,216500585.1
61200,213226023.9
64800,212295883.3
68400,247383818.0
72000,201622099.7
75600,245307531.7
79200,218424885.2
82800,233127018.7
86400,247681231.5
90000,204706422.9
93600,234265781.1
97200,220622024.1
100800,205589436.1
104400,224591753.2
108000,223077619.2
111600,243852907.1
115200,233011958.9
118800,213898241.9
122400,232858410.8
126000,232270747.5
129600,244861187.2
133200,244116828.1
136800,216758621.3
140400,221350096.4
144000,240188249.4
147600,246154710.2
151200,243336192.0
154800,224982513.6
158400,229224152.2
162000,246237850.1
165600,208305844.9
169200,218718006.9
172800,212970401.6
176400,241524045.8
180000,203508834.3
183600,214051513.9
187200,227752241.9
190800,230948344.0
194400,220489354.4
198000,212921422.3
201600,220837308.0
205200,219102776.9
208800,204816706.6
212400,206564211.0
216000,230494913.5
219600,232809686.6
223200,242049765.6
226800,224990893.9
230400,215359904.1
234000,208488196.1
237600,202438269.7
241200,211290856.6
244800,218348554.2
248400,228392319.2
252000,228485770.3
255600,238938823.9
259200,229512077.5
262800,205533173.2
266400,232033897.2
270000,203600966.3
273600,218292289.8
277200,214365153.2
280800,237071905.0
284400,203349371.5
288000,237858297.8
291600,212035651.7
295200,211545491.8
298800,200599419.1
302400,206623731.3
306000,210469327.4
309600,210709135.8
313200,245289718.5
316800,213888625.1
320400,204855099.5
324000,239141076.3
327600,233376047.2
331200,230633627.4
334800,217189621.1
338400,234516944.6
342000,211677948.5
345600,215401471.3
349200,217865035.3
352800,210834896.6
356400,233864000.2
360000,236800735.7
363600,200500928.5
367200,217795715.7
370800,211997729.2
374400,246380436.6
378000,238149340.8
381600,218969355.1
385200,234297813.8
388800,234943633.7
392400,229519911.8
396000,248102776.8
399600,239067282.7
403200,226921374.0
406800,204706912.6
410400,244300434.3
414000,212874756.7
417600,223175343.3
421200,216539913.5
424800,237838669.4
428400,240142466.8
432000,240155884.5
435600,243831843.0
439200,204373703.4
442800,233395681.2
446400,225121098.6
450000,216778102.0
453600,229428073.5
457200,217596629.3
460800,210335882.7
464400,213107727.3
468000,204932465.1
471600,207503159.5
475200,216050967.2
478800,229719472.8
482400,207686903.1
486000,203131280.0
489600,200389111.5
493200,238713006.4
496800,234102251.0
500400,206025157.7
504000,235962670.0
507600,208092705.2
511200,206008007.5
514800,234057605.3
518400,207241332.8
522000,202891387.6
525600,206747100.1
529200,200739021.9
532800,209455857.6
536400,203543105.9
540000,201892987.5
543600,215393510.4
547200,225786777.3
550800,219675537.0
554400,249759775.7
558000,221979999.0
561600,207571982.4
565200,238902526.5
568800,237058673.2
572400,204382186.1
576000,223521285.4
579600,214641480.5
583200,220342529.1
586800,221511862.4
590400,243563107.0
594000,235362506.9
597600,200714866.6
601200,201229185.4
604800,246553649.3
608400,221097403.3
612000,202824936.9
615600,233710021.9
619200,213990436.6
622800,239004352.2
626400,248142060.8
630000,234412241.8
633600,224921128.0
637200,204951623.0
640800,214387562.4
644400,226905614.1
648000,200566502.6
651600,214142174.2
655200,229478564.5
658800,208602405.6
662400,208504908.3
666000,233817139.7
669600,228479721.5
673200,227583525.1
676800,248372049.2
680400,231421095.1
684000,216227485.9
687600,226050784.5
691200,243246833.8
694800,249705411.7
698400,241924411.5
702000,217369857.4
705600,237470494.0
709200,246970641.6
712800,233404091.9
716400,224060135.9
720000,214308153.9
723600,229757790.3
727200,216820357.2
730800,247977528.4
734400,222103751.1
738000,248099810.4
741600,233819181.0
745200,235303891.8
748800,247884637.7
752400,246993846.9
756000,241687876.7
759600,207762066.0
763200,241521608.7
766800,223207016.1
770400,214934421.4
774000,226165266.0
777600,241581521.8
781200,226956617.6
784800,212991593.0
788400,217701921.3
792000,209336906.8
795600,217532836.7
799200,209485926.8
802800,241784546.9
806400,219207547.8
810000,200474986.1
813600,215451234.8
817200,241837361.7
820800,214066841.1
824400,239067165.6
828000,226575712.5
831600,207695725.8
835200,226262684.2
838800,214161989.4
842400,235743305.7
846000,236719464.2
849600,222481792.2
853200,209103871.7
856800,206777021.3
860400,213638580.7
864000,231782175.4
867600,240309395.9
871200,233393866.1
874800,214329457.4
878400,207122078.1
882000,212293761.8
885600,234594850.7
889200,203587342.2
892800,224933043.8
896400,249299888.9
900000,245245032.3
903600,228760384.9
907200,238325863.7
910800,237338372.4
914400,234766570.3
918000,233865862.5
921600,214119991.4
925200,229093399.0
928800,230943614.5
932400,240711995.8
936000,200799353.0
939600,210717630.2
943200,249393367.9
946800,240866862.7
950400,231604085.5
954000,234107372.3
957600,240410841.1
961200,213983106.9
964800,233248463.4
968400,201466205.6
972000,227219007.7
975600,226448512.3
979200,243658213.9
982800,209380415.2
986400,246573028.7
990000,248817613.8
993600,216560221.4
997200,231185461.7
1000800,226353035.9
1004400,222954076.1
1008000,217928281.3
1011600,216713477.6
1015200,204159762.5
1018800,219520093.4
1022400,211967197.3
1026000,224313599.5
1029600,235004680.2
1033200,206863516.6
1036800,241323366.9
1040400,246502661.0
1044000,241436525.3
1047600,224247638.1
1051200,232988463.2
1054800,222820054.1
1058400,220923102.7
1062000,201714813.1
1065600,246342377.3
1069200,202169002.8
1072800,223803005.0
1076400,219287386.7
1080000,226702916.7
1083600,249908413.6
1087200,245123709.4
1090800,200737774.9
1094400,239025746.4
1098000,224264472.5
1101600,219510988.2
1105200,241154505.2
1108800,243720877.2
1112400,249917801.3
1116000,209783029.5
1119600,243498445.9
1123200,215374580.9
1126800,220561822.7
1130400,240817009.9
1134000,218412737.4
1137600,221310771.3
1141200,204560840.5
1144800,233374909.1
1148400,236565408.1
1152000,215040920.5
1155600,216899860.5
1159200,236716118.0
1162800,249272831.0
1166400,234938550.7
1170000,204496590.6
1173600,223536876.3
1177200,231768144.4
1180800,226263467.8
1184400,207066971.8
1188000,213775774.1
1191600,249355136.7
1195200,239749915.4
1198800,246666745.5
1202400,217418627.9
1206000,210456674.1
1209600,235969257.1
1213200,257607234.7
1216800,238252943.0
1220400,236868809.7
1224000,245544490.2
1227600,237681802.4
1231200,230484458.2
1234800,259294572.6
1238400,256963397.0
1242000,258776305.1
1245600,255335776.9
1249200,241428958.1
1252800,232688055.6
1256400,251982122.2
1260000,250477207.8
1263600,243055064.9
1267200,234296113.1
1270800,239213160.0
1274400,250409497.8
1278000,245118351.4
1281600,252039714.3
1285200,249440607.0
1288800,232034929.7
1292400,259840923.2
1296000,235434579.9
1299600,243813684.0
1303200,246822243.5
1306800,249685784.8
1310400,254366591.5
1314000,253290910.1
1317600,238897169.6
1321200,235407114.0
1324800,255257435.0
1328400,249633682.3
1332000,248238136.4
1335600,244323675.2
1339200,248347367.1
1342800,241348442.1
1346400,255990326.2
1350000,244407912.7
1353600,243830529.6
1357200,239048813.5
1360800,246640878.4
1364400,247278808.2
1368000,234325833.9
1371600,251636737.9
1375200,236002606.4
1378800,238386033.0
1382400,250959309.9
1386000,235718127.4
1389600,242657890.8
1393200,236230659.1
1396800,234160598.8
1400400,254412823.4
1404000,239853714.4
1407600,244417560.0
1411200,232009753.1
1414800,232461382.2
1418400,239523776.7
1422000,239437347.2
1425600,240142837.6
1429200,249620904.1
1432800,242606613.0
1436400,254962524.4
1440000,256226434.5
1443600,246490785.7
1447200,240140428.4
1450800,246259484.3
1454400,237521708.7
1458000,241045170.0
1461600,255491503.3
1465200,255957890.1
1468800,222046466.2
1472400,225171145.6
1476000,250170327.9
1479600,222309514.3
1483200,241093597.2
1486800,237793155.2
1490400,254883522.9
1494000,238148886.3
1497600,236227752.4
1501200,253873787.2
1504800,249162618.5
1508400,232022739.9
1512000,238743328.3
1515600,230236730.6
1519200,232932104.2
1522800,262365724.6
1526400,241352047.1
1530000,252849148.2
1533600,246563587.4
1537200,266850952.0
1540800,236671121.0
1544400,238045591.6
1548000,257324677.0
1551600,263196473.4
1555200,221102688.5
1558800,262476196.4
1562400,260381271.4
1566000,247139147.3
1569600,241689153.7
1573200,250121846.0
1576800,236755260.2
1580400,258905360.2
1584000,224835987.7
1587600,242597748.7
1591200,258097453.3
1594800,251291661.7
1598400,220074576.2
1602000,220858620.3
1605600,242842703.6
1609200,231078202.8
1612800,238571034.3
1616400,242061608.2
1620000,223034477.4
1623600,238202118.7
1627200,238843453.7
1630800,235062011.9
1634400,265919459.0
1638000,243867533.8
1641600,229019621.9
1645200,234851882.0
1648800,261464973.7
1652400,250906199.6
1656000,253179977.1
1659600,250810170.6
1663200,233063336.2
1666800,263624935.8
1670400,220268406.4
1674000,238262764.6
1677600,249598591.9
1681200,266241953.0
1684800,242900244.9
1688400,241210411.2
1692000,252748080.6
1695600,258211815.4
1699200,238982178.3
1702800,242703448.4
1706400,252190100.6
1710000,256757726.3
1713600,251691078.1
1717200,259147213.6
1720800,221724351.0
1724400,225043117.0
1728000,222087038.9
1731600,228025921.2
1735200,261750147.4
1738800,247971704.1
1742400,228601085.0
1746000,266939950.5
1749600,247107966.4
1753200,261512892.8
1756800,235872188.5
1760400,231636967.8
1764000,255099690.6
1767600,245989182.4
1771200,234307314.6
1774800,221383646.3
1778400,227640145.1
1782000,259196130.5
1785600,245937594.5
1789200,240841143.1
1792800,225427377.8
1796400,251571383.8
1800000,226336678.4
1803600,249032183.2
1807200,229225018.8
1810800,244745554.5
1814400,222844069.1
1818000,211904445.6
1821600,238558154.0
1825200,213670226.1
1828800,226250105.6
1832400,226555672.9
1836000,243669209.3
1839600,246880651.7
1843200,202435874.0
1846800,248942245.7
1850400,231616293.2
1854000,203631690.6
1857600,210591200.6
1861200,217994361.2
1864800,221334064.0
1868400,237907268.7
1872000,245787538.3
1875600,231487007.5
1879200,247795455.6
1882800,237755921.9
1886400,226305558.6
1890000,242505549.9
1893600,240801546.2
1897200,206606523.5
1900800,238036208.4
1904400,230861623.4
1908000,219882360.9
1911600,242063599.2
1915200,201915985.4
1918800,204810296.4
1922400,247405111.8
1926000,219800780.7
1929600,226613104.9
1933200,245182123.9
1936800,217001762.1
1940400,233194782.2
1944000,236368053.3
1947600,211150680.0
1951200,227772701.6
1954800,222761633.5
1958400,230513226.9
1962000,227199501.9
1965600,225917816.9
1969200,214302387.3
1972800,243950808.2
1976400,246827151.8
1980000,240310464.1
1983600,248454246.4
1987200,226211746.1
1990800,205643446.8
1994400,232511721.9
1998000,209544298.4
2001600,242846791.8
2005200,247142653.6
2008800,205172345.0
2012400,214821947.4
2016000,239951701.5
2019600,222085738.0
2023200,224626028.1
2026800,201475808.6
2030400,228632169.3
2034000,228623108.3
2037600,237084568.4
2041200,203830278.1
2044800,239358323.3
2048400,209674749.7
2052000,226546385.2
2055600,246206489.1
2059200,249302823.2
2062800,248764669.9
2066400,215238442.8
2070000,237681920.4
2073600,210317755.8
2077200,243069035.7
2080800,232892208.2
2084400,205110287.8
2088000,229023240.2
2091600,248174414.0
2095200,242243632.5
2098800,237655344.9
2102400,235152490.6
2106000,212331182.5
2109600,201997074.8
2113200,223105659.0
2116800,205868690.6
2120400,208080998.7
2124000,220987792.0
2127600,233305767.7
2131200,248657719.7
2134800,213982521.8
2138400,226569648.3
2142000,246534632.9
2145600,208333120.3
2149200,239462486.7
2152800,205148267.4
2156400,244181134.8
2160000,226111880.7
2163600,248706320.8
2167200,237805209.7
2170800,236128503.7
2174400,200130059.4
2178000,210280686.4
2181600,213018459.4
2185200,203997735.2
2188800,236766386.7
2192400,241132533.8
2196000,217169531.8
2199600,206806905.0
2203200,233294471.3
2206800,241522057.0
2210400,233681043.5
2214000,206972954.9
2217600,218941344.2
2221200,233918147.1
2224800,225796254.6
2228400,248902768.7
2232000,213386234.9
2235600,243345525.0
2239200,218687743.4
2242800,206831517.1
2246400,204134577.3
2250000,236941184.3
2253600,218603390.2
2257200,219025815.0
2260800,215108688.2
2264400,214726270.3
2268000,212990678.3
2271600,223173750.8
2275200,249392613.7
2278800,219253793.9
2282400,247161710.3
2286000,208350059.9
2289600,246250203.0
2293200,237716868.4
2296800,242829971.8
2300400,230119325.8
2304000,205368341.1
2307600,222773612.9
2311200,232729485.5
2314800,202876656.0
2318400,201063143.8
2322000,214490087.0
2325600,246573941.6
2329200,225700967.9
2332800,243764921.5
2336400,218904975.6
2340000,244225576.0
2343600,226738693.5
2347200,244630136.8
2350800,205138171.3
2354400,210602291.6
2358000,235080287.0
2361600,218067541.5
2365200,200069785.7
2368800,219215417.0
2372400,216007145.6
2376000,219667269.1
2379600,209062561.2
2383200,210468836.1
2386800,229686231.6
2390400,229723317.8
2394000,208623514.1
2397600,246650078.3
2401200,202810838.5
2404800,210086207.1
2408400,225412603.2
2412000,237960743.0
2415600,207302604.6
2419200,235969257.1
2422800,257607234.7
2426400,238252943.0
2430000,236868809.7
2433600,245544490.2
2437200,237681802.4
2440800,230484458.2
2444400,259294572.6
2448000,256963397.0
2451600,258776305.1
2455200,255335776.9
2458800,241428958.1
2462400,232688055.6
2466000,251982122.2
2469600,250477207.8
2473200,243055064.9
2476800,234296113.1
2480400,239213160.0
2484000,250409497.8
2487600,245118351.4
2491200,252039714.3
2494800,249440607.0
2498400,232034929.7
2502000,259840923.2
2505600,235434579.9
2509200,243813684.0
2512800,246822243.5
2516400,249685784.8
2520000,254366591.5
2523600,253290910.1
2527200,238897169.6
2530800,235407114.0
2534400,255257435.0
2538000,249633682.3
2541600,248238136.4
2545200,244323675.2
2548800,248347367.1
2552400,241348442.1
2556000,255990326.2
2559600,244407912.7
2563200,243830529.6
2566800,239048813.5
2570400,246640878.4
2574000,247278808.2
2577600,234325833.9
2581200,251636737.9
2584800,236002606.4
2588400,238386033.0
2592000,250959309.9
2595600,235718127.4
2599200,242657890.8
2602800,236230659.1
2606400,234160598.8
2610000,254412823.4
2613600,239853714.4
2617200,244417560.0
2620800,232009753.1
2624400,232461382.2
2628000,239523776.7
2631600,239437347.2
2635200,240142837.6
2638800,249620904.1
2642400,242606613.0
2646000,254962524.4
2649600,256226434.5
2653200,246490785.7
2656800,240140428.4
2660400,246259484.3
2664000,237521708.7
2667600,241045170.0
2671200,255491503.3
2674800,255957890.1
2678400,222046466.2
2682000,225171145.6
2685600,250170327.9
2689200,222309514.3
2692800,241093597.2
2696400,237793155.2
2700000,254883522.9
2703600,238148886.3
2707200,236227752.4
2710800,253873787.2
2714400,249162618.5
2718000,232022739.9
2721600,238743328.3
2725200,230236730.6
2728800,232932104.2
2732400,262365724.6
2736000,241352047.1
2739600,252849148.2
2743200,246563587.4
2746800,266850952.0
2750400,236671121.0
2754000,238045591.6
2757600,257324677.0
2761200,263196473.4
2764800,221102688.5
2768400,262476196.4
2772000,260381271.4
2775600,247139147.3
2779200,241689153.7
2782800,250121846.0
2786400,236755260.2
2790000,258905360.2
2793600,224835987.7
2797200,242597748.7
2800800,258097453.3
2804400,251291661.7
2808000,220074576.2
2811600,220858620.3
2815200,242842703.6
2818800,231078202.8
2822400,238571034.3
2826000,242061608.2
2829600,223034477.4
2833200,238202118.7
2836800,238843453.7
2840400,235062011.9
2844000,265919459.0
2847600,243867533.8
2851200,229019621.9
2854800,234851882.0
2858400,261464973.7
2862000,250906199.6
2865600,253179977.1
2869200,250810170.6
2872800,233063336.2
2876400,263624935.8
2880000,220268406.4
2883600,238262764.6
2887200,249598591.9
2890800,266241953.0
2894400,242900244.9
2898000,241210411.2
2901600,252748080.6
2905200,258211815.4
2908800,238982178.3
2912400,242703448.4
2916000,252190100.6
2919600,256757726.3
2923200,251691078.1
2926800,259147213.6
2930400,221724351.0
2934000,225043117.0
2937600,222087038.9
2941200,228025921.2
2944800,261750147.4
2948400,247971704.1
2952000,228601085.0
2955600,266939950.5
2959200,247107966.4
2962800,261512892.8
2966400,235872188.5
2970000,231636967.8
2973600,255099690.6
2977200,245989182.4
2980800,234307314.6
2984400,221383646.3
2988000,227640145.1
2991600,259196130.5
2995200,245937594.5
2998800,240841143.1
3002400,225427377.8
3006000,251571383.8
3009600,226336678.4
3013200,249032183.2
3016800,229225018.8
3020400,244745554.5
3024000,258639510.1
3027600,257557367.0
3031200,241052117.6
3034800,246887058.8
3038400,254011744.7
3042000,256949521.8
3045600,257728695.7
3049200,242392692.4
3052800,236097947.7
3056400,236000945.4
3060000,230082782.0
3063600,259506520.1
3067200,257614155.4
3070800,253283548.1
3074400,253829996.1
3078000,246549493.7
3081600,251342520.8
3085200,231878385.3
3088800,231849459.4
3092400,248191377.2
3096000,237404363.7
3099600,230055089.8
3103200,252985761.7
3106800,242762927.1
3110400,259686913.2
3114000,232107574.4
3117600,233735234.2
3121200,259052444.6
3124800,256316697.1
3128400,237211058.7
3132000,245477612.0
3135600,232363180.4
3139200,249068021.0
3142800,248486190.7
3146400,250383687.5
3150000,255188079.0
3153600,253060548.0
3157200,231639212.9
3160800,232459613.1
3164400,246290515.1
3168000,239663591.1
3171600,237331502.0
3175200,230669793.6
3178800,235118810.2
3182400,258528581.1
3186000,240151465.7
3189600,244936171.6
3193200,241106035.8
3196800,249836859.5
3200400,243970592.5
3204000,256781838.4
3207600,237786539.7
3211200,250408697.5
3214800,245928477.2
3218400,231386185.9
3222000,250345863.4
3225600,238949613.9
3229200,233160242.7
3232800,244025531.6
3236400,250468838.0
3240000,253399464.7
3243600,254828761.3
3247200,242842153.0
3250800,245129253.2
3254400,249026655.7
3258000,251801093.8
3261600,242388835.5
3265200,240689483.2
3268800,239646443.8
3272400,243873229.3
3276000,249921427.1
3279600,249379946.2
3283200,240316641.4
3286800,247681495.4
3290400,255400671.2
3294000,235338244.7
3297600,238896598.4
3301200,231374305.1
3304800,253999350.3
3308400,253882859.3
3312000,241871287.0
3315600,239598022.9
3319200,259756586.6
3322800,246527406.0
3326400,230437358.0
3330000,255775303.9
3333600,247814280.3
3337200,255841121.5
3340800,253311494.3
3344400,233147079.2
3348000,241825885.3
3351600,259279586.6
3355200,245314695.2
3358800,241804093.4
3362400,246658002.4
3366000,259263078.8
3369600,243436665.1
3373200,255922344.0
3376800,234287817.4
3380400,232870323.9
3384000,240431893.4
3387600,232182577.6
3391200,246333186.8
3394800,258961873.3
3398400,238435189.3
3402000,232404074.6
3405600,234374045.3
3409200,234891368.6
3412800,246157338.1
3416400,244068836.2
3420000,237959430.2
3423600,250236162.3
3427200,233736335.9
3430800,237552971.0
3434400,247675091.9
3438000,240532943.8
3441600,245683215.8
3445200,240055121.3
3448800,230706053.8
3452400,242050389.1
3456000,245140504.5
3459600,233887681.4
3463200,248389082.0
3466800,258903674.8
3470400,232689714.0
3474000,239259862.9
3477600,245876415.7
3481200,243422452.1
3484800,258198887.2
3488400,251633129.9
3492000,252136485.0
3495600,249173959.6
3499200,231059434.8
3502800,249248463.9
3506400,239557719.3
3510000,233033052.4
3513600,232429464.9
3517200,257064360.7
3520800,237582070.8
3524400,244847232.7
3528000,241643390.8
3531600,237908789.8
3535200,237893486.2
3538800,250985822.9
3542400,231701943.4
3546000,253661495.8
3549600,238769071.1
3553200,255183128.7
3556800,244539028.5
3560400,237004355.7
3564000,236616058.9
3567600,239428553.9
3571200,259862820.9
3574800,235673950.0
3578400,255514729.1
3582000,255317143.9
3585600,245849495.3
3589200,249946139.9
3592800,241088491.1
3596400,239523125.8
3600000,254309717.4
3603600,233078699.0
3607200,236382887.7
3610800,243392665.6
3614400,241596535.1
3618000,253239435.4
3621600,244226934.0
3625200,253903736.6
3628800,235969257.1
3632400,257607234.7
3636000,238252943.0
3639600,236868809.7
3643200,245544490.2
3646800,237681802.4
3650400,230484458.2
3654000,259294572.6
3657600,256963397.0
3661200,258776305.1
3664800,255335776.9
3668400,241428958.1
3672000,232688055.6
3675600,251982122.2
3679200,250477207.8
3682800,243055064.9
3686400,234296113.1
3690000,239213160.0
3693600,250409497.8
3697200,245118351.4
3700800,252039714.3
3704400,249440607.0
3708000,232034929.7
3711600,259840923.2
3715200,235434579.9
3718800,243813684.0
3722400,246822243.5
3726000,249685784.8
3729600,254366591.5
3733200,253290910.1
3736800,238897169.6
3740400,235407114.0
3744000,255257435.0
3747600,249633682.3
3751200,248238136.4
3754800,244323675.2
3758400,248347367.1
3762000,241348442.1
3765600,255990326.2
3769200,244407912.7
3772800,243830529.6
3776400,239048813.5
3780000,246640878.4
3783600,247278808.2
3787200,234325833.9
3790800,251636737.9
3794400,236002606.4
3798000,238386033.0
3801600,250959309.9
3805200,235718127.4
3808800,242657890.8
3812400,236230659.1
3816000,234160598.8
3819600,254412823.4
3823200,239853714.4
3826800,244417560.0
3830400,232009753.1
3834000,232461382.2
3837600,239523776.7
3841200,239437347.2
3844800,240142837.6
3848400,249620904.1
3852000,242606613.0
3855600,254962524.4
3859200,256226434.5
3862800,246490785.7
3866400,240140428.4
3870000,246259484.3
3873600,237521708.7
3877200,241045170.0
3880800,255491503.3
3884400,255957890.1
3888000,222046466.2
3891600,225171145.6
3895200,250170327.9
3898800,222309514.3
3902400,241093597.2
3906000,237793155.2
3909600,254883522.9
3913200,238148886.3
3916800,236227752.4
3920400,253873787.2
3924000,249162618.5
3927600,232022739.9
3931200,238743328.3
3934800,230236730.6
3938400,232932104.2
3942000,262365724.6
3945600,241352047.1
3949200,252849148.2
3952800,246563587.4
3956400,266850952.0
3960000,236671121.0
3963600,238045591.6
3967200,257324677.0
3970800,263196473.4
3974400,221102688.5
3978000,262476196.4
3981600,260381271.4
3985200,247139147.3
3988800,241689153.7
3992400,250121846.0
3996000,236755260.2
3999600,258905360.2
4003200,224835987.7
4006800,242597748.7
4010400,258097453.3
4014000,251291661.7
4017600,220074576.2
4021200,220858620.3
4024800,242842703.6
4028400,231078202.8
4032000,238571034.3
4035600,242061608.2
4039200,223034477.4
4042800,238202118.7
4046400,238843453.7
4050000,235062011.9
4053600,265919459.0
4057200,243867533.8
4060800,229019621.9
4064400,234851882.0
4068000,261464973.7
4071600,250906199.6
4075200,253179977.1
4078800,250810170.6
4082400,233063336.2
4086000,263624935.8
4089600,220268406.4
4093200,238262764.6
4096800,249598591.9
4100400,266241953.0
4104000,242900244.9
4107600,241210411.2
4111200,252748080.6
4114800,258211815.4
4118400,238982178.3
4122000,242703448.4
4125600,252190100.6
4129200,256757726.3
4132800,251691078.1
4136400,259147213.6
4140000,221724351.0
4143600,225043117.0
4147200,222087038.9
4150800,228025921.2
4154400,261750147.4
4158000,247971704.1
4161600,228601085.0
4165200,266939950.5
4168800,247107966.4
4172400,261512892.8
4176000,235872188.5
4179600,231636967.8
4183200,255099690.6
4186800,245989182.4
4190400,234307314.6
4194000,221383646.3
4197600,227640145.1
4201200,259196130.5
4204800,245937594.5
4208400,240841143.1
4212000,225427377.8
4215600,251571383.8
4219200,226336678.4
4222800,249032183.2
4226400,229225018.8
4230000,244745554.5
4233600,222844069.1
4237200,211904445.6
4240800,238558154.0
4244400,213670226.1
4248000,226250105.6
4251600,226555672.9
4255200,243669209.3
4258800,246880651.7
4262400,202435874.0
4266000,248942245.7
4269600,231616293.2
4273200,203631690.6
4276800,210591200.6
4280400,217994361.2
4284000,221334064.0
4287600,237907268.7
4291200,245787538.3
4294800,231487007.5
4298400,247795455.6
4302000,237755921.9
4305600,226305558.6
4309200,242505549.9
4312800,240801546.2
4316400,206606523.5
4320000,238036208.4
4323600,230861623.4
4327200,219882360.9
4330800,242063599.2
4334400,201915985.4
4338000,204810296.4
4341600,247405111.8
4345200,219800780.7
4348800,226613104.9
4352400,245182123.9
4356000,217001762.1
4359600,233194782.2
4363200,236368053.3
4366800,211150680.0
4370400,227772701.6
4374000,222761633.5
4377600,230513226.9
4381200,227199501.9
4384800,225917816.9
4388400,214302387.3
4392000,243950808.2
4395600,246827151.8
4399200,240310464.1
4402800,248454246.4
4406400,226211746.1
4410000,205643446.8
4413600,232511721.9
4417200,209544298.4
4420800,242846791.8
4424400,247142653.6
4428000,205172345.0
4431600,214821947.4
4435200,239951701.5
4438800,222085738.0
4442400,224626028.1
4446000,201475808.6
4449600,228632169.3
4453200,228623108.3
4456800,237084568.4
4460400,203830278.1
4464000,239358323.3
4467600,209674749.7
4471200,226546385.2
4474800,246206489.1
4478400,249302823.2
4482000,248764669.9
4485600,215238442.8
4489200,237681920.4
4492800,210317755.8
4496400,243069035.7
4500000,232892208.2
4503600,205110287.8
4507200,229023240.2
4510800,248174414.0
4514400,242243632.5
4518000,237655344.9
4521600,235152490.6
4525200,212331182.5
4528800,201997074.8
4532400,223105659.0
4536000,205868690.6
4539600,208080998.7
4543200,220987792.0
4546800,233305767.7
4550400,248657719.7
4554000,213982521.8
4557600,226569648.3
4561200,246534632.9
4564800,208333120.3
4568400,239462486.7
4572000,205148267.4
4575600,244181134.8
4579200,226111880.7
4582800,248706320.8
4586400,237805209.7
4590000,236128503.7
4593600,200130059.4
4597200,210280686.4
4600800,213018459.4
4604400,203997735.2
4608000,236766386.7
4611600,241132533.8
4615200,217169531.8
4618800,206806905.0
4622400,233294471.3
4626000,241522057.0
4629600,233681043.5
4633200,206972954.9
4636800,218941344.2
4640400,233918147.1
4644000,225796254.6
4647600,248902768.7
4651200,213386234.9
4654800,243345525.0
4658400,218687743.4
4662000,206831517.1
4665600,204134577.3
4669200,236941184.3
4672800,218603390.2
4676400,219025815.0
4680000,215108688.2
4683600,214726270.3
4687200,212990678.3
4690800,223173750.8
4694400,249392613.7
4698000,219253793.9
4701600,247161710.3
4705200,208350059.9
4708800,246250203.0
4712400,237716868.4
4716000,242829971.8
4719600,230119325.8
4723200,205368341.1
4726800,222773612.9
4730400,232729485.5
4734000,202876656.0
4737600,201063143.8
4741200,214490087.0
4744800,246573941.6
4748400,225700967.9
4752000,243764921.5
4755600,218904975.6
4759200,244225576.0
4762800,226738693.5
4766400,244630136.8
4770000,205138171.3
4773600,210602291.6
4777200,235080287.0
4780800,218067541.5
4784400,200069785.7
4788000,219215417.0
4791600,216007145.6
4795200,219667269.1
4798800,209062561.2
4802400,210468836.1
4806000,229686231.6
4809600,229723317.8
4813200,208623514.1
4816800,246650078.3
4820400,202810838.5
4824000,210086207.1
4827600,225412603.2
4831200,237960743.0
4834800,207302604.6
4838400,258639510.1
4842000,257557367.0
4845600,241052117.6
4849200,246887058.8
4852800,254011744.7
4856400,256949521.8
4860000,257728695.7
4863600,242392692.4
4867200,236097947.7
4870800,236000945.4
4874400,230082782.0
4878000,259506520.1
4881600,257614155.4
4885200,253283548.1
4888800,253829996.1
4892400,246549493.7
4896000,251342520.8
4899600,231878385.3
4903200,231849459.4
4906800,248191377.2
4910400,237404363.7
4914000,230055089.8
4917600,252985761.7
4921200,242762927.1
4924800,259686913.2
4928400,232107574.4
4932000,233735234.2
4935600,259052444.6
4939200,256316697.1
4942800,237211058.7
4946400,245477612.0
4950000,232363180.4
4953600,249068021.0
4957200,248486190.7
4960800,250383687.5
4964400,255188079.0
4968000,253060548.0
4971600,231639212.9
4975200,232459613.1
4978800,246290515.1
4982400,239663591.1
4986000,237331502.0
4989600,230669793.6
4993200,235118810.2
4996800,258528581.1
5000400,240151465.7
5004000,244936171.6
5007600,241106035.8
5011200,249836859.5
5014800,243970592.5
5018400,256781838.4
5022000,237786539.7
5025600,250408697.5
5029200,245928477.2
5032800,231386185.9
5036400,250345863.4
5040000,238949613.9
5043600,233160242.7
5047200,244025531.6
5050800,250468838.0
5054400,253399464.7
5058000,254828761.3
5061600,242842153.0
5065200,245129253.2
5068800,249026655.7
5072400,251801093.8
5076000,242388835.5
5079600,240689483.2
5083200,239646443.8
5086800,243873229.3
5090400,249921427.1
5094000,249379946.2
5097600,240316641.4
5101200,247681495.4
5104800,255400671.2
5108400,235338244.7
5112000,238896598.4
5115600,231374305.1
5119200,253999350.3
5122800,253882859.3
5126400,241871287.0
5130000,239598022.9
5133600,259756586.6
5137200,246527406.0
5140800,230437358.0
5144400,255775303.9
5148000,247814280.3
5151600,255841121.5
5155200,253311494.3
5158800,233147079.2
5162400,241825885.3
5166000,259279586.6
5169600,245314695.2
5173200,241804093.4
5176800,246658002.4
5180400,259263078.8
5184000,243436665.1
5187600,255922344.0
5191200,234287817.4
5194800,232870323.9
5198400,240431893.4
5202000,232182577.6
5205600,246333186.8
5209200,258961873.3
5212800,238435189.3
5216400,232404074.6
5220000,234374045.3
5223600,234891368.6
5227200,246157338.1
5230800,244068836.2
5234400,237959430.2
5238000,250236162.3
5241600,233736335.9
5245200,237552971.0
5248800,247675091.9
5252400,240532943.8
5256000,245683215.8
5259600,240055121.3
5263200,230706053.8
5266800,242050389.1
5270400,245140504.5
5274000,233887681.4
5277600,248389082.0
5281200,258903674.8
5284800,232689714.0
5288400,239259862.9
5292000,245876415.7
5295600,243422452.1
5299200,258198887.2
5302800,251633129.9
5306400,252136485.0
5310000,249173959.6
5313600,231059434.8
5317200,249248463.9
5320800,239557719.3
5324400,233033052.4
5328000,232429464.9
5331600,257064360.7
5335200,237582070.8
5338800,244847232.7
5342400,241643390.8
5346000,237908789.8
5349600,237893486.2
5353200,250985822.9
5356800,231701943.4
5360400,253661495.8
5364000,238769071.1
5367600,255183128.7
5371200,244539028.5
5374800,237004355.7
5378400,236616058.9
5382000,239428553.9
5385600,259862820.9
5389200,235673950.0
5392800,255514729.1
5396400,255317143.9
5400000,245849495.3
5403600,249946139.9
5407200,241088491.1
5410800,239523125.8
5414400,254309717.4
5418000,233078699.0
5421600,236382887.7
5425200,243392665.6
5428800,241596535.1
5432400,253239435.4
5436000,244226934.0
5439600,253903736.6
5443200,249502502.3
5446800,261752783.4
5450400,244117294.7
5454000,222972052.2
5457600,243016813.6
5461200,235935526.3
5464800,265508022.4
5468400,264893056.9
5472000,252558404.4
5475600,232302656.1
5479200,231701227.2
5482800,247421749.7
5486400,239641168.0
5490000,257739739.2
5493600,239628637.5
5497200,233271026.9
5500800,237344561.3
5504400,266713132.2
5508000,238692661.0
5511600,244126322.9
5515200,231910730.2
5518800,246562453.0
5522400,230506087.2
5526000,234760353.1
5529600,246599297.6
5533200,245379215.0
5536800,244956025.3
5540400,265574875.9
5544000,256517170.4
5547600,264985609.0
5551200,260246241.5
5554800,242396710.1
5558400,231750286.9
5562000,223356186.2
5565600,234209938.0
5569200,241586896.4
5572800,242756217.1
5576400,268967593.9
5580000,266345282.3
5583600,249878687.0
5587200,249183992.8
5590800,225653602.8
5594400,239959985.3
5598000,267143962.9
5601600,230716233.0
5605200,228522619.1
5608800,237344231.2
5612400,251009463.0
5616000,241786764.3
5619600,240791403.5
5623200,234259813.4
5626800,265254474.7
5630400,254138892.2
5634000,225213153.1
5637600,224173924.8
5641200,220669699.4
5644800,265938078.8
5648400,238378646.3
5652000,241101249.2
5655600,248785478.8
5659200,229301152.7
5662800,221111317.9
5666400,252900027.9
5670000,242932468.0
5673600,229999440.6
5677200,229825976.3
5680800,254678706.2
5684400,257370857.5
5688000,247166714.2
5691600,246292814.3
5695200,240335720.8
5698800,247848615.7
5702400,256531545.0
5706000,234675592.2
5709600,259227756.0
5713200,223790944.0
5716800,243584023.2
5720400,239957805.5
5724000,265555585.9
5727600,241401112.5
5731200,267254207.0
5734800,240226464.2
5738400,232124833.2
5742000,263630960.6
5745600,244699414.7
5749200,241178692.4
5752800,247618323.1
5756400,232428449.4
5760000,232857944.9
5763600,230486771.3
5767200,249031166.4
5770800,261757543.6
5774400,262632999.9
5778000,252194854.2
5781600,269250388.3
5785200,268949096.7
5788800,254131307.8
5792400,259273887.3
5796000,237439895.2
5799600,259025734.7
5803200,222319866.9
5806800,237641632.0
5810400,237849891.2
5814000,226486751.9
5817600,269112313.9
5821200,240787692.2
5824800,240324263.3
5828400,259134536.6
5832000,241660203.8
5835600,248813906.7
5839200,252523416.6
5842800,221650539.5
5846400,240200584.3
5850000,267947211.9
5853600,249775989.5
5857200,266653922.4
5860800,266852040.1
5864400,257786956.6
5868000,246945709.3
5871600,261214566.6
5875200,220537342.3
5878800,257325948.1
5882400,225151738.6
5886000,222420539.2
5889600,229284555.9
5893200,243641985.5
5896800,220481781.2
5900400,262909024.4
5904000,243674476.3
5907600,227496737.5
5911200,232272732.3
5914800,222839557.2
5918400,230262239.9
5922000,243274457.0
5925600,243048758.9
5929200,237552803.7
5932800,242050138.6
5936400,236470351.7
5940000,248604863.3
5943600,269617664.7
5947200,255892541.2
5950800,238049777.5
5954400,248636426.6
5958000,239016730.8
5961600,238604163.3
5965200,241213732.2
5968800,257156344.5
5972400,238004024.3
5976000,251324462.6
5979600,262643484.9
5983200,226001237.6
5986800,228717133.1
5990400,267531389.9
5994000,268875073.7
5997600,232600243.8
6001200,234231023.3
6004800,261914316.1
6008400,260105037.0
6012000,238498066.3
6015600,238140549.0
6019200,233587064.0
6022800,232973465.3
6026400,269719718.8
6030000,222313166.1
6033600,253816656.1
6037200,245084232.4
6040800,225664400.2
6044400,243065733.1
6048000,226223595.3
6051600,241268309.2
6055200,259133288.4
6058800,249457327.3
6062400,243606795.3
6066000,221689423.6
6069600,229003676.8
6073200,266590982.9
6076800,249538200.5
6080400,245316775.4
6084000,230921942.8
6087600,267602551.8
6091200,238112975.7
6094800,242927337.7
6098400,261540506.9
6102000,259533251.5
6105600,242051136.7
6109200,251201689.7
6112800,267775412.8
6116400,253173932.9
6120000,233324547.2
6123600,256157742.0
6127200,248053894.3
6130800,268649033.4
6134400,235043632.2
6138000,244851024.9
6141600,234197705.4
6145200,223710400.2
6148800,225569859.4
6152400,223765346.8
6156000,269809601.4
6159600,249979884.0
6163200,259448400.7
6166800,263063432.0
6170400,261353413.3
6174000,266846186.6
6177600,221792673.0
6181200,226985539.3
6184800,256272104.0
6188400,263604708.5
6192000,238705163.6
6195600,230809375.9
6199200,248800505.0
6202800,221282337.8
6206400,222175246.2
6210000,266672464.2
6213600,240082596.4
6217200,259246038.4
6220800,232131428.4
6224400,250427136.2
6228000,264659195.5
6231600,251470993.1
6235200,266207343.6
6238800,269790228.6
6242400,227504493.6
6246000,221239845.0
6249600,265563204.9
6253200,227399872.9
6256800,224497152.9
6260400,255784680.0
6264000,228750720.4
6267600,227986079.5
6271200,243946607.2
6274800,267436582.6
6278400,257053507.1
6282000,253616673.1
6285600,223517262.4
6289200,235305274.3
6292800,266841652.8
6296400,262846850.2
6300000,264542369.0
6303600,249429345.9
6307200,228129316.4
6310800,228802256.0
6314400,257378180.7
6318000,267264290.8
6321600,252898989.5
6325200,247191598.8
6328800,249882654.4
6332400,231730144.6
6336000,260988386.6
6339600,259424776.7
6343200,249452980.7
6346800,241812988.9
6350400,247486971.4
6354000,237648435.3
6357600,269789559.7
6361200,238248180.0
6364800,268308724.6
6368400,221237043.6
6372000,258891955.7
6375600,242009106.0
6379200,251524996.4
6382800,235701234.8
6386400,266090764.2
6390000,231166231.0
6393600,238724313.6
6397200,235407219.1
6400800,221891123.7
6404400,250258483.7
6408000,261793218.5
6411600,249412611.6
6415200,238172739.8
6418800,226994259.2
6422400,225826686.1
6426000,269060871.7
6429600,247084617.5
6433200,224325495.4
6436800,232804811.4
6440400,230488750.5
6444000,235730490.2
6447600,265187579.8
6451200,246034815.4
6454800,228111800.5
6458400,227180610.4
6462000,223202653.8
6465600,262732272.9
6469200,268722839.3
6472800,266451255.2
6476400,240476011.1
6480000,265080561.0
6483600,244224861.4
6487200,243483692.0
6490800,228391409.9
6494400,224142923.7
6498000,251658062.8
6501600,235548945.9
6505200,243317701.7
6508800,230553471.1
6512400,220072286.0
6516000,259880563.3
6519600,238402371.3
6523200,220756878.6
6526800,255748923.3
6530400,230928938.1
6534000,254435863.5
6537600,232300361.1
6541200,233304242.7
6544800,226603541.2
6548400,237210516.8
6552000,257719499.2
6555600,264461932.3
6559200,255521818.8
6562800,232323751.3
6566400,242569467.4
6570000,266561213.7
6573600,250783379.0
6577200,232914499.0
6580800,251555158.7
6584400,254776609.7
6588000,240182993.9
6591600,229674092.9
6595200,235353711.2
6598800,254647725.7
6602400,251517978.3
6606000,232491199.4
6609600,222171100.9
6613200,246572572.7
6616800,228810072.4
6620400,246095101.9
6624000,263564106.8
6627600,250680641.3
6631200,233571606.1
6634800,262726980.5
6638400,227873007.0
6642000,232970931.9
6645600,253529024.0
6649200,231297869.6
6652800,238873103.7
6656400,217880297.6
6660000,201266188.9
6663600,241688980.5
6667200,218159890.7
6670800,239428090.2
6674400,243982983.2
6678000,233825392.0
6681600,227262203.1
6685200,244944442.7
6688800,204974673.6
6692400,204546964.6
6696000,201711966.6
6699600,216208711.4
6703200,208303287.9
6706800,249903929.7
6710400,220774260.1
6714000,237716669.2
6717600,234665674.9
6721200,238532200.6
6724800,245613004.2
6728400,215533988.4
6732000,210235853.4
6735600,203643940.9
6739200,229360034.3
6742800,227124331.1
6746400,232204290.9
6750000,229900263.0
6753600,222500986.6
6757200,208127509.0
6760800,238246036.7
6764400,249165016.6
6768000,207157322.2
6771600,241385168.8
6775200,244056640.1
6778800,203522513.9
6782400,223893267.3
6786000,236937739.7
6789600,236686845.4
6793200,240812263.9
6796800,226674003.0
6800400,228041669.8
6804000,217326304.5
6807600,227537782.4
6811200,201055135.5
6814800,236838560.6
6818400,241698586.9
6822000,241815983.0
6825600,201656018.4
6829200,245608617.2
6832800,204746258.9
6836400,242545400.4
6840000,226109991.0
6843600,200818322.8
6847200,206458857.8
6850800,229658735.3
6854400,236089368.5
6858000,201851261.1
6861600,208808467.0
6865200,211621831.9
6868800,235750639.7
6872400,238529302.8
6876000,229468974.1
6879600,243646939.4
6883200,222699569.7
6886800,249196452.3
6890400,212998070.8
6894000,234533457.1
6897600,229837190.1
6901200,213966445.0
6904800,213960495.6
6908400,234188385.5
6912000,240564053.7
6915600,203812061.0
6919200,218468634.7
6922800,240311854.3
6926400,247916549.5
6930000,249686742.1
6933600,221278613.4
6937200,221657649.6
6940800,216922278.4
6944400,222733392.1
6948000,238498763.7
6951600,237785014.0
6955200,249619696.7
6958800,210153670.3
6962400,218770848.6
6966000,235433508.8
6969600,208174897.3
6973200,216198102.6
6976800,240450612.5
6980400,210947844.9
6984000,216419404.4
6987600,223099910.2
6991200,217616508.3
6994800,203676978.0
6998400,225259653.4
7002000,213709998.4
7005600,228381771.9
7009200,201375555.6
7012800,230685862.9
7016400,221180598.2
7020000,232264786.0
7023600,215305903.3
7027200,214539229.1
7030800,221525772.0
7034400,227513711.8
7038000,206123052.3
7041600,206521252.3
7045200,211439409.9
7048800,205346170.0
7052400,204651859.0
7056000,209428645.3
7059600,234174775.4
7063200,227074129.4
7066800,226070346.1
7070400,247090828.8
7074000,231875061.8
7077600,235927877.7
7081200,221222079.3
7084800,212417879.3
7088400,246799364.1
7092000,240106420.1
7095600,238081691.1
7099200,203087642.0
7102800,245332690.0
7106400,232781406.2
7110000,247397484.2
7113600,227262096.5
7117200,215265939.2
7120800,204425799.2
7124400,221076725.7
7128000,218376668.4
7131600,242626429.5
7135200,249196198.9
7138800,202692656.0
7142400,217856758.5
7146000,249953352.1
7149600,220750868.0
7153200,219032399.0
7156800,205228978.0
7160400,229480611.2
7164000,207316031.7
7167600,218828785.8
7171200,246817623.6
7174800,235018477.1
7178400,212146707.0
7182000,237105970.0
7185600,216331887.7
7189200,218497969.2
7192800,224639702.3
7196400,210030920.7
7200000,214378365.9
7203600,214629653.6
7207200,221492180.5
7210800,223905640.4
7214400,246596000.7
7218000,241811486.8
7221600,214498784.1
7225200,247903750.2
7228800,236152416.7
7232400,243240393.1
7236000,226162492.2
7239600,202638435.2
7243200,248000767.9
7246800,233610401.8
7250400,203273337.8
7254000,248956807.2
7257600,232147039.2
7261200,247915109.8
7264800,253925033.7
7268400,243325238.4
7272000,252920253.3
7275600,260417466.9
7279200,262821961.8
7282800,255543895.7
7286400,233166680.8
7290000,234805362.0
7293600,229292262.5
7297200,249968835.3
7300800,258914872.1
7304400,224788311.4
7308000,240498822.4
7311600,251562285.6
7315200,258265668.2
7318800,245780335.0
7322400,222339467.7
7326000,242031981.1
7329600,259063454.2
7333200,269557298.7
7336800,262463950.2
7340400,222999315.3
7344000,258336259.9
7347600,256245328.1
7351200,257734145.4
7354800,230071572.9
7358400,236191928.6
7362000,249853942.1
7365600,268855678.1
7369200,242571417.0
7372800,244815270.1
7376400,268582806.9
7380000,258150229.6
7383600,268988266.7
7387200,230141566.9
7390800,221583430.7
7394400,227907401.4
7398000,255985170.1
7401600,258864118.1
7405200,252247888.9
7408800,236903232.9
7412400,252732616.4
7416000,222282817.5
7419600,263374239.0
7423200,225148087.5
7426800,267348466.8
7430400,238974887.4
7434000,226726044.8
7437600,235643991.6
7441200,264934204.6
7444800,259039519.9
7448400,229652066.2
7452000,228697041.4
7455600,264665811.0
7459200,258538225.4
7462800,259605847.1
7466400,230677892.6
7470000,229668633.8
7473600,252336954.1
7477200,225564346.8
7480800,245295626.0
7484400,254246078.6
7488000,227851378.4
7491600,238668731.8
7495200,260418609.9
7498800,265466096.6
7502400,228034476.8
7506000,256897394.1
7509600,247784781.7
7513200,229392829.8
7516800,254500717.7
7520400,234990815.7
7524000,251613403.9
7527600,231789175.1
7531200,244467155.0
7534800,257913210.8
7538400,251010371.0
7542000,232388764.0
7545600,252660395.9
7549200,236539294.2
7552800,225960158.1
7556400,252842810.2
7560000,267365994.4
7563600,262057716.9
7567200,227319403.6
7570800,254374639.2
7574400,253210654.2
7578000,245524459.2
7581600,241736094.7
7585200,239179413.2
7588800,262114711.7
7592400,232541750.9
7596000,234573990.1
7599600,248048442.5
7603200,251333184.5
7606800,242485972.8
7610400,263221266.1
7614000,267697856.0
7617600,260826367.1
7621200,256003155.6
7624800,226102090.3
7628400,224147711.4
7632000,261956166.8
7635600,237527560.0
7639200,265281847.9
7642800,248894570.0
7646400,222554326.6
7650000,230782703.7
7653600,227334228.3
7657200,240815067.0
7660800,263877914.6
7664400,224647935.3
7668000,266492247.1
7671600,266791885.9
7675200,233267896.7
7678800,221783943.5
7682400,243323360.9
7686000,249218999.9
7689600,256337139.7
7693200,236674718.5
7696800,223184113.3
7700400,264581874.9
7704000,261448129.1
7707600,238647479.1
7711200,258273158.3
7714800,241870048.1
7718400,245913585.7
7722000,248009446.3
7725600,232275294.1
7729200,226415264.4
7732800,250524164.5
7736400,250678385.3
7740000,231746565.2
7743600,262880497.6
7747200,225765233.7
7750800,264125750.8
7754400,239445455.5
7758000,234991121.9
7761600,257645707.2
7765200,233258475.1
7768800,246277416.2
7772400,231461735.9
7776000,222819277.6
7779600,261389052.6
7783200,225790705.7
7786800,247096150.1
7790400,251234198.3
7794000,220018791.1
7797600,228180756.0
7801200,220475828.2
7804800,257650072.7
7808400,255185487.7
7812000,237817053.0
7815600,253520605.7
7819200,224549752.7
7822800,261132749.5
7826400,241160998.7
7830000,225079409.4
7833600,224879467.8
7837200,225317866.5
7840800,250934943.8
7844400,230049367.6
7848000,241159901.8
7851600,260451107.7
7855200,236445823.6
7858800,233667491.3
7862400,227858842.8
7866000,250833134.2
7869600,246422497.2
7873200,229560991.2
7876800,257987538.0
7880400,250749921.3
7884000,227603180.3
7887600,242731872.3
7891200,254104880.0
7894800,234062956.1
7898400,251243156.0
7902000,267086506.1
7905600,248340166.8
7909200,254655780.0
7912800,268929320.6
7916400,264955868.9
7920000,252423994.8
7923600,269146040.7
7927200,228190748.4
7930800,245489342.9
7934400,251367421.5
7938000,260000045.3
7941600,240888454.3
7945200,222741721.6
7948800,245957209.7
7952400,226726606.8
7956000,238348721.7
7959600,254831044.4
7963200,226479176.2
7966800,259292476.5
7970400,222515448.7
7974000,260780776.0
7977600,263346943.1
7981200,229844822.7
7984800,250369690.1
7988400,269833987.6
7992000,222118716.4
7995600,226941150.2
7999200,231147698.7
8002800,249150523.9
8006400,253555324.3
8010000,256159799.3
8013600,245221925.6
8017200,252231513.1
8020800,221818467.0
8024400,229692591.3
8028000,257477285.6
8031600,235408918.8
8035200,257452607.6
8038800,262601866.1
8042400,224967773.8
8046000,249888909.9
8049600,256030112.8
8053200,248435691.6
8056800,231755504.6
8060400,265531811.3
8064000,267530987.9
8067600,245815764.7
8071200,255354406.5
8074800,259939759.6
8078400,229984468.3
8082000,225342025.8
8085600,250928742.2
8089200,221111197.0
8092800,221878102.2
8096400,225768206.1
8100000,260934862.0
8103600,238844961.3
8107200,231457815.6
8110800,238406995.7
8114400,228727021.2
8118000,258738981.9
8121600,236501530.7
8125200,235789007.0
8128800,256229345.0
8132400,249247749.2
8136000,258887776.2
8139600,237978819.4
8143200,229236650.1
8146800,248684455.4
8150400,244154729.2
8154000,241081347.0
8157600,235866259.6
8161200,268628575.4
8164800,232911132.0
8168400,248354995.0
8172000,237603345.2
8175600,235601480.4
8179200,220469880.1
8182800,253406374.6
8186400,264284384.0
8190000,241065886.3
8193600,262929002.6
8197200,267399624.6
8200800,238805338.7
8204400,230164662.4
8208000,228958474.8
8211600,235314704.2
8215200,262515596.8
8218800,246280126.6
8222400,261422112.6
8226000,225343822.9
8229600,250857101.6
8233200,248341325.9
8236800,233046807.8
8240400,220115405.5
8244000,234362753.1
8247600,261063504.1
8251200,264755770.2
8254800,269790395.5
8258400,220421920.1
8262000,256642161.9
8265600,224230863.4
8269200,251667428.4
8272800,260254321.3
8276400,261498244.3
8280000,248361072.5
8283600,233002169.5
8287200,259226602.5
8290800,228460266.7
8294400,233712917.3
8298000,220245159.7
8301600,239878062.0
8305200,221327577.7
8308800,262734952.5
8312400,230244584.5
8316000,263017529.1
8319600,222806235.4
8323200,231175588.6
8326800,222264025.9
8330400,257549588.7
8334000,254902819.0
8337600,265939394.5
8341200,265446130.2
8344800,260276192.8
8348400,269983872.3
8352000,260038313.8
8355600,236145766.6
8359200,221257229.2
8362800,256641173.6
8366400,243639335.2
8370000,239629420.1
8373600,263000701.4
8377200,222873082.5
8380800,239227256.9
8384400,227092021.0
8388000,222284069.9
8391600,254899736.6
8395200,265675575.1
8398800,239177281.6
8402400,232155540.9
8406000,265354886.6
8409600,255100895.6
8413200,264781894.3
8416800,267398678.0
8420400,266834597.9
8424000,269839331.6
8427600,239847123.6
8431200,252996822.5
8434800,261147514.9
8438400,251118336.5
8442000,255025315.9
8445600,244475755.2
8449200,245440840.1
8452800,258985664.8
8456400,222024288.8
8460000,265050370.1
8463600,256602286.1
8467200,255931525.4
8470800,268030140.3
8474400,246445005.4
8478000,266770835.0
8481600,269479347.3
8485200,243285793.7
8488800,238189823.2
8492400,224516792.9
8496000,262210187.9
8499600,240685303.2
8503200,257867922.3
8506800,247701669.6
8510400,243812013.5
8514000,233329523.2
8517600,226763873.7
8521200,223885039.1
8524800,262329672.4
8528400,236852148.4
8532000,253699690.4
8535600,225221637.6
8539200,249368293.6
8542800,225740146.1
8546400,232467267.4
8550000,240708636.0
8553600,255773337.1
8557200,263483529.0
8560800,260771395.2
8564400,231622461.3
8568000,237316761.6
8571600,268030618.2
8575200,235065640.0
8578800,227709813.6
8582400,257221824.4
8586000,234144741.0
8589600,236441971.7
8593200,220066595.0
8596800,248195675.1
8600400,242206683.3
8604000,228068148.6
8607600,255173103.7
8611200,247201554.1
8614800,232730986.1
8618400,239655542.3
8622000,232230954.4
8625600,249134449.4
8629200,222637173.6
8632800,250114633.7
8636400,221998540.4
8640000,263120509.1
8643600,237155493.1
8647200,225611673.3
8650800,249671329.0
8654400,251503837.2
8658000,259069021.4
8661600,256825706.4
8665200,259579857.5
8668800,252435566.9
8672400,265595416.0
8676000,250303804.7
8679600,256822279.6
8683200,255662576.3
8686800,254499359.7
8690400,265993493.6
8694000,268477296.6
8697600,236446303.6
8701200,224740786.8
8704800,260326636.2
8708400,254136740.1
8712000,228662348.7
8715600,244050497.4
8719200,266966924.8
8722800,226903617.7
8726400,252982698.5
8730000,229701962.7
8733600,251324198.9
8737200,251036753.3
8740800,242048859.1
8744400,252947366.7
8748000,242357610.7
8751600,262580220.0
8755200,255366258.4
8758800,241427304.6
8762400,251009850.4
8766000,252059615.5
8769600,264387505.7
8773200,269680223.4
8776800,256417690.1
8780400,245291138.8
8784000,222446448.9
8787600,225410931.8
8791200,262914815.8
8794800,265797224.3
8798400,253582992.1
8802000,243116778.6
8805600,268069486.5
8809200,223995862.1
8812800,239295673.9
8816400,220821810.5
8820000,249595357.5
8823600,248411815.3
8827200,220613534.5
8830800,249490265.5
8834400,238010826.6
8838000,221271733.5
8841600,268928988.1
8845200,226609704.0
8848800,247528828.2
8852400,263171904.4
8856000,254127034.4
8859600,221748459.8
8863200,242009893.8
8866800,241991356.3
8870400,258305586.1
8874000,269991964.3
8877600,232873299.4
8881200,264290716.0
8884800,222486078.6
8888400,236582788.5
8892000,256477684.2
8895600,244935088.7
8899200,247332979.7
8902800,231231968.1
8906400,226149033.3
8910000,244260599.5
8913600,263702114.6
8917200,252071262.5
8920800,242411863.2
8924400,226857187.7
8928000,227057963.1
8931600,269129789.4
8935200,268594213.0
8938800,241444627.4
8942400,257801925.5
8946000,247929532.5
8949600,257832719.7
8953200,268796004.7
8956800,222093702.4
8960400,237550175.0
8964000,243832398.1
8967600,228746766.6
8971200,237795227.2
8974800,264423473.3
8978400,223457652.5
8982000,224637371.7
8985600,230290209.1
8989200,250759949.0
8992800,233671602.5
8996400,257389268.6
9000000,235286316.5
9003600,258272218.0
9007200,232644286.6
9010800,253550798.8
9014400,226595705.4
9018000,267122419.9
9021600,242229159.2
9025200,237899766.9
9028800,228490047.9
9032400,244953703.3
9036000,242608310.0
9039600,223310799.0
9043200,264394083.7
9046800,265389206.3
9050400,259132716.4
9054000,243597178.0
9057600,259807115.2
9061200,263782369.4
9064800,253612578.1
9068400,223519136.8
9072000,232147039.2
9075600,247915109.8
9079200,253925033.7
9082800,243325238.4
9086400,252920253.3
9090000,260417466.9
9093600,262821961.8
9097200,255543895.7
9100800,233166680.8
9104400,234805362.0
9108000,229292262.5
9111600,249968835.3
9115200,258914872.1
9118800,224788311.4
9122400,240498822.4
9126000,251562285.6
9129600,258265668.2
9133200,245780335.0
9136800,222339467.7
9140400,242031981.1
9144000,259063454.2
9147600,269557298.7
9151200,262463950.2
9154800,222999315.3
9158400,258336259.9
9162000,256245328.1
9165600,257734145.4
9169200,230071572.9
9172800,236191928.6
9176400,249853942.1
9180000,268855678.1
9183600,242571417.0
9187200,244815270.1
9190800,268582806.9
9194400,258150229.6
9198000,268988266.7
9201600,230141566.9
9205200,221583430.7
9208800,227907401.4
9212400,255985170.1
9216000,258864118.1
9219600,252247888.9
9223200,236903232.9
9226800,252732616.4
9230400,222282817.5
9234000,263374239.0
9237600,225148087.5
9241200,267348466.8
9244800,238974887.4
9248400,226726044.8
9252000,235643991.6
9255600,264934204.6
9259200,259039519.9
9262800,229652066.2
9266400,228697041.4
9270000,264665811.0
9273600,258538225.4
9277200,259605847.1
9280800,230677892.6
9284400,229668633.8
9288000,252336954.1
9291600,225564346.8
9295200,245295626.0
9298800,254246078.6
9302400,227851378.4
9306000,238668731.8
9309600,260418609.9
9313200,265466096.6
9316800,228034476.8
9320400,256897394.1
9324000,247784781.7
9327600,229392829.8
9331200,254500717.7
9334800,234990815.7
9338400,251613403.9
9342000,231789175.1
9345600,244467155.0
9349200,257913210.8
9352800,251010371.0
9356400,232388764.0
9360000,252660395.9
9363600,236539294.2
9367200,225960158.1
9370800,252842810.2
9374400,267365994.4
9378000,262057716.9
9381600,227319403.6
9385200,254374639.2
9388800,253210654.2
9392400,245524459.2
9396000,241736094.7
9399600,239179413.2
9403200,262114711.7
9406800,232541750.9
9410400,234573990.1
9414000,248048442.5
9417600,251333184.5
9421200,242485972.8
9424800,263221266.1
9428400,267697856.0
9432000,260826367.1
9435600,256003155.6
9439200,226102090.3
9442800,224147711.4
9446400,261956166.8
9450000,237527560.0
9453600,265281847.9
9457200,248894570.0
9460800,222554326.6
9464400,230782703.7
9468000,227334228.3
9471600,240815067.0
9475200,263877914.6
9478800,224647935.3
9482400,266492247.1
9486000,266791885.9
9489600,233267896.7
9493200,221783943.5
9496800,243323360.9
9500400,249218999.9
9504000,256337139.7
9507600,236674718.5
9511200,223184113.3
9514800,264581874.9
9518400,261448129.1
9522000,238647479.1
9525600,258273158.3
9529200,241870048.1
9532800,245913585.7
9536400,248009446.3
9540000,232275294.1
9543600,226415264.4
9547200,250524164.5
9550800,250678385.3
9554400,231746565.2
9558000,262880497.6
9561600,225765233.7
9565200,264125750.8
9568800,239445455.5
9572400,234991121.9
9576000,257645707.2
9579600,233258475.1
9583200,246277416.2
9586800,231461735.9
9590400,222819277.6
9594000,261389052.6
9597600,225790705.7
9601200,247096150.1
9604800,251234198.3
9608400,220018791.1
9612000,228180756.0
9615600,220475828.2
9619200,257650072.7
9622800,255185487.7
9626400,237817053.0
9630000,253520605.7
9633600,224549752.7
9637200,261132749.5
9640800,241160998.7
9644400,225079409.4
9648000,224879467.8
9651600,225317866.5
9655200,250934943.8
9658800,230049367.6
9662400,241159901.8
9666000,260451107.7
9669600,236445823.6
9673200,233667491.3
9676800,232147039.2
9680400,247915109.8
9684000,253925033.7
9687600,243325238.4
9691200,252920253.3
9694800,260417466.9
9698400,262821961.8
9702000,255543895.7
9705600,233166680.8
9709200,234805362.0
9712800,229292262.5
9716400,249968835.3
9720000,258914872.1
9723600,224788311.4
9727200,240498822.4
9730800,251562285.6
9734400,258265668.2
9738000,245780335.0
9741600,222339467.7
9745200,242031981.1
9748800,259063454.2
9752400,269557298.7
9756000,262463950.2
9759600,222999315.3
9763200,258336259.9
9766800,256245328.1
9770400,257734145.4
9774000,230071572.9
9777600,236191928.6
9781200,249853942.1
9784800,268855678.1
9788400,242571417.0
9792000,244815270.1
9795600,268582806.9
9799200,258150229.6
9802800,268988266.7
9806400,230141566.9
9810000,221583430.7
9813600,227907401.4
9817200,255985170.1
9820800,258864118.1
9824400,252247888.9
9828000,236903232.9
9831600,252732616.4
9835200,222282817.5
9838800,263374239.0
9842400,225148087.5
9846000,267348466.8
9849600,238974887.4
9853200,226726044.8
9856800,235643991.6
9860400,264934204.6
9864000,259039519.9
9867600,229652066.2
9871200,228697041.4
9874800,264665811.0
9878400,258538225.4
9882000,259605847.1
9885600,230677892.6
9889200,229668633.8
9892800,252336954.1
9896400,225564346.8
9900000,245295626.0
9903600,254246078.6
9907200,227851378.4
9910800,238668731.8
9914400,260418609.9
9918000,265466096.6
9921600,228034476.8
9925200,256897394.1
9928800,247784781.7
9932400,229392829.8
9936000,254500717.7
9939600,234990815.7
9943200,251613403.9
9946800,231789175.1
9950400,244467155.0
9954000,257913210.8
9957600,251010371.0
9961200,232388764.0
9964800,252660395.9
9968400,236539294.2
9972000,225960158.1
9975600,252842810.2
9979200,267365994.4
9982800,262057716.9
9986400,227319403.6
9990000,254374639.2
9993600,253210654.2
9997200,245524459.2
10000800,241736094.7
10004400,239179413.2
10008000,262114711.7
10011600,232541750.9
10015200,234573990.1
10018800,248048442.5
10022400,251333184.5
10026000,242485972.8
10029600,263221266.1
10033200,267697856.0
10036800,260826367.1
10040400,256003155.6
10044000,226102090.3
10047600,224147711.4
10051200,261956166.8
10054800,237527560.0
10058400,265281847.9
10062000,248894570.0
10065600,222554326.6
10069200,230782703.7
10072800,227334228.3
10076400,240815067.0
10080000,263877914.6
10083600,224647935.3
10087200,266492247.1
10090800,266791885.9
10094400,233267896.7
10098000,221783943.5
10101600,243323360.9
10105200,249218999.9
10108800,256337139.7
10112400,236674718.5
10116000,223184113.3
10119600,264581874.9
10123200,261448129.1
10126800,238647479.1
10130400,258273158.3
10134000,241870048.1
10137600,245913585.7
10141200,248009446.3
10144800,232275294.1
10148400,226415264.4
10152000,250524164.5
10155600,250678385.3
10159200,231746565.2
10162800,262880497.6
10166400,225765233.7
10170000,264125750.8
10173600,239445455.5
10177200,234991121.9
10180800,257645707.2
10184400,233258475.1
10188000,246277416.2
10191600,231461735.9
10195200,222819277.6
10198800,261389052.6
10202400,225790705.7
10206000,247096150.1
10209600,251234198.3
10213200,220018791.1
10216800,228180756.0
10220400,220475828.2
10224000,257650072.7
10227600,255185487.7
10231200,237817053.0
10234800,253520605.7
10238400,224549752.7
10242000,261132749.5
10245600,241160998.7
10249200,225079409.4
10252800,224879467.8
10256400,225317866.5
10260000,250934943.8
10263600,230049367.6
10267200,241159901.8
10270800,260451107.7
10274400,236445823.6
10278000,233667491.3
10281600,214742251.5
10285200,247495442.3
10288800,208670993.3
10292400,200045229.9
10296000,243922771.9
10299600,242526837.7
10303200,216820449.8
10306800,204916505.2
10310400,231405955.2
10314000,220020834.8
10317600,246402621.5
10321200,244030283.0
10324800,230954042.8
10328400,244697038.1
10332000,210452665.1
10335600,212914887.7
10339200,200206243.8
10342800,204522634.5
10346400,229791001.2
10350000,214965636.4
10353600,238771689.8
10357200,232119496.3
10360800,208977326.8
10364400,214167006.8
10368000,206792741.8
10371600,228174775.3
10375200,207212810.6
10378800,242802671.1
10382400,201520421.7
10386000,242516193.1
10389600,211640024.5
10393200,237746823.4
10396800,202819521.6
10400400,235382320.2
10404000,209206057.6
10407600,249730128.0
10411200,225834985.2
10414800,226907550.7
10418400,213575699.8
10422000,218912849.0
10425600,225607328.6
10429200,225770927.3
10432800,223446683.9
10436400,207708357.9
10440000,210756304.0
10443600,232258641.1
10447200,230306958.3
10450800,209117256.2
10454400,243384572.8
10458000,226385905.2
10461600,248726881.5
10465200,214274240.9
10468800,247454050.0
10472400,230380265.5
10476000,238824390.4
10479600,203174098.0
10483200,229557851.0
10486800,244987876.7
10490400,225489399.7
10494000,226641739.3
10497600,239928781.8
10501200,232754798.9
10504800,223152891.3
10508400,227865852.4
10512000,237151682.2
10515600,225716083.9
10519200,206039117.9
10522800,213404333.5
10526400,246242950.6
10530000,229469865.3
10533600,226961170.9
10537200,246863263.2
10540800,212781447.9
10544400,245595004.6
10548000,227855807.0
10551600,236934244.3
10555200,234216042.2
10558800,206985294.8
10562400,248674429.1
10566000,221226988.4
10569600,203810582.3
10573200,205396309.4
10576800,248612065.8
10580400,228517667.0
10584000,224191244.2
10587600,232249487.7
10591200,210910218.8
10594800,234745146.0
10598400,212287842.9
10602000,231680953.2
10605600,248006857.0
10609200,236321099.3
10612800,248482914.8
10616400,238107044.9
10620000,226254792.0
10623600,222339512.2
10627200,231918098.7
10630800,215356889.4
10634400,222170296.4
10638000,233263497.3
10641600,241113858.7
10645200,215951065.6
10648800,232852251.9
10652400,225270170.4
10656000,207872301.6
10659600,215253827.7
10663200,205255064.4
10666800,243531090.9
10670400,233947533.3
10674000,241343761.1
10677600,247303466.2
10681200,231530195.6
10684800,225670110.9
10688400,227799748.5
10692000,249371548.5
10695600,231345075.5
10699200,242600848.7
10702800,224512531.1
10706400,200997937.8
10710000,212191569.8
10713600,227503753.2
10717200,205078350.8
10720800,223715604.2
10724400,208726558.4
10728000,216269156.6
10731600,205519315.7
10735200,221411825.5
10738800,235949530.2
10742400,238380829.3
10746000,246359260.1
10749600,237847702.5
10753200,216624910.5
10756800,244027975.5
10760400,226280486.8
10764000,213367014.3
10767600,208410841.0
10771200,202250559.3
10774800,208538746.7
10778400,246288770.6
10782000,205431179.3
10785600,241707467.1
10789200,207590750.6
10792800,242793805.8
10796400,229928376.4
10800000,209888413.0
10803600,239876526.0
10807200,239369282.6
10810800,204779254.2
10814400,208572389.1
10818000,230140604.9
10821600,216254924.1
10825200,213364243.6
10828800,239464987.6
10832400,230830672.1
10836000,234323210.3
10839600,234871665.1
10843200,246601029.7
10846800,206009404.4
10850400,230344310.8
10854000,224493382.5
10857600,226485069.0
10861200,211093456.6
10864800,237409045.0
10868400,212907695.2
10872000,209955698.8
10875600,243576168.6
10879200,201359275.1
10882800,201817010.7
10886400,214742251.5
10890000,247495442.3
10893600,208670993.3
10897200,200045229.9
10900800,243922771.9
10904400,242526837.7
10908000,216820449.8
10911600,204916505.2
10915200,231405955.2
10918800,220020834.8
10922400,246402621.5
10926000,244030283.0
10929600,230954042.8
10933200,244697038.1
10936800,210452665.1
10940400,212914887.7
10944000,200206243.8
10947600,204522634.5
10951200,229791001.2
10954800,214965636.4
10958400,238771689.8
10962000,232119496.3
10965600,208977326.8
10969200,214167006.8
10972800,206792741.8
10976400,228174775.3
10980000,207212810.6
10983600,242802671.1
10987200,201520421.7
10990800,242516193.1
10994400,211640024.5
10998000,237746823.4
11001600,202819521.6
11005200,235382320.2
11008800,209206057.6
11012400,249730128.0
11016000,225834985.2
11019600,226907550.7
11023200,213575699.8
11026800,218912849.0
11030400,225607328.6
11034000,225770927.3
11037600,223446683.9
11041200,207708357.9
11044800,210756304.0
11048400,232258641.1
11052000,230306958.3
11055600,209117256.2
11059200,243384572.8
11062800,226385905.2
11066400,248726881.5
11070000,214274240.9
11073600,247454050.0
11077200,230380265.5
11080800,238824390.4
11084400,203174098.0
11088000,229557851.0
11091600,244987876.7
11095200,225489399.7
11098800,226641739.3
11102400,239928781.8
11106000,232754798.9
11109600,223152891.3
11113200,227865852.4
11116800,237151682.2
11120400,225716083.9
11124000,206039117.9
11127600,213404333.5
11131200,246242950.6
11134800,229469865.3
11138400,226961170.9
11142000,246863263.2
11145600,212781447.9
11149200,245595004.6
11152800,227855807.0
11156400,236934244.3
11160000,234216042.2
11163600,206985294.8
11167200,248674429.1
11170800,221226988.4
11174400,203810582.3
11178000,205396309.4
11181600,248612065.8
11185200,228517667.0
11188800,224191244.2
11192400,232249487.7
11196000,210910218.8
11199600,234745146.0
11203200,212287842.9
11206800,231680953.2
11210400,248006857.0
11214000,236321099.3
11217600,248482914.8
11221200,238107044.9
11224800,226254792.0
11228400,222339512.2
11232000,231918098.7
11235600,215356889.4
11239200,222170296.4
11242800,233263497.3
11246400,241113858.7
11250000,215951065.6
11253600,232852251.9
11257200,225270170.4
11260800,207872301.6
11264400,215253827.7
11268000,205255064.4
11271600,243531090.9
11275200,233947533.3
11278800,241343761.1
11282400,247303466.2
11286000,231530195.6
11289600,225670110.9
11293200,227799748.5
11296800,249371548.5
11300400,231345075.5
11304000,242600848.7
11307600,224512531.1
11311200,200997937.8
11314800,212191569.8
11318400,227503753.2
11322000,205078350.8
11325600,223715604.2
11329200,208726558.4
11332800,216269156.6
11336400,205519315.7
11340000,221411825.5
11343600,235949530.2
11347200,238380829.3
11350800,246359260.1
11354400,237847702.5
11358000,216624910.5
11361600,244027975.5
11365200,226280486.8
11368800,213367014.3
11372400,208410841.0
11376000,202250559.3
11379600,208538746.7
11383200,246288770.6
11386800,205431179.3
11390400,241707467.1
11394000,207590750.6
11397600,242793805.8
11401200,229928376.4
11404800,209888413.0
11408400,239876526.0
11412000,239369282.6
11415600,204779254.2
11419200,208572389.1
11422800,230140604.9
11426400,216254924.1
11430000,213364243.6
11433600,239464987.6
11437200,230830672.1
11440800,234323210.3
11444400,234871665.1
11448000,246601029.7
11451600,206009404.4
11455200,230344310.8
11458800,224493382.5
11462400,226485069.0
11466000,211093456.6
11469600,237409045.0
11473200,212907695.2
11476800,209955698.8
11480400,243576168.6
11484000,201359275.1
11487600,201817010.7
11491200,261298326.5
11494800,236204814.1
11498400,244419328.8
11502000,258186187.7
11505600,256883775.1
11509200,251801297.3
11512800,232457047.0
11516400,256715841.4
11520000,236975256.9
11523600,235138391.9
11527200,226357099.4
11530800,220507014.9
11534400,266246438.9
11538000,265500309.8
11541600,239107395.6
11545200,255069603.3
11548800,253617096.5
11552400,226383706.5
11556000,230048451.9
11559600,265141327.2
11563200,264591815.4
11566800,238884086.7
11570400,232509645.1
11574000,250135074.0
11577600,251272527.3
11581200,220984144.5
11584800,260986630.1
11588400,245897228.6
11592000,265471712.2
11595600,225931248.4
11599200,267307452.1
11602800,266352240.9
11606400,224740250.6
11610000,240762869.5
11613600,236143115.8
11617200,262312678.0
11620800,267397516.0
11624400,256461028.9
11628000,254192486.2
11631600,252070595.3
11635200,235794130.0
11638800,256607338.7
11642400,227882420.5
11646000,258003534.6
11649600,224595495.2
11653200,268382699.6
11656800,250448317.4
11660400,264747622.0
11664000,229707326.5
11667600,269402897.1
11671200,232065743.1
11674800,231171047.8
11678400,240099897.1
11682000,259045318.3
11685600,261960600.6
11689200,240474988.7
11692800,240120026.6
11696400,258587501.7
11700000,232456234.3
11703600,263287053.2
11707200,254109303.3
11710800,268869649.0
11714400,229276195.3
11718000,230809138.0
11721600,235646092.9
11725200,257600601.9
11728800,238386830.3
11732400,250222800.2
11736000,239171744.6
11739600,247524391.5
11743200,239272121.1
11746800,253271751.7
11750400,220735708.2
11754000,260656223.4
11757600,237492798.7
11761200,255775776.3
11764800,267944690.2
11768400,245370856.0
11772000,253308411.0
11775600,241473271.7
11779200,262474927.2
11782800,252711668.9
11786400,245212887.4
11790000,238425803.0
11793600,254262471.5
11797200,224960375.8
11800800,222382341.8
11804400,263466795.7
11808000,252593368.3
11811600,250522935.1
11815200,241097285.3
11818800,245185368.7
11822400,228207046.2
11826000,224658606.5
11829600,254266243.2
11833200,227133564.9
11836800,246435582.7
11840400,220178638.7
11844000,241252889.5
11847600,231217045.3
11851200,252997106.6
11854800,245155094.8
11858400,250002862.0
11862000,230008682.9
11865600,226870050.9
11869200,221189451.4
11872800,266977134.9
11876400,254775066.2
11880000,247711659.2
11883600,234770714.5
11887200,222131587.4
11890800,262688010.4
11894400,249834105.0
11898000,220926339.0
11901600,266659548.1
11905200,220489416.2
11908800,252047777.0
11912400,259434269.2
11916000,246325147.2
11919600,234562420.9
11923200,251416427.0
11926800,241273433.6
11930400,247318518.2
11934000,229539854.2
11937600,257224441.9
11941200,230642811.0
11944800,225006122.8
11948400,264819249.3
11952000,261116848.8
11955600,264139187.5
11959200,224406214.8
11962800,255009382.4
11966400,228511211.2
11970000,261652213.6
11973600,256402854.2
11977200,258794650.8
11980800,258174762.6
11984400,222854973.3
11988000,250492386.1
11991600,264923590.0
11995200,245806536.2
11998800,245308576.9
12002400,232780827.8
12006000,268580156.7
12009600,249056196.1
12013200,268419320.7
12016800,222071918.6
12020400,229431411.5
12024000,245988003.0
12027600,252042696.0
12031200,237036566.1
12034800,252416491.0
12038400,237771898.3
12042000,262521501.2
12045600,247140234.1
12049200,253654004.4
12052800,232828629.0
12056400,226066913.8
12060000,222030322.3
12063600,264397156.7
12067200,257659365.8
12070800,260103959.3
12074400,242070281.3
12078000,223758629.3
12081600,227711484.9
12085200,232362207.4
12088800,223961299.3
12092400,262657978.2
12096000,221899683.3
12099600,203284381.4
12103200,248969321.2
12106800,231445003.2
12110400,232816404.2
12114000,216395302.6
12117600,223774993.2
12121200,200812091.2
12124800,210001407.3
12128400,242924736.6
12132000,203377005.2
12135600,215537428.0
12139200,241331136.6
12142800,230593420.7
12146400,245730018.7
12150000,244205521.9
12153600,212265651.7
12157200,247910095.3
12160800,222614835.0
12164400,244427907.2
12168000,223242519.7
12171600,229261068.1
12175200,200583950.6
12178800,236421769.5
12182400,220765017.6
12186000,205931874.3
12189600,229812820.8
12193200,200234393.0
12196800,246972739.0
12200400,234570601.9
12204000,213589903.9
12207600,237686866.6
12211200,232916596.2
12214800,214185506.3
12218400,226780725.4
12222000,203010803.6
12225600,233871363.7
12229200,246144155.1
12232800,223331933.8
12236400,218440508.4
12240000,245869696.5
12243600,200578651.8
12247200,246461760.1
12250800,234670877.0
12254400,241061851.2
12258000,242886844.5
12261600,205528844.5
12265200,235249970.2
12268800,227583321.6
12272400,226031389.5
12276000,215686587.5
12279600,208070746.0
12283200,215986388.9
12286800,233553329.9
12290400,226197539.8
12294000,230390023.0
12297600,238015746.9
12301200,208193126.5
12304800,224718084.7
12308400,238234401.6
12312000,215040573.8
12315600,241943280.7
12319200,233990380.9
12322800,216423059.0
12326400,226913183.3
12330000,241890846.3
12333600,212148844.2
12337200,200974202.8
12340800,230373932.7
12344400,226939651.8
12348000,211317474.0
12351600,245997050.6
12355200,246799761.1
12358800,224431476.7
12362400,234881391.9
12366000,225829282.4
12369600,214261677.3
12373200,200472524.2
12376800,214647485.8
12380400,233324225.3
12384000,207754618.5
12387600,211278880.3
12391200,243881101.4
12394800,230286378.0
12398400,232340690.5
12402000,203459144.0
12405600,210927282.3
12409200,238999713.9
12412800,231453872.2
12416400,203530821.2
12420000,232860928.8
12423600,225982971.8
12427200,247376481.9
12430800,201042533.5
12434400,236435892.0
12438000,219925893.0
12441600,234362314.8
12445200,203654353.3
12448800,237902278.2
12452400,202536129.6
12456000,232120504.0
12459600,225038745.3
12463200,226504488.7
12466800,236912576.4
12470400,213728422.7
12474000,211901782.5
12477600,237997155.6
12481200,248004722.0
12484800,208310318.0
12488400,218929694.6
12492000,204840119.0
12495600,246728119.5
12499200,240145793.3
12502800,236510266.4
12506400,239735670.3
12510000,228678481.1
12513600,218084507.4
12517200,208066682.9
12520800,244318529.3
12524400,245099934.5
12528000,237929107.0
12531600,218089606.3
12535200,224811244.1
12538800,232934274.3
12542400,214448339.1
12546000,207152857.6
12549600,215406656.2
12553200,217372065.0
12556800,206976923.2
12560400,210811926.5
12564000,227791084.4
12567600,202559187.0
12571200,220867631.5
12574800,235579008.1
12578400,243963651.8
12582000,230073972.0
12585600,223248602.4
12589200,240771032.2
12592800,216106245.6
12596400,218819471.8
12600000,206900785.9
12603600,232679619.3
12607200,201274598.7
12610800,211684317.3
12614400,248939106.0
12618000,247151072.2
12621600,249053192.7
12625200,203348198.3
12628800,209762873.3
12632400,221170298.1
12636000,226853821.4
12639600,223163857.5
12643200,231295469.8
12646800,225127970.0
12650400,239588852.5
12654000,235517596.1
12657600,228470243.8
12661200,207854938.9
12664800,231280168.0
12668400,246291666.2
12672000,249159856.3
12675600,236158678.8
12679200,209377921.7
12682800,243006586.3
12686400,206452994.8
12690000,237173580.5
12693600,202393922.2
12697200,232484972.0
12700800,233464925.6
12704400,258391761.4
12708000,267720623.7
12711600,225884368.6
12715200,221244411.0
12718800,241102005.7
12722400,223219198.0
12726000,226280132.8
12729600,224620887.7
12733200,231634463.7
12736800,230559653.1
12740400,250490549.0
12744000,239726352.6
12747600,256334919.6
12751200,268064907.7
12754800,257510860.2
12758400,223936988.6
12762000,263397652.6
12765600,238138543.2
12769200,259850356.4
12772800,259319359.4
12776400,236567737.4
12780000,267499572.8
12783600,261424482.2
12787200,251456487.4
12790800,234781181.6
12794400,250850226.2
12798000,269425171.5
12801600,237200444.6
12805200,231982233.3
12808800,220019855.3
12812400,265464492.6
12816000,251377022.9
12819600,259311464.9
12823200,257435816.8
12826800,250844881.7
12830400,229170079.1
12834000,262179662.4
12837600,255799647.0
12841200,252590066.8
12844800,250640353.6
12848400,263689306.9
12852000,259633863.6
12855600,256221248.8
12859200,240457721.5
12862800,269882670.1
12866400,251190425.2
12870000,237658262.7
12873600,229136157.1
12877200,236045217.6
12880800,232780338.3
12884400,267054237.4
12888000,264645333.8
12891600,269402605.4
12895200,267623598.8
12898800,263710345.9
12902400,228112175.0
12906000,227334420.7
12909600,252490155.0
12913200,259504297.1
12916800,223615080.5
12920400,232225972.0
12924000,220535357.6
12927600,231627070.4
12931200,232742744.0
12934800,265609398.1
12938400,238377328.6
12942000,221901701.2
12945600,252541615.8
12949200,260818343.2
12952800,224187520.4
12956400,220574052.4
12960000,238280766.1
12963600,240638272.1
12967200,240801049.5
12970800,243168800.7
12974400,243300325.6
12978000,247407926.6
12981600,246634546.1
12985200,245384627.7
12988800,259054566.4
12992400,234498257.4
12996000,247525094.1
12999600,248733266.5
13003200,230194575.4
13006800,247761848.6
13010400,230705801.2
13014000,247457836.1
13017600,223488491.5
13021200,263022375.7
13024800,230419135.4
13028400,231931604.8
13032000,239029260.8
13035600,234368319.6
13039200,257526156.5
13042800,235946948.6
13046400,225368483.8
13050000,260306793.4
13053600,232602922.7
13057200,245195242.6
13060800,221992541.9
13064400,251209687.7
13068000,239372080.4
13071600,235413692.5
13075200,236602498.1
13078800,266579662.3
13082400,243399478.0
13086000,220003549.7
13089600,256289025.2
13093200,239974146.0
13096800,221146181.7
13100400,251887119.5
13104000,241967600.6
13107600,249588456.8
13111200,250899230.5
13114800,242704833.6
13118400,222454263.8
13122000,255984708.6
13125600,257004643.1
13129200,240239939.7
13132800,222570626.3
13136400,267400232.7
13140000,263869342.5
13143600,261382497.4
13147200,242431829.7
13150800,264223735.7
13154400,262685916.9
13158000,252386837.2
13161600,245339163.4
13165200,223801145.4
13168800,238120344.2
13172400,231554557.8
13176000,263009025.2
13179600,251719502.8
13183200,256572855.7
13186800,227817764.2
13190400,267482346.9
13194000,240021147.7
13197600,250569333.8
13201200,259924461.6
13204800,254318491.0
13208400,220002417.2
13212000,245132882.7
13215600,269280999.8
13219200,220350186.0
13222800,222046466.2
13226400,225171145.6
13230000,250170327.9
13233600,222309514.3
13237200,241093597.2
13240800,237793155.2
13244400,254883522.9
13248000,238148886.3
13251600,236227752.4
13255200,253873787.2
13258800,249162618.5
13262400,232022739.9
13266000,238743328.3
13269600,230236730.6
13273200,232932104.2
13276800,262365724.6
13280400,241352047.1
13284000,252849148.2
13287600,246563587.4
13291200,266850952.0
13294800,236671121.0
13298400,238045591.6
13302000,257324677.0
13305600,218507967.5
13309200,232878081.7
13312800,243678246.1
13316400,214743778.2
13320000,213641252.3
13323600,204044550.3
13327200,209317291.5
13330800,238000467.6
13334400,245480450.9
13338000,232231145.1
13341600,225872465.3
13345200,235079752.4
13348800,202253710.0
13352400,244512568.6
13356000,233630988.0
13359600,208243650.3
13363200,225128224.2
13366800,226590972.5
13370400,231200126.9
13374000,248228424.9
13377600,228458709.7
13381200,228883597.7
13384800,246874389.3
13388400,203078010.6
13392000,232949831.8
13395600,204969905.2
13399200,230433443.3
13402800,240217614.1
13406400,201615768.5
13410000,226096647.6
13413600,214882397.5
13417200,233032408.3
13420800,229885867.8
13424400,203077443.8
13428000,244558190.6
13431600,247666706.6
13435200,209043810.3
13438800,203677262.4
13442400,249401587.0
13446000,221395298.4
13449600,237949120.1
13453200,246158302.1
13456800,243605787.4
13460400,248168230.6
13464000,214838014.6
13467600,235501934.9
13471200,245054889.4
13474800,243710033.8
13478400,241430065.8
13482000,201760471.1
13485600,245306790.3
13489200,231396625.2
13492800,228629803.9
13496400,236909348.1
13500000,225411076.5
13503600,243241329.9
13507200,207011918.5
13510800,232856797.8
13514400,229649687.9
13518000,225668331.4
13521600,212230995.7
13525200,248675281.3
13528800,245810715.0
13532400,232600477.5
13536000,205525092.2
13539600,225731323.7
13543200,224052630.0
13546800,203408593.7
13550400,219442157.2
13554000,240260160.8
13557600,239332781.9
13561200,205998861.4
13564800,220598819.7
13568400,239903338.0
13572000,212636003.0
13575600,229373966.9
13579200,201836671.4
13582800,234081506.3
13586400,241340996.2
13590000,234995531.6
13593600,217588599.8
13597200,224457370.4
13600800,214206351.1
13604400,213298527.2
13608000,238246322.9
13611600,229218966.5
13615200,226927823.1
13618800,249533739.0
13622400,238457899.3
13626000,229304903.9
13629600,239542662.9
13633200,227446242.8
13636800,203820996.5
13640400,223715826.7
13644000,242486374.8
13647600,220153968.1
13651200,211839878.5
13654800,227074427.1
13658400,218445360.1
13662000,237926075.8
13665600,238451847.4
13669200,217315418.6
13672800,248372645.8
13676400,217790356.0
13680000,209659722.1
13683600,204552793.7
13687200,215661741.2
13690800,247917189.6
13694400,231923214.0
13698000,210407000.5
13701600,216656107.7
13705200,217150784.5
13708800,244742147.0
13712400,225208002.2
13716000,228111171.9
13719600,239467227.5
13723200,217546415.7
13726800,211009001.3
13730400,241141609.0
13734000,203802097.1
13737600,204109283.9
13741200,215485807.6
13744800,242774779.1
13748400,223714866.9
13752000,216211856.9
13755600,223002190.8
13759200,233708730.4
13762800,228703093.5
13766400,242141261.8
13770000,203791076.4
13773600,212992494.5
13777200,234377953.3
13780800,221624963.7
13784400,216186323.7
13788000,202303602.3
13791600,215517654.6
13795200,221331136.6
13798800,230778593.9
13802400,212150732.7
13806000,242235830.0
13809600,244139869.4
13813200,246412806.8
13816800,228131687.7
13820400,215149284.2
13824000,238507340.7
13827600,225361009.9
13831200,230629258.0
13834800,234328820.9
13838400,204195272.1
13842000,235705387.6
13845600,214918948.5
13849200,211659568.9
13852800,215872207.7
13856400,214100915.9
13860000,212528186.5
13863600,206177232.2
13867200,233407206.3
13870800,213919538.1
13874400,212378416.7
13878000,228438373.7
13881600,202567386.4
13885200,241158293.7
13888800,201847272.3
13892400,213358536.0
13896000,215109493.4
13899600,233115227.1
13903200,231287873.7
13906800,235617033.5
13910400,229479138.6
13914000,240759424.3
13917600,227756388.5
13921200,240728700.3
13924800,201917695.8
13928400,242424271.4
13932000,205724292.9
13935600,207558713.1
13939200,236401724.6
13942800,210098701.4
13946400,236900422.8
13950000,243358561.1
13953600,210451948.7
13957200,236437988.9
13960800,230664998.8
13964400,225648609.0
13968000,247966763.5
13971600,209222177.4
13975200,210036885.2
13978800,232956034.6
13982400,236955255.5
13986000,218718392.4
13989600,248803984.9
13993200,201760563.0
13996800,216412324.4
14000400,232547967.0
14004000,201967517.2
14007600,206781100.7
14011200,211936968.2
14014800,242967973.1
14018400,245723913.8
14022000,200380380.5
14025600,212309077.9
14029200,230486484.8
14032800,249225679.1
14036400,248965559.5
14040000,230959731.9
14043600,247415898.4
14047200,218688037.8
14050800,211378268.8
14054400,228409164.5
14058000,228004063.6
14061600,214055126.0
14065200,243609955.7
14068800,242281830.2
14072400,232398935.6
14076000,236183426.5
14079600,213337012.5
14083200,206099551.4
14086800,207542637.2
14090400,233395296.5
14094000,216827529.4
14097600,230884262.4
14101200,238766280.8
14104800,236646814.0
14108400,236814177.9
14112000,202995032.3
14115600,211352530.6
14119200,223313973.5
14122800,244947896.0
14126400,227212031.9
14130000,202856848.3
14133600,239724633.1
14137200,238742455.5
14140800,225451060.4
14144400,201287590.0
14148000,248776376.4
14151600,212118421.0
14155200,245050588.6
14158800,222419189.1
14162400,203139696.4
14166000,204962956.4
14169600,218424907.8
14173200,225676531.2
14176800,219003568.4
14180400,200084830.2
14184000,235878841.9
14187600,217253798.2
14191200,232819341.0
14194800,208466749.7
14198400,231057541.9
14202000,221230563.8
14205600,233854173.4
14209200,208940509.3
14212800,244372781.9
14216400,207996729.2
14220000,204892277.4
14223600,238071945.9
14227200,244703807.6
14230800,212386362.7
14234400,229861663.0
14238000,203830864.8
14241600,213327376.9
14245200,242316403.8
14248800,234202820.3
14252400,224370969.6
14256000,217839172.0
14259600,210666727.2
14263200,211441917.1
14266800,238239102.4
14270400,219807177.5
14274000,241132962.4
14277600,226251395.7
14281200,205136947.2
14284800,202419127.0
14288400,246944030.5
14292000,230736769.1
14295600,249594868.0
14299200,223838893.3
14302800,249132878.4
14306400,228603332.6
14310000,211624849.0
14313600,205850864.3
14317200,206518820.1
14320800,237091205.2
14324400,206915663.2
14328000,209357604.6
14331600,219823786.3
14335200,216799775.1
14338800,222935901.4
14342400,205145771.8
14346000,208523381.4
14349600,232069931.9
14353200,239384124.4
14356800,218617984.3
14360400,215329850.3
14364000,244881894.4
14367600,236219672.8
14371200,220335170.7
14374800,209318150.8
14378400,202579211.9
14382000,247198200.2
14385600,221031002.0
14389200,229807211.2
14392800,225677209.4
14396400,244791374.9
14400000,209291633.0
14403600,204675085.5
14407200,202827793.3
14410800,202381838.0
14414400,234135979.1
14418000,223775257.4
14421600,246350705.7
14425200,220568149.9
14428800,243500287.9
14432400,235500008.8
14436000,247118336.6
14439600,224008563.1
14443200,221730559.5
14446800,225603627.4
14450400,226224498.3
14454000,223452551.6
14457600,247927142.2
14461200,242804918.3
14464800,215276706.4
14468400,236016119.9
14472000,242730913.2
14475600,215384526.5
14479200,207840138.1
14482800,203855329.4
14486400,237404563.3
14490000,226710644.6
14493600,222695961.7
14497200,239621344.2
14500800,210938834.2
14504400,215325486.2
14508000,236576874.6
14511600,222996298.2
14515200,229479138.6
14518800,240759424.3
14522400,227756388.5
14526000,240728700.3
14529600,201917695.8
14533200,242424271.4
14536800,205724292.9
14540400,207558713.1
14544000,236401724.6
14547600,210098701.4
14551200,236900422.8
14554800,243358561.1
14558400,210451948.7
14562000,236437988.9
14565600,230664998.8
14569200,225648609.0
14572800,247966763.5
14576400,209222177.4
14580000,210036885.2
14583600,232956034.6
14587200,236955255.5
14590800,218718392.4
14594400,248803984.9
14598000,201760563.0
14601600,216412324.4
14605200,232547967.0
14608800,201967517.2
14612400,206781100.7
14616000,211936968.2
14619600,242967973.1
14623200,245723913.8
14626800,200380380.5
14630400,212309077.9
14634000,230486484.8
14637600,249225679.1
14641200,248965559.5
14644800,230959731.9
14648400,247415898.4
14652000,218688037.8
14655600,211378268.8
14659200,228409164.5
14662800,228004063.6
14666400,214055126.0
14670000,243609955.7
14673600,242281830.2
14677200,232398935.6
14680800,236183426.5
14684400,213337012.5
14688000,206099551.4
14691600,207542637.2
14695200,233395296.5
14698800,216827529.4
14702400,230884262.4
14706000,238766280.8
14709600,236646814.0
14713200,236814177.9
14716800,202995032.3
14720400,211352530.6
14724000,223313973.5
14727600,244947896.0
14731200,227212031.9
14734800,202856848.3
14738400,239724633.1
14742000,238742455.5
14745600,225451060.4
14749200,201287590.0
14752800,248776376.4
14756400,212118421.0
14760000,245050588.6
14763600,222419189.1
14767200,203139696.4
14770800,204962956.4
14774400,218424907.8
14778000,225676531.2
14781600,219003568.4
14785200,200084830.2
14788800,235878841.9
14792400,217253798.2
14796000,232819341.0
14799600,208466749.7
14803200,231057541.9
14806800,221230563.8
14810400,233854173.4
14814000,208940509.3
14817600,244372781.9
14821200,207996729.2
14824800,204892277.4
14828400,238071945.9
14832000,244703807.6
14835600,212386362.7
14839200,229861663.0
14842800,203830864.8
14846400,213327376.9
14850000,242316403.8
14853600,234202820.3
14857200,224370969.6
14860800,217839172.0
14864400,210666727.2
14868000,211441917.1
14871600,238239102.4
14875200,219807177.5
14878800,241132962.4
14882400,226251395.7
14886000,205136947.2
14889600,202419127.0
14893200,246944030.5
14896800,230736769.1
14900400,249594868.0
14904000,223838893.3
14907600,249132878.4
14911200,228603332.6
14914800,211624849.0
14918400,205850864.3
14922000,206518820.1
14925600,237091205.2
14929200,206915663.2
14932800,209357604.6
14936400,219823786.3
14940000,216799775.1
14943600,222935901.4
14947200,205145771.8
14950800,208523381.4
14954400,232069931.9
14958000,239384124.4
14961600,218617984.3
14965200,215329850.3
14968800,244881894.4
14972400,236219672.8
14976000,220335170.7
14979600,209318150.8
14983200,202579211.9
14986800,247198200.2
14990400,221031002.0
14994000,229807211.2
14997600,225677209.4
15001200,244791374.9
15004800,209291633.0
15008400,204675085.5
15012000,202827793.3
15015600,202381838.0
15019200,234135979.1
15022800,223775257.4
15026400,246350705.7
15030000,220568149.9
15033600,243500287.9
15037200,235500008.8
15040800,247118336.6
15044400,224008563.1
15048000,221730559.5
15051600,225603627.4
15055200,226224498.3
15058800,223452551.6
15062400,247927142.2
15066000,242804918.3
15069600,215276706.4
15073200,236016119.9
15076800,242730913.2
15080400,215384526.5
15084000,207840138.1
15087600,203855329.4
15091200,237404563.3
15094800,226710644.6
15098400,222695961.7
15102000,239621344.2
15105600,210938834.2
15109200,215325486.2
15112800,236576874.6
15116400,222996298.2
15120000,201506062.3
15123600,236001809.8
15127200,218810785.6
15130800,229401407.9
15134400,216497334.2
15138000,243246343.6
15141600,242747739.3
15145200,227404964.0
15148800,202170683.4
15152400,226679019.7
15156000,241263390.3
15159600,228313728.5
15163200,210961873.9
15166800,216166883.0
15170400,203252165.4
15174000,218691128.9
15177600,212926368.5
15181200,213030162.5
15184800,223624262.7
15188400,204741655.5
15192000,203157271.7
15195600,240824034.1
15199200,203422409.0
15202800,214881761.5
15206400,239378535.5
15210000,222818619.8
15213600,245508864.9
15217200,227533555.0
15220800,221460876.9
15224400,219952678.7
15228000,203164830.2
15231600,235809586.0
15235200,235996184.1
15238800,237058635.2
15242400,234468659.8
15246000,213020786.8
15249600,200493501.3
15253200,217505067.4
15256800,244808037.8
15260400,237161801.9
15264000,214699315.0
15267600,209217130.2
15271200,208147811.3
15274800,203789501.0
15278400,221848937.0
15282000,213580986.9
15285600,211855269.0
15289200,207327468.1
15292800,223541236.8
15296400,236429392.6
15300000,219569975.9
15303600,207800824.5
15307200,207079618.0
15310800,245225777.1
15314400,217620892.2
15318000,207973075.1
15321600,243593847.7
15325200,240185621.6
15328800,236707744.5
15332400,224608561.1
15336000,220092094.0
15339600,243130053.6
15343200,209041819.9
15346800,246278392.2
15350400,241101811.1
15354000,234328897.9
15357600,223458039.9
15361200,244396951.0
15364800,249117944.9
15368400,201616775.1
15372000,241238639.9
15375600,232965896.5
15379200,222413959.6
15382800,228685975.2
15386400,239895788.1
15390000,231637902.2
15393600,239485192.7
15397200,202977964.4
15400800,219470277.7
15404400,221011705.9
15408000,233203609.5
15411600,231723535.2
15415200,244265162.3
15418800,230575375.6
15422400,230767435.4
15426000,243858085.3
15429600,238343162.8
15433200,237504549.2
15436800,205781094.6
15440400,210204476.3
15444000,205813009.6
15447600,242072989.8
15451200,219078692.2
15454800,222702289.1
15458400,203694372.2
15462000,201258248.5
15465600,248055726.0
15469200,207919726.7
15472800,246682121.1
15476400,211838255.1
15480000,203777698.2
15483600,233627775.8
15487200,204216373.2
15490800,203108379.6
15494400,234758445.0
15498000,200102947.8
15501600,207842864.4
15505200,213727516.0
15508800,215761454.9
15512400,235701800.1
15516000,228589329.2
15519600,225759658.1
15523200,228866497.5
15526800,200247135.7
15530400,217611735.6
15534000,227236735.5
15537600,204603202.7
15541200,213616193.6
15544800,229536400.8
15548400,200231366.2
15552000,201537536.8
15555600,218835358.8
15559200,208275765.5
15562800,215311241.0
15566400,213498724.3
15570000,215360482.5
15573600,229201096.5
15577200,226925926.7
15580800,239533536.3
15584400,218635946.9
15588000,237600462.8
15591600,232628956.0
15595200,227596953.8
15598800,242545989.5
15602400,221262433.0
15606000,228720031.3
15609600,238412697.6
15613200,226975723.4
15616800,249213516.1
15620400,205279258.5
15624000,215050239.4
15627600,218992690.5
15631200,223635796.4
15634800,211128436.0
15638400,216037124.2
15642000,211342545.4
15645600,201087890.0
15649200,200773669.2
15652800,239192492.7
15656400,200932354.5
15660000,245136358.0
15663600,209830236.8
15667200,230451736.4
15670800,226143555.5
15674400,235336516.5
15678000,217659812.0
15681600,237944718.8
15685200,225278785.1
15688800,238288720.1
15692400,218126597.2
15696000,246250877.8
15699600,245054960.8
15703200,227585744.0
15706800,226051252.4
15710400,208951230.9
15714000,230446162.8
15717600,236398008.6
15721200,243797075.5
15724800,245412189.3
15728400,256693540.5
15732000,256429503.3
15735600,229706486.8
15739200,242744634.1
15742800,245930815.3
15746400,227454288.1
15750000,259096997.1
15753600,228271649.0
15757200,244761198.1
15760800,232958751.5
15764400,251087936.8
15768000,242855588.7
15771600,232772789.6
15775200,246720031.1
15778800,224581074.8
15782400,248076649.2
15786000,262609993.8
15789600,256374530.1
15793200,246934875.6
15796800,253580853.8
15800400,263034125.9
15804000,247596385.7
15807600,265534155.8
15811200,247837475.4
15814800,262916891.3
15818400,242638140.3
15822000,228030795.3
15825600,231860754.7
15829200,250587168.8
15832800,241686085.3
15836400,250357765.7
15840000,231832791.8
15843600,266676246.7
15847200,255170447.7
15850800,253781762.9
15854400,239681790.7
15858000,252375186.8
15861600,242462757.5
15865200,269498589.8
15868800,224680740.6
15872400,243418702.6
15876000,254684111.5
15879600,267090910.0
15883200,251575582.9
15886800,250855799.4
15890400,252176445.1
15894000,227576636.8
15897600,232233411.3
15901200,247507114.4
15904800,232065380.9
15908400,245203192.1
15912000,260062591.9
15915600,253175751.9
15919200,221838668.2
15922800,230401488.5
15926400,240156157.5
15930000,265911911.3
15933600,250399569.3
15937200,230914998.7
15940800,237445775.0
15944400,233395969.0
15948000,239269296.4
15951600,263913755.7
15955200,247751238.8
15958800,236245403.3
15962400,252426787.1
15966000,250520181.0
15969600,224448131.5
15973200,238340274.4
15976800,266997621.2
15980400,266140675.6
15984000,233042864.4
15987600,233228664.6
15991200,259016539.9
15994800,240095389.6
15998400,264322795.8
16002000,242609353.2
16005600,244849426.3
16009200,238648093.3
16012800,239085477.1
16016400,242904282.5
16020000,255889247.3
16023600,256497563.4
16027200,236806603.2
16030800,243214897.3
16034400,238885285.6
16038000,223197491.2
16041600,269135097.7
16045200,249814659.1
16048800,242506841.7
16052400,268600529.4
16056000,254432719.7
16059600,244399168.4
16063200,237867323.0
16066800,241574397.3
16070400,230309738.5
16074000,247242495.5
16077600,267875104.4
16081200,229350258.5
16084800,258510239.8
16088400,261869025.1
16092000,265415687.0
16095600,251533153.5
16099200,249679722.4
16102800,258630132.2
16106400,233653432.4
16110000,220411880.8
16113600,233420940.2
16117200,246692732.0
16120800,231257056.6
16124400,265624550.6
16128000,225636927.1
16131600,233317102.2
16135200,243989803.4
16138800,253046716.1
16142400,261797354.6
16146000,251735636.5
16149600,260342030.8
16153200,248621016.8
16156800,244585565.3
16160400,260075683.4
16164000,242052570.0
16167600,222443486.4
16171200,269373014.5
16174800,257462473.9
16178400,248932238.6
16182000,236708329.4
16185600,249667599.6
16189200,265082214.6
16192800,262147257.0
16196400,263420806.7
16200000,225181859.9
16203600,259365530.5
16207200,240298044.7
16210800,235348342.3
16214400,221326016.2
16218000,255522793.8
16221600,262181378.5
16225200,222494390.3
16228800,232281570.2
16232400,267507840.7
16236000,225504019.2
16239600,267898749.4
16243200,237269301.7
16246800,264022409.8
16250400,233801475.4
16254000,255722426.8
16257600,222485787.2
16261200,225362678.1
16264800,262949537.7
16268400,241213973.4
16272000,248126284.3
16275600,256636229.7
16279200,268044149.1
16282800,222956749.2
16286400,225978304.4
16290000,226540007.6
16293600,260136025.8
16297200,228008542.9
16300800,246276512.7
16304400,255429607.6
16308000,269519810.0
16311600,250521758.5
16315200,234579114.9
16318800,247544008.2
16322400,247035529.5
16326000,265025813.5
16329600,245412189.3
16333200,256693540.5
16336800,256429503.3
16340400,229706486.8
16344000,242744634.1
16347600,245930815.3
16351200,227454288.1
16354800,259096997.1
16358400,228271649.0
16362000,244761198.1
16365600,232958751.5
16369200,251087936.8
16372800,242855588.7
16376400,232772789.6
16380000,246720031.1
16383600,224581074.8
16387200,248076649.2
16390800,262609993.8
16394400,256374530.1
16398000,246934875.6
16401600,253580853.8
16405200,263034125.9
16408800,247596385.7
16412400,265534155.8
16416000,247837475.4
16419600,262916891.3
16423200,242638140.3
16426800,228030795.3
16430400,231860754.7
16434000,250587168.8
16437600,241686085.3
16441200,250357765.7
16444800,231832791.8
16448400,266676246.7
16452000,255170447.7
16455600,253781762.9
16459200,239681790.7
16462800,252375186.8
16466400,242462757.5
16470000,269498589.8
16473600,224680740.6
16477200,243418702.6
16480800,254684111.5
16484400,267090910.0
16488000,251575582.9
16491600,250855799.4
16495200,252176445.1
16498800,227576636.8
16502400,232233411.3
16506000,247507114.4
16509600,232065380.9
16513200,245203192.1
16516800,260062591.9
16520400,253175751.9
16524000,221838668.2
16527600,230401488.5
16531200,240156157.5
16534800,265911911.3
16538400,250399569.3
16542000,230914998.7
16545600,237445775.0
16549200,233395969.0
16552800,239269296.4
16556400,263913755.7
16560000,247751238.8
16563600,236245403.3
16567200,252426787.1
16570800,250520181.0
16574400,224448131.5
16578000,238340274.4
16581600,266997621.2
16585200,266140675.6
16588800,233042864.4
16592400,233228664.6
16596000,259016539.9
16599600,240095389.6
16603200,264322795.8
16606800,242609353.2
16610400,244849426.3
16614000,238648093.3
16617600,239085477.1
16621200,242904282.5
16624800,255889247.3
16628400,256497563.4
16632000,236806603.2
16635600,243214897.3
16639200,238885285.6
16642800,223197491.2
16646400,269135097.7
16650000,249814659.1
16653600,242506841.7
16657200,268600529.4
16660800,254432719.7
16664400,244399168.4
16668000,237867323.0
16671600,241574397.3
16675200,230309738.5
16678800,247242495.5
16682400,267875104.4
16686000,229350258.5
16689600,258510239.8
16693200,261869025.1
16696800,265415687.0
16700400,251533153.5
16704000,249679722.4
16707600,258630132.2
16711200,233653432.4
16714800,220411880.8
16718400,233420940.2
16722000,246692732.0
16725600,231257056.6
16729200,265624550.6
16732800,225636927.1
16736400,233317102.2
16740000,243989803.4
16743600,253046716.1
16747200,261797354.6
16750800,251735636.5
16754400,260342030.8
16758000,248621016.8
16761600,244585565.3
16765200,260075683.4
16768800,242052570.0
16772400,222443486.4
16776000,269373014.5
16779600,257462473.9
16783200,248932238.6
16786800,236708329.4
16790400,249667599.6
16794000,265082214.6
16797600,262147257.0
16801200,263420806.7
16804800,225181859.9
16808400,259365530.5
16812000,240298044.7
16815600,235348342.3
16819200,221326016.2
16822800,255522793.8
16826400,262181378.5
16830000,222494390.3
16833600,232281570.2
16837200,267507840.7
16840800,225504019.2
16844400,267898749.4
16848000,237269301.7
16851600,264022409.8
16855200,233801475.4
16858800,255722426.8
16862400,222485787.2
16866000,225362678.1
16869600,262949537.7
16873200,241213973.4
16876800,248126284.3
16880400,256636229.7
16884000,268044149.1
16887600,222956749.2
16891200,225978304.4
16894800,226540007.6
16898400,260136025.8
16902000,228008542.9
16905600,246276512.7
16909200,255429607.6
16912800,269519810.0
16916400,250521758.5
16920000,234579114.9
16923600,247544008.2
16927200,247035529.5
16930800,265025813.5
16934400,247757337.3
16938000,249564923.3
16941600,244951840.3
16945200,243127984.5
16948800,227638455.7
16952400,232927941.3
16956000,256119021.7
16959600,269817370.7
16963200,247765515.6
16966800,252183940.8
16970400,254040335.8
16974000,267640480.8
16977600,238319952.0
16981200,243461089.4
16984800,226426985.4
16988400,223990335.1
16992000,247200406.2
16995600,253615347.9
16999200,262175347.4
17002800,249916237.6
17006400,223120055.9
17010000,256882280.7
17013600,227679272.5
17017200,224255368.6
17020800,222450349.5
17024400,224020159.8
17028000,230664524.9
17031600,239426913.8
17035200,234399119.0
17038800,227485567.1
17042400,251690850.2
17046000,225684545.9
17049600,256724071.4
17053200,264501120.3
17056800,242145515.1
17060400,240404319.6
17064000,240692674.9
17067600,263935094.4
17071200,246360812.6
17074800,226387189.9
17078400,230576806.4
17082000,228412379.4
17085600,237736205.4
17089200,238227934.3
17092800,247583837.7
17096400,226567093.4
17100000,255519386.4
17103600,237749390.5
17107200,252354010.4
17110800,241264151.1
17114400,257866750.9
17118000,232148209.2
17121600,229422209.8
17125200,227636796.0
17128800,269560690.6
17132400,268735958.2
17136000,266105060.0
17139600,242565134.5
17143200,230090055.4
17146800,238778358.1
17150400,257158315.6
17154000,265055039.1
17157600,263022664.7
17161200,268664449.0
17164800,227575257.0
17168400,226157885.9
17172000,229690212.5
17175600,232881454.4
17179200,256408854.7
17182800,231168311.5
17186400,249852109.3
17190000,228704428.0
17193600,248761066.0
17197200,242949138.9
17200800,264146898.6
17204400,220325099.5
17208000,238370558.1
17211600,228136846.1
17215200,223814582.4
17218800,265057531.3
17222400,241394580.9
17226000,247323832.4
17229600,224351867.4
17233200,249444787.1
17236800,240394266.9
17240400,250628896.9
17244000,222017333.8
17247600,222398403.0
17251200,242871123.2
17254800,260976357.8
17258400,254942599.3
17262000,247497238.9
17265600,230046285.2
17269200,251899361.7
17272800,222266475.5
17276400,256037283.3
17280000,241215223.0
17283600,245789553.0
17287200,265564036.8
17290800,257481688.4
17294400,268103744.3
17298000,257868751.8
17301600,241904401.5
17305200,242774858.8
17308800,245579142.5
17312400,231680504.7
17316000,241984334.6
17319600,227210889.4
17323200,246169412.0
17326800,240189761.8
17330400,222748182.3
17334000,238216108.8
17337600,224928798.8
17341200,250498442.5
17344800,231170041.8
17348400,249033320.7
17352000,236525507.4
17355600,257324736.0
17359200,259080337.9
17362800,225956726.3
17366400,216279125.5
17370000,228296184.5
17373600,200761135.8
17377200,227641677.4
17380800,246791210.8
17384400,224088615.1
17388000,216423782.6
17391600,240154084.3
17395200,207173278.3
17398800,203931137.6
17402400,222270396.3
17406000,223275516.8
17409600,236833931.9
17413200,234951860.2
17416800,226654516.3
17420400,210316159.0
17424000,207848362.3
17427600,220111976.0
17431200,221878793.4
17434800,248753173.4
17438400,246337209.6
17442000,215403207.6
17445600,243129130.1
17449200,228011364.1
17452800,227208114.1
17456400,242113979.9
17460000,239398543.5
17463600,226818560.4
17467200,200091519.2
17470800,218507623.3
17474400,221806040.1
17478000,231660125.2
17481600,207338869.8
17485200,228268351.7
17488800,220155842.9
17492400,202699090.4
17496000,206799236.0
17499600,219525482.6
17503200,222877778.2
17506800,216595553.1
17510400,242866633.2
17514000,230357790.8
17517600,209855916.6
17521200,207176054.5
17524800,238368997.5
17528400,232636155.5
17532000,217113994.0
17535600,202830552.0
17539200,220252144.3
17542800,212584263.5
17546400,229057236.5
17550000,240416371.8
17553600,202521684.6
17557200,207437319.3
17560800,224570501.0
17564400,244584732.2
17568000,215651022.2
17571600,214141308.3
17575200,203235605.4
17578800,203025755.2
17582400,228954331.6
17586000,241848149.5
17589600,217369671.5
17593200,217421444.5
17596800,202076346.2
17600400,219565918.7
17604000,243315325.1
17607600,201262972.1
17611200,208568912.0
17614800,241546377.4
17618400,200641542.7
17622000,223334482.0
17625600,241581175.3
17629200,245013287.9
17632800,225352659.4
17636400,241936476.6
17640000,228382838.7
17643600,238698057.5
17647200,215636048.9
17650800,205379623.1
17654400,234729121.0
17658000,237087562.4
17661600,219846530.5
17665200,217329286.7
17668800,202717948.2
17672400,218743320.1
17676000,218342804.1
17679600,214208643.2
17683200,245719433.5
17686800,233007317.1
17690400,221276687.1
17694000,231255014.7
17697600,230006109.0
17701200,249025424.7
17704800,238216547.1
17708400,235945016.1
17712000,244033103.4
17715600,200532515.0
17719200,228576768.5
17722800,248580169.0
17726400,226681491.9
17730000,203135840.1
17733600,228234754.3
17737200,211406328.0
17740800,222028924.9
17744400,204945283.8
17748000,206355787.1
17751600,240081435.0
17755200,212744154.4
17758800,224996423.2
17762400,226149780.5
17766000,200980250.0
17769600,243850679.9
17773200,223005158.0
17776800,248996940.3
17780400,228473745.6
17784000,243715213.4
17787600,212076220.8
17791200,205877969.7
17794800,207570228.8
17798400,202974695.0
17802000,210010297.5
17805600,243412094.4
17809200,238543704.8
17812800,246593537.6
17816400,204037649.9
17820000,203494572.5
17823600,248865251.8
17827200,226085086.0
17830800,239384953.7
17834400,215487714.5
17838000,205925795.4
17841600,224271404.3
17845200,220763885.4
17848800,245792051.8
17852400,207972883.3
17856000,210180395.9
17859600,207504476.8
17863200,247884822.2
17866800,237434066.2
17870400,210322599.0
17874000,233285065.4
17877600,210978173.0
17881200,222465011.5
17884800,247018724.3
17888400,229096986.6
17892000,207386337.8
17895600,231476540.9
17899200,209215136.3
17902800,204144628.1
17906400,210696385.6
17910000,226321804.1
17913600,233335214.1
17917200,222949960.5
17920800,210772931.1
17924400,211013782.9
17928000,244504424.9
17931600,215077645.5
17935200,212503029.8
17938800,244830832.5
17942400,205986387.5
17946000,233259926.3
17949600,216373618.1
17953200,216304713.8
17956800,241274409.9
17960400,227510579.5
17964000,232238881.4
17967600,242256461.1
17971200,229749947.1
17974800,216549325.3
17978400,210570428.8
17982000,231284377.3
17985600,213153075.2
17989200,248782453.2
17992800,208067805.7
17996400,239727123.5
18000000,246221654.8
18003600,223315385.8
18007200,230678255.3
18010800,220524443.0
18014400,248461227.0
18018000,232659996.7
18021600,238570496.0
18025200,220758742.0
18028800,207453535.4
18032400,224715938.8
18036000,242434719.4
18039600,233889296.6
18043200,222296411.5
18046800,224853868.0
18050400,207806407.1
18054000,234893271.2
18057600,210234590.0
18061200,233868730.5
18064800,206225416.2
18068400,229773575.4
18072000,238645913.8
18075600,228979073.5
18079200,234196707.7
18082800,221365146.6
18086400,213840276.7
18090000,248902019.3
18093600,248245864.2
18097200,236402698.6
18100800,236238865.2
18104400,232248229.3
18108000,204292486.1
18111600,226395211.3
18115200,242577137.1
18118800,210499301.8
18122400,241336978.1
18126000,210320478.5
18129600,223774781.4
18133200,214996434.7
18136800,217248494.3
18140400,246397496.9
18144000,218507967.5
18147600,232878081.7
18151200,243678246.1
18154800,214743778.2
18158400,213641252.3
18162000,204044550.3
18165600,209317291.5
18169200,238000467.6
18172800,245480450.9
18176400,232231145.1
18180000,225872465.3
18183600,235079752.4
18187200,202253710.0
18190800,244512568.6
18194400,233630988.0
18198000,208243650.3
18201600,225128224.2
18205200,226590972.5
18208800,231200126.9
18212400,248228424.9
18216000,228458709.7
18219600,228883597.7
18223200,246874389.3
18226800,203078010.6
18230400,232949831.8
18234000,204969905.2
18237600,230433443.3
18241200,240217614.1
18244800,201615768.5
18248400,226096647.6
18252000,214882397.5
18255600,233032408.3
18259200,229885867.8
18262800,203077443.8
18266400,244558190.6
18270000,247666706.6
18273600,209043810.3
18277200,203677262.4
18280800,249401587.0
18284400,221395298.4
18288000,237949120.1
18291600,246158302.1
18295200,243605787.4
18298800,248168230.6
18302400,214838014.6
18306000,235501934.9
18309600,245054889.4
18313200,243710033.8
18316800,241430065.8
18320400,201760471.1
18324000,245306790.3
18327600,231396625.2
18331200,228629803.9
18334800,236909348.1
18338400,225411076.5
18342000,243241329.9
18345600,207011918.5
18349200,232856797.8
18352800,229649687.9
18356400,225668331.4
18360000,212230995.7
18363600,248675281.3
18367200,245810715.0
18370800,232600477.5
18374400,205525092.2
18378000,225731323.7
18381600,224052630.0
18385200,203408593.7
18388800,219442157.2
18392400,240260160.8
18396000,239332781.9
18399600,205998861.4
18403200,220598819.7
18406800,239903338.0
18410400,212636003.0
18414000,229373966.9
18417600,201836671.4
18421200,234081506.3
18424800,241340996.2
18428400,234995531.6
18432000,217588599.8
18435600,224457370.4
18439200,214206351.1
18442800,213298527.2
18446400,238246322.9
18450000,229218966.5
18453600,226927823.1
18457200,249533739.0
18460800,238457899.3
18464400,229304903.9
18468000,239542662.9
18471600,227446242.8
18475200,203820996.5
18478800,223715826.7
18482400,242486374.8
18486000,220153968.1
18489600,211839878.5
18493200,227074427.1
18496800,218445360.1
18500400,237926075.8
18504000,238451847.4
18507600,217315418.6
18511200,248372645.8
18514800,217790356.0
18518400,209659722.1
18522000,204552793.7
18525600,215661741.2
18529200,247917189.6
18532800,231923214.0
18536400,210407000.5
18540000,216656107.7
18543600,217150784.5
18547200,244742147.0
18550800,225208002.2
18554400,228111171.9
18558000,239467227.5
18561600,217546415.7
18565200,211009001.3
18568800,241141609.0
18572400,203802097.1
18576000,204109283.9
18579600,215485807.6
18583200,242774779.1
18586800,223714866.9
18590400,216211856.9
18594000,223002190.8
18597600,233708730.4
18601200,228703093.5
18604800,242141261.8
18608400,203791076.4
18612000,212992494.5
18615600,234377953.3
18619200,221624963.7
18622800,216186323.7
18626400,202303602.3
18630000,215517654.6
18633600,221331136.6
18637200,230778593.9
18640800,212150732.7
18644400,242235830.0
18648000,244139869.4
18651600,246412806.8
18655200,228131687.7
18658800,215149284.2
18662400,238507340.7
18666000,225361009.9
18669600,230629258.0
18673200,234328820.9
18676800,204195272.1
18680400,235705387.6
18684000,214918948.5
18687600,211659568.9
18691200,215872207.7
18694800,214100915.9
18698400,212528186.5
18702000,206177232.2
18705600,233407206.3
18709200,213919538.1
18712800,212378416.7
18716400,228438373.7
18720000,202567386.4
18723600,241158293.7
18727200,201847272.3
18730800,213358536.0
18734400,215109493.4
18738000,233115227.1
18741600,231287873.7
18745200,235617033.5
18748800,213791729.2
18752400,249804240.7
18756000,215022314.5
18759600,225063268.2
18763200,206616118.2
18766800,244877995.0
18770400,211897075.0
18774000,203354505.3
18777600,218281193.2
18781200,249450278.2
18784800,210601227.7
18788400,214376731.8
18792000,225229465.7
18795600,231528416.7
18799200,219659165.1
18802800,233998026.1
18806400,206501676.4
18810000,203511909.2
18813600,202269183.5
18817200,227696397.9
18820800,244540809.3
18824400,229289686.8
18828000,226577297.1
18831600,232202009.1
18835200,220375333.6
18838800,213068734.6
18842400,230460513.9
18846000,231639315.2
18849600,237963632.0
18853200,211694703.9
18856800,214436267.0
18860400,201134891.7
18864000,214571857.8
18867600,217704130.7
18871200,232481515.6
18874800,230380085.0
18878400,237808396.2
18882000,244218177.6
18885600,244775134.6
18889200,203903805.0
18892800,226293556.8
18896400,202257271.3
18900000,239830630.4
18903600,215741555.6
18907200,211775367.1
18910800,213371878.6
18914400,207119191.2
18918000,209692604.1
18921600,241669278.1
18925200,237255213.2
18928800,237192726.9
18932400,213297116.0
18936000,205670916.3
18939600,202449035.6
18943200,213805978.9
18946800,232867983.1
18950400,231335049.3
18954000,228705400.9
18957600,210017917.2
18961200,220468702.2
18964800,214215686.0
18968400,241704135.3
18972000,237867584.1
18975600,243295394.4
18979200,220846733.5
18982800,237125675.9
18986400,203496774.4
18990000,247922697.1
18993600,234359537.3
18997200,213001523.2
19000800,236781288.8
19004400,223930919.8
19008000,243568746.4
19011600,216127633.2
19015200,228051164.3
19018800,212292501.8
19022400,206724420.4
19026000,211880575.6
19029600,218183646.6
19033200,234404425.6
19036800,201950975.6
19040400,234436699.2
19044000,213040884.1
19047600,242829466.4
19051200,227305713.4
19054800,223024935.5
19058400,207633297.0
19062000,212789427.4
19065600,219582290.3
19069200,248230325.6
19072800,225971194.2
19076400,206044192.8
19080000,245744734.3
19083600,222830366.1
19087200,245234138.2
19090800,214595012.9
19094400,239109441.6
19098000,202795346.3
19101600,210652189.9
19105200,238827202.2
19108800,234840507.6
19112400,245394135.8
19116000,230444136.6
19119600,227227839.4
19123200,237655887.2
19126800,243862955.4
19130400,244688680.6
19134000,242791572.5
19137600,234162213.9
19141200,220380722.8
19144800,202392764.6
19148400,211921386.9
19152000,200697959.3
19155600,219084996.7
19159200,245356148.3
19162800,215179781.6
19166400,243366495.2
19170000,207358634.0
19173600,215495630.0
19177200,220912201.3
19180800,210508785.1
19184400,238372743.4
19188000,212127286.2
19191600,244307063.0
19195200,214877157.1
19198800,209533897.7
19202400,236205974.4
19206000,247840518.4
19209600,245073351.5
19213200,235029222.4
19216800,240673602.8
19220400,243321234.7
19224000,244410657.7
19227600,211522565.1
19231200,231323776.8
19234800,212197112.9
19238400,222134006.2
19242000,239139279.1
19245600,235791466.8
19249200,212231670.2
19252800,236891614.6
19256400,245390593.4
19260000,242111623.9
19263600,248573311.0
19267200,207142974.6
19270800,242845599.9
19274400,238102589.2
19278000,238013077.6
19281600,222970905.9
19285200,219204201.0
19288800,205371434.1
19292400,222773590.5
19296000,207362325.9
19299600,214679577.4
19303200,219020874.6
19306800,246227324.0
19310400,209673394.2
19314000,232752526.9
19317600,219711434.7
19321200,209674301.7
19324800,201586767.6
19328400,240091113.9
19332000,215666266.3
19335600,237347118.0
19339200,229531713.8
19342800,214821433.0
19346400,240775162.1
19350000,244625625.5
19353600,260941440.6
19357200,230323319.6
19360800,252728342.4
19364400,248800653.9
19368000,248185638.4
19371600,235733874.3
19375200,227283191.0
19378800,226510842.4
19382400,262133335.3
19386000,243730584.5
19389600,231584867.5
19393200,259052102.6
19396800,254121218.2
19400400,228060928.2
19404000,227059685.8
19407600,253437141.5
19411200,252936644.2
19414800,252190296.8
19418400,229339398.1
19422000,261104923.2
19425600,250687303.8
19429200,266611099.5
19432800,253070808.0
19436400,232460158.2
19440000,222334610.1
19443600,221857026.9
19447200,255913462.2
19450800,232170904.9
19454400,227283815.8
19458000,222197757.6
19461600,260441522.7
19465200,262036187.4
19468800,231475851.5
19472400,257391952.3
19476000,234097346.9
19479600,236912575.7
19483200,236460308.9
19486800,223331720.3
19490400,223857672.7
19494000,244741581.5
19497600,238804833.5
19501200,240829332.4
19504800,250984258.9
19508400,253176476.4
19512000,251775455.7
19515600,237010081.9
19519200,257237762.1
19522800,254775280.0
19526400,249328852.3
19530000,264137113.5
19533600,267860459.6
19537200,263003958.4
19540800,236018117.2
19544400,253179399.2
19548000,265281632.3
19551600,254270560.3
19555200,269956237.9
19558800,244969701.6
19562400,233644985.9
19566000,254670516.7
19569600,269750626.4
19573200,230518880.4
19576800,240786536.7
19580400,228100375.4
19584000,232486098.9
19587600,239685384.1
19591200,237008333.0
19594800,266426244.2
19598400,242636192.7
19602000,246328328.8
19605600,245057706.3
19609200,260516319.1
19612800,260241910.0
19616400,225891041.6
19620000,250917511.4
19623600,258636376.1
19627200,234241922.7
19630800,233456011.9
19634400,243305812.7
19638000,238562516.2
19641600,243962033.3
19645200,241910384.3
19648800,232761309.8
19652400,227056882.2
19656000,233308598.0
19659600,237424186.1
19663200,232626098.3
19666800,220885901.4
19670400,242537374.5
19674000,265229084.8
19677600,252853249.2
19681200,227171619.0
19684800,232924841.8
19688400,259563235.8
19692000,256368994.5
19695600,261155926.3
19699200,266815138.6
19702800,229558579.6
19706400,246347183.0
19710000,234030498.0
19713600,240419371.3
19717200,231992645.4
19720800,237877779.1
19724400,228216049.6
19728000,220126484.7
19731600,240332901.4
19735200,233980883.4
19738800,228863776.0
19742400,249282898.9
19746000,256075909.4
19749600,256063045.7
19753200,245429306.0
19756800,236296291.5
19760400,242741894.9
19764000,234844029.9
19767600,254151342.7
19771200,266236407.2
19774800,234587282.6
19778400,243799711.8
19782000,239577217.1
19785600,235944794.2
19789200,240009291.4
19792800,263879627.0
19796400,267658018.9
19800000,220219171.9
19803600,250071407.0
19807200,259278880.8
19810800,251925331.3
19814400,225850739.5
19818000,255525638.2
19821600,224887486.9
19825200,249238280.4
19828800,262378238.6
19832400,231536268.5
19836000,229799395.6
19839600,221891407.9
19843200,261377335.0
19846800,221413083.7
19850400,238361930.6
19854000,228740573.3
19857600,245203650.5
19861200,244799309.9
19864800,263244071.7
19868400,248556979.2
19872000,228550779.1
19875600,265417650.1
19879200,253181886.3
19882800,245134449.6
19886400,261104248.5
19890000,234384841.9
19893600,264048254.9
19897200,246571906.9
19900800,224629682.2
19904400,244177213.3
19908000,236089857.6
19911600,247154032.3
19915200,267835193.8
19918800,238376208.9
19922400,221323034.2
19926000,256975526.9
19929600,236244248.4
19933200,253264326.7
19936800,244892314.7
19940400,262884258.6
19944000,257431598.3
19947600,239895791.0
19951200,245705717.8
19954800,249187816.4
19958400,221018079.9
19962000,223043190.1
19965600,226775132.2
19969200,241421140.3
19972800,249918504.6
19976400,219120272.9
19980000,209503999.1
19983600,249619566.7
19987200,233996840.2
19990800,246744801.2
19994400,231820508.8
19998000,232435231.1
20001600,219130585.9
20005200,201393680.3
20008800,229653318.8
20012400,236565261.5
20016000,232656214.7
20019600,203098079.8
20023200,207652039.5
20026800,237782689.6
20030400,224791660.9
20034000,219218454.0
20037600,214415891.1
20041200,209318323.2
20044800,247366878.9
20048400,219902819.5
20052000,206957584.1
20055600,227068633.1
20059200,201525819.8
20062800,227422502.2
20066400,219829430.9
20070000,238047280.8
20073600,208139229.1
20077200,223405006.0
20080800,229682232.9
20084400,204266718.8
20088000,224857038.0
20091600,238844937.9
20095200,206690896.1
20098800,235009746.8
20102400,241536555.7
20106000,225657391.7
20109600,200240690.5
20113200,217835596.0
20116800,248651086.4
20120400,207232881.4
20124000,238738287.1
20127600,218048964.9
20131200,214078907.5
20134800,227170475.2
20138400,220361929.6
20142000,246015193.0
20145600,217844965.4
20149200,205625461.7
20152800,212754194.9
20156400,207783856.1
20160000,240655544.0
20163600,231481941.4
20167200,232968715.4
20170800,233205880.2
20174400,227363851.3
20178000,214297452.2
20181600,204865657.9
20185200,241560921.0
20188800,215751021.8
20192400,229939178.3
20196000,223438384.8
20199600,232910566.9
20203200,213049994.8
20206800,214226522.1
20210400,234552831.8
20214000,248673929.5
20217600,214127907.5
20221200,242699650.6
20224800,245066399.1
20228400,241887708.1
20232000,237613987.1
20235600,212956564.0
20239200,247356924.5
20242800,242356615.9
20246400,242118734.8
20250000,238857817.2
20253600,223687766.5
20257200,242558276.3
20260800,246459221.1
20264400,201212182.3
20268000,236454365.3
20271600,223315986.5
20275200,229559688.3
20278800,249224885.6
20282400,242350374.6
20286000,248834861.2
20289600,217242760.5
20293200,213868162.5
20296800,215820362.1
20300400,216824441.4
20304000,227404995.5
20307600,214260287.0
20311200,245792962.2
20314800,233534164.9
20318400,239274558.8
20322000,209150269.0
20325600,207044292.4
20329200,202787232.5
20332800,230918674.5
20336400,229497069.5
20340000,218751801.9
20343600,201130911.2
20347200,207962559.1
20350800,225338644.0
20354400,239358603.0
20358000,238101879.5
20361600,246716239.0
20365200,239758997.9
20368800,222713069.5
20372400,217219934.2
20376000,206642990.2
20379600,228061687.6
20383200,210380762.4
20386800,205900333.1
20390400,238382733.2
20394000,222862764.1
20397600,236292155.1
20401200,205336278.5
20404800,221957058.3
20408400,227869400.5
20412000,242779184.1
20415600,245596467.7
20419200,217566515.1
20422800,218618121.8
20426400,205111773.1
20430000,232879659.5
20433600,210940492.9
20437200,243321565.8
20440800,219670244.5
20444400,222694249.6
20448000,209087688.0
20451600,203371926.5
20455200,239227669.2
20458800,240093349.1
20462400,223170947.7
20466000,242621131.5
20469600,231282399.7
20473200,209024549.9
20476800,201503510.5
20480400,206488924.6
20484000,215780304.8
20487600,236576728.9
20491200,238649015.9
20494800,207428438.3
20498400,239789979.2
20502000,208267263.9
20505600,235855145.8
20509200,203927841.7
20512800,219693299.0
20516400,240791497.2
20520000,226498763.6
20523600,247367822.6
20527200,215834038.4
20530800,228908270.3
20534400,209511454.8
20538000,219613055.6
20541600,249937814.2
20545200,217184411.5
20548800,245428541.0
20552400,234883317.0
20556000,201488511.8
20559600,224063856.1
20563200,220252144.3
20566800,212584263.5
20570400,229057236.5
20574000,240416371.8
20577600,202521684.6
20581200,207437319.3
20584800,224570501.0
20588400,244584732.2
20592000,215651022.2
20595600,214141308.3
20599200,203235605.4
20602800,203025755.2
20606400,228954331.6
20610000,241848149.5
20613600,217369671.5
20617200,217421444.5
20620800,202076346.2
20624400,219565918.7
20628000,243315325.1
20631600,201262972.1
20635200,208568912.0
20638800,241546377.4
20642400,200641542.7
20646000,223334482.0
20649600,241581175.3
20653200,245013287.9
20656800,225352659.4
20660400,241936476.6
20664000,228382838.7
20667600,238698057.5
20671200,215636048.9
20674800,205379623.1
20678400,234729121.0
20682000,237087562.4
20685600,219846530.5
20689200,217329286.7
20692800,202717948.2
20696400,218743320.1
20700000,218342804.1
20703600,214208643.2
20707200,245719433.5
20710800,233007317.1
20714400,221276687.1
20718000,231255014.7
20721600,230006109.0
20725200,249025424.7
20728800,238216547.1
20732400,235945016.1
20736000,244033103.4
20739600,200532515.0
20743200,228576768.5
20746800,248580169.0
20750400,226681491.9
20754000,203135840.1
20757600,228234754.3
20761200,211406328.0
20764800,222028924.9
20768400,204945283.8
20772000,206355787.1
20775600,240081435.0
20779200,212744154.4
20782800,224996423.2
20786400,226149780.5
20790000,200980250.0
20793600,243850679.9
20797200,223005158.0
20800800,248996940.3
20804400,228473745.6
20808000,243715213.4
20811600,212076220.8
20815200,205877969.7
20818800,207570228.8
20822400,202974695.0
20826000,210010297.5
20829600,243412094.4
20833200,238543704.8
20836800,246593537.6
20840400,204037649.9
20844000,203494572.5
20847600,248865251.8
20851200,226085086.0
20854800,239384953.7
20858400,215487714.5
20862000,205925795.4
20865600,224271404.3
20869200,220763885.4
20872800,245792051.8
20876400,207972883.3
20880000,210180395.9
20883600,207504476.8
20887200,247884822.2
20890800,237434066.2
20894400,210322599.0
20898000,233285065.4
20901600,210978173.0
20905200,222465011.5
20908800,247018724.3
20912400,229096986.6
20916000,207386337.8
20919600,231476540.9
20923200,209215136.3
20926800,204144628.1
20930400,210696385.6
20934000,226321804.1
20937600,233335214.1
20941200,222949960.5
20944800,210772931.1
20948400,211013782.9
20952000,244504424.9
20955600,215077645.5
20959200,212503029.8
20962800,244830832.5
20966400,205986387.5
20970000,233259926.3
20973600,216373618.1
20977200,216304713.8
20980800,241274409.9
20984400,227510579.5
20988000,232238881.4
20991600,242256461.1
20995200,229749947.1
20998800,216549325.3
21002400,210570428.8
21006000,231284377.3
21009600,213153075.2
21013200,248782453.2
21016800,208067805.7
21020400,239727123.5
21024000,246221654.8
21027600,223315385.8
21031200,230678255.3
21034800,220524443.0
21038400,248461227.0
21042000,232659996.7
21045600,238570496.0
21049200,220758742.0
21052800,207453535.4
21056400,224715938.8
21060000,242434719.4
21063600,233889296.6
21067200,222296411.5
21070800,224853868.0
21074400,207806407.1
21078000,234893271.2
21081600,210234590.0
21085200,233868730.5
21088800,206225416.2
21092400,229773575.4
21096000,238645913.8
21099600,228979073.5
21103200,234196707.7
21106800,221365146.6
21110400,213840276.7
21114000,248902019.3
21117600,248245864.2
21121200,236402698.6
21124800,236238865.2
21128400,232248229.3
21132000,204292486.1
21135600,226395211.3
21139200,242577137.1
21142800,210499301.8
21146400,241336978.1
21150000,210320478.5
21153600,223774781.4
21157200,214996434.7
21160800,217248494.3
21164400,246397496.9
21168000,238882671.0
21171600,237861866.8
21175200,238257257.3
21178800,232211039.4
21182400,253765767.5
21186000,239012743.7
21189600,231510097.3
21193200,240082746.5
21196800,255870922.5
21200400,234555836.7
21204000,239286373.1
21207600,245926134.5
21211200,246179685.2
21214800,253834935.1
21218400,231823030.5
21222000,255280481.7
21225600,257931179.9
21229200,252777776.1
21232800,233550667.9
21236400,233778926.9
21240000,239000048.0
21243600,241300638.9
21247200,249686526.4
21250800,255400512.1
21254400,253355256.9
21258000,250964902.2
21261600,244361867.0
21265200,241765450.6
21268800,246475628.1
21272400,247850841.7
21276000,231788627.3
21279600,257576310.8
21283200,244477425.8
21286800,232207503.6
21290400,240284156.8
21294000,246221474.4
21297600,248152641.4
21301200,253303535.8
21304800,249844463.2
21308400,249671404.9
21312000,247334601.5
21315600,238623374.9
21319200,253319594.0
21322800,245649323.5
21326400,244118129.6
21330000,233708081.7
21333600,255255581.1
21337200,234660549.0
21340800,252999187.4
21344400,231440526.7
21348000,252907704.9
21351600,240515244.7
21355200,243796433.2
21358800,231456067.2
21362400,238799114.8
21366000,252360391.6
21369600,257780858.5
21373200,252579535.9
21376800,234356398.0
21380400,240409502.6
21384000,256812513.3
21387600,234253093.5
21391200,255535649.9
21394800,244326035.4
21398400,257780006.3
21402000,246242283.2
21405600,245843019.9
21409200,255262267.4
21412800,235389372.1
21416400,238285074.4
21420000,234689255.9
21423600,253523262.1
21427200,248407587.3
21430800,248931594.0
21434400,251939088.4
21438000,233550735.0
21441600,259219291.3
21445200,233734018.5
21448800,257051389.3
21452400,232376207.8
21456000,256223282.1
21459600,248145805.7
21463200,255426507.9
21466800,251455342.1
21470400,258796534.3
21474000,235808682.2
21477600,232254320.2
21481200,232523969.8
21484800,258831784.2
21488400,258957240.1
21492000,257968458.3
21495600,250607205.2
21499200,234148797.4
21502800,249432492.3
21506400,242224775.2
21510000,251105084.4
21513600,236741266.6
21517200,259867994.8
21520800,233041555.4
21524400,254543369.9
21528000,250575233.5
21531600,241855096.6
21535200,256742053.0
21538800,241467886.0
21542400,243379588.9
21546000,256171552.3
21549600,256550881.2
21553200,236233637.5
21556800,253875278.7
21560400,250742899.0
21564000,248605288.1
21567600,242141520.9
21571200,234381831.4
21574800,231394931.0
21578400,237370487.5
21582000,235189372.6
21585600,237804158.0
21589200,258700204.5
21592800,248267736.0
21596400,248256763.9
21600000,237517381.6
21603600,253550039.1
21607200,230338550.6
21610800,233704204.7
21614400,249307908.1
21618000,257044753.0
21621600,241558008.5
21625200,253019476.7
21628800,256643887.7
21632400,232278965.7
21636000,240578452.4
21639600,258919881.6
21643200,246822046.8
21646800,255486658.9
21650400,255553431.9
21654000,251716277.0
21657600,258378024.6
21661200,250900587.2
21664800,232016335.6
21668400,238701719.1
21672000,235915558.1
21675600,234721420.2
21679200,238883384.1
21682800,237724334.0
21686400,236490447.1
21690000,245780778.3
21693600,239626696.7
21697200,238540442.9
21700800,232294701.0
21704400,256552701.7
21708000,234127880.3
21711600,249987554.7
21715200,230038104.9
21718800,256700707.9
21722400,244949828.6
21726000,258121299.5
21729600,230508714.3
21733200,250918151.9
21736800,253349585.6
21740400,249574653.7
21744000,246547516.7
21747600,245521938.2
21751200,242148882.9
21754800,246218455.5
21758400,238209551.6
21762000,234656853.5
21765600,256473875.1
21769200,235639114.5
21772800,241743058.9
21776400,246742333.5
21780000,259596623.2
21783600,253508691.2
21787200,232646673.3
21790800,241354929.9
21794400,253085138.5
21798000,235982226.3
21801600,240592275.0
21805200,236530355.0
21808800,230099154.5
21812400,235748753.3
21816000,243507156.1
21819600,250454867.6
21823200,244041994.4
21826800,233851270.6
21830400,254110528.6
21834000,232279189.0
21837600,233692342.9
21841200,256131721.9
21844800,250563189.2
21848400,245357226.4
21852000,248494973.6
21855600,254976410.0
21859200,230317044.7
21862800,245660204.6
21866400,241515762.6
21870000,231762667.0
21873600,251429135.6
21877200,253343468.5
21880800,251499492.1
21884400,233595511.3
21888000,239708887.2
21891600,255985512.3
21895200,250255059.6
21898800,237179474.9
21902400,230854239.3
21906000,237915693.6
21909600,252456727.5
21913200,242924549.0
21916800,258505492.7
21920400,232534520.7
21924000,230492854.0
21927600,248438297.7
21931200,236405484.8
21934800,252609809.6
21938400,251361598.4
21942000,242195885.8
21945600,237287932.2
21949200,245879350.3
21952800,253771183.2
21956400,253146269.6
21960000,241188561.0
21963600,243080044.0
21967200,259600552.6
21970800,256885770.8
21974400,252063959.4
21978000,236621337.4
21981600,232074090.1
21985200,232657687.6
21988800,237872912.2
21992400,234543729.6
21996000,240924190.7
21999600,250431320.7
22003200,233063855.0
22006800,256612344.5
22010400,244017256.0
22014000,246046338.9
22017600,232433548.1
22021200,234156615.1
22024800,230962497.5
22028400,238202596.2
22032000,252818503.9
22035600,258161914.2
22039200,230459488.7
22042800,231928834.8
22046400,250018744.4
22050000,246883770.7
22053600,237095448.4
22057200,256780281.7
22060800,243848260.9
22064400,248155513.3
22068000,239435040.2
22071600,234046134.0
22075200,257843680.4
22078800,258737333.4
22082400,259678143.7
22086000,236680212.8
22089600,241038810.8
22093200,251395049.5
22096800,230877980.9
22100400,247892113.3
22104000,240429641.9
22107600,243349856.2
22111200,234383086.2
22114800,235301092.2
22118400,247486744.2
22122000,242573369.7
22125600,239078440.8
22129200,243649135.2
22132800,242116686.5
22136400,256768512.7
22140000,242617710.4
22143600,252228098.0
22147200,238024050.8
22150800,237327423.0
22154400,234960809.3
22158000,248214982.6
22161600,248452157.1
22165200,257825298.2
22168800,258746655.1
22172400,254054247.8
22176000,248379649.6
22179600,256652132.7
22183200,245566408.5
22186800,243899927.4
22190400,237386065.2
22194000,252739489.6
22197600,247845879.1
22201200,230146182.7
22204800,249595939.6
22208400,258659935.1
22212000,244962116.1
22215600,248138032.6
22219200,251405101.3
22222800,231889303.1
22226400,235473196.9
22230000,256340539.0
22233600,253569171.6
22237200,258161160.5
22240800,239006338.1
22244400,255716195.1
22248000,254531785.1
22251600,254912341.5
22255200,243063517.0
22258800,246217534.6
22262400,257407914.1
22266000,247931683.7
22269600,230206131.9
22273200,238170155.3
22276800,234124003.2
22280400,251260985.6
22284000,231245211.1
22287600,243102325.1
22291200,250410704.3
22294800,246552242.4
22298400,235338206.1
22302000,232566359.7
22305600,235603159.3
22309200,241062931.7
22312800,257932691.2
22316400,250899153.7
22320000,234990284.5
22323600,253205021.6
22327200,242396069.9
22330800,251258402.3
22334400,239964123.8
22338000,246531750.1
22341600,259894045.7
22345200,250015463.4
22348800,256668508.6
22352400,240747736.0
22356000,243020451.1
22359600,251991476.7
22363200,259835866.7
22366800,244299356.4
22370400,239946754.0
22374000,248160335.0
22377600,243074111.4
22381200,240891610.4
22384800,256430715.4
22388400,254037276.6
22392000,230178618.5
22395600,247686401.9
22399200,242203443.2
22402800,230928317.3
22406400,242971484.9
22410000,242396363.4
22413600,256563514.7
22417200,236802490.4
22420800,259240399.0
22424400,245295461.1
22428000,254645641.0
22431600,236109055.6
22435200,235757927.5
22438800,256694616.9
22442400,251975115.7
22446000,252567831.9
22449600,242117038.0
22453200,251653491.4
22456800,242505094.0
22460400,259597717.5
22464000,246171587.5
22467600,242711222.0
22471200,232129346.7
22474800,255371052.4
22478400,249724116.1
22482000,241019134.1
22485600,250991333.2
22489200,238207308.6
22492800,234348485.4
22496400,239142494.2
22500000,233357477.2
22503600,259496170.2
22507200,254324471.3
22510800,244032959.0
22514400,241412309.8
22518000,250773670.6
22521600,233143301.9
22525200,230851797.8
22528800,235973866.3
22532400,237905081.9
22536000,259621504.9
22539600,236199252.8
22543200,231605672.4
22546800,232584296.2
22550400,240742512.8
22554000,255037931.3
22557600,230870939.4
22561200,233984372.8
22564800,235590725.0
22568400,258515364.1
22572000,259906632.3
22575600,258516090.9
22579200,258782346.2
22582800,236802615.2
22586400,237814244.2
22590000,241510146.8
22593600,256268665.5
22597200,258773068.4
22600800,248920100.6
22604400,238358670.7
22608000,232790489.4
22611600,236068433.5
22615200,252307301.5
22618800,250450781.9
22622400,245882909.6
22626000,255123391.8
22629600,243988919.7
22633200,239671212.8
22636800,247617661.0
22640400,249186291.6
22644000,230524618.7
22647600,231102128.4
22651200,231654123.7
22654800,231919507.5
22658400,232141201.5
22662000,258943260.0
22665600,232494687.5
22669200,243657938.0
22672800,258685866.4
22676400,245259077.3
22680000,236309252.7
22683600,259953589.5
22687200,259097318.2
22690800,250194445.1
22694400,232295168.0
22698000,236350804.3
22701600,231372732.5
22705200,245171313.4
22708800,258504785.5
22712400,247326833.8
22716000,243183389.4
22719600,248060122.7
22723200,236436393.2
22726800,250177006.1
22730400,239715739.3
22734000,249024284.2
22737600,240667421.4
22741200,234577460.7
22744800,232534571.0
22748400,252163984.5
22752000,255122390.2
22755600,241024220.8
22759200,233811442.6
22762800,232199852.0
22766400,256766520.0
22770000,237044187.7
22773600,253016002.7
22777200,244611846.1
22780800,253892834.2
22784400,239258138.5
22788000,245257802.8
22791600,254213675.0
22795200,252509393.6
22798800,255852523.2
22802400,246598855.6
22806000,253869275.6
22809600,258495815.2
22813200,252375125.0
22816800,231859489.7
22820400,235710547.7
22824000,252393518.8
22827600,233276741.9
22831200,259302155.1
22834800,253199766.2
22838400,259828970.3
22842000,239518158.5
22845600,252019224.2
22849200,254465613.2
22852800,242462357.1
22856400,243399454.4
22860000,247285308.6
22863600,252880264.5
22867200,248568197.8
22870800,239443481.4
22874400,254047830.3
22878000,252896815.2
22881600,237372039.6
22885200,245224203.3
22888800,234410579.0
22892400,233890960.0
22896000,249819638.5
22899600,232196936.1
22903200,236046924.2
22906800,255522417.7
22910400,247873864.2
22914000,250319365.8
22917600,258948636.3
22921200,254163256.3
22924800,252531711.3
22928400,253953190.1
22932000,238216198.2
22935600,242386217.6
22939200,238202674.4
22942800,236445630.2
22946400,238538325.9
22950000,250536054.9
22953600,243042819.3
22957200,246792862.1
22960800,236021946.2
22964400,248297174.7
22968000,253660858.8
22971600,231842886.5
22975200,259669528.0
22978800,248646015.0
22982400,242968150.9
22986000,210868252.6
22989600,205767783.5
22993200,204293575.4
22996800,207731628.9
23000400,240109003.3
23004000,248223611.7
23007600,209839606.9
23011200,238902479.5
23014800,201324142.9
23018400,205693943.8
23022000,209331129.2
23025600,246270264.3
23029200,227485496.9
23032800,201558662.9
23036400,243827771.8
23040000,247510616.4
23043600,224140041.8
23047200,221645069.2
23050800,230990384.5
23054400,211512810.2
23058000,235027423.9
23061600,249049625.1
23065200,208175759.9
23068800,231539230.4
23072400,232089562.1
23076000,231826360.4
23079600,249360738.4
23083200,219345698.2
23086800,213086225.7
23090400,222890431.8
23094000,205718712.1
23097600,217905242.8
23101200,239267450.2
23104800,215255775.5
23108400,236533700.0
23112000,232253892.6
23115600,241968278.2
23119200,226030513.2
23122800,219070457.6
23126400,230962262.5
23130000,230238010.9
23133600,226777733.4
23137200,236505582.3
23140800,218815664.2
23144400,206087094.0
23148000,218346115.9
23151600,240538985.8
23155200,244885198.2
23158800,217335713.2
23162400,200795149.6
23166000,201439167.3
23169600,242482113.6
23173200,246977951.5
23176800,238135288.5
23180400,248290132.4
23184000,224635878.9
23187600,227747157.8
23191200,232611858.8
23194800,248656452.9
23198400,245186482.7
23202000,201252236.7
23205600,228716151.1
23209200,236468787.6
23212800,207583515.2
23216400,202474121.2
23220000,226746934.2
23223600,201993401.4
23227200,224998987.3
23230800,210516721.2
23234400,223799536.7
23238000,232702468.7
23241600,202448639.6
23245200,242915667.3
23248800,201975413.3
23252400,232027741.2
23256000,225321727.1
23259600,228855795.6
23263200,243952733.2
23266800,209217672.4
23270400,210072866.9
23274000,206598022.7
23277600,241110338.2
23281200,236767150.1
23284800,244674378.3
23288400,207984244.0
23292000,221114598.9
23295600,231445386.5
23299200,229839065.6
23302800,214786973.4
23306400,239101200.9
23310000,219088611.7
23313600,249238559.6
23317200,210256399.0
23320800,238987514.7
23324400,242250990.1
23328000,242929662.2
23331600,234360329.7
23335200,232985264.5
23338800,245410263.5
23342400,235551635.8
23346000,251758322.2
23349600,231158265.1
23353200,235257405.8
23356800,255459024.3
23360400,254897265.1
23364000,236118847.6
23367600,244625828.7
23371200,246063074.6
23374800,235865070.6
23378400,257425603.0
23382000,238483197.4
23385600,258531452.1
23389200,250495049.9
23392800,248537302.8
23396400,246461955.2
23400000,253338622.9
23403600,236995791.8
23407200,233497285.9
23410800,240602844.9
23414400,232988602.0
23418000,241425108.4
23421600,259339790.5
23425200,248423332.3
23428800,247277674.8
23432400,243491375.4
23436000,243373222.4
23439600,242223268.8
23443200,256957587.2
23446800,242490246.5
23450400,250404674.4
23454000,231078676.5
23457600,235342138.1
23461200,232817264.5
23464800,233755885.9
23468400,235655869.1
23472000,243963223.2
23475600,235153202.1
23479200,245631612.3
23482800,250258735.3
23486400,256066691.6
23490000,252708108.0
23493600,259526952.6
23497200,236595200.7
23500800,235189956.7
23504400,257681839.0
23508000,256968117.8
23511600,241315923.3
23515200,234115956.8
23518800,234267612.0
23522400,230203154.2
23526000,254237891.7
23529600,254744166.1
23533200,257448685.2
23536800,240468281.4
23540400,243699125.2
23544000,249368439.0
23547600,250205125.2
23551200,259277216.6
23554800,248400760.0
23558400,257832495.7
23562000,257845157.4
23565600,259931533.8
23569200,238048808.5
23572800,258384324.1
23576400,233363829.5
23580000,256098930.5
23583600,233285336.2
23587200,244761435.6
23590800,255181097.9
23594400,247357080.6
23598000,238268909.9
23601600,240870284.8
23605200,246030247.7
23608800,258146207.8
23612400,238499371.5
23616000,249194229.8
23619600,231132270.0
23623200,252715935.0
23626800,235622083.6
23630400,245288872.9
23634000,247761085.5
23637600,237171932.5
23641200,244574478.0
23644800,257618596.3
23648400,240875994.6
23652000,231906185.8
23655600,248195415.9
23659200,235223080.5
23662800,248937897.8
23666400,240704536.5
23670000,250732155.6
23673600,231650956.1
23677200,239806337.6
23680800,248384486.8
23684400,259484704.1
23688000,243639841.3
23691600,237599836.1
23695200,231116670.5
23698800,246943099.8
23702400,231371281.2
23706000,258133610.5
23709600,243617602.9
23713200,256089781.8
23716800,257811190.7
23720400,250445656.3
23724000,240717299.6
23727600,254049338.0
23731200,247287746.5
23734800,250407913.9
23738400,247472816.0
23742000,257271854.2
23745600,256950996.8
23749200,243690048.8
23752800,235465048.2
23756400,239835366.5
23760000,230713681.0
23763600,230215115.9
23767200,254105954.8
23770800,237276466.2
23774400,253777057.6
23778000,253969992.5
23781600,236150884.7
23785200,244751243.2
23788800,255501404.3
23792400,248770342.1
23796000,236443465.0
23799600,259183205.1
23803200,246106556.5
23806800,255039218.4
23810400,254466610.8
23814000,246644846.3
23817600,242855842.9
23821200,238769167.0
23824800,254079598.2
23828400,259662936.1
23832000,245251586.7
23835600,235723980.3
23839200,246234825.7
23842800,237460847.4
23846400,241746372.4
23850000,236197898.6
23853600,253573201.7
23857200,244195177.0
23860800,244189577.8
23864400,251545761.9
23868000,233840147.5
23871600,258524077.5
23875200,252045197.9
23878800,248559141.8
23882400,246848899.4
23886000,236832878.9
23889600,256552051.0
23893200,245420957.2
23896800,242559232.0
23900400,253259135.0
23904000,250916413.2
23907600,259708261.2
23911200,247787315.2
23914800,234690025.7
23918400,233923708.7
23922000,235110709.4
23925600,231980588.8
23929200,241258355.0
23932800,251790766.2
23936400,241673109.1
23940000,231080480.3
23943600,230169626.8
23947200,249684838.4
23950800,252579752.6
23954400,232028420.9
23958000,240178135.2
23961600,244921757.2
23965200,239354716.3
23968800,250160558.9
23972400,254251744.9
23976000,250307152.0
23979600,257921696.2
23983200,249167529.1
23986800,247187363.4
23990400,259720321.6
23994000,231636550.2
23997600,232551823.7
24001200,258837519.1
24004800,242162947.8
24008400,250558397.1
24012000,242181221.8
24015600,259849748.1
24019200,255136765.3
24022800,237379768.7
24026400,242494300.8
24030000,241099310.3
24033600,253754033.8
24037200,230963260.1
24040800,253894286.8
24044400,231021680.6
24048000,230553959.3
24051600,243423524.7
24055200,255125478.2
24058800,253879948.9
24062400,258106069.1
24066000,236039367.7
24069600,255880417.6
24073200,237674136.0
24076800,231790442.5
24080400,259060398.6
24084000,231965165.9
24087600,236886231.2
24091200,230992352.0
24094800,233834661.0
24098400,250401043.6
24102000,230848889.5
24105600,255557111.9
24109200,238466655.9
24112800,242659698.5
24116400,249599385.1
24120000,257647853.9
24123600,238770512.7
24127200,259004028.7
24130800,253382435.4
24134400,232589440.9
24138000,235366752.0
24141600,235709111.7
24145200,232975387.2
24148800,257297011.2
24152400,231452741.8
24156000,257300710.5
24159600,233661274.8
24163200,240609899.4
24166800,236953143.4
24170400,246821735.1
24174000,247199269.7
24177600,239083064.3
24181200,253203456.3
24184800,230415939.5
24188400,238014841.9
24192000,200946969.9
24195600,249132659.0
24199200,240130976.3
24202800,228174263.2
24206400,219441451.2
24210000,232626420.7
24213600,249685408.0
24217200,235688291.4
24220800,205118349.2
24224400,222364443.4
24228000,234639739.4
24231600,216647795.7
24235200,246087442.5
24238800,231624549.4
24242400,246609272.6
24246000,221296010.0
24249600,215024481.8
24253200,244451435.3
24256800,200868689.8
24260400,207402756.2
24264000,247958117.8
24267600,235723472.4
24271200,215323336.0
24274800,241404808.4
24278400,240394593.2
24282000,245462753.1
24285600,232140648.7
24289200,231434276.1
24292800,205923554.0
24296400,245948618.1
24300000,231199053.7
24303600,212879245.2
24307200,247565178.2
24310800,202310288.0
24314400,201046357.1
24318000,204402506.4
24321600,225892142.7
24325200,243933189.1
24328800,220108954.7
24332400,228066166.2
24336000,229907792.3
24339600,203752542.8
24343200,219574500.0
24346800,217749256.4
24350400,212239449.6
24354000,205401415.6
24357600,205614460.0
24361200,213360227.3
24364800,213319618.8
24368400,246804064.0
24372000,209308846.4
24375600,225371754.8
24379200,207379710.7
24382800,246035001.7
24386400,246473063.4
24390000,206837570.7
24393600,243578460.5
24397200,200617755.2
24400800,236101805.3
24404400,243929265.0
24408000,219372335.3
24411600,212321522.3
24415200,205586177.7
24418800,242339056.9
24422400,232982950.5
24426000,238983110.1
24429600,217928134.3
24433200,209206770.5
24436800,200508977.9
24440400,204295739.3
24444000,216473360.2
24447600,215041507.7
24451200,225328558.0
24454800,219330264.8
24458400,246864819.3
24462000,207977061.4
24465600,238985496.6
24469200,208873113.8
24472800,240264674.6
24476400,228119190.6
24480000,223503738.3
24483600,217980582.1
24487200,218588720.6
24490800,219143626.8
24494400,212815336.5
24498000,248601895.3
24501600,233028226.2
24505200,225264328.0
24508800,209901036.5
24512400,205219208.4
24516000,244420667.3
24519600,218147998.3
24523200,222685680.3
24526800,203239682.1
24530400,242538106.5
24534000,213971649.0
24537600,245595980.9
24541200,202988508.7
24544800,230798316.2
24548400,228197161.6
24552000,233413490.8
24555600,216772148.5
24559200,201889713.8
24562800,214289261.0
24566400,246562452.6
24570000,239992586.4
24573600,216553736.8
24577200,236870975.5
24580800,228371994.2
24584400,200803183.4
24588000,221275727.7
24591600,201468921.8
24595200,239208833.0
24598800,249040741.9
24602400,234497209.6
24606000,238984268.9
24609600,229898925.5
24613200,214230473.1
24616800,237312740.9
24620400,234693712.4
24624000,222126157.4
24627600,220956415.4
24631200,207538568.8
24634800,227014601.2
24638400,209818013.3
24642000,237459133.6
24645600,235783012.4
24649200,235224852.2
24652800,236814367.7
24656400,232834357.2
24660000,244554807.3
24663600,224553975.5
24667200,217088860.4
24670800,248135436.9
24674400,206247216.0
24678000,210430613.0
24681600,207748508.6
24685200,240380243.3
24688800,203368328.7
24692400,224530158.9
24696000,229920908.8
24699600,218251008.7
24703200,234427945.6
24706800,242845357.3
24710400,245031923.4
24714000,247574777.2
24717600,245002341.2
24721200,200326846.3
24724800,202096610.2
24728400,243544608.9
24732000,222220029.1
24735600,222127026.6
24739200,216529931.0
24742800,246983655.3
24746400,235642063.1
24750000,246945351.1
24753600,226547797.0
24757200,201090149.1
24760800,241019554.1
24764400,214374802.9
24768000,243368983.3
24771600,243010540.6
24775200,227531618.4
24778800,222861924.9
24782400,242501221.7
24786000,217388917.6
24789600,211923049.9
24793200,202546890.4
24796800,206747924.9
24800400,228906668.8
24804000,245218471.7
24807600,238558318.6
24811200,235207155.7
24814800,221120552.9
24818400,247892827.7
24822000,237779462.2
24825600,218300173.9
24829200,227530707.1
24832800,211071472.2
24836400,212797239.7
24840000,236762672.0
24843600,215777261.1
24847200,221120265.3
24850800,237422098.6
24854400,217654451.7
24858000,222322926.4
24861600,201696753.6
24865200,236400722.5
24868800,231068792.9
24872400,206289735.0
24876000,210772796.2
24879600,215418863.5
24883200,201547595.5
24886800,210072754.6
24890400,203371489.5
24894000,200007612.5
24897600,231821472.5
24901200,240137697.1
24904800,219716903.3
24908400,213136792.5
24912000,214191417.8
24915600,235682216.1
24919200,209707234.4
24922800,229004021.9
24926400,212373622.8
24930000,246795339.9
24933600,228227841.4
24937200,243980454.6
24940800,249633806.9
24944400,247312645.8
24948000,223918814.2
24951600,206249712.0
24955200,203207799.3
24958800,219333244.0
24962400,227912284.6
24966000,246121461.2
24969600,246715423.1
24973200,241240596.9
24976800,209179106.3
24980400,219655404.7
24984000,245639107.4
24987600,226708514.6
24991200,222573079.9
24994800,214279826.7
24998400,231138704.9
25002000,209088624.3
25005600,246357296.4
25009200,235698681.3
25012800,241618388.5
25016400,224824130.1
25020000,248160844.3
25023600,242165710.0
25027200,205694877.8
25030800,246808963.5
25034400,234418217.2
25038000,215355589.6
25041600,243032727.6
25045200,247422924.7
25048800,234092061.4
25052400,228159755.1
25056000,207498704.5
25059600,249310513.2
25063200,240751193.0
25066800,245610998.9
25070400,234198295.1
25074000,215151539.5
25077600,236589870.9
25081200,213810517.6
25084800,230761936.2
25088400,214742606.0
25092000,225913773.5
25095600,236946189.2
25099200,237201054.3
25102800,220172972.1
25106400,208046421.0
25110000,201120048.4
25113600,205293928.3
25117200,246599951.3
25120800,230777472.8
25124400,231664200.4
25128000,200334357.6
25131600,210743283.9
25135200,204050161.3
25138800,208073241.2
25142400,204590178.2
25146000,206706665.1
25149600,203589808.8
25153200,213442366.5
25156800,202003335.3
25160400,237204005.2
25164000,247241656.8
25167600,211068026.9
25171200,230028268.5
25174800,221804662.2
25178400,208678027.5
25182000,209744699.1
25185600,209456041.8
25189200,246494582.7
25192800,224527190.1
25196400,239816220.7
25200000,209239955.7
25203600,211389225.8
25207200,242490418.7
25210800,224714353.5
25214400,249286933.8
25218000,208611330.9
25221600,247505153.2
25225200,219116754.6
25228800,222381667.9
25232400,217994565.3
25236000,207223350.6
25239600,240831945.8
25243200,209085574.5
25246800,241648639.6
25250400,220314782.1
25254000,221072540.4
25257600,226662709.1
25261200,221515873.8
25264800,200121065.4
25268400,233232970.6
25272000,212839396.2
25275600,229596168.9
25279200,217892481.1
25282800,227402684.0
25286400,239034428.6
25290000,227944017.0
25293600,215084616.9
25297200,223030741.2
25300800,246045916.0
25304400,244309051.8
25308000,243973690.7
25311600,248517154.6
25315200,237615258.9
25318800,200777164.5
25322400,249617096.0
25326000,222788158.3
25329600,226024912.7
25333200,204444651.2
25336800,239255228.9
25340400,235884691.5
25344000,227270078.6
25347600,237206784.4
25351200,234366164.7
25354800,230564677.5
25358400,204117076.1
25362000,218850122.8
25365600,220248482.4
25369200,234368899.9
25372800,220250734.1
25376400,227723333.8
25380000,230913274.0
25383600,220873087.7
25387200,242243937.8
25390800,227575495.9
25394400,240657488.8
25398000,215769750.1
25401600,206747924.9
25405200,228906668.8
25408800,245218471.7
25412400,238558318.6
25416000,235207155.7
25419600,221120552.9
25423200,247892827.7
25426800,237779462.2
25430400,218300173.9
25434000,227530707.1
25437600,211071472.2
25441200,212797239.7
25444800,236762672.0
25448400,215777261.1
25452000,221120265.3
25455600,237422098.6
25459200,217654451.7
25462800,222322926.4
25466400,201696753.6
25470000,236400722.5
25473600,231068792.9
25477200,206289735.0
25480800,210772796.2
25484400,215418863.5
25488000,201547595.5
25491600,210072754.6
25495200,203371489.5
25498800,200007612.5
25502400,231821472.5
25506000,240137697.1
25509600,219716903.3
25513200,213136792.5
25516800,214191417.8
25520400,235682216.1
25524000,209707234.4
25527600,229004021.9
25531200,212373622.8
25534800,246795339.9
25538400,228227841.4
25542000,243980454.6
25545600,249633806.9
25549200,247312645.8
25552800,223918814.2
25556400,206249712.0
25560000,203207799.3
25563600,219333244.0
25567200,227912284.6
25570800,246121461.2
25574400,246715423.1
25578000,241240596.9
25581600,209179106.3
25585200,219655404.7
25588800,245639107.4
25592400,226708514.6
25596000,222573079.9
25599600,214279826.7
25603200,231138704.9
25606800,209088624.3
25610400,246357296.4
25614000,235698681.3
25617600,241618388.5
25621200,224824130.1
25624800,248160844.3
25628400,242165710.0
25632000,205694877.8
25635600,246808963.5
25639200,234418217.2
25642800,215355589.6
25646400,243032727.6
25650000,247422924.7
25653600,234092061.4
25657200,228159755.1
25660800,207498704.5
25664400,249310513.2
25668000,240751193.0
25671600,245610998.9
25675200,234198295.1
25678800,215151539.5
25682400,236589870.9
25686000,213810517.6
25689600,230761936.2
25693200,214742606.0
25696800,225913773.5
25700400,236946189.2
25704000,237201054.3
25707600,220172972.1
25711200,208046421.0
25714800,201120048.4
25718400,205293928.3
25722000,246599951.3
25725600,230777472.8
25729200,231664200.4
25732800,200334357.6
25736400,210743283.9
25740000,204050161.3
25743600,208073241.2
25747200,204590178.2
25750800,206706665.1
25754400,203589808.8
25758000,213442366.5
25761600,202003335.3
25765200,237204005.2
25768800,247241656.8
25772400,211068026.9
25776000,230028268.5
25779600,221804662.2
25783200,208678027.5
25786800,209744699.1
25790400,209456041.8
25794000,246494582.7
25797600,224527190.1
25801200,239816220.7
25804800,209239955.7
25808400,211389225.8
25812000,242490418.7
25815600,224714353.5
25819200,249286933.8
25822800,208611330.9
25826400,247505153.2
25830000,219116754.6
25833600,222381667.9
25837200,217994565.3
25840800,207223350.6
25844400,240831945.8
25848000,209085574.5
25851600,241648639.6
25855200,220314782.1
25858800,221072540.4
25862400,226662709.1
25866000,221515873.8
25869600,200121065.4
25873200,233232970.6
25876800,212839396.2
25880400,229596168.9
25884000,217892481.1
25887600,227402684.0
25891200,239034428.6
25894800,227944017.0
25898400,215084616.9
25902000,223030741.2
25905600,246045916.0
25909200,244309051.8
25912800,243973690.7
25916400,248517154.6
25920000,237615258.9
25923600,200777164.5
25927200,249617096.0
25930800,222788158.3
25934400,226024912.7
25938000,204444651.2
25941600,239255228.9
25945200,235884691.5
25948800,227270078.6
25952400,237206784.4
25956000,234366164.7
25959600,230564677.5
25963200,204117076.1
25966800,218850122.8
25970400,220248482.4
25974000,234368899.9
25977600,220250734.1
25981200,227723333.8
25984800,230913274.0
25988400,220873087.7
25992000,242243937.8
25995600,227575495.9
25999200,240657488.8
26002800,215769750.1
26006400,223666090.9
26010000,237610689.0
26013600,209052414.9
26017200,201066787.7
26020800,206463571.4
26024400,243002611.3
26028000,239835465.8
26031600,209379611.1
26035200,208560750.3
26038800,233778420.2
26042400,219994725.1
26046000,246776344.1
26049600,223811756.2
26053200,220111789.4
26056800,209501173.0
26060400,216853289.8
26064000,222049035.9
26067600,206899187.7
26071200,249016940.3
26074800,221982503.1
26078400,240192094.0
26082000,240883251.1
26085600,211576392.1
26089200,232062918.2
26092800,212890491.6
26096400,206205346.6
26100000,220352888.7
26103600,203384624.3
26107200,205488013.6
26110800,226477811.1
26114400,210575098.5
26118000,201298371.2
26121600,249705997.6
26125200,237232040.5
26128800,249111755.7
26132400,247569099.8
26136000,223580388.5
26139600,249376779.9
26143200,242646055.6
26146800,215453848.8
26150400,247586804.6
26154000,205682434.1
26157600,205863689.2
26161200,200034770.7
26164800,215157821.7
26168400,218459065.6
26172000,206017056.1
26175600,235595611.6
26179200,247875687.9
26182800,216114410.3
26186400,239449189.4
26190000,233574294.6
26193600,205480717.0
26197200,236198127.4
26200800,244130104.9
26204400,200024656.3
26208000,205097179.4
26211600,218519201.4
26215200,245734459.6
26218800,249949439.9
26222400,208524694.4
26226000,208630866.6
26229600,205153520.4
26233200,230307384.9
26236800,220594507.6
26240400,212789137.9
26244000,210084242.3
26247600,209384462.2
26251200,244188622.3
26254800,231570689.6
26258400,231121321.5
26262000,232913434.2
26265600,208854223.5
26269200,231292435.4
26272800,243822782.7
26276400,208910148.9
26280000,232278694.0
26283600,244206105.9
26287200,212525811.8
26290800,229311057.8
26294400,224343654.1
26298000,241954314.4
26301600,202583777.7
26305200,236973628.9
26308800,227725803.3
26312400,221473621.9
26316000,238986127.1
26319600,219833365.8
26323200,217861453.3
26326800,232973622.3
26330400,219708594.2
26334000,208923877.0
26337600,202714751.5
26341200,212356062.1
26344800,245090667.1
26348400,249122154.7
26352000,224205449.5
26355600,207237478.6
26359200,225583328.7
26362800,249676380.9
26366400,238128445.1
26370000,248301188.6
26373600,246494027.5
26377200,211824528.2
26380800,204876107.9
26384400,220488716.3
26388000,206558630.4
26391600,237728336.4
26395200,217405156.9
26398800,222489186.2
26402400,209966774.1
26406000,236825899.9
26409600,210168373.0
26413200,238408018.4
26416800,212064007.2
26420400,230686674.4
26424000,217288590.4
26427600,236131590.1
26431200,205861155.8
26434800,209039419.2
26438400,209693223.1
26442000,218027422.2
26445600,220219686.2
26449200,211289005.4
26452800,233452853.9
26456400,247860642.3
26460000,221583256.5
26463600,240190710.5
26467200,239909459.8
26470800,249762050.7
26474400,210590220.1
26478000,216450942.5
26481600,238117092.3
26485200,237837974.9
26488800,248063829.3
26492400,228494616.6
26496000,230425305.9
26499600,218254611.0
26503200,217177378.2
26506800,229999397.7
26510400,226281451.1
26514000,224248325.9
26517600,232782515.0
26521200,201912599.5
26524800,209496138.4
26528400,246437263.9
26532000,229148985.3
26535600,200770520.7
26539200,214683764.7
26542800,202263009.1
26546400,239736576.5
26550000,235568298.5
26553600,226818063.4
26557200,229339732.6
26560800,210547368.3
26564400,220695750.4
26568000,225791033.2
26571600,241916743.9
26575200,232995531.9
26578800,224058804.1
26582400,242638235.4
26586000,224076406.0
26589600,213614793.6
26593200,236559785.4
26596800,248473463.2
26600400,218781129.6
26604000,211930005.2
26607600,212135237.4
26611200,244761435.6
26614800,255181097.9
26618400,247357080.6
26622000,238268909.9
26625600,240870284.8
26629200,246030247.7
26632800,258146207.8
26636400,238499371.5
26640000,249194229.8
26643600,231132270.0
26647200,252715935.0
26650800,235622083.6
26654400,245288872.9
26658000,247761085.5
26661600,237171932.5
26665200,244574478.0
26668800,257618596.3
26672400,240875994.6
26676000,231906185.8
26679600,248195415.9
26683200,235223080.5
26686800,248937897.8
26690400,240704536.5
26694000,250732155.6
26697600,231650956.1
26701200,239806337.6
26704800,248384486.8
26708400,259484704.1
26712000,243639841.3
26715600,237599836.1
26719200,231116670.5
26722800,246943099.8
26726400,231371281.2
26730000,258133610.5
26733600,243617602.9
26737200,256089781.8
26740800,257811190.7
26744400,250445656.3
26748000,240717299.6
26751600,254049338.0
26755200,247287746.5
26758800,250407913.9
26762400,247472816.0
26766000,257271854.2
26769600,256950996.8
26773200,243690048.8
26776800,235465048.2
26780400,239835366.5
26784000,230713681.0
26787600,230215115.9
26791200,254105954.8
26794800,237276466.2
26798400,253777057.6
26802000,253969992.5
26805600,236150884.7
26809200,244751243.2
26812800,255501404.3
26816400,248770342.1
26820000,236443465.0
26823600,259183205.1
26827200,246106556.5
26830800,255039218.4
26834400,254466610.8
26838000,246644846.3
26841600,242855842.9
26845200,238769167.0
26848800,254079598.2
26852400,259662936.1
26856000,245251586.7
26859600,235723980.3
26863200,246234825.7
26866800,237460847.4
26870400,241746372.4
26874000,236197898.6
26877600,253573201.7
26881200,244195177.0
26884800,244189577.8
26888400,251545761.9
26892000,233840147.5
26895600,258524077.5
26899200,252045197.9
26902800,248559141.8
26906400,246848899.4
26910000,236832878.9
26913600,256552051.0
26917200,245420957.2
26920800,242559232.0
26924400,253259135.0
26928000,250916413.2
26931600,259708261.2
26935200,247787315.2
26938800,234690025.7
26942400,233923708.7
26946000,235110709.4
26949600,231980588.8
26953200,241258355.0
26956800,251790766.2
26960400,241673109.1
26964000,231080480.3
26967600,230169626.8
26971200,249684838.4
26974800,252579752.6
26978400,232028420.9
26982000,240178135.2
26985600,244921757.2
26989200,239354716.3
26992800,250160558.9
26996400,254251744.9
27000000,250307152.0
27003600,257921696.2
27007200,249167529.1
27010800,247187363.4
27014400,259720321.6
27018000,231636550.2
27021600,232551823.7
27025200,258837519.1
27028800,242162947.8
27032400,250558397.1
27036000,242181221.8
27039600,259849748.1
27043200,255136765.3
27046800,237379768.7
27050400,242494300.8
27054000,241099310.3
27057600,253754033.8
27061200,230963260.1
27064800,253894286.8
27068400,231021680.6
27072000,230553959.3
27075600,243423524.7
27079200,255125478.2
27082800,253879948.9
27086400,258106069.1
27090000,236039367.7
27093600,255880417.6
27097200,237674136.0
27100800,231790442.5
27104400,259060398.6
27108000,231965165.9
27111600,236886231.2
27115200,230992352.0
27118800,233834661.0
27122400,250401043.6
27126000,230848889.5
27129600,255557111.9
27133200,238466655.9
27136800,242659698.5
27140400,249599385.1
27144000,257647853.9
27147600,238770512.7
27151200,259004028.7
27154800,253382435.4
27158400,232589440.9
27162000,235366752.0
27165600,235709111.7
27169200,232975387.2
27172800,257297011.2
27176400,231452741.8
27180000,257300710.5
27183600,233661274.8
27187200,240609899.4
27190800,236953143.4
27194400,246821735.1
27198000,247199269.7
27201600,239083064.3
27205200,253203456.3
27208800,230415939.5
27212400,238014841.9
27216000,244761435.6
27219600,255181097.9
27223200,247357080.6
27226800,238268909.9
27230400,240870284.8
27234000,246030247.7
27237600,258146207.8
27241200,238499371.5
27244800,249194229.8
27248400,231132270.0
27252000,252715935.0
27255600,235622083.6
27259200,245288872.9
27262800,247761085.5
27266400,237171932.5
27270000,244574478.0
27273600,257618596.3
27277200,240875994.6
27280800,231906185.8
27284400,248195415.9
27288000,235223080.5
27291600,248937897.8
27295200,240704536.5
27298800,250732155.6
27302400,231650956.1
27306000,239806337.6
27309600,248384486.8
27313200,259484704.1
27316800,243639841.3
27320400,237599836.1
27324000,231116670.5
27327600,246943099.8
27331200,231371281.2
27334800,258133610.5
27338400,243617602.9
27342000,256089781.8
27345600,257811190.7
27349200,250445656.3
27352800,240717299.6
27356400,254049338.0
27360000,247287746.5
27363600,250407913.9
27367200,247472816.0
27370800,257271854.2
27374400,256950996.8
27378000,243690048.8
27381600,235465048.2
27385200,239835366.5
27388800,230713681.0
27392400,230215115.9
27396000,254105954.8
27399600,237276466.2
27403200,253777057.6
27406800,253969992.5
27410400,236150884.7
27414000,244751243.2
27417600,255501404.3
27421200,248770342.1
27424800,236443465.0
27428400,259183205.1
27432000,246106556.5
27435600,255039218.4
27439200,254466610.8
27442800,246644846.3
27446400,242855842.9
27450000,238769167.0
27453600,254079598.2
27457200,259662936.1
27460800,245251586.7
27464400,235723980.3
27468000,246234825.7
27471600,237460847.4
27475200,241746372.4
27478800,236197898.6
27482400,253573201.7
27486000,244195177.0
27489600,244189577.8
27493200,251545761.9
27496800,233840147.5
27500400,258524077.5
27504000,252045197.9
27507600,248559141.8
27511200,246848899.4
27514800,236832878.9
27518400,256552051.0
27522000,245420957.2
27525600,242559232.0
27529200,253259135.0
27532800,250916413.2
27536400,259708261.2
27540000,247787315.2
27543600,234690025.7
27547200,233923708.7
27550800,235110709.4
27554400,231980588.8
27558000,241258355.0
27561600,251790766.2
27565200,241673109.1
27568800,231080480.3
27572400,230169626.8
27576000,249684838.4
27579600,252579752.6
27583200,232028420.9
27586800,240178135.2
27590400,244921757.2
27594000,239354716.3
27597600,250160558.9
27601200,254251744.9
27604800,250307152.0
27608400,257921696.2
27612000,249167529.1
27615600,247187363.4
27619200,259720321.6
27622800,231636550.2
27626400,232551823.7
27630000,258837519.1
27633600,242162947.8
27637200,250558397.1
27640800,242181221.8
27644400,259849748.1
27648000,255136765.3
27651600,237379768.7
27655200,242494300.8
27658800,241099310.3
27662400,253754033.8
27666000,230963260.1
27669600,253894286.8
27673200,231021680.6
27676800,230553959.3
27680400,243423524.7
27684000,255125478.2
27687600,253879948.9
27691200,258106069.1
27694800,236039367.7
27698400,255880417.6
27702000,237674136.0
27705600,231790442.5
27709200,259060398.6
27712800,231965165.9
27716400,236886231.2
27720000,230992352.0
27723600,233834661.0
27727200,250401043.6
27730800,230848889.5
27734400,255557111.9
27738000,238466655.9
27741600,242659698.5
27745200,249599385.1
27748800,257647853.9
27752400,238770512.7
27756000,259004028.7
27759600,253382435.4
27763200,232589440.9
27766800,235366752.0
27770400,235709111.7
27774000,232975387.2
27777600,257297011.2
27781200,231452741.8
27784800,257300710.5
27788400,233661274.8
27792000,240609899.4
27795600,236953143.4
27799200,246821735.1
27802800,247199269.7
27806400,239083064.3
27810000,253203456.3
27813600,230415939.5
27817200,238014841.9
27820800,257962326.4
27824400,255149171.2
27828000,230686494.0
27831600,258968205.1
27835200,241937378.5
27838800,245456866.3
27842400,251949654.8
27846000,246596918.5
27849600,259497272.6
27853200,246030605.1
27856800,249239332.2
27860400,240098763.7
27864000,259470015.6
27867600,256580937.6
27871200,233201288.8
27874800,248609564.6
27878400,256133740.1
27882000,247664845.5
27885600,252967702.9
27889200,252433632.9
27892800,233787539.8
27896400,249102197.7
27900000,257107022.4
27903600,240012678.3
27907200,244726640.1
27910800,236761518.0
27914400,252920339.9
27918000,242143755.5
27921600,258803241.0
27925200,248371835.7
27928800,240607504.1
27932400,236253886.9
27936000,232301460.9
27939600,247558732.3
27943200,237912785.6
27946800,247511518.5
27950400,231107194.3
27954000,256895427.2
27957600,235258129.3
27961200,251628195.4
27964800,233557965.3
27968400,244303721.9
27972000,252280900.2
27975600,246006526.9
27979200,249053126.8
27982800,258722091.8
27986400,237291070.3
27990000,248865157.9
27993600,252384437.4
27997200,255575848.6
28000800,250125715.9
28004400,259063292.1
28008000,230085969.6
28011600,232398926.2
28015200,247031148.8
28018800,240122159.4
28022400,248210002.0
28026000,233733015.5
28029600,247448430.6
28033200,256040107.8
28036800,233920986.0
28040400,240911130.2
28044000,232671695.8
28047600,235482107.0
28051200,248381057.5
28054800,257798048.4
28058400,252146226.2
28062000,230157401.2
28065600,243603994.3
28069200,246587760.2
28072800,240819450.0
28076400,230752145.8
28080000,250163493.7
28083600,250320888.7
28087200,241354250.1
28090800,243033270.2
28094400,245988468.7
28098000,231557836.6
28101600,236942405.3
28105200,242782166.2
28108800,234283487.6
28112400,259643737.7
28116000,255442721.0
28119600,257842115.0
28123200,256174040.5
28126800,241838132.1
28130400,241310443.9
28134000,230772180.8
28137600,253242332.4
28141200,240565840.6
28144800,235941923.2
28148400,250681282.7
28152000,236361296.5
28155600,233344694.3
28159200,258274086.9
28162800,255654923.9
28166400,255883359.3
28170000,233776234.0
28173600,236884734.1
28177200,255331723.6
28180800,254204760.1
28184400,238294212.9
28188000,239337132.7
28191600,241418113.4
28195200,242554298.9
28198800,231977977.9
28202400,258414481.4
28206000,253707706.3
28209600,249564281.0
28213200,259258411.3
28216800,233922340.9
28220400,245475080.8
28224000,245954666.9
28227600,233956074.9
28231200,249323980.4
28234800,242219221.9
28238400,250751642.7
28242000,250858057.1
28245600,239052801.8
28249200,254962377.8
28252800,253113744.1
28256400,259606049.2
28260000,248365246.7
28263600,240969138.8
28267200,234522184.9
28270800,259271010.7
28274400,251187909.1
28278000,252997569.6
28281600,235320861.3
28285200,237215550.0
28288800,257134649.8
28292400,252013951.4
28296000,256240229.2
28299600,238032042.7
28303200,255554741.8
28306800,254850150.7
28310400,256386486.3
28314000,231612534.7
28317600,237530912.4
28321200,255613095.1
28324800,258588270.1
28328400,233947645.9
28332000,239026365.3
28335600,231557278.2
28339200,246393248.4
28342800,243100854.8
28346400,235903130.2
28350000,236139093.5
28353600,232704497.6
28357200,230135628.1
28360800,235613779.2
28364400,249540502.3
28368000,247871723.2
28371600,258268640.4
28375200,249206085.9
28378800,243475251.2
28382400,241304693.0
28386000,230263702.4
28389600,236500579.0
28393200,243295769.7
28396800,240181047.2
28400400,234204219.1
28404000,232652334.4
28407600,230111933.5
28411200,253929960.6
28414800,238809890.5
28418400,251340570.7
28422000,243304917.2
28425600,241743058.9
28429200,246742333.5
28432800,259596623.2
28436400,253508691.2
28440000,232646673.3
28443600,241354929.9
28447200,253085138.5
28450800,235982226.3
28454400,240592275.0
28458000,236530355.0
28461600,230099154.5
28465200,235748753.3
28468800,243507156.1
28472400,250454867.6
28476000,244041994.4
28479600,233851270.6
28483200,254110528.6
28486800,232279189.0
28490400,233692342.9
28494000,256131721.9
28497600,250563189.2
28501200,245357226.4
28504800,248494973.6
28508400,254976410.0
28512000,230317044.7
28515600,245660204.6
28519200,241515762.6
28522800,231762667.0
28526400,251429135.6
28530000,253343468.5
28533600,251499492.1
28537200,233595511.3
28540800,239708887.2
28544400,255985512.3
28548000,250255059.6
28551600,237179474.9
28555200,230854239.3
28558800,237915693.6
28562400,252456727.5
28566000,242924549.0
28569600,258505492.7
28573200,232534520.7
28576800,230492854.0
28580400,248438297.7
28584000,236405484.8
28587600,252609809.6
28591200,251361598.4
28594800,242195885.8
28598400,237287932.2
28602000,245879350.3
28605600,253771183.2
28609200,253146269.6
28612800,241188561.0
28616400,243080044.0
28620000,259600552.6
28623600,256885770.8
28627200,252063959.4
28630800,236621337.4
28634400,232074090.1
28638000,232657687.6
28641600,237872912.2
28645200,234543729.6
28648800,240924190.7
28652400,250431320.7
28656000,233063855.0
28659600,256612344.5
28663200,244017256.0
28666800,246046338.9
28670400,232433548.1
28674000,234156615.1
28677600,230962497.5
28681200,238202596.2
28684800,252818503.9
28688400,258161914.2
28692000,230459488.7
28695600,231928834.8
28699200,250018744.4
28702800,246883770.7
28706400,237095448.4
28710000,256780281.7
28713600,243848260.9
28717200,248155513.3
28720800,239435040.2
28724400,234046134.0
28728000,257843680.4
28731600,258737333.4
28735200,259678143.7
28738800,236680212.8
28742400,241038810.8
28746000,251395049.5
28749600,230877980.9
28753200,247892113.3
28756800,240429641.9
28760400,243349856.2
28764000,234383086.2
28767600,235301092.2
28771200,247486744.2
28774800,242573369.7
28778400,239078440.8
28782000,243649135.2
28785600,242116686.5
28789200,256768512.7
28792800,242617710.4
28796400,252228098.0
28800000,238024050.8
28803600,237327423.0
28807200,234960809.3
28810800,248214982.6
28814400,248452157.1
28818000,257825298.2
28821600,258746655.1
28825200,254054247.8
28828800,248379649.6
28832400,256652132.7
28836000,245566408.5
28839600,243899927.4
28843200,237386065.2
28846800,252739489.6
28850400,247845879.1
28854000,230146182.7
28857600,249595939.6
28861200,258659935.1
28864800,244962116.1
28868400,248138032.6
28872000,251405101.3
28875600,231889303.1
28879200,235473196.9
28882800,256340539.0
28886400,253569171.6
28890000,258161160.5
28893600,239006338.1
28897200,255716195.1
28900800,254531785.1
28904400,254912341.5
28908000,243063517.0
28911600,246217534.6
28915200,257407914.1
28918800,247931683.7
28922400,230206131.9
28926000,238170155.3
28929600,234124003.2
28933200,251260985.6
28936800,231245211.1
28940400,243102325.1
28944000,250410704.3
28947600,246552242.4
28951200,235338206.1
28954800,232566359.7
28958400,235603159.3
28962000,241062931.7
28965600,257932691.2
28969200,250899153.7
28972800,234990284.5
28976400,253205021.6
28980000,242396069.9
28983600,251258402.3
28987200,239964123.8
28990800,246531750.1
28994400,259894045.7
28998000,250015463.4
29001600,256668508.6
29005200,240747736.0
29008800,243020451.1
29012400,251991476.7
29016000,259835866.7
29019600,244299356.4
29023200,239946754.0
29026800,248160335.0
29030400,210841648.0
29034000,241645619.2
29037600,225077193.8
29041200,205136583.8
29044800,218217995.5
29048400,241040101.2
29052000,206142176.3
29055600,232467937.3
29059200,236831235.8
29062800,235533247.0
29066400,205266746.7
29070000,247930223.4
29073600,221184644.0
29077200,228005672.2
29080800,204939138.6
29084400,224155882.9
29088000,207681238.2
29091600,215423491.7
29095200,206545818.3
29098800,217175930.0
29102400,233153018.8
29106000,225810133.2
29109600,239833344.3
29113200,228829778.4
29116800,203343698.0
29120400,212424121.1
29124000,245433971.8
29127600,244475423.7
29131200,249490307.9
29134800,216182772.7
29138400,249371023.3
29142000,230693238.3
29145600,232604076.3
29149200,230067304.7
29152800,239889716.4
29156400,230522328.3
29160000,218861934.0
29163600,208732330.4
29167200,202995710.2
29170800,207617632.2
29174400,219170929.4
29178000,200654193.4
29181600,248268676.6
29185200,215909344.2
29188800,247780182.7
29192400,201447985.9
29196000,219858940.3
29199600,213890500.8
29203200,218092654.9
29206800,239022665.3
29210400,222283200.8
29214000,202865612.9
29217600,202399717.0
29221200,226540743.8
29224800,238338403.0
29228400,230731459.7
29232000,246621644.1
29235600,239078837.4
29239200,237745137.0
29242800,216310857.8
29246400,226099063.0
29250000,232278965.2
29253600,225561922.7
29257200,233105004.7
29260800,211565491.1
29264400,249128464.6
29268000,204295974.2
29271600,220633920.7
29275200,249264211.5
29278800,224262940.5
29282400,230593608.8
29286000,200561022.7
29289600,238427575.9
29293200,237077977.1
29296800,210867337.4
29300400,219866069.9
29304000,213128193.7
29307600,203931931.0
29311200,211005987.2
29314800,224249250.6
29318400,225764811.8
29322000,241950458.4
29325600,220657603.3
29329200,220108778.6
29332800,247634346.3
29336400,216754908.8
29340000,206687510.1
29343600,234771822.2
29347200,246138671.1
29350800,224376232.0
29354400,225284622.4
29358000,200231288.0
29361600,209423437.4
29365200,238981972.2
29368800,230541297.5
29372400,239622843.0
29376000,241895022.5
29379600,234367920.0
29383200,204071705.0
29386800,240307028.5
29390400,206738849.8
29394000,228495717.5
29397600,228734575.3
29401200,200805137.5
29404800,246741415.8
29408400,230739001.3
29412000,233428744.5
29415600,221088640.4
29419200,235138358.7
29422800,223534831.8
29426400,220444646.7
29430000,249431800.9
29433600,224262537.0
29437200,205863137.0
29440800,242904295.8
29444400,217098789.6
29448000,215818956.7
29451600,218876357.3
29455200,243494083.2
29458800,226571663.4
29462400,201257775.5
29466000,212417762.4
29469600,236184024.2
29473200,221619058.9
29476800,213072529.1
29480400,209470453.1
29484000,210723900.7
29487600,224744729.1
29491200,201650041.6
29494800,218631213.0
29498400,217833833.6
29502000,213735326.9
29505600,213219946.2
29509200,237225768.9
29512800,206584187.5
29516400,240154200.2
29520000,215220153.0
29523600,217142310.4
29527200,232967059.2
29530800,201948224.4
29534400,238607141.9
29538000,234504229.0
29541600,246362272.3
29545200,203100929.2
29548800,234373331.0
29552400,236284744.3
29556000,242326470.2
29559600,227690003.7
29563200,242119837.2
29566800,202445944.4
29570400,237940222.2
29574000,233799993.7
29577600,243721454.7
29581200,216547161.8
29584800,225924983.5
29588400,222697260.3
29592000,208975153.4
29595600,242369972.9
29599200,202321298.7
29602800,226179803.6
29606400,211635181.5
29610000,245163695.2
29613600,227062848.3
29617200,204934248.7
29620800,242854181.6
29624400,202136898.5
29628000,207102087.4
29631600,210874882.5
29635200,258639510.1
29638800,257557367.0
29642400,241052117.6
29646000,246887058.8
29649600,254011744.7
29653200,256949521.8
29656800,257728695.7
29660400,242392692.4
29664000,236097947.7
29667600,236000945.4
29671200,230082782.0
29674800,259506520.1
29678400,257614155.4
29682000,253283548.1
29685600,253829996.1
29689200,246549493.7
29692800,251342520.8
29696400,231878385.3
29700000,231849459.4
29703600,248191377.2
29707200,237404363.7
29710800,230055089.8
29714400,252985761.7
29718000,242762927.1
29721600,259686913.2
29725200,232107574.4
29728800,233735234.2
29732400,259052444.6
29736000,256316697.1
29739600,237211058.7
29743200,245477612.0
29746800,232363180.4
29750400,249068021.0
29754000,248486190.7
29757600,250383687.5
29761200,255188079.0
29764800,253060548.0
29768400,231639212.9
29772000,232459613.1
29775600,246290515.1
29779200,239663591.1
29782800,237331502.0
29786400,230669793.6
29790000,235118810.2
29793600,258528581.1
29797200,240151465.7
29800800,244936171.6
29804400,241106035.8
29808000,249836859.5
29811600,243970592.5
29815200,256781838.4
29818800,237786539.7
29822400,250408697.5
29826000,245928477.2
29829600,231386185.9
29833200,250345863.4
29836800,238949613.9
29840400,233160242.7
29844000,244025531.6
29847600,250468838.0
29851200,253399464.7
29854800,254828761.3
29858400,242842153.0
29862000,245129253.2
29865600,249026655.7
29869200,251801093.8
29872800,242388835.5
29876400,240689483.2
29880000,239646443.8
29883600,243873229.3
29887200,249921427.1
29890800,249379946.2
29894400,240316641.4
29898000,247681495.4
29901600,255400671.2
29905200,235338244.7
29908800,238896598.4
29912400,231374305.1
29916000,253999350.3
29919600,253882859.3
29923200,241871287.0
29926800,239598022.9
29930400,259756586.6
29934000,246527406.0
29937600,230437358.0
29941200,255775303.9
29944800,247814280.3
29948400,255841121.5
29952000,253311494.3
29955600,233147079.2
29959200,241825885.3
29962800,259279586.6
29966400,245314695.2
29970000,241804093.4
29973600,246658002.4
29977200,259263078.8
29980800,243436665.1
29984400,255922344.0
29988000,234287817.4
29991600,232870323.9
29995200,240431893.4
29998800,232182577.6
30002400,246333186.8
30006000,258961873.3
30009600,238435189.3
30013200,232404074.6
30016800,234374045.3
30020400,234891368.6
30024000,246157338.1
30027600,244068836.2
30031200,237959430.2
30034800,250236162.3
30038400,233736335.9
30042000,237552971.0
30045600,247675091.9
30049200,240532943.8
30052800,245683215.8
30056400,240055121.3
30060000,230706053.8
30063600,242050389.1
30067200,245140504.5
30070800,233887681.4
30074400,248389082.0
30078000,258903674.8
30081600,232689714.0
30085200,239259862.9
30088800,245876415.7
30092400,243422452.1
30096000,258198887.2
30099600,251633129.9
30103200,252136485.0
30106800,249173959.6
30110400,231059434.8
30114000,249248463.9
30117600,239557719.3
30121200,233033052.4
30124800,232429464.9
30128400,257064360.7
30132000,237582070.8
30135600,244847232.7
30139200,241643390.8
30142800,237908789.8
30146400,237893486.2
30150000,250985822.9
30153600,231701943.4
30157200,253661495.8
30160800,238769071.1
30164400,255183128.7
30168000,244539028.5
30171600,237004355.7
30175200,236616058.9
30178800,239428553.9
30182400,259862820.9
30186000,235673950.0
30189600,255514729.1
30193200,255317143.9
30196800,245849495.3
30200400,249946139.9
30204000,241088491.1
30207600,239523125.8
30211200,254309717.4
30214800,233078699.0
30218400,236382887.7
30222000,243392665.6
30225600,241596535.1
30229200,253239435.4
30232800,244226934.0
30236400,253903736.6
30240000,258639510.1
30243600,257557367.0
30247200,241052117.6
30250800,246887058.8
30254400,254011744.7
30258000,256949521.8
30261600,257728695.7
30265200,242392692.4
30268800,236097947.7
30272400,236000945.4
30276000,230082782.0
30279600,259506520.1
30283200,257614155.4
30286800,253283548.1
30290400,253829996.1
30294000,246549493.7
30297600,251342520.8
30301200,231878385.3
30304800,231849459.4
30308400,248191377.2
30312000,237404363.7
30315600,230055089.8
30319200,252985761.7
30322800,242762927.1
30326400,259686913.2
30330000,232107574.4
30333600,233735234.2
30337200,259052444.6
30340800,256316697.1
30344400,237211058.7
30348000,245477612.0
30351600,232363180.4
30355200,249068021.0
30358800,248486190.7
30362400,250383687.5
30366000,255188079.0
30369600,253060548.0
30373200,231639212.9
30376800,232459613.1
30380400,246290515.1
30384000,239663591.1
30387600,237331502.0
30391200,230669793.6
30394800,235118810.2
30398400,258528581.1
30402000,240151465.7
30405600,244936171.6
30409200,241106035.8
30412800,249836859.5
30416400,243970592.5
30420000,256781838.4
30423600,237786539.7
30427200,250408697.5
30430800,245928477.2
30434400,231386185.9
30438000,250345863.4
30441600,238949613.9
30445200,233160242.7
30448800,244025531.6
30452400,250468838.0
30456000,253399464.7
30459600,254828761.3
30463200,242842153.0
30466800,245129253.2
30470400,249026655.7
30474000,251801093.8
30477600,242388835.5
30481200,240689483.2
30484800,239646443.8
30488400,243873229.3
30492000,249921427.1
30495600,249379946.2
30499200,240316641.4
30502800,247681495.4
30506400,255400671.2
30510000,235338244.7
30513600,238896598.4
30517200,231374305.1
30520800,253999350.3
30524400,253882859.3
30528000,241871287.0
30531600,239598022.9
30535200,259756586.6
30538800,246527406.0
30542400,230437358.0
30546000,255775303.9
30549600,247814280.3
30553200,255841121.5
30556800,253311494.3
30560400,233147079.2
30564000,241825885.3
30567600,259279586.6
30571200,245314695.2
30574800,241804093.4
30578400,246658002.4
30582000,259263078.8
30585600,243436665.1
30589200,255922344.0
30592800,234287817.4
30596400,232870323.9
30600000,240431893.4
30603600,232182577.6
30607200,246333186.8
30610800,258961873.3
30614400,238435189.3
30618000,232404074.6
30621600,234374045.3
30625200,234891368.6
30628800,246157338.1
30632400,244068836.2
30636000,237959430.2
30639600,250236162.3
30643200,233736335.9
30646800,237552971.0
30650400,247675091.9
30654000,240532943.8
30657600,245683215.8
30661200,240055121.3
30664800,230706053.8
30668400,242050389.1
30672000,245140504.5
30675600,233887681.4
30679200,248389082.0
30682800,258903674.8
30686400,232689714.0
30690000,239259862.9
30693600,245876415.7
30697200,243422452.1
30700800,258198887.2
30704400,251633129.9
30708000,252136485.0
30711600,249173959.6
30715200,231059434.8
30718800,249248463.9
30722400,239557719.3
30726000,233033052.4
30729600,232429464.9
30733200,257064360.7
30736800,237582070.8
30740400,244847232.7
30744000,241643390.8
30747600,237908789.8
30751200,237893486.2
30754800,250985822.9
30758400,231701943.4
30762000,253661495.8
30765600,238769071.1
30769200,255183128.7
30772800,244539028.5
30776400,237004355.7
30780000,236616058.9
30783600,239428553.9
30787200,259862820.9
30790800,235673950.0
30794400,255514729.1
30798000,255317143.9
30801600,245849495.3
30805200,249946139.9
30808800,241088491.1
30812400,239523125.8
30816000,254309717.4
30819600,233078699.0
30823200,236382887.7
30826800,243392665.6
30830400,241596535.1
30834000,253239435.4
30837600,244226934.0
30841200,253903736.6
30844800,234018275.7
30848400,217771189.6
30852000,221918657.3
30855600,245438909.0
30859200,241679498.0
30862800,219569190.8
30866400,236698955.0
30870000,214533001.8
30873600,214606832.2
30877200,214839813.9
30880800,201242121.1
30884400,245892090.7
30888000,234301506.1
30891600,211713892.8
30895200,224867632.0
30898800,239529077.5
30902400,219011630.9
30906000,210929170.6
30909600,236133263.9
30913200,238641627.9
30916800,234664132.8
30920400,230983739.7
30924000,238115152.0
30927600,225574014.8
30931200,216470273.3
30934800,200067203.1
30938400,229032202.5
30942000,208591903.4
30945600,209745361.0
30949200,207516075.4
30952800,225270986.3
30956400,200869346.2
30960000,223560397.6
30963600,202303874.7
30967200,222113262.4
30970800,208177959.7
30974400,228604997.8
30978000,240916016.1
30981600,204267099.0
30985200,211641804.7
30988800,212302301.6
30992400,217596710.7
30996000,220454204.5
30999600,205712155.7
31003200,220360738.6
31006800,233796535.4
31010400,227151197.0
31014000,217856480.8
31017600,233079636.5
31021200,233935139.5
31024800,206578009.2
31028400,221980980.6
31032000,246859778.8
31035600,228511193.0
31039200,228881964.6
31042800,238230118.5
31046400,212347583.4
31050000,234692771.3
31053600,214743145.6
31057200,228535026.5
31060800,231740208.3
31064400,219944559.9
31068000,212444184.5
31071600,246766619.0
31075200,222445095.1
31078800,226589200.9
31082400,231741927.5
31086000,233406018.1
31089600,221950659.4
31093200,208649468.2
31096800,234719212.1
31100400,246246310.5
31104000,218530297.2
31107600,231939394.3
31111200,244483954.3
31114800,224147116.7
31118400,231490893.4
31122000,223250874.7
31125600,205458643.0
31129200,205655818.9
31132800,205394615.4
31136400,222286547.9
31140000,246942251.8
31143600,231690698.9
31147200,246483467.4
31150800,203143812.8
31154400,215346945.6
31158000,247488224.8
31161600,200518219.0
31165200,208391385.4
31168800,237763622.4
31172400,241691086.6
31176000,230293021.8
31179600,225895858.4
31183200,247142880.2
31186800,237060319.8
31190400,235053943.4
31194000,237235907.5
31197600,243691288.7
31201200,248206029.8
31204800,249095845.4
31208400,245931641.4
31212000,214174018.3
31215600,202931278.8
31219200,241049727.3
31222800,208976111.8
31226400,201746563.6
31230000,238566335.7
31233600,227026306.0
31237200,216576997.8
31240800,228910830.3
31244400,242725371.1
31248000,232118754.2
31251600,221005176.6
31255200,227295644.3
31258800,209114886.4
31262400,211813711.4
31266000,210270683.3
31269600,212984315.6
31273200,247131620.3
31276800,232078517.9
31280400,241453168.3
31284000,219438109.7
31287600,208420610.9
31291200,237005887.0
31294800,243639792.5
31298400,217776248.8
31302000,208941433.6
31305600,249821180.4
31309200,247956377.9
31312800,207799811.9
31316400,246446783.3
31320000,221228709.3
31323600,211154197.3
31327200,206819754.6
31330800,213008782.7
31334400,227223269.1
31338000,204110419.6
31341600,229906365.7
31345200,201459308.9
31348800,222745444.9
31352400,216624934.2
31356000,247183641.6
31359600,215155091.0
31363200,221411216.8
31366800,233051688.0
31370400,219054400.6
31374000,206808530.6
31377600,204831331.2
31381200,215258082.1
31384800,241194182.5
31388400,231362643.3
31392000,210296638.2
31395600,249009272.9
31399200,221888714.0
31402800,241759788.7
31406400,226959022.4
31410000,201256346.7
31413600,200341214.0
31417200,239304311.9
31420800,222369642.8
31424400,214436872.5
31428000,243159013.2
31431600,232811424.8
31435200,214234681.6
31438800,232228311.2
31442400,213179058.9
31446000,208738933.2
31449600,215229780.7
31453200,237725539.2
31456800,233555159.4
31460400,246991912.7
31464000,224257734.6
31467600,225904392.0
31471200,239460160.7
31474800,228558412.2
31478400,238324742.2
31482000,246008305.0
31485600,210515316.7
31489200,230405709.1
31492800,223286260.2
31496400,230834994.7
31500000,210154606.2
31503600,233880026.2
31507200,200865777.9
31510800,211330375.6
31514400,245723301.9
31518000,238421701.6
31521600,226665632.1
31525200,203419010.8
31528800,209979211.6
31532400,200600881.5
31536000,200600881.5
