time,step,reward,terminated,truncated,fmu_status,fmu_error,failure_type,transition_valid,requested_u_tp,requested_u_battery,requested_caes_mode,requested_caes_magnitude,decoded_u_tp,decoded_u_battery,decoded_u_caes,rt_economic_cashflow_total,rt_economic_cashflow_delta,rt_economic_reward,rt_raw_total_cost,rt_normalized_cost,rt_cost_reference,rt_cost_reference_missing,rt_terminal_soc_bonus,rt_reward,rt_terminal_soc_l1_error,rt_terminal_soc_l1_full,rt_terminal_soc_l1_energy,rt_terminal_soc_l2_error,rt_terminal_soc_tolerance,rt_terminal_soc_satisfied,rt_soc_shaping_reward,rt_soc_shaping_potential,rt_soc_shaping_absolute,rt_soc_shaping_coef,rt_soc_recovery_scale,rt_soc_l1_prev,rt_market_settlement_enabled,rt_market_grid_cashflow,rt_market_grid_cost,rt_market_buy_cost,rt_market_sell_revenue,rt_market_energy_buy_mwh,rt_market_energy_sell_mwh,rt_market_buy_yuan_per_kwh,rt_market_sell_yuan_per_kwh,rt_p_grid_mw,rt_fmu_grid_cashflow_delta,rt_economic_cashflow_wind,rt_economic_cashflow_delta_wind,rt_raw_wind_cost,rt_economic_cashflow_pv,rt_economic_cashflow_delta_pv,rt_raw_pv_cost,rt_economic_cashflow_thermal,rt_economic_cashflow_delta_thermal,rt_raw_thermal_cost,rt_economic_cashflow_battery,rt_economic_cashflow_delta_battery,rt_raw_battery_cost,rt_economic_cashflow_caes,rt_economic_cashflow_delta_caes,rt_raw_caes_cost,rt_economic_cashflow_load,rt_economic_cashflow_delta_load,rt_raw_load_cost,rt_economic_cashflow_grid,rt_economic_cashflow_delta_grid,rt_raw_grid_cost,obs_battery_soc,obs_caes_gas_soc,obs_caes_hot_soc,obs_caes_cold_soc,obs_caes_gas_pressure,obs_caes_gas_temperature,obs_caes_hot_temperature,obs_caes_cold_temperature,obs_p_thermal,obs_p_battery,obs_p_caes,obs_p_grid,obs_p_wind_available,obs_p_wind_actual,obs_p_pv_available,obs_p_pv_actual,obs_p_load_actual,obs_p_curtailment,obs_p_unserved,u_tp_dynamic_low,u_tp_dynamic_high,u_battery_dynamic_low,u_battery_dynamic_high,caes_discharge_allowed,caes_idle_allowed,caes_charge_allowed,caes_locked_mode,caes_locked_steps_completed,caes_locked_steps_remaining
7866000.0,0,0.5389769959699419,False,False,ok,,,True,0.8593074679374695,0.004771828651428223,1,0.0,0.8593074679374695,0.004771828651428223,0.0,2006.4409726547028,95484.90344599308,0.6099719165841229,-95484.90344599308,-0.6099719165841229,156539.83544146415,0.0,0.0,0.5389769959699419,0.013975378073657674,0.013975378073657674,0.013975378073657674,0.0001620662105326501,0.06,1.0,-0.07099492061418099,-0.06987689036828837,-0.0011180302458926139,5.0,1.0,0.0,1.0,24348.408208602963,-24348.408208602963,0.0,24348.408208602963,0.0,129.85817711254913,0.63457,0.1875,-129.85817711254913,-69130.05426473542,-1298.0455597122304,-1298.0455597122304,1298.0455597122304,0.0,0.0,-0.0,-52402.60326862335,-52402.60326862335,52402.60326862335,85.89291572570801,85.89291572570801,-85.89291572570801,0.0,0.0,-0.0,124751.25115000001,124751.25115000001,-124751.25115000001,-69130.05426473542,24348.408208602963,-24348.408208602963,0.5008589029312134,0.8373129963874817,0.5,0.5,8373130.0,276.4610290527344,473.1572265625,313.16363525390625,-128896120.0,477182.875,0.0,-129858176.0,-3475669.0,-3475669.0,-0.0,-0.0,261752784.0,-0.0,0.0,0.85,1.0,-1.0,1.0,True,True,False,,0,0
7869600.0,1,0.46471202700979547,False,False,ok,,,True,0.7269640564918518,-0.10986965894699097,1,0.0,0.7269640564918518,-0.10986965894699097,0.0,615.1868754020325,104671.45232598035,0.6686569717592475,-104671.45232598035,-0.6686569717592475,156539.83544146415,0.0,0.0,0.46471202700979547,0.0539019360467993,0.0539019360467993,0.0539019360467993,0.0011642846051670987,0.06,1.0,-0.20394494474945207,-0.19963278986570812,-0.004312154883743944,5.0,1.0,0.013975378073657674,1.0,23020.036623054726,-23020.036623054726,0.0,23020.036623054726,0.0,122.77352865629187,0.63457,0.1875,-122.77352865629187,-83042.66980017831,-2165.3536338129475,-867.308074100717,867.308074100717,0.0,0.0,-0.0,-96814.50712680817,-44411.903858184814,44411.903858184814,-3859.8711490631104,-3945.7640647888184,3945.7640647888184,0.0,0.0,-0.0,255627.6428500001,130876.39170000008,-130876.39170000008,-152172.72406491372,23020.036623054726,-23020.036623054726,0.4776878356933594,0.8295662999153137,0.5,0.5,8295663.0,273.9032287597656,473.1572265625,313.16363525390625,-109044608.0,-10986966.0,0.0,-122773528.0,-1312191.625,-1312191.625,-0.0,-0.0,244117296.0,-0.0,0.0,0.7093074679374695,1.0,-1.0,1.0,True,True,False,,0,0
7873200.0,2,0.7372335963000152,False,False,ok,,,True,0.599086582660675,0.052509307861328125,1,0.0,0.599086582660675,0.052509307861328125,0.0,-6993.147360124627,111629.510088074,0.7131060906846058,-111629.510088074,-0.7131060906846058,156539.83544146415,0.0,0.0,0.7372335963000152,0.048303577680824245,0.048303577680824245,0.048303577680824245,0.0009896257370457,0.06,1.0,0.024127505615409328,0.027991791829875268,-0.0038642862144659396,5.0,1.0,0.0539019360467993,1.0,25942.499172568412,-25942.499172568412,0.0,25942.499172568412,0.0,138.35999558703153,0.63457,0.1875,-138.35999558703153,-93295.34515103226,-2330.219171395681,-164.8655375827334,164.8655375827334,0.0,0.0,-0.0,-133526.96692943573,-36712.45980262756,36712.45980262756,-3354.182243347168,505.6889057159424,-505.6889057159424,0.0,0.0,-0.0,377686.29020000016,122058.64735000007,-122058.64735000007,-245468.069215946,25942.499172568412,-25942.499172568412,0.48455435037612915,0.8248648643493652,0.5,0.5,8248649.0,272.3509216308594,473.1572265625,313.16363525390625,-89862984.0,5250931.0,0.0,-138360000.0,0.0,0.0,-0.0,-0.0,222972048.0,-0.0,0.0,0.5769640564918518,0.8769640564918518,-1.0,1.0,True,True,False,,0,0
7876800.0,3,0.6116571371578099,False,False,ok,,,True,0.49220985174179077,-0.24962353706359863,2,0.05657469108700752,0.49220985174179077,-0.24962353706359863,0.867920456752181,-56787.94506403257,147316.67021969592,0.9410810341293792,-147316.67021969592,-0.9410810341293792,156539.83544146415,0.0,0.0,0.6116571371578099,0.11239011523143513,0.11763373040077571,0.11239011523143513,0.006917597537084955,0.06,0.0,-0.32942389697156926,-0.32043268775305445,-0.00899120921851481,5.0,1.0,0.048303577680824245,1.0,51452.07199597475,-51452.07199597475,0.0,51452.07199597475,0.0,274.41105064519866,0.63457,0.1875,-274.41105064519866,-145659.3959276291,-2330.219171395681,0.0,-0.0,0.0,0.0,-0.0,-163700.81841945648,-30173.851490020752,30173.851490020752,-12235.610961914062,-8881.428718566895,8881.428718566895,23433.852332308885,23433.852332308885,-23433.852332308885,489172.3163000002,111486.02610000002,-111486.02610000002,-391127.4651435751,51452.07199597475,-51452.07199597475,0.432743102312088,0.8384952545166016,0.5075414776802063,0.4925597012042999,8384952.5,273.0435791015625,474.5345153808594,312.5617980957031,-73831480.0,-24962354.0,130188072.0,-274411040.0,0.0,0.0,-0.0,-0.0,243016816.0,-0.0,0.0,0.449086582660675,0.7490865826606751,-1.0,1.0,True,True,True,,0,0
7880400.0,4,-1.0602426925373116,False,False,ok,,,True,0.5660684108734131,-0.8660891652107239,1,0.0,0.5660684108734131,-0.8660891652107239,0.0,-53447.8204678179,70491.57605453538,0.4503107841894641,-70491.57605453538,-0.4503107841894641,156539.83544146415,0.0,0.0,-1.0602426925373116,0.40797323875668334,0.4366834765156827,0.40797323875668334,0.09925395980428565,0.06,0.0,-1.5105534767267756,-1.477915617626241,-0.03263785910053467,5.0,1.0,0.11239011523143513,1.0,12078.065277734186,-12078.065277734186,0.0,12078.065277734186,0.0,64.41634814791566,0.63457,0.1875,-64.41634814791566,-55073.38618058653,-2330.219171395681,0.0,-0.0,0.0,0.0,-0.0,-197221.77171707153,-33520.95329761505,33520.95329761505,-44413.31505775452,-32177.704095840454,32177.704095840454,26037.613702565428,2603.761370256543,-2603.761370256543,610680.7231000004,121508.40680000023,-121508.40680000023,-446200.85132416163,12078.065277734186,-12078.065277734186,0.243462473154068,0.8268330693244934,0.5040474534034729,0.4220182001590729,8268330.5,270.9723205566406,474.5345458984375,306.85565185546875,-84910264.0,-86608920.0,0.0,-64416348.0,0.0,0.0,-0.0,-0.0,235935520.0,-0.0,0.0,0.34220985174179075,0.6422098517417908,-1.0,1.0,True,True,False,,0,0
7884000.0,5,1.923151854807347,False,False,ok,,,True,0.4451579451560974,0.8279064893722534,1,0.0,0.4451579451560974,0.8279064893722534,0.0,-90713.3451336325,153456.67650320756,0.9803043172393682,-153456.67650320756,-0.9803043172393682,156539.83544146415,0.0,0.0,1.923151854807347,0.21594855437311772,0.24465879213211705,0.21594855437311772,0.02511615229308233,0.06,0.0,0.9428475375679787,0.9601234219178281,-0.01727588434984942,5.0,1.0,0.40797323875668334,1.0,51973.75949425544,-51973.75949425544,0.0,51973.75949425544,0.0,277.19338396936234,0.63457,0.1875,-277.19338396936234,-138748.4416747667,-2330.219171395681,0.0,-0.0,-487.86678523585795,-487.86678523585795,487.86678523585795,-224656.71122074127,-27434.93950366974,27434.93950366974,-32975.35490989685,11437.960147857666,-11437.960147857666,26037.613702565428,0.0,-0.0,728648.4862500007,117967.76315000025,-117967.76315000025,-584949.2929989283,51973.75949425544,-51973.75949425544,0.3721070885658264,0.825890839099884,0.5040474534034729,0.4220182001590729,8258908.5,270.6635437011719,474.5345458984375,306.85565185546875,-66773692.0,82790648.0,0.0,-277193376.0,0.0,-0.0,-4331595.5,-4331595.5,265508016.0,-0.0,0.0,0.41606841087341306,0.7160684108734131,-0.3972155213356051,1.0,True,True,True,,0,0
7887600.0,6,1.4234498779437592,False,False,ok,,,True,0.33337321877479553,-0.00037163496017456055,2,0.5182077884674072,0.33337321877479553,-0.00037163496017456055,0.932549090385437,-152513.86728518497,189542.8151263046,1.2108279952624674,-189542.8151263046,-1.2108279952624674,156539.83544146415,0.0,0.0,1.4234498779437592,0.17069308842210565,0.20283759370465249,0.17069308842210565,0.01863221529670283,0.06,0.0,0.2126218826812919,0.22627732975506035,-0.013655447073768453,5.0,1.0,0.21594855437311772,1.0,56851.14699592998,-56851.14699592998,0.0,56851.14699592998,0.0,303.20611731162654,0.63457,0.1875,-303.20611731162654,-194492.19028192712,-3232.0304088345283,-901.8112374388475,901.8112374388475,-5796.556693231797,-5308.689907995939,5308.689907995939,-245329.81270551682,-20673.101484775543,20673.101484775543,-31332.920789718628,1642.4341201782227,-1642.4341201782227,51216.43914297223,25178.825440406803,-25178.825440406803,861402.4974500012,132754.01120000053,-132754.01120000053,-779441.4832808555,56851.14699592998,-56851.14699592998,0.38858649134635925,0.8464271426200867,0.5124377608299255,0.42059630155563354,8464272.0,273.18841552734375,474.53448486328125,306.7406311035156,-50005984.0,-37163.49609375,139882368.0,-303206112.0,-9964748.0,-9964748.0,-41561408.0,-41561408.0,264893056.0,-0.0,0.0,0.3333333333333333,0.5951579451560974,-0.943955069184307,1.0,True,True,True,,0,0
7891200.0,7,-0.08867437469798867,False,False,ok,,,True,0.33344775438308716,-0.40783601999282837,1,0.0,0.33344775438308716,-0.40783601999282837,0.0,-141950.60049457656,91989.97922576668,0.5876458153053638,-91989.97922576668,-0.5876458153053638,156539.83544146415,0.0,0.0,-0.08867437469798867,0.30113890395942533,0.36348110801107336,0.30113890395942533,0.058699721215458724,0.06,0.0,-0.6763201900033524,-0.6522290776865984,-0.024091112316754027,5.0,1.0,0.17069308842210565,1.0,11048.341509485917,-11048.341509485917,0.0,11048.341509485917,0.0,58.924488050591556,0.63457,0.1875,-58.924488050591556,-70378.37092567235,-6374.279375740999,-3142.2489669064707,3142.2489669064707,-22266.844422283,-16470.287729051204,16470.287729051204,-265336.2307548523,-20006.41804933548,20006.41804933548,-46016.50404930115,-14683.58325958252,14683.58325958252,54014.08641412854,2797.647271156311,-2797.647271156311,993849.0259000015,132446.52845000033,-132446.52845000033,-849819.8542065278,11048.341509485917,-11048.341509485917,0.3022124767303467,0.8455423712730408,0.5105258822441101,0.33240532875061035,8455424.0,273.863037109375,474.5345153808594,299.60760498046875,-50017164.0,-40783600.0,0.0,-58924488.0,-7804817.5,-7804817.5,-95028336.0,-95028336.0,252558400.0,-0.0,0.0,0.3333333333333333,0.48337321877479555,-1.0,1.0,True,True,False,,0,0
7894800.0,8,-0.9428905828576916,False,False,ok,,,True,0.3420710265636444,-0.5948187708854675,1,0.0,0.3420710265636444,-0.5948187708854675,0.0,-102855.08194444966,16666.273360128733,0.1064666595127529,-16666.273360128733,-0.1064666595127529,156539.83544146415,0.0,0.0,-0.9428905828576916,0.502962945308577,0.565305149360225,0.502962945308577,0.16668728391556573,0.06,0.0,-1.0493572423704445,-1.0091202067457583,-0.04023703562468616,5.0,1.0,0.30113890395942533,1.0,-31278.0189827649,31278.0189827649,31278.0189827649,0.0,49.290100355776204,0.0,0.63457,0.1875,49.290100355776204,-8848.773792766733,-12026.911993726608,-5652.632617985609,5652.632617985609,-51431.779868820246,-29164.935446537245,29164.935446537245,-285808.7527155876,-20472.52196073532,20472.52196073532,-69061.32388114929,-23044.819831848145,23044.819831848145,54014.08641412854,0.0,-0.0,1120128.2281000013,126279.20219999983,-126279.20219999983,-858668.6279992945,-31278.0189827649,31278.0189827649,0.16665472090244293,0.8529450297355652,0.5105258822441101,0.33240532875061035,8529450.0,276.26068115234375,474.5345153808594,299.60760498046875,-51310652.0,-59481876.0,0.0,49290100.0,-28395320.0,-28395320.0,-142404912.0,-142404912.0,232302656.0,-0.0,0.0,0.3333333333333333,0.4834477543830872,-0.6469030678272282,1.0,True,True,False,,0,0
7898400.0,9,1.4115771755951547,False,False,ok,,,True,0.42536020278930664,0.8727010488510132,1,0.0,0.42536020278930664,0.8727010488510132,0.0,-83522.04429397304,63448.53555031516,0.40531878273272387,-63448.53555031516,-0.40531878273272387,156539.83544146415,0.0,0.0,1.4115771755951547,0.29695990820481377,0.3593021122564618,0.29695990820481377,0.05442938966317314,0.06,0.0,1.006258392862431,1.030015185518816,-0.0237567926563851,5.0,1.0,0.502962945308577,1.0,8849.947779559467,-8849.947779559467,0.0,8849.947779559467,0.0,47.199721490983826,0.63457,0.1875,-47.199721490983826,-35265.55012027908,-22322.482551280562,-10295.570557553954,10295.570557553954,-90996.41627628263,-39564.636407462385,39564.636407462385,-310830.62982559204,-25021.877110004425,25021.877110004425,-55731.980085372925,13329.343795776367,-13329.343795776367,54014.08641412854,0.0,-0.0,1236279.556150002,116151.3280500006,-116151.3280500006,-893934.1781195736,8849.947779559467,-8849.947779559467,0.3097451627254486,0.8615776896476746,0.5105258822441101,0.33240532875061035,8615777.0,279.05670166015625,474.5345153808594,299.60760498046875,-63804032.0,87270104.0,0.0,-47199720.0,-30680166.0,-30680166.0,-177287408.0,-177287408.0,231701232.0,-0.0,0.0,0.3333333333333333,0.49207102656364443,-0.07078257203102419,1.0,True,True,False,,0,0
7902000.0,10,-0.9594978306915334,False,False,ok,,,True,0.3338596820831299,-0.6234992146492004,1,0.0,0.3338596820831299,-0.6234992146492004,0.0,-59423.13147328665,-4164.08428325491,-0.026600796350089495,4164.08428325491,0.026600796350089495,156539.83544146415,0.0,0.0,-0.9594978306915334,0.4759245227097466,0.5382667267613946,0.4759245227097466,0.13973600951964452,0.06,0.0,-0.9328970343414439,-0.8948230725246642,-0.03807396181677973,5.0,1.0,0.29695990820481377,1.0,-22780.537669011763,22780.537669011763,22780.537669011763,0.0,80.32912891502437,0.0,0.28359,0.1875,80.32912891502437,5482.459434929537,-33282.49000092085,-10960.007449640289,10960.007449640289,-135989.41536199147,-44992.99908570884,44992.99908570884,-331411.2138748169,-20580.584049224854,20580.584049224854,-76432.54971504211,-20700.56962966919,20700.56962966919,54014.08641412854,0.0,-0.0,1352130.1697500013,115850.61359999934,-115850.61359999934,-888451.7186846441,-22780.537669011763,22780.537669011763,0.19516406953334808,0.868670642375946,0.5105258822441101,0.33240532875061035,8686706.0,281.3540344238281,474.5345153808594,299.60760498046875,-50078952.0,-62349920.0,0.0,80329128.0,-32095532.0,-32095532.0,-183226464.0,-183226464.0,247421744.0,-0.0,0.0,0.3333333333333333,0.5753602027893067,-0.6789169973135022,1.0,True,True,False,,0,0
7905600.0,11,1.3614234346456562,False,False,ok,,,True,0.4436553716659546,0.8443717360496521,1,0.0,0.4436553716659546,0.8443717360496521,0.0,-31417.519744006822,59424.29343080621,0.37961131914583546,-59424.29343080621,-0.37961131914583546,156539.83544146415,0.0,0.0,1.3614234346456562,0.2751595468600221,0.3375017509116701,0.2751595468600221,0.04266448093135355,0.06,0.0,0.9818121154998208,1.0038248792486226,-0.02201276374880177,5.0,1.0,0.4759245227097466,1.0,6810.618127083737,-6810.618127083737,0.0,6810.618127083737,0.0,36.32329667777993,0.18331,0.1875,-36.32329667777993,-24608.06357444264,-45012.639305147466,-11730.149304226616,11730.149304226616,-182100.6118318789,-46111.19646988742,46111.19646988742,-357371.7620372772,-25960.548162460327,25960.548162460327,-63727.85532474518,12704.694390296936,-12704.694390296936,54014.08641412854,0.0,-0.0,1475841.0446000015,123710.87485000025,-123710.87485000025,-913059.7822590867,6810.618127083737,-6810.618127083737,0.33248040080070496,0.87388014793396,0.5105258822441101,0.33240532875061035,8738802.0,283.0413513183594,474.5345153808594,299.60760498046875,-66548304.0,84437176.0,0.0,-36323296.0,-35278756.0,-35278756.0,-185927984.0,-185927984.0,239641168.0,-0.0,0.0,0.3333333333333333,0.4838596820831299,-0.19194729328155818,1.0,True,True,False,,0,0
7909200.0,12,-1.034525510921174,False,False,ok,,,True,0.3347167372703552,-0.7206320762634277,1,0.0,0.3347167372703552,-0.7206320762634277,0.0,-6883.635963613691,6169.24670918574,0.039410075344640576,-6169.24670918574,-0.039410075344640576,156539.83544146415,0.0,0.0,-1.034525510921174,0.48223096861533954,0.5445731726669876,0.48223096861533954,0.13867809688985303,0.06,0.0,-1.0739355862658144,-1.0353571087765872,-0.038578477489227166,5.0,1.0,0.2751595468600221,1.0,-12088.013694345944,12088.013694345944,12088.013694345944,0.0,65.94301289807399,0.0,0.18331,0.1875,65.94301289807399,6276.6233768614475,-57242.00210128056,-12229.362796133093,12229.362796133093,-226443.92531623505,-44343.31348435616,44343.31348435616,-378108.39807987213,-20736.63604259491,20736.63604259491,-87981.86659812927,-24254.011273384094,24254.011273384094,54014.08641412854,0.0,-0.0,1595661.6286000013,119820.5839999998,-119820.5839999998,-906783.1588822253,-12088.013694345944,12088.013694345944,0.19676341116428375,0.8773760795593262,0.5105258822441101,0.33240532875061035,8773761.0,284.17364501953125,474.5345153808594,299.60760498046875,-50207512.0,-72063208.0,0.0,65943012.0,-34529856.0,-34529856.0,-166882176.0,-166882176.0,257739744.0,-0.0,0.0,0.3333333333333333,0.5936553716659546,-0.7755417498946217,1.0,True,True,False,,0,0
7912800.0,13,1.5110999258359188,False,False,ok,,,True,0.4484468996524811,0.8435272574424744,1,0.0,0.4484468996524811,0.8435272574424744,0.0,9536.043621155524,83173.10567034635,0.5313223016734788,-83173.10567034635,-0.5313223016734788,156539.83544146415,0.0,0.0,1.5110999258359188,0.2817671690776098,0.3441093731292578,0.2817671690776098,0.043370916729475774,0.06,0.0,0.9797776241624401,1.0023189976886488,-0.022541373526208785,5.0,1.0,0.48223096861533954,1.0,17506.788014178655,-17506.788014178655,0.0,17506.788014178655,0.0,93.3695360756195,0.18331,0.1875,-93.3695360756195,-49246.63807139848,-68453.39024435611,-11211.38814307555,11211.38814307555,-264512.61844104645,-38068.6931248114,38068.6931248114,-404332.83108472824,-26224.43300485611,26224.43300485611,-75680.90426921844,12300.962328910828,-12300.962328910828,54014.08641412854,0.0,-0.0,1724531.4982000003,128869.86959999893,-128869.86959999893,-956029.7969536238,17506.788014178655,-17506.788014178655,0.3316422700881958,0.8792305588722229,0.5105258822441101,0.33240532875061035,8792306.0,284.7742919921875,474.5345153808594,299.60760498046875,-67267032.0,84352728.0,0.0,-93369536.0,-29071134.0,-29071134.0,-134273664.0,-134273664.0,239628640.0,-0.0,0.0,0.3333333333333333,0.48471673727035525,-0.19874447882175678,1.0,True,True,False,,0,0
7916400.0,14,-0.8129548969819497,False,False,ok,,,True,0.3349350690841675,-0.7154932618141174,1,0.0,0.3349350690841675,-0.7154932618141174,0.0,43175.05683601959,37019.23663421804,0.23648444838221935,-37019.23663421804,-0.23648444838221935,156539.83544146415,0.0,0.0,-0.8129548969819497,0.48391243912445236,0.5462546431761004,0.48391243912445236,0.13858139102045597,0.06,0.0,-1.049439345364169,-1.0107263502342128,-0.03871299512995619,5.0,1.0,0.2817671690776098,1.0,-404.9146198113195,404.9146198113195,404.9146198113195,0.0,1.4278169886502325,0.0,0.28359,0.1875,1.4278169886502325,-3785.138039165293,-76861.43280002159,-8408.04255566548,8408.04255566548,-293646.8653424683,-29134.246901421866,29134.246901421866,-425110.0062131882,-20777.17512845993,20777.17512845993,-99751.60717964172,-24070.70291042328,24070.70291042328,54014.08641412854,0.0,-0.0,1844345.8169500004,119814.3187500001,-119814.3187500001,-959814.934992789,-404.9146198113195,404.9146198113195,0.19699658453464508,0.8794073462486267,0.5105258822441101,0.33240532875061035,8794073.0,284.83154296875,474.5345153808594,299.60760498046875,-50240260.0,-71549328.0,0.0,1427817.0,-18299348.0,-18299348.0,-94609912.0,-94609912.0,233271024.0,-0.0,0.0,0.3333333333333333,0.5984468996524811,-0.7719796231389073,1.0,True,True,False,,0,0
7920000.0,15,1.6997680320095476,False,False,ok,,,True,0.44216683506965637,0.7930967807769775,1,0.0,0.44216683506965637,0.7930967807769775,0.0,32988.56980029004,119428.38621714132,0.762926483730717,-119428.38621714132,-0.762926483730717,156539.83544146415,0.0,0.0,1.6997680320095476,0.2918741431778408,0.3542163472294888,0.2918741431778408,0.04772577902184369,0.06,0.0,0.9368415482788307,0.960191479733058,-0.02334993145422726,5.0,1.0,0.48391243912445236,1.0,37799.02910823038,-37799.02910823038,0.0,37799.02910823038,0.0,201.59482191056202,0.63457,0.1875,-201.59482191056202,-91815.84414464049,-78841.02381881654,-1979.5910187949485,1979.5910187949485,-312200.5801632249,-18553.714820756577,18553.714820756577,-450996.6257214546,-25886.61950826645,25886.61950826645,-88337.8381729126,11413.769006729126,-11413.769006729126,54014.08641412854,0.0,-0.0,1960981.3304000008,116635.51345000044,-116635.51345000044,-1051630.7791374295,37799.02910823038,-37799.02910823038,0.3229188621044159,0.8762524724006653,0.5105258822441101,0.33240532875061035,8762525.0,283.8096923828125,474.5345153808594,299.60760498046875,-66325024.0,79309680.0,0.0,-201594816.0,0.0,0.0,-48734392.0,-48734392.0,237344560.0,-0.0,0.0,0.3333333333333333,0.4849350690841675,-0.19973550438881252,1.0,True,True,False,,0,0
7923600.0,16,-0.40474784890917803,False,False,ok,,,True,0.33362606167793274,-0.7047949433326721,1,0.0,0.33362606167793274,-0.7047949433326721,0.0,39362.45456140378,93359.81517735022,0.5963965332789736,-93359.81517735022,-0.5963965332789736,156539.83544146415,0.0,0.0,-0.40474784890917803,0.48435336576325894,0.546695569814907,0.48435336576325894,0.14493509136886487,0.06,0.0,-1.0011443821881516,-0.9623961129270908,-0.03874826926106072,5.0,1.0,0.2918741431778408,1.0,26471.34931231369,-26471.34931231369,0.0,26471.34931231369,0.0,141.18052966567302,0.63457,0.1875,-141.18052966567302,-60514.5811039228,-78841.02381881654,0.0,-0.0,-319529.16220873944,-7328.582045514544,7328.582045514544,-471665.4340624809,-20668.808341026306,20668.808341026306,-112124.26257133484,-23786.42439842224,23786.42439842224,54014.08641412854,0.0,-0.0,2079653.61105,118672.28064999916,-118672.28064999916,-1112145.3602413523,26471.34931231369,-26471.34931231369,0.1895301192998886,0.8686485290527344,0.5105258822441101,0.33240532875061035,8686485.0,281.34686279296875,474.5345153808594,299.60760498046875,-50043908.0,-70479496.0,0.0,-141180528.0,0.0,0.0,-5009199.0,-5009199.0,266713136.0,-0.0,0.0,0.3333333333333333,0.5921668350696564,-0.7349052155017889,1.0,True,True,False,,0,0
7927200.0,17,0.5292478592623319,False,False,ok,,,True,0.33705514669418335,-0.1388101577758789,1,0.0,0.33705514669418335,-0.1388101577758789,0.0,27666.32158745939,137320.2507095786,0.8772224036285483,-137320.2507095786,-0.8772224036285483,156539.83544146415,0.0,0.0,0.5292478592623319,0.5452246797603368,0.6075668838119849,0.5452246797603368,0.19069452537694798,0.06,0.0,-0.34797454436621644,-0.3043565699853895,-0.04361797438082695,5.0,1.0,0.48435336576325894,1.0,32672.50747842836,-32672.50747842836,0.0,32672.50747842836,0.0,174.2533732182846,1.13597,0.1875,-174.2533732182846,-116343.87620509462,-78841.02381881654,0.0,-0.0,-320218.9053327735,-689.7431240340811,689.7431240340811,-491868.1683540344,-20202.734291553497,20202.734291553497,-119940.60802459717,-7816.345453262329,7816.345453262329,54014.08641412854,0.0,-0.0,2213010.1771499994,133356.56609999947,-133356.56609999947,-1228489.236446447,32672.50747842836,-32672.50747842836,0.14355161786079407,0.8605520725250244,0.5105258822441101,0.33240532875061035,8605521.0,278.7244873046875,474.5345153808594,299.60760498046875,-50558272.0,-13881016.0,0.0,-174253376.0,0.0,0.0,-0.0,-0.0,238692656.0,-0.0,0.0,0.3333333333333333,0.48362606167793276,-0.16800299286842738,1.0,True,True,False,,0,0
7930800.0,18,1.3673527443451663,False,False,ok,,,True,0.4245884418487549,0.36993056535720825,1,0.0,0.4245884418487549,0.36993056535720825,0.0,3232.2288201505758,141268.06702253007,0.902441647674756,-141268.06702253007,-0.902441647674756,156539.83544146415,0.0,0.0,1.3673527443451663,0.4451205319156051,0.5074627359672531,0.4451205319156051,0.1289146478709679,0.06,0.0,0.4649110966704104,0.5005207392236588,-0.03560964255324841,5.0,1.0,0.5452246797603368,1.0,40768.33371720142,-40768.33371720142,0.0,40768.33371720142,0.0,217.43111315840758,1.13597,0.1875,-217.43111315840758,-124933.82607263746,-78841.02381881654,0.0,-0.0,-320218.9053327735,0.0,-0.0,-516818.2750940323,-24950.106739997864,24950.106739997864,-113837.09847927094,6103.509545326233,-6103.509545326233,54014.08641412854,0.0,-0.0,2332356.5076499977,119346.3304999983,-119346.3304999983,-1353423.0625190844,40768.33371720142,-40768.33371720142,0.20687299966812134,0.855430006980896,0.5105258822441101,0.33240532875061035,8554300.0,277.06549072265625,474.5345153808594,299.60760498046875,-63688268.0,36993056.0,0.0,-217431120.0,0.0,0.0,-0.0,-0.0,244126320.0,-0.0,0.0,0.3333333333333333,0.48705514669418337,0.02740564346313064,1.0,True,True,False,,0,0
7934400.0,19,0.7630285885015314,False,False,ok,,,True,0.4117194414138794,-0.05185195803642273,1,0.0,0.4117194414138794,-0.05185195803642273,0.0,-9336.600242901624,127087.40001351255,0.811853415171342,-127087.40001351255,-0.811853415171342,156539.83544146415,0.0,0.0,0.7630285885015314,0.44772194611177873,0.5100641501634268,0.44772194611177873,0.13206124542056993,0.06,0.0,-0.048824826669810584,-0.013007070980868285,-0.0358177556889423,5.0,1.0,0.4451205319156051,1.0,30931.428409551714,-30931.428409551714,0.0,30931.428409551714,0.0,164.9676181842758,1.13597,0.1875,-164.9676181842758,-108724.80066701304,-78841.02381881654,0.0,-0.0,-320218.9053327735,0.0,-0.0,-541598.6555814743,-24780.380487442017,24780.380487442017,-114963.90783786774,-1126.8093585968018,1126.8093585968018,54014.08641412854,0.0,-0.0,2454419.669099998,122063.16145000048,-122063.16145000048,-1462147.8631860975,30931.428409551714,-30931.428409551714,0.20329119265079498,0.852658748626709,0.5105258822441101,0.33240532875061035,8526587.0,276.16790771484375,474.5345153808594,299.60760498046875,-61757916.0,-5185196.0,0.0,-164967616.0,0.0,0.0,-0.0,-0.0,231910736.0,-0.0,0.0,0.3333333333333333,0.5745884418487549,-0.24171022325754601,1.0,True,True,False,,0,0
7938000.0,20,0.9734198450466198,False,False,ok,,,True,0.476005494594574,0.14982987940311432,1,0.0,0.476005494594574,0.14982987940311432,0.0,-23730.53832704576,125922.39738135663,0.8044112032329529,-125922.39738135663,-0.8044112032329529,156539.83544146415,0.0,0.0,0.9734198450466198,0.4074017891230761,0.46974399317472415,0.4074017891230761,0.1101294841418891,0.06,0.0,0.16900864181366698,0.20160078494351308,-0.03259214312984609,5.0,1.0,0.44772194611177873,1.0,35652.115640836004,-35652.115640836004,0.0,35652.115640836004,0.0,190.14461675112534,0.98555,0.1875,-190.14461675112534,-104664.21982466476,-78841.02381881654,0.0,-0.0,-320218.9053327735,0.0,-0.0,-569773.2689380646,-28174.61335659027,28174.61335659027,-112474.37784075737,2489.529997110367,-2489.529997110367,54014.08641412854,0.0,-0.0,2570375.0341999982,115955.36510000005,-115955.36510000005,-1566812.0830107622,35652.115640836004,-35652.115640836004,0.22904051840305328,0.8509625792503357,0.5105258822441101,0.33240532875061035,8509626.0,275.6185302734375,474.5345153808594,299.60760498046875,-71400824.0,14982988.0,0.0,-190144624.0,0.0,0.0,-0.0,-0.0,246562448.0,-0.0,0.0,0.3333333333333333,0.5617194414138794,-0.22648755908012827,1.0,True,True,False,,0,0
7941600.0,21,0.4984116330634343,False,False,ok,,,True,0.4718003273010254,-0.14914058148860931,1,0.0,0.4718003273010254,-0.14914058148860931,0.0,-32134.94735695182,117032.6959251402,0.7476224540232311,-117032.6959251402,-0.7476224540232311,156539.83544146415,0.0,0.0,0.4984116330634343,0.45004326113684595,0.512385465188494,0.45004326113684595,0.13459186724764224,0.06,0.0,-0.24921082095979685,-0.21320736006884916,-0.03600346089094768,5.0,1.0,0.4074017891230761,1.0,27154.12124174723,-27154.12124174723,0.0,27154.12124174723,0.0,144.82197995598523,0.98555,0.1875,-144.82197995598523,-98282.98371329904,-78841.02381881654,0.0,-0.0,-320218.9053327735,0.0,-0.0,-598106.5195798874,-28333.250641822815,28333.250641822815,-117543.77901554108,-5069.401174783707,5069.401174783707,54014.08641412854,0.0,-0.0,2693656.2606999963,123281.22649999801,-123281.22649999801,-1665095.0667240613,27154.12124174723,-27154.12124174723,0.20045441389083862,0.8492751121520996,0.5105258822441101,0.33240532875061035,8492751.0,275.0719909667969,474.5345153808594,299.60760498046875,-70770048.0,-14914058.0,0.0,-144821984.0,0.0,0.0,-0.0,-0.0,230506080.0,-0.0,0.0,0.3333333333333333,0.626005494594574,-0.3359222210198683,1.0,True,True,False,,0,0
7945200.0,22,0.9066347186845334,False,False,ok,,,True,0.5119150876998901,0.15760202705860138,1,0.0,0.5119150876998901,0.15760202705860138,0.0,-45323.839538284155,119594.09343353845,0.7639850463383102,-119594.09343353845,-0.7639850463383102,156539.83544146415,0.0,0.0,0.9066347186845334,0.41487532152322965,0.4772175255748777,0.41487532152322965,0.11318703908432629,0.06,0.0,0.14264967234622317,0.17583969806808153,-0.03319002572185837,5.0,1.0,0.45004326113684595,1.0,32574.99237203936,-32574.99237203936,0.0,32574.99237203936,0.0,173.7332926508766,0.63457,0.1875,-173.7332926508766,-100207.99324283144,-78841.02381881654,0.0,-0.0,-320218.9053327735,0.0,-0.0,-628580.7362794876,-30474.21669960022,30474.21669960022,-115303.50485444069,2240.2741611003876,-2240.2741611003876,54014.08641412854,0.0,-0.0,2808909.304299996,115253.04359999951,-115253.04359999951,-1765303.0599668927,32574.99237203936,-32574.99237203936,0.22531358897686005,0.8471543192863464,0.5105258822441101,0.33240532875061035,8471543.0,274.38507080078125,474.5345153808594,299.60760498046875,-76787264.0,15760203.0,0.0,-173733296.0,0.0,0.0,-0.0,-0.0,234760352.0,-0.0,0.0,0.3333333333333333,0.6218003273010254,-0.21443123742938516,1.0,True,True,False,,0,0
7948800.0,23,0.4867161216627171,False,False,ok,,,True,0.49637383222579956,-0.13209056854248047,1,0.0,0.49637383222579956,-0.13209056854248047,0.0,-52114.81398955766,112864.59877867388,0.7209960228997302,-112864.59877867388,-0.7209960228997302,156539.83544146415,0.0,0.0,0.4867161216627171,0.4544599426876302,0.5168021467392783,0.4544599426876302,0.1345832540781724,0.06,0.0,-0.2342799012370131,-0.19792310582200268,-0.03635679541501041,5.0,1.0,0.41487532152322965,1.0,29800.156108477877,-29800.156108477877,0.0,29800.156108477877,0.0,158.93416591188202,0.63457,0.1875,-158.93416591188202,-89855.41712146951,-78841.02381881654,0.0,-0.0,-320218.9053327735,0.0,-0.0,-658456.4137458801,-29875.677466392517,29875.677466392517,-119743.56126785278,-4440.056413412094,4440.056413412094,54014.08641412854,0.0,-0.0,2926289.4808499967,117380.1765500009,-117380.1765500009,-1855158.4770883622,29800.156108477877,-29800.156108477877,0.20049349963665009,0.844799816608429,0.5105258822441101,0.33240532875061035,8447998.0,273.6224670410156,474.5345153808594,299.60760498046875,-74456072.0,-13209057.0,0.0,-158934160.0,0.0,0.0,-0.0,-0.0,246599296.0,-0.0,0.0,0.3619150876998901,0.6619150876998902,-0.320082729980354,1.0,True,True,False,,0,0
7952400.0,24,2.227479340345417,False,False,ok,,,True,0.3607179820537567,0.8891668915748596,1,0.0,0.3607179820537567,0.8891668915748596,0.0,-97292.06369703877,168854.56533418602,1.0786683457152781,-168854.56533418602,-1.0786683457152781,156539.83544146415,0.0,0.0,2.227479340345417,0.22115919661575043,0.2835014006673985,0.22115919661575043,0.03054041437884856,0.06,0.0,1.1488109946301388,1.1665037303593988,-0.017692735729260035,5.0,1.0,0.4544599426876302,1.0,52535.28878426671,-52535.28878426671,0.0,52535.28878426671,0.0,280.18820684942244,0.63457,0.1875,-280.18820684942244,-161496.5262574004,-78841.02381881654,0.0,-0.0,-320218.9053327735,0.0,-0.0,-680913.4277701378,-22457.01402425766,22457.01402425766,-104266.91949367523,15476.641774177551,-15476.641774177551,54014.08641412854,0.0,-0.0,3049589.1296499954,123299.64879999869,-123299.64879999869,-2016655.0033457626,52535.28878426671,-52535.28878426671,0.35743552446365356,0.8426874876022339,0.5105258822441101,0.33240532875061035,8426875.0,272.9383239746094,474.5345153808594,299.60760498046875,-54107696.0,88916688.0,0.0,-280188192.0,0.0,0.0,-0.0,-0.0,245379216.0,-0.0,0.0,0.34637383222579954,0.6463738322257996,-0.21459739059210256,1.0,True,True,False,,0,0
7956000.0,25,0.9766901724834564,False,False,ok,,,True,0.33476290106773376,-0.016550779342651367,1,0.0,0.33476290106773376,-0.016550779342651367,0.0,-114967.98646018034,139834.32971537978,0.8932827182360802,-139834.32971537978,-0.8932827182360802,156539.83544146415,0.0,0.0,0.9766901724834564,0.2012575844156252,0.2635997884672733,0.2012575844156252,0.02476389142583795,0.06,0.0,0.08340745424737617,0.09950806100062617,-0.016100606753250014,5.0,1.0,0.22115919661575043,1.0,36203.72103854527,-36203.72103854527,0.0,36203.72103854527,0.0,193.0865122055748,0.63457,0.1875,-193.0865122055748,-121306.53143997607,-78841.02381881654,0.0,-0.0,-320218.9053327735,0.0,-0.0,-701154.932320118,-20241.504549980164,20241.504549980164,-103084.41376686096,1182.50572681427,-1182.50572681427,54014.08641412854,0.0,-0.0,3172278.737149996,122689.60750000086,-122689.60750000086,-2137961.5347857387,36203.72103854527,-36203.72103854527,0.3717139959335327,0.8411714434623718,0.5105258822441101,0.33240532875061035,8411714.0,272.447265625,474.5345153808594,299.60760498046875,-50214436.0,-1655077.875,0.0,-193086512.0,0.0,0.0,-0.0,-0.0,244956032.0,-0.0,0.0,0.3333333333333333,0.5107179820537567,-0.8816010057926226,1.0,True,True,False,,0,0
7959600.0,26,0.7082010837118191,False,False,ok,,,True,0.36557814478874207,-0.08374637365341187,1,0.0,0.36557814478874207,-0.08374637365341187,0.0,-127048.15409323442,135590.3022591711,0.8661712328800368,-135590.3022591711,-0.8661712328800368,156539.83544146415,0.0,0.0,0.7082010837118191,0.22918465969416213,0.29152686374581016,0.22918465969416213,0.03224539354150727,0.06,0.0,-0.15797014916821767,-0.1396353763926847,-0.01833477277553297,5.0,1.0,0.2012575844156252,1.0,37943.159403065154,-37943.159403065154,0.0,37943.159403065154,0.0,202.3635168163475,0.63457,0.1875,-202.3635168163475,-109727.31048916001,-78841.02381881654,0.0,-0.0,-320218.9053327735,0.0,-0.0,-722904.7295451164,-21749.797224998474,21749.797224998474,-106165.4863357544,-3081.0725688934326,3081.0725688934326,54014.08641412854,0.0,-0.0,3294756.749799995,122478.012649999,-122478.012649999,-2247688.8452748987,37943.159403065154,-37943.159403065154,0.3535900413990021,0.8404302597045898,0.5105258822441101,0.33240532875061035,8404303.0,272.20721435546875,474.5345153808594,299.60760498046875,-54836720.0,-8374637.5,0.0,-202363520.0,0.0,0.0,-0.0,-0.0,265574880.0,-0.0,0.0,0.3333333333333333,0.4847629010677338,-0.9422844901681003,1.0,True,True,False,,0,0
7963200.0,27,0.9261674975240248,False,False,ok,,,True,0.36872661113739014,0.008175313472747803,1,0.0,0.36872661113739014,0.008175313472747803,0.0,-142680.10728587082,148374.7228671203,0.9478400334884912,-148374.7228671203,-0.9478400334884912,156539.83544146415,0.0,0.0,0.9261674975240248,0.22984169969198368,0.29218390374363173,0.22984169969198368,0.03246317855836409,0.06,0.0,-0.021672535964466423,-0.003285199989107729,-0.018387335975358694,5.0,1.0,0.22918465969416213,1.0,37879.82063937492,-37879.82063937492,0.0,37879.82063937492,0.0,202.02571007666626,0.63457,0.1875,-202.02571007666626,-126126.85542038176,-78841.02381881654,0.0,-0.0,-320218.9053327735,0.0,-0.0,-745009.435415268,-22104.70587015152,22104.70587015152,-106353.31618785858,-187.829852104187,187.829852104187,54014.08641412854,0.0,-0.0,3427544.1877499954,132787.43795000017,-132787.43795000017,-2373815.7006952805,37879.82063937492,-37879.82063937492,0.3530910909175873,0.8405216336250305,0.5105258822441101,0.33240532875061035,8405217.0,272.23681640625,474.5345153808594,299.60760498046875,-55308992.0,817531.375,0.0,-202025712.0,0.0,0.0,-0.0,-0.0,256517168.0,-0.0,0.0,0.3333333333333333,0.5155781447887421,-0.8652576759457653,1.0,True,True,False,,0,0
7966800.0,28,0.9301826880418333,False,False,ok,,,True,0.33539146184921265,-0.001813352108001709,1,0.0,0.33539146184921265,-0.001813352108001709,0.0,-158170.13593847695,148104.07301534244,0.9461110815510206,-148104.07301534244,-0.9461110815510206,156539.83544146415,0.0,0.0,0.9301826880418333,0.22935765589943025,0.2916998599510783,0.22935765589943025,0.03254564887704902,0.06,0.0,-0.015928393509187275,0.0024202189627671455,-0.01834861247195442,5.0,1.0,0.22984169969198368,1.0,40217.91647096586,-40217.91647096586,0.0,40217.91647096586,0.0,214.49555451181791,0.63457,0.1875,-214.49555451181791,-123376.1851969827,-78841.02381881654,0.0,-0.0,-320218.9053327735,0.0,-0.0,-765332.9340219498,-20323.498606681824,20323.498606681824,-106402.24623680115,-48.93004894256592,48.93004894256592,54014.08641412854,0.0,-0.0,3555802.772949993,128258.58519999776,-128258.58519999776,-2497191.885892263,40217.91647096586,-40217.91647096586,0.3528705835342407,0.8413364291191101,0.5105258822441101,0.33240532875061035,8413364.0,272.5007019042969,474.5345153808594,299.60760498046875,-50308720.0,-181335.203125,0.0,-214495552.0,0.0,0.0,-0.0,-0.0,264985616.0,-0.0,0.0,0.3333333333333333,0.5187266111373902,-0.8631371533870756,1.0,True,True,False,,0,0
7970400.0,29,1.0038329167007727,False,False,ok,,,True,0.3407881557941437,0.03692048788070679,1,0.0,0.3407881557941437,0.03692048788070679,0.0,-174987.88453705696,151118.65918618397,0.965368711165489,-151118.65918618397,-0.965368711165489,156539.83544146415,0.0,0.0,1.0038329167007727,0.21817403030745425,0.28051623435910233,0.21817403030745425,0.029676026299352516,0.06,0.0,0.03846420553528365,0.05591812795987999,-0.01745392242459634,5.0,1.0,0.22935765589943025,1.0,38954.068903113046,-38954.068903113046,0.0,38954.068903113046,0.0,207.75503414993625,0.63457,0.1875,-207.75503414993625,-128982.33888165094,-78841.02381881654,0.0,-0.0,-320789.5257391449,-570.6204063713667,570.6204063713667,-785747.8432059288,-20414.909183979034,20414.909183979034,-105744.93086338043,657.3153734207153,-657.3153734207153,54014.08641412854,0.0,-0.0,3688295.5774499928,132492.80449999962,-132492.80449999962,-2626174.224773914,38954.068903113046,-38954.068903113046,0.3594736158847809,0.84261554479599,0.5105258822441101,0.33240532875061035,8426155.0,272.9150085449219,474.5345153808594,299.60760498046875,-51118224.0,3692048.75,0.0,-207755040.0,0.0,0.0,-5065033.0,-5065033.0,260246240.0,-0.0,0.0,0.3333333333333333,0.48539146184921267,-0.8622000381350586,1.0,True,True,False,,0,0
7974000.0,30,1.0106626408314816,False,False,ok,,,True,0.33335086703300476,0.1040300726890564,1,0.0,0.33335086703300476,0.1040300726890564,0.0,-186837.6867910686,135934.50408641977,0.86837004589321,-135934.50408641977,-0.86837004589321,156539.83544146415,0.0,0.0,1.0106626408314816,0.18672786547224401,0.24907006952389207,0.18672786547224401,0.02201057310386399,0.06,0.0,0.14229259493827165,0.15723082417605116,-0.01493822923777952,5.0,1.0,0.21817403030745425,1.0,29656.925797547756,-29656.925797547756,0.0,29656.925797547756,0.0,158.1702709202547,0.63457,0.1875,-158.1702709202547,-118127.38054288365,-78841.02381881654,0.0,-0.0,-326535.7747298903,-5746.2489907454,5746.2489907454,-805793.5189604759,-20045.67575454712,20045.67575454712,-103798.548579216,1946.3822841644287,-1946.3822841644287,54014.08641412854,0.0,-0.0,3818418.6981999907,130123.1207499979,-130123.1207499979,-2744301.6053167977,29656.925797547756,-29656.925797547756,0.3789374530315399,0.8448659777641296,0.5105258822441101,0.33240532875061035,8448660.0,273.6438903808594,474.5345153808594,299.60760498046875,-50002632.0,10403007.0,0.0,-158170272.0,0.0,0.0,-44626816.0,-44626816.0,242396704.0,-0.0,0.0,0.3333333333333333,0.4907881557941437,-0.8902628761529991,1.0,True,True,False,,0,0
7977600.0,31,0.6782485710723164,False,False,ok,,,True,0.33335888385772705,0.012434720993041992,1,0.0,0.33335888385772705,0.012434720993041992,0.0,-177858.27579508125,100394.02195082764,0.6413321035358348,-100394.02195082764,-0.6413321035358348,156539.83544146415,0.0,0.0,0.6782485710723164,0.17652024799699575,0.23886245204864381,0.17652024799699575,0.02044561318172017,0.06,0.0,0.03691646753648164,0.0510380873762413,-0.014121619839759661,5.0,1.0,0.18672786547224401,1.0,15966.77369897168,-15966.77369897168,0.0,15966.77369897168,0.0,85.15612639451562,0.63457,0.1875,-85.15612639451562,-75447.8372558686,-78841.02381881654,0.0,-0.0,-343737.28172077273,-17201.50699088245,17201.50699088245,-825795.0038909912,-20001.48493051529,20001.48493051529,-103366.66345596313,431.88512325286865,-431.88512325286865,54014.08641412854,0.0,-0.0,3939617.053249989,121198.3550499985,-121198.3550499985,-2819749.4425726663,15966.77369897168,-15966.77369897168,0.38325628638267517,0.8485953211784363,0.5105258822441101,0.33240532875061035,8485953.0,274.8517761230469,474.5345153808594,299.60760498046875,-50003832.0,1243472.125,0.0,-85156128.0,0.0,0.0,-97833800.0,-97833800.0,231750288.0,-0.0,0.0,0.3333333333333333,0.4833508670330048,-0.972984123229988,1.0,True,True,False,,0,0
7981200.0,32,-1.6046298394651655,False,False,ok,,,True,0.33355721831321716,-0.9476606845855713,1,0.0,0.33355721831321716,-0.9476606845855713,0.0,-147647.32951619462,-7439.882769586657,-0.04752708950156457,7439.882769586657,0.04752708950156457,156539.83544146415,0.0,0.0,-1.6046298394651655,0.48025669093475976,0.5425988949864078,0.48025669093475976,0.1509212002924188,0.06,0.0,-1.557102749963601,-1.5186822146888201,-0.03842053527478078,5.0,1.0,0.17652024799699575,1.0,-39798.907791890575,39798.907791890575,39798.907791890575,0.0,62.71791574119573,0.0,0.63457,0.1875,62.71791574119573,-2148.0787434172817,-78841.02381881654,0.0,-0.0,-373150.2418533145,-29412.960132541775,29412.960132541775,-845807.2469830513,-20012.24309206009,20012.24309206009,-137457.57865905762,-34090.91520309448,34090.91520309448,54014.08641412854,0.0,-0.0,4055492.1966999895,115875.14345000032,-115875.14345000032,-2821897.5213160836,-39798.907791890575,39798.907791890575,0.18282389640808105,0.8544925451278687,0.5105258822441101,0.33240532875061035,8544925.0,276.7618408203125,474.5345153808594,299.60760498046875,-50033584.0,-94766072.0,0.0,62717916.0,0.0,0.0,-141274448.0,-141274448.0,223356192.0,-0.0,0.0,0.3333333333333333,0.4833588838577271,-0.9913392409682356,1.0,True,True,False,,0,0
7984800.0,33,1.0439793211217336,False,False,ok,,,True,0.4492711126804352,0.6382471919059753,1,0.0,0.4492711126804352,0.6382471919059753,0.0,-126745.90503878574,65337.89111653489,0.4173882700992558,-65337.89111653489,-0.4173882700992558,156539.83544146415,0.0,0.0,1.0439793211217336,0.34934889835655925,0.4116911024082073,0.34934889835655925,0.07581603504864484,0.06,0.0,0.6265910510224778,0.6545389628910026,-0.02794791186852474,5.0,1.0,0.48025669093475976,1.0,11026.492357050369,-11026.492357050369,0.0,11026.492357050369,0.0,58.80795923760196,0.63457,0.1875,-58.80795923760196,-33409.97428207565,-78841.02381881654,0.0,-0.0,-411952.7595151725,-38802.517661858,38802.517661858,-872069.2303776741,-26261.983394622803,26261.983394622803,-129759.77194309235,7697.806715965271,-7697.806715965271,54014.08641412854,0.0,-0.0,4167170.2897999887,111678.09309999924,-111678.09309999924,-2855307.4955981593,11026.492357050369,-11026.492357050369,0.2754105031490326,0.8624646663665771,0.5105258822441101,0.33240532875061035,8624646.0,279.3439025878906,474.5345153808594,299.60760498046875,-67390664.0,63824720.0,0.0,-58807960.0,0.0,0.0,-171836032.0,-171836032.0,234209936.0,-0.0,0.0,0.3333333333333333,0.4835572183132172,-0.13950157612563052,1.0,True,True,False,,0,0
7988400.0,34,-0.5050464372323464,False,False,ok,,,True,0.33350807428359985,-0.4414609968662262,1,0.0,0.33350807428359985,-0.4414609968662262,0.0,-89282.4363426789,27842.81395161152,0.17786408087814135,-27842.81395161152,-0.17786408087814135,156539.83544146415,0.0,0.0,-0.5050464372323464,0.47827854525458346,0.5406207493062315,0.47827854525458346,0.1402342916353833,0.06,0.0,-0.6829105181104878,-0.6446482344901211,-0.038262283620366676,5.0,1.0,0.34934889835655925,1.0,-9824.137852647487,9824.137852647487,9824.137852647487,0.0,34.642046096997376,0.0,0.28359,0.1875,34.642046096997376,-203.48310815216973,-78841.02381881654,0.0,-0.0,-456069.61252014455,-44116.85300497204,44116.85300497204,-892774.2930650711,-20705.062687397003,20705.062687397003,-144375.87344646454,-14616.101503372192,14616.101503372192,54014.08641412854,0.0,-0.0,4284275.258799987,117104.96899999818,-117104.96899999818,-2855510.9787063114,-9824.137852647487,9824.137852647487,0.1946895867586136,0.8703129291534424,0.5105258822441101,0.33240532875061035,8703129.0,281.8858642578125,474.5345153808594,299.60760498046875,-50026212.0,-44146100.0,0.0,34642048.0,0.0,0.0,-182056624.0,-182056624.0,241586896.0,-0.0,0.0,0.3333333333333333,0.5992711126804352,-0.5329946094751449,1.0,True,True,False,,0,0
7992000.0,35,1.1249408015997788,False,False,ok,,,True,0.4557221829891205,0.6111541986465454,1,0.0,0.4557221829891205,0.6111541986465454,0.0,-59523.1477878466,68414.9076947262,0.43704471454046584,-68414.9076947262,-0.43704471454046584,156539.83544146415,0.0,0.0,1.1249408015997788,0.3353339840971662,0.3976761881488142,0.3353339840971662,0.06418073885335907,0.06,0.0,0.687896087059313,0.7147228057870864,-0.026826718727773296,5.0,1.0,0.47827854525458346,1.0,10327.77887200143,-10327.77887200143,0.0,10327.77887200143,0.0,55.081487317340965,0.18331,0.1875,-55.081487317340965,-28327.84026789246,-78841.02381881654,0.0,-0.0,-501400.81715847907,-45331.204638334515,45331.204638334515,-919384.3393921852,-26610.046327114105,26610.046327114105,-135140.94185829163,9234.931588172913,-9234.931588172913,54014.08641412854,0.0,-0.0,4405068.706999989,120793.44820000231,-120793.44820000231,-2883838.818974204,10327.77887200143,-10327.77887200143,0.2943100333213806,0.8767989873886108,0.5105258822441101,0.33240532875061035,8767990.0,283.9866638183594,474.5345153808594,299.60760498046875,-68358328.0,61115420.0,0.0,-55081488.0,0.0,0.0,-180431824.0,-180431824.0,242756224.0,-0.0,0.0,0.3333333333333333,0.4835080742835999,-0.18993072360754912,1.0,True,True,False,,0,0
7995600.0,36,-0.5660189664881744,False,False,ok,,,True,0.3337063789367676,-0.5301230549812317,1,0.0,0.3337063789367676,-0.5301230549812317,0.0,-20592.094803953885,39000.204007757726,0.24913916574507514,-39000.204007757726,-0.24913916574507514,156539.83544146415,0.0,0.0,-0.5660189664881744,0.4905173332124174,0.5528595372640654,0.4905173332124174,0.14122384611041422,0.06,0.0,-0.8151581322332495,-0.7759167455762561,-0.03924138665699339,5.0,1.0,0.3353339840971662,1.0,-179.08367635190015,179.08367635190015,179.08367635190015,0.0,0.9769443912056088,0.0,0.18331,0.1875,0.9769443912056088,-248.23470021691173,-78841.02381881654,0.0,-0.0,-544983.0388818181,-43582.221723339,43582.221723339,-940138.8169527054,-20754.477560520172,20754.477560520172,-153003.06344032288,-17862.12158203125,17862.12158203125,54014.08641412854,0.0,-0.0,4526446.815549992,121378.1085500028,-121378.1085500028,-2884087.053674421,-179.08367635190015,179.08367635190015,0.1942717581987381,0.8819249868392944,0.5105258822441101,0.33240532875061035,8819250.0,285.6468811035156,474.5345153808594,299.60760498046875,-50055956.0,-53012304.0,0.0,976944.375,0.0,0.0,-166876272.0,-166876272.0,268967584.0,-0.0,0.0,0.3333333333333333,0.6057221829891205,-0.6133175858855339,1.0,True,True,False,,0,0
7999200.0,37,1.1015079250099553,False,False,ok,,,True,0.44469934701919556,0.4647395610809326,1,0.0,0.44469934701919556,0.4647395610809326,0.0,3634.3166585407166,96580.52206596127,0.6169708930227934,-96580.52206596127,-0.6169708930227934,156539.83544146415,0.0,0.0,1.1015079250099553,0.3874113452903396,0.44975354934198764,0.3874113452903396,0.08378611282009084,0.06,0.0,0.4845370319871619,0.5155299396103891,-0.030992907623227168,5.0,1.0,0.4905173332124174,1.0,20321.04728814171,-20321.04728814171,0.0,20321.04728814171,0.0,108.37891887008914,0.18331,0.1875,-108.37891887008914,-52033.06331532495,-78841.02381881654,0.0,-0.0,-583436.1779208733,-38453.13903905521,38453.13903905521,-966154.8199653625,-26016.003012657166,26016.003012657166,-146758.24356079102,6244.81987953186,-6244.81987953186,54014.08641412854,0.0,-0.0,4660930.612499993,134483.79695000127,-134483.79695000127,-2936120.1169897458,20321.04728814171,-20321.04728814171,0.2654514014720917,0.8855884075164795,0.5105258822441101,0.33240532875061035,8855884.0,286.83343505859375,474.5345153808594,299.60760498046875,-66704904.0,46473956.0,0.0,-108378920.0,0.0,0.0,-137735424.0,-137735424.0,266345280.0,-0.0,0.0,0.3333333333333333,0.4837063789367676,-0.1881549432873819,1.0,True,True,False,,0,0
8002800.0,38,-0.042500874258362464,False,False,ok,,,True,0.33377042412757874,-0.3714442253112793,1,0.0,0.33377042412757874,-0.3714442253112793,0.0,34044.19383467358,82404.08713114714,0.5264096956455597,-82404.08713114714,-0.5264096956455597,156539.83544146415,0.0,0.0,-0.042500874258362464,0.4933006488889016,0.5556428529405497,0.4933006488889016,0.1399454362393345,0.06,0.0,-0.5689105699039222,-0.5294465179928101,-0.03946405191111213,5.0,1.0,0.3874113452903396,1.0,12273.949456875665,-12273.949456875665,0.0,12273.949456875665,0.0,65.46106377000355,0.28359,0.1875,-65.46106377000355,-39720.26049813861,-78841.02381881654,0.0,-0.0,-613344.3694225529,-29908.191501679597,29908.191501679597,-986846.618950367,-20691.798985004425,20691.798985004425,-159200.7565498352,-12442.51298904419,12442.51298904419,54014.08641412854,0.0,-0.0,4794103.253649995,133172.64115000144,-133172.64115000144,-2975840.3774878844,12273.949456875665,-12273.949456875665,0.19608740508556366,0.8874317407608032,0.5105258822441101,0.33240532875061035,8874318.0,287.43048095703125,474.5345153808594,299.60760498046875,-50065564.0,-37144424.0,0.0,-65461064.0,0.0,0.0,-97207640.0,-97207640.0,249878688.0,-0.0,0.0,0.3333333333333333,0.5946993470191956,-0.4906684020161725,1.0,True,True,False,,0,0
8006400.0,39,0.4279433885659352,False,False,ok,,,True,0.35198432207107544,-0.09873071312904358,1,0.0,0.35198432207107544,-0.09873071312904358,0.0,48114.417474192414,106711.3248286026,0.6816879839413514,-106711.3248286026,-0.6816879839413514,156539.83544146415,0.0,0.0,0.4279433885659352,0.5354818582322686,0.5978240622839166,0.5354818582322686,0.16812848749858728,0.06,0.0,-0.2537445953754162,-0.21090604671683472,-0.042838548658581485,5.0,1.0,0.4933006488889016,1.0,26416.95632786338,-26416.95632786338,0.0,26416.95632786338,0.0,140.8904337486047,0.63457,0.1875,-140.8904337486047,-66224.14486122038,-78841.02381881654,0.0,-0.0,-631939.4859113182,-18595.116488765343,18595.116488765343,-1007856.3948869705,-21009.775936603546,21009.775936603546,-164240.8391237259,-5040.082573890686,5040.082573890686,54014.08641412854,0.0,-0.0,4919042.597149992,124939.34349999763,-124939.34349999763,-3042064.5223491048,26416.95632786338,-26416.95632786338,0.16643986105918884,0.8851416707038879,0.5105258822441101,0.33240532875061035,8851416.0,286.6887512207031,474.5345153808594,299.60760498046875,-52797648.0,-9873071.0,0.0,-140890432.0,0.0,0.0,-45622840.0,-45622840.0,249184000.0,-0.0,0.0,0.3333333333333333,0.48377042412757876,-0.19587146192790045,1.0,True,True,False,,0,0
8010000.0,40,0.7074227013357767,False,False,ok,,,True,0.33779728412628174,-0.0451393686234951,1,0.0,0.33779728412628174,-0.0451393686234951,0.0,44160.09673562224,126103.70885628767,0.8055694481897061,-126103.70885628767,-0.8055694481897061,156539.83544146415,0.0,0.0,0.7074227013357767,0.546369298821904,0.608711502873552,0.546369298821904,0.17979099392810327,0.06,0.0,-0.09814674685392943,-0.05443720294817711,-0.04370954390575232,5.0,1.0,0.5354818582322686,1.0,30868.63245615751,-30868.63245615751,0.0,30868.63245615751,0.0,164.63270643284005,0.63457,0.1875,-164.63270643284005,-99189.39713870035,-78841.02381881654,0.0,-0.0,-638923.5065129796,-6984.02060166141,6984.02060166141,-1028209.3541622162,-20352.959275245667,20352.959275245667,-166260.7792466879,-2019.940122961998,2019.940122961998,54014.08641412854,0.0,-0.0,5043634.593549995,124591.99640000239,-124591.99640000239,-3141253.919487805,30868.63245615751,-30868.63245615751,0.15455785393714905,0.8782060742378235,0.5105258822441101,0.33240532875061035,8782061.0,284.4423522949219,474.5345153808594,299.60760498046875,-50669592.0,-4513937.0,0.0,-164632704.0,0.0,0.0,-5837367.0,-5837367.0,225653600.0,-0.0,0.0,0.3333333333333333,0.5019843220710755,-0.06986939758063321,1.0,True,True,False,,0,0
8013600.0,41,0.8055093990712245,False,False,ok,,,True,0.3368498384952545,0.002645980566740036,1,0.0,0.3368498384952545,0.002645980566740036,0.0,32825.52153827416,127240.10129672047,0.8128288939226598,-127240.10129672047,-0.8128288939226598,156539.83544146415,0.0,0.0,0.8055093990712245,0.5392059033387707,0.6015481073904188,0.5392059033387707,0.1800096176320839,0.06,0.0,-0.007319494851435293,0.03581697741566636,-0.043136472267101655,5.0,1.0,0.546369298821904,1.0,35568.20767169734,-35568.20767169734,0.0,35568.20767169734,0.0,189.69710758238583,1.13597,0.1875,-189.69710758238583,-103006.46882237121,-78841.02381881654,0.0,-0.0,-639728.8094801632,-805.3029671835247,805.3029671835247,-1048426.0291457176,-20216.674983501434,20216.674983501434,-166393.70907098055,-132.92982429265976,132.92982429265976,54014.08641412854,0.0,-0.0,5156461.394949993,112826.80139999837,-112826.80139999837,-3244260.3883101763,35568.20767169734,-35568.20767169734,0.15397202968597412,0.8701639771461487,0.5105258822441101,0.33240532875061035,8701640.0,281.83758544921875,474.5345153808594,299.60760498046875,-50527476.0,264598.0625,0.0,-189697104.0,0.0,0.0,-0.0,-0.0,239959984.0,-0.0,0.0,0.3333333333333333,0.48779728412628176,-0.019370894506583643,1.0,True,True,False,,0,0
8017200.0,42,1.0561089138770074,False,False,ok,,,True,0.45295482873916626,0.14154517650604248,1,0.0,0.45295482873916626,0.14154517650604248,0.0,16963.64262323292,136056.54855030397,0.8691496842743289,-136056.54855030397,-0.8691496842743289,156539.83544146415,0.0,0.0,1.0561089138770074,0.49391147383684547,0.5562536778884934,0.49391147383684547,0.1542507572016064,0.06,0.0,0.1869592296026786,0.22647214750962624,-0.03951291790694764,5.0,1.0,0.5392059033387707,1.0,40004.110544949246,-40004.110544949246,0.0,40004.110544949246,0.0,213.3552562397293,1.13597,0.1875,-213.3552562397293,-111914.31692039594,-78841.02381881654,0.0,-0.0,-639728.8094801632,0.0,-0.0,-1074906.6889286041,-26480.659782886505,26480.659782886505,-163840.6039327383,2553.1051382422447,-2553.1051382422447,54014.08641412854,0.0,-0.0,5276441.387599995,119979.99265000224,-119979.99265000224,-3356174.7052305723,40004.110544949246,-40004.110544949246,0.17950308322906494,0.863166093826294,0.5105258822441101,0.33240532875061035,8631661.0,279.571044921875,474.5345153808594,299.60760498046875,-67943224.0,14154518.0,0.0,-213355264.0,0.0,0.0,-0.0,-0.0,267143968.0,-0.0,0.0,0.3333333333333333,0.48684983849525454,-0.016881132777790304,1.0,True,True,False,,0,0
8020800.0,43,0.7865012846968001,False,False,ok,,,True,0.5830819606781006,-0.016921713948249817,1,0.0,0.5830819606781006,-0.016921713948249817,0.0,7089.733902803442,125584.56665872083,0.8022530897937566,-125584.56665872083,-0.8022530897937566,156539.83544146415,0.0,0.0,0.7865012846968001,0.4892340894254299,0.5515762934770779,0.4892340894254299,0.15485596848984054,0.06,0.0,-0.01575180509695652,0.023386922057077875,-0.039138727154034395,5.0,1.0,0.49391147383684547,1.0,26542.831406898735,-26542.831406898735,0.0,26542.831406898735,0.0,141.56176750345992,1.13597,0.1875,-141.56176750345992,-108915.64397225156,-78841.02381881654,0.0,-0.0,-639728.8094801632,0.0,-0.0,-1109110.8437776566,-34204.15484905243,34204.15484905243,-164166.6952818632,-326.09134912490845,326.09134912490845,54014.08641412854,0.0,-0.0,5410013.369049998,133571.98145000264,-133571.98145000264,-3465090.349202824,26542.831406898735,-26542.831406898735,0.17875055968761444,0.8573599457740784,0.5105258822441101,0.33240532875061035,8573599.0,277.6904602050781,474.5345153808594,299.60760498046875,-87462296.0,-1692171.375,0.0,-141561760.0,0.0,0.0,-0.0,-0.0,230716240.0,-0.0,0.0,0.3333333333333333,0.6029548287391663,-0.1253881011530861,1.0,True,True,False,,0,0
8024400.0,44,0.9456721866096958,False,False,ok,,,True,0.6965810060501099,0.21266454458236694,1,0.0,0.6965810060501099,0.21266454458236694,0.0,-3047.036528878002,105248.63585292287,0.6723441068920704,-105248.63585292287,-0.6723441068920704,156539.83544146415,0.0,0.0,0.9456721866096958,0.42772487547431576,0.4900670795259638,0.42772487547431576,0.12045325882995941,0.06,0.0,0.2733280797176254,0.3075460697555707,-0.03421799003794526,5.0,1.0,0.4892340894254299,1.0,27244.11049701004,-27244.11049701004,0.0,27244.11049701004,0.0,145.3019226507202,0.98555,0.1875,-145.3019226507202,-88141.29578759428,-78841.02381881654,0.0,-0.0,-639728.8094801632,0.0,-0.0,-1150224.709868431,-41113.866090774536,41113.866090774536,-160406.4203351736,3760.2749466896057,-3760.2749466896057,54014.08641412854,0.0,-0.0,5525371.485549994,115358.11649999581,-115358.11649999581,-3553231.644990418,27244.11049701004,-27244.11049701004,0.21663202345371246,0.8526729345321655,0.5105258822441101,0.33240532875061035,8526729.0,276.1723937988281,474.5345153808594,299.60760498046875,-104487152.0,21266454.0,0.0,-145301920.0,0.0,0.0,-0.0,-0.0,228522624.0,-0.0,0.0,0.43308196067810056,0.7330819606781006,-0.12218989860267464,1.0,True,True,False,,0,0
8028000.0,45,0.22174591515445863,False,False,ok,,,True,0.8303695321083069,-0.1727762222290039,1,0.0,0.8303695321083069,-0.1727762222290039,0.0,869.7357679892184,77355.59996143164,0.494159200712573,-77355.59996143164,-0.494159200712573,156539.83544146415,0.0,0.0,0.22174591515445863,0.47461371317513645,0.5369559172267845,0.47461371317513645,0.14950331176858486,0.06,0.0,-0.2724132855581144,-0.23444418850410348,-0.037969097054010914,5.0,1.0,0.42772487547431576,1.0,17908.346092660042,-17908.346092660042,0.0,17908.346092660042,0.0,95.51117916085356,0.98555,0.1875,-95.51117916085356,-55530.48157190438,-78841.02381881654,0.0,-0.0,-639728.8094801632,0.0,-0.0,-1199244.1506385803,-49019.44077014923,49019.44077014923,-166201.035246253,-5794.614911079407,5794.614911079407,54014.08641412854,0.0,-0.0,5639632.795099998,114261.30955000408,-114261.30955000408,-3608762.1265623225,17908.346092660042,-17908.346092660042,0.18429741263389587,0.8489401936531067,0.5105258822441101,0.33240532875061035,8489402.0,274.96337890625,474.5345153808594,299.60760498046875,-124555432.0,-17277622.0,0.0,-95511176.0,0.0,0.0,-0.0,-0.0,237344224.0,-0.0,0.0,0.5465810060501098,0.8465810060501099,-0.28318610381336007,1.0,True,True,False,,0,0
8031600.0,46,0.7869769818058835,False,False,ok,,,True,0.9453486204147339,0.21440234780311584,1,0.0,0.9453486204147339,0.21440234780311584,0.0,-2222.0980809421976,90305.59866113917,0.5768857390610179,-90305.59866113917,-0.5768857390610179,156539.83544146415,0.0,0.0,0.7869769818058835,0.4257829376241765,0.48812514167582455,0.4257829376241765,0.11860564297013892,0.06,0.0,0.21009124274486557,0.2441538777547997,-0.034062635009934124,5.0,1.0,0.47461371317513645,1.0,24496.38838464403,-24496.38838464403,0.0,24496.38838464403,0.0,130.64740471810148,0.63457,0.1875,-130.64740471810148,-68901.04412542656,-78841.02381881654,0.0,-0.0,-639728.8094801632,0.0,-0.0,-1255275.1933336258,-56031.04269504547,56031.04269504547,-163032.89787471294,3168.1373715400696,-3168.1373715400696,54014.08641412854,0.0,-0.0,5758304.910699995,118672.11559999734,-118672.11559999734,-3677663.170687749,24496.38838464403,-24496.38838464403,0.21882450580596924,0.8459802865982056,0.5105258822441101,0.33240532875061035,8459803.0,274.00469970703125,474.5345153808594,299.60760498046875,-141802288.0,21440234.0,0.0,-130647408.0,0.0,0.0,-0.0,-0.0,251009456.0,-0.0,0.0,0.6803695321083069,0.9803695321083069,-0.14576399009675814,1.0,True,True,False,,0,0
8035200.0,47,0.1700147410683419,False,False,ok,,,True,0.9889405965805054,-0.18129532039165497,1,0.0,0.9889405965805054,-0.18129532039165497,0.0,4620.103963812985,74453.7974937523,0.4756220503476461,-74453.7974937523,-0.4756220503476461,156539.83544146415,0.0,0.0,0.1700147410683419,0.4792366136614541,0.5415788177131021,0.4792366136614541,0.14914155558954442,0.06,0.0,-0.3056073092793042,-0.2672683801863879,-0.03833892909291633,5.0,1.0,0.4257829376241765,1.0,14121.776770079756,-14121.776770079756,0.0,14121.776770079756,0.0,75.3161427737587,0.63457,0.1875,-75.3161427737587,-53489.81867891736,-78841.02381881654,0.0,-0.0,-639728.8094801632,0.0,-0.0,-1314350.0772714615,-59074.88393783569,59074.88393783569,-169130.7247132063,-6097.826838493347,6097.826838493347,54014.08641412854,0.0,-0.0,5883809.642199995,125504.73149999976,-125504.73149999976,-3731152.9893666664,14121.776770079756,-14121.776770079756,0.18472060561180115,0.8436824679374695,0.5105258822441101,0.33240532875061035,8436825.0,273.2604675292969,474.5345153808594,299.60760498046875,-148341088.0,-18129532.0,0.0,-75316144.0,0.0,0.0,-0.0,-0.0,241786768.0,-0.0,0.0,0.7953486204147339,1.0,-0.2925041639432419,1.0,True,True,False,,0,0
8038800.0,48,1.9321347283475685,False,False,ok,,,True,0.8466414213180542,0.8952826857566833,1,0.0,0.8466414213180542,0.8952826857566833,0.0,-25600.01834731533,122754.15742101414,0.7841720101137855,-122754.15742101414,-0.7841720101137855,156539.83544146415,0.0,0.0,1.9321347283475685,0.24571266733730068,0.3080548713889487,0.24571266733730068,0.03769907786612962,0.06,0.0,1.147962718233783,1.167619731620767,-0.019657013386984053,5.0,1.0,0.4792366136614541,1.0,38123.14853961754,-38123.14853961754,0.0,38123.14853961754,0.0,203.3234588779602,0.63457,0.1875,-203.3234588779602,-114851.13119252492,-78841.02381881654,0.0,-0.0,-639728.8094801632,0.0,-0.0,-1366002.3576021194,-51652.28033065796,51652.28033065796,-153740.8176511526,15389.90706205368,-15389.90706205368,54014.08641412854,0.0,-0.0,6004703.024349995,120893.38214999996,-120893.38214999996,-3846004.1205591913,38123.14853961754,-38123.14853961754,0.3416057229042053,0.8418787717819214,0.5105258822441101,0.33240532875061035,8418788.0,272.67626953125,474.5345153808594,299.60760498046875,-126996216.0,89528272.0,0.0,-203323456.0,0.0,0.0,-0.0,-0.0,240791408.0,-0.0,0.0,0.8389405965805053,1.0,-0.14756257515401752,1.0,True,True,False,,0,0
8042400.0,49,0.8040751227503545,False,False,ok,,,True,0.6990705132484436,0.020401954650878906,1,0.0,0.6990705132484436,0.020401954650878906,0.0,-32579.931686111544,104368.73953899552,0.6667231969719473,-104368.73953899552,-0.6667231969719473,156539.83544146415,0.0,0.0,0.8040751227503545,0.21480539584805042,0.2771475998996985,0.21480539584805042,0.028169835791436986,0.06,0.0,0.1373519257784073,0.15453635744625133,-0.017184431667844034,5.0,1.0,0.24571266733730068,1.0,24644.893477091504,-24644.893477091504,0.0,24644.893477091504,0.0,131.43943187782136,0.63457,0.1875,-131.43943187782136,-86703.75940070022,-78841.02381881654,0.0,-0.0,-639728.8094801632,0.0,-0.0,-1408832.0138454437,-42829.65624332428,42829.65624332428,-151583.01709592342,2157.800555229187,-2157.800555229187,54014.08641412854,0.0,-0.0,6125098.72609999,120395.70174999535,-120395.70174999535,-3932707.8799598916,24644.893477091504,-24644.893477091504,0.36318373680114746,0.8404189944267273,0.5105258822441101,0.33240532875061035,8404190.0,272.2034606933594,474.5345153808594,299.60760498046875,-104860576.0,2040195.5,0.0,-131439432.0,0.0,0.0,-0.0,-0.0,234259808.0,-0.0,0.0,0.6966414213180542,0.9966414213180542,-0.8143242977187144,1.0,True,True,False,,0,0
8046000.0,50,0.5883665296288183,False,False,ok,,,True,0.5550451278686523,-0.07127833366394043,1,0.0,0.5550451278686523,-0.07127833366394043,0.0,-37721.080846565186,113225.93164174785,0.7233042715449071,-113225.93164174785,-0.7233042715449071,156539.83544146415,0.0,0.0,0.5883665296288183,0.23798518132998836,0.3003273853816364,0.23798518132998836,0.03454466373230296,0.06,0.0,-0.1349377419160888,-0.11589892740968971,-0.01903881450639907,5.0,1.0,0.21480539584805042,1.0,32788.10102874527,-32788.10102874527,0.0,32788.10102874527,0.0,174.86987215330808,0.63457,0.1875,-174.86987215330808,-85578.97977345623,-78841.02381881654,0.0,-0.0,-639728.8094801632,0.0,-0.0,-1442998.8738298416,-34166.85998439789,34166.85998439789,-154108.23319852352,-2525.2161026000977,2525.2161026000977,54014.08641412854,0.0,-0.0,6242228.632799992,117129.90670000203,-117129.90670000203,-4018286.859733348,32788.10102874527,-32788.10102874527,0.34849753975868225,0.8392685055732727,0.5105258822441101,0.33240532875061035,8392685.0,271.8308410644531,474.5345153808594,299.60760498046875,-83256768.0,-7127833.5,0.0,-174869872.0,0.0,0.0,-0.0,-0.0,265254480.0,-0.0,0.0,0.5490705132484436,0.8490705132484436,-0.9060308213159542,1.0,True,True,False,,0,0
8049600.0,51,0.8308695973622766,False,False,ok,,,True,0.4721660614013672,-0.006950497627258301,1,0.0,0.4721660614013672,-0.006950497627258301,0.0,-49565.243650503784,137505.71799795367,0.8784071965462873,-137505.71799795367,-0.8784071965462873,156539.83544146415,0.0,0.0,0.8308695973622766,0.24359517831377017,0.30593738236541823,0.24359517831377017,0.0360105977653096,0.06,0.0,-0.047537599184010675,-0.02804998491890906,-0.019487614265101615,5.0,1.0,0.23798518132998836,1.0,34241.049980075455,-34241.049980075455,0.0,34241.049980075455,0.0,182.61893322706908,0.63457,0.1875,-182.61893322706908,-115108.83082181681,-78841.02381881654,0.0,-0.0,-639728.8094801632,0.0,-0.0,-1471826.1119127274,-28827.238082885742,28827.238082885742,-154643.56444776058,-535.3312492370605,535.3312492370605,54014.08641412854,0.0,-0.0,6374855.870149992,132627.23735000007,-132627.23735000007,-4133395.6905551646,34241.049980075455,-34241.049980075455,0.3453485071659088,0.8383820652961731,0.5105258822441101,0.33240532875061035,8383820.5,271.543701171875,474.5345153808594,299.60760498046875,-70824912.0,-695049.75,0.0,-182618928.0,0.0,0.0,-0.0,-0.0,254138896.0,-0.0,0.0,0.4050451278686523,0.7050451278686524,-0.8436144871637334,1.0,True,True,False,,0,0
8053200.0,52,0.8078593491969311,False,False,ok,,,True,0.36748605966567993,-0.020226120948791504,1,0.0,0.36748605966567993,-0.020226120948791504,0.0,-63262.53990299354,135148.94117534207,0.8633517519307672,-135148.94117534207,-0.8633517519307672,156539.83544146415,0.0,0.0,0.8078593491969311,0.2506827350989541,0.31302493915060214,0.2506827350989541,0.03811320784148699,0.06,0.0,-0.05549240273383603,-0.0354377839259197,-0.02005461880791633,5.0,1.0,0.24359517831377017,1.0,31512.68101036291,-31512.68101036291,0.0,31512.68101036291,0.0,168.06763205526886,0.63457,0.1875,-168.06763205526886,-117333.55641746894,-78841.02381881654,0.0,-0.0,-639728.8094801632,0.0,-0.0,-1494503.3555030823,-22677.24359035492,22677.24359035492,-155399.5067924261,-755.9423446655273,755.9423446655273,54014.08641412854,0.0,-0.0,6501925.316249989,127069.44609999657,-127069.44609999657,-4250729.2469726335,31512.68101036291,-31512.68101036291,0.34090179204940796,0.8379645943641663,0.5105258822441101,0.33240532875061035,8379645.5,271.40850830078125,474.5345153808594,299.60760498046875,-55122908.0,-2022612.125,0.0,-168067632.0,0.0,0.0,-0.0,-0.0,225213152.0,-0.0,0.0,0.3333333333333333,0.6221660614013672,-0.8302312059328069,1.0,True,True,False,,0,0
8056800.0,53,0.8020363379808383,False,False,ok,,,True,0.36802464723587036,0.03277897834777832,1,0.0,0.36802464723587036,0.03277897834777832,0.0,-75055.18673185147,121756.58469366298,0.7777993655754936,-121756.58469366298,-0.7777993655754936,156539.83544146415,0.0,0.0,0.8020363379808383,0.24196391793098934,0.3043061219826374,0.24196391793098934,0.03555467119990299,0.06,0.0,0.024236972405344705,0.043594085839823854,-0.01935711343447915,5.0,1.0,0.2506827350989541,1.0,31311.378186928003,-31311.378186928003,0.0,31311.378186928003,0.0,166.99401699694934,0.63457,0.1875,-166.99401699694934,-102237.8533355929,-78841.02381881654,0.0,-0.0,-640321.0493411624,-592.2398609992815,592.2398609992815,-1516581.6028118134,-22078.24730873108,22078.24730873108,-154890.38966596127,509.11712646484375,-509.11712646484375,54014.08641412854,0.0,-0.0,6614531.8927999865,112606.57654999755,-112606.57654999755,-4352967.100308226,31311.378186928003,-31311.378186928003,0.3463261127471924,0.8385469317436218,0.5105258822441101,0.33240532875061035,8385469.0,271.59710693359375,474.5345153808594,299.60760498046875,-55203696.0,3277897.75,0.0,-166994016.0,0.0,0.0,-5254108.5,-5254108.5,224173920.0,-0.0,0.0,0.3333333333333333,0.51748605966568,-0.8113326473161689,1.0,True,True,False,,0,0
8060400.0,54,0.89960712584804,False,False,ok,,,True,0.33335328102111816,0.12284469604492188,1,0.0,0.33335328102111816,0.12284469604492188,0.0,-83800.5225395085,114258.6741575504,0.7299015859785787,-114258.6741575504,-0.7299015859785787,156539.83544146415,0.0,0.0,0.89960712584804,0.20474686019399319,0.26708906424564127,0.20474686019399319,0.025775026105265657,0.06,0.0,0.16970553986946132,0.18608528868498078,-0.016379748815519454,5.0,1.0,0.24196391793098934,1.0,25904.866554939184,-25904.866554939184,0.0,25904.866554939184,0.0,138.15928829300898,0.63457,0.1875,-138.15928829300898,-97099.14341026824,-78841.02381881654,0.0,-0.0,-646121.7415655007,-5800.6922243383015,5800.6922243383015,-1536790.827870369,-20209.225058555603,20209.225058555603,-152613.62718045712,2276.7624855041504,-2276.7624855041504,54014.08641412854,0.0,-0.0,6726618.855199991,112086.96240000427,-112086.96240000427,-4450066.243718495,25904.866554939184,-25904.866554939184,0.36909374594688416,0.8416125178337097,0.5105258822441101,0.33240532875061035,8416125.0,272.59002685546875,474.5345153808594,299.60760498046875,-50002992.0,12284470.0,0.0,-138159296.0,0.0,0.0,-44791888.0,-44791888.0,220669696.0,-0.0,0.0,0.3333333333333333,0.5180246472358704,-0.8343859536573398,1.0,True,True,False,,0,0
8064000.0,55,0.6676981975801275,False,False,ok,,,True,0.333359956741333,0.013536572456359863,1,0.0,0.333359956741333,0.013536572456359863,0.0,-73014.51540437987,96542.85337144014,0.6167302597398026,-96542.85337144014,-0.6167302597398026,156539.83544146415,0.0,0.0,0.6676981975801275,0.19148944156095296,0.253831645612601,0.19148944156095296,0.023824937566190595,0.06,0.0,0.050967937840324884,0.06628709316520112,-0.015319155324876238,5.0,1.0,0.20474686019399319,1.0,22742.28032004894,-22742.28032004894,0.0,22742.28032004894,0.0,121.29216170692769,0.63457,0.1875,-121.29216170692769,-63014.56591626257,-78841.02381881654,0.0,-0.0,-663143.8085602565,-17022.06699475576,17022.06699475576,-1556792.3852205276,-20001.55735015869,20001.55735015869,-152124.2794841528,489.3476963043213,-489.3476963043213,54014.08641412854,0.0,-0.0,6836953.704899987,110334.84969999641,-110334.84969999641,-4513080.809634757,22742.28032004894,-22742.28032004894,0.37398719787597656,0.8475297689437866,0.5105258822441101,0.33240532875061035,8475297.0,274.5065612792969,474.5345153808594,299.60760498046875,-50003992.0,1353657.25,0.0,-121292160.0,0.0,0.0,-95995584.0,-95995584.0,265938080.0,-0.0,0.0,0.3333333333333333,0.4833532810211182,-0.9311483592912658,1.0,True,True,False,,0,0
8067600.0,56,-1.405153104997027,False,False,ok,,,True,0.33354490995407104,-0.9110580086708069,1,0.0,0.33354490995407104,-0.9110580086708069,0.0,-34204.47733588817,15141.765719706455,0.0967278755404627,-15141.765719706455,-0.0967278755404627,156539.83544146415,0.0,0.0,-1.405153104997027,0.48411972211461696,0.546461926166265,0.48411972211461696,0.15236511030707847,0.06,0.0,-1.5018809805374895,-1.4631514027683201,-0.038729577769169354,5.0,1.0,0.19148944156095296,1.0,-34520.80234329256,34520.80234329256,34520.80234329256,0.0,54.400306259817775,0.0,0.63457,0.1875,54.400306259817775,-10852.52999450732,-80724.85492097482,-1883.8311021582776,1883.8311021582776,-691783.8487498958,-28640.040189639316,28640.040189639316,-1576803.9700984955,-20011.584877967834,20011.584877967834,-184895.29465138912,-32771.01516723633,32771.01516723633,54014.08641412854,0.0,-0.0,6969922.744299984,132969.0393999964,-132969.0393999964,-4523933.339629265,-34520.80234329256,34520.80234329256,0.18132801353931427,0.8561117649078369,0.5105258822441101,0.33240532875061035,8561117.0,277.2861633300781,474.5345153808594,299.60760498046875,-50031736.0,-91105800.0,0.0,54400308.0,-15011398.0,-15011398.0,-136630016.0,-136630016.0,238378640.0,-0.0,0.0,0.3333333333333333,0.48335995674133303,-0.9519456363841997,1.0,True,True,False,,0,0
8071200.0,57,1.3819033527370104,False,False,ok,,,True,0.39723676443099976,0.8691462278366089,1,0.0,0.39723676443099976,0.8691462278366089,0.0,-18800.57194825029,69838.82724726674,0.44614092668688143,-69838.82724726674,-0.44614092668688143,156539.83544146415,0.0,0.0,1.3819033527370104,0.29229058750451886,0.3546327915561669,0.29229058750451886,0.050879919135094244,0.06,0.0,0.9357624260501289,0.9591456730504905,-0.02338324700036151,5.0,1.0,0.48411972211461696,1.0,9797.558588173584,-9797.558588173584,0.0,9797.558588173584,0.0,52.25364580359245,0.63457,0.1875,-52.25364580359245,-44637.36327145528,-91038.26642052516,-10313.411499550348,10313.411499550348,-729166.8370686295,-37382.98831873364,37382.98831873364,-1600256.024837494,-23452.054738998413,23452.054738998413,-172894.8945850134,12000.400066375732,-12000.400066375732,54014.08641412854,0.0,-0.0,7089112.067449987,119189.32315000333,-119189.32315000333,-4568570.70290072,9797.558588173584,-9797.558588173584,0.3163376748561859,0.8667970895767212,0.5105258822441101,0.33240532875061035,8667971.0,280.74700927734375,474.5345153808594,299.60760498046875,-59585516.0,86914624.0,0.0,-52253644.0,-51212916.0,-51212916.0,-164963792.0,-164963792.0,241101248.0,-0.0,0.0,0.3333333333333333,0.48354490995407107,-0.13314403723926443,1.0,True,True,False,,0,0
8074800.0,58,-1.1007216431332134,False,False,ok,,,True,0.33348342776298523,-0.6304394602775574,1,0.0,0.33348342776298523,-0.6304394602775574,0.0,1650.5667645215028,-22391.155489940295,-0.14303806712709335,22391.155489940295,0.14303806712709335,156539.83544146415,0.0,0.0,-1.1007216431332134,0.47620797510407764,0.5385501791557257,0.47620797510407764,0.13550980552652556,0.06,0.0,-0.9576835760061201,-0.9195869379977939,-0.03809663800832621,5.0,1.0,0.29229058750451886,1.0,-36020.372979423686,36020.372979423686,36020.372979423686,0.0,127.01566691146967,0.0,0.28359,0.1875,127.01566691146967,6821.921223288402,-113673.66965505757,-22635.40323453241,22635.40323453241,-772103.7871445088,-42936.950075879344,42936.950075879344,-1620647.550523281,-20391.5256857872,20391.5256857872,-193852.42269933224,-20957.528114318848,20957.528114318848,54014.08641412854,0.0,-0.0,7209662.692049984,120550.62459999695,-120550.62459999695,-4561748.781677431,-36020.372979423686,36020.372979423686,0.20021577179431915,0.8765316009521484,0.5105258822441101,0.33240532875061035,8765316.0,283.8999328613281,474.5345153808594,299.60760498046875,-50022516.0,-63043948.0,0.0,127015664.0,-82756928.0,-82756928.0,-179977760.0,-179977760.0,248785472.0,-0.0,0.0,0.3333333333333333,0.5472367644309998,-0.7069351006671896,1.0,True,True,False,,0,0
8078400.0,59,1.164956197980492,False,False,ok,,,True,0.4115864038467407,0.8468849062919617,1,0.0,0.4115864038467407,0.8468849062919617,0.0,37863.48845434762,29817.977751264592,0.19048172413861136,-29817.977751264592,-0.19048172413861136,156539.83544146415,0.0,0.0,1.164956197980492,0.2768829530863204,0.3392251571379684,0.2768829530863204,0.040582903360779146,0.06,0.0,0.9744744738418807,0.9966251100887863,-0.022150636246905633,5.0,1.0,0.47620797510407764,1.0,-5807.1842309420945,5807.1842309420945,5807.1842309420945,0.0,31.679582297431097,0.0,0.18331,0.1875,31.679582297431097,587.7597076194361,-146096.87927996766,-32423.209624910087,32423.209624910087,-816943.7590352359,-44839.97189072706,44839.97189072706,-1644874.116897583,-24226.56637430191,24226.56637430191,-181130.25222718716,12722.17047214508,-12722.17047214508,54014.08641412854,0.0,-0.0,7334055.431449981,124392.73939999752,-124392.73939999752,-4561161.021969812,-5807.1842309420945,5807.1842309420945,0.33782118558883667,0.883614718914032,0.5105258822441101,0.33240532875061035,8836147.0,286.1940612792969,474.5345153808594,299.60760498046875,-61737960.0,84688488.0,0.0,31679582.0,-105324304.0,-105324304.0,-178606960.0,-178606960.0,229301152.0,-0.0,0.0,0.3333333333333333,0.48348342776298525,-0.21341701578350025,1.0,True,True,False,,0,0
8082000.0,60,-1.144554140578987,False,False,ok,,,True,0.3397054672241211,-0.6123046278953552,1,0.0,0.3397054672241211,-0.6123046278953552,0.0,45632.77987590947,-37624.73196610712,-0.24035244358089514,37624.73196610712,0.24035244358089514,156539.83544146415,0.0,0.0,-1.144554140578987,0.45051505165938854,0.5128572557110366,0.45051505165938854,0.11481558432283122,0.06,0.0,-0.9042016969980919,-0.8681604928653408,-0.03604120413275108,5.0,1.0,0.2768829530863204,1.0,-30460.800225106388,30460.800225106388,30460.800225106388,0.0,166.17096844201836,0.0,0.18331,0.1875,166.17096844201836,14933.223162562586,-183412.13613967985,-37315.256859712186,37315.256859712186,-860280.1998216923,-43336.44078645646,43336.44078645646,-1665687.730550766,-20813.613653182983,20813.613653182983,-201479.44901883602,-20349.196791648865,20349.196791648865,54014.08641412854,0.0,-0.0,7448706.007799981,114650.57634999976,-114650.57634999976,-4546227.798807249,-30460.800225106388,30460.800225106388,0.22509437799453735,0.8881565928459167,0.5105258822441101,0.33240532875061035,8881566.0,287.6651306152344,474.5345153808594,299.60760498046875,-50955820.0,-61230464.0,0.0,166170976.0,-108201360.0,-108201360.0,-166894640.0,-166894640.0,221111312.0,-0.0,0.0,0.3333333333333333,0.5615864038467407,-0.798240023069095,1.0,True,True,False,,0,0
8085600.0,61,1.1803172178062953,False,False,ok,,,True,0.432207852602005,0.829375147819519,1,0.0,0.432207852602005,0.829375147819519,0.0,71888.79494068319,31128.867106645015,0.19885588239477364,-31128.867106645015,-0.19885588239477364,156539.83544146415,0.0,0.0,1.1803172178062953,0.25021927615854744,0.3125614802101955,0.25021927615854744,0.031025157101762388,0.06,0.0,0.9814613354115216,1.0014788775042054,-0.020017542092683797,5.0,1.0,0.45051505165938854,1.0,7562.625785564082,-7562.625785564082,0.0,7562.625785564082,0.0,40.334004189675106,0.18331,0.1875,-40.334004189675106,2689.7737436927855,-219493.06179579496,-36080.92565611511,36080.92565611511,-898290.7690998142,-38010.569278121926,38010.569278121926,-1691065.187394619,-25377.456843852997,25377.456843852997,-188999.9148696661,12479.534149169922,-12479.534149169922,54014.08641412854,0.0,-0.0,7559261.666749977,110555.65894999541,-110555.65894999541,-4543538.025063557,7562.625785564082,-7562.625785564082,0.35997474193573,0.8901813626289368,0.5105258822441101,0.33240532875061035,8901814.0,288.3209228515625,474.5345153808594,299.60760498046875,-64831176.0,82937512.0,0.0,-40334004.0,-96978040.0,-96978040.0,-133694320.0,-133694320.0,252900032.0,-0.0,0.0,0.3333333333333333,0.4897054672241211,-0.31915107499809137,1.0,True,True,False,,0,0
8089200.0,62,-1.1770397796195118,False,False,ok,,,True,0.33455535769462585,-0.8171740174293518,1,0.0,0.33455535769462585,-0.8171740174293518,0.0,95905.44810748965,5213.26758942468,0.033303137024020366,-5213.26758942468,-0.033303137024020366,156539.83544146415,0.0,0.0,-1.1770397796195118,0.48453529477091917,0.5468774988225672,0.48453529477091917,0.13344075833764563,0.06,0.0,-1.2103429166435322,-1.1715800930618587,-0.03876282358167354,5.0,1.0,0.25021927615854744,1.0,-14468.181386330352,14468.181386330352,14468.181386330352,0.0,51.017953335203465,0.0,0.28359,0.1875,51.017953335203465,4335.204191051424,-249138.22464039925,-29645.16284460429,29645.16284460429,-926995.4204665157,-28704.651366701466,28704.651366701466,-1711724.4238257408,-20659.236431121826,20659.236431121826,-216759.42920148373,-27759.514331817627,27759.514331817627,54014.08641412854,0.0,-0.0,7685711.680699978,126450.01395000145,-126450.01395000145,-4539202.820872505,-14468.181386330352,14468.181386330352,0.20351362228393555,0.8898057341575623,0.5105258822441101,0.33240532875061035,8898057.0,288.1992492675781,474.5345153808594,299.60760498046875,-50183304.0,-81717400.0,0.0,51017952.0,-70621136.0,-70621136.0,-91428584.0,-91428584.0,242932464.0,-0.0,0.0,0.3333333333333333,0.582207852602005,-0.8923926002904881,1.0,True,True,False,,0,0
8092800.0,63,1.7216668304511757,False,False,ok,,,True,0.418713241815567,0.8355451822280884,1,0.0,0.418713241815567,0.8355451822280884,0.0,86395.36076871914,116375.80003630351,0.743426104340199,-116375.80003630351,-0.743426104340199,156539.83544146415,0.0,0.0,1.7216668304511757,0.28433774561882263,0.34667994967047067,0.28433774561882263,0.042316343096498704,0.06,0.0,0.9782407261109768,1.0009877457604826,-0.02274701964950581,5.0,1.0,0.48453529477091917,1.0,37713.66211783192,-37713.66211783192,0.0,37713.66211783192,0.0,201.13953129510355,0.63457,0.1875,-201.13953129510355,-88172.2252572421,-261490.1628280791,-12351.938187679858,12351.938187679858,-944600.8483665428,-17605.427900027134,17605.427900027134,-1736342.2710299492,-24617.847204208374,24617.847204208374,-204988.31199109554,11771.117210388184,-11771.117210388184,54014.08641412854,0.0,-0.0,7807177.914699977,121466.23399999924,-121466.23399999924,-4627375.046129747,37713.66211783192,-37713.66211783192,0.3346841335296631,0.8863639235496521,0.5105258822441101,0.33240532875061035,8863639.0,287.0845031738281,474.5345153808594,299.60760498046875,-62806988.0,83554520.0,0.0,-201139536.0,-5353092.5,-5353092.5,-44254348.0,-44254348.0,229999440.0,-0.0,0.0,0.3333333333333333,0.4845553576946259,-0.22743287216873054,1.0,True,True,False,,0,0
8096400.0,64,-0.5108467777788194,False,False,ok,,,True,0.33354905247688293,-0.729074239730835,1,0.0,0.33354905247688293,-0.729074239730835,0.0,93353.75271311318,81461.82800217507,0.5203904026885001,-81461.82800217507,-0.5203904026885001,156539.83544146415,0.0,0.0,-0.5108467777788194,0.48285943081917965,0.5452016348708277,0.48285943081917965,0.13851541943249945,0.06,0.0,-1.0312371804673195,-0.9926084260017851,-0.03862875446553437,5.0,1.0,0.28433774561882263,1.0,18865.44672325176,-18865.44672325176,0.0,18865.44672325176,0.0,100.61571585734272,0.63457,0.1875,-100.61571585734272,-55637.989334529266,-261942.45555325894,-452.2927251798392,452.2927251798392,-951452.384111941,-6851.535745398141,6851.535745398141,-1756866.1993145943,-20523.92828464508,20523.92828464508,-229563.89425694942,-24575.582265853882,24575.582265853882,54014.08641412854,0.0,-0.0,7922177.634999976,114999.7202999983,-114999.7202999983,-4683013.035464277,18865.44672325176,-18865.44672325176,0.1970028430223465,0.8783636689186096,0.5105258822441101,0.33240532875061035,8783637.0,284.4932861328125,474.5345153808594,299.60760498046875,-50032356.0,-72907424.0,0.0,-100615712.0,0.0,0.0,-6270478.5,-6270478.5,229825984.0,-0.0,0.0,0.3333333333333333,0.568713241815567,-0.7849075348302834,1.0,True,True,False,,0,0
8100000.0,65,0.3750416731806323,False,False,ok,,,True,0.337252140045166,-0.16798119246959686,1,0.0,0.337252140045166,-0.16798119246959686,0.0,86170.11298754922,119989.07126988783,0.7665082241303112,-119989.07126988783,-0.7665082241303112,156539.83544146415,0.0,0.0,0.3750416731806323,0.5523156899696018,0.6146578940212498,0.5523156899696018,0.19016048953272352,0.06,0.0,-0.39146655094967886,-0.3472812957521107,-0.04418525519756814,5.0,1.0,0.48285943081917965,1.0,35117.39361492476,-35117.39361492476,0.0,35117.39361492476,0.0,187.2927659462654,1.13597,0.1875,-187.2927659462654,-92055.31738052703,-261942.45555325894,0.0,-0.0,-952317.1648418491,-864.7807299081469,864.7807299081469,-1777079.1091918945,-20212.909877300262,20212.909877300262,-238527.51414477825,-8963.619887828827,8963.619887828827,54014.08641412854,0.0,-0.0,8037090.623149974,114912.98814999871,-114912.98814999871,-4775068.352844804,35117.39361492476,-35117.39361492476,0.14427566528320312,0.8687291741371155,0.5105258822441101,0.33240532875061035,8687292.0,281.37274169921875,474.5345153808594,299.60760498046875,-50587820.0,-16798120.0,0.0,-187292768.0,0.0,0.0,-0.0,-0.0,254678704.0,-0.0,0.0,0.3333333333333333,0.48354905247688296,-0.19976205956191959,1.0,True,True,False,,0,0
8103600.0,66,1.4588503581629853,False,False,ok,,,True,0.42472076416015625,0.3820856511592865,1,0.0,0.42472076416015625,0.3820856511592865,0.0,59762.338363213785,152062.4061945526,0.971397508919793,-152062.4061945526,-0.971397508919793,156539.83544146415,0.0,0.0,1.4588503581629853,0.44766251980409777,0.5100047238557458,0.44766251980409777,0.12706337890664468,0.06,0.0,0.48745284924319227,0.5232658508275201,-0.03581300158432782,5.0,1.0,0.5523156899696018,1.0,43475.87024848223,-43475.87024848223,0.0,43475.87024848223,0.0,231.8713079919052,1.13597,0.1875,-231.8713079919052,-134994.3105704058,-261942.45555325894,0.0,-0.0,-952317.1648418491,0.0,-0.0,-1802037.543296814,-24958.434104919434,24958.434104919434,-232321.89719378948,6205.6169509887695,-6205.6169509887695,54014.08641412854,0.0,-0.0,8164429.9762499705,127339.35309999622,-127339.35309999622,-4910062.663415209,43475.87024848223,-43475.87024848223,0.20909857749938965,0.8613103628158569,0.5105258822441101,0.33240532875061035,8613104.0,278.9698486328125,474.5345153808594,299.60760498046875,-63708116.0,38208564.0,0.0,-231871312.0,0.0,0.0,-0.0,-0.0,257370864.0,-0.0,0.0,0.3333333333333333,0.48725214004516604,0.024328437633800888,1.0,True,True,False,,0,0
8107200.0,67,0.840529853709774,False,False,ok,,,True,0.3975011110305786,-0.054708436131477356,1,0.0,0.3975011110305786,-0.054708436131477356,0.0,45488.35414924935,137604.9687582763,0.8790412253226862,-137604.9687582763,-0.8790412253226862,156539.83544146415,0.0,0.0,0.840529853709774,0.448193695006575,0.510535899058223,0.448193695006575,0.1304355003856548,0.06,0.0,-0.038511371612912265,-0.00265587601238626,-0.035855495600526005,5.0,1.0,0.44766251980409777,1.0,34138.25698729977,-34138.25698729977,0.0,34138.25698729977,0.0,182.07070393226545,1.13597,0.1875,-182.07070393226545,-117740.69598494098,-261942.45555325894,0.0,-0.0,-952317.1648418491,0.0,-0.0,-1826050.9278774261,-24013.384580612183,24013.384580612183,-233527.2295922041,-1205.3323984146118,1205.3323984146118,54014.08641412854,0.0,-0.0,8293115.404999973,128685.42875000276,-128685.42875000276,-5027803.35940015,34138.25698729977,-34138.25698729977,0.20515497028827667,0.8559261560440063,0.5105258822441101,0.33240532875061035,8559262.0,277.2259521484375,474.5345153808594,299.60760498046875,-59625168.0,-5470843.5,0.0,-182070704.0,0.0,0.0,-0.0,-0.0,247166720.0,-0.0,0.0,0.3333333333333333,0.5747207641601563,-0.2511689662560935,1.0,True,True,False,,0,0
8110800.0,68,1.0279589054562621,False,False,ok,,,True,0.46293210983276367,0.14245253801345825,1,0.0,0.46293210983276367,0.14245253801345825,0.0,29444.47853160417,134376.25062252246,0.8584156885278608,-134376.25062252246,-0.8584156885278608,156539.83544146415,0.0,0.0,1.0279589054562621,0.4077608775796208,0.47010308163126885,0.4077608775796208,0.1097520272076729,0.06,0.0,0.16954321692840135,0.20216408713477102,-0.03262087020636967,5.0,1.0,0.448193695006575,1.0,35830.922179955865,-35830.922179955865,0.0,35830.922179955865,0.0,191.09825162643128,0.98555,0.1875,-191.09825162643128,-114589.20406021178,-261942.45555325894,0.0,-0.0,-952317.1648418491,0.0,-0.0,-1853434.2684745789,-27383.34059715271,27383.34059715271,-231181.91765248775,2345.311939716339,-2345.311939716339,54014.08641412854,0.0,-0.0,8416698.762099976,123583.35710000247,-123583.35710000247,-5142392.563460362,35830.922179955865,-35830.922179955865,0.229509174823761,0.8520246148109436,0.5105258822441101,0.33240532875061035,8520246.0,275.9622802734375,474.5345153808594,299.60760498046875,-69439816.0,14245254.0,0.0,-191098256.0,0.0,0.0,-0.0,-0.0,246292816.0,-0.0,0.0,0.3333333333333333,0.5475011110305786,-0.2344086540863032,1.0,True,True,False,,0,0
8114400.0,69,0.5456829113292261,False,False,ok,,,True,0.44484496116638184,-0.14002075791358948,1,0.0,0.44484496116638184,-0.14002075791358948,0.0,20165.370872985543,121517.6382854767,0.7762729400013743,-121517.6382854767,-0.7762729400013743,156539.83544146415,0.0,0.0,0.5456829113292261,0.4467311843642229,0.5090733884158709,0.4467311843642229,0.13257552036891576,0.06,0.0,-0.23059002867214812,-0.1948515339230103,-0.03573849474913783,5.0,1.0,0.4077608775796208,1.0,29926.29390631571,-29926.29390631571,0.0,29926.29390631571,0.0,159.6069008336838,0.98555,0.1875,-159.6069008336838,-100870.45203777961,-261942.45555325894,0.0,-0.0,-952317.1648418491,0.0,-0.0,-1880233.48903656,-26799.2205619812,26799.2205619812,-235937.75986135006,-4755.842208862305,4755.842208862305,54014.08641412854,0.0,-0.0,8539845.169249969,123146.40714999288,-123146.40714999288,-5243263.015498142,29926.29390631571,-29926.29390631571,0.20270676910877228,0.849208652973175,0.5105258822441101,0.33240532875061035,8492087.0,275.0502014160156,474.5345153808594,299.60760498046875,-66726744.0,-14002076.0,0.0,-159606896.0,0.0,0.0,-0.0,-0.0,240335728.0,-0.0,0.0,0.3333333333333333,0.6129321098327637,-0.33791400205345135,1.0,True,True,False,,0,0
8118000.0,70,0.9539427416304488,False,False,ok,,,True,0.4903002977371216,0.149247407913208,1,0.0,0.4903002977371216,0.149247407913208,0.0,5613.455244146974,128579.32650392473,0.8213840658597418,-128579.32650392473,-0.8213840658597418,156539.83544146415,0.0,0.0,0.9539427416304488,0.41360182008866286,0.4759440241403109,0.41360182008866286,0.11239576858169917,0.06,0.0,0.13255867577070704,0.16564682137780007,-0.03308814560709303,5.0,1.0,0.4467311843642229,1.0,35433.01181487453,-35433.01181487453,0.0,35433.01181487453,0.0,188.97606301266416,0.63457,0.1875,-188.97606301266416,-107698.23031788878,-261945.0857301906,-2.630176931648748,2.630176931648748,-952317.1648418491,0.0,-0.0,-1909378.774881363,-29145.285844802856,29145.285844802856,-233811.38955056667,2126.3703107833862,-2126.3703107833862,54014.08641412854,0.0,-0.0,8660013.029649975,120167.86040000618,-120167.86040000618,-5350961.245816031,35433.01181487453,-35433.01181487453,0.226276695728302,0.8469831347465515,0.5105258822441101,0.33240532875061035,8469831.0,274.3293762207031,474.5345153808594,299.60760498046875,-73545048.0,14924741.0,0.0,-188976064.0,-252248.8125,-252248.8125,-0.0,-0.0,247848608.0,-0.0,0.0,0.3333333333333333,0.5948449611663819,-0.22400378566236445,1.0,True,True,False,,0,0
8121600.0,71,0.6055171500815,False,False,ok,,,True,0.43141254782676697,-0.11650988459587097,1,0.0,0.43141254782676697,-0.11650988459587097,0.0,-4460.275176877651,127347.79024365745,0.8135168271035863,-127347.79024365745,-0.8135168271035863,156539.83544146415,0.0,0.0,0.6055171500815,0.4480332239105119,0.51037542796216,0.4480332239105119,0.13092569116866618,0.06,0.0,-0.20799967702208627,-0.1721570191092453,-0.035842657912840956,5.0,1.0,0.41360182008866286,1.0,33686.08723506651,-33686.08723506651,0.0,33686.08723506651,0.0,179.6591319203547,0.63457,0.1875,-179.6591319203547,-103735.43342961557,-262073.75017290647,-128.66444271587534,128.66444271587534,-952317.1648418491,0.0,-0.0,-1935616.854250431,-26238.079369068146,26238.079369068146,-237707.2505801916,-3895.861029624939,3895.861029624939,54014.08641412854,0.0,-0.0,8783937.337499978,123924.30785000324,-123924.30785000324,-5454696.679245646,33686.08723506651,-33686.08723506651,0.20458896458148956,0.8450832962989807,0.5105258822441101,0.33240532875061035,8450833.0,273.71405029296875,474.5345153808594,299.60760498046875,-64711884.0,-11650988.0,0.0,-179659136.0,-509542.4375,-509542.4375,-0.0,-0.0,256531552.0,-0.0,0.0,0.34030029773712156,0.6403002977371216,-0.32417597692460987,1.0,True,True,False,,0,0
8125200.0,72,1.8854457447059985,False,False,ok,,,True,0.3354242146015167,0.6508385539054871,1,0.0,0.3354242146015167,0.6508385539054871,0.0,-42861.57089649488,165399.5680709461,1.0565973038396026,-165399.5680709461,-1.0565973038396026,156539.83544146415,0.0,0.0,1.8854457447059985,0.2778184406862527,0.34016064473790075,0.2778184406862527,0.049182209910101526,0.06,0.0,0.8288484408663958,0.851073916121296,-0.022225475254900217,5.0,1.0,0.4480332239105119,1.0,46723.79373416865,-46723.79373416865,0.0,46723.79373416865,0.0,249.1935665822328,0.63457,0.1875,-249.1935665822328,-157077.07005639467,-262211.4198926007,-137.66971969421138,137.66971969421138,-952317.1648418491,0.0,-0.0,-1956318.2371258736,-20701.382875442505,20701.382875442505,-226458.19614827633,11249.054431915283,-11249.054431915283,54014.08641412854,0.0,-0.0,8912203.109999979,128265.7725000009,-128265.7725000009,-5611773.749302041,46723.79373416865,-46723.79373416865,0.3189984858036041,0.8436838388442993,0.5105258822441101,0.33240532875061035,8436838.0,273.2607727050781,474.5345153808594,299.60760498046875,-50313632.0,65083856.0,0.0,-249193568.0,-252248.8125,-252248.8125,-0.0,-0.0,234675600.0,-0.0,0.0,0.3333333333333333,0.581412547826767,-0.23200311046094876,1.0,True,True,False,,0,0
8128800.0,73,1.024094791551787,False,False,ok,,,True,0.3356199562549591,0.04564058780670166,1,0.0,0.3356199562549591,0.04564058780670166,0.0,-60472.953352090895,139298.2219149296,0.8898579810186282,-139298.2219149296,-0.8898579810186282,156539.83544146415,0.0,0.0,1.024094791551787,0.2470187781295482,0.30936098218119623,0.2470187781295482,0.03834364181405973,0.06,0.0,0.13423681053315875,0.1539983127835226,-0.019761502250363855,5.0,1.0,0.2778184406862527,1.0,40021.654001704934,-40021.654001704934,0.0,40021.654001704934,0.0,213.4488213424263,0.63457,0.1875,-213.4488213424263,-116887.95036882069,-262259.8328423309,-48.412949730234686,48.412949730234686,-952317.1648418491,0.0,-0.0,-1976454.2600512505,-20136.022925376892,20136.022925376892,-224334.98845994473,2123.207688331604,-2123.207688331604,54014.08641412854,0.0,-0.0,9029540.906099984,117337.79610000551,-117337.79610000551,-5728661.6996708615,40021.654001704934,-40021.654001704934,0.3402305841445923,0.8426353335380554,0.5105258822441101,0.33240532875061035,8426354.0,272.9211730957031,474.5345153808594,299.60760498046875,-50342992.0,4564059.0,0.0,-213448816.0,0.0,0.0,-0.0,-0.0,259227760.0,-0.0,0.0,0.3333333333333333,0.48542421460151675,-0.718243615739059,1.0,True,True,False,,0,0
8132400.0,74,0.7567716925814361,False,False,ok,,,True,0.3408353328704834,-0.0659635066986084,1,0.0,0.3408353328704834,-0.0659635066986084,0.0,-75134.21126795735,137904.03277384993,0.8809516912097253,-137904.03277384993,-0.8809516912097253,156539.83544146415,0.0,0.0,0.7567716925814361,0.26757360025118704,0.32991580430283507,0.26757360025118704,0.044872387245936105,0.06,0.0,-0.12417999862828916,-0.10277411060819419,-0.021405888020094962,5.0,1.0,0.2470187781295482,1.0,31058.639833847315,-31058.639833847315,0.0,31058.639833847315,0.0,165.64607911385235,0.63457,0.1875,-165.64607911385235,-121506.65085586905,-262326.08512425533,-66.25228192441864,66.25228192441864,-952317.1648418491,0.0,-0.0,-1996873.0877637863,-20418.827712535858,20418.827712535858,-226618.39352548122,-2283.405065536499,2283.405065536499,54014.08641412854,0.0,-0.0,9159154.78409999,129613.87800000608,-129613.87800000608,-5850168.3505267305,31058.639833847315,-31058.639833847315,0.3271746337413788,0.8416644334793091,0.5105258822441101,0.33240532875061035,8416644.0,272.6067199707031,474.5345153808594,299.60760498046875,-51125300.0,-6596350.5,0.0,-165646080.0,-423214.28125,-423214.28125,-0.0,-0.0,223790944.0,-0.0,0.0,0.3333333333333333,0.48561995625495913,-0.808479942493153,1.0,True,True,False,,0,0
8136000.0,75,0.8211764107071577,False,False,ok,,,True,0.34388142824172974,0.029789507389068604,1,0.0,0.34388142824172974,0.029789507389068604,0.0,-88108.16404590326,128058.44718924482,0.8180566104985492,-128058.44718924482,-0.8180566104985492,156539.83544146415,0.0,0.0,0.8211764107071577,0.26274570886758397,0.325087912919232,0.26274570886758397,0.042934329826523336,0.06,0.0,0.0031198002086086155,0.024139456918015334,-0.02101965670940672,5.0,1.0,0.26757360025118704,1.0,36558.89244424638,-36558.89244424638,0.0,36558.89244424638,0.0,194.9807597026474,0.63457,0.1875,-194.9807597026474,-104473.50752294436,-262379.75036319066,-53.66523893532576,53.66523893532576,-952317.1648418491,0.0,-0.0,-2017487.6968860626,-20614.609122276306,20614.609122276306,-226346.03641927242,272.35710620880127,-272.35710620880127,54014.08641412854,0.0,-0.0,9271050.25609999,111895.47199999914,-111895.47199999914,-5954641.858049675,36558.89244424638,-36558.89244424638,0.3309846818447113,0.8407772779464722,0.5105258822441101,0.33240532875061035,8407773.0,272.3193664550781,474.5345153808594,299.60760498046875,-51582216.0,2978950.75,0.0,-194980752.0,0.0,0.0,-0.0,-0.0,243584016.0,-0.0,0.0,0.3333333333333333,0.4908353328704834,-0.7529922364279751,1.0,True,True,False,,0,0
8139600.0,76,0.8008030819461741,False,False,ok,,,True,0.3391040563583374,-0.02729511260986328,1,0.0,0.3391040563583374,-0.02729511260986328,0.0,-101906.95856208172,135437.06253276317,0.8651923144726184,-135437.06253276317,-0.8651923144726184,156539.83544146415,0.0,0.0,0.8008030819461741,0.27128302694180395,0.333625230993452,0.27128302694180395,0.045617962519447545,0.06,0.0,-0.06438923252644421,-0.0426865903710999,-0.021702642155344315,5.0,1.0,0.26274570886758397,1.0,34943.00358473682,-34943.00358473682,0.0,34943.00358473682,0.0,186.36268578526304,0.63457,0.1875,-186.36268578526304,-114292.85346420482,-262379.75036319066,0.0,-0.0,-952317.1648418491,0.0,-0.0,-2037862.6044988632,-20374.907612800598,20374.907612800598,-227269.08145844936,-923.0450391769409,923.0450391769409,54014.08641412854,0.0,-0.0,9392842.267699996,121792.01160000637,-121792.01160000637,-6068934.71151388,34943.00358473682,-34943.00358473682,0.3258003294467926,0.8400164842605591,0.5105258822441101,0.33240532875061035,8400165.0,272.0729675292969,474.5345153808594,299.60760498046875,-50865608.0,-2729511.25,0.0,-186362688.0,0.0,0.0,-0.0,-0.0,239957808.0,-0.0,0.0,0.3333333333333333,0.49388142824172976,-0.7691848589107521,1.0,True,True,False,,0,0
8143200.0,77,0.719559689087077,False,False,ok,,,True,0.3763793408870697,-0.05839413404464722,1,0.0,0.3763793408870697,-0.05839413404464722,0.0,-112588.01977783782,131560.82279057603,0.8404303123199036,-131560.82279057603,-0.8404303123199036,156539.83544146415,0.0,0.0,0.719559689087077,0.2908042830594186,0.3531464871110666,0.2908042830594186,0.0526699567874598,0.06,0.0,-0.12087062323282663,-0.09760628058807314,-0.023264342644753487,5.0,1.0,0.27128302694180395,1.0,36887.741150671136,-36887.741150671136,0.0,36887.741150671136,0.0,196.73461947024606,0.63457,0.1875,-196.73461947024606,-105354.14285566099,-262379.75036319066,0.0,-0.0,-953052.5079298452,-735.3430879961234,735.3430879961234,-2060221.713244915,-22359.10874605179,22359.10874605179,-229480.45073449612,-2211.369276046753,2211.369276046753,54014.08641412854,0.0,-0.0,9512821.170449993,119978.90274999663,-119978.90274999663,-6174288.854369541,36887.741150671136,-36887.741150671136,0.31279227137565613,0.8400073051452637,0.5105258822441101,0.33240532875061035,8400073.0,272.0699768066406,474.5345153808594,299.60760498046875,-56456900.0,-5839413.5,0.0,-196734624.0,0.0,0.0,-6524652.0,-6524652.0,265555584.0,-0.0,0.0,0.3333333333333333,0.4891040563583374,-0.7471513656899454,1.0,True,True,False,,0,0
8146800.0,78,0.7483454413867805,False,False,ok,,,True,0.3447321653366089,0.10183370113372803,0,1.0,0.3447321653366089,0.10183370113372803,-0.33000000000000007,-113675.94174140888,106096.4902228567,0.6777603280573906,-106096.4902228567,-0.6777603280573906,156539.83544146415,0.0,0.0,0.7483454413867805,0.27232998070230374,0.3310841373795021,0.27232998070230374,0.04376582239898673,0.06,0.0,0.07058511332938988,0.09237151178557418,-0.0217863984561843,5.0,1.0,0.2908042830594186,1.0,17598.948396259708,-17598.948396259708,0.0,17598.948396259708,0.0,93.86105811338511,0.63457,0.1875,-93.86105811338511,-89585.46379016805,-262948.8801356223,-569.1297724316246,569.1297724316246,-959669.2463915464,-6616.738461701199,6616.738461701199,-2081095.5262184143,-20873.812973499298,20873.812973499298,-227881.0206502676,1599.4300842285156,-1599.4300842285156,36194.08641412854,-17820.0,17820.0,9645598.963399986,132777.79294999316,-132777.79294999316,-6263874.318159709,17598.948396259708,-17598.948396259708,0.32974836230278015,0.8330475091934204,0.5054001212120056,0.33753108978271484,8330475.0,272.3760681152344,474.5345458984375,299.997314453125,-51709824.0,10183370.0,-49500000.0,-93861056.0,-6180641.5,-6180641.5,-50332960.0,-50332960.0,241401120.0,-0.0,0.0,0.3333333333333333,0.5263793408870697,-0.6918671337887774,1.0,True,True,False,0,1,3
8150400.0,79,-0.4637054600522359,False,False,ok,,,True,0.3334401845932007,-0.45882540941238403,0,0.9999898672103882,0.3334401845932007,-0.45882540941238403,-0.33000678896904,-83099.38189204749,46831.514140773834,0.2991667520839181,-46831.514140773834,-0.2991667520839181,156539.83544146415,0.0,0.0,-0.4637054600522359,0.41821301489127416,0.47318708962521605,0.41821301489127416,0.1060440866095298,0.06,0.0,-0.762872212136154,-0.7294151709448521,-0.03345704119130193,5.0,1.0,0.27232998070230374,1.0,2762.9949287584263,-2762.9949287584263,0.0,2762.9949287584263,0.0,14.735972953378274,0.63457,0.1875,-14.735972953378274,-13491.959362654015,-264870.8727887697,-1921.9926531474339,1921.9926531474339,-978190.7138754233,-18521.467483876855,18521.467483876855,-2101169.689178467,-20074.16296005249,20074.16296005249,-244195.06798684597,-16314.04733657837,16314.04733657837,16393.719809800386,-19800.366604328156,19800.366604328156,9766299.519649977,120700.55624999106,-120700.55624999106,-6277366.277522363,2762.9949287584263,-2762.9949287584263,0.23462200164794922,0.8298540115356445,0.4997038245201111,0.3432273864746094,8298540.0,274.2220458984375,472.84234619140625,300.42352294921875,-50016028.0,-45882540.0,-49501020.0,-14735973.0,-4669329.5,-4669329.5,-102449320.0,-102449320.0,267254208.0,-0.0,0.0,0.3333333333333333,0.4947321653366089,-0.7639305017516143,1.0,True,False,False,0,2,2
8154000.0,80,-0.44077372955741556,False,False,ok,,,True,0.336809903383255,-0.2402789294719696,0,1.0,0.336809903383255,-0.2402789294719696,-0.33000000000000007,-41142.38623912108,9950.193177840825,0.06356332974146736,-9950.193177840825,-0.06356332974146736,156539.83544146415,0.0,0.0,-0.44077372955741556,0.5109059318415854,0.5658800065755272,0.5109059318415854,0.16086187188750575,0.06,0.0,-0.504337059298883,-0.46346458475155616,-0.040872474547326836,5.0,1.0,0.41821301489127416,1.0,-37549.812841652994,37549.812841652994,37549.812841652994,0.0,59.17363386490536,0.0,0.63457,0.1875,59.17363386490536,-5543.0103665674105,-270388.52996278054,-5517.657174010819,5517.657174010819,-1008326.3944592096,-30135.680583786336,30135.680583786336,-2121358.065068722,-20188.375890254974,20188.375890254974,-254680.4110854864,-10485.343098640442,10485.343098640442,-3406.320924013854,-19800.04073381424,19800.04073381424,9899926.62314997,133627.10349999368,-133627.10349999368,-6282909.28788893,-37549.812841652994,37549.812841652994,0.17294351756572723,0.8296787738800049,0.49400728940963745,0.3489239513874054,8296788.0,277.1148986816406,470.681640625,300.84271240234375,-50521484.0,-24027892.0,-49500000.0,59173632.0,-33300832.0,-33300832.0,-142049888.0,-142049888.0,240226464.0,-0.0,0.0,0.3333333333333333,0.4834401845932007,-0.3596434978768348,1.0,True,False,False,0,3,1
8157600.0,81,0.07145190784347469,False,False,ok,,,True,0.3340286314487457,0.22132587432861328,0,1.0,0.3340286314487457,0.22132587432861328,-0.33000000000000007,-8705.7669343655,-23897.76466957142,-0.15266251304133796,23897.76466957142,0.15266251304133796,156539.83544146415,0.0,0.0,0.07145190784347469,0.45874315715021935,0.5137172318841612,0.45874315715021935,0.1290382898617839,0.06,0.0,0.22411442088481265,0.2608138734568302,-0.03669945257201755,5.0,1.0,0.5109059318415854,1.0,-51956.303127866464,51956.303127866464,51956.303127866464,0.0,81.87639366479107,0.0,0.63457,0.1875,81.87639366479107,4378.080846460536,-287012.0899837337,-16623.560020953184,16623.560020953184,-1046921.8725814582,-38595.47812224855,38595.47812224855,-2141416.4705872536,-20058.4055185318,20058.4055185318,-251657.66106545925,3022.7500200271606,-3022.7500200271606,-23206.320924013857,-19800.000000000004,19800.000000000004,10020039.855249962,120113.23209999129,-120113.23209999129,-6278531.20704247,-51956.303127866464,51956.303127866464,0.20712853968143463,0.830564022064209,0.488310843706131,0.3546203672885895,8305640.0,280.4282531738281,468.515625,301.255126953125,-50104296.0,22132588.0,-49500000.0,81876392.0,-67311728.0,-67311728.0,-169217792.0,-169217792.0,232124832.0,-0.0,0.0,0.3333333333333333,0.486809903383255,-0.09750992041082426,1.0,True,False,False,,0,0
8161200.0,82,0.3094419631169364,False,False,ok,,,True,0.333355188369751,0.1361469179391861,1,0.0,0.333355188369751,0.1361469179391861,0.0,23811.360210905666,14274.353537462157,0.0911867161301562,-14274.353537462157,-0.0911867161301562,156539.83544146415,0.0,0.0,0.3094419631169364,0.40855522416620405,0.4635292989001459,0.40855522416620405,0.10465524955934136,0.06,0.0,0.2182552469867802,0.2509396649200765,-0.03268441793329632,5.0,1.0,0.45874315715021935,1.0,-12247.16128794002,12247.16128794002,12247.16128794002,0.0,43.18615355950499,0.0,0.28359,0.1875,43.18615355950499,5995.612319868989,-313447.00065999274,-26434.910676259024,26434.910676259024,-1090935.8079907002,-44013.935409242054,44013.935409242054,-2161421.8225479126,-20005.351960659027,20005.351960659027,-248764.36479389668,2893.2962715625763,-2893.2962715625763,-25186.320924013857,-1980.0,1980.0,10136102.27184997,116062.41660000756,-116062.41660000756,-6272535.594722601,-12247.16128794002,12247.16128794002,0.23606151342391968,0.8373525142669678,0.4863491952419281,0.35658201575279236,8373525.0,283.7858581542969,467.7685241699219,301.39556884765625,-50003280.0,13614692.0,0.0,43186152.0,-86078736.0,-86078736.0,-184349792.0,-184349792.0,263630960.0,-0.0,0.0,0.3333333333333333,0.48402863144874575,-0.24279632132501683,1.0,True,True,False,,0,0
8164800.0,83,-0.39712917313595597,False,False,ok,,,True,0.3360791504383087,-0.274918794631958,1,0.0,0.3360791504383087,-0.274918794631958,0.0,56438.47031154407,3069.4836802857644,0.019608323157037904,-3069.4836802857644,-0.019608323157037904,156539.83544146415,0.0,0.0,-0.39712917313595597,0.48415622384330986,0.5391302985772517,0.48415622384330986,0.15308184304448158,0.06,0.0,-0.4167374962929939,-0.3780049983855291,-0.03873249790746479,5.0,1.0,0.40855522416620405,1.0,-21014.948624240267,21014.948624240267,21014.948624240267,0.0,114.64158324281418,0.0,0.18331,0.1875,114.64158324281418,8542.677796112373,-345407.1953546868,-31960.194694694073,31960.194694694073,-1136933.473266721,-45997.665276020765,45997.665276020765,-2181570.2278018,-20148.405253887177,20148.405253887177,-258389.1475647688,-9624.782770872116,9624.782770872116,-25186.320924013857,0.0,-0.0,10267917.752149971,131815.4803000018,-131815.4803000018,-6263992.916926488,-21014.948624240267,21014.948624240267,0.18056635558605194,0.8449942469596863,0.4863491952419281,0.35658201575279236,8449943.0,286.37567138671875,467.7685241699219,301.39556884765625,-50411872.0,-27491880.0,0.0,114641584.0,-97884512.0,-97884512.0,-183552736.0,-183552736.0,244699408.0,-0.0,0.0,0.3333333333333333,0.483355188369751,-0.3657614128664268,1.0,True,True,False,,0,0
8168400.0,84,1.2613120084286122,False,False,ok,,,True,0.4640350639820099,0.8325272798538208,1,0.0,0.4640350639820099,0.8325272798538208,0.0,89779.68804505246,28767.626500250797,0.18377192245745042,-28767.626500250797,-0.18377192245745042,156539.83544146415,0.0,0.0,1.2613120084286122,0.26441752622940695,0.3193916009633488,0.26441752622940695,0.04648915983999485,0.06,0.0,1.077540085971162,1.0986934880695145,-0.021153402098352557,5.0,1.0,0.48415622384330986,1.0,-2043.7635726615963,2043.7635726615963,2043.7635726615963,0.0,11.149220297101065,0.0,0.18331,0.1875,11.149220297101065,2529.827660595998,-379452.5891328342,-34045.39377814741,34045.39377814741,-1181237.844266844,-44304.37100012298,44304.37100012298,-2208644.596159458,-27074.368357658386,27074.368357658386,-244503.33170592785,13885.815858840942,-13885.815858840942,-25186.320924013857,0.0,-0.0,10390267.459499976,122349.70735000446,-122349.70735000446,-6261463.089265892,-2043.7635726615963,2043.7635726615963,0.3239525854587555,0.8496536016464233,0.4863491952419281,0.35658201575279236,8496536.0,287.95477294921875,467.7685241699219,301.39556884765625,-69605256.0,83252728.0,0.0,11149220.0,-96526736.0,-96526736.0,-169448640.0,-169448640.0,241178688.0,-0.0,0.0,0.3333333333333333,0.48607915043830874,-0.12990698572249568,1.0,True,True,False,,0,0
8172000.0,85,-1.0208661608086118,False,False,ok,,,True,0.3394518196582794,-0.6574882864952087,1,0.0,0.3394518196582794,-0.6574882864952087,0.0,107905.36204029783,-8973.83888797968,-0.057326231771435074,8973.83888797968,0.057326231771435074,156539.83544146415,0.0,0.0,-1.0208661608086118,0.44992668507563216,0.504900759809574,0.44992668507563216,0.1337734626087074,0.06,0.0,-0.9635399290371767,-0.927545794231126,-0.03599413480605057,5.0,1.0,0.26441752622940695,1.0,-16336.52935445547,16336.52935445547,16336.52935445547,0.0,89.11968443868567,0.0,0.18331,0.1875,89.11968443868567,10762.983528769575,-410302.25434965076,-30849.66521681653,30849.66521681653,-1220495.7023839932,-39257.85811714921,39257.85811714921,-2229759.2048048973,-21114.608645439148,21114.608645439148,-266507.8554600477,-22004.523754119873,22004.523754119873,-25186.320924013857,0.0,-0.0,10510856.80569998,120589.34620000422,-120589.34620000422,-6250700.105737123,-16336.52935445547,16336.52935445547,0.20137031376361847,0.8519821763038635,0.4863491952419281,0.35658201575279236,8519822.0,288.7439270019531,467.7685241699219,301.39556884765625,-50917772.0,-65748828.0,0.0,89119688.0,-78318000.0,-78318000.0,-141753408.0,-141753408.0,247618320.0,-0.0,0.0,0.3333333333333333,0.6140350639820099,-0.7392984753474723,1.0,True,True,False,,0,0
8175600.0,86,1.4623907197708914,False,False,ok,,,True,0.45847058296203613,0.8356766700744629,1,0.0,0.45847058296203613,0.8356766700744629,0.0,122727.54436507149,73970.28668525822,0.47253331062123394,-73970.28668525822,-0.47253331062123394,156539.83544146415,0.0,0.0,1.4623907197708914,0.2479874047693904,0.30296147950333224,0.2479874047693904,0.04019192998440775,0.06,0.0,0.9898574091496575,1.0096964015312087,-0.01983899238155123,5.0,1.0,0.44992668507563216,1.0,18115.19124242575,-18115.19124242575,0.0,18115.19124242575,0.0,96.61435329293734,0.28359,0.1875,-96.61435329293734,-41032.913118058816,-433035.8009474026,-22733.546597751847,22733.546597751847,-1251334.326410869,-30838.62402687571,30838.62402687571,-2256553.327202797,-26794.122397899628,26794.122397899628,-254095.62854468822,12412.226915359497,-12412.226915359497,-25186.320924013857,0.0,-0.0,10634665.967249973,123809.16154999286,-123809.16154999286,-6291733.0188551815,18115.19124242575,-18115.19124242575,0.33632180094718933,0.8524700999259949,0.4863491952419281,0.35658201575279236,8524701.0,288.9093017578125,467.7685241699219,301.39556884765625,-68770584.0,83567664.0,0.0,-96614352.0,-49985372.0,-49985372.0,-100625800.0,-100625800.0,232428448.0,-0.0,0.0,0.3333333333333333,0.48945181965827944,-0.21832383628935906,1.0,True,True,False,,0,0
8179200.0,87,-0.7280119946118698,False,False,ok,,,True,0.3347339332103729,-0.7393024563789368,1,0.0,0.3347339332103729,-0.7393024563789368,0.0,150204.2583981405,54047.714609524235,0.34526492542362874,-54047.714609524235,-0.34526492542362874,156539.83544146415,0.0,0.0,-0.7280119946118698,0.45535707556741156,0.5103311503013535,0.45535707556741156,0.13818916909442572,0.06,0.0,-1.0732769200354986,-1.0368483539901057,-0.03642856604539293,5.0,1.0,0.2479874047693904,1.0,10680.637962862937,-10680.637962862937,0.0,10680.637962862937,0.0,56.963402468602325,0.63457,0.1875,-56.963402468602325,-15890.362613592297,-440396.3997617911,-7360.598814388504,7360.598814388504,-1271050.8846691928,-19716.55825832393,19716.55825832393,-2277379.7830939293,-20826.455891132355,20826.455891132355,-279039.163634181,-24943.535089492798,24943.535089492798,-25186.320924013857,0.0,-0.0,10750880.19194997,116214.22469999641,-116214.22469999641,-6307623.381468774,10680.637962862937,-10680.637962862937,0.19647717475891113,0.8500728011131287,0.4863491952419281,0.35658201575279236,8500728.0,288.0968322753906,467.7685241699219,301.39556884765625,-50210088.0,-73930248.0,0.0,-56963404.0,0.0,0.0,-51754208.0,-51754208.0,232857952.0,-0.0,0.0,0.3333333333333333,0.6084705829620362,-0.7918676602468018,1.0,True,True,False,,0,0
8182800.0,88,0.2145948215734067,False,False,ok,,,True,0.33734074234962463,-0.16984693706035614,1,0.0,0.33734074234962463,-0.16984693706035614,0.0,152768.8558053521,108323.48898478158,0.6919867309128966,-108323.48898478158,-0.6919867309128966,156539.83544146415,0.0,0.0,0.2145948215734067,0.54216088330247,0.5971349580364119,0.54216088330247,0.19109785859376047,0.06,0.0,-0.47739190933948994,-0.43401903867529235,-0.0433728706641976,5.0,1.0,0.45535707556741156,1.0,29192.548547965675,-29192.548547965675,0.0,29192.548547965675,0.0,155.69359225581692,0.63457,0.1875,-155.69359225581692,-76566.3430296043,-440396.3997617911,0.0,-0.0,-1279052.4134365474,-8001.528767354554,8001.528767354554,-2297604.5867800713,-20224.803686141968,20224.803686141968,-288110.8631938696,-9071.699559688568,9071.699559688568,-25186.320924013857,0.0,-0.0,10867309.164399961,116428.97244999185,-116428.97244999185,-6384189.724498378,29192.548547965675,-29192.548547965675,0.14311422407627106,0.843167781829834,0.4863491952419281,0.35658201575279236,8431678.0,285.75665283203125,467.7685241699219,301.39556884765625,-50601112.0,-16984694.0,0.0,-155693600.0,0.0,0.0,-7207374.0,-7207374.0,230486768.0,-0.0,0.0,0.3333333333333333,0.48473393321037295,-0.19752796646208767,1.0,True,True,False,,0,0
8186400.0,89,0.7960183649847542,False,False,ok,,,True,0.3368198871612549,0.04911409318447113,1,0.0,0.3368198871612549,0.04911409318447113,0.0,139789.6129195454,132382.8435931353,0.8456815047735117,-132382.8435931353,-0.8456815047735117,156539.83544146415,0.0,0.0,0.7960183649847542,0.5433991252561235,0.5983731999900654,0.5433991252561235,0.1861351794115456,0.06,0.0,-0.04966313978875748,-0.0061912097682675915,-0.043471930020489886,5.0,1.0,0.54216088330247,1.0,38141.17362079854,-38141.17362079854,0.0,38141.17362079854,0.0,203.41959264425887,1.13597,0.1875,-203.41959264425887,-107220.91285814345,-440396.3997617911,0.0,-0.0,-1280046.4766824837,-994.0632459362969,994.0632459362969,-2317816.905140877,-20212.31836080551,20212.31836080551,-287906.19726479053,204.6659290790558,-204.6659290790558,-25186.320924013857,0.0,-0.0,10982552.550049955,115243.38564999402,-115243.38564999402,-6491410.637356522,38141.17362079854,-38141.17362079854,0.14795836806297302,0.8346633315086365,0.4863491952419281,0.35658201575279236,8346633.0,282.8743896484375,467.7685241699219,301.39556884765625,-50522984.0,4911409.5,0.0,-203419600.0,0.0,0.0,-0.0,-0.0,249031168.0,-0.0,0.0,0.3333333333333333,0.48734074234962466,0.02926452253012605,1.0,True,True,False,,0,0
8190000.0,90,0.983276317173928,False,False,ok,,,True,0.4474221467971802,0.11910492181777954,1,0.0,0.4474221467971802,0.11910492181777954,0.0,123493.12034637509,139304.9935594863,0.8899012393019757,-139304.9935594863,-0.8899012393019757,156539.83544146415,0.0,0.0,0.983276317173928,0.5164607378757216,0.5714348126096634,0.5164607378757216,0.1634597981414001,0.06,0.0,0.09337507787195226,0.13469193690200998,-0.041316859030057725,5.0,1.0,0.5433991252561235,1.0,38729.00883041267,-38729.00883041267,0.0,38729.00883041267,0.0,206.55471376220092,1.13597,0.1875,-206.55471376220092,-116872.47730224393,-440396.3997617911,0.0,-0.0,-1280046.4766824837,0.0,-0.0,-2343998.620390892,-26181.71525001526,26181.71525001526,-285664.08048570156,2242.116779088974,-2242.116779088974,-25186.320924013857,0.0,-0.0,11107068.133249963,124515.58320000768,-124515.58320000768,-6608283.1146587655,38729.00883041267,-38729.00883041267,0.17037953436374664,0.8279699683189392,0.4863491952419281,0.35658201575279236,8279699.5,280.60595703125,467.7685241699219,301.39556884765625,-67113320.0,11910492.0,0.0,-206554720.0,0.0,0.0,-0.0,-0.0,261757536.0,-0.0,0.0,0.3333333333333333,0.4868198871612549,0.008676934950041022,1.0,True,True,False,,0,0
8193600.0,91,0.8378059237264507,False,False,ok,,,True,0.554964005947113,0.02682618796825409,1,0.0,0.554964005947113,0.02682618796825409,0.0,112201.49813321042,133085.57966352534,0.8501706884270414,-133085.57966352534,-0.8501706884270414,156539.83544146415,0.0,0.0,0.8378059237264507,0.5107615067085036,0.5657355814424455,0.5107615067085036,0.15665893644850534,0.06,0.0,-0.012364764700590627,0.028496155836089665,-0.04086092053668029,5.0,1.0,0.5164607378757216,1.0,34138.315838392205,-34138.315838392205,0.0,34138.315838392205,0.0,182.07101780475844,1.13597,0.1875,-182.07101780475844,-110238.88603829779,-440396.3997617911,0.0,-0.0,-1280046.4766824837,0.0,-0.0,-2376651.209592819,-32652.589201927185,32652.589201927185,-284942.9992586374,721.0812270641327,-721.0812270641327,-25186.320924013857,0.0,-0.0,11237946.90504997,130878.77180000767,-130878.77180000767,-6718522.000697063,34138.315838392205,-34138.315838392205,0.17759035527706146,0.8228529691696167,0.4863491952419281,0.35658201575279236,8228529.5,278.87176513671875,467.7685241699219,301.39556884765625,-83244600.0,2682618.75,0.0,-182071024.0,0.0,0.0,-0.0,-0.0,262632992.0,-0.0,0.0,0.3333333333333333,0.5974221467971802,-0.08661302816124035,1.0,True,True,False,,0,0
8197200.0,92,1.1094359503099704,False,False,ok,,,True,0.6639634966850281,-0.0017792657017707825,2,0.18924400210380554,0.6639634966850281,-0.0017792657017707825,0.8864941602945328,57584.141946401665,169569.47707655947,1.083235309391695,-169569.47707655947,-1.083235309391695,156539.83544146415,0.0,0.0,1.1094359503099704,0.49756041193390604,0.5517502870868553,0.49756041193390604,0.1559687398207343,0.06,0.0,0.026200640918275404,0.06600547387298789,-0.03980483295471248,5.0,1.0,0.5107615067085036,1.0,53511.84884460911,-53511.84884460911,0.0,53511.84884460911,0.0,285.3965271712486,0.98555,0.1875,-285.3965271712486,-170674.98441875912,-440396.3997617911,0.0,-0.0,-1280046.4766824837,0.0,-0.0,-2415835.0224494934,-39183.812856674194,39183.812856674194,-284953.40044796467,-10.40118932723999,10.40118932723999,-1250.9785960614727,23935.342327952385,-23935.342327952385,11369263.404999962,131316.4999499917,-131316.4999499917,-6889196.985115822,53511.84884460911,-53511.84884460911,0.17775008082389832,0.8358144760131836,0.4940849542617798,0.35108682513237,8358144.5,279.1622619628906,470.6195068359375,300.9537048339844,-99594528.0,-177926.5625,132974128.0,-285396512.0,0.0,0.0,-0.0,-0.0,252194848.0,-0.0,0.0,0.404964005947113,0.7049640059471131,-0.11725898031146599,1.0,True,True,True,,0,0
8200800.0,93,0.5277107249677693,False,False,ok,,,True,0.5197855830192566,-0.10861847549676895,1,0.0,0.5197855830192566,-0.10861847549676895,0.0,45030.48388655488,126616.2068053088,0.8088433621271764,-126616.2068053088,-0.8088433621271764,156539.83544146415,0.0,0.0,0.5277107249677693,0.5450658852025467,0.6338421673887907,0.5450658852025467,0.17957704736220068,0.06,0.0,-0.2811326371594072,-0.23752736634320343,-0.04360527081620374,5.0,1.0,0.49756041193390604,1.0,33828.88186826899,-33828.88186826899,0.0,33828.88186826899,0.0,180.4207032974346,0.98555,0.1875,-180.4207032974346,-105340.9829968866,-440396.3997617911,0.0,-0.0,-1280046.4766824837,0.0,-0.0,-2447887.2249126434,-32052.202463150024,32052.202463150024,-288870.78262865543,-3917.3821806907654,3917.3821806907654,1408.5038848221252,2659.482480883598,-2659.482480883598,11495360.832099961,126097.42709999904,-126097.42709999904,-6994537.968112709,33828.88186826899,-33828.88186826899,0.1547066569328308,0.822874128818512,0.490639328956604,0.25571417808532715,8228741.0,276.6379699707031,469.44842529296875,293.2864074707031,-77967840.0,-10861848.0,0.0,-180420704.0,0.0,0.0,-0.0,-0.0,269250400.0,-0.0,0.0,0.513963496685028,0.8139634966850281,-0.11793786715717341,1.0,True,True,False,,0,0
8204400.0,94,1.4943287292492777,False,False,ok,,,True,0.5982037782669067,0.20610454678535461,2,0.1442117691040039,0.5982037782669067,0.20610454678535461,0.8801896476745605,-18916.463888886337,188467.27351339947,1.2039572737629083,-188467.27351339947,-1.2039572737629083,156539.83544146415,0.0,0.0,1.4943287292492777,0.47932243514298506,0.5675986977622448,0.47932243514298506,0.1450227379737756,0.06,0.0,0.29037145548636956,0.32871725029780835,-0.03834579481143881,5.0,1.0,0.5450658852025467,1.0,62223.26846056566,-62223.26846056566,0.0,62223.26846056566,0.0,331.8574317896835,0.63457,0.1875,-331.8574317896835,-190190.95282827504,-440396.3997617911,0.0,-0.0,-1280046.4766824837,0.0,-0.0,-2483308.942437172,-35421.7175245285,35421.7175245285,-285595.3746885061,3275.4079401493073,-3275.4079401493073,25173.624372035258,23765.12048721313,-23765.12048721313,11629986.026249966,134625.19415000454,-134625.19415000454,-7184728.920940984,62223.26846056566,-62223.26846056566,0.18924975395202637,0.8368029594421387,0.49830368161201477,0.24947842955589294,8368029.5,277.3168029785156,472.2324523925781,292.78521728515625,-89730568.0,20610454.0,132028448.0,-331857440.0,0.0,0.0,-0.0,-0.0,268949088.0,-0.0,0.0,0.36978558301925657,0.6697855830192566,-0.020003312639904104,1.0,True,True,True,,0,0
8208000.0,95,0.5813654059603764,False,False,ok,,,True,0.44954898953437805,-0.16336649656295776,1,0.0,0.44954898953437805,-0.16336649656295776,0.0,-35043.898641712956,135724.19747716372,0.8670265756598157,-135724.19747716372,-0.8670265756598157,156539.83544146415,0.0,0.0,0.5813654059603764,0.5280065640579458,0.6162185876670977,0.5280065640579458,0.17491164469537906,0.06,0.0,-0.2856611696994392,-0.24342064457480356,-0.042240525124635664,5.0,1.0,0.47932243514298506,1.0,31942.93307129016,-31942.93307129016,0.0,31942.93307129016,0.0,170.36230971354752,0.63457,0.1875,-170.36230971354752,-119908.69915870018,-440396.3997617911,0.0,-0.0,-1280046.4766824837,0.0,-0.0,-2511173.81054163,-27864.868104457855,27864.868104457855,-291064.3594712019,-5468.98478269577,5468.98478269577,27814.19331505894,2640.5689430236816,-2640.5689430236816,11764460.57459996,134474.54834999517,-134474.54834999517,-7304637.620099684,31942.93307129016,-31942.93307129016,0.15877658128738403,0.8338285684585571,0.4991542100906372,0.24881143867969513,8338285.5,275.8952941894531,472.5378112792969,292.7315979003906,-67432352.0,-16336650.0,0.0,-170362304.0,0.0,0.0,-0.0,-0.0,254131312.0,-0.0,0.0,0.4482037782669067,0.7482037782669068,-0.16681144338102338,1.0,True,True,False,,0,0
8211600.0,96,2.2831841877243697,False,False,ok,,,True,0.34606167674064636,0.9053381085395813,1,0.0,0.34606167674064636,0.9053381085395813,0.0,-82030.1560954114,177179.60813179924,1.1318499705338776,-177179.60813179924,-1.1318499705338776,156539.83544146415,0.0,0.0,2.2831841877243697,0.293050906121897,0.3812629297310489,0.293050906121897,0.0501398113576821,0.06,0.0,1.1513342171904921,1.174778289680244,-0.02344407248975176,5.0,1.0,0.5280065640579458,1.0,55855.958745536474,-55855.958745536474,0.0,55855.958745536474,0.0,297.8984466428612,0.63457,0.1875,-297.8984466428612,-168309.9068399612,-440396.3997617911,0.0,-0.0,-1280046.4766824837,0.0,-0.0,-2532558.435022831,-21384.624481201172,21384.624481201172,-275421.73950374126,15642.619967460632,-15642.619967460632,27814.19331505894,0.0,-0.0,11891526.228499962,127065.6539000012,-127065.6539000012,-7472947.526939645,55855.958745536474,-55855.958745536474,0.31789353489875793,0.8301088213920593,0.4991542100906372,0.24881143867969513,8301088.0,274.6645202636719,472.5378112792969,292.7315979003906,-51909252.0,90533808.0,0.0,-297898432.0,0.0,0.0,-0.0,-0.0,259273888.0,-0.0,0.0,0.3333333333333333,0.5995489895343781,-0.03730048295111666,1.0,True,True,False,,0,0
8215200.0,97,1.1453388673397646,False,False,ok,,,True,0.3347192704677582,0.06791722774505615,1,0.0,0.3347192704677582,0.06791722774505615,0.0,-103948.31212554028,148898.36818909828,0.9511851585200926,-148898.36818909828,-0.9511851585200926,156539.83544146415,0.0,0.0,1.1453388673397646,0.25021669720271905,0.33842872081187103,0.25021669720271905,0.035062016809435236,0.06,0.0,0.19415370881967217,0.2141710445958897,-0.020017335776217525,5.0,1.0,0.293050906121897,1.0,36379.448888314095,-36379.448888314095,0.0,36379.448888314095,0.0,194.02372740434186,0.63457,0.1875,-194.02372740434186,-134437.07533091307,-440396.3997617911,0.0,-0.0,-1280046.4766824837,0.0,-0.0,-2552709.645688534,-20151.21066570282,20151.21066570282,-272388.5531872511,3033.1863164901733,-3033.1863164901733,27814.19331505894,0.0,-0.0,12021163.172149966,129636.94365000352,-129636.94365000352,-7607384.6022705585,36379.448888314095,-36379.448888314095,0.3482253849506378,0.8274452090263367,0.4991542100906372,0.24881143867969513,8274452.0,273.783203125,472.5378112792969,292.7315979003906,-50207892.0,6791723.0,0.0,-194023728.0,0.0,0.0,-0.0,-0.0,237439888.0,-0.0,0.0,0.3333333333333333,0.4960616767406464,-0.7135474863276005,1.0,True,True,False,,0,0
8218800.0,98,0.7408265074675531,False,False,ok,,,True,0.33739057183265686,-0.06127971410751343,1,0.0,0.33739057183265686,-0.06127971410751343,0.0,-116747.23245170029,134351.52662979014,0.8582577479457553,-134351.52662979014,-0.8582577479457553,156539.83544146415,0.0,0.0,0.7408265074675531,0.2693926626952357,0.3576046863043877,0.2693926626952357,0.04063661361235449,0.06,0.0,-0.11743124047820214,-0.09587982746258328,-0.021551413015618855,5.0,1.0,0.25021669720271905,1.0,37929.22078394065,-37929.22078394065,0.0,37929.22078394065,0.0,202.28917751435011,0.63457,0.1875,-202.28917751435011,-109221.22617200948,-440396.3997617911,0.0,-0.0,-1280046.4766824837,0.0,-0.0,-2572937.052190304,-20227.40650177002,20227.40650177002,-274458.78843963146,-2070.235252380371,2070.235252380371,27814.19331505894,0.0,-0.0,12139883.119749958,118719.94759999216,-118719.94759999216,-7716605.828442568,37929.22078394065,-37929.22078394065,0.33660686016082764,0.8256970643997192,0.4991542100906372,0.24881143867969513,8256970.5,273.20477294921875,472.5378112792969,292.7315979003906,-50608584.0,-6127971.5,0.0,-202289184.0,0.0,0.0,-0.0,-0.0,259025728.0,-0.0,0.0,0.3333333333333333,0.4847192704677582,-0.8424579047784331,1.0,True,True,False,,0,0
8222400.0,99,0.7966538792932039,False,False,ok,,,True,0.3713390827178955,-0.025179266929626465,1,0.0,0.3713390827178955,-0.025179266929626465,0.0,-131035.69273987088,137053.59307371895,0.8755189545664764,-137053.59307371895,-0.8755189545664764,156539.83544146415,0.0,0.0,0.7966538792932039,0.2806748796750888,0.3688869032842408,0.2806748796750888,0.044081655381092856,0.06,0.0,-0.0788650752732726,-0.056411084899265496,-0.022453990374007107,5.0,1.0,0.2693926626952357,1.0,30768.952087378693,-30768.952087378693,0.0,30768.952087378693,0.0,164.10107779935302,0.63457,0.1875,-164.10107779935302,-120573.10127451085,-440396.3997617911,0.0,-0.0,-1280046.4766824837,0.0,-0.0,-2595013.706088066,-22076.6538977623,22076.6538977623,-275610.36090552807,-1151.5724658966064,1151.5724658966064,27814.19331505894,0.0,-0.0,12269395.987099959,129512.86735000089,-129512.86735000089,-7837178.929717079,30768.952087378693,-30768.952087378693,0.32983291149139404,0.8245757818222046,0.4991542100906372,0.24881143867969513,8245757.5,272.833740234375,472.5378112792969,292.7315979003906,-55700864.0,-2517926.75,0.0,-164101072.0,0.0,0.0,-0.0,-0.0,222319872.0,-0.0,0.0,0.3333333333333333,0.4873905718326569,-0.7930791264400012,1.0,True,True,True,,0,0
8226000.0,100,0.7879364027230168,False,False,ok,,,True,0.37603554129600525,0.022527873516082764,1,0.0,0.37603554129600525,0.022527873516082764,0.0,-142761.3474794448,123334.96840875948,0.7878823180114997,-123334.96840875948,-0.7878823180114997,156539.83544146415,0.0,0.0,0.7879364027230168,0.2762441562330565,0.36445617984220846,0.2762441562330565,0.04237138195884858,0.06,0.0,5.408471151710503e-05,0.022153617210161625,-0.02209953249864452,5.0,1.0,0.2806748796750888,1.0,34404.2040294764,-34404.2040294764,0.0,34404.2040294764,0.0,183.48908815720748,0.63457,0.1875,-183.48908815720748,-100656.41911885701,-440396.3997617911,0.0,-0.0,-1280046.4766824837,0.0,-0.0,-2617547.6598143578,-22533.953726291656,22533.953726291656,-275305.5762499571,304.7846555709839,-304.7846555709839,27814.19331505894,0.0,-0.0,12380555.920549957,111159.9334499985,-111159.9334499985,-7937835.348835936,34404.2040294764,-34404.2040294764,0.33329546451568604,0.8238126635551453,0.4991542100906372,0.24881143867969513,8238126.5,272.5812683105469,472.5378112792969,292.7315979003906,-56405332.0,2252787.25,0.0,-183489088.0,0.0,0.0,-0.0,-0.0,237641632.0,-0.0,0.0,0.3333333333333333,0.5213390827178955,-0.764289814792586,1.0,True,True,True,,0,0
8229600.0,101,1.2090398661771316,False,False,ok,,,True,0.3361412286758423,-0.0010423660278320312,2,0.0526234433054924,0.3361412286758423,-0.0010423660278320312,0.8673672820627689,-202227.0636036891,179447.57289772748,1.1463380703810013,-179447.57289772748,-1.1463380703810013,156539.83544146415,0.0,0.0,1.2090398661771316,0.2595509813718804,0.35240193990958574,0.2595509813718804,0.04166755134454289,0.06,0.0,0.06270179579613011,0.08346587430588054,-0.02076407850975043,5.0,1.0,0.2762441562330565,1.0,58325.08460439757,-58325.08460439757,0.0,58325.08460439757,0.0,311.06711789012036,0.63457,0.1875,-311.06711789012036,-180588.20441757422,-440396.3997617911,0.0,-0.0,-1280763.4119786073,-716.9352961236145,716.9352961236145,-2637955.4994106293,-20407.839596271515,20407.839596271515,-275298.0456799269,7.530570030212402,-7.530570030212402,51233.1099307537,23418.91661569476,-23418.91661569476,12499376.73654995,118820.81599999219,-118820.81599999219,-8118423.55325351,58325.08460439757,-58325.08460439757,0.33352527022361755,0.8401610851287842,0.5066613554954529,0.24137291312217712,8401611.0,274.17669677734375,474.5345458984375,292.1337585449219,-50421184.0,-104236.6015625,130105096.0,-311067104.0,0.0,0.0,-6362444.5,-6362444.5,237849888.0,-0.0,0.0,0.3333333333333333,0.5260355412960053,-0.7790057113394259,1.0,True,True,True,,0,0
8233200.0,102,-0.37912161690070945,False,False,ok,,,True,0.3338436186313629,-0.5610229969024658,1,0.0,0.3338436186313629,-0.5610229969024658,0.0,-202064.99246942595,87393.63807595862,0.5582836971145164,-87393.63807595862,-0.5582836971145164,156539.83544146415,0.0,0.0,-0.37912161690070945,0.4399921694635094,0.5536694773034821,0.4399921694635094,0.12224252110048432,0.06,0.0,-0.9374053140152259,-0.9022059404581451,-0.03519937355708075,5.0,1.0,0.2595509813718804,1.0,12702.150946446864,-12702.150946446864,0.0,12702.150946446864,0.0,67.74480504771661,0.63457,0.1875,-67.74480504771661,-74529.4159952486,-440684.6544812156,-288.25471942446893,288.25471942446893,-1287065.3174451115,-6301.905466504162,6301.905466504162,-2657999.902188778,-20044.40277814865,20044.40277814865,-295499.04303252697,-20200.997352600098,20200.997352600098,53835.21177694201,2602.101846188307,-2602.101846188307,12618301.682149945,118924.94559999555,-118924.94559999555,-8192952.969248759,12702.150946446864,-12702.150946446864,0.21469588577747345,0.8379639983177185,0.5051134824752808,0.18032115697860718,8379640.0,274.2437744140625,474.5345458984375,287.2279052734375,-50076544.0,-56102300.0,0.0,-67744808.0,-4781670.0,-4781670.0,-47781436.0,-47781436.0,226486752.0,-0.0,0.0,0.3333333333333333,0.4861412286758423,-0.7799824511632436,1.0,True,True,False,,0,0
8236800.0,103,1.5596622060619059,False,False,ok,,,True,0.3345053791999817,0.6719871759414673,1,0.0,0.3345053791999817,0.6719871759414673,0.0,-211157.44712927227,116343.5987143463,0.7432203974550065,-116343.5987143463,-0.7432203974550065,156539.83544146415,0.0,0.0,1.5596622060619059,0.2723462674627259,0.38602357530269865,0.2723462674627259,0.04732069664777359,0.06,0.0,0.8164418086068994,0.8382295100039174,-0.02178770139701807,5.0,1.0,0.4399921694635094,1.0,33385.2334612477,-33385.2334612477,0.0,33385.2334612477,0.0,178.05457845998774,0.63457,0.1875,-178.05457845998774,-92050.81991294492,-442880.80704524426,-2196.1525640286854,2196.1525640286854,-1304939.5005687329,-17874.18312362139,17874.18312362139,-2678066.254377365,-20066.35218858719,20066.35218858719,-285647.3658531904,9851.677179336548,-9851.677179336548,53835.21177694201,0.0,-0.0,12731545.058099953,113243.37595000863,-113243.37595000863,-8285003.789161704,33385.2334612477,-33385.2334612477,0.3224530518054962,0.8439741730690002,0.5051134824752808,0.18032115697860718,8439742.0,276.2107238769531,474.5345458984375,287.2279052734375,-50175808.0,67198720.0,0.0,-178054576.0,-8196084.0,-8196084.0,-99884560.0,-99884560.0,269112320.0,-0.0,0.0,0.3333333333333333,0.48384361863136294,-0.2749575173482413,1.0,True,True,False,,0,0
8240400.0,104,-0.8659244238155303,False,False,ok,,,True,0.3334718942642212,-0.6787229180335999,1,0.0,0.3334718942642212,-0.6787229180335999,0.0,-173717.8469004358,20290.802215624877,0.129620694683893,-20290.802215624877,-0.129620694683893,156539.83544146415,0.0,0.0,-0.8659244238155303,0.4640307983883962,0.577708106228369,0.4640307983883962,0.1421504018763179,0.06,0.0,-0.9955451184994233,-0.9584226546283516,-0.0371224638710717,5.0,1.0,0.2723462674627259,1.0,-34720.93751080929,34720.93751080929,34720.93751080929,0.0,54.715693321161254,0.0,0.63457,0.1875,54.715693321161254,-17572.139497597702,-449421.7655924565,-6540.958547212242,6540.958547212242,-1334838.393982292,-29898.893413559068,29898.893413559068,-2698080.768942833,-20014.514565467834,20014.514565467834,-308737.4165505171,-23090.05069732666,23090.05069732666,53835.21177694201,0.0,-0.0,12866101.21504995,134556.15694999695,-134556.15694999695,-8302575.928659301,-34720.93751080929,34720.93751080929,0.19216321408748627,0.8522756099700928,0.5051134824752808,0.18032115697860718,8522756.0,278.9275817871094,474.5345458984375,287.2279052734375,-50020784.0,-67872288.0,0.0,54715692.0,-34529856.0,-34529856.0,-143080448.0,-143080448.0,240787696.0,-0.0,0.0,0.3333333333333333,0.4845053791999817,-0.7329254072532176,1.0,True,True,False,,0,0
8244000.0,105,1.2988621988659432,False,False,ok,,,True,0.42407578229904175,0.8580971360206604,1,0.0,0.42407578229904175,0.8580971360206604,0.0,-149527.81246791827,51872.595471104694,0.3313699374016636,-51872.595471104694,-0.3313699374016636,156539.83544146415,0.0,0.0,1.2988621988659432,0.26627199418852393,0.3799493020284967,0.26627199418852393,0.04316876683809881,0.06,0.0,0.9674922614642796,0.9887940209993615,-0.021301759535081916,5.0,1.0,0.4640307983883962,1.0,1610.546252742324,-1610.546252742324,0.0,1610.546252742324,0.0,8.589580014625728,0.63457,0.1875,-8.589580014625728,-26072.014785844833,-468465.0388114313,-19043.27321897482,19043.27321897482,-1373756.8508114577,-38918.45682916581,38918.45682916581,-2722981.6925525665,-24900.92360973358,24900.92360973358,-296006.5597742796,12730.856776237488,-12730.856776237488,53835.21177694201,0.0,-0.0,12986495.061149942,120393.84609999135,-120393.84609999135,-8328647.943445146,1610.546252742324,-1610.546252742324,0.3306507468223572,0.8622481226921082,0.5051134824752808,0.18032115697860718,8622481.0,282.1912841796875,474.5345458984375,287.2279052734375,-63611368.0,85809712.0,0.0,-8589580.0,-83167824.0,-83167824.0,-170765216.0,-170765216.0,240324256.0,-0.0,0.0,0.3333333333333333,0.4834718942642212,-0.17919369097800295,1.0,True,True,False,,0,0
8247600.0,106,-1.4574402426072663,False,False,ok,,,True,0.33391469717025757,-0.7092201709747314,1,0.0,0.33391469717025757,-0.7092201709747314,0.0,-140940.24654807948,-58933.15962314751,-0.376473882554864,58933.15962314751,0.376473882554864,156539.83544146415,0.0,0.0,-1.4574402426072663,0.47486738799114603,0.5885446958311188,0.47486738799114603,0.13759994630539793,0.06,0.0,-1.0809663600524022,-1.0429769690131105,-0.037989391039291685,5.0,1.0,0.26627199418852393,1.0,-52891.82867973531,52891.82867973531,52891.82867973531,0.0,186.50808801345357,0.0,0.28359,0.1875,186.50808801345357,14628.896863250993,-506114.51467689883,-37649.47586546751,37649.47586546751,-1417919.2573153633,-44162.40650390554,44162.40650390554,-2743557.5408935547,-20575.84834098816,20575.84834098816,-319822.2916573286,-23815.73188304901,23815.73188304901,53835.21177694201,0.0,-0.0,13106657.192799943,120162.13165000081,-120162.13165000081,-8314019.046581895,-52891.82867973531,52891.82867973531,0.19762489199638367,0.8713047504425049,0.5051134824752808,0.18032115697860718,8713047.0,285.1552429199219,474.5345458984375,287.2279052734375,-50087204.0,-70922016.0,0.0,186508096.0,-140823216.0,-140823216.0,-183810192.0,-183810192.0,259134544.0,-0.0,0.0,0.3333333333333333,0.5740757822990418,-0.7677657082304482,1.0,True,True,False,,0,0
8251200.0,107,0.9118991608935809,False,False,ok,,,True,0.4355802536010742,0.8499304056167603,1,0.0,0.4355802536010742,0.8499304056167603,0.0,-119749.29271150232,-9214.274172067962,-0.058862168508625454,9214.274172067962,0.058862168508625454,156539.83544146415,0.0,0.0,0.9118991608935809,0.2762944115262842,0.38997171936625696,0.2762944115262842,0.042110282977974964,0.06,0.0,0.9707613294022064,0.9928648823243091,-0.022103552922102736,5.0,1.0,0.47486738799114603,1.0,-21966.714962115046,21966.714962115046,21966.714962115046,0.0,119.83369680931234,0.0,0.18331,0.1875,119.83369680931234,8438.513046530075,-563775.563779327,-57661.04910242814,57661.04910242814,-1464010.0804626108,-46090.823147247545,46090.823147247545,-2769082.3627710342,-25524.821877479553,25524.821877479553,-307360.42504012585,12461.866617202759,-12461.866617202759,53835.21177694201,0.0,-0.0,13236224.461099943,129567.26830000058,-129567.26830000058,-8305580.533535365,-21966.714962115046,21966.714962115046,0.3339248299598694,0.8771816492080688,0.5051134824752808,0.18032115697860718,8771817.0,287.07861328125,474.5345458984375,287.2279052734375,-65337040.0,84993040.0,0.0,119833696.0,-196111456.0,-196111456.0,-185038432.0,-185038432.0,241660208.0,-0.0,0.0,0.3333333333333333,0.4839146971702576,-0.20240581091494572,1.0,True,True,False,,0,0
8254800.0,108,-1.4976823925876377,False,False,ok,,,True,0.3401679992675781,-0.6793372631072998,1,0.0,0.3401679992675781,-0.6793372631072998,0.0,-131621.1278530192,-77810.81534297945,-0.4970671849982601,77810.81534297945,0.4970671849982601,156539.83544146415,0.0,0.0,-1.4976823925876377,0.46891481598834617,0.5825921238283189,0.46891481598834617,0.12958830542313232,0.06,0.0,-1.0006152075893775,-0.9631020223103098,-0.0375131852790677,5.0,1.0,0.2762944115262842,1.0,-42380.64892951707,42380.64892951707,42380.64892951707,0.0,231.1966010011296,0.0,0.18331,0.1875,231.1966010011296,23558.3312719455,-631972.7605850825,-68197.19680575549,68197.19680575549,-1508334.3178276315,-44324.23736502067,44324.23736502067,-2790064.91625309,-20982.553482055664,20982.553482055664,-330116.7057007551,-22756.280660629272,22756.280660629272,53835.21177694201,0.0,-0.0,13357054.56299995,120830.10190000758,-120830.10190000758,-8282022.2022634195,-42380.64892951707,42380.64892951707,0.20706379413604736,0.8795105218887329,0.5051134824752808,0.18032115697860718,8795105.0,287.8407897949219,474.5345458984375,287.2279052734375,-51025200.0,-67933728.0,0.0,231196608.0,-193311008.0,-193311008.0,-167740576.0,-167740576.0,248813904.0,-0.0,0.0,0.3333333333333333,0.5855802536010742,-0.7816805541142943,1.0,True,True,False,,0,0
8258400.0,109,1.064125617008364,False,False,ok,,,True,0.4490731954574585,0.8433317542076111,1,0.0,0.4490731954574585,0.8433317542076111,0.0,-112440.47098982024,10422.822182572907,0.06658255486968602,-10422.822182572907,-0.06658255486968602,156539.83544146415,0.0,0.0,1.064125617008364,0.2651635861817033,0.3788408940216761,0.2651635861817033,0.03789966875543564,0.06,0.0,0.9975430621386779,1.0187561490332142,-0.021213086894536267,5.0,1.0,0.46891481598834617,1.0,-1621.7472309608618,1621.7472309608618,1621.7472309608618,0.0,8.847019971419245,0.0,0.18331,0.1875,8.847019971419245,7136.087449665181,-693732.289333284,-61759.528748201556,61759.528748201556,-1545108.8349888956,-36774.517161264084,36774.517161264084,-2816355.876803398,-26290.960550308228,26290.960550308228,-317654.0831774473,12462.6225233078,-12462.6225233078,53835.21177694201,0.0,-0.0,13481461.516349958,124406.95335000753,-124406.95335000753,-8274886.114813754,-1621.7472309608618,1621.7472309608618,0.3428790867328644,0.8794822096824646,0.5051134824752808,0.18032115697860718,8794822.0,287.83154296875,474.5345458984375,287.2279052734375,-67360976.0,84333176.0,0.0,8847020.0,-156748400.0,-156748400.0,-121594224.0,-121594224.0,252523424.0,-0.0,0.0,0.3333333333333333,0.49016799926757815,-0.24252110179514977,1.0,True,True,False,,0,0
8262000.0,110,-1.2019186945918634,False,False,ok,,,True,0.34046027064323425,-0.724075436592102,1,0.0,0.34046027064323425,-0.724075436592102,0.0,-96144.40196508447,-22952.205588503482,-0.1466221394942384,22952.205588503482,0.1466221394942384,156539.83544146415,0.0,0.0,-1.2019186945918634,0.46872332401695704,0.5824006318569298,0.46872332401695704,0.1300940125843148,0.06,0.0,-1.055296555097625,-1.0177986891762685,-0.037497865921356566,5.0,1.0,0.2651635861817033,1.0,-29248.885174372615,29248.885174372615,29248.885174372615,0.0,103.1379286095159,0.0,0.28359,0.1875,103.1379286095159,9999.389438866638,-741802.2746727623,-48069.98533947824,48069.98533947824,-1571544.5323671661,-26435.69737827056,26435.69737827056,-2837435.1705908775,-21079.2937874794,21079.2937874794,-342034.13538634777,-24380.05220890045,24380.05220890045,53835.21177694201,0.0,-0.0,13607723.22464996,126261.70830000192,-126261.70830000192,-8264886.725374888,-29248.885174372615,29248.885174372615,0.20641210675239563,0.8783414959907532,0.5051134824752808,0.18032115697860718,8783415.0,287.45819091796875,474.5345458984375,287.2279052734375,-51069040.0,-72407544.0,0.0,103137928.0,-115102432.0,-115102432.0,-86209456.0,-86209456.0,221650544.0,-0.0,0.0,0.3333333333333333,0.5990731954574585,-0.8197361674532422,1.0,True,True,False,,0,0
8265600.0,111,1.5603981826791475,False,False,ok,,,True,0.4484209716320038,0.8435587882995605,1,0.0,0.4484209716320038,0.8435587882995605,0.0,-96973.32796480105,87593.40662501229,0.5595598486352479,-87593.40662501229,-0.5595598486352479,156539.83544146415,0.0,0.0,1.5603981826791475,0.26432643426001684,0.3780037420999896,0.26432643426001684,0.03850253271187481,0.06,0.0,1.0008383340438995,1.021984448784701,-0.021146114740801348,5.0,1.0,0.46872332401695704,1.0,33339.93500108372,-33339.93500108372,0.0,33339.93500108372,0.0,177.81298667244653,0.63457,0.1875,-177.81298667244653,-55082.39762364514,-767116.9606713235,-25314.68599856121,25314.68599856121,-1588831.906845712,-17287.37447854597,17287.37447854597,-2863692.664682865,-26257.49409198761,26257.49409198761,-329746.3789433241,12287.756443023682,-12287.756443023682,53835.21177694201,0.0,-0.0,13718548.494399963,110825.26975000277,-110825.26975000277,-8319969.122998533,33339.93500108372,-33339.93500108372,0.3412156105041504,0.8761498928070068,0.5051134824752808,0.18032115697860718,8761499.0,286.7409362792969,474.5345458984375,287.2279052734375,-67263144.0,84355880.0,0.0,-177812992.0,-31383646.0,-31383646.0,-48096684.0,-48096684.0,240200592.0,-0.0,0.0,0.3333333333333333,0.4904602706432343,-0.23975147362799665,1.0,True,True,False,,0,0
8269200.0,112,1.9046632662719123,False,False,ok,,,True,0.5984209716320038,0.675,1,0.0,0.5984209716320038,0.675,0.0,-117791.24389367616,132144.26260225824,0.8441574135400935,-132144.26260225824,-0.8441574135400935,156539.83544146415,0.0,0.0,1.9046632662719123,0.05140281861580026,0.16508012645577302,0.05140281861580026,0.0010569819641508124,0.06,1.0,1.0605058527318187,1.0646180782210828,-0.0041122254892640205,5.0,1.0,0.26432643426001684,1.0,44803.58870998377,-44803.58870998377,0.0,44803.58870998377,0.0,238.95247311991344,0.63457,0.1875,-238.95247311991344,-108158.5898211496,-771279.510737827,-4162.55006650358,4162.55006650358,-1596260.8343156124,-7428.927469900344,7428.927469900344,-2898697.9229807854,-35005.25829792023,35005.25829792023,-315909.26136672497,13837.117576599121,-13837.117576599121,53835.21177694201,0.0,-0.0,13838648.786549969,120100.2921500057,-120100.2921500057,-8428127.712819682,44803.58870998377,-44803.58870998377,0.47958680987358093,0.8707830309867859,0.5051134824752808,0.18032115697860718,8707830.0,284.9844970703125,474.5345458984375,287.2279052734375,-89763144.0,67500000.0,0.0,-238952480.0,0.0,-0.0,-6731593.0,-6731593.0,267947216.0,-0.0,0.0,0.3333333333333333,0.5984209716320038,-0.8126664030179506,1.0,True,True,False,,0,0
8272800.0,113,1.036521342937337,False,False,ok,,,True,0.4488455057144165,0.0,1,0.0,0.4488455057144165,0.0,0.0,-132071.67112086655,140775.92499921483,0.8992977704506147,-140775.92499921483,-0.8992977704506147,156539.83544146415,0.0,0.0,1.036521342937337,0.023580811140212404,0.13725811898018517,0.023580811140212404,0.0002462193168109028,0.06,1.0,0.1372235724867223,0.13911003737793928,-0.0018864648912169924,5.0,1.0,0.05140281861580026,1.0,34209.21818303203,-34209.21818303203,0.0,34209.21818303203,0.0,182.4491636428375,1.13597,0.1875,-182.4491636428375,-120847.13404337317,-771279.510737827,0.0,-0.0,-1597189.5503110583,-928.7159954458475,928.7159954458475,-2926526.106119156,-27828.183138370514,27828.183138370514,-314559.26136672497,1350.0,-1350.0,53835.21177694201,0.0,-0.0,13972622.392499978,133973.60595000908,-133973.60595000908,-8548974.846863056,34209.21818303203,-34209.21818303203,0.4930868148803711,0.8632110357284546,0.5051134824752808,0.18032115697860718,8632110.0,282.5063781738281,474.5345458984375,287.2279052734375,-67326824.0,0.0,0.0,-182449168.0,0.0,0.0,-0.0,-0.0,249775984.0,-0.0,0.0,0.4484209716320038,0.7484209716320038,-1.0,1.0,True,True,False,,0,0
8276400.0,114,0.8416669280024295,False,False,ok,,,True,0.5523123741149902,0.0,1,0.0,0.5523123741149902,0.0,0.0,-140790.29945261852,126833.87844151913,0.8102338812598718,-126833.87844151913,-0.8102338812598718,156539.83544146415,0.0,0.0,0.8416669280024295,0.017021852157185907,0.13069915999715867,0.017021852157185907,0.0001159382992576056,0.06,1.0,0.03143304674255761,0.032794794915132486,-0.0013617481725748727,5.0,1.0,0.023580811140212404,1.0,34463.8249280159,-34463.8249280159,0.0,34463.8249280159,0.0,183.80706628275146,1.13597,0.1875,-183.80706628275146,-101088.6818452552,-771279.510737827,0.0,-0.0,-1597189.5503110583,0.0,-0.0,-2959044.047355652,-32517.94123649597,32517.94123649597,-314559.26136672497,0.0,-0.0,53835.21177694201,0.0,-0.0,14097510.38724997,124887.99474999309,-124887.99474999309,-8650063.52870831,34463.8249280159,-34463.8249280159,0.4930868148803711,0.8566520810127258,0.5051134824752808,0.18032115697860718,8566521.0,280.3597717285156,474.5345458984375,287.2279052734375,-82846856.0,0.0,0.0,-183807072.0,0.0,0.0,-0.0,-0.0,266653920.0,-0.0,0.0,0.3333333333333333,0.5988455057144165,-1.0,1.0,True,True,False,,0,0
8280000.0,115,0.8361334026749283,False,False,ok,,,True,0.648674488067627,0.0,1,0.0,0.648674488067627,0.0,0.0,-148284.5433924477,126775.45214150773,0.8098606452727083,-126775.45214150773,-0.8098606452727083,156539.83544146415,0.0,0.0,0.8361334026749283,0.011581988855060926,0.1252592966950337,0.011581988855060926,7.315790308611092e-05,0.06,1.0,0.02627275740222003,0.027199316510624905,-0.0009265591084048741,5.0,1.0,0.017021852157185907,1.0,31790.78754184799,-31790.78754184799,0.0,31790.78754184799,0.0,169.55086688985594,1.13597,0.1875,-169.55086688985594,-102478.90853948891,-771279.510737827,0.0,-0.0,-1597189.5503110583,0.0,-0.0,-2997386.3439559937,-38342.2966003418,38342.2966003418,-314559.26136672497,0.0,-0.0,53835.21177694201,0.0,-0.0,14230837.348449966,133326.96119999513,-133326.96119999513,-8752542.4372478,31790.78754184799,-31790.78754184799,0.4930868148803711,0.851212203502655,0.5051134824752808,0.18032115697860718,8512122.0,278.5794372558594,474.5345458984375,287.2279052734375,-97301176.0,0.0,0.0,-169550864.0,0.0,0.0,-0.0,-0.0,266852048.0,-0.0,0.0,0.4023123741149902,0.7023123741149903,-1.0,1.0,True,True,False,,0,0
8283600.0,116,0.7340845745808288,False,False,ok,,,True,0.7450360059738159,0.0,1,0.0,0.7450360059738159,0.0,0.0,-152907.75177695166,116682.94549349745,0.7453881956911177,-116682.94549349745,-0.7453881956911177,156539.83544146415,0.0,0.0,0.7340845745808288,0.01362471759558928,0.12730202543556204,0.01362471759558928,8.228298985361473e-05,0.06,1.0,-0.011303621110288915,-0.010213643702641773,-0.0010899774076471424,5.0,1.0,0.011581988855060926,1.0,27380.916694486426,-27380.916694486426,0.0,27380.916694486426,0.0,146.0315557039276,0.98555,0.1875,-146.0315557039276,-93925.23718351498,-771279.510737827,0.0,-0.0,-1597189.5503110583,0.0,-0.0,-3041510.3352069855,-44123.99125099182,44123.99125099182,-314559.26136672497,0.0,-0.0,53835.21177694201,0.0,-0.0,14364263.368499959,133426.02004999295,-133426.02004999295,-8846467.674431315,27380.916694486426,-27380.916694486426,0.4930868148803711,0.8467450737953186,0.5051134824752808,0.18032115697860718,8467451.0,277.11749267578125,474.5345458984375,287.2279052734375,-111755400.0,0.0,0.0,-146031552.0,0.0,0.0,-0.0,-0.0,257786960.0,-0.0,0.0,0.49867448806762693,0.798674488067627,-1.0,1.0,True,True,False,,0,0
8287200.0,117,0.6322106046989352,False,False,ok,,,True,0.8413967490196228,0.0,1,0.0,0.8413967490196228,0.0,0.0,-153733.62719550048,101625.8747446745,0.6492013643560782,-101625.8747446745,-0.6492013643560782,156539.83544146415,0.0,0.0,0.6322106046989352,0.01675479284155304,0.1304321006815258,0.01675479284155304,0.00011245663493795366,0.06,1.0,-0.01699075965714304,-0.015650376229818797,-0.0013403834273242432,5.0,1.0,0.01362471759558928,1.0,22638.03692757311,-22638.03692757311,0.0,22638.03692757311,0.0,120.73619694705658,0.98555,0.1875,-120.73619694705658,-79813.71323565021,-771279.510737827,0.0,-0.0,-1597189.5503110583,0.0,-0.0,-3091415.975689888,-49905.64048290253,49905.64048290253,-314559.26136672497,0.0,-0.0,53835.21177694201,0.0,-0.0,14493156.846799953,128893.47829999402,-128893.47829999402,-8926281.387666965,22638.03692757311,-22638.03692757311,0.4930868148803711,0.8436149954795837,0.5051134824752808,0.18032115697860718,8436150.0,276.09307861328125,474.5345458984375,287.2279052734375,-126209512.0,0.0,0.0,-120736200.0,0.0,0.0,-0.0,-0.0,246945712.0,-0.0,0.0,0.5950360059738159,0.8950360059738159,-1.0,1.0,True,True,False,,0,0
8290800.0,118,0.5682498465549606,False,False,ok,,,True,0.9377567172050476,0.0,1,0.0,0.9377567172050476,0.0,0.0,-150584.57651390537,90388.93499292378,0.5774181040756455,-90388.93499292378,-0.5774181040756455,156539.83544146415,0.0,0.0,0.5682498465549606,0.0182957129386713,0.13197302077864406,0.0182957129386713,0.00013450859728813465,0.06,1.0,-0.009168257520685,-0.007704600485591295,-0.001463657035093704,5.0,1.0,0.01675479284155304,1.0,22603.323566108033,-22603.323566108033,0.0,22603.323566108033,0.0,120.55105901924284,0.63457,0.1875,-120.55105901924284,-64636.56074522063,-771279.510737827,0.0,-0.0,-1597189.5503110583,0.0,-0.0,-3147103.2189130783,-55687.24322319031,55687.24322319031,-314559.26136672497,0.0,-0.0,53835.21177694201,0.0,-0.0,14616629.701449955,123472.85465000197,-123472.85465000197,-8990917.948412186,22603.323566108033,-22603.323566108033,0.4930868148803711,0.8420740962028503,0.5051134824752808,0.18032115697860718,8420741.0,275.5887756347656,474.5345458984375,287.2279052734375,-140663504.0,0.0,0.0,-120551056.0,0.0,0.0,-0.0,-0.0,261214560.0,-0.0,0.0,0.6913967490196228,0.9913967490196228,-1.0,1.0,True,True,False,,0,0
8294400.0,119,0.5550737161219554,False,False,ok,,,True,0.9620503187179565,0.0,1,0.0,0.9620503187179565,0.0,0.0,-147917.40441690537,87323.11225331493,0.5578331675579675,-87323.11225331493,-0.5578331675579675,156539.83544146415,0.0,0.0,0.5550737161219554,0.018550790576647352,0.13222809841662012,0.018550790576647352,0.0001386171081961461,0.06,1.0,-0.002759451436012055,-0.0012753881898802666,-0.0014840632461317882,5.0,1.0,0.0182957129386713,1.0,14293.086467307474,-14293.086467307474,0.0,14293.086467307474,0.0,76.22979449230652,0.63457,0.1875,-76.22979449230652,-70362.85368900746,-771279.510737827,0.0,-0.0,-1597189.5503110583,0.0,-0.0,-3204680.4764270782,-57577.25751399994,57577.25751399994,-314559.26136672497,0.0,-0.0,53835.21177694201,0.0,-0.0,14747236.984749949,130607.28329999372,-130607.28329999372,-9061280.802101193,14293.086467307474,-14293.086467307474,0.4930868148803711,0.8418189883232117,0.5051134824752808,0.18032115697860718,8418190.0,275.50531005859375,474.5345458984375,287.2279052734375,-144307552.0,0.0,0.0,-76229792.0,0.0,0.0,-0.0,-0.0,220537344.0,-0.0,0.0,0.7877567172050476,1.0,-1.0,1.0,True,True,False,,0,0
8298000.0,120,0.5494030007763689,False,False,ok,,,True,0.8120507597923279,0.0,1,0.0,0.8120507597923279,0.0,0.0,-145159.61717635876,86055.3158584892,0.5497342936115986,-86055.3158584892,-0.5497342936115986,156539.83544146415,0.0,0.0,0.5494030007763689,0.018323867267414667,0.13200117510738743,0.018323867267414667,0.0001349556874717603,0.06,1.0,-0.0003312928352297484,0.001134616546163425,-0.0014659093813931734,5.0,1.0,0.018550790576647352,1.0,25409.687649590775,-25409.687649590775,0.0,25409.687649590775,0.0,135.5183341311508,0.63457,0.1875,-135.5183341311508,-57887.84096835181,-771279.510737827,0.0,-0.0,-1597189.5503110583,0.0,-0.0,-3254303.5193681717,-49623.042941093445,49623.042941093445,-314559.26136672497,0.0,-0.0,53835.21177694201,0.0,-0.0,14857505.655899951,110268.67115000263,-110268.67115000263,-9119168.643069545,25409.687649590775,-25409.687649590775,0.4930868148803711,0.8420459032058716,0.5051134824752808,0.18032115697860718,8420459.0,275.5795593261719,474.5345458984375,287.2279052734375,-121807616.0,0.0,0.0,-135518336.0,0.0,0.0,-0.0,-0.0,257325952.0,-0.0,0.0,0.8120503187179565,1.0,-1.0,1.0,True,True,False,,0,0
8301600.0,121,0.7099219299622054,False,False,ok,,,True,0.6620514392852783,0.0,1,0.0,0.6620514392852783,0.0,0.0,-150580.67084627913,111635.64602744827,0.7131452879876882,-111635.64602744827,-0.7131452879876882,156539.83544146415,0.0,0.0,0.7099219299622054,0.018669821724912633,0.1323471295648854,0.018669821724912633,0.0001405788620169423,0.06,1.0,-0.003223358025482839,-0.001729772287489828,-0.0014935857379930106,5.0,1.0,0.018323867267414667,1.0,23595.754257601544,-23595.754257601544,0.0,23595.754257601544,0.0,125.84402270720824,0.63457,0.1875,-125.84402270720824,-93460.94543976709,-771279.510737827,0.0,-0.0,-1597189.5503110583,0.0,-0.0,-3294926.6016483307,-40623.082280159,40623.082280159,-314559.26136672497,0.0,-0.0,53835.21177694201,0.0,-0.0,14986168.629949959,128662.97405000776,-128662.97405000776,-9212629.588509312,23595.754257601544,-23595.754257601544,0.4930868148803711,0.8416999578475952,0.5051134824752808,0.18032115697860718,8417000.0,275.4663391113281,474.5345458984375,287.2279052734375,-99307712.0,0.0,0.0,-125844024.0,0.0,0.0,-0.0,-0.0,225151744.0,-0.0,0.0,0.6620507597923279,0.9620507597923279,-1.0,1.0,True,True,False,,0,0
8305200.0,122,0.6823234730387902,False,False,ok,,,True,0.5120521187782288,0.0,1,0.0,0.5120521187782288,0.0,0.0,-157284.28318141104,108255.13150962532,0.6915500530860452,-108255.13150962532,-0.6915500530860452,156539.83544146415,0.0,0.0,0.6823234730387902,0.02019206469917681,0.13386937253914957,0.02019206469917681,0.00016816538522877424,0.06,1.0,-0.009226580047255026,-0.007611214871320882,-0.0016153651759341448,5.0,1.0,0.018669821724912633,1.0,27302.385259362312,-27302.385259362312,0.0,27302.385259362312,0.0,145.61272138326567,0.63457,0.1875,-145.61272138326567,-87656.35858539492,-771279.510737827,0.0,-0.0,-1597189.5503110583,0.0,-0.0,-3326549.7246980667,-31623.123049736023,31623.123049736023,-314559.26136672497,0.0,-0.0,53835.21177694201,0.0,-0.0,15098744.499249952,112575.86929999292,-112575.86929999292,-9300285.947094707,27302.385259362312,-27302.385259362312,0.4930868148803711,0.8401777148246765,0.5051134824752808,0.18032115697860718,8401777.0,274.9681701660156,474.5345458984375,287.2279052734375,-76807816.0,0.0,0.0,-145612720.0,0.0,0.0,-0.0,-0.0,222420544.0,-0.0,0.0,0.5120514392852783,0.8120514392852783,-1.0,1.0,True,True,False,,0,0
8308800.0,123,0.760651862442686,False,False,ok,,,True,0.3620527386665344,0.0,1,0.0,0.3620527386665344,0.0,0.0,-168214.75680107996,121395.22995558876,0.7754909771895269,-121395.22995558876,-0.7754909771895269,156539.83544146415,0.0,0.0,0.760651862442686,0.022795165008410417,0.13647247284838318,0.022795165008410417,0.0002260781970433319,0.06,1.0,-0.014839114746840874,-0.01301550154616804,-0.0018236132006728334,5.0,1.0,0.02019206469917681,1.0,32808.12095625372,-32808.12095625372,0.0,32808.12095625372,0.0,174.97664510001982,0.63457,0.1875,-174.97664510001982,-99517.58261900395,-771279.510737827,0.0,-0.0,-1597189.5503110583,0.0,-0.0,-3349172.885298729,-22623.16060066223,22623.16060066223,-314559.26136672497,0.0,-0.0,53835.21177694201,0.0,-0.0,15209954.768849956,111210.26960000396,-111210.26960000396,-9399803.52971371,32808.12095625372,-32808.12095625372,0.4930868148803711,0.8375746607780457,0.5051134824752808,0.18032115697860718,8375746.5,274.1162414550781,474.5345458984375,287.2279052734375,-54307912.0,0.0,0.0,-174976640.0,0.0,0.0,-0.0,-0.0,229284560.0,-0.0,0.0,0.36205211877822874,0.6620521187782288,-1.0,1.0,True,True,False,,0,0
8312400.0,124,0.821080665703867,False,False,ok,,,True,0.33333370089530945,0.0,1,0.0,0.33333370089530945,0.0,0.0,-181057.04425090709,130777.80361322567,0.8354282681108871,-130777.80361322567,-0.8354282681108871,156539.83544146415,0.0,0.0,0.821080665703867,0.025260517214384298,0.13893782505435706,0.025260517214384298,0.0002934219606506087,0.06,1.0,-0.014347602407020148,-0.012326761029869404,-0.002020841377150744,5.0,1.0,0.022795165008410417,1.0,36307.86194356942,-36307.86194356942,0.0,36307.86194356942,0.0,193.6419303657036,0.63457,0.1875,-193.6419303657036,-107312.22911948338,-771279.510737827,0.0,-0.0,-1597189.5503110583,0.0,-0.0,-3369345.221579075,-20172.336280345917,20172.336280345917,-314559.26136672497,0.0,-0.0,53835.21177694201,0.0,-0.0,15324597.046799948,114642.27794999257,-114642.27794999257,-9507115.758833194,36307.86194356942,-36307.86194356942,0.4930868148803711,0.835109293460846,0.5051134824752808,0.18032115697860718,8351093.0,273.30938720703125,474.5345458984375,287.2279052734375,-50000056.0,0.0,0.0,-193641936.0,0.0,0.0,-0.0,-0.0,243641984.0,-0.0,0.0,0.3333333333333333,0.5120527386665344,-1.0,1.0,True,True,False,,0,0
8316000.0,125,0.8352408650583156,False,False,ok,,,True,0.3333336412906647,0.0,1,0.0,0.3333336412906647,0.0,0.0,-194367.61496549894,131781.80035417312,0.8418419502136952,-131781.80035417312,-0.8418419502136952,156539.83544146415,0.0,0.0,0.8352408650583156,0.02616214000537423,0.139839447845347,0.02616214000537423,0.00032108650435209264,0.06,1.0,-0.006601085155379594,-0.004508113954949655,-0.0020929712004299386,5.0,1.0,0.025260517214384298,1.0,30713.411023434743,-30713.411023434743,0.0,30713.411023434743,0.0,163.80485879165195,0.63457,0.1875,-163.80485879165195,-114378.96004533023,-771279.510737827,0.0,-0.0,-1597942.1348952542,-752.5845841958653,752.5845841958653,-3389345.2404141426,-20000.01883506775,20000.01883506775,-314559.26136672497,0.0,-0.0,53835.21177694201,0.0,-0.0,15446418.039549952,121820.99275000393,-121820.99275000393,-9621494.718878524,30713.411023434743,-30713.411023434743,0.4930868148803711,0.8342076539993286,0.5051134824752808,0.18032115697860718,8342076.5,273.0143127441406,474.5345458984375,287.2279052734375,-50000048.0,0.0,0.0,-163804864.0,0.0,0.0,-6676876.0,-6676876.0,220481776.0,-0.0,0.0,0.3333333333333333,0.48333370089530947,-1.0,1.0,True,True,False,,0,0
8319600.0,126,0.7135417196765464,False,False,ok,,,True,0.33333349227905273,0.0,1,0.0,0.33333349227905273,0.0,0.0,-196561.064173416,109954.09556824225,0.7024032908821987,-109954.09556824225,-0.7024032908821987,156539.83544146415,0.0,0.0,0.7135417196765464,0.023557533707189632,0.1372348415471624,0.023557533707189632,0.00024560482179544746,0.06,1.0,0.011138428794347817,0.013023031490922987,-0.0018846026965751706,5.0,1.0,0.02616214000537423,1.0,27910.575815669225,-27910.575815669225,0.0,27910.575815669225,0.0,148.85640435023586,0.63457,0.1875,-148.85640435023586,-84236.96896049008,-773644.3161974241,-2364.8054595970316,2364.8054595970316,-1603774.6898522696,-5832.55495701544,5832.55495701544,-3409345.2508449554,-20000.010430812836,20000.010430812836,-314559.26136672497,0.0,-0.0,53835.21177694201,0.0,-0.0,15556658.930149944,110240.89059999213,-110240.89059999213,-9705731.687839014,27910.575815669225,-27910.575815669225,0.4930868148803711,0.8368122577667236,0.5051134824752808,0.18032115697860718,8368122.5,273.8667297363281,474.5345458984375,287.2279052734375,-50000024.0,0.0,0.0,-148856400.0,-20718306.0,-20718306.0,-43334288.0,-43334288.0,262909024.0,-0.0,0.0,0.3333333333333333,0.4833336412906647,-1.0,1.0,True,True,False,,0,0
8323200.0,127,0.6338233515838366,False,False,ok,,,True,0.3333333730697632,0.0,1,0.0,0.3333333730697632,0.0,0.0,-181671.6153857301,94880.69574398453,0.6061121469586814,-94880.69574398453,-0.6061121469586814,156539.83544146415,0.0,0.0,0.6338233515838366,0.016931666148645302,0.13060897398861807,0.016931666148645302,0.0001147465887069305,0.06,1.0,0.02771120462515515,0.03312933779272165,-0.005418133167566497,5.0,1.0,0.023557533707189632,1.0,10495.735308483756,-10495.735308483756,0.0,10495.735308483756,0.0,55.97725497858003,0.63457,0.1875,-55.97725497858003,-69495.51164781488,-783439.9681082154,-9795.65191079129,9795.65191079129,-1621048.5866065347,-17273.896754265064,17273.896754265064,-3429345.253944397,-20000.00309944153,20000.00309944153,-314559.26136672497,0.0,-0.0,53835.21177694201,0.0,-0.0,15688113.442349946,131454.51220000163,-131454.51220000163,-9775227.19948683,10495.735308483756,-10495.735308483756,0.4930868148803711,0.8434381484985352,0.5051134824752808,0.18032115697860718,8434381.0,276.0351867675781,474.5345458984375,287.2279052734375,-50000004.0,0.0,0.0,-55977256.0,-37838012.0,-37838012.0,-99859200.0,-99859200.0,243674480.0,-0.0,0.0,0.3333333333333333,0.48333349227905276,-1.0,1.0,True,True,False,,0,0
8326800.0,128,-0.8545215781766219,False,False,ok,,,True,0.3340156674385071,0.0,0,0.25,0.3340156674385071,0.0,-0.8325,-170084.79959322992,-121520.18262162985,-0.7762891936031874,121520.18262162985,0.7762891936031874,156539.83544146415,0.0,0.0,-0.8545215781766219,0.029442705909103722,0.13954058479121892,0.029442705909103722,0.00043546424137849227,0.06,1.0,-0.0782323845734345,-0.06881071868252131,-0.009421665890913191,5.5,1.1,0.016931666148645302,1.0,-125506.43206904372,125506.43206904372,125506.43206904372,0.0,197.78185553846498,0.0,0.63457,0.1875,197.78185553846498,7600.566345086321,-806406.4589895102,-22966.490881294827,22966.490881294827,-1650941.2381477267,-29892.651541192085,29892.651541192085,-3449382.100224495,-20036.84628009796,20036.84628009796,-314559.26136672497,0.0,-0.0,8880.211776942007,-44955.0,44955.0,15809950.680499943,121837.23814999685,-121837.23814999685,-9767626.633141743,-125506.43206904372,125506.43206904372,0.4930868148803711,0.8309270739555359,0.49449655413627625,0.1909380853176117,8309271.0,277.39263916015625,470.6846618652344,288.68719482421875,-50102352.0,0.0,-124875000.0,197781856.0,-107237008.0,-107237008.0,-143064240.0,-143064240.0,227496736.0,-0.0,0.0,0.3333333333333333,0.4833333730697632,-1.0,1.0,True,True,False,0,1,3
8330400.0,129,-1.5668160547621661,False,False,ok,,,True,0.4728735685348511,0.0,0,0.25,0.4728735685348511,0.0,-0.8325,-192479.7298969722,-231822.76402861392,-1.4809186644079535,231822.76402861392,1.4809186644079535,156539.83544146415,0.0,0.0,-1.5668160547621661,0.041543295222916915,0.1516411741050321,0.041543295222916915,0.001043475306174184,0.06,1.0,-0.08589739035421258,-0.07260353588287917,-0.013293854471333412,6.000000000000001,1.2000000000000002,0.029442705909103722,1.0,-184390.17036011294,184390.17036011294,184390.17036011294,0.0,290.57498835449667,0.0,0.63457,0.1875,290.57498835449667,25037.663364758715,-850695.9651491327,-44289.506159622455,44289.506159622455,-1690343.4277010937,-39402.189553366974,39402.189553366974,-3476921.366930008,-27539.266705513,27539.266705513,-314559.26136672497,0.0,-0.0,-41069.788223057985,-49949.99999999999,49949.99999999999,15923699.049249934,113748.36874999106,-113748.36874999106,-9742588.969776984,-184390.17036011294,184390.17036011294,0.4930868148803711,0.8188264966011047,0.4826999306678772,0.20273469388484955,8188265.0,279.5787658691406,466.19775390625,290.2162780761719,-70931032.0,0.0,-124875000.0,290574976.0,-151917312.0,-151917312.0,-175124384.0,-175124384.0,232272736.0,-0.0,0.0,0.3333333333333333,0.4840156674385071,-1.0,1.0,True,False,False,0,2,2
8334000.0,130,-1.1400754781168154,False,False,ok,,,True,0.6228735685348511,0.0,0,0.3249671161174774,0.6228735685348511,0.0,-0.7822720322012902,-228574.83251274674,-163575.94456370978,-1.0449477227467554,163575.94456370978,1.0449477227467554,156539.83544146415,0.0,0.0,-1.1400754781168154,0.05354240092654253,0.16364027980865775,0.05354240092654253,0.0019355619727217752,0.06,1.0,-0.09512775537006007,-0.07799418707356646,-0.01713356829649361,6.499999999999999,1.2999999999999998,0.041543295222916915,1.0,-96014.5710722205,96014.5710722205,96014.5710722205,0.0,338.56825371917375,0.0,0.28359,0.1875,338.56825371917375,31466.27087571472,-905200.0316649599,-54504.0665158272,54504.0665158272,-1735826.996975794,-45483.56927470025,45483.56927470025,-3513393.781042099,-36472.414112091064,36472.414112091064,-314559.26136672497,0.0,-0.0,-88307.47796192765,-47237.68973886967,47237.68973886967,16039835.41539994,116136.36615000665,-116136.36615000665,-9711122.69890127,-96014.5710722205,96014.5710722205,0.4930868148803711,0.8068274259567261,0.471445232629776,0.21398940682411194,8068274.0,281.6012878417969,461.8965759277344,291.5940856933594,-93431032.0,0.0,-117340808.0,338568256.0,-160434768.0,-160434768.0,-190201200.0,-190201200.0,222839552.0,-0.0,0.0,0.3333333333333333,0.6228735685348511,-1.0,1.0,True,False,False,0,3,1
8337600.0,131,-0.9382940540644849,False,False,ok,,,True,0.7728735685348511,0.0,0,0.4416542649269104,0.7728735685348511,0.0,-0.70409164249897,-269960.1506841691,-130331.39431075327,-0.8325765383820711,130331.39431075327,0.8325765383820711,156539.83544146415,0.0,0.0,-0.9382940540644849,0.065644033083089,0.17574191196520422,0.065644033083089,0.0031269293450829337,0.06,0.0,-0.10571751568241378,-0.0847114250958253,-0.02100609058658848,7.0,1.4,0.05354240092654253,1.0,-55844.59161503806,55844.59161503806,55844.59161503806,0.0,304.64563643575394,0.0,0.18331,0.1875,304.64563643575394,33101.48452429287,-955505.0331245823,-50305.00145962241,50305.00145962241,-1783241.5818116434,-47414.58483584947,47414.58483584947,-3558866.19515419,-45472.414112091064,45472.414112091064,-314559.26136672497,0.0,-0.0,-131022.05885007977,-42714.58088815212,42714.58088815212,16151255.19399994,111419.77859999985,-111419.77859999985,-9678021.214376977,-55844.59161503806,55844.59161503806,0.4930868148803711,0.794725775718689,0.46109411120414734,0.2243405133485794,7947257.5,283.1636962890625,457.92401123046875,292.7984313964844,-115931032.0,0.0,-105613744.0,304645632.0,-124368616.0,-124368616.0,-188994480.0,-188994480.0,230262240.0,-0.0,0.0,0.4728735685348511,0.7728735685348511,-1.0,1.0,True,False,False,,0,0
8341200.0,132,0.15802658958927204,False,False,ok,,,True,0.9228735685348511,0.0,2,0.675,0.9228735685348511,0.0,0.9545,-262722.6368854983,-2271.515800832496,-0.014510784391886609,2271.515800832496,0.014510784391886609,156539.83544146415,0.0,0.0,0.15802658958927204,0.040894229429924406,0.1504118483301503,0.040894229429924406,0.001003429293772668,0.06,1.0,0.17253737398115865,0.18562352739873444,-0.01308615341757581,7.5,1.5,0.065644033083089,1.0,-1952.8921515575078,1952.8921515575078,1952.8921515575078,0.0,10.653494907847405,0.0,0.18331,0.1875,10.653494907847405,7556.137447945774,-992393.6454332153,-36888.61230863305,36888.61230863305,-1828877.249135201,-45635.66732355766,45635.66732355766,-3613338.609266281,-54472.414112091064,54472.414112091064,-314559.26136672497,0.0,-0.0,-109475.1087050736,21546.95014500618,-21546.95014500618,16266386.313949944,115131.11995000392,-115131.11995000392,-9670465.076929031,-1952.8921515575078,1952.8921515575078,0.4930868148803711,0.8194755911827087,0.4685980975627899,0.21849443018436432,8194755.5,287.6730651855469,461.0307922363281,292.2994079589844,-138431040.0,0.0,143175008.0,10653495.0,-83993312.0,-83993312.0,-174678608.0,-174678608.0,243274464.0,-0.0,0.0,0.6228735685348511,0.9228735685348511,-1.0,1.0,True,True,True,2,1,3
8344800.0,133,0.35921303950266104,False,False,ok,,,True,1.0,0.0,2,0.675,1.0,0.0,0.9545,-241622.8861127997,28031.12807082193,0.1790670597791945,-28031.12807082193,-0.1790670597791945,156539.83544146415,0.0,0.0,0.35921303950266104,0.017669213427395275,0.12570602776142403,0.017669213427395275,0.00012496993775042156,0.06,1.0,0.18014597972346655,0.18580012802023305,-0.0056541482967664885,8.0,1.6,0.040894229429924406,1.0,4419.226026903028,-4419.226026903028,0.0,4419.226026903028,0.0,23.569205476816148,0.18331,0.1875,-23.569205476816148,-2512.1512712202966,-1019220.2686068665,-26826.62317365117,26826.62317365117,-1869173.7110064216,-40296.4618712205,40296.4618712205,-3672875.8506774902,-59537.24141120911,59537.24141120911,-314559.26136672497,0.0,-0.0,-80840.1087050736,28635.0,-28635.0,16388023.54244995,121637.22850000486,-121637.22850000486,-9672977.228200251,4419.226026903028,-4419.226026903028,0.4930868148803711,0.8427006006240845,0.478014200925827,0.21330919861793518,8427006.0,290.4364929199219,464.81744384765625,291.8350830078125,-150000000.0,0.0,143175008.0,-23569206.0,-68039000.0,-68039000.0,-144615552.0,-144615552.0,243048752.0,-0.0,0.0,0.772873568534851,1.0,-1.0,1.0,False,False,True,,0,0
8348400.0,134,-0.6962387343305805,False,False,ok,,,True,0.8503352403640747,0.0,0,0.25,0.8503352403640747,0.0,-0.8325,-251875.38976579497,-77340.49894105051,-0.49406273312438026,77340.49894105051,0.49406273312438026,156539.83544146415,0.0,0.0,-0.6962387343305805,0.03995060264615194,0.14779765862818026,0.03995060264615194,0.0009467123869252265,0.06,1.0,-0.20217600120620027,-0.18939180835943165,-0.01278419284676862,8.5,1.7000000000000002,0.017669213427395275,1.0,-50704.95855097457,50704.95855097457,50704.95855097457,0.0,178.79670845577968,0.0,0.28359,0.1875,178.79670845577968,16383.036737080663,-1041797.7150032693,-22577.446396402782,22577.446396402782,-1900746.5814704339,-31572.87046401226,31572.87046401226,-3724793.9536571503,-51918.102979660034,51918.102979660034,-314559.26136672497,0.0,-0.0,-122931.6087050736,-42091.5,42091.5,16509547.921899958,121524.37945000827,-121524.37945000827,-9656594.19146317,-50704.95855097457,50704.95855097457,0.4930868148803711,0.820419192314148,0.468335896730423,0.223529651761055,8204192.0,288.20703125,461.1197814941406,293.0406799316406,-127550288.0,0.0,-124875000.0,178796704.0,-60291372.0,-60291372.0,-103632856.0,-103632856.0,237552800.0,-0.0,0.0,0.85,1.0,-1.0,1.0,True,True,False,0,1,3
8352000.0,135,-0.7742119931235938,False,False,ok,,,True,0.9809700846672058,0.0,0,0.25,0.9809700846672058,0.0,-0.8325,-258917.68702872933,-81807.4633468122,-0.5225983732262383,81807.4633468122,0.5225983732262383,156539.83544146415,0.0,0.0,-0.7742119931235938,0.06557607765157972,0.17342313363360806,0.06557607765157972,0.0031194215943014703,0.06,0.0,-0.25161361989735553,-0.23062927504885,-0.02098434484850551,9.0,1.7999999999999998,0.03995060264615194,1.0,-59877.65829830053,59877.65829830053,59877.65829830053,0.0,94.3594218105182,0.0,0.63457,0.1875,94.3594218105182,14887.507785577327,-1054363.0230181073,-12565.308014838025,12565.308014838025,-1920863.084339893,-20116.502869459102,20116.502869459102,-3782868.349671364,-58074.39601421356,58074.39601421356,-314559.26136672497,0.0,-0.0,-172881.6087050736,-49950.0,49950.0,16628324.323749961,118776.40185000375,-118776.40185000375,-9641706.683677593,-59877.65829830053,59877.65829830053,0.4930868148803711,0.7947937250137329,0.4565393030643463,0.23532626032829285,7947937.0,285.9154052734375,456.5772399902344,294.3522644042969,-147145520.0,0.0,-124875000.0,94359424.0,-12770173.0,-12770173.0,-51618876.0,-51618876.0,242050144.0,-0.0,0.0,0.7003352403640747,1.0,-1.0,1.0,True,False,False,0,2,2
8355600.0,136,-0.24483986840884803,False,False,ok,,,True,1.0,0.0,0,0.5416123270988464,1.0,0.0,-0.637119740843773,-242647.37408345053,1102.2076998774774,0.007041068471607231,-1102.2076998774774,-0.007041068471607231,156539.83544146415,0.0,0.0,-0.24483986840884803,0.08908896889719578,0.1969360248792241,0.08908896889719578,0.0062683960544120025,0.06,0.0,-0.25188093688045526,-0.2233724668333526,-0.02850847004710265,9.5,1.9,0.06557607765157972,1.0,-10826.209109016863,10826.209109016863,10826.209109016863,0.0,17.06070111889447,0.0,0.63457,0.1875,17.06070111889447,4341.896136384457,-1056103.9057195464,-1740.8827014390845,1740.8827014390845,-1928933.5676159945,-8070.483276101528,8070.483276101528,-3842754.170179367,-59885.820508003235,59885.820508003235,-314559.26136672497,0.0,-0.0,-212281.07471063733,-39399.466005563736,39399.466005563736,16749349.393049954,121025.06929999217,-121025.06929999217,-9637364.787541209,-10826.209109016863,10826.209109016863,0.4930868148803711,0.771280825138092,0.44682562351226807,0.2450399249792099,7712808.5,283.0605773925781,452.8218994140625,295.3833312988281,-150000000.0,0.0,-95567960.0,17060702.0,0.0,0.0,-7963091.5,-7963091.5,236470352.0,-0.0,0.0,0.8309700846672058,1.0,-1.0,1.0,True,False,False,0,3,1
8359200.0,137,0.054211515639271846,False,False,ok,,,True,1.0,0.0,0,0.9504973888397217,1.0,0.0,-0.3631667494773866,-223893.02616143003,41946.118730066235,0.2679581118235645,-41946.118730066235,-0.2679581118235645,156539.83544146415,0.0,0.0,0.054211515639271846,0.10703839972444287,0.21488545570647116,0.10703839972444287,0.009416506675527982,0.06,0.0,-0.21374659618429265,-0.17949430827247093,-0.03425228791182172,10.0,2.0,0.08908896889719578,1.0,8242.920575155855,-8242.920575155855,0.0,8242.920575155855,0.0,43.962243067497894,1.13597,0.1875,-43.962243067497894,-14948.850232889876,-1056103.9057195464,0.0,-0.0,-1930031.8223942404,-1098.2547782459296,1098.2547782459296,-3902754.170179367,-60000.0,60000.0,-314559.26136672497,0.0,-0.0,-235714.79762747884,-23433.722916841507,23433.722916841507,16867584.56889994,118235.1758499872,-118235.1758499872,-9652313.637774099,8242.920575155855,-8242.920575155855,0.4930868148803711,0.7533314228057861,0.4402613341808319,0.25160419940948486,7533314.0,280.30145263671875,450.27679443359375,296.0567932128906,-150000000.0,0.0,-54475012.0,-43962244.0,-167607.8125,-167607.8125,-0.0,-0.0,248604864.0,-0.0,0.0,0.85,1.0,-1.0,1.0,True,False,False,,0,0
8362800.0,138,0.9952248537184825,False,False,ok,,,True,1.0,0.0,2,0.675,1.0,0.0,0.9545,-268334.7711892337,134410.65252674156,0.8586354530633356,-134410.65252674156,-0.8586354530633356,156539.83544146415,0.0,0.0,0.9952248537184825,0.09124896455189493,0.1990960205339232,0.09124896455189493,0.006613127761194965,0.06,0.0,0.13658940065514696,0.16578906931175336,-0.02919966865660638,10.5,2.1,0.10703839972444287,1.0,47736.8588488759,-47736.8588488759,0.0,47736.8588488759,0.0,254.59658052733812,1.13597,0.1875,-254.59658052733812,-131115.53870566934,-1057325.0431948164,-1221.1374752700794,1221.1374752700794,-1930031.8223942404,0.0,-0.0,-3962754.170179367,-60000.0,60000.0,-314559.26136672497,0.0,-0.0,-212122.29812434316,23592.49950313568,-23592.49950313568,16991887.000549953,124302.43165001273,-124302.43165001273,-9783429.176479768,47736.8588488759,-47736.8588488759,0.4930868148803711,0.7691208124160767,0.4483982026576996,0.24346736073493958,7691208.5,281.4057312011719,453.6866760253906,295.3074645996094,-150000000.0,0.0,143175008.0,-254596576.0,-8196084.0,-8196084.0,-0.0,-0.0,269617664.0,-0.0,0.0,0.85,1.0,-1.0,1.0,True,True,True,2,1,3
8366400.0,139,1.073396009363159,False,False,ok,,,True,1.0,0.0,2,0.675,1.0,0.0,0.9545,-319392.0085184321,142166.1886406733,0.9081789835778531,-142166.1886406733,-0.9081789835778531,156539.83544146415,0.0,0.0,1.073396009363159,0.07407434490154932,0.18192140088357758,0.07407434490154932,0.004129957543412128,0.06,0.0,0.16521702578530595,0.18892081615380174,-0.023703790368495785,11.0,2.2,0.09124896455189493,1.0,43166.69708779547,-43166.69708779547,0.0,43166.69708779547,0.0,230.22238446824252,1.13597,0.1875,-230.22238446824252,-150056.72888207622,-1061769.3839919388,-4444.340797122335,4444.340797122335,-1930031.8223942404,0.0,-0.0,-4022754.170179367,-60000.0,60000.0,-314559.26136672497,0.0,-0.0,-183487.29812434316,28635.0,-28635.0,17126695.832899954,134808.83235000074,-134808.83235000074,-9933485.905361844,43166.69708779547,-43166.69708779547,0.4930868148803711,0.786295473575592,0.45809733867645264,0.23376819491386414,7862954.5,282.07745361328125,457.6368713378906,294.4080810546875,-150000000.0,0.0,143175008.0,-230222384.0,-18845156.0,-18845156.0,-0.0,-0.0,255892544.0,-0.0,0.0,0.85,1.0,-1.0,1.0,False,False,True,2,2,2
8370000.0,140,0.9710308829742482,False,False,ok,,,True,1.0,0.0,2,0.675,1.0,0.0,0.9545,-366410.69556090125,126265.70376767054,0.8066042960348314,-126265.70376767054,-0.8066042960348314,156539.83544146415,0.0,0.0,0.9710308829742482,0.05815806932558379,0.16564483784036585,0.05815806932558379,0.002355407187170092,0.06,1.0,0.1644265869394168,0.18303716912360363,-0.018610582184186812,11.5,2.3,0.07407434490154932,1.0,37861.227076214025,-37861.227076214025,0.0,37861.227076214025,0.0,201.92654440647482,0.98555,0.1875,-201.92654440647482,-135423.16373392567,-1069946.1779004817,-8176.793908542953,8176.793908542953,-1930031.8223942404,0.0,-0.0,-4082754.170179367,-60000.0,60000.0,-314559.26136672497,0.0,-0.0,-154852.29812434316,28635.0,-28635.0,17254642.103499953,127946.27059999853,-127946.27059999853,-10068909.06909577,37861.227076214025,-37861.227076214025,0.4930868148803711,0.8022117018699646,0.46776145696640015,0.22513347864151,8022117.5,282.2992248535156,461.477294921875,293.6074523925781,-150000000.0,0.0,143175008.0,-201926544.0,-29298234.0,-29298234.0,-0.0,-0.0,238049776.0,-0.0,0.0,0.85,1.0,-1.0,1.0,False,False,True,2,3,1
8373600.0,141,0.9087837396631999,False,False,ok,,,True,1.0,0.0,2,0.675,1.0,0.0,0.9545,-409796.2606382393,116126.57471879307,0.7418340155481826,-116126.57471879307,-0.7418340155481826,156539.83544146415,0.0,0.0,0.9087837396631999,0.043096356151947096,0.1494018151049482,0.043096356151947096,0.0011427159793531746,0.06,1.0,0.16694972411501724,0.1807405580836403,-0.013790833968623071,12.0,2.4,0.05815806932558379,1.0,39231.863710521575,-39231.863710521575,0.0,39231.863710521575,0.0,209.23660645611508,0.98555,0.1875,-209.23660645611508,-120280.27608560957,-1080711.3556422084,-10765.177741726628,10765.177741726628,-1930031.8223942404,0.0,-0.0,-4142754.170179367,-60000.0,60000.0,-314559.26136672497,0.0,-0.0,-126217.29812434316,28635.0,-28635.0,17373666.99224997,119024.88875001669,-119024.88875001669,-10189189.34518138,39231.863710521575,-39231.863710521575,0.4930868148803711,0.8172734379768372,0.4773959815502167,0.21887414157390594,8172734.5,282.23333740234375,465.2115478515625,293.0270690917969,-150000000.0,0.0,143175008.0,-209236608.0,-32574820.0,-32574820.0,-0.0,-0.0,248636432.0,-0.0,0.0,0.85,1.0,-1.0,1.0,False,False,True,,0,0
8377200.0,142,0.9322834019892094,False,False,ok,,,True,1.0,0.0,2,0.6875,1.0,0.0,0.95625,-454015.18945413607,119488.29857943286,0.7633092129071122,-119488.29857943286,-0.7633092129071122,156539.83544146415,0.0,0.0,0.9322834019892094,0.028840114104309006,0.13331247223693896,0.028840114104309006,0.0004128410046628455,0.06,1.0,0.16897418908209724,0.17820302559547613,-0.009228836513378882,12.5,2.5,0.043096356151947096,1.0,37700.73466117678,-37700.73466117678,0.0,37700.73466117678,0.0,201.07058485960948,0.63457,0.1875,-201.07058485960948,-126006.49273415282,-1091924.2550239528,-11212.899381744443,11212.899381744443,-1930031.8223942404,0.0,-0.0,-4202754.170179367,-60000.0,60000.0,-314559.26136672497,0.0,-0.0,-97535.04812434316,28682.25,-28682.25,17497985.205549967,124318.21329999715,-124318.21329999715,-10315195.837915532,37700.73466117678,-37700.73466117678,0.4930868148803711,0.8315296769142151,0.4870297312736511,0.21447782218456268,8315297.0,281.89703369140625,468.8513488769531,292.61944580078125,-150000000.0,0.0,143437504.0,-201070592.0,-31383646.0,-31383646.0,-0.0,-0.0,239016736.0,-0.0,0.0,0.85,1.0,-1.0,1.0,True,True,True,,0,0
8380800.0,143,-0.44882786274800657,False,False,ok,,,True,0.8597041368484497,0.0,0,0.25,0.8597041368484497,0.0,-0.8325,-447314.8770829551,-11444.982301562337,-0.07311226736176062,11444.982301562337,0.07311226736176062,156539.83544146415,0.0,0.0,-0.44882786274800657,0.056354135040710435,0.1606104339276589,0.056354135040710435,0.0021862475711420548,0.06,1.0,-0.37571559538624594,-0.3576822721732186,-0.01803332321302734,13.0,2.6,0.028840114104309006,1.0,-26288.932882879755,26288.932882879755,26288.932882879755,0.0,41.42794787474945,0.0,0.63457,0.1875,41.42794787474945,-8143.638210136443,-1102078.3964528195,-10154.141428866656,10154.141428866656,-1930031.8223942404,0.0,-0.0,-4255178.193569183,-52424.023389816284,52424.023389816284,-314559.26136672497,0.0,-0.0,-139621.29812434316,-42086.25,42086.25,17617493.570949953,119508.3653999865,-119508.3653999865,-10323339.476125669,-26288.932882879755,26288.932882879755,0.4930868148803711,0.8040156364440918,0.4773752689361572,0.2247495949268341,8040156.5,277.727294921875,465.1443176269531,293.8216857910156,-128955624.0,0.0,-124875000.0,41427948.0,-26201490.0,-26201490.0,-0.0,-0.0,238604160.0,-0.0,0.0,0.85,1.0,-1.0,1.0,True,True,False,0,1,3
8384400.0,144,-0.05046301645717169,False,False,ok,,,True,1.0,0.0,0,0.954624354839325,1.0,0.0,-0.36040168225765234,-425428.2835785437,30208.545889713932,0.1929767321175573,-30208.545889713932,-0.1929767321175573,156539.83544146415,0.0,0.0,-0.05046301645717169,0.07266429606543559,0.17692059495238405,0.07266429606543559,0.00395229274232188,0.06,0.0,-0.243439748574729,-0.2201871738337896,-0.023252574740939388,13.5,2.7,0.056354135040710435,1.0,2936.7090580220242,-2936.7090580220242,0.0,2936.7090580220242,0.0,15.662448309450797,0.63457,0.1875,-15.662448309450797,-5385.2433272805065,-1110493.7256081253,-8415.329155305866,8415.329155305866,-1930031.8223942404,0.0,-0.0,-4314336.418390274,-59158.2248210907,59158.2248210907,-314559.26136672497,0.0,-0.0,-164077.98896625638,-24456.690841913223,24456.690841913223,17736795.652599964,119302.08165001124,-119302.08165001124,-10328724.71945295,2936.7090580220242,-2936.7090580220242,0.4930868148803711,0.7877054810523987,0.4706999957561493,0.23142485320568085,7877055.0,275.69549560546875,462.5790710449219,294.5673828125,-150000000.0,0.0,-54060252.0,-15662448.0,-21491032.0,-21491032.0,-0.0,-0.0,241213728.0,-0.0,0.0,0.7097041368484497,1.0,-1.0,1.0,True,False,False,0,2,2
8388000.0,145,0.05376076141910982,False,False,ok,,,True,1.0,0.0,0,0.9906210899353027,1.0,0.0,-0.33628386974334723,-404380.0612841808,40475.61351581352,0.25856430346733567,-40475.61351581352,-0.25856430346733567,156539.83544146415,0.0,0.0,0.05376076141910982,0.08534243624052543,0.1895987351274739,0.08534243624052543,0.0056925846873389935,0.06,0.0,-0.20480354204822585,-0.1774939624512577,-0.02730957959696814,14.0,2.8,0.07266429606543559,1.0,7202.702853826787,-7202.702853826787,0.0,7202.702853826787,0.0,38.41441522040953,0.63457,0.1875,-38.41441522040953,-12224.688367623836,-1117505.9419864528,-7012.216378327459,7012.216378327459,-1930031.8223942404,0.0,-0.0,-4374336.418390274,-60000.0,60000.0,-314559.26136672497,0.0,-0.0,-184399.72802594304,-20321.73905968666,20321.73905968666,17857402.518699948,120606.86609998345,-120606.86609998345,-10340949.407820573,7202.702853826787,-7202.702853826787,0.4930868148803711,0.775027334690094,0.464853435754776,0.23727144300937653,7750273.5,274.44000244140625,460.32666015625,295.202880859375,-150000000.0,0.0,-50442580.0,-38414416.0,-18299348.0,-18299348.0,-0.0,-0.0,257156352.0,-0.0,0.0,0.85,1.0,-1.0,1.0,True,False,False,0,3,1
8391600.0,146,0.10261395596136763,False,False,ok,,,True,1.0,0.0,0,0.9943985342979431,1.0,0.0,-0.3337529820203782,-386066.1145144986,47527.007082543656,0.30360966554302854,-47527.007082543656,-0.30360966554302854,156539.83544146415,0.0,0.0,0.10261395596136763,0.097062148115336,0.2013184470022845,0.097062148115336,0.007587251724429146,0.06,0.0,-0.2009957095816609,-0.1699358221847534,-0.031059887396907522,14.5,2.9,0.08534243624052543,1.0,4602.357814367773,-4602.357814367773,0.0,4602.357814367773,0.0,24.54590834329479,0.63457,0.1875,-24.54590834329479,-24610.702498493716,-1123119.1007207152,-5613.158734262455,5613.158734262455,-1930031.8223942404,0.0,-0.0,-4434336.418390274,-60000.0,60000.0,-314559.26136672497,0.0,-0.0,-204440.09227350354,-20040.3642475605,20040.3642475605,17985980.690949965,128578.17225001752,-128578.17225001752,-10365560.110319067,4602.357814367773,-4602.357814367773,0.4930868148803711,0.7633076310157776,0.4590073823928833,0.24311749637126923,7633076.5,273.4981384277344,458.06939697265625,295.8228454589844,-150000000.0,0.0,-50062948.0,-24545908.0,-13395169.0,-13395169.0,-0.0,-0.0,238004032.0,-0.0,0.0,0.85,1.0,-1.0,1.0,True,False,False,,0,0
8395200.0,147,1.0510945141027759,False,False,ok,,,True,1.0,0.0,2,0.75,1.0,0.0,0.965,-428167.0845318393,123625.59825904592,0.7897389051828533,-123625.59825904592,-0.7897389051828533,156539.83544146415,0.0,0.0,1.0510945141027759,0.07797497472650897,0.18223127361345745,0.07797497472650897,0.004642148152164888,0.06,0.0,0.2613556089199227,0.2863076008324056,-0.02495199191248287,15.0,3.0,0.097062148115336,1.0,44502.54685440647,-44502.54685440647,0.0,44502.54685440647,0.0,237.34691655683451,0.63457,0.1875,-237.34691655683451,-121224.02142198011,-1127050.5435739525,-3931.4428532372694,3931.4428532372694,-1930031.8223942404,0.0,-0.0,-4494336.418390274,-60000.0,60000.0,-314559.26136672497,0.0,-0.0,-180387.6101656258,24052.48210787773,-24052.48210787773,18104982.703099955,119002.0121499896,-119002.0121499896,-10486784.131741047,44502.54685440647,-44502.54685440647,0.4930868148803711,0.7823948264122009,0.4673615097999573,0.23476333916187286,7823948.5,275.720947265625,461.33013916015625,295.0347900390625,-150000000.0,0.0,144750000.0,-237346912.0,-8727546.0,-8727546.0,-0.0,-0.0,251324464.0,-0.0,0.0,0.85,1.0,-1.0,1.0,True,True,True,2,1,3
8398800.0,148,1.1673563310124087,False,False,ok,,,True,1.0,0.0,2,0.7625,1.0,0.0,0.96675,-479515.7521299688,139498.3560129935,0.8911364677213867,-139498.3560129935,-0.8911364677213867,156539.83544146415,0.0,0.0,1.1673563310124087,0.05893756289316479,0.16303955720559546,0.05893756289316479,0.002430516094495117,0.06,1.0,0.276219863291022,0.2950798834168347,-0.018860020125812733,15.5,3.1,0.07797497472650897,1.0,47328.464839613305,-47328.464839613305,0.0,47328.464839613305,0.0,252.4184791446043,0.63457,0.1875,-252.4184791446043,-143518.55877150968,-1129540.1337005713,-2489.590126618743,2489.590126618743,-1930031.8223942404,0.0,-0.0,-4554336.418390274,-60000.0,60000.0,-314559.26136672497,0.0,-0.0,-151390.3601656258,28997.25,-28997.25,18230644.934399944,125662.23129998893,-125662.23129998893,-10630302.690512557,47328.464839613305,-47328.464839613305,0.4930868148803711,0.8014322519302368,0.47727763652801514,0.22528807818889618,8014322.5,277.0081481933594,465.1101989746094,294.1346130371094,-150000000.0,0.0,145012496.0,-252418480.0,-5237506.0,-5237506.0,-0.0,-0.0,262643488.0,-0.0,0.0,0.85,1.0,-1.0,1.0,False,False,True,2,2,2
8402400.0,149,1.1427520130037534,False,False,ok,,,True,1.0,0.0,2,0.775,1.0,0.0,0.9685,-531218.935917909,136474.73800685565,0.8718211413853725,-136474.73800685565,-0.8718211413853725,156539.83544146415,0.0,0.0,1.1427520130037534,0.041180768055898015,0.14460201703776526,0.041180768055898015,0.0010210042542965364,0.06,1.0,0.27093087161838103,0.2841087173962684,-0.013177845777887364,16.0,3.2,0.05893756289316479,1.0,38901.57847353397,-38901.57847353397,0.0,38901.57847353397,0.0,207.47508519218115,0.63457,0.1875,-207.47508519218115,-149276.34332126193,-1131373.2607149591,-1833.1270143878646,1833.1270143878646,-1930997.0282965337,-965.2059022933245,965.2059022933245,-4614336.418390274,-60000.0,60000.0,-314559.26136672497,0.0,-0.0,-122340.61016562581,29049.75,-29049.75,18361966.676849943,131321.74244999886,-131321.74244999886,-10779579.033833819,38901.57847353397,-38901.57847353397,0.4930868148803711,0.8191890120506287,0.48717066645622253,0.21734005212783813,8191890.5,277.8230895996094,468.8014831542969,293.3795471191406,-150000000.0,0.0,145275008.0,-207475088.0,-5237506.0,-5237506.0,-8563647.0,-8563647.0,226001232.0,-0.0,0.0,0.85,1.0,-1.0,1.0,False,False,True,2,3,1
8406000.0,150,0.9276338279638661,False,False,ok,,,True,1.0,0.0,2,0.7875,1.0,0.0,0.97025,-567822.8425282146,95525.16433373824,0.6102291091870894,-95525.16433373824,-0.6102291091870894,156539.83544146415,0.0,0.0,0.9276338279638661,0.021526632232196224,0.12360999721610638,0.021526632232196224,0.0001961634068875089,0.06,1.0,0.31740471877677673,0.32429324109107954,-0.006888522314302792,16.5,3.3,0.041180768055898015,1.0,26092.52090478033,-26092.52090478033,0.0,26092.52090478033,0.0,139.16011149216175,0.63457,0.1875,-139.16011149216175,-106036.55003926344,-1136532.258337531,-5158.997622571886,5158.997622571886,-1938508.2560450032,-7511.22774846945,7511.22774846945,-4674336.418390274,-60000.0,60000.0,-314559.26136672497,0.0,-0.0,-93238.36016562581,29102.25,-29102.25,18474967.295649942,113000.61879999936,-113000.61879999936,-10885615.583873082,26092.52090478033,-26092.52090478033,0.4930868148803711,0.8388431668281555,0.4970144033432007,0.21131883561611176,8388431.5,279.2642517089844,472.41973876953125,292.80755615234375,-150000000.0,0.0,145537504.0,-139160112.0,-29298234.0,-29298234.0,-55796288.0,-55796288.0,228717136.0,-0.0,0.0,0.85,1.0,-1.0,1.0,False,False,True,,0,0
8409600.0,151,0.266487526841086,False,False,ok,,,True,0.8502192497253418,0.0,1,0.0,0.8502192497253418,0.0,0.0,-540565.638531011,37005.28326766292,0.23639531217918341,-37005.28326766292,-0.23639531217918341,156539.83544146415,0.0,0.0,0.266487526841086,0.019391485755510002,0.127110226100013,0.019391485755510002,0.00015307931526601992,0.06,1.0,0.030092214661902587,0.036297490103665786,-0.0062052754417632,17.0,3.4,0.021526632232196224,1.0,1227.8191118944064,-1227.8191118944064,0.0,1227.8191118944064,0.0,6.5483685967701675,0.63457,0.1875,-6.5483685967701675,-8520.260158564895,-1146328.4000455346,-9796.14170800359,9796.14170800359,-1958292.1272460655,-19783.871201062342,19783.871201062342,-4726248.2578754425,-51911.83948516846,51911.83948516846,-314559.26136672497,0.0,-0.0,-90327.61016562581,2910.75,-2910.75,18589325.86219996,114358.5665500164,-114358.5665500164,-10894135.844031647,1227.8191118944064,-1227.8191118944064,0.4930868148803711,0.8409783244132996,0.4975205957889557,0.1947115808725357,8409783.0,279.71417236328125,472.6290283203125,291.2300720214844,-127532888.0,0.0,0.0,-6548368.5,-26416830.0,-26416830.0,-107033304.0,-107033304.0,267531392.0,-0.0,0.0,0.85,1.0,-1.0,1.0,True,True,False,,0,0
8413200.0,152,0.19020137910265858,False,False,ok,,,True,0.701654314994812,0.0,1,0.0,0.701654314994812,0.0,0.0,-497640.3710263916,13312.351121166612,0.08504130008584669,-13312.351121166612,-0.08504130008584669,156539.83544146415,0.0,0.0,0.19020137910265858,0.01314202703168424,0.12086076737618724,0.01314202703168424,7.93737440067612e-05,0.06,1.0,0.10516007901681189,0.10936552766695085,-0.004205448650138956,17.5,3.5,0.019391485755510002,1.0,-31258.969189068353,31258.969189068353,31258.969189068353,0.0,49.26008035215714,0.0,0.63457,0.1875,49.26008035215714,-1646.052805615589,-1161075.6692412181,-14747.269195683533,14747.269195683533,-1989748.5841820757,-31456.45693601016,31456.45693601016,-4769238.906383514,-42990.6485080719,42990.6485080719,-314559.26136672497,0.0,-0.0,-90327.61016562581,0.0,-0.0,18723091.557149958,133765.69494999945,-133765.69494999945,-10895781.896837262,-31258.969189068353,31258.969189068353,0.4930868148803711,0.8472277522087097,0.4975205957889557,0.1947115808725357,8472278.0,281.79278564453125,472.6290283203125,291.2300720214844,-105248144.0,0.0,0.0,49260080.0,-64802668.0,-64802668.0,-148084336.0,-148084336.0,268875072.0,-0.0,0.0,0.7002192497253418,1.0,-1.0,1.0,True,True,False,,0,0
8416800.0,153,-0.5429477472485796,False,False,ok,,,True,0.5525211095809937,0.0,1,0.0,0.5525211095809937,0.0,0.0,-462832.2872317063,-71709.73739687017,-0.45809258195933783,71709.73739687017,0.45809258195933783,156539.83544146415,0.0,0.0,-0.5429477472485796,0.017544304140805572,0.12526304448530856,0.017544304140805572,0.000123162011030755,0.06,1.0,-0.08485516528924178,-0.079240987964184,-0.005614177325057783,18.0,3.6,0.01314202703168424,1.0,-99610.2626895556,99610.2626895556,99610.2626895556,0.0,156.97285199356352,0.0,0.63457,0.1875,156.97285199356352,6907.558501999825,-1193562.9219396897,-32487.252698471537,32487.252698471537,-2029752.2772335755,-40003.69305149978,40003.69305149978,-4803284.972190857,-34046.06580734253,34046.06580734253,-314559.26136672497,0.0,-0.0,-90327.61016562581,0.0,-0.0,18857529.09399997,134437.53685001284,-134437.53685001284,-10888874.338335263,-99610.2626895556,99610.2626895556,0.4930868148803711,0.8571745157241821,0.4975205957889557,0.1947115808725357,8571745.0,285.1011047363281,472.6290283203125,291.2300720214844,-82878168.0,0.0,0.0,156972848.0,-132435664.0,-132435664.0,-174259264.0,-174259264.0,232600240.0,-0.0,0.0,0.551654314994812,0.851654314994812,-1.0,1.0,True,True,False,,0,0
8420400.0,154,-0.5227760190610813,False,False,ok,,,True,0.40320783853530884,0.0,1,0.0,0.40320783853530884,0.0,0.0,-451527.3218040692,-52111.73399428836,-0.3328975902352651,52111.73399428836,0.3328975902352651,156539.83544146415,0.0,0.0,-0.5227760190610813,0.027335178290686463,0.13505391863518945,0.027335178290686463,0.0003595125620722321,0.06,1.0,-0.18987842882581615,-0.18113117177279647,-0.008747257053019668,18.5,3.7,0.017544304140805572,1.0,-48109.1271978151,48109.1271978151,48109.1271978151,0.0,169.64324270184102,0.0,0.28359,0.1875,169.64324270184102,15307.572224110365,-1244227.5427972437,-50664.62085755402,50664.62085755402,-2074302.0351341018,-44549.75790052628,44549.75790052628,-4828373.32212925,-25088.34993839264,25088.34993839264,-314559.26136672497,0.0,-0.0,-90327.61016562581,0.0,-0.0,18973829.215899963,116300.12189999223,-116300.12189999223,-10873566.766111152,-48109.1271978151,48109.1271978151,0.4930868148803711,0.8669653534889221,0.4975205957889557,0.1947115808725357,8669654.0,288.3575744628906,472.6290283203125,291.2300720214844,-60481176.0,0.0,0.0,169643248.0,-160434768.0,-160434768.0,-182958320.0,-182958320.0,234231024.0,-0.0,0.0,0.40252110958099363,0.7025211095809937,-1.0,1.0,True,True,False,,0,0
8424000.0,155,-0.3308731008716207,False,False,ok,,,True,0.33373430371284485,0.0,1,0.0,0.33373430371284485,0.0,0.0,-440269.2650008663,-27740.023677238234,-0.17720744115392417,27740.023677238234,0.17720744115392417,156539.83544146415,0.0,0.0,-0.3308731008716207,0.03483613080956208,0.14255487115406507,0.03483613080956208,0.0006702898449330345,0.06,1.0,-0.15366565971769652,-0.14251809785863667,-0.011147561859059865,19.0,3.8,0.027335178290686463,1.0,-23196.782928082772,23196.782928082772,23196.782928082772,0.0,126.5440124820401,0.0,0.18331,0.1875,126.5440124820401,15801.29755235836,-1299990.996719546,-55763.45392230223,55763.45392230223,-2119756.434179248,-45454.39904514607,45454.39904514607,-4848814.221560955,-20440.899431705475,20440.899431705475,-314559.26136672497,0.0,-0.0,-90327.61016562581,0.0,-0.0,19090944.72754996,117115.51164999604,-117115.51164999604,-10857765.468558794,-23196.782928082772,23196.782928082772,0.4930868148803711,0.8744663596153259,0.4975205957889557,0.1947115808725357,8744663.0,290.8524169921875,472.6290283203125,291.2300720214844,-50060144.0,0.0,0.0,126544016.0,-157971168.0,-157971168.0,-180427024.0,-180427024.0,261914320.0,-0.0,0.0,0.3333333333333333,0.5532078385353089,-1.0,1.0,True,True,False,,0,0
8427600.0,156,-0.15619718662522575,False,False,ok,,,True,0.3335651755332947,0.0,1,0.0,0.3335651755332947,0.0,0.0,-415387.9855794265,-6715.635550160296,-0.042900489394416874,6715.635550160296,0.042900489394416874,156539.83544146415,0.0,0.0,-0.15619718662522575,0.03998997215021541,0.1477087124947184,0.03998997215021541,0.0009490430999436842,0.06,1.0,-0.11329669723080889,-0.10049990614273996,-0.01279679108806893,19.5,3.9,0.03483613080956208,1.0,-19848.605353076753,19848.605353076753,19848.605353076753,0.0,108.27890105873522,0.0,0.18331,0.1875,108.27890105873522,11748.309618523344,-1354133.3303770996,-54142.33365755365,54142.33365755365,-2163423.363467702,-43666.929288454354,43666.929288454354,-4868829.14686203,-20014.92530107498,20014.92530107498,-314559.26136672497,0.0,-0.0,-90327.61016562581,0.0,-0.0,19221901.885599975,130957.15805001557,-130957.15805001557,-10846017.15894027,-19848.605353076753,19848.605353076753,0.4930868148803711,0.8796201944351196,0.4975205957889557,0.1947115808725357,8796202.0,292.5666198730469,472.6290283203125,291.2300720214844,-50034776.0,0.0,0.0,108278904.0,-150724448.0,-150724448.0,-167624720.0,-167624720.0,260105040.0,-0.0,0.0,0.3333333333333333,0.48373430371284487,-1.0,1.0,True,True,False,,0,0
8431200.0,157,-0.037588232200625606,False,False,ok,,,True,0.33353856205940247,0.0,1,0.0,0.33353856205940247,0.0,0.0,-385246.6099093796,5771.627314617284,0.03687002288165495,-5771.627314617284,-0.03687002288165495,156539.83544146415,0.0,0.0,-0.037588232200625606,0.04302449301607228,0.15074323336057527,0.04302449301607228,0.0011380174777593604,0.06,1.0,-0.07445825508228056,-0.060690417317137424,-0.01376783776514313,20.0,4.0,0.03998997215021541,1.0,-15573.857634728765,15573.857634728765,15573.857634728765,0.0,84.95912735109249,0.0,0.18331,0.1875,84.95912735109249,8795.890720700845,-1403785.625279977,-49652.29490287742,49652.29490287742,-2202465.62871107,-39042.26524336776,39042.26524336776,-4888841.6202664375,-20012.4734044075,20012.4734044075,-314559.26136672497,0.0,-0.0,-90327.61016562581,0.0,-0.0,19351954.40409999,130052.51850001514,-130052.51850001514,-10837221.26821957,-15573.857634728765,15573.857634728765,0.4930868148803711,0.8826546669006348,0.4975205957889557,0.1947115808725357,8826547.0,293.5758972167969,472.6290283203125,291.2300720214844,-50030784.0,0.0,0.0,84959128.0,-131341672.0,-131341672.0,-142084736.0,-142084736.0,238498064.0,-0.0,0.0,0.3333333333333333,0.4835651755332947,-1.0,1.0,True,True,False,,0,0
8434800.0,158,0.15137381528207672,False,False,ok,,,True,0.33352380990982056,0.0,0,0.8875,0.33352380990982056,0.0,-0.40537500000000004,-368470.8125344187,-13307.45142814366,-0.0850100001102901,13307.45142814366,0.0850100001102901,156539.83544146415,0.0,0.0,0.15137381528207672,0.03100952408439553,0.1387282644288985,0.03100952408439553,0.0004976867118668409,0.06,1.0,0.2363838153923668,0.24630686309937339,-0.009923047707006569,20.5,4.1,0.04302449301607228,1.0,-19624.494129746516,19624.494129746516,19624.494129746516,0.0,69.20023318786457,0.0,0.28359,0.1875,69.20023318786457,10458.754673358053,-1443851.6111163977,-40065.985836420674,40065.985836420674,-2233429.8662155615,-30964.237504491583,30964.237504491583,-4908853.137373924,-20011.517107486725,20011.517107486725,-314559.26136672497,0.0,-0.0,-112217.86016562581,-21890.25,21890.25,19471203.437249992,119249.03315000236,-119249.03315000236,-10826762.513546212,-19624.494129746516,19624.494129746516,0.4930868148803711,0.8706397414207458,0.49156782031059265,0.20066434144973755,8706397.0,292.86328125,470.36309814453125,291.9972839355469,-50028572.0,0.0,-60806252.0,69200232.0,-95180592.0,-95180592.0,-101325376.0,-101325376.0,238140544.0,-0.0,0.0,0.3333333333333333,0.4835385620594025,-1.0,1.0,True,True,False,0,1,3
8438400.0,159,0.17569341859282842,False,False,ok,,,True,0.45296019315719604,0.0,0,0.15,0.45296019315719604,0.0,-0.8995,-356398.8362097538,-19339.467208756338,-0.12354342365453716,19339.467208756338,0.12354342365453716,156539.83544146415,0.0,0.0,0.17569341859282842,0.016508591159706404,0.12422733150420939,0.016508591159706404,0.00010937325824969052,0.06,1.0,0.2992368422473656,0.3045195914184716,-0.005282749171106049,21.0,4.2,0.03100952408439553,1.0,-22663.089230573474,22663.089230573474,22663.089230573474,0.0,35.71408864360666,0.0,0.63457,0.1875,35.71408864360666,8748.354302847758,-1462369.369947063,-18517.758830665378,18517.758830665378,-2253192.5165731316,-19762.650357570034,19762.650357570034,-4935314.130663872,-26460.99328994751,26460.99328994751,-314559.26136672497,0.0,-0.0,-163223.1101656258,-51005.25,51005.25,19590273.711749982,119070.27449999005,-119070.27449999005,-10818014.159243364,-22663.089230573474,22663.089230573474,0.4930868148803711,0.8438612222671509,0.47957825660705566,0.21265392005443573,8438612.0,290.4910583496094,465.7815856933594,293.4777526855469,-67944032.0,0.0,-134924992.0,35714088.0,-15177294.0,-15177294.0,-51254828.0,-51254828.0,233587072.0,-0.0,0.0,0.3333333333333333,0.4835238099098206,-1.0,1.0,True,False,False,0,2,2
8442000.0,160,-0.6459327244700876,False,False,ok,,,True,0.5763351321220398,0.0,0,0.05,0.5763351321220398,0.0,-0.9665,-338353.2061144238,9826.420141342813,0.06277264897865095,-9826.420141342813,-0.06277264897865095,156539.83544146415,0.0,0.0,-0.6459327244700876,0.048746108312668485,0.1564648486571715,0.048746108312668485,0.0015444295415889923,0.06,1.0,-0.7087053734487386,-0.6931066187886847,-0.015598754660053915,21.5,4.3,0.016508591159706404,1.0,-4705.759494231239,4705.759494231239,4705.759494231239,0.0,7.415666505241721,0.0,0.63457,0.1875,7.415666505241721,3513.450459755957,-1465153.6666894194,-2784.2967423563823,2784.2967423563823,-2261241.7139016693,-8049.197328537703,8049.197328537703,-4969153.988957405,-33839.858293533325,33839.858293533325,-314559.26136672497,0.0,-0.0,-220811.1101656258,-57588.0,57588.0,19707067.24374998,116793.5319999978,-116793.5319999978,-10814500.708783608,-4705.759494231239,4705.759494231239,0.4930868148803711,0.8116236925125122,0.46623101830482483,0.22600114345550537,8116237.0,286.86199951171875,460.6547546386719,295.031005859375,-86450272.0,0.0,-144975008.0,7415666.5,-771930.8125,-771930.8125,-8191931.0,-8191931.0,232973472.0,-0.0,0.0,0.3333333333333333,0.6029601931571961,-1.0,1.0,True,False,False,0,3,1
8445600.0,161,-0.3274462678318257,False,False,ok,,,True,0.7263351321220398,0.0,0,0.49143749475479126,0.7263351321220398,0.0,-0.6707368785142899,-317934.72796553024,41642.14871462145,0.26601630567187445,-41642.14871462145,-0.26601630567187445,156539.83544146415,0.0,0.0,-0.3274462678318257,0.07463606435405049,0.1823548046985535,0.07463606435405049,0.004201841236332598,0.06,0.0,-0.5934625735037001,-0.569579032910404,-0.023883540593296157,22.0,4.4,0.048746108312668485,1.0,11200.444297281805,-11200.444297281805,0.0,11200.444297281805,0.0,59.735702918836296,1.13597,0.1875,-59.735702918836296,-10023.226268446073,-1465368.65723906,-214.9905496404972,214.9905496404972,-2262372.8522175937,-1131.1383159244433,1131.1383159244433,-5011834.0968847275,-42680.10792732239,42680.10792732239,-314559.26136672497,0.0,-0.0,-262829.90160539746,-42018.79143977165,42018.79143977165,19823553.97639997,116486.73264998943,-116486.73264998943,-10824523.935052054,11200.444297281805,-11200.444297281805,0.4930868148803711,0.7857337594032288,0.45601287484169006,0.23621928691864014,7857337.5,283.5129089355469,456.7118225097656,296.15850830078125,-108950272.0,0.0,-100610528.0,-59735704.0,-423214.28125,-423214.28125,-0.0,-0.0,269719712.0,-0.0,0.0,0.4263351321220398,0.7263351321220398,-1.0,1.0,True,False,False,,0,0
8449200.0,162,1.291434041793087,False,False,ok,,,True,0.8763351321220398,0.0,2,0.9375,0.8763351321220398,0.0,0.99125,-370456.6908562953,150547.60547887045,0.9617207342418959,-150547.60547887045,-0.9617207342418959,156539.83544146415,0.0,0.0,1.291434041793087,0.0591410228052123,0.1668059334385067,0.0591410228052123,0.002450320675967466,0.06,1.0,0.3297133075511912,0.34863843484885915,-0.018925127297667935,22.5,4.5,0.07463606435405049,1.0,44803.86742332122,-44803.86742332122,0.0,44803.86742332122,0.0,238.95395959104653,1.13597,0.1875,-238.95395959104653,-158265.70094631426,-1465543.9993851034,-175.34214604343288,175.34214604343288,-2262372.8522175937,0.0,-0.0,-5063514.20481205,-51680.10792732239,51680.10792732239,-314559.26136672497,0.0,-0.0,-240090.5728764832,22739.32872891426,-22739.32872891426,19958413.83579995,134859.8593999818,-134859.8593999818,-10982789.635998368,44803.86742332122,-44803.86742332122,0.4930868148803711,0.8012287616729736,0.464179128408432,0.2282068282365799,8012288.0,284.4107971191406,460.0255432128906,295.3719177246094,-131450272.0,0.0,148687504.0,-238953952.0,-596436.6875,-596436.6875,-0.0,-0.0,222313168.0,-0.0,0.0,0.5763351321220398,0.8763351321220398,-1.0,1.0,True,True,True,2,1,3
8452800.0,163,1.1931141919913122,False,False,ok,,,True,1.0,0.0,2,0.95,1.0,0.0,0.993,-422527.9266026244,128904.83815724558,0.8234634832323413,-128904.83815724558,-0.8234634832323413,156539.83544146415,0.0,0.0,1.1931141919913122,0.04247825110467032,0.1499367223526905,0.04247825110467032,0.0011026411341174174,0.06,1.0,0.369650708758971,0.3832437491124655,-0.013593040353494503,23.0,4.6,0.0591410228052123,1.0,47362.321554207345,-47362.321554207345,0.0,47362.321554207345,0.0,252.59904828910584,1.13597,0.1875,-252.59904828910584,-133613.75234936737,-1465684.80503933,-140.80565422656946,140.80565422656946,-2262372.8522175937,0.0,-0.0,-5122772.215604782,-59258.01079273224,59258.01079273224,-314559.26136672497,0.0,-0.0,-210305.8228764832,29784.75,-29784.75,20069570.418849956,111156.58305000514,-111156.58305000514,-11116403.388347736,47362.321554207345,-47362.321554207345,0.4930868148803711,0.817891538143158,0.4743514060974121,0.21862439811229706,8178915.5,284.562744140625,464.01959228515625,294.42120361328125,-150000000.0,0.0,148950000.0,-252599056.0,-167607.8125,-167607.8125,-0.0,-0.0,253816656.0,-0.0,0.0,0.7263351321220398,1.0,-1.0,1.0,False,False,True,2,2,2
8456400.0,164,1.2584925968217275,False,False,ok,,,True,1.0,0.0,2,0.9625,1.0,0.0,0.99475,-477532.6796885366,142431.94118788393,0.9098766507975814,-142431.94118788393,-0.9098766507975814,156539.83544146415,0.0,0.0,1.2584925968217275,0.027272164354979284,0.13447255470538366,0.027272164354979284,0.0003573784223135694,0.06,1.0,0.34861594602414603,0.3573430386177394,-0.008727092593593371,23.5,4.7,0.04247825110467032,1.0,45758.34067160843,-45758.34067160843,0.0,45758.34067160843,0.0,244.0444835819116,0.98555,0.1875,-244.0444835819116,-151678.3536021877,-1465756.782573053,-71.97753372299485,71.97753372299485,-2262372.8522175937,0.0,-0.0,-5182772.215604782,-60000.0,60000.0,-314559.26136672497,0.0,-0.0,-180468.5728764832,29837.25,-29837.25,20196478.74689996,126908.32805000246,-126908.32805000246,-11268081.741949923,45758.34067160843,-45758.34067160843,0.4930868148803711,0.8330976366996765,0.48452720046043396,0.20918595790863037,8330976.5,284.2093811035156,467.9059753417969,293.48486328125,-150000000.0,0.0,149212496.0,-244044480.0,-252248.8125,-252248.8125,-0.0,-0.0,245084240.0,-0.0,0.0,0.85,1.0,-1.0,1.0,False,False,True,,0,0
8460000.0,165,0.37017591038514597,False,False,ok,,,True,0.8623705506324768,0.0,1,0.0,0.8623705506324768,0.0,0.0,-481484.009900617,90326.76804126706,0.5770209722434739,-90326.76804126706,-0.5770209722434739,156539.83544146415,0.0,0.0,0.37017591038514597,0.035418462433298964,0.15725983882205644,0.035418462433298964,0.0006991239913570952,0.06,1.0,-0.206845061858328,-0.19551115387967233,-0.01133390797865567,24.0,4.8,0.027272164354979284,1.0,17706.635000601873,-17706.635000601873,0.0,17706.635000601873,0.0,94.43538666987666,0.98555,0.1875,-94.43538666987666,-76571.46325274557,-1466095.0059982326,-338.2234251797199,338.2234251797199,-2262372.8522175937,0.0,-0.0,-5235340.225338936,-52568.00973415375,52568.00973415375,-314559.26136672497,0.0,-0.0,-177484.3228764832,2984.25,-2984.25,20319020.86309995,122542.1161999926,-122542.1161999926,-11344653.205202669,17706.635000601873,-17706.635000601873,0.4930868148803711,0.8249513506889343,0.48411962389945984,0.1677621603012085,8249513.5,281.6587829589844,467.8155822753906,289.37603759765625,-129355584.0,0.0,0.0,-94435384.0,-1873430.875,-1873430.875,-0.0,-0.0,225664400.0,-0.0,0.0,0.85,1.0,-1.0,1.0,False,True,False,,0,0
8463600.0,166,0.3629352078957633,False,False,ok,,,True,0.9246854782104492,0.0,1,0.0,0.9246854782104492,0.0,0.0,-475675.28276331956,75182.35800327966,0.4802762044003364,-75182.35800327966,-0.4802762044003364,156539.83544146415,0.0,0.0,0.3629352078957633,0.039689497426285164,0.16153087381504264,0.039689497426285164,0.0009313331588992345,0.06,1.0,-0.11734099650457316,-0.1046403573281619,-0.012700639176411253,24.5,4.9,0.035418462433298964,1.0,18607.56366164278,-18607.56366164278,0.0,18607.56366164278,0.0,99.2403395287615,0.63457,0.1875,-99.2403395287615,-50766.06720433943,-1467245.1726294379,-1150.1666312052403,1150.1666312052403,-2262372.8522175937,0.0,-0.0,-5290447.464466095,-55107.23912715912,55107.23912715912,-314559.26136672497,0.0,-0.0,-177484.3228764832,0.0,-0.0,20431853.063199963,112832.20010001212,-112832.20010001212,-11395419.272407008,18607.56366164278,-18607.56366164278,0.4930868148803711,0.8206803202629089,0.48411962389945984,0.1677621603012085,8206803.0,280.2005310058594,467.8155822753906,289.37603759765625,-138702816.0,0.0,0.0,-99240336.0,-5122572.0,-5122572.0,-0.0,-0.0,243065728.0,-0.0,0.0,0.7123705506324768,1.0,-1.0,1.0,False,True,False,,0,0
8467200.0,167,15.440809535155163,False,True,ok,,,True,0.9483609199523926,0.0,1,0.0,0.9483609199523926,0.0,0.0,-469737.8106278257,81502.83964954478,0.5206523912568032,-81502.83964954478,-0.5206523912568032,156539.83544146415,0.0,15.0,15.440809535155163,0.04234124375034634,0.1641826201391038,0.04234124375034634,0.0010938617172557084,0.06,1.0,-0.07984285610164026,-0.06629365810152943,-0.01354919800011083,25.0,5.0,0.039689497426285164,1.0,19339.517487245947,-19339.517487245947,0.0,19339.517487245947,0.0,103.14409326531171,0.63457,0.1875,-103.14409326531171,-56225.850026804954,-1469855.114470445,-2609.9418410072103,2609.9418410072103,-2262372.8522175937,0.0,-0.0,-5347207.067012787,-56759.602546691895,56759.602546691895,-314559.26136672497,0.0,-0.0,-177484.3228764832,0.0,-0.0,20553385.929749977,121532.86655001342,-121532.86655001342,-11451645.122433813,19339.517487245947,-19339.517487245947,0.4930868148803711,0.8180285692214966,0.48411962389945984,0.1677621603012085,8180285.5,279.295166015625,467.8155822753906,289.37603759765625,-142254144.0,0.0,0.0,-103144096.0,-10533294.0,-10533294.0,-0.0,-0.0,255931520.0,-0.0,0.0,0.7746854782104492,1.0,-1.0,1.0,False,True,False,,0,0
