time,value
0,261.28
3600,261.08
7200,260.99
10800,260.87
14400,260.56
18000,260.27
21600,260.14
25200,260.95
28800,263.24
32400,265.92
36000,268.37
39600,270.13
43200,271.53
46800,272.34
50400,272.67
54000,272.22
57600,269.88
61200,269.05
64800,268.69
68400,267.74
72000,266.98
75600,266.55
79200,266.2
82800,265.83
86400,265.51
90000,265.16
93600,264.9
97200,264.88
100800,264.86
104400,264.52
108000,264.38
111600,265.48
115200,268.12
118800,271.01
122400,273.63
126000,275.88
129600,277.15
133200,277.53
136800,277.1
140400,274.95
144000,271.37
147600,270.53
151200,270.38
154800,270.11
158400,269.83
162000,269.68
165600,269.04
169200,268.23
172800,267.75
176400,267.59
180000,267.46
183600,267.74
187200,268.28
190800,268.72
194400,269.14
198000,269.85
201600,271.84
205200,275.51
208800,278.66
212400,279.75
216000,279.55
219600,279.22
223200,278.53
226800,276.81
230400,273.55
234000,272.14
237600,271.8
241200,271.54
244800,271.39
248400,271.67
252000,271.53
255600,271.05
259200,270.66
262800,270.37
266400,270.22
270000,270.08
273600,269.72
277200,268.85
280800,267.77
284400,267.48
288000,268.84
291600,270.36
295200,271.67
298800,272.3
302400,272.51
306000,272.39
309600,271.91
313200,271.0
316800,269.09
320400,268.37
324000,268.91
327600,267.95
331200,266.49
334800,265.87
338400,265.53
342000,265.13
345600,264.76
349200,264.39
352800,264.12
356400,263.92
360000,263.78
363600,263.67
367200,263.58
370800,264.44
374400,267.9
378000,270.65
381600,271.3
385200,271.05
388800,270.59
392400,269.97
396000,269.45
399600,268.65
403200,267.09
406800,265.58
410400,264.27
414000,263.14
417600,262.38
421200,261.8
424800,261.38
428400,260.97
432000,260.57
435600,260.21
439200,259.89
442800,259.63
446400,259.43
450000,259.32
453600,259.27
457200,260.06
460800,262.73
464400,265.89
468000,268.3
471600,269.88
475200,270.96
478800,271.35
482400,271.03
486000,270.08
489600,268.25
493200,266.59
496800,265.49
500400,264.66
504000,264.02
507600,263.49
511200,263.06
514800,262.72
518400,262.42
522000,262.14
525600,261.87
529200,261.63
532800,261.45
536400,261.34
540000,261.28
543600,261.95
547200,264.98
550800,268.34
554400,270.98
558000,272.26
561600,272.89
565200,272.8
568800,272.02
572400,270.75
576000,268.77
579600,267.58
583200,266.55
586800,266.05
590400,265.41
594000,264.57
597600,263.88
601200,263.4
604800,265.32
608400,264.96
612000,264.84
615600,264.76
619200,265.3
622800,265.37
626400,265.51
630000,265.76
633600,267.52
637200,269.59
640800,272.34
644400,274.32
648000,274.82
651600,273.41
655200,270.8
658800,268.78
662400,266.74
666000,265.34
669600,264.35
673200,263.46
676800,262.55
680400,261.77
684000,261.04
687600,260.29
691200,259.59
694800,258.95
698400,258.38
702000,257.92
705600,257.61
709200,257.44
712800,257.32
716400,257.62
720000,260.54
723600,263.25
727200,265.35
730800,266.78
734400,267.78
738000,268.34
741600,268.48
745200,267.89
748800,265.03
752400,263.29
756000,262.21
759600,261.42
763200,260.96
766800,260.8
770400,260.59
774000,260.27
777600,259.81
781200,259.47
784800,259.09
788400,258.73
792000,258.78
795600,259.16
799200,259.28
802800,259.61
806400,260.36
810000,261.7
813600,263.53
817200,265.7
820800,267.71
824400,268.42
828000,267.8
831600,266.63
835200,265.48
838800,264.8
842400,264.25
846000,263.62
849600,263.01
853200,262.46
856800,261.88
860400,261.28
864000,260.7
867600,260.2
871200,259.66
874800,259.13
878400,258.76
882000,258.61
885600,258.47
889200,258.75
892800,260.91
896400,263.25
900000,265.18
903600,266.54
907200,267.13
910800,266.89
914400,266.59
918000,265.82
921600,264.38
925200,263.23
928800,262.45
932400,261.7
936000,261.13
939600,260.68
943200,260.17
946800,259.19
950400,258.35
954000,257.62
957600,257.13
961200,256.56
964800,256.03
968400,255.59
972000,255.15
975600,255.14
979200,257.77
982800,260.27
986400,262.34
990000,263.98
993600,265.21
997200,265.74
1000800,265.56
1004400,264.55
1008000,261.73
1011600,260.38
1015200,259.61
1018800,259.09
1022400,258.95
1026000,259.09
1029600,259.39
1033200,259.28
1036800,258.84
1040400,258.65
1044000,258.41
1047600,258.24
1051200,258.24
1054800,258.7
1058400,259.13
1062000,260.01
1065600,262.81
1069200,266.07
1072800,269.02
1076400,270.58
1080000,271.26
1083600,271.02
1087200,270.19
1090800,268.91
1094400,266.53
1098000,264.95
1101600,264.23
1105200,263.74
1108800,263.29
1112400,262.95
1116000,262.39
1119600,261.72
1123200,261.52
1126800,261.38
1130400,261.3
1134000,261.19
1137600,261.02
1141200,260.8
1144800,260.54
1148400,260.41
1152000,261.23
1155600,262.43
1159200,263.55
1162800,264.48
1166400,265.24
1170000,265.7
1173600,265.74
1177200,265.34
1180800,264.41
1184400,263.35
1188000,262.66
1191600,261.72
1195200,260.64
1198800,259.96
1202400,259.6
1206000,259.12
1209600,262.4
1213200,262.45
1216800,262.07
1220400,261.73
1224000,262.21
1227600,262.44
1231200,261.87
1234800,261.31
1238400,263.2
1242000,265.66
1245600,267.8
1249200,269.25
1252800,270.06
1256400,270.34
1260000,269.95
1263600,268.7
1267200,267.38
1270800,266.52
1274400,265.41
1278000,265.33
1281600,264.69
1285200,263.7
1288800,262.41
1292400,261.3
1296000,260.48
1299600,259.73
1303200,259.12
1306800,258.59
1310400,258.18
1314000,258.09
1317600,258.19
1321200,258.56
1324800,260.7
1328400,263.6
1332000,265.91
1335600,267.34
1339200,268.42
1342800,269.2
1346400,269.7
1350000,269.34
1353600,267.62
1357200,266.72
1360800,266.05
1364400,265.44
1368000,265.05
1371600,264.55
1375200,263.76
1378800,262.77
1382400,261.7
1386000,260.87
1389600,260.26
1393200,259.73
1396800,259.47
1400400,259.35
1404000,259.17
1407600,259.26
1411200,261.93
1414800,264.77
1418400,268.0
1422000,270.09
1425600,271.45
1429200,272.07
1432800,271.93
1436400,270.59
1440000,266.92
1443600,264.97
1447200,263.55
1450800,262.52
1454400,261.98
1458000,261.92
1461600,261.72
1465200,261.33
1468800,261.05
1472400,260.91
1476000,260.73
1479600,260.55
1483200,260.44
1486800,260.41
1490400,260.31
1494000,260.26
1497600,261.91
1501200,264.41
1504800,266.97
1508400,268.78
1512000,270.38
1515600,271.8
1519200,272.52
1522800,271.66
1526400,269.14
1530000,267.95
1533600,266.76
1537200,265.28
1540800,263.89
1544400,262.88
1548000,262.1
1551600,261.38
1555200,260.83
1558800,260.45
1562400,260.28
1566000,260.2
1569600,260.12
1573200,260.4
1576800,260.78
1580400,261.53
1584000,263.64
1587600,266.25
1591200,268.81
1594800,270.58
1598400,272.35
1602000,273.7
1605600,274.13
1609200,273.24
1612800,271.3
1616400,269.79
1620000,268.45
1623600,267.34
1627200,266.48
1630800,266.03
1634400,265.91
1638000,265.6
1641600,264.64
1645200,263.77
1648800,263.07
1652400,262.48
1656000,262.23
1659600,262.47
1663200,263.23
1666800,264.17
1670400,265.77
1674000,268.09
1677600,270.66
1681200,272.96
1684800,274.55
1688400,275.49
1692000,275.55
1695600,273.55
1699200,270.92
1702800,269.35
1706400,267.97
1710000,266.95
1713600,266.42
1717200,265.99
1720800,265.36
1724400,264.91
1728000,264.53
1731600,264.1
1735200,263.63
1738800,263.3
1742400,263.27
1746000,263.27
1749600,263.2
1753200,263.22
1756800,264.8
1760400,267.42
1764000,270.41
1767600,272.24
1771200,273.62
1774800,274.48
1778400,274.53
1782000,273.51
1785600,271.88
1789200,270.91
1792800,270.24
1796400,269.62
1800000,268.78
1803600,268.03
1807200,267.29
1810800,266.08
1814400,263.9
1818000,263.26
1821600,262.63
1825200,262.04
1828800,261.55
1832400,261.2
1836000,261.0
1839600,261.27
1843200,264.26
1846800,267.3
1850400,269.11
1854000,270.26
1857600,271.81
1861200,272.41
1864800,272.39
1868400,271.48
1872000,269.02
1875600,268.0
1879200,267.48
1882800,267.13
1886400,266.88
1890000,266.63
1893600,266.41
1897200,266.2
1900800,265.98
1904400,265.91
1908000,265.38
1911600,264.67
1915200,263.72
1918800,262.73
1922400,261.84
1926000,261.39
1929600,263.42
1933200,265.52
1936800,267.67
1940400,269.85
1944000,272.12
1947600,272.83
1951200,272.87
1954800,272.09
1958400,270.8
1962000,270.66
1965600,270.25
1969200,268.6
1972800,267.73
1976400,267.42
1980000,266.81
1983600,266.39
1987200,266.14
1990800,265.74
1994400,265.21
1998000,263.7
2001600,262.39
2005200,261.55
2008800,260.91
2012400,260.8
2016000,263.05
2019600,265.63
2023200,267.56
2026800,268.63
2030400,269.2
2034000,269.14
2037600,268.45
2041200,267.1
2044800,264.64
2048400,262.96
2052000,261.98
2055600,261.21
2059200,260.55
2062800,259.98
2066400,259.41
2070000,258.91
2073600,258.48
2077200,258.09
2080800,257.73
2084400,257.41
2088000,257.23
2091600,257.24
2095200,257.39
2098800,257.82
2102400,260.34
2106000,263.21
2109600,265.75
2113200,267.34
2116800,268.46
2120400,268.99
2124000,268.74
2127600,267.28
2131200,264.58
2134800,262.96
2138400,262.18
2142000,261.71
2145600,260.92
2149200,259.63
2152800,258.8
2156400,258.2
2160000,257.68
2163600,257.23
2167200,256.85
2170800,256.53
2174400,256.29
2178000,256.2
2181600,256.2
2185200,256.51
2188800,259.49
2192400,262.48
2196000,265.0
2199600,266.55
2203200,267.67
2206800,268.29
2210400,268.29
2214000,267.2
2217600,264.02
2221200,262.51
2224800,261.28
2228400,260.18
2232000,259.34
2235600,258.73
2239200,258.26
2242800,257.88
2246400,257.58
2250000,257.34
2253600,257.18
2257200,257.14
2260800,257.05
2264400,256.93
2268000,256.88
2271600,257.41
2275200,260.2
2278800,262.38
2282400,265.14
2286000,267.14
2289600,268.37
2293200,268.95
2296800,268.81
2300400,267.52
2304000,264.09
2307600,262.27
2311200,261.08
2314800,260.49
2318400,260.47
2322000,260.45
2325600,260.03
2329200,259.45
2332800,259.04
2336400,258.82
2340000,258.71
2343600,258.68
2347200,258.82
2350800,258.81
2354400,258.39
2358000,258.05
2361600,259.48
2365200,261.77
2368800,264.77
2372400,266.66
2376000,267.74
2379600,268.4
2383200,268.55
2386800,267.65
2390400,265.48
2394000,264.3
2397600,263.3
2401200,262.43
2404800,261.7
2408400,261.13
2412000,260.83
2415600,260.75
2419200,275.13
2422800,274.57
2426400,274.4
2430000,274.58
2433600,274.36
2437200,274.48
2440800,274.61
2444400,276.61
2448000,279.22
2451600,281.69
2455200,283.51
2458800,284.59
2462400,285.14
2466000,285.28
2469600,284.94
2473200,284.17
2476800,282.45
2480400,279.41
2484000,278.41
2487600,277.68
2491200,277.09
2494800,276.54
2498400,275.95
2502000,275.3
2505600,274.69
2509200,274.2
2512800,273.8
2516400,273.34
2520000,272.92
2523600,274.98
2527200,276.63
2530800,278.21
2534400,279.87
2538000,281.82
2541600,284.63
2545200,286.69
2548800,287.54
2552400,287.77
2556000,287.55
2559600,286.82
2563200,284.24
2566800,281.45
2570400,280.68
2574000,280.07
2577600,279.11
2581200,277.39
2584800,275.47
2588400,274.4
2592000,273.71
2595600,273.2
2599200,272.99
2602800,272.93
2606400,272.86
2610000,272.49
2613600,271.81
2617200,271.06
2620800,271.7
2624400,272.76
2628000,273.76
2631600,274.55
2635200,274.96
2638800,275.03
2642400,274.87
2646000,274.38
2649600,273.32
2653200,271.76
2656800,270.42
2660400,269.02
2664000,268.13
2667600,267.48
2671200,266.93
2674800,266.46
2678400,266.27
2682000,266.11
2685600,266.04
2689200,266.13
2692800,266.48
2696400,266.87
2700000,267.13
2703600,268.77
2707200,272.02
2710800,274.97
2714400,276.77
2718000,277.94
2721600,278.84
2725200,279.39
2728800,279.39
2732400,278.76
2736000,275.09
2739600,272.23
2743200,271.81
2746800,271.09
2750400,270.36
2754000,269.84
2757600,269.58
2761200,269.55
2764800,269.43
2768400,269.18
2772000,269.09
2775600,268.97
2779200,268.88
2782800,268.83
2786400,268.75
2790000,271.02
2793600,274.55
2797200,278.16
2800800,280.37
2804400,281.53
2808000,282.02
2811600,281.55
2815200,280.27
2818800,278.53
2822400,276.77
2826000,275.09
2829600,273.35
2833200,272.15
2836800,271.77
2840400,271.4
2844000,270.8
2847600,269.67
2851200,268.61
2854800,267.91
2858400,267.55
2862000,267.26
2865600,267.08
2869200,267.04
2872800,267.11
2876400,269.37
2880000,272.73
2883600,275.55
2887200,276.78
2890800,277.45
2894400,277.77
2898000,277.37
2901600,276.2
2905200,274.59
2908800,272.26
2912400,269.18
2916000,268.18
2919600,267.33
2923200,266.6
2926800,266.13
2930400,265.84
2934000,265.65
2937600,265.53
2941200,265.45
2944800,265.36
2948400,265.28
2952000,265.29
2955600,265.37
2959200,265.5
2962800,266.81
2966400,268.7
2970000,270.45
2973600,272.05
2977200,273.48
2980800,274.55
2984400,274.92
2988000,274.48
2991600,273.12
2995200,270.17
2998800,268.32
3002400,268.13
3006000,267.45
3009600,266.73
3013200,266.26
3016800,266.14
3020400,266.23
3024000,266.6
3027600,265.68
3031200,264.97
3034800,264.14
3038400,263.38
3042000,262.91
3045600,262.43
3049200,262.02
3052800,261.91
3056400,262.31
3060000,262.76
3063600,262.92
3067200,263.74
3070800,263.73
3074400,263.51
3078000,262.74
3081600,261.52
3085200,260.64
3088800,259.8
3092400,259.29
3096000,259.03
3099600,258.77
3103200,258.57
3106800,258.23
3110400,258.23
3114000,258.28
3117600,258.22
3121200,258.07
3124800,257.65
3128400,257.41
3132000,257.05
3135600,256.79
3139200,258.69
3142800,260.77
3146400,262.46
3150000,263.65
3153600,264.59
3157200,265.09
3160800,264.98
3164400,263.8
3168000,261.39
3171600,259.48
3175200,258.29
3178800,257.57
3182400,257.04
3186000,256.48
3189600,255.98
3193200,255.52
3196800,255.01
3200400,254.48
3204000,254.05
3207600,253.68
3211200,253.38
3214800,253.13
3218400,252.95
3222000,253.55
3225600,256.11
3229200,259.69
3232800,262.67
3236400,264.57
3240000,265.73
3243600,266.09
3247200,265.56
3250800,264.22
3254400,261.88
3258000,260.01
3261600,259.09
3265200,258.55
3268800,258.11
3272400,257.7
3276000,257.26
3279600,256.74
3283200,256.27
3286800,255.86
3290400,255.49
3294000,255.27
3297600,255.52
3301200,256.15
3304800,256.59
3308400,257.33
3312000,259.46
3315600,262.02
3319200,264.37
3322800,265.54
3326400,266.01
3330000,265.77
3333600,265.15
3337200,264.02
3340800,262.44
3344400,261.33
3348000,260.7
3351600,260.2
3355200,259.6
3358800,259.56
3362400,259.77
3366000,259.73
3369600,259.23
3373200,258.44
3376800,257.99
3380400,257.48
3384000,256.92
3387600,256.73
3391200,256.95
3394800,258.05
3398400,260.63
3402000,263.04
3405600,264.98
3409200,266.28
3412800,267.12
3416400,267.34
3420000,266.83
3423600,265.62
3427200,263.18
3430800,261.4
3434400,260.56
3438000,260.05
3441600,259.65
3445200,259.35
3448800,258.95
3452400,258.26
3456000,257.63
3459600,257.02
3463200,256.48
3466800,256.12
3470400,256.08
3474000,256.2
3477600,256.41
3481200,257.37
3484800,259.84
3488400,263.22
3492000,265.8
3495600,267.41
3499200,268.19
3502800,268.07
3506400,267.53
3510000,266.61
3513600,264.73
3517200,263.45
3520800,262.83
3524400,262.41
3528000,262.09
3531600,261.97
3535200,261.95
3538800,261.88
3542400,261.7
3546000,261.13
3549600,260.59
3553200,259.67
3556800,258.99
3560400,258.25
3564000,257.51
3567600,257.61
3571200,260.46
3574800,262.68
3578400,263.76
3582000,264.42
3585600,264.84
3589200,264.73
3592800,263.98
3596400,262.64
3600000,260.53
3603600,258.56
3607200,257.66
3610800,257.66
3614400,258.12
3618000,258.23
3621600,257.82
3625200,257.13
3628800,261.28
3632400,261.08
3636000,260.99
3639600,260.87
3643200,260.56
3646800,260.27
3650400,260.14
3654000,260.95
3657600,263.24
3661200,265.92
3664800,268.37
3668400,270.13
3672000,271.53
3675600,272.34
3679200,272.67
3682800,272.22
3686400,269.88
3690000,269.05
3693600,268.69
3697200,267.74
3700800,266.98
3704400,266.55
3708000,266.2
3711600,265.83
3715200,265.51
3718800,265.16
3722400,264.9
3726000,264.88
3729600,264.86
3733200,264.52
3736800,264.38
3740400,265.48
3744000,268.12
3747600,271.01
3751200,273.63
3754800,275.88
3758400,277.15
3762000,277.53
3765600,277.1
3769200,274.95
3772800,271.37
3776400,270.53
3780000,270.38
3783600,270.11
3787200,269.83
3790800,269.68
3794400,269.04
3798000,268.23
3801600,267.75
3805200,267.59
3808800,267.46
3812400,267.74
3816000,268.28
3819600,268.72
3823200,269.14
3826800,269.85
3830400,271.84
3834000,275.51
3837600,278.66
3841200,279.75
3844800,279.55
3848400,279.22
3852000,278.53
3855600,276.81
3859200,273.55
3862800,272.14
3866400,271.8
3870000,271.54
3873600,271.39
3877200,271.67
3880800,271.53
3884400,271.05
3888000,270.66
3891600,270.37
3895200,270.22
3898800,270.08
3902400,269.72
3906000,268.85
3909600,267.77
3913200,267.48
3916800,268.84
3920400,270.36
3924000,271.67
3927600,272.3
3931200,272.51
3934800,272.39
3938400,271.91
3942000,271.0
3945600,269.09
3949200,268.37
3952800,268.91
3956400,267.95
3960000,266.49
3963600,265.87
3967200,265.53
3970800,265.13
3974400,264.76
3978000,264.39
3981600,264.12
3985200,263.92
3988800,263.78
3992400,263.67
3996000,263.58
3999600,264.44
4003200,267.9
4006800,270.65
4010400,271.3
4014000,271.05
4017600,270.59
4021200,269.97
4024800,269.45
4028400,268.65
4032000,267.09
4035600,265.58
4039200,264.27
4042800,263.14
4046400,262.38
4050000,261.8
4053600,261.38
4057200,260.97
4060800,260.57
4064400,260.21
4068000,259.89
4071600,259.63
4075200,259.43
4078800,259.32
4082400,259.27
4086000,260.06
4089600,262.73
4093200,265.89
4096800,268.3
4100400,269.88
4104000,270.96
4107600,271.35
4111200,271.03
4114800,270.08
4118400,268.25
4122000,266.59
4125600,265.49
4129200,264.66
4132800,264.02
4136400,263.49
4140000,263.06
4143600,262.72
4147200,262.42
4150800,262.14
4154400,261.87
4158000,261.63
4161600,261.45
4165200,261.34
4168800,261.28
4172400,261.95
4176000,264.98
4179600,268.34
4183200,270.98
4186800,272.26
4190400,272.89
4194000,272.8
4197600,272.02
4201200,270.75
4204800,268.77
4208400,267.58
4212000,266.55
4215600,266.05
4219200,265.41
4222800,264.57
4226400,263.88
4230000,263.4
4233600,258.13
4237200,257.43
4240800,256.92
4244400,256.57
4248000,256.32
4251600,256.12
4255200,255.9
4258800,256.23
4262400,258.01
4266000,259.84
4269600,260.52
4273200,260.23
4276800,259.89
4280400,259.72
4284000,259.27
4287600,258.36
4291200,257.31
4294800,256.84
4298400,256.58
4302000,256.44
4305600,256.33
4309200,256.03
4312800,255.36
4316400,254.7
4320000,254.44
4323600,254.39
4327200,254.34
4330800,254.42
4334400,254.75
4338000,255.16
4341600,255.48
4345200,255.71
4348800,257.52
4352400,260.65
4356000,263.29
4359600,264.89
4363200,265.98
4366800,266.57
4370400,266.54
4374000,265.71
4377600,263.7
4381200,262.31
4384800,261.61
4388400,261.11
4392000,260.64
4395600,260.2
4399200,259.87
4402800,259.59
4406400,259.3
4410000,258.98
4413600,258.62
4417200,258.23
4420800,257.95
4424400,257.84
4428000,257.69
4431600,257.86
4435200,260.55
4438800,263.64
4442400,267.73
4446000,271.09
4449600,273.16
4453200,274.12
4456800,273.78
4460400,271.26
4464000,267.05
4467600,265.02
4471200,263.8
4474800,262.98
4478400,262.41
4482000,261.97
4485600,261.58
4489200,261.19
4492800,260.81
4496400,260.44
4500000,260.09
4503600,259.79
4507200,259.53
4510800,259.29
4514400,259.07
4518000,259.16
4521600,261.73
4525200,264.53
4528800,267.73
4532400,269.73
4536000,270.74
4539600,271.0
4543200,270.48
4546800,268.88
4550400,266.3
4554000,264.66
4557600,263.87
4561200,263.56
4564800,263.59
4568400,264.01
4572000,263.87
4575600,263.35
4579200,263.01
4582800,262.52
4586400,262.0
4590000,261.78
4593600,261.43
4597200,261.3
4600800,261.69
4604400,262.11
4608000,263.19
4611600,265.43
4615200,267.45
4618800,268.37
4622400,268.73
4626000,268.71
4629600,268.2
4633200,267.01
4636800,264.51
4640400,262.92
4644000,262.17
4647600,261.7
4651200,261.65
4654800,262.23
4658400,263.06
4662000,263.2
4665600,263.18
4669200,263.27
4672800,263.43
4676400,263.39
4680000,262.83
4683600,262.47
4687200,262.41
4690800,262.59
4694400,264.39
4698000,266.48
4701600,267.57
4705200,268.0
4708800,268.12
4712400,267.91
4716000,267.38
4719600,266.34
4723200,264.1
4726800,262.8
4730400,263.0
4734000,263.12
4737600,262.84
4741200,262.42
4744800,261.88
4748400,261.24
4752000,260.72
4755600,260.48
4759200,260.38
4762800,260.32
4766400,260.26
4770000,260.16
4773600,260.09
4777200,260.38
4780800,263.6
4784400,266.34
4788000,269.52
4791600,272.94
4795200,274.78
4798800,275.7
4802400,275.66
4806000,273.73
4809600,271.73
4813200,270.2
4816800,268.62
4820400,267.33
4824000,266.42
4827600,265.87
4831200,265.31
4834800,264.61
4838400,256.48
4842000,256.05
4845600,255.76
4849200,255.4
4852800,255.16
4856400,255.06
4860000,254.97
4863600,255.16
4867200,257.06
4870800,259.99
4874400,263.41
4878000,266.22
4881600,268.73
4885200,270.16
4888800,270.66
4892400,269.88
4896000,266.66
4899600,265.21
4903200,264.47
4906800,262.97
4910400,261.77
4914000,260.91
4917600,260.11
4921200,259.32
4924800,258.64
4928400,258.05
4932000,257.51
4935600,256.98
4939200,256.64
4942800,256.47
4946400,256.4
4950000,257.28
4953600,260.89
4957200,264.52
4960800,267.98
4964400,269.61
4968000,270.35
4971600,270.06
4975200,269.07
4978800,267.72
4982400,265.2
4986000,263.01
4989600,261.85
4993200,261.03
4996800,260.44
5000400,260.01
5004000,259.54
5007600,258.85
5011200,258.14
5014800,257.61
5018400,257.24
5022000,257.71
5025600,258.05
5029200,258.2
5032800,257.57
5036400,258.14
5040000,261.59
5043600,264.73
5047200,267.08
5050800,267.77
5054400,267.66
5058000,267.14
5061600,266.45
5065200,265.41
5068800,263.7
5072400,262.13
5076000,261.04
5079600,260.08
5083200,259.4
5086800,258.9
5090400,259.34
5094000,257.86
5097600,256.68
5101200,255.72
5104800,254.88
5108400,254.15
5112000,253.54
5115600,253.01
5119200,252.55
5122800,253.0
5126400,254.61
5130000,256.02
5133600,257.23
5137200,258.05
5140800,258.45
5144400,258.43
5148000,257.77
5151600,256.48
5155200,254.85
5158800,254.0
5162400,253.63
5166000,252.8
5169600,251.99
5173200,251.42
5176800,250.94
5180400,250.63
5184000,250.59
5187600,250.48
5191200,250.28
5194800,249.73
5198400,249.09
5202000,248.6
5205600,248.36
5209200,249.37
5212800,252.39
5216400,255.33
5220000,257.66
5223600,259.55
5227200,261.15
5230800,262.19
5234400,262.6
5238000,262.19
5241600,259.31
5245200,257.34
5248800,256.38
5252400,255.59
5256000,255.05
5259600,254.77
5263200,254.57
5266800,254.48
5270400,254.13
5274000,254.14
5277600,254.06
5281200,253.76
5284800,253.24
5288400,252.69
5292000,252.92
5295600,253.58
5299200,255.8
5302800,258.64
5306400,263.27
5310000,266.05
5313600,267.56
5317200,268.0
5320800,267.2
5324400,265.32
5328000,262.66
5331600,260.48
5335200,259.47
5338800,258.74
5342400,258.23
5346000,257.68
5349600,256.99
5353200,256.35
5356800,256.12
5360400,256.41
5364000,256.28
5367600,256.27
5371200,255.8
5374800,255.05
5378400,254.79
5382000,255.72
5385600,259.59
5389200,262.99
5392800,266.03
5396400,267.59
5400000,268.4
5403600,268.52
5407200,267.74
5410800,266.12
5414400,263.59
5418000,261.27
5421600,260.15
5425200,259.28
5428800,258.53
5432400,257.91
5436000,257.34
5439600,256.73
5443200,271.33
5446800,270.38
5450400,269.69
5454000,268.84
5457600,268.52
5461200,268.84
5464800,272.78
5468400,276.45
5472000,278.8
5475600,280.56
5479200,282.07
5482800,283.39
5486400,284.45
5490000,285.1
5493600,285.34
5497200,285.1
5500800,284.35
5504400,281.99
5508000,279.52
5511600,278.11
5515200,276.29
5518800,274.43
5522400,273.02
5526000,272.26
5529600,271.69
5533200,270.85
5536800,270.09
5540400,269.73
5544000,269.73
5547600,270.3
5551200,272.95
5554800,275.43
5558400,279.23
5562000,283.84
5565600,286.51
5569200,288.38
5572800,289.74
5576400,290.49
5580000,290.57
5583600,290.21
5587200,289.63
5590800,286.27
5594400,281.72
5598000,280.28
5601600,279.12
5605200,277.94
5608800,276.89
5612400,276.06
5616000,275.4
5619600,274.88
5623200,274.41
5626800,274.0
5630400,273.82
5634000,273.94
5637600,277.51
5641200,281.39
5644800,285.85
5648400,289.12
5652000,289.72
5655600,290.08
5659200,290.94
5662800,291.33
5666400,291.25
5670000,290.8
5673600,289.91
5677200,288.12
5680800,284.84
5684400,282.52
5688000,281.52
5691600,280.41
5695200,279.31
5698800,278.62
5702400,278.28
5706000,279.21
5709600,278.45
5713200,278.62
5716800,279.47
5720400,279.9
5724000,281.45
5727600,282.23
5731200,282.34
5734800,284.85
5738400,287.02
5742000,287.1
5745600,287.06
5749200,287.05
5752800,286.56
5756400,285.74
5760000,284.23
5763600,282.3
5767200,278.8
5770800,276.34
5774400,274.91
5778000,273.32
5781600,271.57
5785200,270.46
5788800,270.36
5792400,270.62
5796000,271.02
5799600,271.31
5803200,271.34
5806800,271.1
5810400,272.53
5814000,275.59
5817600,279.57
5821200,282.5
5824800,284.77
5828400,286.61
5832000,287.93
5835600,288.64
5839200,288.72
5842800,288.3
5846400,287.34
5850000,284.04
5853600,279.98
5857200,278.26
5860800,277.15
5864400,276.98
5868000,277.24
5871600,276.76
5875200,276.09
5878800,275.6
5882400,274.91
5886000,274.88
5889600,275.18
5893200,274.49
5896800,275.4
5900400,278.14
5904000,281.75
5907600,286.37
5911200,290.19
5914800,292.62
5918400,294.39
5922000,295.56
5925600,294.94
5929200,293.7
5932800,293.35
5936400,290.2
5940000,285.78
5943600,284.37
5947200,283.87
5950800,283.41
5954400,282.25
5958000,280.55
5961600,279.78
5965200,279.98
5968800,280.18
5972400,280.04
5976000,279.11
5979600,278.4
5983200,279.41
5986800,282.46
5990400,286.48
5994000,289.04
5997600,290.2
6001200,290.71
6004800,290.81
6008400,290.29
6012000,289.55
6015600,288.63
6019200,287.66
6022800,286.16
6026400,282.4
6030000,280.48
6033600,279.81
6037200,278.83
6040800,276.95
6044400,275.32
6048000,274.91
6051600,273.87
6055200,272.37
6058800,270.82
6062400,270.14
6066000,270.48
6069600,273.91
6073200,277.64
6076800,281.65
6080400,285.1
6084000,287.52
6087600,288.91
6091200,289.6
6094800,289.69
6098400,289.24
6102000,288.44
6105600,287.65
6109200,285.98
6112800,281.36
6116400,279.91
6120000,280.24
6123600,280.68
6127200,280.88
6130800,279.91
6134400,278.6
6138000,277.34
6141600,275.9
6145200,274.51
6148800,273.65
6152400,273.62
6156000,275.93
6159600,280.13
6163200,285.4
6166800,287.48
6170400,288.2
6174000,289.03
6177600,289.53
6181200,289.75
6184800,289.88
6188400,288.9
6192000,287.76
6195600,286.34
6199200,283.7
6202800,283.09
6206400,284.13
6210000,284.14
6213600,282.43
6217200,279.98
6220800,278.9
6224400,278.52
6228000,278.34
6231600,277.92
6235200,277.26
6238800,277.21
6242400,280.92
6246000,283.75
6249600,288.27
6253200,294.27
6256800,298.47
6260400,300.5
6264000,301.52
6267600,301.8
6271200,301.47
6274800,300.92
6278400,299.95
6282000,297.88
6285600,293.77
6289200,292.19
6292800,291.8
6296400,291.36
6300000,291.17
6303600,290.38
6307200,288.16
6310800,285.83
6314400,284.34
6318000,283.44
6321600,283.02
6325200,283.72
6328800,287.66
6332400,291.08
6336000,293.69
6339600,294.37
6343200,294.57
6346800,295.71
6350400,297.6
6354000,298.23
6357600,298.06
6361200,297.41
6364800,296.37
6368400,293.85
6372000,288.39
6375600,286.42
6379200,285.13
6382800,283.88
6386400,282.65
6390000,281.47
6393600,280.08
6397200,278.79
6400800,277.88
6404400,277.53
6408000,277.82
6411600,278.6
6415200,281.35
6418800,284.63
6422400,288.58
6426000,293.45
6429600,296.38
6433200,298.38
6436800,299.67
6440400,300.37
6444000,300.59
6447600,300.37
6451200,299.57
6454800,296.47
6458400,291.97
6462000,290.18
6465600,289.0
6469200,288.01
6472800,286.9
6476400,285.66
6480000,285.46
6483600,285.13
6487200,284.96
6490800,284.81
6494400,282.82
6498000,281.84
6501600,285.31
6505200,289.16
6508800,292.26
6512400,293.98
6516000,293.78
6519600,292.87
6523200,291.65
6526800,290.95
6530400,289.99
6534000,286.57
6537600,284.79
6541200,283.84
6544800,282.85
6548400,282.45
6552000,282.16
6555600,281.77
6559200,280.66
6562800,278.77
6566400,277.02
6570000,275.89
6573600,275.05
6577200,274.34
6580800,273.81
6584400,274.19
6588000,276.93
6591600,280.16
6595200,282.94
6598800,285.03
6602400,286.39
6606000,287.35
6609600,288.11
6613200,288.38
6616800,288.55
6620400,288.06
6624000,287.09
6627600,286.08
6631200,284.47
6634800,283.7
6638400,282.98
6642000,282.3
6645600,281.69
6649200,280.5
6652800,268.3
6656400,268.19
6660000,268.1
6663600,268.46
6667200,269.21
6670800,269.95
6674400,270.66
6678000,272.07
6681600,274.73
6685200,277.48
6688800,279.38
6692400,280.76
6696000,281.81
6699600,282.63
6703200,283.23
6706800,283.29
6710400,282.29
6714000,277.89
6717600,274.26
6721200,272.48
6724800,270.88
6728400,269.2
6732000,267.79
6735600,266.84
6739200,266.55
6742800,266.45
6746400,266.45
6750000,266.55
6753600,266.8
6757200,267.2
6760800,269.75
6764400,273.34
6768000,277.01
6771600,279.66
6775200,281.28
6778800,282.44
6782400,283.29
6786000,283.74
6789600,283.79
6793200,283.43
6796800,282.6
6800400,279.51
6804000,277.2
6807600,275.91
6811200,274.67
6814800,273.71
6818400,272.98
6822000,272.07
6825600,271.22
6829200,270.65
6832800,270.89
6836400,270.89
6840000,270.72
6843600,270.98
6847200,273.28
6850800,277.78
6854400,282.2
6858000,284.9
6861600,286.32
6865200,287.27
6868800,287.66
6872400,287.45
6876000,286.92
6879600,286.28
6883200,285.38
6886800,281.05
6890400,278.82
6894000,278.67
6897600,277.89
6901200,277.02
6904800,276.24
6908400,275.59
6912000,275.01
6915600,274.49
6919200,273.8
6922800,273.58
6926400,273.94
6930000,274.39
6933600,275.41
6937200,278.46
6940800,282.66
6944400,287.05
6948000,288.96
6951600,290.26
6955200,291.22
6958800,291.8
6962400,291.92
6966000,291.48
6969600,290.02
6973200,284.98
6976800,283.48
6980400,283.26
6984000,282.51
6987600,281.02
6991200,278.95
6994800,277.47
6998400,276.72
7002000,276.36
7005600,276.24
7009200,276.6
7012800,277.15
7016400,277.57
7020000,278.2
7023600,280.07
7027200,283.22
7030800,288.76
7034400,291.01
7038000,292.22
7041600,292.93
7045200,293.23
7048800,293.14
7052400,292.59
7056000,291.55
7059600,287.99
7063200,284.96
7066800,282.96
7070400,281.55
7074000,280.73
7077600,280.08
7081200,279.4
7084800,278.78
7088400,278.15
7092000,277.38
7095600,276.58
7099200,276.08
7102800,275.88
7106400,277.29
7110000,281.61
7113600,285.16
7117200,289.12
7120800,291.91
7124400,292.84
7128000,293.37
7131600,293.57
7135200,293.38
7138800,292.79
7142400,291.8
7146000,289.16
7149600,286.45
7153200,283.7
7156800,280.98
7160400,279.32
7164000,277.99
7167600,276.76
7171200,275.62
7174800,274.75
7178400,274.34
7182000,274.03
7185600,273.59
7189200,273.23
7192800,275.7
7196400,280.37
7200000,284.14
7203600,287.99
7207200,292.02
7210800,294.15
7214400,295.23
7218000,295.57
7221600,295.18
7225200,294.24
7228800,293.05
7232400,289.14
7236000,285.41
7239600,284.35
7243200,283.54
7246800,282.72
7250400,282.0
7254000,281.38
7257600,268.3
7261200,268.19
7264800,268.1
7268400,268.46
7272000,269.21
7275600,269.95
7279200,270.66
7282800,272.07
7286400,274.73
7290000,277.48
7293600,279.38
7297200,280.76
7300800,281.81
7304400,282.63
7308000,283.23
7311600,283.29
7315200,282.29
7318800,277.89
7322400,274.26
7326000,272.48
7329600,270.88
7333200,269.2
7336800,267.79
7340400,266.84
7344000,266.55
7347600,266.45
7351200,266.45
7354800,266.55
7358400,266.8
7362000,267.2
7365600,269.75
7369200,273.34
7372800,277.01
7376400,279.66
7380000,281.28
7383600,282.44
7387200,283.29
7390800,283.74
7394400,283.79
7398000,283.43
7401600,282.6
7405200,279.51
7408800,277.2
7412400,275.91
7416000,274.67
7419600,273.71
7423200,272.98
7426800,272.07
7430400,271.22
7434000,270.65
7437600,270.89
7441200,270.89
7444800,270.72
7448400,270.98
7452000,273.28
7455600,277.78
7459200,282.2
7462800,284.9
7466400,286.32
7470000,287.27
7473600,287.66
7477200,287.45
7480800,286.92
7484400,286.28
7488000,285.38
7491600,281.05
7495200,278.82
7498800,278.67
7502400,277.89
7506000,277.02
7509600,276.24
7513200,275.59
7516800,275.01
7520400,274.49
7524000,273.8
7527600,273.58
7531200,273.94
7534800,274.39
7538400,275.41
7542000,278.46
7545600,282.66
7549200,287.05
7552800,288.96
7556400,290.26
7560000,291.22
7563600,291.8
7567200,291.92
7570800,291.48
7574400,290.02
7578000,284.98
7581600,283.48
7585200,283.26
7588800,282.51
7592400,281.02
7596000,278.95
7599600,277.47
7603200,276.72
7606800,276.36
7610400,276.24
7614000,276.6
7617600,277.15
7621200,277.57
7624800,278.2
7628400,280.07
7632000,283.22
7635600,288.76
7639200,291.01
7642800,292.22
7646400,292.93
7650000,293.23
7653600,293.14
7657200,292.59
7660800,291.55
7664400,287.99
7668000,284.96
7671600,282.96
7675200,281.55
7678800,280.73
7682400,280.08
7686000,279.4
7689600,278.78
7693200,278.15
7696800,277.38
7700400,276.58
7704000,276.08
7707600,275.88
7711200,277.29
7714800,281.61
7718400,285.16
7722000,289.12
7725600,291.91
7729200,292.84
7732800,293.37
7736400,293.57
7740000,293.38
7743600,292.79
7747200,291.8
7750800,289.16
7754400,286.45
7758000,283.7
7761600,280.98
7765200,279.32
7768800,277.99
7772400,276.76
7776000,275.62
7779600,274.75
7783200,274.34
7786800,274.03
7790400,273.59
7794000,273.23
7797600,275.7
7801200,280.37
7804800,284.14
7808400,287.99
7812000,292.02
7815600,294.15
7819200,295.23
7822800,295.57
7826400,295.18
7830000,294.24
7833600,293.05
7837200,289.14
7840800,285.41
7844400,284.35
7848000,283.54
7851600,282.72
7855200,282.0
7858800,281.38
7862400,268.3
7866000,268.19
7869600,268.1
7873200,268.46
7876800,269.21
7880400,269.95
7884000,270.66
7887600,272.07
7891200,274.73
7894800,277.48
7898400,279.38
7902000,280.76
7905600,281.81
7909200,282.63
7912800,283.23
7916400,283.29
7920000,282.29
7923600,277.89
7927200,274.26
7930800,272.48
7934400,270.88
7938000,269.2
7941600,267.79
7945200,266.84
7948800,266.55
7952400,266.45
7956000,266.45
7959600,266.55
7963200,266.8
7966800,267.2
7970400,269.75
7974000,273.34
7977600,277.01
7981200,279.66
7984800,281.28
7988400,282.44
7992000,283.29
7995600,283.74
7999200,283.79
8002800,283.43
8006400,282.6
8010000,279.51
8013600,277.2
8017200,275.91
8020800,274.67
8024400,273.71
8028000,272.98
8031600,272.07
8035200,271.22
8038800,270.65
8042400,270.89
8046000,270.89
8049600,270.72
8053200,270.98
8056800,273.28
8060400,277.78
8064000,282.2
8067600,284.9
8071200,286.32
8074800,287.27
8078400,287.66
8082000,287.45
8085600,286.92
8089200,286.28
8092800,285.38
8096400,281.05
8100000,278.82
8103600,278.67
8107200,277.89
8110800,277.02
8114400,276.24
8118000,275.59
8121600,275.01
8125200,274.49
8128800,273.8
8132400,273.58
8136000,273.94
8139600,274.39
8143200,275.41
8146800,278.46
8150400,282.66
8154000,287.05
8157600,288.96
8161200,290.26
8164800,291.22
8168400,291.8
8172000,291.92
8175600,291.48
8179200,290.02
8182800,284.98
8186400,283.48
8190000,283.26
8193600,282.51
8197200,281.02
8200800,278.95
8204400,277.47
8208000,276.72
8211600,276.36
8215200,276.24
8218800,276.6
8222400,277.15
8226000,277.57
8229600,278.2
8233200,280.07
8236800,283.22
8240400,288.76
8244000,291.01
8247600,292.22
8251200,292.93
8254800,293.23
8258400,293.14
8262000,292.59
8265600,291.55
8269200,287.99
8272800,284.96
8276400,282.96
8280000,281.55
8283600,280.73
8287200,280.08
8290800,279.4
8294400,278.78
8298000,278.15
8301600,277.38
8305200,276.58
8308800,276.08
8312400,275.88
8316000,277.29
8319600,281.61
8323200,285.16
8326800,289.12
8330400,291.91
8334000,292.84
8337600,293.37
8341200,293.57
8344800,293.38
8348400,292.79
8352000,291.8
8355600,289.16
8359200,286.45
8362800,283.7
8366400,280.98
8370000,279.32
8373600,277.99
8377200,276.76
8380800,275.62
8384400,274.75
8388000,274.34
8391600,274.03
8395200,273.59
8398800,273.23
8402400,275.7
8406000,280.37
8409600,284.14
8413200,287.99
8416800,292.02
8420400,294.15
8424000,295.23
8427600,295.57
8431200,295.18
8434800,294.24
8438400,293.05
8442000,289.14
8445600,285.41
8449200,284.35
8452800,283.54
8456400,282.72
8460000,282.0
8463600,281.38
8467200,274.91
8470800,273.87
8474400,272.37
8478000,270.82
8481600,270.14
8485200,270.48
8488800,273.91
8492400,277.64
8496000,281.65
8499600,285.1
8503200,287.52
8506800,288.91
8510400,289.6
8514000,289.69
8517600,289.24
8521200,288.44
8524800,287.65
8528400,285.98
8532000,281.36
8535600,279.91
8539200,280.24
8542800,280.68
8546400,280.88
8550000,279.91
8553600,278.6
8557200,277.34
8560800,275.9
8564400,274.51
8568000,273.65
8571600,273.62
8575200,275.93
8578800,280.13
8582400,285.4
8586000,287.48
8589600,288.2
8593200,289.03
8596800,289.53
8600400,289.75
8604000,289.88
8607600,288.9
8611200,287.76
8614800,286.34
8618400,283.7
8622000,283.09
8625600,284.13
8629200,284.14
8632800,282.43
8636400,279.98
8640000,278.9
8643600,278.52
8647200,278.34
8650800,277.92
8654400,277.26
8658000,277.21
8661600,280.92
8665200,283.75
8668800,288.27
8672400,294.27
8676000,298.47
8679600,300.5
8683200,301.52
8686800,301.8
8690400,301.47
8694000,300.92
8697600,299.95
8701200,297.88
8704800,293.77
8708400,292.19
8712000,291.8
8715600,291.36
8719200,291.17
8722800,290.38
8726400,288.16
8730000,285.83
8733600,284.34
8737200,283.44
8740800,283.02
8744400,283.72
8748000,287.66
8751600,291.08
8755200,293.69
8758800,294.37
8762400,294.57
8766000,295.71
8769600,297.6
8773200,298.23
8776800,298.06
8780400,297.41
8784000,296.37
8787600,293.85
8791200,288.39
8794800,286.42
8798400,285.13
8802000,283.88
8805600,282.65
8809200,281.47
8812800,280.08
8816400,278.79
8820000,277.88
8823600,277.53
8827200,277.82
8830800,278.6
8834400,281.35
8838000,284.63
8841600,288.58
8845200,293.45
8848800,296.38
8852400,298.38
8856000,299.67
8859600,300.37
8863200,300.59
8866800,300.37
8870400,299.57
8874000,296.47
8877600,291.97
8881200,290.18
8884800,289.0
8888400,288.01
8892000,286.9
8895600,285.66
8899200,285.46
8902800,285.13
8906400,284.96
8910000,284.81
8913600,282.82
8917200,281.84
8920800,285.31
8924400,289.16
8928000,292.26
8931600,293.98
8935200,293.78
8938800,292.87
8942400,291.65
8946000,290.95
8949600,289.99
8953200,286.57
8956800,284.79
8960400,283.84
8964000,282.85
8967600,282.45
8971200,282.16
8974800,281.77
8978400,280.66
8982000,278.77
8985600,277.02
8989200,275.89
8992800,275.05
8996400,274.34
9000000,273.81
9003600,274.19
9007200,276.93
9010800,280.16
9014400,282.94
9018000,285.03
9021600,286.39
9025200,287.35
9028800,288.11
9032400,288.38
9036000,288.55
9039600,288.06
9043200,287.09
9046800,286.08
9050400,284.47
9054000,283.7
9057600,282.98
9061200,282.3
9064800,281.69
9068400,280.5
9072000,271.77
9075600,271.16
9079200,270.55
9082800,269.87
9086400,269.46
9090000,268.95
9093600,268.64
9097200,271.11
9100800,273.7
9104400,275.84
9108000,277.19
9111600,278.1
9115200,278.75
9118800,279.11
9122400,279.14
9126000,278.6
9129600,275.52
9133200,272.19
9136800,271.15
9140400,270.63
9144000,270.31
9147600,270.05
9151200,269.88
9154800,269.9
9158400,270.08
9162000,270.37
9165600,270.56
9169200,270.2
9172800,269.19
9176400,268.33
9180000,268.3
9183600,270.68
9187200,273.3
9190800,276.44
9194400,278.41
9198000,279.65
9201600,280.48
9205200,280.91
9208800,280.9
9212400,280.27
9216000,276.73
9219600,273.14
9223200,271.77
9226800,271.31
9230400,270.96
9234000,270.59
9237600,270.22
9241200,270.45
9244800,270.58
9248400,269.35
9252000,268.78
9255600,268.5
9259200,268.33
9262800,268.24
9266400,268.57
9270000,270.7
9273600,273.47
9277200,276.41
9280800,279.05
9284400,281.62
9288000,283.92
9291600,285.03
9295200,285.57
9298800,285.17
9302400,281.13
9306000,278.33
9309600,276.99
9313200,275.7
9316800,274.34
9320400,273.0
9324000,272.13
9327600,272.13
9331200,272.39
9334800,272.29
9338400,272.23
9342000,272.16
9345600,271.96
9349200,271.52
9352800,271.41
9356400,274.3
9360000,277.59
9363600,282.13
9367200,284.26
9370800,285.04
9374400,284.9
9378000,284.19
9381600,283.47
9385200,282.52
9388800,280.3
9392400,275.77
9396000,274.23
9399600,273.28
9403200,272.18
9406800,271.1
9410400,270.24
9414000,269.69
9417600,269.13
9421200,268.75
9424800,268.43
9428400,268.13
9432000,267.87
9435600,267.66
9439200,268.0
9442800,270.73
9446400,273.48
9450000,275.95
9453600,277.82
9457200,279.26
9460800,280.31
9464400,280.77
9468000,280.53
9471600,279.48
9475200,277.0
9478800,272.26
9482400,270.87
9486000,270.19
9489600,269.83
9493200,269.83
9496800,269.65
9500400,269.09
9504000,268.63
9507600,268.31
9511200,268.12
9514800,268.05
9518400,268.21
9522000,268.7
9525600,269.69
9529200,272.38
9532800,274.98
9536400,277.16
9540000,278.91
9543600,280.41
9547200,281.48
9550800,281.98
9554400,281.97
9558000,281.23
9561600,277.83
9565200,273.66
9568800,272.38
9572400,271.98
9576000,271.99
9579600,271.8
9583200,271.16
9586800,270.34
9590400,269.8
9594000,269.5
9597600,269.32
9601200,269.21
9604800,269.15
9608400,269.12
9612000,269.55
9615600,273.02
9619200,276.16
9622800,280.3
9626400,282.09
9630000,283.2
9633600,283.87
9637200,284.06
9640800,283.8
9644400,282.9
9648000,278.98
9651600,273.93
9655200,272.63
9658800,271.88
9662400,271.41
9666000,271.29
9669600,271.27
9673200,271.36
9676800,279.63
9680400,277.88
9684000,276.65
9687600,276.02
9691200,275.38
9694800,275.26
9698400,278.31
9702000,280.7
9705600,282.71
9709200,284.48
9712800,285.87
9716400,286.51
9720000,287.46
9723600,287.86
9727200,287.19
9730800,286.79
9734400,286.81
9738000,286.2
9741600,283.7
9745200,283.1
9748800,282.31
9752400,281.24
9756000,280.44
9759600,278.95
9763200,277.77
9766800,277.05
9770400,276.92
9774000,276.8
9777600,276.12
9781200,275.93
9784800,278.67
9788400,281.96
9792000,284.8
9795600,286.98
9799200,288.53
9802800,289.65
9806400,290.53
9810000,291.07
9813600,291.13
9817200,290.63
9820800,289.94
9824400,288.81
9828000,286.47
9831600,285.44
9835200,284.74
9838800,284.03
9842400,283.37
9846000,282.72
9849600,282.03
9853200,280.98
9856800,280.11
9860400,279.73
9864000,279.82
9867600,280.73
9871200,282.81
9874800,285.33
9878400,287.83
9882000,289.95
9885600,291.45
9889200,292.38
9892800,292.84
9896400,292.99
9900000,292.57
9903600,291.77
9907200,290.58
9910800,289.02
9914400,286.61
9918000,284.3
9921600,282.58
9925200,281.21
9928800,280.13
9932400,279.0
9936000,277.94
9939600,276.94
9943200,276.05
9946800,275.34
9950400,274.88
9954000,275.87
9957600,277.09
9961200,278.66
9964800,280.09
9968400,280.91
9972000,281.45
9975600,282.48
9979200,284.21
9982800,285.5
9986400,285.95
9990000,285.96
9993600,285.88
9997200,285.48
10000800,283.16
10004400,281.91
10008000,281.35
10011600,280.84
10015200,280.38
10018800,280.08
10022400,279.51
10026000,277.59
10029600,275.77
10033200,274.53
10036800,273.63
10040400,273.98
10044000,275.95
10047600,278.84
10051200,281.78
10054800,284.36
10058400,286.29
10062000,287.77
10065600,289.24
10069200,290.55
10072800,291.32
10076400,291.41
10080000,290.87
10083600,289.65
10087200,285.78
10090800,283.7
10094400,282.44
10098000,281.35
10101600,280.53
10105200,280.03
10108800,279.72
10112400,279.67
10116000,279.94
10119600,280.09
10123200,279.48
10126800,278.95
10130400,280.86
10134000,283.42
10137600,285.96
10141200,289.68
10144800,294.03
10148400,295.63
10152000,295.52
10155600,295.61
10159200,295.68
10162800,295.23
10166400,294.24
10170000,292.8
10173600,290.36
10177200,289.08
10180800,287.61
10184400,286.36
10188000,285.53
10191600,285.06
10195200,283.02
10198800,281.52
10202400,280.15
10206000,278.99
10209600,278.65
10213200,279.46
10216800,282.15
10220400,284.04
10224000,285.94
10227600,288.05
10231200,289.39
10234800,290.11
10238400,290.33
10242000,290.24
10245600,289.98
10249200,289.3
10252800,288.28
10256400,287.46
10260000,285.7
10263600,283.15
10267200,281.82
10270800,280.88
10274400,280.94
10278000,280.98
10281600,268.3
10285200,268.19
10288800,268.1
10292400,268.46
10296000,269.21
10299600,269.95
10303200,270.66
10306800,272.07
10310400,274.73
10314000,277.48
10317600,279.38
10321200,280.76
10324800,281.81
10328400,282.63
10332000,283.23
10335600,283.29
10339200,282.29
10342800,277.89
10346400,274.26
10350000,272.48
10353600,270.88
10357200,269.2
10360800,267.79
10364400,266.84
10368000,266.55
10371600,266.45
10375200,266.45
10378800,266.55
10382400,266.8
10386000,267.2
10389600,269.75
10393200,273.34
10396800,277.01
10400400,279.66
10404000,281.28
10407600,282.44
10411200,283.29
10414800,283.74
10418400,283.79
10422000,283.43
10425600,282.6
10429200,279.51
10432800,277.2
10436400,275.91
10440000,274.67
10443600,273.71
10447200,272.98
10450800,272.07
10454400,271.22
10458000,270.65
10461600,270.89
10465200,270.89
10468800,270.72
10472400,270.98
10476000,273.28
10479600,277.78
10483200,282.2
10486800,284.9
10490400,286.32
10494000,287.27
10497600,287.66
10501200,287.45
10504800,286.92
10508400,286.28
10512000,285.38
10515600,281.05
10519200,278.82
10522800,278.67
10526400,277.89
10530000,277.02
10533600,276.24
10537200,275.59
10540800,275.01
10544400,274.49
10548000,273.8
10551600,273.58
10555200,273.94
10558800,274.39
10562400,275.41
10566000,278.46
10569600,282.66
10573200,287.05
10576800,288.96
10580400,290.26
10584000,291.22
10587600,291.8
10591200,291.92
10594800,291.48
10598400,290.02
10602000,284.98
10605600,283.48
10609200,283.26
10612800,282.51
10616400,281.02
10620000,278.95
10623600,277.47
10627200,276.72
10630800,276.36
10634400,276.24
10638000,276.6
10641600,277.15
10645200,277.57
10648800,278.2
10652400,280.07
10656000,283.22
10659600,288.76
10663200,291.01
10666800,292.22
10670400,292.93
10674000,293.23
10677600,293.14
10681200,292.59
10684800,291.55
10688400,287.99
10692000,284.96
10695600,282.96
10699200,281.55
10702800,280.73
10706400,280.08
10710000,279.4
10713600,278.78
10717200,278.15
10720800,277.38
10724400,276.58
10728000,276.08
10731600,275.88
10735200,277.29
10738800,281.61
10742400,285.16
10746000,289.12
10749600,291.91
10753200,292.84
10756800,293.37
10760400,293.57
10764000,293.38
10767600,292.79
10771200,291.8
10774800,289.16
10778400,286.45
10782000,283.7
10785600,280.98
10789200,279.32
10792800,277.99
10796400,276.76
10800000,275.62
10803600,274.75
10807200,274.34
10810800,274.03
10814400,273.59
10818000,273.23
10821600,275.7
10825200,280.37
10828800,284.14
10832400,287.99
10836000,292.02
10839600,294.15
10843200,295.23
10846800,295.57
10850400,295.18
10854000,294.24
10857600,293.05
10861200,289.14
10864800,285.41
10868400,284.35
10872000,283.54
10875600,282.72
10879200,282.0
10882800,281.38
10886400,271.1
10890000,270.64
10893600,270.34
10897200,270.22
10900800,270.11
10904400,269.98
10908000,270.52
10911600,274.24
10915200,277.3
10918800,281.83
10922400,283.96
10926000,285.05
10929600,285.66
10933200,285.79
10936800,285.4
10940400,284.41
10944000,280.37
10947600,275.53
10951200,274.73
10954800,274.86
10958400,275.02
10962000,274.71
10965600,273.93
10969200,272.95
10972800,272.2
10976400,271.8
10980000,271.75
10983600,272.01
10987200,272.55
10990800,273.18
10994400,273.79
10998000,275.51
11001600,277.52
11005200,281.27
11008800,284.52
11012400,286.23
11016000,287.51
11019600,288.34
11023200,288.58
11026800,287.91
11030400,283.39
11034000,279.3
11037600,277.22
11041200,275.7
11044800,274.52
11048400,273.66
11052000,272.95
11055600,272.43
11059200,272.05
11062800,271.7
11066400,271.41
11070000,271.23
11073600,271.07
11077200,271.38
11080800,272.34
11084400,275.59
11088000,278.7
11091600,283.53
11095200,287.48
11098800,288.97
11102400,289.71
11106000,289.65
11109600,288.78
11113200,287.27
11116800,283.81
11120400,278.02
11124000,276.16
11127600,275.19
11131200,274.48
11134800,273.98
11138400,273.62
11142000,273.06
11145600,272.68
11149200,272.6
11152800,272.31
11156400,272.04
11160000,271.81
11163600,271.66
11167200,272.48
11170800,277.08
11174400,280.63
11178000,285.61
11181600,288.28
11185200,289.42
11188800,290.01
11192400,289.97
11196000,289.55
11199600,288.69
11203200,285.39
11206800,280.06
11210400,278.25
11214000,277.11
11217600,276.16
11221200,275.43
11224800,274.83
11228400,274.06
11232000,273.32
11235600,272.73
11239200,272.49
11242800,272.38
11246400,272.3
11250000,272.19
11253600,272.9
11257200,277.31
11260800,280.45
11264400,284.78
11268000,288.45
11271600,289.88
11275200,289.47
11278800,288.26
11282400,287.37
11286000,286.53
11289600,285.0
11293200,280.18
11296800,278.12
11300400,276.79
11304000,275.55
11307600,274.73
11311200,274.69
11314800,275.13
11318400,275.66
11322000,275.7
11325600,274.92
11329200,273.66
11332800,272.26
11336400,272.18
11340000,273.06
11343600,277.01
11347200,280.95
11350800,285.78
11354400,288.09
11358000,288.88
11361600,289.29
11365200,289.71
11368800,289.79
11372400,289.13
11376000,286.48
11379600,280.53
11383200,278.79
11386800,278.52
11390400,278.25
11394000,277.98
11397600,277.45
11401200,276.6
11404800,275.93
11408400,275.38
11412000,274.85
11415600,274.29
11419200,273.91
11422800,273.77
11426400,274.52
11430000,278.48
11433600,281.82
11437200,287.3
11440800,291.68
11444400,293.66
11448000,294.65
11451600,295.02
11455200,294.8
11458800,293.98
11462400,290.64
11466000,284.7
11469600,282.23
11473200,280.75
11476800,279.53
11480400,278.77
11484000,278.45
11487600,278.23
11491200,271.04
11494800,270.34
11498400,269.41
11502000,268.85
11505600,268.21
11509200,268.42
11512800,269.41
11516400,271.38
11520000,273.58
11523600,275.75
11527200,277.52
11530800,278.92
11534400,279.92
11538000,280.51
11541600,280.59
11545200,280.03
11548800,278.91
11552400,275.19
11556000,272.45
11559600,271.59
11563200,270.47
11566800,269.38
11570400,268.32
11574000,267.65
11577600,267.34
11581200,267.16
11584800,267.02
11588400,266.83
11592000,266.73
11595600,266.73
11599200,268.46
11602800,271.16
11606400,275.04
11610000,277.95
11613600,279.59
11617200,280.94
11620800,282.09
11624400,282.89
11628000,283.28
11631600,283.13
11635200,282.29
11638800,279.92
11642400,277.86
11646000,276.35
11649600,275.21
11653200,274.3
11656800,273.53
11660400,272.99
11664000,272.48
11667600,271.8
11671200,270.94
11674800,270.22
11678400,269.94
11682000,269.89
11685600,271.68
11689200,275.54
11692800,279.12
11696400,281.81
11700000,283.43
11703600,284.78
11707200,285.87
11710800,286.62
11714400,286.95
11718000,286.84
11721600,285.86
11725200,283.26
11728800,281.5
11732400,278.97
11736000,276.37
11739600,274.79
11743200,274.27
11746800,274.51
11750400,274.27
11754000,273.7
11757600,273.13
11761200,272.36
11764800,271.62
11768400,271.62
11772000,273.23
11775600,277.23
11779200,280.49
11782800,284.78
11786400,287.04
11790000,288.42
11793600,289.45
11797200,290.06
11800800,290.26
11804400,289.95
11808000,288.41
11811600,285.09
11815200,283.46
11818800,282.14
11822400,279.76
11826000,278.48
11829600,277.0
11833200,275.25
11836800,274.05
11840400,273.25
11844000,272.63
11847600,271.91
11851200,271.33
11854800,270.96
11858400,273.28
11862000,276.3
11865600,279.73
11869200,282.34
11872800,283.55
11876400,284.61
11880000,285.17
11883600,284.56
11887200,283.55
11890800,282.13
11894400,280.46
11898000,278.48
11901600,275.31
11905200,273.2
11908800,271.64
11912400,270.51
11916000,269.36
11919600,267.98
11923200,267.07
11926800,266.7
11930400,266.52
11934000,266.41
11937600,266.58
11941200,266.94
11944800,268.64
11948400,271.21
11952000,273.56
11955600,275.89
11959200,278.45
11962800,281.02
11966400,283.3
11970000,284.4
11973600,284.52
11977200,283.61
11980800,281.7
11984400,277.39
11988000,273.47
11991600,271.88
11995200,270.66
11998800,269.66
12002400,268.74
12006000,267.99
12009600,267.82
12013200,267.75
12016800,267.55
12020400,267.35
12024000,267.22
12027600,267.21
12031200,268.13
12034800,270.09
12038400,272.36
12042000,274.66
12045600,276.51
12049200,277.81
12052800,278.69
12056400,279.19
12060000,279.23
12063600,278.69
12067200,277.61
12070800,274.82
12074400,272.04
12078000,270.92
12081600,270.16
12085200,269.54
12088800,268.97
12092400,268.57
12096000,266.7
12099600,266.22
12103200,265.88
12106800,265.52
12110400,265.04
12114000,264.21
12117600,263.38
12121200,264.2
12124800,265.5
12128400,267.95
12132000,270.82
12135600,273.09
12139200,274.86
12142800,276.03
12146400,276.59
12150000,276.21
12153600,273.53
12157200,271.4
12160800,270.94
12164400,270.75
12168000,270.55
12171600,270.2
12175200,269.35
12178800,268.59
12182400,267.88
12186000,267.31
12189600,266.84
12193200,266.3
12196800,266.63
12200400,266.91
12204000,266.85
12207600,267.71
12211200,269.75
12214800,272.13
12218400,274.68
12222000,276.96
12225600,278.07
12229200,278.52
12232800,278.28
12236400,277.07
12240000,274.53
12243600,273.27
12247200,273.19
12250800,273.54
12254400,273.05
12258000,272.17
12261600,271.27
12265200,270.53
12268800,269.91
12272400,269.46
12276000,268.91
12279600,268.32
12283200,267.94
12286800,267.83
12290400,267.61
12294000,267.73
12297600,268.63
12301200,270.03
12304800,271.28
12308400,272.41
12312000,273.13
12315600,273.14
12319200,272.56
12322800,271.37
12326400,269.75
12330000,268.24
12333600,267.34
12337200,266.24
12340800,265.22
12344400,264.45
12348000,263.83
12351600,263.23
12355200,262.68
12358800,262.18
12362400,261.56
12366000,260.97
12369600,260.53
12373200,260.23
12376800,260.01
12380400,262.02
12384000,265.02
12387600,267.89
12391200,269.63
12394800,270.83
12398400,271.66
12402000,272.16
12405600,272.25
12409200,271.94
12412800,271.1
12416400,270.17
12420000,269.52
12423600,268.83
12427200,268.27
12430800,267.94
12434400,267.59
12438000,267.43
12441600,267.41
12445200,267.25
12448800,266.98
12452400,266.7
12456000,266.51
12459600,266.31
12463200,266.14
12466800,266.65
12470400,267.91
12474000,269.23
12477600,270.3
12481200,271.25
12484800,272.02
12488400,272.44
12492000,272.47
12495600,272.19
12499200,271.45
12502800,270.48
12506400,270.1
12510000,269.55
12513600,269.0
12517200,268.45
12520800,267.82
12524400,267.1
12528000,266.17
12531600,265.3
12535200,264.64
12538800,264.29
12542400,264.32
12546000,264.51
12549600,264.65
12553200,265.6
12556800,268.06
12560400,271.77
12564000,274.15
12567600,275.61
12571200,276.55
12574800,277.17
12578400,277.21
12582000,276.42
12585600,273.13
12589200,270.63
12592800,270.19
12596400,269.89
12600000,269.84
12603600,270.06
12607200,269.82
12610800,269.18
12614400,268.59
12618000,268.21
12621600,267.99
12625200,267.71
12628800,267.27
12632400,266.98
12636000,266.77
12639600,267.47
12643200,269.99
12646800,273.63
12650400,276.0
12654000,277.41
12657600,278.42
12661200,278.89
12664800,278.68
12668400,277.57
12672000,273.5
12675600,271.51
12679200,271.56
12682800,271.58
12686400,271.7
12690000,271.94
12693600,271.88
12697200,271.39
12700800,271.04
12704400,270.34
12708000,269.41
12711600,268.85
12715200,268.21
12718800,268.42
12722400,269.41
12726000,271.38
12729600,273.58
12733200,275.75
12736800,277.52
12740400,278.92
12744000,279.92
12747600,280.51
12751200,280.59
12754800,280.03
12758400,278.91
12762000,275.19
12765600,272.45
12769200,271.59
12772800,270.47
12776400,269.38
12780000,268.32
12783600,267.65
12787200,267.34
12790800,267.16
12794400,267.02
12798000,266.83
12801600,266.73
12805200,266.73
12808800,268.46
12812400,271.16
12816000,275.04
12819600,277.95
12823200,279.59
12826800,280.94
12830400,282.09
12834000,282.89
12837600,283.28
12841200,283.13
12844800,282.29
12848400,279.92
12852000,277.86
12855600,276.35
12859200,275.21
12862800,274.3
12866400,273.53
12870000,272.99
12873600,272.48
12877200,271.8
12880800,270.94
12884400,270.22
12888000,269.94
12891600,269.89
12895200,271.68
12898800,275.54
12902400,279.12
12906000,281.81
12909600,283.43
12913200,284.78
12916800,285.87
12920400,286.62
12924000,286.95
12927600,286.84
12931200,285.86
12934800,283.26
12938400,281.5
12942000,278.97
12945600,276.37
12949200,274.79
12952800,274.27
12956400,274.51
12960000,274.27
12963600,273.7
12967200,273.13
12970800,272.36
12974400,271.62
12978000,271.62
12981600,273.23
12985200,277.23
12988800,280.49
12992400,284.78
12996000,287.04
12999600,288.42
13003200,289.45
13006800,290.06
13010400,290.26
13014000,289.95
13017600,288.41
13021200,285.09
13024800,283.46
13028400,282.14
13032000,279.76
13035600,278.48
13039200,277.0
13042800,275.25
13046400,274.05
13050000,273.25
13053600,272.63
13057200,271.91
13060800,271.33
13064400,270.96
13068000,273.28
13071600,276.3
13075200,279.73
13078800,282.34
13082400,283.55
13086000,284.61
13089600,285.17
13093200,284.56
13096800,283.55
13100400,282.13
13104000,280.46
13107600,278.48
13111200,275.31
13114800,273.2
13118400,271.64
13122000,270.51
13125600,269.36
13129200,267.98
13132800,267.07
13136400,266.7
13140000,266.52
13143600,266.41
13147200,266.58
13150800,266.94
13154400,268.64
13158000,271.21
13161600,273.56
13165200,275.89
13168800,278.45
13172400,281.02
13176000,283.3
13179600,284.4
13183200,284.52
13186800,283.61
13190400,281.7
13194000,277.39
13197600,273.47
13201200,271.88
13204800,270.66
13208400,269.66
13212000,268.74
13215600,267.99
13219200,267.82
13222800,267.75
13226400,267.55
13230000,267.35
13233600,267.22
13237200,267.21
13240800,268.13
13244400,270.09
13248000,272.36
13251600,274.66
13255200,276.51
13258800,277.81
13262400,278.69
13266000,279.19
13269600,279.23
13273200,278.69
13276800,277.61
13280400,274.82
13284000,272.04
13287600,270.92
13291200,270.16
13294800,269.54
13298400,268.97
13302000,268.57
13305600,287.65
13309200,286.74
13312800,285.59
13316400,284.13
13320000,282.77
13323600,282.76
13327200,284.17
13330800,286.21
13334400,288.38
13338000,290.36
13341600,291.73
13345200,292.42
13348800,292.73
13352400,293.07
13356000,293.34
13359600,293.09
13363200,292.09
13366800,290.39
13370400,288.11
13374000,285.56
13377600,284.4
13381200,282.64
13384800,281.21
13388400,280.22
13392000,279.45
13395600,278.77
13399200,278.59
13402800,278.9
13406400,279.1
13410000,279.68
13413600,281.23
13417200,283.07
13420800,284.63
13424400,286.16
13428000,287.7
13431600,289.2
13435200,290.25
13438800,290.84
13442400,290.95
13446000,290.76
13449600,290.0
13453200,289.07
13456800,287.27
13460400,284.41
13464000,282.64
13467600,281.08
13471200,281.45
13474800,281.33
13478400,280.95
13482000,280.24
13485600,279.52
13489200,279.02
13492800,278.73
13496400,279.7
13500000,281.77
13503600,284.3
13507200,287.57
13510800,290.46
13514400,292.2
13518000,293.38
13521600,293.96
13525200,294.0
13528800,293.85
13532400,293.56
13536000,292.95
13539600,291.85
13543200,288.91
13546800,285.06
13550400,283.64
13554000,282.21
13557600,281.14
13561200,280.49
13564800,280.11
13568400,279.77
13572000,279.33
13575600,278.82
13579200,278.5
13582800,280.23
13586400,283.26
13590000,287.56
13593600,290.41
13597200,292.47
13600800,294.06
13604400,295.3
13608000,296.26
13611600,296.88
13615200,297.09
13618800,296.88
13622400,296.23
13626000,295.16
13629600,292.06
13633200,288.45
13636800,287.13
13640400,285.95
13644000,285.06
13647600,284.42
13651200,284.32
13654800,284.31
13658400,284.34
13662000,283.79
13665600,282.95
13669200,283.06
13672800,283.77
13676400,285.05
13680000,287.37
13683600,289.58
13687200,291.88
13690800,293.81
13694400,294.86
13698000,295.43
13701600,295.47
13705200,295.44
13708800,296.05
13712400,295.55
13716000,292.47
13719600,290.01
13723200,289.46
13726800,288.34
13730400,287.38
13734000,287.18
13737600,287.36
13741200,287.37
13744800,287.91
13748400,288.08
13752000,287.34
13755600,287.27
13759200,289.05
13762800,291.63
13766400,293.47
13770000,295.08
13773600,296.54
13777200,297.62
13780800,298.12
13784400,298.03
13788000,297.45
13791600,296.43
13795200,295.07
13798800,293.24
13802400,290.84
13806000,288.37
13809600,286.48
13813200,284.82
13816800,283.66
13820400,282.73
13824000,281.92
13827600,281.26
13831200,280.7
13834800,280.15
13838400,279.72
13842000,282.3
13845600,285.73
13849200,289.73
13852800,292.23
13856400,294.23
13860000,295.69
13863600,296.74
13867200,297.48
13870800,297.88
13874400,297.89
13878000,297.46
13881600,296.75
13885200,295.81
13888800,292.97
13892400,290.32
13896000,290.31
13899600,289.66
13903200,288.57
13906800,287.2
13910400,283.9
13914000,283.08
13917600,282.48
13921200,281.95
13924800,281.8
13928400,284.89
13932000,288.24
13935600,292.47
13939200,295.06
13942800,296.49
13946400,297.06
13950000,297.85
13953600,298.53
13957200,298.79
13960800,298.93
13964400,299.1
13968000,298.81
13971600,298.13
13975200,296.34
13978800,294.37
13982400,292.36
13986000,289.95
13989600,288.48
13993200,287.46
13996800,286.59
14000400,285.81
14004000,285.16
14007600,284.64
14011200,284.52
14014800,287.31
14018400,290.64
14022000,294.99
14025600,297.81
14029200,299.58
14032800,300.59
14036400,301.29
14040000,302.09
14043600,302.33
14047200,302.1
14050800,301.21
14054400,300.02
14058000,298.28
14061600,296.02
14065200,293.22
14068800,292.09
14072400,290.81
14076000,290.12
14079600,289.21
14083200,288.16
14086800,287.19
14090400,286.53
14094000,285.27
14097600,284.83
14101200,287.14
14104800,290.46
14108400,294.06
14112000,295.94
14115600,297.56
14119200,298.98
14122800,299.99
14126400,299.91
14130000,299.83
14133600,299.97
14137200,299.57
14140800,298.89
14144400,297.93
14148000,295.41
14151600,292.77
14155200,291.71
14158800,290.73
14162400,289.07
14166000,288.09
14169600,287.77
14173200,287.82
14176800,287.1
14180400,286.13
14184000,285.7
14187600,288.62
14191200,292.59
14194800,296.83
14198400,299.78
14202000,301.53
14205600,302.69
14209200,303.44
14212800,303.86
14216400,303.91
14220000,303.59
14223600,302.88
14227200,301.84
14230800,300.38
14234400,297.91
14238000,294.46
14241600,293.2
14245200,292.06
14248800,290.84
14252400,289.63
14256000,288.55
14259600,287.66
14263200,287.36
14266800,288.02
14270400,288.31
14274000,289.35
14277600,291.98
14281200,296.63
14284800,300.05
14288400,302.52
14292000,304.25
14295600,305.36
14299200,305.97
14302800,306.07
14306400,305.66
14310000,304.76
14313600,303.69
14317200,302.57
14320800,299.78
14324400,296.12
14328000,295.07
14331600,294.34
14335200,293.77
14338800,293.39
14342400,292.97
14346000,292.55
14349600,292.13
14353200,291.35
14356800,290.63
14360400,291.76
14364000,294.77
14367600,298.06
14371200,300.45
14374800,302.21
14378400,302.63
14382000,302.77
14385600,302.98
14389200,302.92
14392800,302.48
14396400,301.72
14400000,300.91
14403600,299.98
14407200,298.19
14410800,294.25
14414400,292.56
14418000,291.12
14421600,289.83
14425200,288.73
14428800,287.93
14432400,287.41
14436000,286.98
14439600,286.52
14443200,286.36
14446800,289.77
14450400,293.25
14454000,297.75
14457600,299.84
14461200,301.42
14464800,302.48
14468400,303.17
14472000,303.54
14475600,303.8
14479200,303.98
14482800,303.83
14486400,303.38
14490000,302.55
14493600,300.1
14497200,295.97
14500800,294.39
14504400,293.07
14508000,291.92
14511600,290.99
14515200,294.05
14518800,293.13
14522400,292.29
14526000,291.58
14529600,291.27
14533200,294.31
14536800,297.72
14540400,302.39
14544000,306.38
14547600,307.92
14551200,309.63
14554800,310.87
14558400,311.49
14562000,311.55
14565600,311.37
14569200,310.87
14572800,310.02
14576400,308.7
14580000,305.2
14583600,302.55
14587200,301.45
14590800,300.45
14594400,299.45
14598000,298.84
14601600,298.05
14605200,297.25
14608800,296.47
14612400,295.69
14616000,295.29
14619600,296.68
14623200,298.73
14626800,301.69
14630400,304.46
14634000,306.19
14637600,307.91
14641200,308.77
14644800,307.73
14648400,307.14
14652000,306.37
14655600,305.69
14659200,305.05
14662800,304.18
14666400,302.78
14670000,300.14
14673600,298.49
14677200,297.24
14680800,296.3
14684400,295.63
14688000,295.06
14691600,294.67
14695200,294.91
14698800,294.7
14702400,294.41
14706000,295.73
14709600,297.56
14713200,300.05
14716800,303.14
14720400,305.52
14724000,306.5
14727600,307.17
14731200,307.66
14734800,307.78
14738400,307.91
14742000,308.02
14745600,307.27
14749200,306.55
14752800,305.04
14756400,302.97
14760000,302.16
14763600,301.16
14767200,299.77
14770800,298.89
14774400,298.1
14778000,297.21
14781600,295.49
14785200,293.02
14788800,291.33
14792400,290.78
14796000,290.88
14799600,291.57
14803200,292.55
14806800,293.31
14810400,294.3
14814000,296.02
14817600,297.86
14821200,299.2
14824800,299.85
14828400,300.05
14832000,299.61
14835600,298.71
14839200,296.01
14842800,292.83
14846400,291.59
14850000,290.55
14853600,289.73
14857200,289.21
14860800,288.88
14864400,288.64
14868000,288.24
14871600,287.77
14875200,287.67
14878800,289.74
14882400,293.0
14886000,297.47
14889600,299.54
14893200,300.95
14896800,302.2
14900400,303.34
14904000,304.13
14907600,304.63
14911200,304.73
14914800,304.37
14918400,303.64
14922000,302.57
14925600,299.68
14929200,295.98
14932800,294.66
14936400,293.56
14940000,292.48
14943600,291.48
14947200,290.65
14950800,289.96
14954400,289.35
14958000,288.8
14961600,288.59
14965200,291.56
14968800,295.32
14972400,298.68
14976000,301.68
14979600,303.93
14983200,305.45
14986800,306.29
14990400,306.62
14994000,306.47
14997600,306.12
15001200,305.68
15004800,305.05
15008400,304.02
15012000,300.59
15015600,297.3
15019200,296.3
15022800,296.02
15026400,295.53
15030000,294.95
15033600,293.89
15037200,292.34
15040800,291.25
15044400,290.6
15048000,290.34
15051600,293.42
15055200,297.05
15058800,301.07
15062400,304.03
15066000,305.75
15069600,306.84
15073200,307.24
15076800,307.08
15080400,306.74
15084000,306.52
15087600,306.46
15091200,306.08
15094800,304.95
15098400,302.42
15102000,299.01
15105600,296.92
15109200,295.13
15112800,293.67
15116400,292.64
15120000,291.81
15123600,291.11
15127200,290.52
15130800,289.98
15134400,289.77
15138000,291.8
15141600,294.69
15145200,297.14
15148800,299.13
15152400,300.95
15156000,302.34
15159600,303.22
15163200,303.7
15166800,303.86
15170400,303.59
15174000,302.84
15177600,301.77
15181200,300.63
15184800,299.22
15188400,296.6
15192000,295.37
15195600,294.72
15199200,293.95
15202800,293.05
15206400,292.25
15210000,291.55
15213600,290.94
15217200,290.41
15220800,290.23
15224400,293.09
15228000,296.48
15231600,299.69
15235200,301.77
15238800,303.35
15242400,304.4
15246000,305.75
15249600,306.54
15253200,306.76
15256800,306.54
15260400,305.9
15264000,304.98
15267600,303.85
15271200,301.76
15274800,298.34
15278400,297.21
15282000,296.19
15285600,295.36
15289200,295.18
15292800,295.25
15296400,295.13
15300000,294.41
15303600,293.79
15307200,293.54
15310800,294.44
15314400,296.65
15318000,300.13
15321600,304.32
15325200,307.1
15328800,308.85
15332400,310.0
15336000,310.83
15339600,311.23
15343200,311.35
15346800,310.86
15350400,310.03
15354000,308.91
15357600,306.13
15361200,302.98
15364800,301.7
15368400,300.67
15372000,299.55
15375600,298.59
15379200,297.81
15382800,297.32
15386400,296.8
15390000,295.69
15393600,295.06
15397200,297.05
15400800,299.22
15404400,303.52
15408000,307.61
15411600,309.58
15415200,311.16
15418800,312.02
15422400,311.76
15426000,311.25
15429600,311.38
15433200,311.55
15436800,310.39
15440400,309.04
15444000,306.91
15447600,304.99
15451200,303.48
15454800,302.32
15458400,301.22
15462000,300.25
15465600,299.38
15469200,298.84
15472800,298.48
15476400,297.96
15480000,297.68
15483600,298.66
15487200,300.41
15490800,302.81
15494400,305.39
15498000,307.34
15501600,309.06
15505200,310.65
15508800,311.16
15512400,310.59
15516000,310.21
15519600,309.77
15523200,308.09
15526800,306.02
15530400,303.84
15534000,301.85
15537600,299.79
15541200,297.89
15544800,297.0
15548400,296.73
15552000,296.34
15555600,295.91
15559200,295.55
15562800,295.16
15566400,294.84
15570000,295.27
15573600,296.63
15577200,297.91
15580800,299.05
15584400,300.27
15588000,301.45
15591600,301.84
15595200,302.29
15598800,302.45
15602400,302.11
15606000,301.84
15609600,301.19
15613200,299.86
15616800,297.55
15620400,294.93
15624000,293.87
15627600,292.81
15631200,291.89
15634800,291.31
15638400,290.78
15642000,290.25
15645600,289.84
15649200,289.33
15652800,288.91
15656400,289.88
15660000,292.48
15663600,296.48
15667200,299.99
15670800,302.19
15674400,303.41
15678000,303.77
15681600,304.04
15685200,304.41
15688800,304.33
15692400,303.56
15696000,302.18
15699600,300.8
15703200,299.23
15706800,297.13
15710400,296.02
15714000,294.91
15717600,293.99
15721200,293.27
15724800,295.09
15728400,294.04
15732000,293.3
15735600,292.7
15739200,292.21
15742800,294.27
15746400,296.98
15750000,299.48
15753600,301.55
15757200,303.43
15760800,305.07
15764400,306.32
15768000,307.2
15771600,307.61
15775200,307.67
15778800,307.25
15782400,306.51
15786000,305.42
15789600,303.74
15793200,301.47
15796800,299.88
15800400,298.59
15804000,297.18
15807600,295.88
15811200,294.63
15814800,293.45
15818400,292.44
15822000,291.66
15825600,291.38
15829200,292.65
15832800,294.68
15836400,296.87
15840000,298.83
15843600,300.68
15847200,302.42
15850800,304.05
15854400,305.07
15858000,305.55
15861600,305.15
15865200,304.9
15868800,304.21
15872400,303.13
15876000,301.81
15879600,300.23
15883200,299.27
15886800,298.3
15890400,297.3
15894000,296.39
15897600,295.6
15901200,294.88
15904800,294.16
15908400,293.6
15912000,293.28
15915600,293.35
15919200,293.93
15922800,295.09
15926400,296.36
15930000,296.95
15933600,297.62
15937200,298.01
15940800,298.18
15944400,298.3
15948000,298.16
15951600,297.79
15955200,297.18
15958800,296.59
15962400,295.74
15966000,294.02
15969600,292.95
15973200,291.88
15976800,290.59
15980400,289.58
15984000,288.79
15987600,287.96
15991200,287.2
15994800,286.6
15998400,286.41
16002000,288.07
16005600,291.02
16009200,296.23
16012800,300.7
16016400,303.2
16020000,304.8
16023600,305.63
16027200,305.93
16030800,305.71
16034400,305.2
16038000,304.59
16041600,303.64
16045200,302.29
16048800,299.96
16052400,295.49
16056000,293.69
16059600,292.27
16063200,290.97
16066800,289.8
16070400,288.89
16074000,288.21
16077600,287.71
16081200,287.42
16084800,287.69
16088400,290.52
16092000,293.61
16095600,298.09
16099200,300.65
16102800,302.26
16106400,303.52
16110000,304.51
16113600,305.31
16117200,305.75
16120800,305.86
16124400,305.61
16128000,304.94
16131600,303.8
16135200,301.21
16138800,297.16
16142400,295.72
16146000,294.73
16149600,293.98
16153200,293.55
16156800,293.1
16160400,292.42
16164000,291.65
16167600,290.96
16171200,290.4
16174800,291.45
16178400,293.78
16182000,298.3
16185600,302.67
16189200,304.81
16192800,306.3
16196400,307.49
16200000,308.41
16203600,308.97
16207200,309.15
16210800,308.9
16214400,308.16
16218000,306.88
16221600,303.54
16225200,299.47
16228800,298.18
16232400,297.09
16236000,295.95
16239600,294.86
16243200,293.71
16246800,292.5
16250400,291.73
16254000,291.59
16257600,291.64
16261200,292.7
16264800,295.27
16268400,298.83
16272000,302.7
16275600,307.15
16279200,309.05
16282800,310.29
16286400,311.16
16290000,311.67
16293600,311.83
16297200,311.57
16300800,310.76
16304400,309.46
16308000,306.53
16311600,303.7
16315200,302.21
16318800,300.41
16322400,298.55
16326000,297.15
16329600,290.17
16333200,289.54
16336800,289.12
16340400,288.92
16344000,289.08
16347600,292.61
16351200,296.4
16354800,300.24
16358400,301.84
16362000,302.89
16365600,303.59
16369200,304.29
16372800,304.95
16376400,305.35
16380000,305.23
16383600,304.52
16387200,303.46
16390800,302.18
16394400,300.15
16398000,296.13
16401600,294.32
16405200,292.84
16408800,291.51
16412400,290.41
16416000,289.48
16419600,288.7
16423200,288.06
16426800,287.46
16430400,287.19
16434000,289.61
16437600,292.52
16441200,297.63
16444800,301.13
16448400,303.31
16452000,304.91
16455600,306.09
16459200,306.61
16462800,306.02
16466400,305.2
16470000,304.7
16473600,304.1
16477200,303.13
16480800,300.79
16484400,296.9
16488000,295.49
16491600,294.5
16495200,293.47
16498800,292.7
16502400,291.44
16506000,290.26
16509600,289.23
16513200,288.3
16516800,287.81
16520400,289.83
16524000,292.98
16527600,296.8
16531200,298.97
16534800,300.63
16538400,301.91
16542000,302.88
16545600,303.55
16549200,303.82
16552800,303.73
16556400,303.23
16560000,302.34
16563600,301.02
16567200,299.2
16570800,295.72
16574400,294.27
16578000,293.14
16581600,291.92
16585200,290.85
16588800,290.03
16592400,289.78
16596000,289.45
16599600,288.57
16603200,288.14
16606800,290.8
16610400,294.33
16614000,298.05
16617600,300.27
16621200,301.84
16624800,303.05
16628400,303.94
16632000,304.55
16635600,304.84
16639200,304.77
16642800,304.28
16646400,303.38
16650000,302.26
16653600,300.5
16657200,297.14
16660800,296.12
16664400,295.59
16668000,294.54
16671600,292.23
16675200,290.52
16678800,289.23
16682400,288.23
16686000,287.5
16689600,287.09
16693200,289.41
16696800,292.3
16700400,296.6
16704000,298.77
16707600,300.33
16711200,301.73
16714800,302.88
16718400,303.8
16722000,304.32
16725600,304.41
16729200,304.13
16732800,303.5
16736400,302.55
16740000,300.09
16743600,297.45
16747200,296.71
16750800,296.05
16754400,295.25
16758000,294.26
16761600,293.14
16765200,292.26
16768800,291.75
16772400,291.23
16776000,290.76
16779600,291.15
16783200,293.15
16786800,296.77
16790400,301.24
16794000,304.72
16797600,306.46
16801200,307.8
16804800,308.76
16808400,309.24
16812000,309.38
16815600,309.09
16819200,308.36
16822800,307.22
16826400,303.56
16830000,299.46
16833600,298.02
16837200,297.02
16840800,296.09
16844400,295.05
16848000,293.86
16851600,292.44
16855200,291.24
16858800,290.41
16862400,290.35
16866000,293.56
16869600,296.96
16873200,300.86
16876800,303.57
16880400,305.49
16884000,306.84
16887600,307.76
16891200,308.36
16894800,308.77
16898400,308.89
16902000,308.55
16905600,307.84
16909200,306.68
16912800,304.58
16916400,301.1
16920000,299.78
16923600,298.44
16927200,297.18
16930800,296.12
16934400,291.71
16938000,291.23
16941600,290.79
16945200,290.59
16948800,290.53
16952400,290.91
16956000,291.69
16959600,293.73
16963200,295.52
16966800,296.66
16970400,297.56
16974000,297.59
16977600,297.37
16981200,298.37
16984800,299.94
16988400,300.4
16992000,299.84
16995600,298.59
16999200,296.05
17002800,293.23
17006400,292.25
17010000,291.43
17013600,290.84
17017200,290.51
17020800,290.24
17024400,289.95
17028000,289.52
17031600,289.12
17035200,288.87
17038800,290.81
17042400,293.56
17046000,296.6
17049600,299.2
17053200,301.15
17056800,302.58
17060400,304.23
17064000,305.5
17067600,306.2
17071200,306.44
17074800,306.34
17078400,305.84
17082000,304.8
17085600,301.48
17089200,298.04
17092800,296.73
17096400,295.65
17100000,294.57
17103600,293.54
17107200,292.67
17110800,291.98
17114400,291.73
17118000,292.01
17121600,291.54
17125200,292.98
17128800,294.65
17132400,296.96
17136000,301.05
17139600,304.82
17143200,306.85
17146800,308.47
17150400,309.5
17154000,309.98
17157600,308.29
17161200,307.2
17164800,307.4
17168400,305.86
17172000,301.95
17175600,299.86
17179200,298.68
17182800,297.63
17186400,297.19
17190000,296.49
17193600,295.48
17197200,294.3
17200800,293.55
17204400,292.97
17208000,292.71
17211600,294.45
17215200,297.6
17218800,301.33
17222400,304.45
17226000,306.36
17229600,308.15
17233200,309.62
17236800,310.43
17240400,310.77
17244000,310.74
17247600,310.16
17251200,309.21
17254800,307.74
17258400,304.27
17262000,301.2
17265600,299.87
17269200,298.48
17272800,297.14
17276400,296.08
17280000,295.06
17283600,294.19
17287200,293.53
17290800,293.09
17294400,292.65
17298000,293.83
17301600,295.49
17305200,298.64
17308800,302.23
17312400,305.55
17316000,307.92
17319600,309.86
17323200,311.06
17326800,310.41
17330400,308.33
17334000,308.31
17337600,307.54
17341200,305.2
17344800,301.28
17348400,298.81
17352000,297.3
17355600,296.23
17359200,295.58
17362800,295.1
17366400,294.7
17370000,294.67
17373600,295.01
17377200,295.13
17380800,294.39
17384400,294.55
17388000,295.44
17391600,297.16
17395200,298.8
17398800,299.79
17402400,300.41
17406000,300.88
17409600,301.16
17413200,301.42
17416800,301.95
17420400,302.03
17424000,301.95
17427600,301.14
17431200,299.28
17434800,298.14
17438400,297.8
17442000,297.01
17445600,296.2
17449200,295.71
17452800,295.13
17456400,294.4
17460000,293.87
17463600,293.84
17467200,294.36
17470800,294.59
17474400,295.5
17478000,297.16
17481600,299.34
17485200,302.0
17488800,304.05
17492400,305.09
17496000,305.63
17499600,305.98
17503200,306.07
17506800,305.8
17510400,305.23
17514000,303.74
17517600,300.7
17521200,298.35
17524800,297.3
17528400,296.2
17532000,295.07
17535600,294.2
17539200,295.09
17542800,294.04
17546400,293.3
17550000,292.7
17553600,292.21
17557200,294.27
17560800,296.98
17564400,299.48
17568000,301.55
17571600,303.43
17575200,305.07
17578800,306.32
17582400,307.2
17586000,307.61
17589600,307.67
17593200,307.25
17596800,306.51
17600400,305.42
17604000,303.74
17607600,301.47
17611200,299.88
17614800,298.59
17618400,297.18
17622000,295.88
17625600,294.63
17629200,293.45
17632800,292.44
17636400,291.66
17640000,291.38
17643600,292.65
17647200,294.68
17650800,296.87
17654400,298.83
17658000,300.68
17661600,302.42
17665200,304.05
17668800,305.07
17672400,305.55
17676000,305.15
17679600,304.9
17683200,304.21
17686800,303.13
17690400,301.81
17694000,300.23
17697600,299.27
17701200,298.3
17704800,297.3
17708400,296.39
17712000,295.6
17715600,294.88
17719200,294.16
17722800,293.6
17726400,293.28
17730000,293.35
17733600,293.93
17737200,295.09
17740800,296.36
17744400,296.95
17748000,297.62
17751600,298.01
17755200,298.18
17758800,298.3
17762400,298.16
17766000,297.79
17769600,297.18
17773200,296.59
17776800,295.74
17780400,294.02
17784000,292.95
17787600,291.88
17791200,290.59
17794800,289.58
17798400,288.79
17802000,287.96
17805600,287.2
17809200,286.6
17812800,286.41
17816400,288.07
17820000,291.02
17823600,296.23
17827200,300.7
17830800,303.2
17834400,304.8
17838000,305.63
17841600,305.93
17845200,305.71
17848800,305.2
17852400,304.59
17856000,303.64
17859600,302.29
17863200,299.96
17866800,295.49
17870400,293.69
17874000,292.27
17877600,290.97
17881200,289.8
17884800,288.89
17888400,288.21
17892000,287.71
17895600,287.42
17899200,287.69
17902800,290.52
17906400,293.61
17910000,298.09
17913600,300.65
17917200,302.26
17920800,303.52
17924400,304.51
17928000,305.31
17931600,305.75
17935200,305.86
17938800,305.61
17942400,304.94
17946000,303.8
17949600,301.21
17953200,297.16
17956800,295.72
17960400,294.73
17964000,293.98
17967600,293.55
17971200,293.1
17974800,292.42
17978400,291.65
17982000,290.96
17985600,290.4
17989200,291.45
17992800,293.78
17996400,298.3
18000000,302.67
18003600,304.81
18007200,306.3
18010800,307.49
18014400,308.41
18018000,308.97
18021600,309.15
18025200,308.9
18028800,308.16
18032400,306.88
18036000,303.54
18039600,299.47
18043200,298.18
18046800,297.09
18050400,295.95
18054000,294.86
18057600,293.71
18061200,292.5
18064800,291.73
18068400,291.59
18072000,291.64
18075600,292.7
18079200,295.27
18082800,298.83
18086400,302.7
18090000,307.15
18093600,309.05
18097200,310.29
18100800,311.16
18104400,311.67
18108000,311.83
18111600,311.57
18115200,310.76
18118800,309.46
18122400,306.53
18126000,303.7
18129600,302.21
18133200,300.41
18136800,298.55
18140400,297.15
18144000,291.81
18147600,291.11
18151200,290.52
18154800,289.98
18158400,289.77
18162000,291.8
18165600,294.69
18169200,297.14
18172800,299.13
18176400,300.95
18180000,302.34
18183600,303.22
18187200,303.7
18190800,303.86
18194400,303.59
18198000,302.84
18201600,301.77
18205200,300.63
18208800,299.22
18212400,296.6
18216000,295.37
18219600,294.72
18223200,293.95
18226800,293.05
18230400,292.25
18234000,291.55
18237600,290.94
18241200,290.41
18244800,290.23
18248400,293.09
18252000,296.48
18255600,299.69
18259200,301.77
18262800,303.35
18266400,304.4
18270000,305.75
18273600,306.54
18277200,306.76
18280800,306.54
18284400,305.9
18288000,304.98
18291600,303.85
18295200,301.76
18298800,298.34
18302400,297.21
18306000,296.19
18309600,295.36
18313200,295.18
18316800,295.25
18320400,295.13
18324000,294.41
18327600,293.79
18331200,293.54
18334800,294.44
18338400,296.65
18342000,300.13
18345600,304.32
18349200,307.1
18352800,308.85
18356400,310.0
18360000,310.83
18363600,311.23
18367200,311.35
18370800,310.86
18374400,310.03
18378000,308.91
18381600,306.13
18385200,302.98
18388800,301.7
18392400,300.67
18396000,299.55
18399600,298.59
18403200,297.81
18406800,297.32
18410400,296.8
18414000,295.69
18417600,295.06
18421200,297.05
18424800,299.22
18428400,303.52
18432000,307.61
18435600,309.58
18439200,311.16
18442800,312.02
18446400,311.76
18450000,311.25
18453600,311.38
18457200,311.55
18460800,310.39
18464400,309.04
18468000,306.91
18471600,304.99
18475200,303.48
18478800,302.32
18482400,301.22
18486000,300.25
18489600,299.38
18493200,298.84
18496800,298.48
18500400,297.96
18504000,297.68
18507600,298.66
18511200,300.41
18514800,302.81
18518400,305.39
18522000,307.34
18525600,309.06
18529200,310.65
18532800,311.16
18536400,310.59
18540000,310.21
18543600,309.77
18547200,308.09
18550800,306.02
18554400,303.84
18558000,301.85
18561600,299.79
18565200,297.89
18568800,297.0
18572400,296.73
18576000,296.34
18579600,295.91
18583200,295.55
18586800,295.16
18590400,294.84
18594000,295.27
18597600,296.63
18601200,297.91
18604800,299.05
18608400,300.27
18612000,301.45
18615600,301.84
18619200,302.29
18622800,302.45
18626400,302.11
18630000,301.84
18633600,301.19
18637200,299.86
18640800,297.55
18644400,294.93
18648000,293.87
18651600,292.81
18655200,291.89
18658800,291.31
18662400,290.78
18666000,290.25
18669600,289.84
18673200,289.33
18676800,288.91
18680400,289.88
18684000,292.48
18687600,296.48
18691200,299.99
18694800,302.19
18698400,303.41
18702000,303.77
18705600,304.04
18709200,304.41
18712800,304.33
18716400,303.56
18720000,302.18
18723600,300.8
18727200,299.23
18730800,297.13
18734400,296.02
18738000,294.91
18741600,293.99
18745200,293.27
18748800,281.52
18752400,280.75
18756000,280.12
18759600,279.57
18763200,279.4
18766800,280.08
18770400,281.57
18774000,283.35
18777600,284.99
18781200,286.59
18784800,288.05
18788400,289.35
18792000,290.27
18795600,290.88
18799200,290.3
18802800,289.39
18806400,288.4
18810000,287.41
18813600,285.98
18817200,284.82
18820800,284.13
18824400,283.63
18828000,283.19
18831600,282.6
18835200,282.05
18838800,281.49
18842400,281.04
18846000,280.67
18849600,280.34
18853200,280.29
18856800,281.12
18860400,282.63
18864000,284.28
18867600,286.41
18871200,288.79
18874800,290.6
18878400,291.88
18882000,292.78
18885600,293.23
18889200,293.02
18892800,292.44
18896400,291.3
18900000,287.36
18903600,284.18
18907200,282.96
18910800,281.98
18914400,281.1
18918000,280.13
18921600,279.15
18925200,278.3
18928800,277.55
18932400,276.92
18936000,276.42
18939600,278.03
18943200,281.47
18946800,285.06
18950400,289.21
18954000,290.89
18957600,292.17
18961200,293.27
18964800,293.8
18968400,294.07
18972000,294.09
18975600,293.84
18979200,293.31
18982800,292.08
18986400,288.86
18990000,287.34
18993600,286.72
18997200,286.61
19000800,286.44
19004400,285.7
19008000,284.99
19011600,284.18
19015200,283.26
19018800,282.3
19022400,281.63
19026000,281.74
19029600,283.38
19033200,287.11
19036800,289.71
19040400,291.87
19044000,293.63
19047600,293.88
19051200,293.61
19054800,293.48
19058400,293.19
19062000,292.26
19065600,290.99
19069200,289.84
19072800,288.12
19076400,286.95
19080000,286.35
19083600,285.91
19087200,285.41
19090800,284.85
19094400,284.16
19098000,283.59
19101600,283.09
19105200,282.43
19108800,282.45
19112400,282.78
19116000,284.01
19119600,285.11
19123200,287.45
19126800,288.77
19130400,288.76
19134000,288.48
19137600,288.42
19141200,288.42
19144800,288.49
19148400,288.44
19152000,288.14
19155600,287.58
19159200,285.98
19162800,284.35
19166400,283.87
19170000,283.28
19173600,282.7
19177200,282.32
19180800,282.04
19184400,281.85
19188000,281.77
19191600,281.95
19195200,281.85
19198800,282.27
19202400,284.0
19206000,285.99
19209600,287.34
19213200,289.01
19216800,290.79
19220400,292.51
19224000,293.73
19227600,294.2
19231200,294.09
19234800,293.73
19238400,293.33
19242000,292.54
19245600,289.66
19249200,287.86
19252800,286.63
19256400,285.16
19260000,284.07
19263600,283.13
19267200,282.17
19270800,281.45
19274400,281.06
19278000,280.46
19281600,279.87
19285200,281.47
19288800,284.48
19292400,288.77
19296000,291.94
19299600,293.26
19303200,293.91
19306800,294.68
19310400,295.58
19314000,296.12
19317600,296.34
19321200,296.44
19324800,296.17
19328400,295.27
19332000,291.57
19335600,288.97
19339200,288.42
19342800,287.25
19346400,286.46
19350000,286.21
19353600,285.66
19357200,284.97
19360800,283.74
19364400,282.73
19368000,282.13
19371600,282.93
19375200,284.73
19378800,287.22
19382400,289.89
19386000,292.13
19389600,293.66
19393200,294.69
19396800,295.38
19400400,295.69
19404000,295.52
19407600,294.96
19411200,294.14
19414800,292.99
19418400,289.25
19422000,287.27
19425600,286.25
19429200,284.69
19432800,283.64
19436400,282.91
19440000,281.96
19443600,281.28
19447200,281.16
19450800,281.44
19454400,282.01
19458000,283.21
19461600,285.08
19465200,288.02
19468800,291.67
19472400,295.66
19476000,299.46
19479600,300.91
19483200,300.46
19486800,300.64
19490400,300.34
19494000,299.59
19497600,299.23
19501200,297.92
19504800,293.65
19508400,291.52
19512000,290.67
19515600,290.39
19519200,290.18
19522800,289.55
19526400,288.71
19530000,288.15
19533600,287.64
19537200,287.15
19540800,286.35
19544400,287.73
19548000,291.06
19551600,295.72
19555200,300.02
19558800,302.24
19562400,303.46
19566000,304.2
19569600,304.56
19573200,304.55
19576800,304.23
19580400,303.73
19584000,302.8
19587600,301.2
19591200,296.84
19594800,293.16
19598400,291.72
19602000,290.7
19605600,289.93
19609200,289.3
19612800,288.84
19616400,288.48
19620000,287.9
19623600,287.34
19627200,286.84
19630800,288.92
19634400,293.32
19638000,297.13
19641600,301.62
19645200,303.36
19648800,304.66
19652400,305.66
19656000,306.32
19659600,306.56
19663200,306.38
19666800,305.82
19670400,304.93
19674000,303.4
19677600,298.34
19681200,295.63
19684800,295.02
19688400,293.73
19692000,292.56
19695600,292.59
19699200,293.06
19702800,292.63
19706400,291.84
19710000,291.11
19713600,290.23
19717200,291.07
19720800,293.27
19724400,295.96
19728000,298.23
19731600,299.95
19735200,300.94
19738800,301.19
19742400,300.73
19746000,299.79
19749600,298.75
19753200,297.92
19756800,297.41
19760400,296.71
19764000,294.48
19767600,292.41
19771200,291.5
19774800,290.44
19778400,289.42
19782000,287.9
19785600,285.83
19789200,284.51
19792800,283.41
19796400,282.34
19800000,281.64
19803600,282.79
19807200,285.63
19810800,289.15
19814400,292.22
19818000,294.52
19821600,296.18
19825200,297.57
19828800,298.79
19832400,299.58
19836000,299.84
19839600,299.51
19843200,298.63
19846800,297.16
19850400,293.95
19854000,290.91
19857600,290.05
19861200,288.87
19864800,287.57
19868400,286.92
19872000,287.24
19875600,287.84
19879200,287.88
19882800,287.45
19886400,286.58
19890000,286.5
19893600,288.84
19897200,292.48
19900800,294.51
19904400,295.13
19908000,296.38
19911600,298.86
19915200,301.12
19918800,303.01
19922400,303.08
19926000,301.93
19929600,300.66
19933200,299.51
19936800,297.43
19940400,294.55
19944000,293.02
19947600,291.52
19951200,289.92
19954800,288.45
19958400,291.81
19962000,291.11
19965600,290.52
19969200,289.98
19972800,289.77
19976400,291.8
19980000,294.69
19983600,297.14
19987200,299.13
19990800,300.95
19994400,302.34
19998000,303.22
20001600,303.7
20005200,303.86
20008800,303.59
20012400,302.84
20016000,301.77
20019600,300.63
20023200,299.22
20026800,296.6
20030400,295.37
20034000,294.72
20037600,293.95
20041200,293.05
20044800,292.25
20048400,291.55
20052000,290.94
20055600,290.41
20059200,290.23
20062800,293.09
20066400,296.48
20070000,299.69
20073600,301.77
20077200,303.35
20080800,304.4
20084400,305.75
20088000,306.54
20091600,306.76
20095200,306.54
20098800,305.9
20102400,304.98
20106000,303.85
20109600,301.76
20113200,298.34
20116800,297.21
20120400,296.19
20124000,295.36
20127600,295.18
20131200,295.25
20134800,295.13
20138400,294.41
20142000,293.79
20145600,293.54
20149200,294.44
20152800,296.65
20156400,300.13
20160000,304.32
20163600,307.1
20167200,308.85
20170800,310.0
20174400,310.83
20178000,311.23
20181600,311.35
20185200,310.86
20188800,310.03
20192400,308.91
20196000,306.13
20199600,302.98
20203200,301.7
20206800,300.67
20210400,299.55
20214000,298.59
20217600,297.81
20221200,297.32
20224800,296.8
20228400,295.69
20232000,295.06
20235600,297.05
20239200,299.22
20242800,303.52
20246400,307.61
20250000,309.58
20253600,311.16
20257200,312.02
20260800,311.76
20264400,311.25
20268000,311.38
20271600,311.55
20275200,310.39
20278800,309.04
20282400,306.91
20286000,304.99
20289600,303.48
20293200,302.32
20296800,301.22
20300400,300.25
20304000,299.38
20307600,298.84
20311200,298.48
20314800,297.96
20318400,297.68
20322000,298.66
20325600,300.41
20329200,302.81
20332800,305.39
20336400,307.34
20340000,309.06
20343600,310.65
20347200,311.16
20350800,310.59
20354400,310.21
20358000,309.77
20361600,308.09
20365200,306.02
20368800,303.84
20372400,301.85
20376000,299.79
20379600,297.89
20383200,297.0
20386800,296.73
20390400,296.34
20394000,295.91
20397600,295.55
20401200,295.16
20404800,294.84
20408400,295.27
20412000,296.63
20415600,297.91
20419200,299.05
20422800,300.27
20426400,301.45
20430000,301.84
20433600,302.29
20437200,302.45
20440800,302.11
20444400,301.84
20448000,301.19
20451600,299.86
20455200,297.55
20458800,294.93
20462400,293.87
20466000,292.81
20469600,291.89
20473200,291.31
20476800,290.78
20480400,290.25
20484000,289.84
20487600,289.33
20491200,288.91
20494800,289.88
20498400,292.48
20502000,296.48
20505600,299.99
20509200,302.19
20512800,303.41
20516400,303.77
20520000,304.04
20523600,304.41
20527200,304.33
20530800,303.56
20534400,302.18
20538000,300.8
20541600,299.23
20545200,297.13
20548800,296.02
20552400,294.91
20556000,293.99
20559600,293.27
20563200,293.74
20566800,293.01
20570400,292.4
20574000,291.88
20577600,291.29
20581200,292.48
20584800,294.67
20588400,297.48
20592000,300.27
20595600,302.59
20599200,304.58
20602800,306.16
20606400,307.28
20610000,307.9
20613600,307.98
20617200,307.56
20620800,306.73
20624400,305.24
20628000,301.32
20631600,298.48
20635200,297.54
20638800,296.89
20642400,296.04
20646000,294.57
20649600,293.43
20653200,292.7
20656800,292.25
20660400,292.13
20664000,291.67
20667600,292.72
20671200,295.02
20674800,297.77
20678400,300.45
20682000,302.77
20685600,304.59
20689200,305.98
20692800,306.99
20696400,307.56
20700000,307.72
20703600,307.43
20707200,306.66
20710800,305.19
20714400,301.41
20718000,298.7
20721600,297.72
20725200,296.58
20728800,295.48
20732400,294.64
20736000,294.22
20739600,294.09
20743200,293.63
20746800,292.91
20750400,292.33
20754000,293.77
20757600,296.21
20761200,299.17
20764800,301.45
20768400,303.45
20772000,305.19
20775600,306.55
20779200,307.53
20782800,308.06
20786400,308.19
20790000,307.85
20793600,307.05
20797200,305.4
20800800,302.37
20804400,299.39
20808000,297.58
20811600,296.46
20815200,295.91
20818800,295.48
20822400,295.02
20826000,294.58
20829600,294.19
20833200,293.88
20836800,293.96
20840400,295.21
20844000,296.55
20847600,297.51
20851200,298.27
20854800,299.37
20858400,300.97
20862000,302.54
20865600,303.71
20869200,303.93
20872800,303.92
20876400,304.0
20880000,303.34
20883600,302.6
20887200,301.43
20890800,299.98
20894400,298.77
20898000,297.69
20901600,296.91
20905200,296.27
20908800,295.63
20912400,295.09
20916000,294.79
20919600,294.53
20923200,294.27
20926800,294.55
20930400,297.69
20934000,301.67
20937600,304.13
20941200,306.36
20944800,308.24
20948400,309.58
20952000,310.44
20955600,310.63
20959200,310.15
20962800,309.74
20966400,308.9
20970000,307.61
20973600,304.02
20977200,301.97
20980800,301.54
20984400,301.23
20988000,300.68
20991600,299.64
20995200,298.68
20998800,297.94
21002400,297.02
21006000,296.53
21009600,296.63
21013200,297.61
21016800,299.49
21020400,302.63
21024000,305.73
21027600,308.23
21031200,310.02
21034800,311.06
21038400,311.61
21042000,311.84
21045600,311.69
21049200,311.07
21052800,310.01
21056400,308.02
21060000,303.59
21063600,301.05
21067200,300.14
21070800,299.73
21074400,299.24
21078000,298.76
21081600,298.31
21085200,297.73
21088800,297.2
21092400,296.8
21096000,296.35
21099600,297.2
21103200,299.64
21106800,301.77
21110400,304.27
21114000,305.98
21117600,305.8
21121200,304.99
21124800,304.42
21128400,305.25
21132000,305.84
21135600,305.81
21139200,305.55
21142800,304.38
21146400,301.84
21150000,299.63
21153600,298.32
21157200,297.85
21160800,297.51
21164400,296.81
21168000,291.09
21171600,290.34
21175200,289.73
21178800,289.28
21182400,289.2
21186000,288.92
21189600,290.01
21193200,291.45
21196800,294.87
21200400,299.02
21204000,301.84
21207600,303.52
21211200,304.45
21214800,304.69
21218400,304.46
21222000,303.63
21225600,302.41
21229200,299.33
21232800,297.18
21236400,296.55
21240000,296.01
21243600,295.46
21247200,294.77
21250800,293.8
21254400,292.57
21258000,291.62
21261600,290.52
21265200,289.93
21268800,289.59
21272400,288.9
21276000,289.3
21279600,291.41
21283200,294.64
21286800,297.6
21290400,300.16
21294000,302.05
21297600,303.34
21301200,304.07
21304800,304.04
21308400,303.25
21312000,301.67
21315600,299.52
21319200,297.57
21322800,295.32
21326400,293.17
21330000,290.48
21333600,289.03
21337200,288.51
21340800,288.02
21344400,287.52
21348000,287.13
21351600,287.16
21355200,287.3
21358800,287.77
21362400,289.37
21366000,291.48
21369600,294.05
21373200,296.7
21376800,298.77
21380400,299.84
21384000,300.28
21387600,300.12
21391200,299.45
21394800,298.31
21398400,296.85
21402000,294.4
21405600,291.09
21409200,290.0
21412800,289.16
21416400,288.49
21420000,287.95
21423600,287.41
21427200,286.73
21430800,286.02
21434400,285.18
21438000,284.1
21441600,283.18
21445200,282.58
21448800,285.09
21452400,288.91
21456000,293.05
21459600,295.3
21463200,296.98
21466800,298.21
21470400,298.97
21474000,299.14
21477600,298.63
21481200,297.48
21484800,295.99
21488400,293.34
21492000,290.06
21495600,289.01
21499200,288.1
21502800,287.31
21506400,286.59
21510000,285.79
21513600,285.01
21517200,284.25
21520800,283.53
21524400,282.86
21528000,282.32
21531600,282.05
21535200,284.41
21538800,287.92
21542400,292.09
21546000,294.59
21549600,296.18
21553200,297.24
21556800,297.99
21560400,298.38
21564000,298.23
21567600,297.83
21571200,296.83
21574800,293.98
21578400,291.5
21582000,290.48
21585600,289.04
21589200,287.61
21592800,286.55
21596400,285.73
21600000,285.41
21603600,285.44
21607200,285.33
21610800,285.03
21614400,284.73
21618000,284.54
21621600,285.93
21625200,288.23
21628800,292.26
21632400,295.13
21636000,296.9
21639600,298.16
21643200,298.98
21646800,299.38
21650400,299.27
21654000,298.72
21657600,297.87
21661200,295.98
21664800,294.25
21668400,292.56
21672000,291.12
21675600,290.07
21679200,289.05
21682800,288.53
21686400,287.77
21690000,286.51
21693600,285.7
21697200,285.14
21700800,284.59
21704400,284.11
21708000,285.89
21711600,289.01
21715200,292.92
21718800,296.05
21722400,298.25
21726000,299.7
21729600,300.59
21733200,300.97
21736800,300.95
21740400,300.46
21744000,299.5
21747600,296.41
21751200,294.47
21754800,294.25
21758400,292.34
21762000,290.16
21765600,289.06
21769200,287.88
21772800,291.09
21776400,290.34
21780000,289.73
21783600,289.28
21787200,289.2
21790800,288.92
21794400,290.01
21798000,291.45
21801600,294.87
21805200,299.02
21808800,301.84
21812400,303.52
21816000,304.45
21819600,304.69
21823200,304.46
21826800,303.63
21830400,302.41
21834000,299.33
21837600,297.18
21841200,296.55
21844800,296.01
21848400,295.46
21852000,294.77
21855600,293.8
21859200,292.57
21862800,291.62
21866400,290.52
21870000,289.93
21873600,289.59
21877200,288.9
21880800,289.3
21884400,291.41
21888000,294.64
21891600,297.6
21895200,300.16
21898800,302.05
21902400,303.34
21906000,304.07
21909600,304.04
21913200,303.25
21916800,301.67
21920400,299.52
21924000,297.57
21927600,295.32
21931200,293.17
21934800,290.48
21938400,289.03
21942000,288.51
21945600,288.02
21949200,287.52
21952800,287.13
21956400,287.16
21960000,287.3
21963600,287.77
21967200,289.37
21970800,291.48
21974400,294.05
21978000,296.7
21981600,298.77
21985200,299.84
21988800,300.28
21992400,300.12
21996000,299.45
21999600,298.31
22003200,296.85
22006800,294.4
22010400,291.09
22014000,290.0
22017600,289.16
22021200,288.49
22024800,287.95
22028400,287.41
22032000,286.73
22035600,286.02
22039200,285.18
22042800,284.1
22046400,283.18
22050000,282.58
22053600,285.09
22057200,288.91
22060800,293.05
22064400,295.3
22068000,296.98
22071600,298.21
22075200,298.97
22078800,299.14
22082400,298.63
22086000,297.48
22089600,295.99
22093200,293.34
22096800,290.06
22100400,289.01
22104000,288.1
22107600,287.31
22111200,286.59
22114800,285.79
22118400,285.01
22122000,284.25
22125600,283.53
22129200,282.86
22132800,282.32
22136400,282.05
22140000,284.41
22143600,287.92
22147200,292.09
22150800,294.59
22154400,296.18
22158000,297.24
22161600,297.99
22165200,298.38
22168800,298.23
22172400,297.83
22176000,296.83
22179600,293.98
22183200,291.5
22186800,290.48
22190400,289.04
22194000,287.61
22197600,286.55
22201200,285.73
22204800,285.41
22208400,285.44
22212000,285.33
22215600,285.03
22219200,284.73
22222800,284.54
22226400,285.93
22230000,288.23
22233600,292.26
22237200,295.13
22240800,296.9
22244400,298.16
22248000,298.98
22251600,299.38
22255200,299.27
22258800,298.72
22262400,297.87
22266000,295.98
22269600,294.25
22273200,292.56
22276800,291.12
22280400,290.07
22284000,289.05
22287600,288.53
22291200,287.77
22294800,286.51
22298400,285.7
22302000,285.14
22305600,284.59
22309200,284.11
22312800,285.89
22316400,289.01
22320000,292.92
22323600,296.05
22327200,298.25
22330800,299.7
22334400,300.59
22338000,300.97
22341600,300.95
22345200,300.46
22348800,299.5
22352400,296.41
22356000,294.47
22359600,294.25
22363200,292.34
22366800,290.16
22370400,289.06
22374000,287.88
22377600,296.83
22381200,296.61
22384800,296.12
22388400,295.81
22392000,296.41
22395600,296.15
22399200,296.73
22402800,298.73
22406400,301.7
22410000,304.4
22413600,306.26
22417200,307.54
22420800,308.13
22424400,308.32
22428000,308.16
22431600,307.67
22435200,306.69
22438800,304.81
22442400,300.59
22446000,298.37
22449600,297.32
22453200,296.41
22456800,295.6
22460400,294.93
22464000,294.35
22467600,293.78
22471200,293.24
22474800,292.73
22478400,292.27
22482000,293.34
22485600,295.98
22489200,299.52
22492800,302.2
22496400,304.19
22500000,305.77
22503600,306.91
22507200,307.75
22510800,308.21
22514400,308.3
22518000,308.02
22521600,307.2
22525200,305.61
22528800,301.73
22532400,299.38
22536000,298.05
22539600,296.7
22543200,295.53
22546800,294.47
22550400,293.53
22554000,292.74
22557600,292.08
22561200,291.48
22564800,291.0
22568400,292.17
22572000,295.08
22575600,298.83
22579200,302.86
22582800,305.05
22586400,306.5
22590000,307.38
22593600,308.1
22597200,308.41
22600800,308.36
22604400,307.91
22608000,306.94
22611600,305.19
22615200,300.92
22618800,298.73
22622400,297.72
22626000,296.75
22629600,295.84
22633200,295.07
22636800,294.54
22640400,294.25
22644000,293.95
22647600,293.57
22651200,292.64
22654800,292.8
22658400,294.86
22662000,297.78
22665600,300.87
22669200,304.21
22672800,306.93
22676400,308.09
22680000,309.12
22683600,310.14
22687200,310.3
22690800,309.95
22694400,309.13
22698000,307.32
22701600,303.91
22705200,302.22
22708800,301.2
22712400,300.38
22716000,299.51
22719600,298.44
22723200,297.41
22726800,296.3
22730400,295.63
22734000,295.73
22737600,295.41
22741200,295.38
22744800,297.97
22748400,300.83
22752000,304.55
22755600,307.79
22759200,309.3
22762800,310.55
22766400,311.33
22770000,311.69
22773600,311.5
22777200,310.83
22780800,309.8
22784400,308.02
22788000,304.67
22791600,303.22
22795200,301.66
22798800,299.54
22802400,298.05
22806000,297.34
22809600,296.91
22813200,296.48
22816800,295.98
22820400,295.48
22824000,294.94
22827600,295.06
22831200,296.73
22834800,300.15
22838400,304.3
22842000,306.63
22845600,308.27
22849200,309.45
22852800,310.33
22856400,310.77
22860000,310.63
22863600,309.7
22867200,307.41
22870800,304.76
22874400,301.59
22878000,299.25
22881600,297.94
22885200,297.02
22888800,296.32
22892400,295.74
22896000,295.16
22899600,294.47
22903200,293.59
22906800,292.73
22910400,292.3
22914000,292.68
22917600,294.74
22921200,298.45
22924800,300.9
22928400,302.81
22932000,304.26
22935600,305.29
22939200,306.05
22942800,306.37
22946400,306.3
22950000,305.74
22953600,304.63
22957200,302.98
22960800,299.52
22964400,297.99
22968000,296.98
22971600,295.95
22975200,293.8
22978800,292.64
22982400,296.83
22986000,296.61
22989600,296.12
22993200,295.81
22996800,296.41
23000400,296.15
23004000,296.73
23007600,298.73
23011200,301.7
23014800,304.4
23018400,306.26
23022000,307.54
23025600,308.13
23029200,308.32
23032800,308.16
23036400,307.67
23040000,306.69
23043600,304.81
23047200,300.59
23050800,298.37
23054400,297.32
23058000,296.41
23061600,295.6
23065200,294.93
23068800,294.35
23072400,293.78
23076000,293.24
23079600,292.73
23083200,292.27
23086800,293.34
23090400,295.98
23094000,299.52
23097600,302.2
23101200,304.19
23104800,305.77
23108400,306.91
23112000,307.75
23115600,308.21
23119200,308.3
23122800,308.02
23126400,307.2
23130000,305.61
23133600,301.73
23137200,299.38
23140800,298.05
23144400,296.7
23148000,295.53
23151600,294.47
23155200,293.53
23158800,292.74
23162400,292.08
23166000,291.48
23169600,291.0
23173200,292.17
23176800,295.08
23180400,298.83
23184000,302.86
23187600,305.05
23191200,306.5
23194800,307.38
23198400,308.1
23202000,308.41
23205600,308.36
23209200,307.91
23212800,306.94
23216400,305.19
23220000,300.92
23223600,298.73
23227200,297.72
23230800,296.75
23234400,295.84
23238000,295.07
23241600,294.54
23245200,294.25
23248800,293.95
23252400,293.57
23256000,292.64
23259600,292.8
23263200,294.86
23266800,297.78
23270400,300.87
23274000,304.21
23277600,306.93
23281200,308.09
23284800,309.12
23288400,310.14
23292000,310.3
23295600,309.95
23299200,309.13
23302800,307.32
23306400,303.91
23310000,302.22
23313600,301.2
23317200,300.38
23320800,299.51
23324400,298.44
23328000,297.41
23331600,296.3
23335200,295.63
23338800,295.73
23342400,295.41
23346000,295.38
23349600,297.97
23353200,300.83
23356800,304.55
23360400,307.79
23364000,309.3
23367600,310.55
23371200,311.33
23374800,311.69
23378400,311.5
23382000,310.83
23385600,309.8
23389200,308.02
23392800,304.67
23396400,303.22
23400000,301.66
23403600,299.54
23407200,298.05
23410800,297.34
23414400,296.91
23418000,296.48
23421600,295.98
23425200,295.48
23428800,294.94
23432400,295.06
23436000,296.73
23439600,300.15
23443200,304.3
23446800,306.63
23450400,308.27
23454000,309.45
23457600,310.33
23461200,310.77
23464800,310.63
23468400,309.7
23472000,307.41
23475600,304.76
23479200,301.59
23482800,299.25
23486400,297.94
23490000,297.02
23493600,296.32
23497200,295.74
23500800,295.16
23504400,294.47
23508000,293.59
23511600,292.73
23515200,292.3
23518800,292.68
23522400,294.74
23526000,298.45
23529600,300.9
23533200,302.81
23536800,304.26
23540400,305.29
23544000,306.05
23547600,306.37
23551200,306.3
23554800,305.74
23558400,304.63
23562000,302.98
23565600,299.52
23569200,297.99
23572800,296.98
23576400,295.95
23580000,293.8
23583600,292.64
23587200,278.89
23590800,278.48
23594400,278.19
23598000,277.93
23601600,277.59
23605200,277.09
23608800,276.69
23612400,278.35
23616000,281.73
23619600,285.38
23623200,287.61
23626800,289.2
23630400,290.32
23634000,290.81
23637600,290.66
23641200,289.8
23644800,287.3
23648400,283.58
23652000,281.63
23655600,280.32
23659200,279.47
23662800,278.91
23666400,278.44
23670000,277.98
23673600,277.46
23677200,276.95
23680800,276.43
23684400,276.09
23688000,276.24
23691600,276.72
23695200,277.22
23698800,279.41
23702400,282.79
23706000,287.06
23709600,289.08
23713200,290.21
23716800,291.02
23720400,291.39
23724000,291.3
23727600,290.66
23731200,288.46
23734800,286.38
23738400,285.45
23742000,284.61
23745600,283.8
23749200,283.05
23752800,282.32
23756400,281.63
23760000,280.96
23763600,280.27
23767200,279.5
23770800,278.86
23774400,278.39
23778000,278.05
23781600,278.05
23785200,279.68
23788800,282.87
23792400,286.89
23796000,289.45
23799600,290.82
23803200,291.54
23806800,291.81
23810400,291.77
23814000,291.18
23817600,288.08
23821200,284.09
23824800,283.02
23828400,282.29
23832000,281.8
23835600,281.22
23839200,280.34
23842800,279.33
23846400,278.55
23850000,277.95
23853600,277.43
23857200,276.93
23860800,276.42
23864400,275.9
23868000,275.66
23871600,279.4
23875200,283.0
23878800,288.03
23882400,291.75
23886000,292.98
23889600,293.59
23893200,293.72
23896800,293.12
23900400,291.88
23904000,288.73
23907600,284.41
23911200,283.14
23914800,282.38
23918400,281.75
23922000,281.19
23925600,280.65
23929200,280.17
23932800,279.72
23936400,279.3
23940000,278.87
23943600,278.45
23947200,278.21
23950800,278.16
23954400,278.17
23958000,280.82
23961600,284.85
23965200,288.77
23968800,293.32
23972400,295.35
23976000,296.24
23979600,296.48
23983200,296.11
23986800,295.05
23990400,290.75
23994000,286.42
23997600,285.09
24001200,284.2
24004800,283.55
24008400,283.06
24012000,282.52
24015600,281.95
24019200,281.59
24022800,281.09
24026400,280.44
24030000,279.84
24033600,279.33
24037200,278.82
24040800,278.63
24044400,281.23
24048000,284.27
24051600,288.8
24055200,291.31
24058800,292.55
24062400,293.09
24066000,292.96
24069600,292.28
24073200,291.09
24076800,288.3
24080400,283.66
24084000,282.18
24087600,282.04
24091200,282.1
24094800,280.95
24098400,279.35
24102000,278.39
24105600,277.76
24109200,277.19
24112800,276.63
24116400,276.25
24120000,276.25
24123600,276.6
24127200,276.8
24130800,279.59
24134400,283.77
24138000,288.5
24141600,291.0
24145200,292.33
24148800,293.16
24152400,293.47
24156000,293.2
24159600,292.23
24163200,288.52
24166800,284.72
24170400,283.63
24174000,282.81
24177600,282.36
24181200,282.05
24184800,281.65
24188400,280.99
24192000,291.09
24195600,290.34
24199200,289.73
24202800,289.28
24206400,289.2
24210000,288.92
24213600,290.01
24217200,291.45
24220800,294.87
24224400,299.02
24228000,301.84
24231600,303.52
24235200,304.45
24238800,304.69
24242400,304.46
24246000,303.63
24249600,302.41
24253200,299.33
24256800,297.18
24260400,296.55
24264000,296.01
24267600,295.46
24271200,294.77
24274800,293.8
24278400,292.57
24282000,291.62
24285600,290.52
24289200,289.93
24292800,289.59
24296400,288.9
24300000,289.3
24303600,291.41
24307200,294.64
24310800,297.6
24314400,300.16
24318000,302.05
24321600,303.34
24325200,304.07
24328800,304.04
24332400,303.25
24336000,301.67
24339600,299.52
24343200,297.57
24346800,295.32
24350400,293.17
24354000,290.48
24357600,289.03
24361200,288.51
24364800,288.02
24368400,287.52
24372000,287.13
24375600,287.16
24379200,287.3
24382800,287.77
24386400,289.37
24390000,291.48
24393600,294.05
24397200,296.7
24400800,298.77
24404400,299.84
24408000,300.28
24411600,300.12
24415200,299.45
24418800,298.31
24422400,296.85
24426000,294.4
24429600,291.09
24433200,290.0
24436800,289.16
24440400,288.49
24444000,287.95
24447600,287.41
24451200,286.73
24454800,286.02
24458400,285.18
24462000,284.1
24465600,283.18
24469200,282.58
24472800,285.09
24476400,288.91
24480000,293.05
24483600,295.3
24487200,296.98
24490800,298.21
24494400,298.97
24498000,299.14
24501600,298.63
24505200,297.48
24508800,295.99
24512400,293.34
24516000,290.06
24519600,289.01
24523200,288.1
24526800,287.31
24530400,286.59
24534000,285.79
24537600,285.01
24541200,284.25
24544800,283.53
24548400,282.86
24552000,282.32
24555600,282.05
24559200,284.41
24562800,287.92
24566400,292.09
24570000,294.59
24573600,296.18
24577200,297.24
24580800,297.99
24584400,298.38
24588000,298.23
24591600,297.83
24595200,296.83
24598800,293.98
24602400,291.5
24606000,290.48
24609600,289.04
24613200,287.61
24616800,286.55
24620400,285.73
24624000,285.41
24627600,285.44
24631200,285.33
24634800,285.03
24638400,284.73
24642000,284.54
24645600,285.93
24649200,288.23
24652800,292.26
24656400,295.13
24660000,296.9
24663600,298.16
24667200,298.98
24670800,299.38
24674400,299.27
24678000,298.72
24681600,297.87
24685200,295.98
24688800,294.25
24692400,292.56
24696000,291.12
24699600,290.07
24703200,289.05
24706800,288.53
24710400,287.77
24714000,286.51
24717600,285.7
24721200,285.14
24724800,284.59
24728400,284.11
24732000,285.89
24735600,289.01
24739200,292.92
24742800,296.05
24746400,298.25
24750000,299.7
24753600,300.59
24757200,300.97
24760800,300.95
24764400,300.46
24768000,299.5
24771600,296.41
24775200,294.47
24778800,294.25
24782400,292.34
24786000,290.16
24789600,289.06
24793200,287.88
24796800,289.23
24800400,288.78
24804000,289.02
24807600,289.01
24811200,288.87
24814800,289.07
24818400,290.3
24822000,291.77
24825600,293.58
24829200,295.1
24832800,296.13
24836400,296.55
24840000,296.62
24843600,296.54
24847200,296.18
24850800,295.77
24854400,295.12
24858000,294.02
24861600,292.21
24865200,291.19
24868800,290.17
24872400,289.12
24876000,287.82
24879600,286.92
24883200,286.63
24886800,286.2
24890400,285.41
24894000,284.91
24897600,284.62
24901200,285.1
24904800,288.3
24908400,291.67
24912000,294.45
24915600,296.8
24919200,298.66
24922800,299.94
24926400,300.79
24930000,301.25
24933600,301.34
24937200,301.02
24940800,300.34
24944400,298.91
24948000,295.27
24951600,293.73
24955200,292.81
24958800,292.07
24962400,291.26
24966000,290.34
24969600,289.65
24973200,289.35
24976800,289.38
24980400,289.01
24984000,288.5
24987600,288.19
24991200,290.13
24994800,294.28
24998400,297.45
25002000,299.59
25005600,301.29
25009200,302.46
25012800,303.24
25016400,303.69
25020000,303.7
25023600,303.34
25027200,302.59
25030800,301.02
25034400,296.98
25038000,295.19
25041600,294.05
25045200,293.03
25048800,292.16
25052400,291.47
25056000,290.88
25059600,290.29
25063200,289.9
25066800,289.72
25070400,289.44
25074000,289.55
25077600,292.59
25081200,296.89
25084800,300.23
25088400,302.12
25092000,303.46
25095600,304.43
25099200,305.02
25102800,305.08
25106400,304.58
25110000,303.62
25113600,302.32
25117200,300.52
25120800,296.51
25124400,294.96
25128000,294.25
25131600,293.5
25135200,292.6
25138800,291.61
25142400,290.67
25146000,289.91
25149600,289.27
25153200,288.64
25156800,288.06
25160400,288.23
25164000,291.16
25167600,295.2
25171200,298.08
25174800,300.09
25178400,301.6
25182000,302.75
25185600,303.57
25189200,304.04
25192800,304.04
25196400,303.56
25200000,302.54
25203600,300.84
25207200,297.24
25210800,295.55
25214400,294.34
25218000,293.08
25221600,291.87
25225200,290.77
25228800,289.84
25232400,289.11
25236000,288.55
25239600,287.98
25243200,287.48
25246800,287.61
25250400,290.73
25254000,294.55
25257600,298.56
25261200,300.63
25264800,302.1
25268400,303.29
25272000,304.17
25275600,304.69
25279200,304.84
25282800,304.54
25286400,303.74
25290000,301.77
25293600,297.46
25297200,295.77
25300800,294.69
25304400,293.71
25308000,292.8
25311600,291.94
25315200,291.03
25318800,290.39
25322400,290.04
25326000,289.91
25329600,289.81
25333200,289.52
25336800,293.0
25340400,296.52
25344000,300.22
25347600,303.03
25351200,304.3
25354800,304.38
25358400,304.48
25362000,304.47
25365600,305.0
25369200,305.24
25372800,304.25
25376400,301.89
25380000,299.32
25383600,298.61
25387200,297.6
25390800,296.49
25394400,295.46
25398000,294.34
25401600,291.98
25405200,291.32
25408800,290.87
25412400,290.36
25416000,289.87
25419600,290.66
25423200,294.48
25426800,298.95
25430400,302.46
25434000,304.36
25437600,305.67
25441200,306.59
25444800,307.2
25448400,307.45
25452000,307.27
25455600,306.59
25459200,305.38
25462800,303.25
25466400,299.52
25470000,298.84
25473600,298.26
25477200,296.84
25480800,295.77
25484400,294.71
25488000,294.13
25491600,293.41
25495200,292.51
25498800,291.45
25502400,290.84
25506000,290.89
25509600,293.93
25513200,297.41
25516800,302.08
25520400,304.54
25524000,306.27
25527600,307.59
25531200,308.41
25534800,308.8
25538400,308.73
25542000,308.22
25545600,307.13
25549200,304.79
25552800,300.59
25556400,299.98
25560000,299.94
25563600,299.7
25567200,298.01
25570800,295.59
25574400,293.59
25578000,292.55
25581600,291.9
25585200,291.77
25588800,291.49
25592400,291.91
25596000,294.77
25599600,298.34
25603200,302.16
25606800,305.01
25610400,306.55
25614000,307.34
25617600,307.72
25621200,308.48
25624800,308.44
25628400,307.65
25632000,306.68
25635600,304.6
25639200,301.56
25642800,299.2
25646400,297.27
25650000,295.7
25653600,293.88
25657200,292.45
25660800,291.45
25664400,290.58
25668000,289.74
25671600,288.98
25675200,288.39
25678800,289.07
25682400,291.84
25686000,295.46
25689600,298.55
25693200,300.96
25696800,302.66
25700400,303.74
25704000,304.35
25707600,304.43
25711200,303.99
25714800,303.14
25718400,301.88
25722000,300.09
25725600,296.35
25729200,294.38
25732800,293.36
25736400,292.3
25740000,291.39
25743600,290.52
25747200,289.63
25750800,288.81
25754400,288.3
25758000,288.17
25761600,288.11
25765200,288.42
25768800,290.29
25772400,293.81
25776000,298.45
25779600,302.28
25783200,304.48
25786800,306.04
25790400,306.81
25794000,306.75
25797600,305.79
25801200,304.17
25804800,302.04
25808400,299.78
25812000,297.46
25815600,295.95
25819200,294.82
25822800,293.7
25826400,292.74
25830000,291.74
25833600,290.66
25837200,289.56
25840800,288.54
25844400,288.09
25848000,287.84
25851600,288.14
25855200,290.35
25858800,293.51
25862400,295.59
25866000,296.8
25869600,297.55
25873200,298.23
25876800,298.7
25880400,298.9
25884000,298.92
25887600,298.7
25891200,297.99
25894800,296.87
25898400,293.68
25902000,292.0
25905600,291.23
25909200,290.6
25912800,290.05
25916400,289.6
25920000,288.89
25923600,288.31
25927200,287.89
25930800,287.48
25934400,287.04
25938000,287.37
25941600,289.84
25945200,293.54
25948800,296.68
25952400,298.76
25956000,300.34
25959600,301.46
25963200,302.2
25966800,302.57
25970400,302.54
25974000,302.06
25977600,300.95
25981200,299.31
25984800,295.8
25988400,294.43
25992000,293.43
25995600,292.9
25999200,291.84
26002800,290.45
26006400,287.09
26010000,286.27
26013600,285.48
26017200,284.87
26020800,284.43
26024400,284.11
26028000,285.1
26031600,288.08
26035200,291.39
26038800,294.39
26042400,296.8
26046000,298.3
26049600,299.03
26053200,299.45
26056800,299.3
26060400,298.59
26064000,297.27
26067600,295.52
26071200,293.72
26074800,292.48
26078400,290.82
26082000,289.45
26085600,288.38
26089200,287.43
26092800,286.65
26096400,285.98
26100000,285.86
26103600,285.7
26107200,284.96
26110800,284.7
26114400,286.05
26118000,289.09
26121600,292.84
26125200,295.41
26128800,297.07
26132400,297.87
26136000,298.16
26139600,297.87
26143200,297.02
26146800,295.98
26150400,294.79
26154000,293.43
26157600,291.99
26161200,291.37
26164800,290.77
26168400,290.08
26172000,289.46
26175600,289.11
26179200,288.85
26182800,288.48
26186400,288.0
26190000,287.53
26193600,286.66
26197200,285.56
26200800,287.14
26204400,288.4
26208000,290.82
26211600,293.03
26215200,294.46
26218800,295.72
26222400,296.86
26226000,297.8
26229600,297.98
26233200,297.4
26236800,296.13
26240400,293.04
26244000,291.31
26247600,290.49
26251200,289.56
26254800,288.7
26258400,288.34
26262000,288.27
26265600,287.95
26269200,287.6
26272800,287.09
26276400,285.98
26280000,284.56
26283600,283.9
26287200,285.54
26290800,289.11
26294400,292.73
26298000,294.94
26301600,296.48
26305200,297.56
26308800,298.3
26312400,298.57
26316000,298.42
26319600,297.75
26323200,296.51
26326800,293.39
26330400,290.49
26334000,290.05
26337600,289.55
26341200,288.91
26344800,288.36
26348400,287.69
26352000,286.83
26355600,285.4
26359200,284.26
26362800,283.52
26366400,282.79
26370000,282.09
26373600,283.3
26377200,286.06
26380800,289.25
26384400,292.02
26388000,293.9
26391600,294.93
26395200,295.34
26398800,295.27
26402400,294.52
26406000,293.06
26409600,291.59
26413200,289.93
26416800,286.71
26420400,285.23
26424000,285.54
26427600,285.66
26431200,285.43
26434800,285.19
26438400,284.14
26442000,283.71
26445600,283.48
26449200,283.21
26452800,282.93
26456400,282.53
26460000,283.5
26463600,285.88
26467200,289.0
26470800,291.22
26474400,293.08
26478000,294.8
26481600,296.16
26485200,296.91
26488800,297.05
26492400,296.55
26496000,295.3
26499600,291.15
26503200,288.22
26506800,286.97
26510400,286.04
26514000,285.48
26517600,285.51
26521200,285.59
26524800,285.5
26528400,284.52
26532000,283.13
26535600,281.93
26539200,281.32
26542800,281.16
26546400,282.21
26550000,285.51
26553600,289.66
26557200,293.73
26560800,296.2
26564400,297.77
26568000,298.24
26571600,298.54
26575200,298.39
26578800,297.28
26582400,294.99
26586000,291.98
26589600,288.95
26593200,286.43
26596800,284.64
26600400,283.26
26604000,281.99
26607600,280.86
26611200,287.7
26614800,288.05
26618400,288.42
26622000,288.22
26625600,287.61
26629200,287.34
26632800,288.31
26636400,290.27
26640000,292.78
26643600,294.59
26647200,296.02
26650800,297.02
26654400,297.72
26658000,297.98
26661600,297.9
26665200,298.0
26668800,297.63
26672400,295.45
26676000,292.27
26679600,291.23
26683200,290.43
26686800,289.68
26690400,289.04
26694000,288.73
26697600,288.66
26701200,288.6
26704800,288.66
26708400,288.89
26712000,289.07
26715600,289.0
26719200,289.83
26722800,292.95
26726400,295.85
26730000,298.16
26733600,299.79
26737200,301.01
26740800,301.86
26744400,302.36
26748000,302.4
26751600,301.96
26755200,301.01
26758800,298.43
26762400,294.62
26766000,293.41
26769600,292.54
26773200,291.81
26776800,291.17
26780400,290.55
26784000,289.95
26787600,289.39
26791200,288.88
26794800,288.44
26798400,288.02
26802000,287.76
26805600,290.52
26809200,293.61
26812800,298.41
26816400,301.31
26820000,303.44
26823600,305.17
26827200,306.23
26830800,306.46
26834400,306.01
26838000,304.91
26841600,303.32
26845200,300.84
26848800,297.01
26852400,295.9
26856000,295.02
26859600,294.06
26863200,292.87
26866800,291.86
26870400,290.96
26874000,290.18
26877600,289.49
26881200,288.84
26884800,288.25
26888400,287.81
26892000,288.63
26895600,292.02
26899200,295.37
26902800,297.54
26906400,299.09
26910000,300.26
26913600,301.05
26917200,301.41
26920800,301.35
26924400,300.77
26928000,299.58
26931600,297.3
26935200,293.95
26938800,292.6
26942400,291.3
26946000,290.2
26949600,289.26
26953200,288.37
26956800,287.52
26960400,286.71
26964000,285.99
26967600,285.3
26971200,284.7
26974800,284.27
26978400,286.42
26982000,289.51
26985600,293.76
26989200,297.66
26992800,299.77
26996400,301.19
27000000,302.05
27003600,302.12
27007200,302.01
27010800,301.46
27014400,300.05
27018000,297.52
27021600,294.76
27025200,292.2
27028800,290.41
27032400,289.53
27036000,289.0
27039600,288.02
27043200,287.5
27046800,287.45
27050400,286.61
27054000,286.05
27057600,285.92
27061200,285.77
27064800,287.42
27068400,290.37
27072000,294.02
27075600,298.26
27079200,301.3
27082800,302.78
27086400,303.71
27090000,304.16
27093600,304.14
27097200,303.63
27100800,302.56
27104400,299.09
27108000,295.45
27111600,294.38
27115200,293.49
27118800,292.57
27122400,291.61
27126000,290.7
27129600,290.16
27133200,289.52
27136800,288.88
27140400,288.36
27144000,287.96
27147600,287.73
27151200,289.9
27154800,292.61
27158400,296.24
27162000,299.3
27165600,301.27
27169200,302.73
27172800,303.9
27176400,304.67
27180000,305.11
27183600,305.02
27187200,303.92
27190800,300.31
27194400,297.8
27198000,296.83
27201600,294.77
27205200,293.38
27208800,292.16
27212400,291.8
27216000,282.51
27219600,282.44
27223200,282.29
27226800,281.99
27230400,281.47
27234000,280.83
27237600,280.89
27241200,283.95
27244800,288.03
27248400,292.41
27252000,294.27
27255600,295.13
27259200,295.5
27262800,295.22
27266400,294.47
27270000,293.39
27273600,291.85
27277200,287.48
27280800,285.96
27284400,285.18
27288000,284.52
27291600,283.95
27295200,283.46
27298800,282.99
27302400,282.47
27306000,281.89
27309600,281.38
27313200,280.92
27316800,280.54
27320400,280.21
27324000,280.58
27327600,284.84
27331200,288.78
27334800,292.77
27338400,294.38
27342000,295.35
27345600,295.97
27349200,296.14
27352800,295.81
27356400,294.91
27360000,292.49
27363600,287.31
27367200,285.62
27370800,284.59
27374400,283.77
27378000,283.11
27381600,282.49
27385200,281.84
27388800,281.17
27392400,280.59
27396000,280.18
27399600,279.8
27403200,279.15
27406800,278.33
27410400,278.16
27414000,282.02
27417600,285.33
27421200,289.27
27424800,292.84
27428400,294.36
27432000,295.18
27435600,295.5
27439200,295.34
27442800,294.66
27446400,292.47
27450000,289.07
27453600,287.69
27457200,286.76
27460800,286.05
27464400,285.48
27468000,285.13
27471600,284.86
27475200,284.11
27478800,283.21
27482400,282.22
27486000,281.3
27489600,280.97
27493200,280.75
27496800,280.41
27500400,282.16
27504000,285.05
27507600,288.62
27511200,292.47
27514800,295.12
27518400,296.23
27522000,296.72
27525600,296.7
27529200,296.08
27532800,293.24
27536400,289.6
27540000,288.33
27543600,287.35
27547200,286.51
27550800,285.8
27554400,285.62
27558000,285.26
27561600,283.76
27565200,282.9
27568800,282.27
27572400,281.95
27576000,282.5
27579600,282.84
27583200,283.22
27586800,284.12
27590400,285.33
27594000,286.45
27597600,288.18
27601200,289.43
27604800,289.82
27608400,289.69
27612000,289.51
27615600,289.52
27619200,287.79
27622800,283.65
27626400,282.43
27630000,281.38
27633600,280.36
27637200,279.55
27640800,278.74
27644400,277.94
27648000,277.31
27651600,276.93
27655200,276.67
27658800,276.7
27662400,276.96
27666000,277.27
27669600,278.05
27673200,279.87
27676800,282.73
27680400,286.52
27684000,289.47
27687600,290.97
27691200,291.6
27694800,291.56
27698400,290.92
27702000,289.56
27705600,287.65
27709200,283.88
27712800,282.7
27716400,281.95
27720000,281.2
27723600,280.2
27727200,279.25
27730800,278.44
27734400,277.58
27738000,276.87
27741600,276.35
27745200,276.05
27748800,275.91
27752400,275.8
27756000,276.05
27759600,280.59
27763200,284.52
27766800,287.2
27770400,288.6
27774000,289.59
27777600,290.22
27781200,290.32
27784800,289.98
27788400,288.94
27792000,287.15
27795600,283.27
27799200,281.74
27802800,280.65
27806400,279.9
27810000,280.12
27813600,280.08
27817200,279.49
27820800,280.23
27824400,279.49
27828000,278.88
27831600,278.48
27835200,278.78
27838800,279.49
27842400,280.08
27846000,281.04
27849600,283.4
27853200,286.84
27856800,290.7
27860400,292.64
27864000,293.48
27867600,293.83
27871200,293.72
27874800,293.0
27878400,289.6
27882000,287.16
27885600,285.92
27889200,284.84
27892800,284.0
27896400,283.39
27900000,282.85
27903600,282.39
27907200,282.05
27910800,281.66
27914400,281.1
27918000,280.69
27921600,280.56
27925200,280.48
27928800,280.17
27932400,281.15
27936000,283.82
27939600,287.41
27943200,291.79
27946800,293.85
27950400,294.67
27954000,294.84
27957600,294.17
27961200,292.71
27964800,289.07
27968400,284.92
27972000,283.85
27975600,283.08
27979200,282.54
27982800,282.07
27986400,281.51
27990000,280.84
27993600,280.19
27997200,279.47
28000800,278.72
28004400,278.02
28008000,277.49
28011600,277.45
28015200,277.51
28018800,280.47
28022400,284.27
28026000,289.16
28029600,292.5
28033200,293.67
28036800,293.88
28040400,293.38
28044000,292.35
28047600,290.9
28051200,287.95
28054800,284.24
28058400,283.33
28062000,283.14
28065600,283.59
28069200,283.81
28072800,283.15
28076400,282.21
28080000,281.39
28083600,280.6
28087200,280.05
28090800,279.79
28094400,279.6
28098000,279.24
28101600,278.52
28105200,279.34
28108800,282.75
28112400,286.63
28116000,290.84
28119600,293.46
28123200,294.78
28126800,295.09
28130400,294.22
28134000,292.1
28137600,289.79
28141200,287.78
28144800,286.77
28148400,285.95
28152000,285.3
28155600,284.34
28159200,283.42
28162800,282.53
28166400,281.66
28170000,280.99
28173600,280.23
28177200,279.31
28180800,278.82
28184400,278.52
28188000,278.21
28191600,280.85
28195200,283.98
28198800,288.88
28202400,292.27
28206000,294.02
28209600,295.05
28213200,295.48
28216800,294.96
28220400,293.38
28224000,290.48
28227600,286.76
28231200,285.58
28234800,284.61
28238400,283.63
28242000,282.62
28245600,281.65
28249200,280.75
28252800,280.0
28256400,279.52
28260000,279.26
28263600,279.16
28267200,279.31
28270800,279.59
28274400,279.76
28278000,281.48
28281600,285.07
28285200,288.91
28288800,293.26
28292400,295.73
28296000,296.97
28299600,297.31
28303200,296.99
28306800,295.84
28310400,291.35
28314000,287.97
28317600,287.35
28321200,287.04
28324800,286.14
28328400,285.44
28332000,285.04
28335600,284.3
28339200,283.69
28342800,282.76
28346400,281.38
28350000,279.8
28353600,278.53
28357200,277.69
28360800,277.18
28364400,278.45
28368000,281.02
28371600,283.44
28375200,284.91
28378800,285.84
28382400,286.46
28386000,286.79
28389600,286.53
28393200,285.62
28396800,283.32
28400400,279.78
28404000,278.67
28407600,277.88
28411200,277.2
28414800,276.64
28418400,276.13
28422000,275.69
28425600,280.23
28429200,279.49
28432800,278.88
28436400,278.48
28440000,278.78
28443600,279.49
28447200,280.08
28450800,281.04
28454400,283.4
28458000,286.84
28461600,290.7
28465200,292.64
28468800,293.48
28472400,293.83
28476000,293.72
28479600,293.0
28483200,289.6
28486800,287.16
28490400,285.92
28494000,284.84
28497600,284.0
28501200,283.39
28504800,282.85
28508400,282.39
28512000,282.05
28515600,281.66
28519200,281.1
28522800,280.69
28526400,280.56
28530000,280.48
28533600,280.17
28537200,281.15
28540800,283.82
28544400,287.41
28548000,291.79
28551600,293.85
28555200,294.67
28558800,294.84
28562400,294.17
28566000,292.71
28569600,289.07
28573200,284.92
28576800,283.85
28580400,283.08
28584000,282.54
28587600,282.07
28591200,281.51
28594800,280.84
28598400,280.19
28602000,279.47
28605600,278.72
28609200,278.02
28612800,277.49
28616400,277.45
28620000,277.51
28623600,280.47
28627200,284.27
28630800,289.16
28634400,292.5
28638000,293.67
28641600,293.88
28645200,293.38
28648800,292.35
28652400,290.9
28656000,287.95
28659600,284.24
28663200,283.33
28666800,283.14
28670400,283.59
28674000,283.81
28677600,283.15
28681200,282.21
28684800,281.39
28688400,280.6
28692000,280.05
28695600,279.79
28699200,279.6
28702800,279.24
28706400,278.52
28710000,279.34
28713600,282.75
28717200,286.63
28720800,290.84
28724400,293.46
28728000,294.78
28731600,295.09
28735200,294.22
28738800,292.1
28742400,289.79
28746000,287.78
28749600,286.77
28753200,285.95
28756800,285.3
28760400,284.34
28764000,283.42
28767600,282.53
28771200,281.66
28774800,280.99
28778400,280.23
28782000,279.31
28785600,278.82
28789200,278.52
28792800,278.21
28796400,280.85
28800000,283.98
28803600,288.88
28807200,292.27
28810800,294.02
28814400,295.05
28818000,295.48
28821600,294.96
28825200,293.38
28828800,290.48
28832400,286.76
28836000,285.58
28839600,284.61
28843200,283.63
28846800,282.62
28850400,281.65
28854000,280.75
28857600,280.0
28861200,279.52
28864800,279.26
28868400,279.16
28872000,279.31
28875600,279.59
28879200,279.76
28882800,281.48
28886400,285.07
28890000,288.91
28893600,293.26
28897200,295.73
28900800,296.97
28904400,297.31
28908000,296.99
28911600,295.84
28915200,291.35
28918800,287.97
28922400,287.35
28926000,287.04
28929600,286.14
28933200,285.44
28936800,285.04
28940400,284.3
28944000,283.69
28947600,282.76
28951200,281.38
28954800,279.8
28958400,278.53
28962000,277.69
28965600,277.18
28969200,278.45
28972800,281.02
28976400,283.44
28980000,284.91
28983600,285.84
28987200,286.46
28990800,286.79
28994400,286.53
28998000,285.62
29001600,283.32
29005200,279.78
29008800,278.67
29012400,277.88
29016000,277.2
29019600,276.64
29023200,276.13
29026800,275.69
29030400,266.46
29034000,266.79
29037600,267.1
29041200,267.21
29044800,267.33
29048400,267.38
29052000,267.45
29055600,267.73
29059200,268.37
29062800,269.08
29066400,269.66
29070000,270.41
29073600,271.02
29077200,271.41
29080800,271.56
29084400,271.3
29088000,270.13
29091600,268.19
29095200,267.88
29098800,267.77
29102400,267.96
29106000,268.39
29109600,268.56
29113200,268.51
29116800,268.28
29120400,267.63
29124000,266.66
29127600,265.68
29131200,265.1
29134800,264.94
29138400,264.84
29142000,265.38
29145600,267.17
29149200,269.07
29152800,270.73
29156400,272.12
29160000,273.25
29163600,273.84
29167200,273.66
29170800,272.52
29174400,269.61
29178000,267.48
29181600,267.11
29185200,266.98
29188800,267.03
29192400,267.21
29196000,267.36
29199600,267.29
29203200,267.02
29206800,266.75
29210400,266.61
29214000,266.37
29217600,265.84
29221200,265.31
29224800,264.93
29228400,266.34
29232000,269.52
29235600,272.42
29239200,274.41
29242800,275.63
29246400,276.37
29250000,276.64
29253600,276.45
29257200,275.42
29260800,271.98
29264400,270.44
29268000,270.5
29271600,271.09
29275200,271.41
29278800,271.62
29282400,271.84
29286000,272.03
29289600,272.05
29293200,271.73
29296800,271.26
29300400,270.92
29304000,270.77
29307600,270.66
29311200,270.51
29314800,270.91
29318400,271.87
29322000,273.55
29325600,275.13
29329200,276.34
29332800,277.2
29336400,277.63
29340000,277.5
29343600,276.13
29347200,273.11
29350800,271.8
29354400,271.34
29358000,271.02
29361600,270.91
29365200,271.12
29368800,271.36
29372400,271.52
29376000,271.55
29379600,271.44
29383200,271.24
29386800,271.02
29390400,270.83
29394000,270.77
29397600,270.68
29401200,270.94
29404800,272.82
29408400,275.41
29412000,277.48
29415600,278.94
29419200,279.99
29422800,280.71
29426400,280.7
29430000,277.8
29433600,273.81
29437200,272.22
29440800,271.64
29444400,271.36
29448000,272.25
29451600,272.67
29455200,272.88
29458800,272.95
29462400,272.94
29466000,272.73
29469600,272.46
29473200,272.26
29476800,272.09
29480400,271.98
29484000,271.94
29487600,272.27
29491200,273.49
29494800,275.13
29498400,276.2
29502000,276.13
29505600,275.63
29509200,275.16
29512800,274.65
29516400,273.88
29520000,272.62
29523600,271.72
29527200,271.65
29530800,271.66
29534400,271.39
29538000,270.68
29541600,269.99
29545200,269.34
29548800,268.84
29552400,268.41
29556000,268.15
29559600,268.07
29563200,267.92
29566800,267.49
29570400,267.23
29574000,267.77
29577600,270.32
29581200,273.91
29584800,276.42
29588400,277.83
29592000,278.4
29595600,278.39
29599200,277.91
29602800,276.72
29606400,272.92
29610000,271.04
29613600,270.66
29617200,270.43
29620800,270.31
29624400,270.26
29628000,270.16
29631600,270.07
29635200,260.63
29638800,260.42
29642400,259.98
29646000,259.51
29649600,259.22
29653200,258.98
29656800,258.7
29660400,258.5
29664000,259.77
29667600,262.2
29671200,265.39
29674800,267.77
29678400,269.5
29682000,270.63
29685600,271.03
29689200,269.24
29692800,265.61
29696400,264.09
29700000,262.99
29703600,261.99
29707200,261.17
29710800,260.57
29714400,260.13
29718000,259.75
29721600,259.35
29725200,258.95
29728800,258.6
29732400,258.3
29736000,258.07
29739600,257.95
29743200,257.89
29746800,258.04
29750400,260.84
29754000,263.35
29757600,266.55
29761200,269.59
29764800,271.78
29768400,272.97
29772000,273.26
29775600,270.98
29779200,267.63
29782800,266.08
29786400,264.69
29790000,263.45
29793600,262.52
29797200,261.79
29800800,261.23
29804400,260.76
29808000,260.31
29811600,259.89
29815200,259.52
29818800,259.39
29822400,259.49
29826000,259.55
29829600,259.34
29833200,259.4
29836800,262.02
29840400,264.26
29844000,266.6
29847600,268.53
29851200,269.88
29854800,270.61
29858400,270.73
29862000,269.51
29865600,266.96
29869200,265.09
29872800,263.91
29876400,262.83
29880000,261.97
29883600,261.16
29887200,260.45
29890800,259.89
29894400,259.5
29898000,259.27
29901600,259.09
29905200,258.81
29908800,258.69
29912400,258.8
29916000,259.02
29919600,259.41
29923200,261.35
29926800,263.74
29930400,265.69
29934000,268.64
29937600,270.59
29941200,271.41
29944800,271.6
29948400,270.33
29952000,267.3
29955600,265.86
29959200,264.84
29962800,264.07
29966400,263.54
29970000,263.1
29973600,262.52
29977200,261.93
29980800,261.45
29984400,261.16
29988000,260.75
29991600,260.21
29995200,259.87
29998800,260.02
30002400,260.4
30006000,261.08
30009600,262.95
30013200,265.44
30016800,268.23
30020400,270.42
30024000,272.27
30027600,273.41
30031200,273.45
30034800,271.45
30038400,267.56
30042000,265.58
30045600,264.2
30049200,263.28
30052800,262.62
30056400,262.09
30060000,261.61
30063600,261.21
30067200,260.99
30070800,261.1
30074400,261.55
30078000,262.0
30081600,262.28
30085200,262.39
30088800,262.13
30092400,261.69
30096000,262.78
30099600,265.7
30103200,268.67
30106800,271.14
30110400,272.91
30114000,273.94
30117600,274.07
30121200,272.13
30124800,268.37
30128400,266.79
30132000,265.73
30135600,264.8
30139200,264.01
30142800,263.45
30146400,262.94
30150000,262.52
30153600,262.33
30157200,262.44
30160800,262.7
30164400,263.05
30168000,263.46
30171600,263.5
30175200,263.2
30178800,262.43
30182400,263.37
30186000,265.71
30189600,268.94
30193200,271.88
30196800,272.7
30200400,271.34
30204000,269.54
30207600,268.66
30211200,267.27
30214800,266.59
30218400,266.31
30222000,266.14
30225600,265.66
30229200,265.26
30232800,264.67
30236400,263.88
30240000,258.13
30243600,257.43
30247200,256.92
30250800,256.57
30254400,256.32
30258000,256.12
30261600,255.9
30265200,256.23
30268800,258.01
30272400,259.84
30276000,260.52
30279600,260.23
30283200,259.89
30286800,259.72
30290400,259.27
30294000,258.36
30297600,257.31
30301200,256.84
30304800,256.58
30308400,256.44
30312000,256.33
30315600,256.03
30319200,255.36
30322800,254.7
30326400,254.44
30330000,254.39
30333600,254.34
30337200,254.42
30340800,254.75
30344400,255.16
30348000,255.48
30351600,255.71
30355200,257.52
30358800,260.65
30362400,263.29
30366000,264.89
30369600,265.98
30373200,266.57
30376800,266.54
30380400,265.71
30384000,263.7
30387600,262.31
30391200,261.61
30394800,261.11
30398400,260.64
30402000,260.2
30405600,259.87
30409200,259.59
30412800,259.3
30416400,258.98
30420000,258.62
30423600,258.23
30427200,257.95
30430800,257.84
30434400,257.69
30438000,257.86
30441600,260.55
30445200,263.64
30448800,267.73
30452400,271.09
30456000,273.16
30459600,274.12
30463200,273.78
30466800,271.26
30470400,267.05
30474000,265.02
30477600,263.8
30481200,262.98
30484800,262.41
30488400,261.97
30492000,261.58
30495600,261.19
30499200,260.81
30502800,260.44
30506400,260.09
30510000,259.79
30513600,259.53
30517200,259.29
30520800,259.07
30524400,259.16
30528000,261.73
30531600,264.53
30535200,267.73
30538800,269.73
30542400,270.74
30546000,271.0
30549600,270.48
30553200,268.88
30556800,266.3
30560400,264.66
30564000,263.87
30567600,263.56
30571200,263.59
30574800,264.01
30578400,263.87
30582000,263.35
30585600,263.01
30589200,262.52
30592800,262.0
30596400,261.78
30600000,261.43
30603600,261.3
30607200,261.69
30610800,262.11
30614400,263.19
30618000,265.43
30621600,267.45
30625200,268.37
30628800,268.73
30632400,268.71
30636000,268.2
30639600,267.01
30643200,264.51
30646800,262.92
30650400,262.17
30654000,261.7
30657600,261.65
30661200,262.23
30664800,263.06
30668400,263.2
30672000,263.18
30675600,263.27
30679200,263.43
30682800,263.39
30686400,262.83
30690000,262.47
30693600,262.41
30697200,262.59
30700800,264.39
30704400,266.48
30708000,267.57
30711600,268.0
30715200,268.12
30718800,267.91
30722400,267.38
30726000,266.34
30729600,264.1
30733200,262.8
30736800,263.0
30740400,263.12
30744000,262.84
30747600,262.42
30751200,261.88
30754800,261.24
30758400,260.72
30762000,260.48
30765600,260.38
30769200,260.32
30772800,260.26
30776400,260.16
30780000,260.09
30783600,260.38
30787200,263.6
30790800,266.34
30794400,269.52
30798000,272.94
30801600,274.78
30805200,275.7
30808800,275.66
30812400,273.73
30816000,271.73
30819600,270.2
30823200,268.62
30826800,267.33
30830400,266.42
30834000,265.87
30837600,265.31
30841200,264.61
30844800,266.46
30848400,266.79
30852000,267.1
30855600,267.21
30859200,267.33
30862800,267.38
30866400,267.45
30870000,267.73
30873600,268.37
30877200,269.08
30880800,269.66
30884400,270.41
30888000,271.02
30891600,271.41
30895200,271.56
30898800,271.3
30902400,270.13
30906000,268.19
30909600,267.88
30913200,267.77
30916800,267.96
30920400,268.39
30924000,268.56
30927600,268.51
30931200,268.28
30934800,267.63
30938400,266.66
30942000,265.68
30945600,265.1
30949200,264.94
30952800,264.84
30956400,265.38
30960000,267.17
30963600,269.07
30967200,270.73
30970800,272.12
30974400,273.25
30978000,273.84
30981600,273.66
30985200,272.52
30988800,269.61
30992400,267.48
30996000,267.11
30999600,266.98
31003200,267.03
31006800,267.21
31010400,267.36
31014000,267.29
31017600,267.02
31021200,266.75
31024800,266.61
31028400,266.37
31032000,265.84
31035600,265.31
31039200,264.93
31042800,266.34
31046400,269.52
31050000,272.42
31053600,274.41
31057200,275.63
31060800,276.37
31064400,276.64
31068000,276.45
31071600,275.42
31075200,271.98
31078800,270.44
31082400,270.5
31086000,271.09
31089600,271.41
31093200,271.62
31096800,271.84
31100400,272.03
31104000,272.05
31107600,271.73
31111200,271.26
31114800,270.92
31118400,270.77
31122000,270.66
31125600,270.51
31129200,270.91
31132800,271.87
31136400,273.55
31140000,275.13
31143600,276.34
31147200,277.2
31150800,277.63
31154400,277.5
31158000,276.13
31161600,273.11
31165200,271.8
31168800,271.34
31172400,271.02
31176000,270.91
31179600,271.12
31183200,271.36
31186800,271.52
31190400,271.55
31194000,271.44
31197600,271.24
31201200,271.02
31204800,270.83
31208400,270.77
31212000,270.68
31215600,270.94
31219200,272.82
31222800,275.41
31226400,277.48
31230000,278.94
31233600,279.99
31237200,280.71
31240800,280.7
31244400,277.8
31248000,273.81
31251600,272.22
31255200,271.64
31258800,271.36
31262400,272.25
31266000,272.67
31269600,272.88
31273200,272.95
31276800,272.94
31280400,272.73
31284000,272.46
31287600,272.26
31291200,272.09
31294800,271.98
31298400,271.94
31302000,272.27
31305600,273.49
31309200,275.13
31312800,276.2
31316400,276.13
31320000,275.63
31323600,275.16
31327200,274.65
31330800,273.88
31334400,272.62
31338000,271.72
31341600,271.65
31345200,271.66
31348800,271.39
31352400,270.68
31356000,269.99
31359600,269.34
31363200,268.84
31366800,268.41
31370400,268.15
31374000,268.07
31377600,267.92
31381200,267.49
31384800,267.23
31388400,267.77
31392000,270.32
31395600,273.91
31399200,276.42
31402800,277.83
31406400,278.4
31410000,278.39
31413600,277.91
31417200,276.72
31420800,272.92
31424400,271.04
31428000,270.66
31431600,270.43
31435200,270.31
31438800,270.26
31442400,270.16
31446000,270.07
31449600,267.06
31453200,266.84
31456800,266.68
31460400,266.55
31464000,266.68
31467600,266.92
31471200,266.69
31474800,266.56
31478400,268.74
31482000,271.51
31485600,273.25
31489200,274.69
31492800,275.97
31496400,277.49
31500000,277.81
31503600,275.57
31507200,273.35
31510800,272.73
31514400,272.6
31518000,272.28
31521600,271.96
31525200,271.62
31528800,271.13
31532400,270.23
31536000,270.23
