time,value
0,0.0
3600,0.0
7200,0.0
10800,0.0
14400,0.0
18000,0.0
21600,0.0
25200,26.53
28800,192.27
32400,351.97
36000,453.1
39600,518.4
43200,527.68
46800,431.46
50400,336.99
54000,188.09
57600,32.04
61200,0.0
64800,0.0
68400,0.0
72000,0.0
75600,0.0
79200,0.0
82800,0.0
86400,0.0
90000,0.0
93600,0.0
97200,0.0
100800,0.0
104400,0.0
108000,0.0
111600,29.4
115200,174.9
118800,346.29
122400,472.27
126000,525.73
129600,490.48
133200,454.65
136800,338.41
140400,185.75
144000,34.88
147600,0.0
151200,0.0
154800,0.0
158400,0.0
162000,0.0
165600,0.0
169200,0.0
172800,0.0
176400,0.0
180000,0.0
183600,0.0
187200,0.0
190800,0.0
194400,0.0
198000,27.88
201600,158.57
205200,318.15
208800,442.85
212400,427.55
216000,350.2
219600,370.62
223200,260.83
226800,131.77
230400,23.41
234000,0.0
237600,0.0
241200,0.0
244800,0.0
248400,0.0
252000,0.0
255600,0.0
259200,0.0
262800,0.0
266400,0.0
270000,0.0
273600,0.0
277200,0.0
280800,0.0
284400,37.24
288000,222.68
291600,383.43
295200,496.1
298800,547.98
302400,479.55
306000,351.16
309600,289.72
313200,167.74
316800,37.24
320400,0.0
324000,0.0
327600,0.0
331200,0.0
334800,0.0
338400,0.0
342000,0.0
345600,0.0
349200,0.0
352800,0.0
356400,0.0
360000,0.0
363600,0.0
367200,0.0
370800,34.59
374400,225.71
378000,400.05
381600,503.55
385200,582.75
388800,578.27
392400,504.91
396000,408.71
399600,242.25
403200,53.73
406800,0.0
410400,0.0
414000,0.0
417600,0.0
421200,0.0
424800,0.0
428400,0.0
432000,0.0
435600,0.0
439200,0.0
442800,0.0
446400,0.0
450000,0.0
453600,0.0
457200,37.07
460800,169.54
464400,319.86
468000,439.88
471600,524.29
475200,535.91
478800,472.92
482400,377.87
486000,220.84
489600,50.06
493200,0.0
496800,0.0
500400,0.0
504000,0.0
507600,0.0
511200,0.0
514800,0.0
518400,0.0
522000,0.0
525600,0.0
529200,0.0
532800,0.0
536400,0.0
540000,0.0
543600,41.09
547200,198.76
550800,376.48
554400,491.05
558000,539.87
561600,533.83
565200,513.09
568800,387.86
572400,223.3
576000,51.47
579600,0.0
583200,0.0
586800,0.0
590400,0.0
594000,0.0
597600,0.0
601200,0.0
604800,0.0
608400,0.0
612000,0.0
615600,0.0
619200,0.0
622800,0.0
626400,0.0
630000,27.45
633600,156.36
637200,327.11
640800,424.61
644400,461.95
648000,383.1
651600,339.33
655200,253.09
658800,132.95
662400,0.0
666000,0.0
669600,0.0
673200,0.0
676800,0.0
680400,0.0
684000,0.0
687600,0.0
691200,0.0
694800,0.0
698400,0.0
702000,0.0
705600,0.0
709200,0.0
712800,0.0
716400,38.6
720000,182.38
723600,321.06
727200,434.04
730800,457.52
734400,454.3
738000,389.95
741600,278.93
745200,125.01
748800,0.0
752400,0.0
756000,0.0
759600,0.0
763200,0.0
766800,0.0
770400,0.0
774000,0.0
777600,0.0
781200,0.0
784800,0.0
788400,0.0
792000,0.0
795600,0.0
799200,0.0
802800,38.95
806400,182.81
810000,332.98
813600,441.09
817200,491.05
820800,483.95
824400,388.66
828000,284.13
831600,125.26
835200,0.0
838800,0.0
842400,0.0
846000,0.0
849600,0.0
853200,0.0
856800,0.0
860400,0.0
864000,0.0
867600,0.0
871200,0.0
874800,0.0
878400,0.0
882000,0.0
885600,0.0
889200,27.34
892800,149.9
896400,296.14
900000,370.62
903600,398.93
907200,390.2
910800,314.17
914400,231.73
918000,86.56
921600,0.0
925200,0.0
928800,0.0
932400,0.0
936000,0.0
939600,0.0
943200,0.0
946800,0.0
950400,0.0
954000,0.0
957600,0.0
961200,0.0
964800,0.0
968400,0.0
972000,0.0
975600,25.14
979200,140.34
982800,301.22
986400,383.43
990000,462.09
993600,387.25
997200,392.77
1000800,271.17
1004400,128.31
1008000,0.0
1011600,0.0
1015200,0.0
1018800,0.0
1022400,0.0
1026000,0.0
1029600,0.0
1033200,0.0
1036800,0.0
1040400,0.0
1044000,0.0
1047600,0.0
1051200,0.0
1054800,0.0
1058400,0.0
1062000,24.0
1065600,180.97
1069200,327.07
1072800,443.66
1076400,459.62
1080000,419.11
1083600,396.68
1087200,275.99
1090800,110.25
1094400,8.86
1098000,0.0
1101600,0.0
1105200,0.0
1108800,0.0
1112400,0.0
1116000,0.0
1119600,0.0
1123200,0.0
1126800,0.0
1130400,0.0
1134000,0.0
1137600,0.0
1141200,0.0
1144800,0.0
1148400,29.81
1152000,174.54
1155600,312.57
1159200,413.88
1162800,462.07
1166400,454.34
1170000,379.31
1173600,260.06
1177200,108.03
1180800,8.16
1184400,0.0
1188000,0.0
1191600,0.0
1195200,0.0
1198800,0.0
1202400,0.0
1206000,0.0
1209600,0.0
1213200,0.0
1216800,0.0
1220400,0.0
1224000,0.0
1227600,0.0
1231200,0.0
1234800,24.88
1238400,122.03
1242000,220.96
1245600,312.16
1249200,378.27
1252800,425.95
1256400,379.42
1260000,258.16
1263600,102.85
1267200,0.0
1270800,0.0
1274400,0.0
1278000,0.0
1281600,0.0
1285200,0.0
1288800,0.0
1292400,0.0
1296000,0.0
1299600,0.0
1303200,0.0
1306800,0.0
1310400,0.0
1314000,0.0
1317600,0.0
1321200,42.46
1324800,198.47
1328400,363.73
1332000,425.57
1335600,504.03
1339200,432.53
1342800,384.0
1346400,255.41
1350000,97.5
1353600,0.0
1357200,0.0
1360800,0.0
1364400,0.0
1368000,0.0
1371600,0.0
1375200,0.0
1378800,0.0
1382400,0.0
1386000,0.0
1389600,0.0
1393200,0.0
1396800,0.0
1400400,0.0
1404000,0.0
1407600,21.24
1411200,96.62
1414800,111.88
1418400,177.41
1422000,193.86
1425600,242.33
1429200,197.09
1432800,185.59
1436400,75.7
1440000,0.0
1443600,0.0
1447200,0.0
1450800,0.0
1454400,0.0
1458000,0.0
1461600,0.0
1465200,0.0
1468800,0.0
1472400,0.0
1476000,0.0
1479600,0.0
1483200,0.0
1486800,0.0
1490400,0.0
1494000,49.54
1497600,208.75
1501200,343.84
1504800,443.22
1508400,401.2
1512000,460.54
1515600,364.66
1519200,269.94
1522800,126.16
1526400,0.0
1530000,0.0
1533600,0.0
1537200,0.0
1540800,0.0
1544400,0.0
1548000,0.0
1551600,0.0
1555200,0.0
1558800,0.0
1562400,0.0
1566000,0.0
1569600,0.0
1573200,0.0
1576800,0.0
1580400,39.59
1584000,181.4
1587600,327.7
1591200,454.17
1594800,504.62
1598400,484.01
1602000,403.27
1605600,285.98
1609200,125.8
1612800,0.0
1616400,0.0
1620000,0.0
1623600,0.0
1627200,0.0
1630800,0.0
1634400,0.0
1638000,0.0
1641600,0.0
1645200,0.0
1648800,0.0
1652400,0.0
1656000,0.0
1659600,0.0
1663200,0.0
1666800,38.33
1670400,144.16
1674000,287.82
1677600,402.06
1681200,472.7
1684800,387.01
1688400,364.43
1692000,252.94
1695600,103.35
1699200,0.0
1702800,0.0
1706400,0.0
1710000,0.0
1713600,0.0
1717200,0.0
1720800,0.0
1724400,0.0
1728000,0.0
1731600,0.0
1735200,0.0
1738800,0.0
1742400,0.0
1746000,0.0
1749600,0.0
1753200,30.52
1756800,144.96
1760400,312.02
1764000,361.34
1767600,383.77
1771200,294.6
1774800,252.45
1778400,154.36
1782000,69.85
1785600,0.0
1789200,0.0
1792800,0.0
1796400,0.0
1800000,0.0
1803600,0.0
1807200,0.0
1810800,0.0
1814400,0.0
1818000,0.0
1821600,0.0
1825200,0.0
1828800,0.0
1832400,0.0
1836000,0.0
1839600,24.88
1843200,122.03
1846800,220.96
1850400,312.16
1854000,378.27
1857600,425.95
1861200,379.42
1864800,258.16
1868400,102.85
1872000,0.0
1875600,0.0
1879200,0.0
1882800,0.0
1886400,0.0
1890000,0.0
1893600,0.0
1897200,0.0
1900800,0.0
1904400,0.0
1908000,0.0
1911600,0.0
1915200,0.0
1918800,0.0
1922400,0.0
1926000,42.46
1929600,198.47
1933200,363.73
1936800,425.57
1940400,504.03
1944000,432.53
1947600,384.0
1951200,255.41
1954800,97.5
1958400,0.0
1962000,0.0
1965600,0.0
1969200,0.0
1972800,0.0
1976400,0.0
1980000,0.0
1983600,0.0
1987200,0.0
1990800,0.0
1994400,0.0
1998000,0.0
2001600,0.0
2005200,0.0
2008800,0.0
2012400,21.24
2016000,96.62
2019600,111.88
2023200,177.41
2026800,193.86
2030400,242.33
2034000,197.09
2037600,185.59
2041200,75.7
2044800,0.0
2048400,0.0
2052000,0.0
2055600,0.0
2059200,0.0
2062800,0.0
2066400,0.0
2070000,0.0
2073600,0.0
2077200,0.0
2080800,0.0
2084400,0.0
2088000,0.0
2091600,0.0
2095200,0.0
2098800,49.54
2102400,208.75
2106000,343.84
2109600,443.22
2113200,401.2
2116800,460.54
2120400,364.66
2124000,269.94
2127600,126.16
2131200,0.0
2134800,0.0
2138400,0.0
2142000,0.0
2145600,0.0
2149200,0.0
2152800,0.0
2156400,0.0
2160000,0.0
2163600,0.0
2167200,0.0
2170800,0.0
2174400,0.0
2178000,0.0
2181600,0.0
2185200,39.59
2188800,181.4
2192400,327.7
2196000,454.17
2199600,504.62
2203200,484.01
2206800,403.27
2210400,285.98
2214000,125.8
2217600,0.0
2221200,0.0
2224800,0.0
2228400,0.0
2232000,0.0
2235600,0.0
2239200,0.0
2242800,0.0
2246400,0.0
2250000,0.0
2253600,0.0
2257200,0.0
2260800,0.0
2264400,0.0
2268000,0.0
2271600,38.33
2275200,144.16
2278800,287.82
2282400,402.06
2286000,472.7
2289600,387.01
2293200,364.43
2296800,252.94
2300400,103.35
2304000,0.0
2307600,0.0
2311200,0.0
2314800,0.0
2318400,0.0
2322000,0.0
2325600,0.0
2329200,0.0
2332800,0.0
2336400,0.0
2340000,0.0
2343600,0.0
2347200,0.0
2350800,0.0
2354400,0.0
2358000,30.52
2361600,144.96
2365200,312.02
2368800,361.34
2372400,383.77
2376000,294.6
2379600,252.45
2383200,154.36
2386800,69.85
2390400,0.0
2394000,0.0
2397600,0.0
2401200,0.0
2404800,0.0
2408400,0.0
2412000,0.0
2415600,0.0
2419200,0.0
2422800,0.0
2426400,0.0
2430000,0.0
2433600,0.0
2437200,0.0
2440800,7.86
2444400,82.48
2448000,214.07
2451600,336.35
2455200,480.33
2458800,559.76
2462400,535.02
2466000,456.14
2469600,305.8
2473200,133.69
2476800,13.55
2480400,0.0
2484000,0.0
2487600,0.0
2491200,0.0
2494800,0.0
2498400,0.0
2502000,0.0
2505600,0.0
2509200,0.0
2512800,0.0
2516400,0.0
2520000,0.0
2523600,0.0
2527200,8.43
2530800,121.83
2534400,303.66
2538000,460.27
2541600,565.27
2545200,600.2
2548800,575.4
2552400,488.77
2556000,349.34
2559600,169.48
2563200,18.12
2566800,0.0
2570400,0.0
2574000,0.0
2577600,0.0
2581200,0.0
2584800,0.0
2588400,0.0
2592000,0.0
2595600,0.0
2599200,0.0
2602800,0.0
2606400,0.0
2610000,0.0
2613600,9.65
2617200,137.63
2620800,307.01
2624400,469.9
2628000,561.19
2631600,588.38
2635200,554.44
2638800,446.75
2642400,308.49
2646000,129.0
2649600,11.58
2653200,0.0
2656800,0.0
2660400,0.0
2664000,0.0
2667600,0.0
2671200,0.0
2674800,0.0
2678400,0.0
2682000,0.0
2685600,0.0
2689200,0.0
2692800,0.0
2696400,0.0
2700000,6.94
2703600,78.49
2707200,217.58
2710800,364.28
2714400,439.9
2718000,531.73
2721600,513.7
2725200,423.26
2728800,298.76
2732400,131.91
2736000,10.92
2739600,0.0
2743200,0.0
2746800,0.0
2750400,0.0
2754000,0.0
2757600,0.0
2761200,0.0
2764800,0.0
2768400,0.0
2772000,0.0
2775600,0.0
2779200,0.0
2782800,0.0
2786400,7.85
2790000,94.26
2793600,253.22
2797200,398.95
2800800,475.27
2804400,501.23
2808000,490.66
2811600,385.24
2815200,276.27
2818800,117.83
2822400,10.05
2826000,0.0
2829600,0.0
2833200,0.0
2836800,0.0
2840400,0.0
2844000,0.0
2847600,0.0
2851200,0.0
2854800,0.0
2858400,0.0
2862000,0.0
2865600,0.0
2869200,0.0
2872800,0.0
2876400,82.35
2880000,209.49
2883600,359.42
2887200,444.26
2890800,445.16
2894400,344.69
2898000,267.26
2901600,168.27
2905200,82.91
2908800,8.3
2912400,0.0
2916000,0.0
2919600,0.0
2923200,0.0
2926800,0.0
2930400,0.0
2934000,0.0
2937600,0.0
2941200,0.0
2944800,0.0
2948400,0.0
2952000,0.0
2955600,0.0
2959200,0.0
2962800,122.3
2966400,268.4
2970000,416.2
2973600,536.68
2977200,560.01
2980800,535.14
2984400,437.8
2988000,295.38
2991600,124.24
2995200,10.3
2998800,0.0
3002400,0.0
3006000,0.0
3009600,0.0
3013200,0.0
3016800,0.0
3020400,0.0
3024000,0.0
3027600,0.0
3031200,0.0
3034800,0.0
3038400,0.0
3042000,0.0
3045600,0.0
3049200,26.53
3052800,192.27
3056400,351.97
3060000,453.1
3063600,518.4
3067200,527.68
3070800,431.46
3074400,336.99
3078000,188.09
3081600,32.04
3085200,0.0
3088800,0.0
3092400,0.0
3096000,0.0
3099600,0.0
3103200,0.0
3106800,0.0
3110400,0.0
3114000,0.0
3117600,0.0
3121200,0.0
3124800,0.0
3128400,0.0
3132000,0.0
3135600,29.4
3139200,174.9
3142800,346.29
3146400,472.27
3150000,525.73
3153600,490.48
3157200,454.65
3160800,338.41
3164400,185.75
3168000,34.88
3171600,0.0
3175200,0.0
3178800,0.0
3182400,0.0
3186000,0.0
3189600,0.0
3193200,0.0
3196800,0.0
3200400,0.0
3204000,0.0
3207600,0.0
3211200,0.0
3214800,0.0
3218400,0.0
3222000,27.88
3225600,158.57
3229200,318.15
3232800,442.85
3236400,427.55
3240000,350.2
3243600,370.62
3247200,260.83
3250800,131.77
3254400,23.41
3258000,0.0
3261600,0.0
3265200,0.0
3268800,0.0
3272400,0.0
3276000,0.0
3279600,0.0
3283200,0.0
3286800,0.0
3290400,0.0
3294000,0.0
3297600,0.0
3301200,0.0
3304800,0.0
3308400,37.24
3312000,222.68
3315600,383.43
3319200,496.1
3322800,547.98
3326400,479.55
3330000,351.16
3333600,289.72
3337200,167.74
3340800,37.24
3344400,0.0
3348000,0.0
3351600,0.0
3355200,0.0
3358800,0.0
3362400,0.0
3366000,0.0
3369600,0.0
3373200,0.0
3376800,0.0
3380400,0.0
3384000,0.0
3387600,0.0
3391200,0.0
3394800,34.59
3398400,225.71
3402000,400.05
3405600,503.55
3409200,582.75
3412800,578.27
3416400,504.91
3420000,408.71
3423600,242.25
3427200,53.73
3430800,0.0
3434400,0.0
3438000,0.0
3441600,0.0
3445200,0.0
3448800,0.0
3452400,0.0
3456000,0.0
3459600,0.0
3463200,0.0
3466800,0.0
3470400,0.0
3474000,0.0
3477600,0.0
3481200,37.07
3484800,169.54
3488400,319.86
3492000,439.88
3495600,524.29
3499200,535.91
3502800,472.92
3506400,377.87
3510000,220.84
3513600,50.06
3517200,0.0
3520800,0.0
3524400,0.0
3528000,0.0
3531600,0.0
3535200,0.0
3538800,0.0
3542400,0.0
3546000,0.0
3549600,0.0
3553200,0.0
3556800,0.0
3560400,0.0
3564000,0.0
3567600,41.09
3571200,198.76
3574800,376.48
3578400,491.05
3582000,539.87
3585600,533.83
3589200,513.09
3592800,387.86
3596400,223.3
3600000,51.47
3603600,0.0
3607200,0.0
3610800,0.0
3614400,0.0
3618000,0.0
3621600,0.0
3625200,0.0
3628800,0.0
3632400,0.0
3636000,0.0
3639600,0.0
3643200,0.0
3646800,0.0
3650400,0.0
3654000,94.88
3657600,258.77
3661200,411.41
3664800,506.39
3668400,518.81
3672000,488.88
3675600,386.12
3679200,248.78
3682800,96.69
3686400,8.29
3690000,0.0
3693600,0.0
3697200,0.0
3700800,0.0
3704400,0.0
3708000,0.0
3711600,0.0
3715200,0.0
3718800,0.0
3722400,0.0
3726000,0.0
3729600,0.0
3733200,0.0
3736800,0.0
3740400,104.18
3744000,268.08
3747600,411.99
3751200,511.08
3754800,536.78
3758400,514.62
3762000,424.98
3765600,282.09
3769200,114.11
3772800,8.88
3776400,0.0
3780000,0.0
3783600,0.0
3787200,0.0
3790800,0.0
3794400,0.0
3798000,0.0
3801600,0.0
3805200,0.0
3808800,0.0
3812400,0.0
3816000,0.0
3819600,0.0
3823200,0.0
3826800,83.21
3830400,250.59
3834000,409.44
3837600,505.29
3841200,527.85
3844800,504.71
3848400,419.76
3852000,287.21
3855600,118.84
3859200,8.14
3862800,0.0
3866400,0.0
3870000,0.0
3873600,0.0
3877200,0.0
3880800,0.0
3884400,0.0
3888000,0.0
3891600,0.0
3895200,0.0
3898800,0.0
3902400,0.0
3906000,0.0
3909600,0.0
3913200,77.84
3916800,235.67
3920400,383.31
3924000,487.38
3927600,486.21
3931200,467.72
3934800,366.46
3938400,228.09
3942000,82.42
3945600,7.74
3949200,0.0
3952800,0.0
3956400,0.0
3960000,0.0
3963600,0.0
3967200,0.0
3970800,0.0
3974400,0.0
3978000,0.0
3981600,0.0
3985200,0.0
3988800,0.0
3992400,0.0
3996000,0.0
3999600,55.81
4003200,146.48
4006800,236.99
4010400,277.19
4014000,286.82
4017600,265.91
4021200,220.79
4024800,174.63
4028400,84.23
4032000,7.43
4035600,0.0
4039200,0.0
4042800,0.0
4046400,0.0
4050000,0.0
4053600,0.0
4057200,0.0
4060800,0.0
4064400,0.0
4068000,0.0
4071600,0.0
4075200,0.0
4078800,0.0
4082400,0.0
4086000,88.4
4089600,244.36
4093200,385.36
4096800,507.9
4100400,531.94
4104000,478.83
4107600,382.16
4111200,260.03
4114800,109.66
4118400,8.17
4122000,0.0
4125600,0.0
4129200,0.0
4132800,0.0
4136400,0.0
4140000,0.0
4143600,0.0
4147200,0.0
4150800,0.0
4154400,0.0
4158000,0.0
4161600,0.0
4165200,0.0
4168800,0.0
4172400,88.33
4176000,240.7
4179600,403.2
4183200,518.27
4186800,557.75
4190400,531.91
4194000,447.16
4197600,306.78
4201200,131.11
4204800,10.15
4208400,0.0
4212000,0.0
4215600,0.0
4219200,0.0
4222800,0.0
4226400,0.0
4230000,0.0
4233600,0.0
4237200,0.0
4240800,0.0
4244400,0.0
4248000,0.0
4251600,0.0
4255200,0.0
4258800,16.53
4262400,56.9
4266000,126.64
4269600,186.15
4273200,247.65
4276800,271.2
4280400,273.91
4284000,213.66
4287600,114.17
4291200,19.07
4294800,0.0
4298400,0.0
4302000,0.0
4305600,0.0
4309200,0.0
4312800,0.0
4316400,0.0
4320000,0.0
4323600,0.0
4327200,0.0
4330800,0.0
4334400,0.0
4338000,0.0
4341600,0.0
4345200,24.62
4348800,143.45
4352400,309.91
4356000,445.84
4359600,488.95
4363200,520.95
4366800,436.61
4370400,343.98
4374000,187.32
4377600,31.61
4381200,0.0
4384800,0.0
4388400,0.0
4392000,0.0
4395600,0.0
4399200,0.0
4402800,0.0
4406400,0.0
4410000,0.0
4413600,0.0
4417200,0.0
4420800,0.0
4424400,0.0
4428000,0.0
4431600,30.38
4435200,169.62
4438800,310.67
4442400,466.17
4446000,512.21
4449600,511.7
4453200,475.24
4456800,354.48
4460400,193.3
4464000,32.52
4467600,0.0
4471200,0.0
4474800,0.0
4478400,0.0
4482000,0.0
4485600,0.0
4489200,0.0
4492800,0.0
4496400,0.0
4500000,0.0
4503600,0.0
4507200,0.0
4510800,0.0
4514400,0.0
4518000,29.96
4521600,188.97
4525200,355.34
4528800,475.91
4532400,514.4
4536000,497.89
4539600,469.1
4543200,350.7
4546800,191.58
4550400,29.89
4554000,0.0
4557600,0.0
4561200,0.0
4564800,0.0
4568400,0.0
4572000,0.0
4575600,0.0
4579200,0.0
4582800,0.0
4586400,0.0
4590000,0.0
4593600,0.0
4597200,0.0
4600800,0.0
4604400,29.6
4608000,191.02
4611600,353.14
4615200,452.37
4618800,523.32
4622400,497.07
4626000,450.11
4629600,330.38
4633200,184.58
4636800,31.88
4640400,0.0
4644000,0.0
4647600,0.0
4651200,0.0
4654800,0.0
4658400,0.0
4662000,0.0
4665600,0.0
4669200,0.0
4672800,0.0
4676400,0.0
4680000,0.0
4683600,0.0
4687200,0.0
4690800,31.72
4694400,183.47
4698000,339.07
4701600,462.62
4705200,471.95
4708800,476.73
4712400,382.6
4716000,332.97
4719600,172.83
4723200,29.06
4726800,0.0
4730400,0.0
4734000,0.0
4737600,0.0
4741200,0.0
4744800,0.0
4748400,0.0
4752000,0.0
4755600,0.0
4759200,0.0
4762800,0.0
4766400,0.0
4770000,0.0
4773600,0.0
4777200,30.98
4780800,172.2
4784400,323.55
4788000,474.61
4791600,530.03
4795200,542.94
4798800,455.56
4802400,371.14
4806000,212.17
4809600,41.28
4813200,0.0
4816800,0.0
4820400,0.0
4824000,0.0
4827600,0.0
4831200,0.0
4834800,0.0
4838400,0.0
4842000,0.0
4845600,0.0
4849200,0.0
4852800,0.0
4856400,0.0
4860000,0.0
4863600,24.88
4867200,122.03
4870800,220.96
4874400,312.16
4878000,378.27
4881600,425.95
4885200,379.42
4888800,258.16
4892400,102.85
4896000,0.0
4899600,0.0
4903200,0.0
4906800,0.0
4910400,0.0
4914000,0.0
4917600,0.0
4921200,0.0
4924800,0.0
4928400,0.0
4932000,0.0
4935600,0.0
4939200,0.0
4942800,0.0
4946400,0.0
4950000,42.46
4953600,198.47
4957200,363.73
4960800,425.57
4964400,504.03
4968000,432.53
4971600,384.0
4975200,255.41
4978800,97.5
4982400,0.0
4986000,0.0
4989600,0.0
4993200,0.0
4996800,0.0
5000400,0.0
5004000,0.0
5007600,0.0
5011200,0.0
5014800,0.0
5018400,0.0
5022000,0.0
5025600,0.0
5029200,0.0
5032800,0.0
5036400,21.24
5040000,96.62
5043600,111.88
5047200,177.41
5050800,193.86
5054400,242.33
5058000,197.09
5061600,185.59
5065200,75.7
5068800,0.0
5072400,0.0
5076000,0.0
5079600,0.0
5083200,0.0
5086800,0.0
5090400,0.0
5094000,0.0
5097600,0.0
5101200,0.0
5104800,0.0
5108400,0.0
5112000,0.0
5115600,0.0
5119200,0.0
5122800,49.54
5126400,208.75
5130000,343.84
5133600,443.22
5137200,401.2
5140800,460.54
5144400,364.66
5148000,269.94
5151600,126.16
5155200,0.0
5158800,0.0
5162400,0.0
5166000,0.0
5169600,0.0
5173200,0.0
5176800,0.0
5180400,0.0
5184000,0.0
5187600,0.0
5191200,0.0
5194800,0.0
5198400,0.0
5202000,0.0
5205600,0.0
5209200,39.59
5212800,181.4
5216400,327.7
5220000,454.17
5223600,504.62
5227200,484.01
5230800,403.27
5234400,285.98
5238000,125.8
5241600,0.0
5245200,0.0
5248800,0.0
5252400,0.0
5256000,0.0
5259600,0.0
5263200,0.0
5266800,0.0
5270400,0.0
5274000,0.0
5277600,0.0
5281200,0.0
5284800,0.0
5288400,0.0
5292000,0.0
5295600,38.33
5299200,144.16
5302800,287.82
5306400,402.06
5310000,472.7
5313600,387.01
5317200,364.43
5320800,252.94
5324400,103.35
5328000,0.0
5331600,0.0
5335200,0.0
5338800,0.0
5342400,0.0
5346000,0.0
5349600,0.0
5353200,0.0
5356800,0.0
5360400,0.0
5364000,0.0
5367600,0.0
5371200,0.0
5374800,0.0
5378400,0.0
5382000,30.52
5385600,144.96
5389200,312.02
5392800,361.34
5396400,383.77
5400000,294.6
5403600,252.45
5407200,154.36
5410800,69.85
5414400,0.0
5418000,0.0
5421600,0.0
5425200,0.0
5428800,0.0
5432400,0.0
5436000,0.0
5439600,0.0
5443200,0.0
5446800,0.0
5450400,0.0
5454000,0.0
5457600,0.0
5461200,0.0
5464800,0.0
5468400,59.8
5472000,249.35
5475600,433.51
5479200,524.15
5482800,615.62
5486400,618.57
5490000,490.71
5493600,407.38
5497200,261.33
5500800,92.6
5504400,0.0
5508000,0.0
5511600,0.0
5515200,0.0
5518800,0.0
5522400,0.0
5526000,0.0
5529600,0.0
5533200,0.0
5536800,0.0
5540400,0.0
5544000,0.0
5547600,0.0
5551200,0.0
5554800,62.17
5558400,116.1
5562000,170.23
5565600,239.2
5569200,257.59
5572800,144.12
5576400,194.38
5580000,135.85
5583600,84.42
5587200,33.23
5590800,0.0
5594400,0.0
5598000,0.0
5601600,0.0
5605200,0.0
5608800,0.0
5612400,0.0
5616000,0.0
5619600,0.0
5623200,0.0
5626800,0.0
5630400,0.0
5634000,0.0
5637600,0.0
5641200,56.71
5644800,185.72
5648400,315.87
5652000,472.85
5655600,563.36
5659200,552.68
5662800,510.26
5666400,382.96
5670000,262.27
5673600,90.02
5677200,0.0
5680800,0.0
5684400,0.0
5688000,0.0
5691600,0.0
5695200,0.0
5698800,0.0
5702400,0.0
5706000,0.0
5709600,0.0
5713200,0.0
5716800,0.0
5720400,0.0
5724000,0.0
5727600,50.6
5731200,161.53
5734800,285.19
5738400,419.16
5742000,497.47
5745600,525.55
5749200,402.01
5752800,278.86
5756400,173.52
5760000,85.81
5763600,0.0
5767200,0.0
5770800,0.0
5774400,0.0
5778000,0.0
5781600,0.0
5785200,0.0
5788800,0.0
5792400,0.0
5796000,0.0
5799600,0.0
5803200,0.0
5806800,0.0
5810400,0.0
5814000,62.06
5817600,201.02
5821200,372.72
5824800,539.27
5828400,563.85
5832000,597.25
5835600,506.26
5839200,380.19
5842800,241.45
5846400,86.35
5850000,0.0
5853600,0.0
5857200,0.0
5860800,0.0
5864400,0.0
5868000,0.0
5871600,0.0
5875200,0.0
5878800,0.0
5882400,0.0
5886000,0.0
5889600,0.0
5893200,0.0
5896800,0.0
5900400,66.75
5904000,228.48
5907600,396.52
5911200,525.51
5914800,607.38
5918400,649.01
5922000,546.54
5925600,467.52
5929200,303.2
5932800,110.63
5936400,7.84
5940000,0.0
5943600,0.0
5947200,0.0
5950800,0.0
5954400,0.0
5958000,0.0
5961600,0.0
5965200,0.0
5968800,0.0
5972400,0.0
5976000,0.0
5979600,0.0
5983200,0.0
5986800,79.66
5990400,256.83
5994000,455.63
5997600,582.9
6001200,640.28
6004800,615.92
6008400,529.77
6012000,422.27
6015600,277.02
6019200,107.51
6022800,7.79
6026400,0.0
6030000,0.0
6033600,0.0
6037200,0.0
6040800,0.0
6044400,0.0
6048000,0.0
6051600,0.0
6055200,0.0
6058800,0.0
6062400,0.0
6066000,0.0
6069600,6.83
6073200,100.2
6076800,272.63
6080400,453.47
6084000,611.74
6087600,714.34
6091200,697.45
6094800,630.32
6098400,538.63
6102000,358.34
6105600,157.67
6109200,13.71
6112800,0.0
6116400,0.0
6120000,0.0
6123600,0.0
6127200,0.0
6130800,0.0
6134400,0.0
6138000,0.0
6141600,0.0
6145200,0.0
6148800,0.0
6152400,0.0
6156000,8.88
6159600,110.61
6163200,285.84
6166800,464.12
6170400,605.23
6174000,695.45
6177600,715.74
6181200,617.34
6184800,533.88
6188400,361.49
6192000,162.5
6195600,15.13
6199200,0.0
6202800,0.0
6206400,0.0
6210000,0.0
6213600,0.0
6217200,0.0
6220800,0.0
6224400,0.0
6228000,0.0
6231600,0.0
6235200,0.0
6238800,0.0
6242400,10.16
6246000,128.93
6249600,323.38
6253200,489.25
6256800,619.38
6260400,659.63
6264000,666.53
6267600,592.53
6271200,488.27
6274800,323.07
6278400,136.98
6282000,13.21
6285600,0.0
6289200,0.0
6292800,0.0
6296400,0.0
6300000,0.0
6303600,0.0
6307200,0.0
6310800,0.0
6314400,0.0
6318000,0.0
6321600,0.0
6325200,0.0
6328800,9.51
6332400,112.05
6336000,311.65
6339600,475.5
6343200,596.61
6346800,664.52
6350400,682.7
6354000,633.52
6357600,474.98
6361200,293.37
6364800,133.01
6368400,14.88
6372000,0.0
6375600,0.0
6379200,0.0
6382800,0.0
6386400,0.0
6390000,0.0
6393600,0.0
6397200,0.0
6400800,0.0
6404400,0.0
6408000,0.0
6411600,0.0
6415200,12.4
6418800,147.63
6422400,364.2
6426000,556.26
6429600,680.66
6433200,731.23
6436800,648.56
6440400,625.03
6444000,500.13
6447600,295.61
6451200,131.78
6454800,16.59
6458400,0.0
6462000,0.0
6465600,0.0
6469200,0.0
6472800,0.0
6476400,0.0
6480000,0.0
6483600,0.0
6487200,0.0
6490800,0.0
6494400,0.0
6498000,0.0
6501600,13.16
6505200,181.95
6508800,389.65
6512400,563.84
6516000,689.73
6519600,747.92
6523200,753.28
6526800,691.24
6530400,567.91
6534000,394.16
6537600,187.09
6541200,18.79
6544800,0.0
6548400,0.0
6552000,0.0
6555600,0.0
6559200,0.0
6562800,0.0
6566400,0.0
6570000,0.0
6573600,0.0
6577200,0.0
6580800,0.0
6584400,0.0
6588000,14.28
6591600,149.12
6595200,363.34
6598800,532.43
6602400,655.15
6606000,693.48
6609600,709.82
6613200,604.33
6616800,487.56
6620400,336.45
6624000,160.99
6627600,19.27
6631200,0.0
6634800,0.0
6638400,0.0
6642000,0.0
6645600,0.0
6649200,0.0
6652800,0.0
6656400,0.0
6660000,0.0
6663600,0.0
6667200,0.0
6670800,35.3
6674400,141.5
6678000,258.34
6681600,363.63
6685200,572.09
6688800,750.37
6692400,763.88
6696000,745.66
6699600,771.4
6703200,755.55
6706800,552.41
6710400,393.14
6714000,170.82
6717600,14.14
6721200,0.0
6724800,0.0
6728400,0.0
6732000,0.0
6735600,0.0
6739200,0.0
6742800,0.0
6746400,0.0
6750000,0.0
6753600,0.0
6757200,74.1
6760800,272.18
6764400,466.39
6768000,671.71
6771600,838.16
6775200,888.52
6778800,835.7
6782400,731.06
6786000,815.22
6789600,671.0
6793200,530.77
6796800,356.43
6800400,147.27
6804000,16.02
6807600,0.0
6811200,0.0
6814800,0.0
6818400,0.0
6822000,0.0
6825600,0.0
6829200,0.0
6832800,0.0
6836400,0.0
6840000,0.0
6843600,71.16
6847200,272.77
6850800,490.52
6854400,683.02
6858000,834.42
6861600,940.17
6865200,996.0
6868800,982.3
6872400,913.63
6876000,782.92
6879600,607.36
6883200,393.99
6886800,182.22
6890400,19.37
6894000,0.0
6897600,0.0
6901200,0.0
6904800,0.0
6908400,0.0
6912000,0.0
6915600,0.0
6919200,0.0
6922800,0.0
6926400,0.0
6930000,47.07
6933600,205.54
6937200,287.73
6940800,415.39
6944400,454.2
6948000,335.98
6951600,294.75
6955200,323.94
6958800,239.12
6962400,483.98
6966000,511.73
6969600,298.62
6973200,125.5
6976800,17.16
6980400,0.0
6984000,0.0
6987600,0.0
6991200,0.0
6994800,0.0
6998400,0.0
7002000,0.0
7005600,0.0
7009200,0.0
7012800,0.0
7016400,57.87
7020000,212.78
7023600,416.01
7027200,606.33
7030800,764.19
7034400,881.3
7038000,884.99
7041600,859.27
7045200,737.69
7048800,543.88
7052400,403.86
7056000,255.98
7059600,118.08
7063200,17.48
7066800,0.0
7070400,0.0
7074000,0.0
7077600,0.0
7081200,0.0
7084800,0.0
7088400,0.0
7092000,0.0
7095600,0.0
7099200,0.0
7102800,56.41
7106400,230.28
7110000,380.3
7113600,569.77
7117200,725.95
7120800,834.94
7124400,814.23
7128000,753.19
7131600,592.92
7135200,471.48
7138800,336.45
7142400,192.95
7146000,81.64
7149600,16.05
7153200,0.0
7156800,0.0
7160400,0.0
7164000,0.0
7167600,0.0
7171200,0.0
7174800,0.0
7178400,0.0
7182000,0.0
7185600,0.0
7189200,35.12
7192800,76.99
7196400,96.44
7200000,157.97
7203600,257.24
7207200,340.08
7210800,237.52
7214400,206.99
7218000,241.64
7221600,218.38
7225200,205.7
7228800,82.23
7232400,62.8
7236000,15.81
7239600,0.0
7243200,0.0
7246800,0.0
7250400,0.0
7254000,0.0
7257600,0.0
7261200,0.0
7264800,0.0
7268400,0.0
7272000,0.0
7275600,0.0
7279200,31.97
7282800,206.33
7286400,393.12
7290000,584.4
7293600,714.96
7297200,676.56
7300800,719.75
7304400,598.12
7308000,454.51
7311600,323.52
7315200,166.59
7318800,26.46
7322400,0.0
7326000,0.0
7329600,0.0
7333200,0.0
7336800,0.0
7340400,0.0
7344000,0.0
7347600,0.0
7351200,0.0
7354800,0.0
7358400,0.0
7362000,0.0
7365600,33.74
7369200,243.56
7372800,453.34
7376400,628.98
7380000,753.88
7383600,812.18
7387200,810.78
7390800,736.84
7394400,601.2
7398000,447.41
7401600,242.44
7405200,39.65
7408800,0.0
7412400,0.0
7416000,0.0
7419600,0.0
7423200,0.0
7426800,0.0
7430400,0.0
7434000,0.0
7437600,0.0
7441200,0.0
7444800,0.0
7448400,0.0
7452000,40.62
7455600,228.55
7459200,455.02
7462800,656.3
7466400,780.5
7470000,845.99
7473600,843.03
7477200,669.35
7480800,656.71
7484400,478.02
7488000,262.83
7491600,51.86
7495200,0.0
7498800,0.0
7502400,0.0
7506000,0.0
7509600,0.0
7513200,0.0
7516800,0.0
7520400,0.0
7524000,0.0
7527600,0.0
7531200,0.0
7534800,0.0
7538400,34.88
7542000,215.2
7545600,415.34
7549200,587.65
7552800,704.53
7556400,769.55
7560000,772.95
7563600,702.77
7567200,561.82
7570800,394.86
7574400,199.38
7578000,28.27
7581600,0.0
7585200,0.0
7588800,0.0
7592400,0.0
7596000,0.0
7599600,0.0
7603200,0.0
7606800,0.0
7610400,0.0
7614000,0.0
7617600,0.0
7621200,0.0
7624800,37.66
7628400,187.84
7632000,363.69
7635600,471.68
7639200,518.74
7642800,538.8
7646400,649.84
7650000,606.32
7653600,553.77
7657200,417.7
7660800,214.66
7664400,37.54
7668000,0.0
7671600,0.0
7675200,0.0
7678800,0.0
7682400,0.0
7686000,0.0
7689600,0.0
7693200,0.0
7696800,0.0
7700400,0.0
7704000,0.0
7707600,0.0
7711200,46.61
7714800,225.31
7718400,435.83
7722000,627.34
7725600,779.17
7729200,835.22
7732800,833.11
7736400,768.22
7740000,645.51
7743600,462.12
7747200,252.16
7750800,43.05
7754400,0.0
7758000,0.0
7761600,0.0
7765200,0.0
7768800,0.0
7772400,0.0
7776000,0.0
7779600,0.0
7783200,0.0
7786800,0.0
7790400,0.0
7794000,0.0
7797600,39.16
7801200,191.13
7804800,377.73
7808400,556.43
7812000,703.45
7815600,792.01
7819200,742.3
7822800,654.41
7826400,433.22
7830000,345.67
7833600,186.45
7837200,34.81
7840800,0.0
7844400,0.0
7848000,0.0
7851600,0.0
7855200,0.0
7858800,0.0
7862400,0.0
7866000,0.0
7869600,0.0
7873200,0.0
7876800,0.0
7880400,24.99
7884000,181.5
7887600,422.03
7891200,622.66
7894800,780.71
7898400,870.9
7902000,926.35
7905600,925.45
7909200,817.66
7912800,649.49
7916400,502.13
7920000,277.94
7923600,91.88
7927200,6.77
7930800,0.0
7934400,0.0
7938000,0.0
7941600,0.0
7945200,0.0
7948800,0.0
7952400,0.0
7956000,0.0
7959600,0.0
7963200,0.0
7966800,21.34
7970400,124.59
7974000,285.41
7977600,432.1
7981200,652.01
7984800,689.96
7988400,715.45
7992000,777.86
7995600,761.52
7999200,609.94
8002800,264.18
8006400,129.58
8010000,47.95
8013600,6.62
8017200,0.0
8020800,0.0
8024400,0.0
8028000,0.0
8031600,0.0
8035200,0.0
8038800,0.0
8042400,0.0
8046000,0.0
8049600,0.0
8053200,23.67
8056800,146.52
8060400,326.65
8064000,560.61
8067600,729.09
8071200,845.91
8074800,916.19
8078400,892.98
8082000,816.4
8085600,685.21
8089200,503.38
8092800,293.83
8096400,94.76
8100000,8.59
8103600,0.0
8107200,0.0
8110800,0.0
8114400,0.0
8118000,0.0
8121600,0.0
8125200,0.0
8128800,0.0
8132400,0.0
8136000,0.0
8139600,24.24
8143200,158.5
8146800,351.09
8150400,505.88
8154000,554.13
8157600,589.48
8161200,258.99
8164800,541.63
8168400,548.77
8172000,540.7
8175600,483.94
8179200,287.23
8182800,105.61
8186400,9.54
8190000,0.0
8193600,0.0
8197200,0.0
8200800,0.0
8204400,0.0
8208000,0.0
8211600,0.0
8215200,0.0
8218800,0.0
8222400,0.0
8226000,31.62
8229600,196.59
8233200,385.16
8236800,567.7
8240400,752.79
8244000,849.25
8247600,902.13
8251200,884.88
8254800,815.06
8258400,690.85
8262000,517.36
8265600,289.81
8269200,94.45
8272800,8.92
8276400,0.0
8280000,0.0
8283600,0.0
8287200,0.0
8290800,0.0
8294400,0.0
8298000,0.0
8301600,0.0
8305200,0.0
8308800,0.0
8312400,28.5
8316000,166.93
8319600,363.68
8323200,579.95
8326800,617.92
8330400,767.7
8334000,601.4
8337600,497.61
8341200,447.12
8344800,413.23
8348400,294.41
8352000,157.54
8355600,38.33
8359200,7.65
8362800,0.0
8366400,0.0
8370000,0.0
8373600,0.0
8377200,0.0
8380800,0.0
8384400,0.0
8388000,0.0
8391600,0.0
8395200,0.0
8398800,19.27
8402400,88.39
8406000,204.02
8409600,294.1
8413200,386.73
8416800,361.45
8420400,582.29
8424000,526.59
8427600,369.64
8431200,234.42
8434800,185.84
8438400,88.24
8442000,27.8
8445600,8.43
8449200,0.0
8452800,0.0
8456400,0.0
8460000,0.0
8463600,0.0
8467200,0.0
8470800,0.0
8474400,0.0
8478000,0.0
8481600,0.0
8485200,0.0
8488800,0.0
8492400,48.17
8496000,233.79
8499600,402.11
8503200,498.0
8506800,564.52
8510400,587.05
8514000,500.2
8517600,391.55
8521200,241.91
8524800,73.95
8528400,0.0
8532000,0.0
8535600,0.0
8539200,0.0
8542800,0.0
8546400,0.0
8550000,0.0
8553600,0.0
8557200,0.0
8560800,0.0
8564400,0.0
8568000,0.0
8571600,0.0
8575200,0.0
8578800,54.56
8582400,229.09
8586000,418.3
8589600,544.12
8593200,602.76
8596800,592.79
8600400,519.09
8604000,431.74
8607600,267.24
8611200,78.87
8614800,0.0
8618400,0.0
8622000,0.0
8625600,0.0
8629200,0.0
8632800,0.0
8636400,0.0
8640000,0.0
8643600,0.0
8647200,0.0
8650800,0.0
8654400,0.0
8658000,0.0
8661600,0.0
8665200,46.28
8668800,196.61
8672400,382.95
8676000,492.34
8679600,572.86
8683200,512.49
8686800,445.59
8690400,330.77
8694000,185.72
8697600,59.19
8701200,0.0
8704800,0.0
8708400,0.0
8712000,0.0
8715600,0.0
8719200,0.0
8722800,0.0
8726400,0.0
8730000,0.0
8733600,0.0
8737200,0.0
8740800,0.0
8744400,0.0
8748000,0.0
8751600,47.56
8755200,194.71
8758800,354.26
8762400,451.95
8766000,579.09
8769600,556.67
8773200,548.35
8776800,425.93
8780400,259.81
8784000,82.77
8787600,0.0
8791200,0.0
8794800,0.0
8798400,0.0
8802000,0.0
8805600,0.0
8809200,0.0
8812800,0.0
8816400,0.0
8820000,0.0
8823600,0.0
8827200,0.0
8830800,0.0
8834400,0.0
8838000,57.95
8841600,232.39
8845200,412.12
8848800,557.43
8852400,608.66
8856000,604.55
8859600,557.15
8863200,437.82
8866800,276.41
8870400,83.72
8874000,0.0
8877600,0.0
8881200,0.0
8884800,0.0
8888400,0.0
8892000,0.0
8895600,0.0
8899200,0.0
8902800,0.0
8906400,0.0
8910000,0.0
8913600,0.0
8917200,0.0
8920800,0.0
8924400,41.06
8928000,168.47
8931600,255.38
8935200,364.58
8938800,422.21
8942400,370.11
8946000,273.55
8949600,217.33
8953200,126.32
8956800,40.15
8960400,0.0
8964000,0.0
8967600,0.0
8971200,0.0
8974800,0.0
8978400,0.0
8982000,0.0
8985600,0.0
8989200,0.0
8992800,0.0
8996400,0.0
9000000,0.0
9003600,0.0
9007200,0.0
9010800,47.69
9014400,140.34
9018000,282.93
9021600,421.2
9025200,481.62
9028800,536.59
9032400,468.81
9036000,388.55
9039600,254.64
9043200,83.26
9046800,0.0
9050400,0.0
9054000,0.0
9057600,0.0
9061200,0.0
9064800,0.0
9068400,0.0
9072000,0.0
9075600,0.0
9079200,0.0
9082800,0.0
9086400,0.0
9090000,14.16
9093600,169.05
9097200,398.26
9100800,597.36
9104400,766.43
9108000,880.03
9111600,944.66
9115200,936.73
9118800,864.91
9122400,733.9
9126000,560.04
9129600,350.21
9133200,126.8
9136800,0.0
9140400,0.0
9144000,0.0
9147600,0.0
9151200,0.0
9154800,0.0
9158400,0.0
9162000,0.0
9165600,0.0
9169200,0.0
9172800,0.0
9176400,16.48
9180000,171.02
9183600,383.29
9187200,573.97
9190800,725.85
9194400,803.26
9198000,765.59
9201600,734.01
9205200,680.05
9208800,532.1
9212400,407.03
9216000,245.02
9219600,77.14
9223200,0.0
9226800,0.0
9230400,0.0
9234000,0.0
9237600,0.0
9241200,0.0
9244800,0.0
9248400,0.0
9252000,0.0
9255600,0.0
9259200,0.0
9262800,10.86
9266400,94.17
9270000,233.62
9273600,369.43
9277200,641.77
9280800,686.85
9284400,757.15
9288000,785.5
9291600,735.25
9295200,562.38
9298800,394.11
9302400,220.5
9306000,69.48
9309600,0.0
9313200,0.0
9316800,0.0
9320400,0.0
9324000,0.0
9327600,0.0
9331200,0.0
9334800,0.0
9338400,0.0
9342000,0.0
9345600,0.0
9349200,14.86
9352800,94.92
9356400,190.49
9360000,345.53
9363600,689.23
9367200,825.03
9370800,740.25
9374400,690.41
9378000,702.99
9381600,575.46
9385200,446.27
9388800,277.19
9392400,101.12
9396000,0.0
9399600,0.0
9403200,0.0
9406800,0.0
9410400,0.0
9414000,0.0
9417600,0.0
9421200,0.0
9424800,0.0
9428400,0.0
9432000,0.0
9435600,25.84
9439200,206.75
9442800,429.2
9446400,630.28
9450000,786.7
9453600,916.36
9457200,959.71
9460800,949.6
9464400,876.91
9468000,742.87
9471600,543.98
9475200,336.64
9478800,103.07
9482400,7.83
9486000,0.0
9489600,0.0
9493200,0.0
9496800,0.0
9500400,0.0
9504000,0.0
9507600,0.0
9511200,0.0
9514800,0.0
9518400,0.0
9522000,17.11
9525600,110.31
9529200,245.02
9532800,393.55
9536400,586.87
9540000,545.97
9543600,653.66
9547200,603.08
9550800,563.61
9554400,464.73
9558000,311.75
9561600,168.55
9565200,68.53
9568800,6.89
9572400,0.0
9576000,0.0
9579600,0.0
9583200,0.0
9586800,0.0
9590400,0.0
9594000,0.0
9597600,0.0
9601200,0.0
9604800,0.0
9608400,20.78
9612000,143.81
9615600,314.14
9619200,497.38
9622800,714.24
9626400,812.99
9630000,748.95
9633600,754.73
9637200,662.96
9640800,548.39
9644400,415.14
9648000,255.03
9651600,85.48
9655200,6.89
9658800,0.0
9662400,0.0
9666000,0.0
9669600,0.0
9673200,0.0
9676800,0.0
9680400,0.0
9684000,0.0
9687600,0.0
9691200,0.0
9694800,0.0
9698400,15.42
9702000,151.52
9705600,355.94
9709200,552.66
9712800,703.84
9716400,733.75
9720000,747.88
9723600,667.88
9727200,531.03
9730800,368.02
9734400,183.59
9738000,18.24
9741600,0.0
9745200,0.0
9748800,0.0
9752400,0.0
9756000,0.0
9759600,0.0
9763200,0.0
9766800,0.0
9770400,0.0
9774000,0.0
9777600,0.0
9781200,0.0
9784800,18.3
9788400,164.06
9792000,368.66
9795600,550.32
9799200,689.51
9802800,741.11
9806400,740.27
9810000,684.8
9813600,559.55
9817200,387.45
9820800,174.45
9824400,21.63
9828000,0.0
9831600,0.0
9835200,0.0
9838800,0.0
9842400,0.0
9846000,0.0
9849600,0.0
9853200,0.0
9856800,0.0
9860400,0.0
9864000,0.0
9867600,0.0
9871200,18.86
9874800,164.58
9878400,362.72
9882000,535.52
9885600,665.8
9889200,734.93
9892800,731.27
9896400,680.39
9900000,536.98
9903600,360.0
9907200,169.27
9910800,23.1
9914400,0.0
9918000,0.0
9921600,0.0
9925200,0.0
9928800,0.0
9932400,0.0
9936000,0.0
9939600,0.0
9943200,0.0
9946800,0.0
9950400,0.0
9954000,0.0
9957600,23.44
9961200,186.42
9964800,391.6
9968400,563.6
9972000,686.42
9975600,755.88
9979200,754.63
9982800,693.34
9986400,574.08
9990000,400.9
9993600,200.13
9997200,26.81
10000800,0.0
10004400,0.0
10008000,0.0
10011600,0.0
10015200,0.0
10018800,0.0
10022400,0.0
10026000,0.0
10029600,0.0
10033200,0.0
10036800,0.0
10040400,0.0
10044000,22.9
10047600,177.08
10051200,381.01
10054800,564.95
10058400,692.91
10062000,752.85
10065600,753.85
10069200,675.07
10072800,481.52
10076400,337.1
10080000,185.1
10083600,25.05
10087200,0.0
10090800,0.0
10094400,0.0
10098000,0.0
10101600,0.0
10105200,0.0
10108800,0.0
10112400,0.0
10116000,0.0
10119600,0.0
10123200,0.0
10126800,0.0
10130400,24.05
10134000,160.12
10137600,381.18
10141200,565.64
10144800,706.86
10148400,774.57
10152000,773.17
10155600,715.44
10159200,587.51
10162800,414.08
10166400,200.53
10170000,29.69
10173600,0.0
10177200,0.0
10180800,0.0
10184400,0.0
10188000,0.0
10191600,0.0
10195200,0.0
10198800,0.0
10202400,0.0
10206000,0.0
10209600,0.0
10213200,0.0
10216800,31.06
10220400,208.18
10224000,411.55
10227600,593.2
10231200,720.34
10234800,767.1
10238400,760.98
10242000,705.85
10245600,592.76
10249200,415.44
10252800,203.49
10256400,31.15
10260000,0.0
10263600,0.0
10267200,0.0
10270800,0.0
10274400,0.0
10278000,0.0
10281600,0.0
10285200,0.0
10288800,0.0
10292400,0.0
10296000,0.0
10299600,0.0
10303200,0.0
10306800,59.8
10310400,249.35
10314000,433.51
10317600,524.15
10321200,615.62
10324800,618.57
10328400,490.71
10332000,407.38
10335600,261.33
10339200,92.6
10342800,0.0
10346400,0.0
10350000,0.0
10353600,0.0
10357200,0.0
10360800,0.0
10364400,0.0
10368000,0.0
10371600,0.0
10375200,0.0
10378800,0.0
10382400,0.0
10386000,0.0
10389600,0.0
10393200,62.17
10396800,116.1
10400400,170.23
10404000,239.2
10407600,257.59
10411200,144.12
10414800,194.38
10418400,135.85
10422000,84.42
10425600,33.23
10429200,0.0
10432800,0.0
10436400,0.0
10440000,0.0
10443600,0.0
10447200,0.0
10450800,0.0
10454400,0.0
10458000,0.0
10461600,0.0
10465200,0.0
10468800,0.0
10472400,0.0
10476000,0.0
10479600,56.71
10483200,185.72
10486800,315.87
10490400,472.85
10494000,563.36
10497600,552.68
10501200,510.26
10504800,382.96
10508400,262.27
10512000,90.02
10515600,0.0
10519200,0.0
10522800,0.0
10526400,0.0
10530000,0.0
10533600,0.0
10537200,0.0
10540800,0.0
10544400,0.0
10548000,0.0
10551600,0.0
10555200,0.0
10558800,0.0
10562400,0.0
10566000,50.6
10569600,161.53
10573200,285.19
10576800,419.16
10580400,497.47
10584000,525.55
10587600,402.01
10591200,278.86
10594800,173.52
10598400,85.81
10602000,0.0
10605600,0.0
10609200,0.0
10612800,0.0
10616400,0.0
10620000,0.0
10623600,0.0
10627200,0.0
10630800,0.0
10634400,0.0
10638000,0.0
10641600,0.0
10645200,0.0
10648800,0.0
10652400,62.06
10656000,201.02
10659600,372.72
10663200,539.27
10666800,563.85
10670400,597.25
10674000,506.26
10677600,380.19
10681200,241.45
10684800,86.35
10688400,0.0
10692000,0.0
10695600,0.0
10699200,0.0
10702800,0.0
10706400,0.0
10710000,0.0
10713600,0.0
10717200,0.0
10720800,0.0
10724400,0.0
10728000,0.0
10731600,0.0
10735200,0.0
10738800,66.75
10742400,228.48
10746000,396.52
10749600,525.51
10753200,607.38
10756800,649.01
10760400,546.54
10764000,467.52
10767600,303.2
10771200,110.63
10774800,7.84
10778400,0.0
10782000,0.0
10785600,0.0
10789200,0.0
10792800,0.0
10796400,0.0
10800000,0.0
10803600,0.0
10807200,0.0
10810800,0.0
10814400,0.0
10818000,0.0
10821600,0.0
10825200,79.66
10828800,256.83
10832400,455.63
10836000,582.9
10839600,640.28
10843200,615.92
10846800,529.77
10850400,422.27
10854000,277.02
10857600,107.51
10861200,7.79
10864800,0.0
10868400,0.0
10872000,0.0
10875600,0.0
10879200,0.0
10882800,0.0
10886400,0.0
10890000,0.0
10893600,0.0
10897200,0.0
10900800,0.0
10904400,6.04
10908000,43.27
10911600,128.2
10915200,246.02
10918800,389.54
10922400,589.67
10926000,664.69
10929600,560.2
10933200,480.12
10936800,401.17
10940400,314.95
10944000,189.78
10947600,53.38
10951200,0.0
10954800,0.0
10958400,0.0
10962000,0.0
10965600,0.0
10969200,0.0
10972800,0.0
10976400,0.0
10980000,0.0
10983600,0.0
10987200,0.0
10990800,7.52
10994400,110.41
10998000,311.8
11001600,464.43
11005200,649.51
11008800,695.65
11012400,743.02
11016000,749.81
11019600,572.09
11023200,412.53
11026800,226.17
11030400,104.97
11034000,46.77
11037600,0.0
11041200,0.0
11044800,0.0
11048400,0.0
11052000,0.0
11055600,0.0
11059200,0.0
11062800,0.0
11066400,0.0
11070000,0.0
11073600,0.0
11077200,4.8
11080800,16.24
11084400,50.37
11088000,153.66
11091600,364.05
11095200,386.98
11098800,396.04
11102400,357.95
11106000,330.64
11109600,241.68
11113200,276.3
11116800,108.8
11120400,56.93
11124000,0.0
11127600,0.0
11131200,0.0
11134800,0.0
11138400,0.0
11142000,0.0
11145600,0.0
11149200,0.0
11152800,0.0
11156400,0.0
11160000,0.0
11163600,7.16
11167200,74.74
11170800,202.07
11174400,316.58
11178000,506.52
11181600,620.76
11185200,631.93
11188800,569.56
11192400,488.62
11196000,360.55
11199600,241.45
11203200,133.63
11206800,50.7
11210400,0.0
11214000,0.0
11217600,0.0
11221200,0.0
11224800,0.0
11228400,0.0
11232000,0.0
11235600,0.0
11239200,0.0
11242800,0.0
11246400,0.0
11250000,7.26
11253600,26.17
11257200,99.78
11260800,141.52
11264400,237.32
11268000,214.24
11271600,445.16
11275200,284.96
11278800,225.38
11282400,282.48
11286000,150.72
11289600,149.02
11293200,26.71
11296800,0.0
11300400,0.0
11304000,0.0
11307600,0.0
11311200,0.0
11314800,0.0
11318400,0.0
11322000,0.0
11325600,0.0
11329200,0.0
11332800,0.0
11336400,6.7
11340000,31.52
11343600,105.64
11347200,199.24
11350800,275.84
11354400,253.73
11358000,294.62
11361600,195.73
11365200,193.73
11368800,202.39
11372400,169.6
11376000,136.75
11379600,43.26
11383200,0.0
11386800,0.0
11390400,0.0
11394000,0.0
11397600,0.0
11401200,0.0
11404800,0.0
11408400,0.0
11412000,0.0
11415600,0.0
11419200,0.0
11422800,11.13
11426400,150.56
11430000,360.69
11433600,563.83
11437200,725.92
11440800,843.57
11444400,915.36
11448000,839.58
11451600,709.92
11455200,480.87
11458800,355.41
11462400,234.6
11466000,75.37
11469600,0.0
11473200,0.0
11476800,0.0
11480400,0.0
11484000,0.0
11487600,0.0
11491200,0.0
11494800,0.0
11498400,0.0
11502000,0.0
11505600,0.0
11509200,0.0
11512800,0.0
11516400,59.8
11520000,249.35
11523600,433.51
11527200,524.15
11530800,615.62
11534400,618.57
11538000,490.71
11541600,407.38
11545200,261.33
11548800,92.6
11552400,0.0
11556000,0.0
11559600,0.0
11563200,0.0
11566800,0.0
11570400,0.0
11574000,0.0
11577600,0.0
11581200,0.0
11584800,0.0
11588400,0.0
11592000,0.0
11595600,0.0
11599200,0.0
11602800,62.17
11606400,116.1
11610000,170.23
11613600,239.2
11617200,257.59
11620800,144.12
11624400,194.38
11628000,135.85
11631600,84.42
11635200,33.23
11638800,0.0
11642400,0.0
11646000,0.0
11649600,0.0
11653200,0.0
11656800,0.0
11660400,0.0
11664000,0.0
11667600,0.0
11671200,0.0
11674800,0.0
11678400,0.0
11682000,0.0
11685600,0.0
11689200,56.71
11692800,185.72
11696400,315.87
11700000,472.85
11703600,563.36
11707200,552.68
11710800,510.26
11714400,382.96
11718000,262.27
11721600,90.02
11725200,0.0
11728800,0.0
11732400,0.0
11736000,0.0
11739600,0.0
11743200,0.0
11746800,0.0
11750400,0.0
11754000,0.0
11757600,0.0
11761200,0.0
11764800,0.0
11768400,0.0
11772000,0.0
11775600,50.6
11779200,161.53
11782800,285.19
11786400,419.16
11790000,497.47
11793600,525.55
11797200,402.01
11800800,278.86
11804400,173.52
11808000,85.81
11811600,0.0
11815200,0.0
11818800,0.0
11822400,0.0
11826000,0.0
11829600,0.0
11833200,0.0
11836800,0.0
11840400,0.0
11844000,0.0
11847600,0.0
11851200,0.0
11854800,0.0
11858400,0.0
11862000,62.06
11865600,201.02
11869200,372.72
11872800,539.27
11876400,563.85
11880000,597.25
11883600,506.26
11887200,380.19
11890800,241.45
11894400,86.35
11898000,0.0
11901600,0.0
11905200,0.0
11908800,0.0
11912400,0.0
11916000,0.0
11919600,0.0
11923200,0.0
11926800,0.0
11930400,0.0
11934000,0.0
11937600,0.0
11941200,0.0
11944800,0.0
11948400,66.75
11952000,228.48
11955600,396.52
11959200,525.51
11962800,607.38
11966400,649.01
11970000,546.54
11973600,467.52
11977200,303.2
11980800,110.63
11984400,7.84
11988000,0.0
11991600,0.0
11995200,0.0
11998800,0.0
12002400,0.0
12006000,0.0
12009600,0.0
12013200,0.0
12016800,0.0
12020400,0.0
12024000,0.0
12027600,0.0
12031200,0.0
12034800,79.66
12038400,256.83
12042000,455.63
12045600,582.9
12049200,640.28
12052800,615.92
12056400,529.77
12060000,422.27
12063600,277.02
12067200,107.51
12070800,7.79
12074400,0.0
12078000,0.0
12081600,0.0
12085200,0.0
12088800,0.0
12092400,0.0
12096000,0.0
12099600,0.0
12103200,0.0
12106800,0.0
12110400,0.0
12114000,29.31
12117600,156.65
12121200,331.12
12124800,572.07
12128400,726.26
12132000,782.43
12135600,846.93
12139200,820.46
12142800,686.93
12146400,484.23
12150000,354.78
12153600,187.27
12157200,72.28
12160800,9.14
12164400,0.0
12168000,0.0
12171600,0.0
12175200,0.0
12178800,0.0
12182400,0.0
12186000,0.0
12189600,0.0
12193200,0.0
12196800,0.0
12200400,33.49
12204000,193.73
12207600,389.98
12211200,556.2
12214800,754.09
12218400,858.05
12222000,868.22
12225600,799.29
12229200,710.16
12232800,552.16
12236400,365.84
12240000,189.86
12243600,72.52
12247200,7.98
12250800,0.0
12254400,0.0
12258000,0.0
12261600,0.0
12265200,0.0
12268800,0.0
12272400,0.0
12276000,0.0
12279600,0.0
12283200,0.0
12286800,27.98
12290400,161.63
12294000,318.16
12297600,493.52
12301200,686.65
12304800,754.64
12308400,718.62
12312000,660.39
12315600,599.14
12319200,499.38
12322800,414.11
12326400,253.69
12330000,101.55
12333600,11.77
12337200,0.0
12340800,0.0
12344400,0.0
12348000,0.0
12351600,0.0
12355200,0.0
12358800,0.0
12362400,0.0
12366000,0.0
12369600,0.0
12373200,39.24
12376800,193.03
12380400,376.75
12384000,488.98
12387600,649.48
12391200,596.86
12394800,495.42
12398400,415.95
12402000,408.21
12405600,321.55
12409200,305.48
12412800,210.9
12416400,80.93
12420000,11.92
12423600,0.0
12427200,0.0
12430800,0.0
12434400,0.0
12438000,0.0
12441600,0.0
12445200,0.0
12448800,0.0
12452400,0.0
12456000,0.0
12459600,45.42
12463200,212.45
12466800,392.95
12470400,578.71
12474000,762.44
12477600,867.48
12481200,968.34
12484800,949.45
12488400,881.07
12492000,753.96
12495600,584.95
12499200,365.3
12502800,142.27
12506400,15.38
12510000,0.0
12513600,0.0
12517200,0.0
12520800,0.0
12524400,0.0
12528000,0.0
12531600,0.0
12535200,0.0
12538800,0.0
12542400,0.0
12546000,40.27
12549600,172.07
12553200,340.54
12556800,566.17
12560400,745.08
12564000,784.95
12567600,721.77
12571200,630.45
12574800,558.36
12578400,360.76
12582000,285.52
12585600,218.61
12589200,89.95
12592800,13.67
12596400,0.0
12600000,0.0
12603600,0.0
12607200,0.0
12610800,0.0
12614400,0.0
12618000,0.0
12621600,0.0
12625200,0.0
12628800,0.0
12632400,28.62
12636000,104.71
12639600,273.6
12643200,396.2
12646800,331.48
12650400,491.24
12654000,507.06
12657600,467.96
12661200,376.88
12664800,346.82
12668400,380.84
12672000,202.09
12675600,93.37
12679200,13.37
12682800,0.0
12686400,0.0
12690000,0.0
12693600,0.0
12697200,0.0
12700800,0.0
12704400,0.0
12708000,0.0
12711600,0.0
12715200,0.0
12718800,6.04
12722400,43.27
12726000,128.2
12729600,246.02
12733200,389.54
12736800,589.67
12740400,664.69
12744000,560.2
12747600,480.12
12751200,401.17
12754800,314.95
12758400,189.78
12762000,53.38
12765600,0.0
12769200,0.0
12772800,0.0
12776400,0.0
12780000,0.0
12783600,0.0
12787200,0.0
12790800,0.0
12794400,0.0
12798000,0.0
12801600,0.0
12805200,7.52
12808800,110.41
12812400,311.8
12816000,464.43
12819600,649.51
12823200,695.65
12826800,743.02
12830400,749.81
12834000,572.09
12837600,412.53
12841200,226.17
12844800,104.97
12848400,46.77
12852000,0.0
12855600,0.0
12859200,0.0
12862800,0.0
12866400,0.0
12870000,0.0
12873600,0.0
12877200,0.0
12880800,0.0
12884400,0.0
12888000,0.0
12891600,4.8
12895200,16.24
12898800,50.37
12902400,153.66
12906000,364.05
12909600,386.98
12913200,396.04
12916800,357.95
12920400,330.64
12924000,241.68
12927600,276.3
12931200,108.8
12934800,56.93
12938400,0.0
12942000,0.0
12945600,0.0
12949200,0.0
12952800,0.0
12956400,0.0
12960000,0.0
12963600,0.0
12967200,0.0
12970800,0.0
12974400,0.0
12978000,7.16
12981600,74.74
12985200,202.07
12988800,316.58
12992400,506.52
12996000,620.76
12999600,631.93
13003200,569.56
13006800,488.62
13010400,360.55
13014000,241.45
13017600,133.63
13021200,50.7
13024800,0.0
13028400,0.0
13032000,0.0
13035600,0.0
13039200,0.0
13042800,0.0
13046400,0.0
13050000,0.0
13053600,0.0
13057200,0.0
13060800,0.0
13064400,7.26
13068000,26.17
13071600,99.78
13075200,141.52
13078800,237.32
13082400,214.24
13086000,445.16
13089600,284.96
13093200,225.38
13096800,282.48
13100400,150.72
13104000,149.02
13107600,26.71
13111200,0.0
13114800,0.0
13118400,0.0
13122000,0.0
13125600,0.0
13129200,0.0
13132800,0.0
13136400,0.0
13140000,0.0
13143600,0.0
13147200,0.0
13150800,6.7
13154400,31.52
13158000,105.64
13161600,199.24
13165200,275.84
13168800,253.73
13172400,294.62
13176000,195.73
13179600,193.73
13183200,202.39
13186800,169.6
13190400,136.75
13194000,43.26
13197600,0.0
13201200,0.0
13204800,0.0
13208400,0.0
13212000,0.0
13215600,0.0
13219200,0.0
13222800,0.0
13226400,0.0
13230000,0.0
13233600,0.0
13237200,11.13
13240800,150.56
13244400,360.69
13248000,563.83
13251600,725.92
13255200,843.57
13258800,915.36
13262400,839.58
13266000,709.92
13269600,480.87
13273200,355.41
13276800,234.6
13280400,75.37
13284000,0.0
13287600,0.0
13291200,0.0
13294800,0.0
13298400,0.0
13302000,0.0
13305600,0.0
13309200,0.0
13312800,0.0
13316400,0.0
13320000,12.53
13323600,124.69
13327200,288.94
13330800,463.96
13334400,630.58
13338000,799.25
13341600,804.64
13345200,854.53
13348800,841.56
13352400,666.46
13356000,580.04
13359600,411.07
13363200,331.21
13366800,199.68
13370400,61.56
13374000,0.0
13377600,0.0
13381200,0.0
13384800,0.0
13388400,0.0
13392000,0.0
13395600,0.0
13399200,0.0
13402800,0.0
13406400,10.34
13410000,73.88
13413600,224.37
13417200,295.73
13420800,519.23
13424400,505.35
13428000,576.88
13431600,619.54
13435200,650.79
13438800,722.23
13442400,680.14
13446000,549.8
13449600,353.04
13453200,202.18
13456800,68.45
13460400,0.0
13464000,0.0
13467600,0.0
13471200,0.0
13474800,0.0
13478400,0.0
13482000,0.0
13485600,0.0
13489200,0.0
13492800,9.22
13496400,88.98
13500000,270.14
13503600,481.41
13507200,634.62
13510800,575.5
13514400,691.59
13518000,577.8
13521600,604.88
13525200,696.51
13528800,533.87
13532400,341.89
13536000,158.09
13539600,93.19
13543200,16.22
13546800,0.0
13550400,0.0
13554000,0.0
13557600,0.0
13561200,0.0
13564800,0.0
13568400,0.0
13572000,0.0
13575600,0.0
13579200,5.99
13582800,26.88
13586400,60.07
13590000,76.55
13593600,119.19
13597200,222.85
13600800,368.41
13604400,246.95
13608000,466.34
13611600,644.59
13615200,645.02
13618800,530.34
13622400,438.27
13626000,263.62
13629600,94.58
13633200,0.0
13636800,0.0
13640400,0.0
13644000,0.0
13647600,0.0
13651200,0.0
13654800,0.0
13658400,0.0
13662000,0.0
13665600,10.54
13669200,129.14
13672800,329.88
13676400,536.46
13680000,716.78
13683600,869.16
13687200,963.59
13690800,990.63
13694400,980.3
13698000,923.58
13701600,804.03
13705200,645.89
13708800,460.27
13712400,255.77
13716000,93.16
13719600,0.0
13723200,0.0
13726800,0.0
13730400,0.0
13734000,0.0
13737600,0.0
13741200,0.0
13744800,0.0
13748400,0.0
13752000,11.26
13755600,134.26
13759200,331.56
13762800,535.05
13766400,713.14
13770000,864.98
13773600,950.83
13777200,984.09
13780800,981.66
13784400,926.64
13788000,741.77
13791600,555.89
13795200,368.38
13798800,196.68
13802400,67.78
13806000,0.0
13809600,0.0
13813200,0.0
13816800,0.0
13820400,0.0
13824000,0.0
13827600,0.0
13831200,0.0
13834800,0.0
13838400,10.41
13842000,129.9
13845600,322.17
13849200,521.16
13852800,698.39
13856400,851.53
13860000,951.09
13863600,975.26
13867200,967.91
13870800,908.53
13874400,787.02
13878000,637.03
13881600,463.96
13885200,270.14
13888800,85.41
13892400,0.0
13896000,0.0
13899600,0.0
13903200,0.0
13906800,0.0
13910400,0.0
13914000,0.0
13917600,0.0
13921200,0.0
13924800,14.34
13928400,131.81
13932000,336.1
13935600,529.7
13939200,660.98
13942800,793.3
13946400,919.38
13950000,959.49
13953600,926.04
13957200,865.87
13960800,694.75
13964400,418.66
13968000,283.85
13971600,151.25
13975200,56.38
13978800,0.0
13982400,0.0
13986000,0.0
13989600,0.0
13993200,0.0
13996800,0.0
14000400,0.0
14004000,0.0
14007600,0.0
14011200,14.44
14014800,127.92
14018400,329.92
14022000,528.56
14025600,677.38
14029200,773.44
14032800,883.22
14036400,841.4
14040000,818.15
14043600,643.62
14047200,536.84
14050800,495.2
14054400,362.73
14058000,183.67
14061600,67.38
14065200,0.0
14068800,0.0
14072400,0.0
14076000,0.0
14079600,0.0
14083200,0.0
14086800,0.0
14090400,0.0
14094000,0.0
14097600,14.18
14101200,138.59
14104800,333.77
14108400,549.63
14112000,730.37
14115600,880.77
14119200,972.84
14122800,1001.42
14126400,991.06
14130000,934.43
14133600,812.66
14137200,652.86
14140800,457.48
14144400,259.26
14148000,72.73
14151600,0.0
14155200,0.0
14158800,0.0
14162400,0.0
14166000,0.0
14169600,0.0
14173200,0.0
14176800,0.0
14180400,0.0
14184000,13.54
14187600,106.76
14191200,291.05
14194800,467.38
14198400,671.34
14202000,829.68
14205600,928.77
14209200,946.68
14212800,953.66
14216400,866.32
14220000,756.75
14223600,616.27
14227200,448.0
14230800,256.12
14234400,63.08
14238000,0.0
14241600,0.0
14245200,0.0
14248800,0.0
14252400,0.0
14256000,0.0
14259600,0.0
14263200,0.0
14266800,0.0
14270400,14.8
14274000,134.61
14277600,341.1
14281200,545.16
14284800,724.82
14288400,874.56
14292000,968.57
14295600,1004.86
14299200,999.05
14302800,941.89
14306400,822.54
14310000,662.48
14313600,474.27
14317200,273.4
14320800,91.53
14324400,0.0
14328000,0.0
14331600,0.0
14335200,0.0
14338800,0.0
14342400,0.0
14346000,0.0
14349600,0.0
14353200,0.0
14356800,15.15
14360400,138.51
14364000,347.83
14367600,550.38
14371200,728.8
14374800,737.05
14378400,969.28
14382000,989.76
14385600,984.29
14389200,928.77
14392800,811.98
14396400,657.33
14400000,472.63
14403600,273.34
14407200,86.36
14410800,0.0
14414400,0.0
14418000,0.0
14421600,0.0
14425200,0.0
14428800,0.0
14432400,0.0
14436000,0.0
14439600,0.0
14443200,15.45
14446800,137.12
14450400,347.45
14454000,545.5
14457600,721.14
14461200,867.9
14464800,962.2
14468400,974.85
14472000,974.19
14475600,922.99
14479200,808.51
14482800,655.92
14486400,473.38
14490000,275.87
14493600,82.66
14497200,0.0
14500800,0.0
14504400,0.0
14508000,0.0
14511600,0.0
14515200,0.0
14518800,0.0
14522400,0.0
14526000,0.0
14529600,0.0
14533200,63.01
14536800,220.27
14540400,409.1
14544000,590.4
14547600,742.44
14551200,852.69
14554800,928.81
14558400,929.76
14562000,871.34
14565600,766.97
14569200,614.24
14572800,436.85
14576400,242.37
14580000,57.53
14583600,0.0
14587200,0.0
14590800,0.0
14594400,0.0
14598000,0.0
14601600,0.0
14605200,0.0
14608800,0.0
14612400,0.0
14616000,0.0
14619600,73.49
14623200,249.65
14626800,451.08
14630400,637.65
14634000,790.23
14637600,892.48
14641200,928.74
14644800,924.27
14648400,813.5
14652000,717.83
14655600,550.85
14659200,423.12
14662800,232.67
14666400,54.85
14670000,0.0
14673600,0.0
14677200,0.0
14680800,0.0
14684400,0.0
14688000,0.0
14691600,0.0
14695200,0.0
14698800,0.0
14702400,0.0
14706000,69.73
14709600,245.89
14713200,442.27
14716800,609.59
14720400,748.45
14724000,837.55
14727600,874.71
14731200,868.98
14734800,810.85
14738400,719.25
14742000,600.28
14745600,406.97
14749200,221.41
14752800,40.07
14756400,0.0
14760000,0.0
14763600,0.0
14767200,0.0
14770800,0.0
14774400,0.0
14778000,0.0
14781600,0.0
14785200,0.0
14788800,0.0
14792400,58.25
14796000,198.39
14799600,283.81
14803200,356.04
14806800,420.1
14810400,464.59
14814000,520.86
14817600,657.47
14821200,545.76
14824800,581.66
14828400,519.49
14832000,371.86
14835600,201.69
14839200,38.91
14842800,0.0
14846400,0.0
14850000,0.0
14853600,0.0
14857200,0.0
14860800,0.0
14864400,0.0
14868000,0.0
14871600,0.0
14875200,0.0
14878800,58.54
14882400,214.59
14886000,380.63
14889600,546.15
14893200,684.58
14896800,825.7
14900400,815.61
14904000,762.56
14907600,766.33
14911200,630.38
14914800,517.88
14918400,348.52
14922000,174.23
14925600,41.23
14929200,0.0
14932800,0.0
14936400,0.0
14940000,0.0
14943600,0.0
14947200,0.0
14950800,0.0
14954400,0.0
14958000,0.0
14961600,0.0
14965200,44.84
14968800,153.03
14972400,288.81
14976000,480.8
14979600,633.89
14983200,731.73
14986800,822.77
14990400,818.77
14994000,766.48
14997600,666.84
15001200,542.07
15004800,384.29
15008400,199.36
15012000,36.7
15015600,0.0
15019200,0.0
15022800,0.0
15026400,0.0
15030000,0.0
15033600,0.0
15037200,0.0
15040800,0.0
15044400,0.0
15048000,0.0
15051600,37.66
15055200,130.54
15058800,207.1
15062400,303.78
15066000,449.91
15069600,521.3
15073200,502.57
15076800,683.23
15080400,433.39
15084000,465.88
15087600,278.88
15091200,188.05
15094800,95.6
15098400,23.8
15102000,0.0
15105600,0.0
15109200,0.0
15112800,0.0
15116400,0.0
15120000,0.0
15123600,0.0
15127200,0.0
15130800,0.0
15134400,12.53
15138000,124.69
15141600,288.94
15145200,463.96
15148800,630.58
15152400,799.25
15156000,804.64
15159600,854.53
15163200,841.56
15166800,666.46
15170400,580.04
15174000,411.07
15177600,331.21
15181200,199.68
15184800,61.56
15188400,0.0
15192000,0.0
15195600,0.0
15199200,0.0
15202800,0.0
15206400,0.0
15210000,0.0
15213600,0.0
15217200,0.0
15220800,10.34
15224400,73.88
15228000,224.37
15231600,295.73
15235200,519.23
15238800,505.35
15242400,576.88
15246000,619.54
15249600,650.79
15253200,722.23
15256800,680.14
15260400,549.8
15264000,353.04
15267600,202.18
15271200,68.45
15274800,0.0
15278400,0.0
15282000,0.0
15285600,0.0
15289200,0.0
15292800,0.0
15296400,0.0
15300000,0.0
15303600,0.0
15307200,9.22
15310800,88.98
15314400,270.14
15318000,481.41
15321600,634.62
15325200,575.5
15328800,691.59
15332400,577.8
15336000,604.88
15339600,696.51
15343200,533.87
15346800,341.89
15350400,158.09
15354000,93.19
15357600,16.22
15361200,0.0
15364800,0.0
15368400,0.0
15372000,0.0
15375600,0.0
15379200,0.0
15382800,0.0
15386400,0.0
15390000,0.0
15393600,5.99
15397200,26.88
15400800,60.07
15404400,76.55
15408000,119.19
15411600,222.85
15415200,368.41
15418800,246.95
15422400,466.34
15426000,644.59
15429600,645.02
15433200,530.34
15436800,438.27
15440400,263.62
15444000,94.58
15447600,0.0
15451200,0.0
15454800,0.0
15458400,0.0
15462000,0.0
15465600,0.0
15469200,0.0
15472800,0.0
15476400,0.0
15480000,10.54
15483600,129.14
15487200,329.88
15490800,536.46
15494400,716.78
15498000,869.16
15501600,963.59
15505200,990.63
15508800,980.3
15512400,923.58
15516000,804.03
15519600,645.89
15523200,460.27
15526800,255.77
15530400,93.16
15534000,0.0
15537600,0.0
15541200,0.0
15544800,0.0
15548400,0.0
15552000,0.0
15555600,0.0
15559200,0.0
15562800,0.0
15566400,11.26
15570000,134.26
15573600,331.56
15577200,535.05
15580800,713.14
15584400,864.98
15588000,950.83
15591600,984.09
15595200,981.66
15598800,926.64
15602400,741.77
15606000,555.89
15609600,368.38
15613200,196.68
15616800,67.78
15620400,0.0
15624000,0.0
15627600,0.0
15631200,0.0
15634800,0.0
15638400,0.0
15642000,0.0
15645600,0.0
15649200,0.0
15652800,10.41
15656400,129.9
15660000,322.17
15663600,521.16
15667200,698.39
15670800,851.53
15674400,951.09
15678000,975.26
15681600,967.91
15685200,908.53
15688800,787.02
15692400,637.03
15696000,463.96
15699600,270.14
15703200,85.41
15706800,0.0
15710400,0.0
15714000,0.0
15717600,0.0
15721200,0.0
15724800,0.0
15728400,0.0
15732000,0.0
15735600,0.0
15739200,10.5
15742800,134.21
15746400,328.33
15750000,523.49
15753600,695.34
15757200,840.84
15760800,928.48
15764400,930.91
15768000,879.32
15771600,891.89
15775200,779.2
15778800,629.09
15782400,449.05
15786000,252.85
15789600,61.96
15793200,0.0
15796800,0.0
15800400,0.0
15804000,0.0
15807600,0.0
15811200,0.0
15814800,0.0
15818400,0.0
15822000,0.0
15825600,9.57
15829200,116.62
15832800,303.02
15836400,499.16
15840000,678.94
15843600,836.86
15847200,931.37
15850800,958.73
15854400,952.14
15858000,884.41
15861600,790.92
15865200,644.47
15868800,465.18
15872400,272.35
15876000,87.35
15879600,0.0
15883200,0.0
15886800,0.0
15890400,0.0
15894000,0.0
15897600,0.0
15901200,0.0
15904800,0.0
15908400,0.0
15912000,8.64
15915600,106.28
15919200,253.89
15922800,384.52
15926400,627.91
15930000,810.58
15933600,920.74
15937200,946.04
15940800,945.62
15944400,898.43
15948000,779.77
15951600,637.16
15955200,449.62
15958800,257.13
15962400,79.94
15966000,0.0
15969600,0.0
15973200,0.0
15976800,0.0
15980400,0.0
15984000,0.0
15987600,0.0
15991200,0.0
15994800,0.0
15998400,7.13
16002000,46.97
16005600,156.32
16009200,271.6
16012800,333.24
16016400,548.02
16020000,589.88
16023600,544.55
16027200,451.28
16030800,307.58
16034400,309.16
16038000,271.42
16041600,191.84
16045200,117.55
16048800,40.13
16052400,0.0
16056000,0.0
16059600,0.0
16063200,0.0
16066800,0.0
16070400,0.0
16074000,0.0
16077600,0.0
16081200,0.0
16084800,6.16
16088400,72.4
16092000,209.35
16095600,351.32
16099200,456.3
16102800,432.52
16106400,347.78
16110000,183.1
16113600,214.62
16117200,183.2
16120800,236.51
16124400,170.88
16128000,150.05
16131600,96.51
16135200,17.09
16138800,0.0
16142400,0.0
16146000,0.0
16149600,0.0
16153200,0.0
16156800,0.0
16160400,0.0
16164000,0.0
16167600,0.0
16171200,4.27
16174800,26.7
16178400,81.55
16182000,93.46
16185600,294.02
16189200,385.22
16192800,392.48
16196400,342.47
16200000,286.3
16203600,203.48
16207200,175.22
16210800,167.95
16214400,110.56
16218000,71.91
16221600,31.69
16225200,0.0
16228800,0.0
16232400,0.0
16236000,0.0
16239600,0.0
16243200,0.0
16246800,0.0
16250400,0.0
16254000,0.0
16257600,5.51
16261200,44.62
16264800,115.52
16268400,170.99
16272000,245.66
16275600,497.98
16279200,698.34
16282800,745.34
16286400,836.75
16290000,786.8
16293600,617.18
16297200,429.7
16300800,286.93
16304400,124.97
16308000,45.16
16311600,0.0
16315200,0.0
16318800,0.0
16322400,0.0
16326000,0.0
16329600,0.0
16333200,0.0
16336800,0.0
16340400,0.0
16344000,12.53
16347600,124.69
16351200,288.94
16354800,463.96
16358400,630.58
16362000,799.25
16365600,804.64
16369200,854.53
16372800,841.56
16376400,666.46
16380000,580.04
16383600,411.07
16387200,331.21
16390800,199.68
16394400,61.56
16398000,0.0
16401600,0.0
16405200,0.0
16408800,0.0
16412400,0.0
16416000,0.0
16419600,0.0
16423200,0.0
16426800,0.0
16430400,10.34
16434000,73.88
16437600,224.37
16441200,295.73
16444800,519.23
16448400,505.35
16452000,576.88
16455600,619.54
16459200,650.79
16462800,722.23
16466400,680.14
16470000,549.8
16473600,353.04
16477200,202.18
16480800,68.45
16484400,0.0
16488000,0.0
16491600,0.0
16495200,0.0
16498800,0.0
16502400,0.0
16506000,0.0
16509600,0.0
16513200,0.0
16516800,9.22
16520400,88.98
16524000,270.14
16527600,481.41
16531200,634.62
16534800,575.5
16538400,691.59
16542000,577.8
16545600,604.88
16549200,696.51
16552800,533.87
16556400,341.89
16560000,158.09
16563600,93.19
16567200,16.22
16570800,0.0
16574400,0.0
16578000,0.0
16581600,0.0
16585200,0.0
16588800,0.0
16592400,0.0
16596000,0.0
16599600,0.0
16603200,5.99
16606800,26.88
16610400,60.07
16614000,76.55
16617600,119.19
16621200,222.85
16624800,368.41
16628400,246.95
16632000,466.34
16635600,644.59
16639200,645.02
16642800,530.34
16646400,438.27
16650000,263.62
16653600,94.58
16657200,0.0
16660800,0.0
16664400,0.0
16668000,0.0
16671600,0.0
16675200,0.0
16678800,0.0
16682400,0.0
16686000,0.0
16689600,10.54
16693200,129.14
16696800,329.88
16700400,536.46
16704000,716.78
16707600,869.16
16711200,963.59
16714800,990.63
16718400,980.3
16722000,923.58
16725600,804.03
16729200,645.89
16732800,460.27
16736400,255.77
16740000,93.16
16743600,0.0
16747200,0.0
16750800,0.0
16754400,0.0
16758000,0.0
16761600,0.0
16765200,0.0
16768800,0.0
16772400,0.0
16776000,11.26
16779600,134.26
16783200,331.56
16786800,535.05
16790400,713.14
16794000,864.98
16797600,950.83
16801200,984.09
16804800,981.66
16808400,926.64
16812000,741.77
16815600,555.89
16819200,368.38
16822800,196.68
16826400,67.78
16830000,0.0
16833600,0.0
16837200,0.0
16840800,0.0
16844400,0.0
16848000,0.0
16851600,0.0
16855200,0.0
16858800,0.0
16862400,10.41
16866000,129.9
16869600,322.17
16873200,521.16
16876800,698.39
16880400,851.53
16884000,951.09
16887600,975.26
16891200,967.91
16894800,908.53
16898400,787.02
16902000,637.03
16905600,463.96
16909200,270.14
16912800,85.41
16916400,0.0
16920000,0.0
16923600,0.0
16927200,0.0
16930800,0.0
16934400,0.0
16938000,0.0
16941600,0.0
16945200,0.0
16948800,12.53
16952400,124.69
16956000,288.94
16959600,463.96
16963200,630.58
16966800,799.25
16970400,804.64
16974000,854.53
16977600,841.56
16981200,666.46
16984800,580.04
16988400,411.07
16992000,331.21
16995600,199.68
16999200,61.56
17002800,0.0
17006400,0.0
17010000,0.0
17013600,0.0
17017200,0.0
17020800,0.0
17024400,0.0
17028000,0.0
17031600,0.0
17035200,10.34
17038800,73.88
17042400,224.37
17046000,295.73
17049600,519.23
17053200,505.35
17056800,576.88
17060400,619.54
17064000,650.79
17067600,722.23
17071200,680.14
17074800,549.8
17078400,353.04
17082000,202.18
17085600,68.45
17089200,0.0
17092800,0.0
17096400,0.0
17100000,0.0
17103600,0.0
17107200,0.0
17110800,0.0
17114400,0.0
17118000,0.0
17121600,9.22
17125200,88.98
17128800,270.14
17132400,481.41
17136000,634.62
17139600,575.5
17143200,691.59
17146800,577.8
17150400,604.88
17154000,696.51
17157600,533.87
17161200,341.89
17164800,158.09
17168400,93.19
17172000,16.22
17175600,0.0
17179200,0.0
17182800,0.0
17186400,0.0
17190000,0.0
17193600,0.0
17197200,0.0
17200800,0.0
17204400,0.0
17208000,5.99
17211600,26.88
17215200,60.07
17218800,76.55
17222400,119.19
17226000,222.85
17229600,368.41
17233200,246.95
17236800,466.34
17240400,644.59
17244000,645.02
17247600,530.34
17251200,438.27
17254800,263.62
17258400,94.58
17262000,0.0
17265600,0.0
17269200,0.0
17272800,0.0
17276400,0.0
17280000,0.0
17283600,0.0
17287200,0.0
17290800,0.0
17294400,10.54
17298000,129.14
17301600,329.88
17305200,536.46
17308800,716.78
17312400,869.16
17316000,963.59
17319600,990.63
17323200,980.3
17326800,923.58
17330400,804.03
17334000,645.89
17337600,460.27
17341200,255.77
17344800,93.16
17348400,0.0
17352000,0.0
17355600,0.0
17359200,0.0
17362800,0.0
17366400,0.0
17370000,0.0
17373600,0.0
17377200,0.0
17380800,11.26
17384400,134.26
17388000,331.56
17391600,535.05
17395200,713.14
17398800,864.98
17402400,950.83
17406000,984.09
17409600,981.66
17413200,926.64
17416800,741.77
17420400,555.89
17424000,368.38
17427600,196.68
17431200,67.78
17434800,0.0
17438400,0.0
17442000,0.0
17445600,0.0
17449200,0.0
17452800,0.0
17456400,0.0
17460000,0.0
17463600,0.0
17467200,10.41
17470800,129.9
17474400,322.17
17478000,521.16
17481600,698.39
17485200,851.53
17488800,951.09
17492400,975.26
17496000,967.91
17499600,908.53
17503200,787.02
17506800,637.03
17510400,463.96
17514000,270.14
17517600,85.41
17521200,0.0
17524800,0.0
17528400,0.0
17532000,0.0
17535600,0.0
17539200,0.0
17542800,0.0
17546400,0.0
17550000,0.0
17553600,14.75
17557200,133.61
17560800,320.48
17564400,516.12
17568000,692.88
17571600,843.09
17575200,933.59
17578800,938.6
17582400,961.86
17586000,890.9
17589600,791.15
17593200,653.99
17596800,473.54
17600400,271.73
17604000,89.73
17607600,0.0
17611200,0.0
17614800,0.0
17618400,0.0
17622000,0.0
17625600,0.0
17629200,0.0
17632800,0.0
17636400,0.0
17640000,14.54
17643600,129.58
17647200,315.32
17650800,494.14
17654400,653.22
17658000,727.09
17661600,642.12
17665200,617.02
17668800,695.67
17672400,634.9
17676000,663.74
17679600,485.3
17683200,338.59
17686800,179.66
17690400,54.79
17694000,0.0
17697600,0.0
17701200,0.0
17704800,0.0
17708400,0.0
17712000,0.0
17715600,0.0
17719200,0.0
17722800,0.0
17726400,11.08
17730000,55.16
17733600,106.65
17737200,120.86
17740800,115.12
17744400,145.33
17748000,183.41
17751600,160.45
17755200,211.96
17758800,259.66
17762400,209.51
17766000,167.61
17769600,135.53
17773200,62.05
17776800,40.36
17780400,0.0
17784000,0.0
17787600,0.0
17791200,0.0
17794800,0.0
17798400,0.0
17802000,0.0
17805600,0.0
17809200,0.0
17812800,14.03
17816400,125.52
17820000,315.84
17823600,516.59
17827200,682.66
17830800,838.12
17834400,957.29
17838000,950.29
17841600,968.35
17845200,916.34
17848800,783.33
17852400,629.98
17856000,449.9
17859600,254.96
17863200,77.55
17866800,0.0
17870400,0.0
17874000,0.0
17877600,0.0
17881200,0.0
17884800,0.0
17888400,0.0
17892000,0.0
17895600,0.0
17899200,15.09
17902800,143.45
17906400,342.38
17910000,552.48
17913600,731.67
17917200,880.59
17920800,974.72
17924400,1002.34
17928000,998.94
17931600,936.77
17935200,815.39
17938800,658.2
17942400,474.37
17946000,278.4
17949600,100.66
17953200,0.0
17956800,0.0
17960400,0.0
17964000,0.0
17967600,0.0
17971200,0.0
17974800,0.0
17978400,0.0
17982000,0.0
17985600,15.69
17989200,148.28
17992800,341.82
17996400,544.38
18000000,722.7
18003600,872.98
18007200,964.16
18010800,985.01
18014400,981.4
18018000,927.12
18021600,810.62
18025200,646.29
18028800,452.17
18032400,262.99
18036000,83.96
18039600,0.0
18043200,0.0
18046800,0.0
18050400,0.0
18054000,0.0
18057600,0.0
18061200,0.0
18064800,0.0
18068400,0.0
18072000,12.96
18075600,111.39
18079200,275.06
18082800,449.78
18086400,600.66
18090000,741.73
18093600,817.07
18097200,848.83
18100800,826.43
18104400,768.23
18108000,605.23
18111600,462.95
18115200,315.8
18118800,176.77
18122400,68.05
18126000,0.0
18129600,0.0
18133200,0.0
18136800,0.0
18140400,0.0
18144000,0.0
18147600,0.0
18151200,0.0
18154800,0.0
18158400,14.34
18162000,131.81
18165600,336.1
18169200,529.7
18172800,660.98
18176400,793.3
18180000,919.38
18183600,959.49
18187200,926.04
18190800,865.87
18194400,694.75
18198000,418.66
18201600,283.85
18205200,151.25
18208800,56.38
18212400,0.0
18216000,0.0
18219600,0.0
18223200,0.0
18226800,0.0
18230400,0.0
18234000,0.0
18237600,0.0
18241200,0.0
18244800,14.44
18248400,127.92
18252000,329.92
18255600,528.56
18259200,677.38
18262800,773.44
18266400,883.22
18270000,841.4
18273600,818.15
18277200,643.62
18280800,536.84
18284400,495.2
18288000,362.73
18291600,183.67
18295200,67.38
18298800,0.0
18302400,0.0
18306000,0.0
18309600,0.0
18313200,0.0
18316800,0.0
18320400,0.0
18324000,0.0
18327600,0.0
18331200,14.18
18334800,138.59
18338400,333.77
18342000,549.63
18345600,730.37
18349200,880.77
18352800,972.84
18356400,1001.42
18360000,991.06
18363600,934.43
18367200,812.66
18370800,652.86
18374400,457.48
18378000,259.26
18381600,72.73
18385200,0.0
18388800,0.0
18392400,0.0
18396000,0.0
18399600,0.0
18403200,0.0
18406800,0.0
18410400,0.0
18414000,0.0
18417600,13.54
18421200,106.76
18424800,291.05
18428400,467.38
18432000,671.34
18435600,829.68
18439200,928.77
18442800,946.68
18446400,953.66
18450000,866.32
18453600,756.75
18457200,616.27
18460800,448.0
18464400,256.12
18468000,63.08
18471600,0.0
18475200,0.0
18478800,0.0
18482400,0.0
18486000,0.0
18489600,0.0
18493200,0.0
18496800,0.0
18500400,0.0
18504000,14.8
18507600,134.61
18511200,341.1
18514800,545.16
18518400,724.82
18522000,874.56
18525600,968.57
18529200,1004.86
18532800,999.05
18536400,941.89
18540000,822.54
18543600,662.48
18547200,474.27
18550800,273.4
18554400,91.53
18558000,0.0
18561600,0.0
18565200,0.0
18568800,0.0
18572400,0.0
18576000,0.0
18579600,0.0
18583200,0.0
18586800,0.0
18590400,15.15
18594000,138.51
18597600,347.83
18601200,550.38
18604800,728.8
18608400,737.05
18612000,969.28
18615600,989.76
18619200,984.29
18622800,928.77
18626400,811.98
18630000,657.33
18633600,472.63
18637200,273.34
18640800,86.36
18644400,0.0
18648000,0.0
18651600,0.0
18655200,0.0
18658800,0.0
18662400,0.0
18666000,0.0
18669600,0.0
18673200,0.0
18676800,15.45
18680400,137.12
18684000,347.45
18687600,545.5
18691200,721.14
18694800,867.9
18698400,962.2
18702000,974.85
18705600,974.19
18709200,922.99
18712800,808.51
18716400,655.92
18720000,473.38
18723600,275.87
18727200,82.66
18730800,0.0
18734400,0.0
18738000,0.0
18741600,0.0
18745200,0.0
18748800,0.0
18752400,0.0
18756000,0.0
18759600,0.0
18763200,0.0
18766800,63.01
18770400,220.27
18774000,409.1
18777600,590.4
18781200,742.44
18784800,852.69
18788400,928.81
18792000,929.76
18795600,871.34
18799200,766.97
18802800,614.24
18806400,436.85
18810000,242.37
18813600,57.53
18817200,0.0
18820800,0.0
18824400,0.0
18828000,0.0
18831600,0.0
18835200,0.0
18838800,0.0
18842400,0.0
18846000,0.0
18849600,0.0
18853200,73.49
18856800,249.65
18860400,451.08
18864000,637.65
18867600,790.23
18871200,892.48
18874800,928.74
18878400,924.27
18882000,813.5
18885600,717.83
18889200,550.85
18892800,423.12
18896400,232.67
18900000,54.85
18903600,0.0
18907200,0.0
18910800,0.0
18914400,0.0
18918000,0.0
18921600,0.0
18925200,0.0
18928800,0.0
18932400,0.0
18936000,0.0
18939600,69.73
18943200,245.89
18946800,442.27
18950400,609.59
18954000,748.45
18957600,837.55
18961200,874.71
18964800,868.98
18968400,810.85
18972000,719.25
18975600,600.28
18979200,406.97
18982800,221.41
18986400,40.07
18990000,0.0
18993600,0.0
18997200,0.0
19000800,0.0
19004400,0.0
19008000,0.0
19011600,0.0
19015200,0.0
19018800,0.0
19022400,0.0
19026000,58.25
19029600,198.39
19033200,283.81
19036800,356.04
19040400,420.1
19044000,464.59
19047600,520.86
19051200,657.47
19054800,545.76
19058400,581.66
19062000,519.49
19065600,371.86
19069200,201.69
19072800,38.91
19076400,0.0
19080000,0.0
19083600,0.0
19087200,0.0
19090800,0.0
19094400,0.0
19098000,0.0
19101600,0.0
19105200,0.0
19108800,0.0
19112400,58.54
19116000,214.59
19119600,380.63
19123200,546.15
19126800,684.58
19130400,825.7
19134000,815.61
19137600,762.56
19141200,766.33
19144800,630.38
19148400,517.88
19152000,348.52
19155600,174.23
19159200,41.23
19162800,0.0
19166400,0.0
19170000,0.0
19173600,0.0
19177200,0.0
19180800,0.0
19184400,0.0
19188000,0.0
19191600,0.0
19195200,0.0
19198800,44.84
19202400,153.03
19206000,288.81
19209600,480.8
19213200,633.89
19216800,731.73
19220400,822.77
19224000,818.77
19227600,766.48
19231200,666.84
19234800,542.07
19238400,384.29
19242000,199.36
19245600,36.7
19249200,0.0
19252800,0.0
19256400,0.0
19260000,0.0
19263600,0.0
19267200,0.0
19270800,0.0
19274400,0.0
19278000,0.0
19281600,0.0
19285200,37.66
19288800,130.54
19292400,207.1
19296000,303.78
19299600,449.91
19303200,521.3
19306800,502.57
19310400,683.23
19314000,433.39
19317600,465.88
19321200,278.88
19324800,188.05
19328400,95.6
19332000,23.8
19335600,0.0
19339200,0.0
19342800,0.0
19346400,0.0
19350000,0.0
19353600,0.0
19357200,0.0
19360800,0.0
19364400,0.0
19368000,12.1
19371600,114.31
19375200,287.14
19378800,473.3
19382400,626.77
19386000,776.22
19389600,814.46
19393200,828.94
19396800,780.28
19400400,747.01
19404000,562.03
19407600,426.33
19411200,286.26
19414800,154.84
19418400,57.69
19422000,0.0
19425600,0.0
19429200,0.0
19432800,0.0
19436400,0.0
19440000,0.0
19443600,0.0
19447200,0.0
19450800,0.0
19454400,9.32
19458000,48.75
19461600,98.06
19465200,104.62
19468800,125.99
19472400,237.98
19476000,275.66
19479600,426.8
19483200,538.12
19486800,507.5
19490400,470.91
19494000,343.95
19497600,235.35
19501200,127.59
19504800,21.29
19508400,0.0
19512000,0.0
19515600,0.0
19519200,0.0
19522800,0.0
19526400,0.0
19530000,0.0
19533600,0.0
19537200,0.0
19540800,11.69
19544400,101.44
19548000,271.45
19551600,468.53
19555200,645.66
19558800,797.19
19562400,896.84
19566000,924.16
19569600,747.08
19573200,433.91
19576800,185.8
19580400,256.69
19584000,124.37
19587600,44.68
19591200,11.55
19594800,0.0
19598400,0.0
19602000,0.0
19605600,0.0
19609200,0.0
19612800,0.0
19616400,0.0
19620000,0.0
19623600,0.0
19627200,12.72
19630800,113.59
19634400,306.03
19638000,482.41
19641600,680.91
19645200,856.74
19648800,808.63
19652400,841.86
19656000,993.56
19659600,924.86
19663200,793.95
19666800,630.8
19670400,441.99
19674000,255.87
19677600,90.08
19681200,0.0
19684800,0.0
19688400,0.0
19692000,0.0
19695600,0.0
19699200,0.0
19702800,0.0
19706400,0.0
19710000,0.0
19713600,12.0
19717200,96.66
19720800,167.97
19724400,229.56
19728000,161.88
19731600,457.8
19735200,138.79
19738800,342.31
19742400,203.61
19746000,266.7
19749600,335.32
19753200,320.35
19756800,261.22
19760400,122.37
19764000,40.43
19767600,0.0
19771200,0.0
19774800,0.0
19778400,0.0
19782000,0.0
19785600,0.0
19789200,0.0
19792800,0.0
19796400,0.0
19800000,11.1
19803600,118.27
19807200,320.86
19810800,512.27
19814400,693.09
19818000,849.94
19821600,918.69
19825200,929.0
19828800,965.07
19832400,921.59
19836000,813.02
19839600,663.32
19843200,481.36
19846800,275.16
19850400,94.96
19854000,0.0
19857600,0.0
19861200,0.0
19864800,0.0
19868400,0.0
19872000,0.0
19875600,0.0
19879200,0.0
19882800,0.0
19886400,13.08
19890000,132.05
19893600,338.16
19897200,538.3
19900800,716.22
19904400,865.27
19908000,958.02
19911600,982.91
19915200,974.23
19918800,923.32
19922400,815.64
19926000,664.04
19929600,478.24
19933200,281.55
19936800,99.87
19940400,0.0
19944000,0.0
19947600,0.0
19951200,0.0
19954800,0.0
19958400,0.0
19962000,0.0
19965600,0.0
19969200,0.0
19972800,12.53
19976400,124.69
19980000,288.94
19983600,463.96
19987200,630.58
19990800,799.25
19994400,804.64
19998000,854.53
20001600,841.56
20005200,666.46
20008800,580.04
20012400,411.07
20016000,331.21
20019600,199.68
20023200,61.56
20026800,0.0
20030400,0.0
20034000,0.0
20037600,0.0
20041200,0.0
20044800,0.0
20048400,0.0
20052000,0.0
20055600,0.0
20059200,10.34
20062800,73.88
20066400,224.37
20070000,295.73
20073600,519.23
20077200,505.35
20080800,576.88
20084400,619.54
20088000,650.79
20091600,722.23
20095200,680.14
20098800,549.8
20102400,353.04
20106000,202.18
20109600,68.45
20113200,0.0
20116800,0.0
20120400,0.0
20124000,0.0
20127600,0.0
20131200,0.0
20134800,0.0
20138400,0.0
20142000,0.0
20145600,9.22
20149200,88.98
20152800,270.14
20156400,481.41
20160000,634.62
20163600,575.5
20167200,691.59
20170800,577.8
20174400,604.88
20178000,696.51
20181600,533.87
20185200,341.89
20188800,158.09
20192400,93.19
20196000,16.22
20199600,0.0
20203200,0.0
20206800,0.0
20210400,0.0
20214000,0.0
20217600,0.0
20221200,0.0
20224800,0.0
20228400,0.0
20232000,5.99
20235600,26.88
20239200,60.07
20242800,76.55
20246400,119.19
20250000,222.85
20253600,368.41
20257200,246.95
20260800,466.34
20264400,644.59
20268000,645.02
20271600,530.34
20275200,438.27
20278800,263.62
20282400,94.58
20286000,0.0
20289600,0.0
20293200,0.0
20296800,0.0
20300400,0.0
20304000,0.0
20307600,0.0
20311200,0.0
20314800,0.0
20318400,10.54
20322000,129.14
20325600,329.88
20329200,536.46
20332800,716.78
20336400,869.16
20340000,963.59
20343600,990.63
20347200,980.3
20350800,923.58
20354400,804.03
20358000,645.89
20361600,460.27
20365200,255.77
20368800,93.16
20372400,0.0
20376000,0.0
20379600,0.0
20383200,0.0
20386800,0.0
20390400,0.0
20394000,0.0
20397600,0.0
20401200,0.0
20404800,11.26
20408400,134.26
20412000,331.56
20415600,535.05
20419200,713.14
20422800,864.98
20426400,950.83
20430000,984.09
20433600,981.66
20437200,926.64
20440800,741.77
20444400,555.89
20448000,368.38
20451600,196.68
20455200,67.78
20458800,0.0
20462400,0.0
20466000,0.0
20469600,0.0
20473200,0.0
20476800,0.0
20480400,0.0
20484000,0.0
20487600,0.0
20491200,10.41
20494800,129.9
20498400,322.17
20502000,521.16
20505600,698.39
20509200,851.53
20512800,951.09
20516400,975.26
20520000,967.91
20523600,908.53
20527200,787.02
20530800,637.03
20534400,463.96
20538000,270.14
20541600,85.41
20545200,0.0
20548800,0.0
20552400,0.0
20556000,0.0
20559600,0.0
20563200,0.0
20566800,0.0
20570400,0.0
20574000,0.0
20577600,0.0
20581200,46.59
20584800,157.8
20588400,278.65
20592000,438.83
20595600,539.16
20599200,533.82
20602800,541.2
20606400,624.6
20610000,574.58
20613600,452.37
20617200,305.6
20620800,205.56
20624400,59.38
20628000,16.09
20631600,0.0
20635200,0.0
20638800,0.0
20642400,0.0
20646000,0.0
20649600,0.0
20653200,0.0
20656800,0.0
20660400,0.0
20664000,0.0
20667600,54.39
20671200,193.63
20674800,367.48
20678400,537.45
20682000,712.62
20685600,858.49
20689200,828.74
20692800,849.24
20696400,804.16
20700000,684.35
20703600,535.45
20707200,340.84
20710800,156.12
20714400,16.55
20718000,0.0
20721600,0.0
20725200,0.0
20728800,0.0
20732400,0.0
20736000,0.0
20739600,0.0
20743200,0.0
20746800,0.0
20750400,0.0
20754000,63.25
20757600,223.24
20761200,374.75
20764800,532.65
20768400,642.51
20772000,724.27
20775600,648.06
20779200,590.59
20782800,705.75
20786400,541.27
20790000,288.24
20793600,180.35
20797200,79.88
20800800,17.61
20804400,0.0
20808000,0.0
20811600,0.0
20815200,0.0
20818800,0.0
20822400,0.0
20826000,0.0
20829600,0.0
20833200,0.0
20836800,0.0
20840400,61.28
20844000,219.63
20847600,373.2
20851200,503.87
20854800,568.29
20858400,527.24
20862000,505.03
20865600,360.77
20869200,288.52
20872800,250.02
20876400,238.55
20880000,164.3
20883600,53.13
20887200,15.97
20890800,0.0
20894400,0.0
20898000,0.0
20901600,0.0
20905200,0.0
20908800,0.0
20912400,0.0
20916000,0.0
20919600,0.0
20923200,0.0
20926800,27.68
20930400,108.75
20934000,227.3
20937600,304.11
20941200,309.01
20944800,367.91
20948400,426.42
20952000,354.94
20955600,384.27
20959200,330.09
20962800,251.02
20966400,165.6
20970000,78.11
20973600,20.68
20977200,0.0
20980800,0.0
20984400,0.0
20988000,0.0
20991600,0.0
20995200,0.0
20998800,0.0
21002400,0.0
21006000,0.0
21009600,0.0
21013200,44.41
21016800,150.39
21020400,287.35
21024000,402.18
21027600,447.0
21031200,486.2
21034800,343.59
21038400,392.91
21042000,460.34
21045600,346.7
21049200,302.45
21052800,203.28
21056400,88.93
21060000,19.71
21063600,0.0
21067200,0.0
21070800,0.0
21074400,0.0
21078000,0.0
21081600,0.0
21085200,0.0
21088800,0.0
21092400,0.0
21096000,0.0
21099600,102.2
21103200,299.76
21106800,507.91
21110400,694.13
21114000,839.75
21117600,932.06
21121200,944.93
21124800,955.62
21128400,884.88
21132000,754.78
21135600,579.98
21139200,373.91
21142800,175.02
21146400,25.17
21150000,0.0
21153600,0.0
21157200,0.0
21160800,0.0
21164400,0.0
21168000,0.0
21171600,0.0
21175200,0.0
21178800,0.0
21182400,0.0
21186000,40.43
21189600,129.1
21193200,249.87
21196800,447.09
21200400,565.24
21204000,618.09
21207600,716.0
21211200,629.26
21214800,592.96
21218400,522.7
21222000,435.71
21225600,330.72
21229200,196.81
21232800,34.39
21236400,0.0
21240000,0.0
21243600,0.0
21247200,0.0
21250800,0.0
21254400,0.0
21258000,0.0
21261600,0.0
21265200,0.0
21268800,0.0
21272400,55.7
21276000,233.51
21279600,421.84
21283200,562.99
21286800,723.7
21290400,850.73
21294000,877.78
21297600,817.2
21301200,713.82
21304800,541.84
21308400,466.33
21312000,307.95
21315600,141.61
21319200,33.03
21322800,0.0
21326400,0.0
21330000,0.0
21333600,0.0
21337200,0.0
21340800,0.0
21344400,0.0
21348000,0.0
21351600,0.0
21355200,0.0
21358800,51.09
21362400,203.64
21366000,386.18
21369600,570.35
21373200,721.52
21376800,826.43
21380400,821.79
21384000,737.25
21387600,666.23
21391200,591.36
21394800,494.03
21398400,331.23
21402000,179.0
21405600,35.13
21409200,0.0
21412800,0.0
21416400,0.0
21420000,0.0
21423600,0.0
21427200,0.0
21430800,0.0
21434400,0.0
21438000,0.0
21441600,0.0
21445200,51.43
21448800,208.82
21452400,385.16
21456000,595.23
21459600,721.39
21463200,834.36
21466800,885.05
21470400,795.86
21474000,751.41
21477600,660.86
21481200,523.3
21484800,332.36
21488400,174.62
21492000,30.77
21495600,0.0
21499200,0.0
21502800,0.0
21506400,0.0
21510000,0.0
21513600,0.0
21517200,0.0
21520800,0.0
21524400,0.0
21528000,0.0
21531600,48.93
21535200,211.12
21538800,405.73
21542400,594.96
21546000,761.56
21549600,864.84
21553200,915.05
21556800,915.1
21560400,852.26
21564000,732.28
21567600,581.48
21571200,394.41
21574800,183.66
21578400,30.58
21582000,0.0
21585600,0.0
21589200,0.0
21592800,0.0
21596400,0.0
21600000,0.0
21603600,0.0
21607200,0.0
21610800,0.0
21614400,0.0
21618000,45.55
21621600,205.05
21625200,383.6
21628800,553.92
21632400,700.21
21636000,828.36
21639600,798.0
21643200,734.96
21646800,617.48
21650400,584.19
21654000,447.35
21657600,289.13
21661200,118.36
21664800,25.49
21668400,0.0
21672000,0.0
21675600,0.0
21679200,0.0
21682800,0.0
21686400,0.0
21690000,0.0
21693600,0.0
21697200,0.0
21700800,0.0
21704400,35.46
21708000,135.45
21711600,285.74
21715200,429.97
21718800,576.23
21722400,578.47
21726000,645.79
21729600,766.16
21733200,642.22
21736800,501.45
21740400,360.3
21744000,176.73
21747600,70.18
21751200,20.76
21754800,0.0
21758400,0.0
21762000,0.0
21765600,0.0
21769200,0.0
21772800,0.0
21776400,0.0
21780000,0.0
21783600,0.0
21787200,0.0
21790800,38.92
21794400,173.95
21798000,326.44
21801600,483.51
21805200,683.11
21808800,722.24
21812400,555.3
21816000,563.07
21819600,581.03
21823200,466.48
21826800,379.38
21830400,245.87
21834000,112.34
21837600,18.75
21841200,0.0
21844800,0.0
21848400,0.0
21852000,0.0
21855600,0.0
21859200,0.0
21862800,0.0
21866400,0.0
21870000,0.0
21873600,0.0
21877200,36.38
21880800,189.27
21884400,403.9
21888000,596.59
21891600,748.79
21895200,830.53
21898800,889.75
21902400,874.91
21906000,820.64
21909600,687.95
21913200,545.46
21916800,354.97
21920400,152.38
21924000,18.78
21927600,0.0
21931200,0.0
21934800,0.0
21938400,0.0
21942000,0.0
21945600,0.0
21949200,0.0
21952800,0.0
21956400,0.0
21960000,0.0
21963600,28.16
21967200,144.96
21970800,276.84
21974400,468.77
21978000,643.16
21981600,747.59
21985200,741.8
21988800,659.76
21992400,528.08
21996000,427.94
21999600,396.8
22003200,317.8
22006800,121.38
22010400,17.41
22014000,0.0
22017600,0.0
22021200,0.0
22024800,0.0
22028400,0.0
22032000,0.0
22035600,0.0
22039200,0.0
22042800,0.0
22046400,0.0
22050000,34.34
22053600,204.55
22057200,415.16
22060800,612.79
22064400,770.43
22068000,879.61
22071600,926.46
22075200,916.41
22078800,853.28
22082400,729.58
22086000,554.31
22089600,352.89
22093200,153.31
22096800,16.83
22100400,0.0
22104000,0.0
22107600,0.0
22111200,0.0
22114800,0.0
22118400,0.0
22122000,0.0
22125600,0.0
22129200,0.0
22132800,0.0
22136400,34.77
22140000,202.92
22143600,410.16
22147200,608.52
22150800,762.17
22154400,846.34
22158000,891.54
22161600,874.56
22165200,763.95
22168800,608.48
22172400,510.92
22176000,344.2
22179600,136.72
22183200,14.15
22186800,0.0
22190400,0.0
22194000,0.0
22197600,0.0
22201200,0.0
22204800,0.0
22208400,0.0
22212000,0.0
22215600,0.0
22219200,0.0
22222800,19.19
22226400,137.38
22230000,289.05
22233600,446.66
22237200,669.66
22240800,823.73
22244400,854.95
22248000,860.41
22251600,807.18
22255200,689.64
22258800,544.63
22262400,340.75
22266000,143.23
22269600,13.17
22273200,0.0
22276800,0.0
22280400,0.0
22284000,0.0
22287600,0.0
22291200,0.0
22294800,0.0
22298400,0.0
22302000,0.0
22305600,0.0
22309200,33.38
22312800,202.0
22316400,408.13
22320000,598.72
22323600,756.11
22327200,868.45
22330800,912.65
22334400,903.28
22338000,837.22
22341600,713.57
22345200,547.16
22348800,329.41
22352400,140.21
22356000,12.98
22359600,0.0
22363200,0.0
22366800,0.0
22370400,0.0
22374000,0.0
22377600,0.0
22381200,0.0
22384800,0.0
22388400,0.0
22392000,0.0
22395600,10.29
22399200,66.45
22402800,173.2
22406400,270.68
22410000,285.99
22413600,329.43
22417200,447.14
22420800,308.51
22424400,286.71
22428000,281.34
22431600,187.2
22435200,138.16
22438800,46.41
22442400,0.0
22446000,0.0
22449600,0.0
22453200,0.0
22456800,0.0
22460400,0.0
22464000,0.0
22467600,0.0
22471200,0.0
22474800,0.0
22478400,0.0
22482000,11.69
22485600,143.9
22489200,322.85
22492800,501.02
22496400,654.53
22500000,720.24
22503600,821.38
22507200,796.09
22510800,714.17
22514400,602.48
22518000,455.83
22521600,259.61
22525200,68.13
22528800,0.0
22532400,0.0
22536000,0.0
22539600,0.0
22543200,0.0
22546800,0.0
22550400,0.0
22554000,0.0
22557600,0.0
22561200,0.0
22564800,0.0
22568400,11.72
22572000,146.29
22575600,337.01
22579200,534.8
22582800,687.65
22586400,792.64
22590000,834.97
22593600,819.48
22597200,676.7
22600800,499.57
22604400,344.45
22608000,207.7
22611600,52.66
22615200,0.0
22618800,0.0
22622400,0.0
22626000,0.0
22629600,0.0
22633200,0.0
22636800,0.0
22640400,0.0
22644000,0.0
22647600,0.0
22651200,0.0
22654800,8.95
22658400,125.05
22662000,309.12
22665600,523.6
22669200,711.4
22672800,809.05
22676400,853.41
22680000,838.42
22683600,766.88
22687200,639.92
22690800,466.83
22694400,266.91
22698000,68.93
22701600,0.0
22705200,0.0
22708800,0.0
22712400,0.0
22716000,0.0
22719600,0.0
22723200,0.0
22726800,0.0
22730400,0.0
22734000,0.0
22737600,0.0
22741200,10.87
22744800,143.07
22748400,346.1
22752000,517.18
22755600,648.02
22759200,729.4
22762800,687.68
22766400,451.19
22770000,367.59
22773600,300.45
22777200,148.16
22780800,113.7
22784400,30.3
22788000,0.0
22791600,0.0
22795200,0.0
22798800,0.0
22802400,0.0
22806000,0.0
22809600,0.0
22813200,0.0
22816800,0.0
22820400,0.0
22824000,0.0
22827600,10.09
22831200,132.82
22834800,328.85
22838400,519.9
22842000,675.25
22845600,776.09
22849200,827.2
22852800,813.33
22856400,720.52
22860000,588.98
22863600,428.05
22867200,240.09
22870800,54.78
22874400,0.0
22878000,0.0
22881600,0.0
22885200,0.0
22888800,0.0
22892400,0.0
22896000,0.0
22899600,0.0
22903200,0.0
22906800,0.0
22910400,0.0
22914000,9.03
22917600,110.05
22921200,273.56
22924800,446.95
22928400,624.52
22932000,748.98
22935600,755.36
22939200,753.98
22942800,692.55
22946400,520.39
22950000,318.23
22953600,164.9
22957200,34.99
22960800,0.0
22964400,0.0
22968000,0.0
22971600,0.0
22975200,0.0
22978800,0.0
22982400,0.0
22986000,0.0
22989600,0.0
22993200,0.0
22996800,0.0
23000400,8.66
23004000,117.04
23007600,309.38
23011200,495.91
23014800,650.77
23018400,759.3
23022000,799.73
23025600,776.02
23029200,596.2
23032800,466.66
23036400,418.51
23040000,235.19
23043600,45.6
23047200,0.0
23050800,0.0
23054400,0.0
23058000,0.0
23061600,0.0
23065200,0.0
23068800,0.0
23072400,0.0
23076000,0.0
23079600,0.0
23083200,0.0
23086800,7.69
23090400,119.11
23094000,313.94
23097600,500.59
23101200,642.98
23104800,744.52
23108400,642.18
23112000,688.35
23115600,456.09
23119200,388.72
23122800,267.78
23126400,109.25
23130000,27.83
23133600,0.0
23137200,0.0
23140800,0.0
23144400,0.0
23148000,0.0
23151600,0.0
23155200,0.0
23158800,0.0
23162400,0.0
23166000,0.0
23169600,0.0
23173200,7.19
23176800,102.03
23180400,293.83
23184000,490.4
23187600,655.04
23191200,713.32
23194800,751.77
23198400,765.48
23202000,707.88
23205600,582.99
23209200,426.67
23212800,229.6
23216400,42.82
23220000,0.0
23223600,0.0
23227200,0.0
23230800,0.0
23234400,0.0
23238000,0.0
23241600,0.0
23245200,0.0
23248800,0.0
23252400,0.0
23256000,0.0
23259600,7.88
23263200,111.25
23266800,278.53
23270400,457.96
23274000,652.37
23277600,732.38
23281200,794.09
23284800,771.05
23288400,681.62
23292000,542.02
23295600,386.5
23299200,212.12
23302800,37.93
23306400,0.0
23310000,0.0
23313600,0.0
23317200,0.0
23320800,0.0
23324400,0.0
23328000,0.0
23331600,0.0
23335200,0.0
23338800,0.0
23342400,0.0
23346000,8.06
23349600,122.74
23353200,322.7
23356800,509.88
23360400,656.93
23364000,748.49
23367600,794.02
23371200,790.64
23374800,723.42
23378400,590.95
23382000,420.09
23385600,219.2
23389200,37.96
23392800,0.0
23396400,0.0
23400000,0.0
23403600,0.0
23407200,0.0
23410800,0.0
23414400,0.0
23418000,0.0
23421600,0.0
23425200,0.0
23428800,0.0
23432400,6.77
23436000,85.11
23439600,268.96
23443200,449.11
23446800,615.7
23450400,592.54
23454000,614.14
23457600,518.06
23461200,600.18
23464800,486.09
23468400,332.45
23472000,193.8
23475600,25.73
23479200,0.0
23482800,0.0
23486400,0.0
23490000,0.0
23493600,0.0
23497200,0.0
23500800,0.0
23504400,0.0
23508000,0.0
23511600,0.0
23515200,0.0
23518800,7.67
23522400,115.34
23526000,311.84
23529600,501.43
23533200,651.7
23536800,757.59
23540400,790.9
23544000,769.7
23547600,684.39
23551200,546.48
23554800,359.83
23558400,182.13
23562000,27.2
23565600,0.0
23569200,0.0
23572800,0.0
23576400,0.0
23580000,0.0
23583600,0.0
23587200,0.0
23590800,0.0
23594400,0.0
23598000,0.0
23601600,0.0
23605200,38.92
23608800,173.95
23612400,326.44
23616000,483.51
23619600,683.11
23623200,722.24
23626800,555.3
23630400,563.07
23634000,581.03
23637600,466.48
23641200,379.38
23644800,245.87
23648400,112.34
23652000,18.75
23655600,0.0
23659200,0.0
23662800,0.0
23666400,0.0
23670000,0.0
23673600,0.0
23677200,0.0
23680800,0.0
23684400,0.0
23688000,0.0
23691600,36.38
23695200,189.27
23698800,403.9
23702400,596.59
23706000,748.79
23709600,830.53
23713200,889.75
23716800,874.91
23720400,820.64
23724000,687.95
23727600,545.46
23731200,354.97
23734800,152.38
23738400,18.78
23742000,0.0
23745600,0.0
23749200,0.0
23752800,0.0
23756400,0.0
23760000,0.0
23763600,0.0
23767200,0.0
23770800,0.0
23774400,0.0
23778000,28.16
23781600,144.96
23785200,276.84
23788800,468.77
23792400,643.16
23796000,747.59
23799600,741.8
23803200,659.76
23806800,528.08
23810400,427.94
23814000,396.8
23817600,317.8
23821200,121.38
23824800,17.41
23828400,0.0
23832000,0.0
23835600,0.0
23839200,0.0
23842800,0.0
23846400,0.0
23850000,0.0
23853600,0.0
23857200,0.0
23860800,0.0
23864400,34.34
23868000,204.55
23871600,415.16
23875200,612.79
23878800,770.43
23882400,879.61
23886000,926.46
23889600,916.41
23893200,853.28
23896800,729.58
23900400,554.31
23904000,352.89
23907600,153.31
23911200,16.83
23914800,0.0
23918400,0.0
23922000,0.0
23925600,0.0
23929200,0.0
23932800,0.0
23936400,0.0
23940000,0.0
23943600,0.0
23947200,0.0
23950800,34.77
23954400,202.92
23958000,410.16
23961600,608.52
23965200,762.17
23968800,846.34
23972400,891.54
23976000,874.56
23979600,763.95
23983200,608.48
23986800,510.92
23990400,344.2
23994000,136.72
23997600,14.15
24001200,0.0
24004800,0.0
24008400,0.0
24012000,0.0
24015600,0.0
24019200,0.0
24022800,0.0
24026400,0.0
24030000,0.0
24033600,0.0
24037200,19.19
24040800,137.38
24044400,289.05
24048000,446.66
24051600,669.66
24055200,823.73
24058800,854.95
24062400,860.41
24066000,807.18
24069600,689.64
24073200,544.63
24076800,340.75
24080400,143.23
24084000,13.17
24087600,0.0
24091200,0.0
24094800,0.0
24098400,0.0
24102000,0.0
24105600,0.0
24109200,0.0
24112800,0.0
24116400,0.0
24120000,0.0
24123600,33.38
24127200,202.0
24130800,408.13
24134400,598.72
24138000,756.11
24141600,868.45
24145200,912.65
24148800,903.28
24152400,837.22
24156000,713.57
24159600,547.16
24163200,329.41
24166800,140.21
24170400,12.98
24174000,0.0
24177600,0.0
24181200,0.0
24184800,0.0
24188400,0.0
24192000,0.0
24195600,0.0
24199200,0.0
24202800,0.0
24206400,0.0
24210000,0.0
24213600,29.61
24217200,182.67
24220800,365.91
24224400,519.2
24228000,618.73
24231600,636.97
24235200,609.3
24238800,517.49
24242400,375.69
24246000,197.5
24249600,35.4
24253200,0.0
24256800,0.0
24260400,0.0
24264000,0.0
24267600,0.0
24271200,0.0
24274800,0.0
24278400,0.0
24282000,0.0
24285600,0.0
24289200,0.0
24292800,0.0
24296400,0.0
24300000,23.2
24303600,166.93
24307200,347.17
24310800,500.27
24314400,600.58
24318000,622.8
24321600,598.12
24325200,476.94
24328800,376.77
24332400,202.16
24336000,36.91
24339600,0.0
24343200,0.0
24346800,0.0
24350400,0.0
24354000,0.0
24357600,0.0
24361200,0.0
24364800,0.0
24368400,0.0
24372000,0.0
24375600,0.0
24379200,0.0
24382800,0.0
24386400,23.19
24390000,168.15
24393600,349.92
24397200,500.03
24400800,590.47
24404400,623.12
24408000,590.44
24411600,497.12
24415200,367.05
24418800,200.04
24422400,35.04
24426000,0.0
24429600,0.0
24433200,0.0
24436800,0.0
24440400,0.0
24444000,0.0
24447600,0.0
24451200,0.0
24454800,0.0
24458400,0.0
24462000,0.0
24465600,0.0
24469200,0.0
24472800,20.77
24476400,143.38
24480000,330.7
24483600,462.34
24487200,549.84
24490800,604.34
24494400,565.72
24498000,487.02
24501600,333.0
24505200,165.23
24508800,28.39
24512400,0.0
24516000,0.0
24519600,0.0
24523200,0.0
24526800,0.0
24530400,0.0
24534000,0.0
24537600,0.0
24541200,0.0
24544800,0.0
24548400,0.0
24552000,0.0
24555600,0.0
24559200,18.57
24562800,148.75
24566400,330.82
24570000,474.77
24573600,555.56
24577200,583.59
24580800,568.56
24584400,487.7
24588000,353.31
24591600,182.33
24595200,28.88
24598800,0.0
24602400,0.0
24606000,0.0
24609600,0.0
24613200,0.0
24616800,0.0
24620400,0.0
24624000,0.0
24627600,0.0
24631200,0.0
24634800,0.0
24638400,0.0
24642000,0.0
24645600,19.62
24649200,164.05
24652800,343.1
24656400,488.96
24660000,584.03
24663600,613.37
24667200,586.44
24670800,497.83
24674400,354.93
24678000,178.2
24681600,26.51
24685200,0.0
24688800,0.0
24692400,0.0
24696000,0.0
24699600,0.0
24703200,0.0
24706800,0.0
24710400,0.0
24714000,0.0
24717600,0.0
24721200,0.0
24724800,0.0
24728400,0.0
24732000,14.35
24735600,128.55
24739200,284.44
24742800,439.05
24746400,537.98
24750000,619.67
24753600,595.13
24757200,509.76
24760800,366.81
24764400,188.26
24768000,27.99
24771600,0.0
24775200,0.0
24778800,0.0
24782400,0.0
24786000,0.0
24789600,0.0
24793200,0.0
24796800,0.0
24800400,0.0
24804000,0.0
24807600,0.0
24811200,0.0
24814800,15.37
24818400,101.25
24822000,285.55
24825600,472.66
24829200,544.8
24832800,594.21
24836400,506.63
24840000,579.62
24843600,540.37
24847200,545.17
24850800,406.33
24854400,245.66
24858000,89.07
24861600,0.0
24865200,0.0
24868800,0.0
24872400,0.0
24876000,0.0
24879600,0.0
24883200,0.0
24886800,0.0
24890400,0.0
24894000,0.0
24897600,0.0
24901200,18.77
24904800,150.27
24908400,346.46
24912000,551.25
24915600,706.65
24919200,815.58
24922800,862.91
24926400,855.7
24930000,784.48
24933600,666.63
24937200,499.66
24940800,297.67
24944400,104.64
24948000,0.0
24951600,0.0
24955200,0.0
24958800,0.0
24962400,0.0
24966000,0.0
24969600,0.0
24973200,0.0
24976800,0.0
24980400,0.0
24984000,0.0
24987600,20.25
24991200,175.09
24994800,379.12
24998400,573.3
25002000,726.16
25005600,831.22
25009200,875.27
25012800,865.59
25016400,796.41
25020000,671.23
25023600,505.41
25027200,299.27
25030800,101.86
25034400,0.0
25038000,0.0
25041600,0.0
25045200,0.0
25048800,0.0
25052400,0.0
25056000,0.0
25059600,0.0
25063200,0.0
25066800,0.0
25070400,0.0
25074000,18.73
25077600,166.66
25081200,367.25
25084800,557.7
25088400,709.15
25092000,814.45
25095600,857.1
25099200,851.36
25102800,730.02
25106400,637.95
25110000,488.21
25113600,290.13
25117200,80.38
25120800,0.0
25124400,0.0
25128000,0.0
25131600,0.0
25135200,0.0
25138800,0.0
25142400,0.0
25146000,0.0
25149600,0.0
25153200,0.0
25156800,0.0
25160400,16.37
25164000,152.48
25167600,352.35
25171200,539.21
25174800,691.69
25178400,786.34
25182000,824.51
25185600,794.55
25189200,752.8
25192800,633.31
25196400,469.72
25200000,277.48
25203600,66.16
25207200,0.0
25210800,0.0
25214400,0.0
25218000,0.0
25221600,0.0
25225200,0.0
25228800,0.0
25232400,0.0
25236000,0.0
25239600,0.0
25243200,0.0
25246800,14.08
25250400,129.94
25254000,317.86
25257600,488.94
25261200,650.55
25264800,751.18
25268400,808.73
25272000,789.63
25275600,702.93
25279200,509.63
25282800,341.84
25286400,222.48
25290000,63.83
25293600,0.0
25297200,0.0
25300800,0.0
25304400,0.0
25308000,0.0
25311600,0.0
25315200,0.0
25318800,0.0
25322400,0.0
25326000,0.0
25329600,0.0
25333200,8.17
25336800,45.04
25340400,57.67
25344000,71.27
25347600,145.36
25351200,208.34
25354800,285.3
25358400,397.79
25362000,413.46
25365600,320.22
25369200,247.39
25372800,136.78
25376400,44.31
25380000,0.0
25383600,0.0
25387200,0.0
25390800,0.0
25394400,0.0
25398000,0.0
25401600,0.0
25405200,0.0
25408800,0.0
25412400,0.0
25416000,0.0
25419600,16.34
25423200,54.91
25426800,88.3
25430400,230.05
25434000,134.27
25437600,391.05
25441200,221.3
25444800,328.21
25448400,360.23
25452000,229.32
25455600,119.71
25459200,54.81
25462800,21.2
25466400,6.91
25470000,0.0
25473600,0.0
25477200,0.0
25480800,0.0
25484400,0.0
25488000,0.0
25491600,0.0
25495200,0.0
25498800,0.0
25502400,0.0
25506000,26.93
25509600,178.91
25513200,365.73
25516800,537.59
25520400,677.22
25524000,780.4
25527600,855.5
25531200,790.14
25534800,687.85
25538400,556.33
25542000,381.39
25545600,252.41
25549200,109.15
25552800,9.8
25556400,0.0
25560000,0.0
25563600,0.0
25567200,0.0
25570800,0.0
25574400,0.0
25578000,0.0
25581600,0.0
25585200,0.0
25588800,0.0
25592400,25.6
25596000,172.71
25599600,364.98
25603200,543.45
25606800,716.02
25610400,816.08
25614000,881.97
25617600,770.38
25621200,751.83
25624800,649.08
25628400,513.02
25632000,328.7
25635600,128.66
25639200,9.41
25642800,0.0
25646400,0.0
25650000,0.0
25653600,0.0
25657200,0.0
25660800,0.0
25664400,0.0
25668000,0.0
25671600,0.0
25675200,0.0
25678800,28.19
25682400,192.12
25686000,382.56
25689600,573.8
25693200,736.54
25696800,847.4
25700400,871.23
25704000,823.17
25707600,776.17
25711200,669.98
25714800,530.45
25718400,336.11
25722000,129.75
25725600,8.64
25729200,0.0
25732800,0.0
25736400,0.0
25740000,0.0
25743600,0.0
25747200,0.0
25750800,0.0
25754400,0.0
25758000,0.0
25761600,0.0
25765200,27.01
25768800,191.61
25772400,399.56
25776000,590.38
25779600,747.56
25783200,855.94
25786800,897.28
25790400,887.75
25794000,816.37
25797600,699.48
25801200,527.55
25804800,325.14
25808400,123.3
25812000,7.87
25815600,0.0
25819200,0.0
25822800,0.0
25826400,0.0
25830000,0.0
25833600,0.0
25837200,0.0
25840800,0.0
25844400,0.0
25848000,0.0
25851600,27.53
25855200,194.85
25858800,400.21
25862400,595.9
25866000,753.98
25869600,860.86
25873200,899.16
25876800,889.44
25880400,821.09
25884000,698.56
25887600,523.24
25891200,318.35
25894800,117.09
25898400,7.7
25902000,0.0
25905600,0.0
25909200,0.0
25912800,0.0
25916400,0.0
25920000,0.0
25923600,0.0
25927200,0.0
25930800,0.0
25934400,0.0
25938000,21.07
25941600,135.88
25945200,310.31
25948800,454.73
25952400,581.06
25956000,800.86
25959600,814.12
25963200,755.54
25966800,658.16
25970400,505.55
25974000,448.13
25977600,254.96
25981200,85.06
25984800,6.48
25988400,0.0
25992000,0.0
25995600,0.0
25999200,0.0
26002800,0.0
26006400,0.0
26010000,0.0
26013600,0.0
26017200,0.0
26020800,0.0
26024400,38.92
26028000,173.95
26031600,326.44
26035200,483.51
26038800,683.11
26042400,722.24
26046000,555.3
26049600,563.07
26053200,581.03
26056800,466.48
26060400,379.38
26064000,245.87
26067600,112.34
26071200,18.75
26074800,0.0
26078400,0.0
26082000,0.0
26085600,0.0
26089200,0.0
26092800,0.0
26096400,0.0
26100000,0.0
26103600,0.0
26107200,0.0
26110800,36.38
26114400,189.27
26118000,403.9
26121600,596.59
26125200,748.79
26128800,830.53
26132400,889.75
26136000,874.91
26139600,820.64
26143200,687.95
26146800,545.46
26150400,354.97
26154000,152.38
26157600,18.78
26161200,0.0
26164800,0.0
26168400,0.0
26172000,0.0
26175600,0.0
26179200,0.0
26182800,0.0
26186400,0.0
26190000,0.0
26193600,0.0
26197200,28.16
26200800,144.96
26204400,276.84
26208000,468.77
26211600,643.16
26215200,747.59
26218800,741.8
26222400,659.76
26226000,528.08
26229600,427.94
26233200,396.8
26236800,317.8
26240400,121.38
26244000,17.41
26247600,0.0
26251200,0.0
26254800,0.0
26258400,0.0
26262000,0.0
26265600,0.0
26269200,0.0
26272800,0.0
26276400,0.0
26280000,0.0
26283600,34.34
26287200,204.55
26290800,415.16
26294400,612.79
26298000,770.43
26301600,879.61
26305200,926.46
26308800,916.41
26312400,853.28
26316000,729.58
26319600,554.31
26323200,352.89
26326800,153.31
26330400,16.83
26334000,0.0
26337600,0.0
26341200,0.0
26344800,0.0
26348400,0.0
26352000,0.0
26355600,0.0
26359200,0.0
26362800,0.0
26366400,0.0
26370000,34.77
26373600,202.92
26377200,410.16
26380800,608.52
26384400,762.17
26388000,846.34
26391600,891.54
26395200,874.56
26398800,763.95
26402400,608.48
26406000,510.92
26409600,344.2
26413200,136.72
26416800,14.15
26420400,0.0
26424000,0.0
26427600,0.0
26431200,0.0
26434800,0.0
26438400,0.0
26442000,0.0
26445600,0.0
26449200,0.0
26452800,0.0
26456400,19.19
26460000,137.38
26463600,289.05
26467200,446.66
26470800,669.66
26474400,823.73
26478000,854.95
26481600,860.41
26485200,807.18
26488800,689.64
26492400,544.63
26496000,340.75
26499600,143.23
26503200,13.17
26506800,0.0
26510400,0.0
26514000,0.0
26517600,0.0
26521200,0.0
26524800,0.0
26528400,0.0
26532000,0.0
26535600,0.0
26539200,0.0
26542800,33.38
26546400,202.0
26550000,408.13
26553600,598.72
26557200,756.11
26560800,868.45
26564400,912.65
26568000,903.28
26571600,837.22
26575200,713.57
26578800,547.16
26582400,329.41
26586000,140.21
26589600,12.98
26593200,0.0
26596800,0.0
26600400,0.0
26604000,0.0
26607600,0.0
26611200,0.0
26614800,0.0
26618400,0.0
26622000,0.0
26625600,0.0
26629200,0.0
26632800,46.45
26636400,230.5
26640000,416.06
26643600,566.06
26647200,665.3
26650800,597.65
26654400,666.65
26658000,570.75
26661600,423.19
26665200,241.79
26668800,60.84
26672400,0.0
26676000,0.0
26679600,0.0
26683200,0.0
26686800,0.0
26690400,0.0
26694000,0.0
26697600,0.0
26701200,0.0
26704800,0.0
26708400,0.0
26712000,0.0
26715600,0.0
26719200,41.29
26722800,215.04
26726400,404.83
26730000,558.32
26733600,652.2
26737200,672.3
26740800,643.49
26744400,555.83
26748000,413.38
26751600,233.65
26755200,54.3
26758800,0.0
26762400,0.0
26766000,0.0
26769600,0.0
26773200,0.0
26776800,0.0
26780400,0.0
26784000,0.0
26787600,0.0
26791200,0.0
26794800,0.0
26798400,0.0
26802000,0.0
26805600,35.58
26809200,200.66
26812800,382.86
26816400,532.26
26820000,628.84
26823600,637.78
26827200,593.7
26830800,516.38
26834400,372.5
26838000,215.02
26841600,42.4
26845200,0.0
26848800,0.0
26852400,0.0
26856000,0.0
26859600,0.0
26863200,0.0
26866800,0.0
26870400,0.0
26874000,0.0
26877600,0.0
26881200,0.0
26884800,0.0
26888400,0.0
26892000,34.09
26895600,204.2
26899200,390.85
26902800,539.61
26906400,636.73
26910000,661.03
26913600,634.27
26917200,547.81
26920800,403.31
26924400,228.93
26928000,49.09
26931600,0.0
26935200,0.0
26938800,0.0
26942400,0.0
26946000,0.0
26949600,0.0
26953200,0.0
26956800,0.0
26960400,0.0
26964000,0.0
26967600,0.0
26971200,0.0
26974800,0.0
26978400,32.78
26982000,194.15
26985600,362.35
26989200,509.48
26992800,621.86
26996400,647.49
27000000,620.98
27003600,535.61
27007200,392.49
27010800,216.16
27014400,44.71
27018000,0.0
27021600,0.0
27025200,0.0
27028800,0.0
27032400,0.0
27036000,0.0
27039600,0.0
27043200,0.0
27046800,0.0
27050400,0.0
27054000,0.0
27057600,0.0
27061200,0.0
27064800,31.99
27068400,199.1
27072000,382.24
27075600,528.02
27079200,624.02
27082800,649.71
27086400,624.07
27090000,528.3
27093600,384.21
27097200,209.67
27100800,42.84
27104400,0.0
27108000,0.0
27111600,0.0
27115200,0.0
27118800,0.0
27122400,0.0
27126000,0.0
27129600,0.0
27133200,0.0
27136800,0.0
27140400,0.0
27144000,0.0
27147600,0.0
27151200,31.98
27154800,202.62
27158400,386.41
27162000,533.12
27165600,627.7
27169200,652.06
27172800,624.8
27176400,529.51
27180000,386.22
27183600,208.2
27187200,40.18
27190800,0.0
27194400,0.0
27198000,0.0
27201600,0.0
27205200,0.0
27208800,0.0
27212400,0.0
27216000,0.0
27219600,0.0
27223200,0.0
27226800,0.0
27230400,0.0
27234000,0.0
27237600,45.46
27241200,198.23
27244800,334.62
27248400,458.25
27252000,419.23
27255600,496.46
27259200,366.95
27262800,411.05
27266400,327.63
27270000,225.88
27273600,86.4
27277200,6.57
27280800,0.0
27284400,0.0
27288000,0.0
27291600,0.0
27295200,0.0
27298800,0.0
27302400,0.0
27306000,0.0
27309600,0.0
27313200,0.0
27316800,0.0
27320400,0.0
27324000,65.21
27327600,243.08
27331200,390.62
27334800,534.89
27338400,664.61
27342000,626.71
27345600,582.76
27349200,423.54
27352800,372.77
27356400,283.73
27360000,122.91
27363600,0.0
27367200,0.0
27370800,0.0
27374400,0.0
27378000,0.0
27381600,0.0
27385200,0.0
27388800,0.0
27392400,0.0
27396000,0.0
27399600,0.0
27403200,0.0
27406800,0.0
27410400,81.06
27414000,285.81
27417600,476.7
27421200,630.54
27424800,727.34
27428400,759.61
27432000,739.17
27435600,656.23
27439200,506.12
27442800,317.52
27446400,124.37
27450000,0.0
27453600,0.0
27457200,0.0
27460800,0.0
27464400,0.0
27468000,0.0
27471600,0.0
27475200,0.0
27478800,0.0
27482400,0.0
27486000,0.0
27489600,0.0
27493200,0.0
27496800,68.77
27500400,258.05
27504000,457.38
27507600,608.63
27511200,697.3
27514800,721.98
27518400,709.91
27522000,628.95
27525600,474.91
27529200,311.36
27532800,113.69
27536400,0.0
27540000,0.0
27543600,0.0
27547200,0.0
27550800,0.0
27554400,0.0
27558000,0.0
27561600,0.0
27565200,0.0
27568800,0.0
27572400,0.0
27576000,0.0
27579600,0.0
27583200,69.23
27586800,258.01
27590400,445.33
27594000,593.59
27597600,677.62
27601200,718.4
27604800,691.01
27608400,596.29
27612000,453.59
27615600,276.77
27619200,96.17
27622800,0.0
27626400,0.0
27630000,0.0
27633600,0.0
27637200,0.0
27640800,0.0
27644400,0.0
27648000,0.0
27651600,0.0
27655200,0.0
27658800,0.0
27662400,0.0
27666000,0.0
27669600,44.51
27673200,203.09
27676800,382.19
27680400,530.59
27684000,562.01
27687600,573.93
27691200,529.62
27694800,461.83
27698400,353.39
27702000,219.27
27705600,68.98
27709200,0.0
27712800,0.0
27716400,0.0
27720000,0.0
27723600,0.0
27727200,0.0
27730800,0.0
27734400,0.0
27738000,0.0
27741600,0.0
27745200,0.0
27748800,0.0
27752400,0.0
27756000,46.02
27759600,211.4
27763200,396.8
27766800,559.77
27770400,680.65
27774000,646.07
27777600,632.63
27781200,532.26
27784800,402.95
27788400,238.32
27792000,76.4
27795600,0.0
27799200,0.0
27802800,0.0
27806400,0.0
27810000,0.0
27813600,0.0
27817200,0.0
27820800,0.0
27824400,0.0
27828000,0.0
27831600,0.0
27835200,0.0
27838800,40.43
27842400,129.1
27846000,249.87
27849600,447.09
27853200,565.24
27856800,618.09
27860400,716.0
27864000,629.26
27867600,592.96
27871200,522.7
27874800,435.71
27878400,330.72
27882000,196.81
27885600,34.39
27889200,0.0
27892800,0.0
27896400,0.0
27900000,0.0
27903600,0.0
27907200,0.0
27910800,0.0
27914400,0.0
27918000,0.0
27921600,0.0
27925200,55.7
27928800,233.51
27932400,421.84
27936000,562.99
27939600,723.7
27943200,850.73
27946800,877.78
27950400,817.2
27954000,713.82
27957600,541.84
27961200,466.33
27964800,307.95
27968400,141.61
27972000,33.03
27975600,0.0
27979200,0.0
27982800,0.0
27986400,0.0
27990000,0.0
27993600,0.0
27997200,0.0
28000800,0.0
28004400,0.0
28008000,0.0
28011600,51.09
28015200,203.64
28018800,386.18
28022400,570.35
28026000,721.52
28029600,826.43
28033200,821.79
28036800,737.25
28040400,666.23
28044000,591.36
28047600,494.03
28051200,331.23
28054800,179.0
28058400,35.13
28062000,0.0
28065600,0.0
28069200,0.0
28072800,0.0
28076400,0.0
28080000,0.0
28083600,0.0
28087200,0.0
28090800,0.0
28094400,0.0
28098000,51.43
28101600,208.82
28105200,385.16
28108800,595.23
28112400,721.39
28116000,834.36
28119600,885.05
28123200,795.86
28126800,751.41
28130400,660.86
28134000,523.3
28137600,332.36
28141200,174.62
28144800,30.77
28148400,0.0
28152000,0.0
28155600,0.0
28159200,0.0
28162800,0.0
28166400,0.0
28170000,0.0
28173600,0.0
28177200,0.0
28180800,0.0
28184400,48.93
28188000,211.12
28191600,405.73
28195200,594.96
28198800,761.56
28202400,864.84
28206000,915.05
28209600,915.1
28213200,852.26
28216800,732.28
28220400,581.48
28224000,394.41
28227600,183.66
28231200,30.58
28234800,0.0
28238400,0.0
28242000,0.0
28245600,0.0
28249200,0.0
28252800,0.0
28256400,0.0
28260000,0.0
28263600,0.0
28267200,0.0
28270800,45.55
28274400,205.05
28278000,383.6
28281600,553.92
28285200,700.21
28288800,828.36
28292400,798.0
28296000,734.96
28299600,617.48
28303200,584.19
28306800,447.35
28310400,289.13
28314000,118.36
28317600,25.49
28321200,0.0
28324800,0.0
28328400,0.0
28332000,0.0
28335600,0.0
28339200,0.0
28342800,0.0
28346400,0.0
28350000,0.0
28353600,0.0
28357200,35.46
28360800,135.45
28364400,285.74
28368000,429.97
28371600,576.23
28375200,578.47
28378800,645.79
28382400,766.16
28386000,642.22
28389600,501.45
28393200,360.3
28396800,176.73
28400400,70.18
28404000,20.76
28407600,0.0
28411200,0.0
28414800,0.0
28418400,0.0
28422000,0.0
28425600,0.0
28429200,0.0
28432800,0.0
28436400,0.0
28440000,0.0
28443600,15.37
28447200,101.25
28450800,285.55
28454400,472.66
28458000,544.8
28461600,594.21
28465200,506.63
28468800,579.62
28472400,540.37
28476000,545.17
28479600,406.33
28483200,245.66
28486800,89.07
28490400,0.0
28494000,0.0
28497600,0.0
28501200,0.0
28504800,0.0
28508400,0.0
28512000,0.0
28515600,0.0
28519200,0.0
28522800,0.0
28526400,0.0
28530000,18.77
28533600,150.27
28537200,346.46
28540800,551.25
28544400,706.65
28548000,815.58
28551600,862.91
28555200,855.7
28558800,784.48
28562400,666.63
28566000,499.66
28569600,297.67
28573200,104.64
28576800,0.0
28580400,0.0
28584000,0.0
28587600,0.0
28591200,0.0
28594800,0.0
28598400,0.0
28602000,0.0
28605600,0.0
28609200,0.0
28612800,0.0
28616400,20.25
28620000,175.09
28623600,379.12
28627200,573.3
28630800,726.16
28634400,831.22
28638000,875.27
28641600,865.59
28645200,796.41
28648800,671.23
28652400,505.41
28656000,299.27
28659600,101.86
28663200,0.0
28666800,0.0
28670400,0.0
28674000,0.0
28677600,0.0
28681200,0.0
28684800,0.0
28688400,0.0
28692000,0.0
28695600,0.0
28699200,0.0
28702800,18.73
28706400,166.66
28710000,367.25
28713600,557.7
28717200,709.15
28720800,814.45
28724400,857.1
28728000,851.36
28731600,730.02
28735200,637.95
28738800,488.21
28742400,290.13
28746000,80.38
28749600,0.0
28753200,0.0
28756800,0.0
28760400,0.0
28764000,0.0
28767600,0.0
28771200,0.0
28774800,0.0
28778400,0.0
28782000,0.0
28785600,0.0
28789200,16.37
28792800,152.48
28796400,352.35
28800000,539.21
28803600,691.69
28807200,786.34
28810800,824.51
28814400,794.55
28818000,752.8
28821600,633.31
28825200,469.72
28828800,277.48
28832400,66.16
28836000,0.0
28839600,0.0
28843200,0.0
28846800,0.0
28850400,0.0
28854000,0.0
28857600,0.0
28861200,0.0
28864800,0.0
28868400,0.0
28872000,0.0
28875600,14.08
28879200,129.94
28882800,317.86
28886400,488.94
28890000,650.55
28893600,751.18
28897200,808.73
28900800,789.63
28904400,702.93
28908000,509.63
28911600,341.84
28915200,222.48
28918800,63.83
28922400,0.0
28926000,0.0
28929600,0.0
28933200,0.0
28936800,0.0
28940400,0.0
28944000,0.0
28947600,0.0
28951200,0.0
28954800,0.0
28958400,0.0
28962000,8.17
28965600,45.04
28969200,57.67
28972800,71.27
28976400,145.36
28980000,208.34
28983600,285.3
28987200,397.79
28990800,413.46
28994400,320.22
28998000,247.39
29001600,136.78
29005200,44.31
29008800,0.0
29012400,0.0
29016000,0.0
29019600,0.0
29023200,0.0
29026800,0.0
29030400,0.0
29034000,0.0
29037600,0.0
29041200,0.0
29044800,0.0
29048400,0.0
29052000,0.0
29055600,27.45
29059200,156.36
29062800,327.11
29066400,424.61
29070000,461.95
29073600,383.1
29077200,339.33
29080800,253.09
29084400,132.95
29088000,0.0
29091600,0.0
29095200,0.0
29098800,0.0
29102400,0.0
29106000,0.0
29109600,0.0
29113200,0.0
29116800,0.0
29120400,0.0
29124000,0.0
29127600,0.0
29131200,0.0
29134800,0.0
29138400,0.0
29142000,38.6
29145600,182.38
29149200,321.06
29152800,434.04
29156400,457.52
29160000,454.3
29163600,389.95
29167200,278.93
29170800,125.01
29174400,0.0
29178000,0.0
29181600,0.0
29185200,0.0
29188800,0.0
29192400,0.0
29196000,0.0
29199600,0.0
29203200,0.0
29206800,0.0
29210400,0.0
29214000,0.0
29217600,0.0
29221200,0.0
29224800,0.0
29228400,38.95
29232000,182.81
29235600,332.98
29239200,441.09
29242800,491.05
29246400,483.95
29250000,388.66
29253600,284.13
29257200,125.26
29260800,0.0
29264400,0.0
29268000,0.0
29271600,0.0
29275200,0.0
29278800,0.0
29282400,0.0
29286000,0.0
29289600,0.0
29293200,0.0
29296800,0.0
29300400,0.0
29304000,0.0
29307600,0.0
29311200,0.0
29314800,27.34
29318400,149.9
29322000,296.14
29325600,370.62
29329200,398.93
29332800,390.2
29336400,314.17
29340000,231.73
29343600,86.56
29347200,0.0
29350800,0.0
29354400,0.0
29358000,0.0
29361600,0.0
29365200,0.0
29368800,0.0
29372400,0.0
29376000,0.0
29379600,0.0
29383200,0.0
29386800,0.0
29390400,0.0
29394000,0.0
29397600,0.0
29401200,25.14
29404800,140.34
29408400,301.22
29412000,383.43
29415600,462.09
29419200,387.25
29422800,392.77
29426400,271.17
29430000,128.31
29433600,0.0
29437200,0.0
29440800,0.0
29444400,0.0
29448000,0.0
29451600,0.0
29455200,0.0
29458800,0.0
29462400,0.0
29466000,0.0
29469600,0.0
29473200,0.0
29476800,0.0
29480400,0.0
29484000,0.0
29487600,24.0
29491200,180.97
29494800,327.07
29498400,443.66
29502000,459.62
29505600,419.11
29509200,396.68
29512800,275.99
29516400,110.25
29520000,8.86
29523600,0.0
29527200,0.0
29530800,0.0
29534400,0.0
29538000,0.0
29541600,0.0
29545200,0.0
29548800,0.0
29552400,0.0
29556000,0.0
29559600,0.0
29563200,0.0
29566800,0.0
29570400,0.0
29574000,29.81
29577600,174.54
29581200,312.57
29584800,413.88
29588400,462.07
29592000,454.34
29595600,379.31
29599200,260.06
29602800,108.03
29606400,8.16
29610000,0.0
29613600,0.0
29617200,0.0
29620800,0.0
29624400,0.0
29628000,0.0
29631600,0.0
29635200,0.0
29638800,0.0
29642400,0.0
29646000,0.0
29649600,0.0
29653200,0.0
29656800,0.0
29660400,45.88
29664000,198.72
29667600,348.73
29671200,444.05
29674800,433.2
29678400,398.46
29682000,305.55
29685600,230.09
29689200,85.01
29692800,0.0
29696400,0.0
29700000,0.0
29703600,0.0
29707200,0.0
29710800,0.0
29714400,0.0
29718000,0.0
29721600,0.0
29725200,0.0
29728800,0.0
29732400,0.0
29736000,0.0
29739600,0.0
29743200,0.0
29746800,45.49
29750400,211.03
29754000,356.87
29757600,434.05
29761200,485.93
29764800,468.43
29768400,392.32
29772000,269.2
29775600,108.53
29779200,0.0
29782800,0.0
29786400,0.0
29790000,0.0
29793600,0.0
29797200,0.0
29800800,0.0
29804400,0.0
29808000,0.0
29811600,0.0
29815200,0.0
29818800,0.0
29822400,0.0
29826000,0.0
29829600,0.0
29833200,46.47
29836800,223.7
29840400,364.38
29844000,468.05
29847600,483.89
29851200,434.79
29854800,392.11
29858400,261.01
29862000,107.63
29865600,0.0
29869200,0.0
29872800,0.0
29876400,0.0
29880000,0.0
29883600,0.0
29887200,0.0
29890800,0.0
29894400,0.0
29898000,0.0
29901600,0.0
29905200,0.0
29908800,0.0
29912400,0.0
29916000,0.0
29919600,48.27
29923200,214.79
29926800,352.17
29930400,440.59
29934000,484.35
29937600,464.98
29941200,385.39
29944800,258.97
29948400,108.01
29952000,0.0
29955600,0.0
29959200,0.0
29962800,0.0
29966400,0.0
29970000,0.0
29973600,0.0
29977200,0.0
29980800,0.0
29984400,0.0
29988000,0.0
29991600,0.0
29995200,0.0
29998800,0.0
30002400,0.0
30006000,39.77
30009600,207.65
30013200,347.44
30016800,442.98
30020400,481.91
30024000,459.35
30027600,379.47
30031200,258.95
30034800,107.12
30038400,0.0
30042000,0.0
30045600,0.0
30049200,0.0
30052800,0.0
30056400,0.0
30060000,0.0
30063600,0.0
30067200,0.0
30070800,0.0
30074400,0.0
30078000,0.0
30081600,0.0
30085200,0.0
30088800,0.0
30092400,40.0
30096000,179.09
30099600,320.49
30103200,407.59
30106800,467.55
30110400,445.34
30114000,362.87
30117600,228.15
30121200,85.1
30124800,0.0
30128400,0.0
30132000,0.0
30135600,0.0
30139200,0.0
30142800,0.0
30146400,0.0
30150000,0.0
30153600,0.0
30157200,0.0
30160800,0.0
30164400,0.0
30168000,0.0
30171600,0.0
30175200,0.0
30178800,37.18
30182400,196.75
30186000,343.62
30189600,426.05
30193200,471.59
30196800,455.6
30200400,367.69
30204000,248.83
30207600,91.95
30211200,0.0
30214800,0.0
30218400,0.0
30222000,0.0
30225600,0.0
30229200,0.0
30232800,0.0
30236400,0.0
30240000,0.0
30243600,0.0
30247200,0.0
30250800,0.0
30254400,0.0
30258000,0.0
30261600,0.0
30265200,21.88
30268800,158.19
30272400,286.23
30276000,391.51
30279600,456.42
30283200,445.1
30286800,409.41
30290400,284.21
30294000,121.44
30297600,10.06
30301200,0.0
30304800,0.0
30308400,0.0
30312000,0.0
30315600,0.0
30319200,0.0
30322800,0.0
30326400,0.0
30330000,0.0
30333600,0.0
30337200,0.0
30340800,0.0
30344400,0.0
30348000,0.0
30351600,23.23
30355200,158.45
30358800,302.67
30362400,413.14
30366000,462.67
30369600,453.65
30373200,399.51
30376800,277.75
30380400,117.91
30384000,10.02
30387600,0.0
30391200,0.0
30394800,0.0
30398400,0.0
30402000,0.0
30405600,0.0
30409200,0.0
30412800,0.0
30416400,0.0
30420000,0.0
30423600,0.0
30427200,0.0
30430800,0.0
30434400,0.0
30438000,21.11
30441600,131.01
30445200,276.6
30448800,358.09
30452400,349.95
30456000,367.96
30459600,346.62
30463200,224.08
30466800,98.38
30470400,10.21
30474000,0.0
30477600,0.0
30481200,0.0
30484800,0.0
30488400,0.0
30492000,0.0
30495600,0.0
30499200,0.0
30502800,0.0
30506400,0.0
30510000,0.0
30513600,0.0
30517200,0.0
30520800,0.0
30524400,19.83
30528000,154.94
30531600,302.98
30535200,409.88
30538800,457.16
30542400,453.68
30546000,388.73
30549600,280.4
30553200,125.18
30556800,11.28
30560400,0.0
30564000,0.0
30567600,0.0
30571200,0.0
30574800,0.0
30578400,0.0
30582000,0.0
30585600,0.0
30589200,0.0
30592800,0.0
30596400,0.0
30600000,0.0
30603600,0.0
30607200,0.0
30610800,20.16
30614400,152.85
30618000,292.21
30621600,395.66
30625200,477.09
30628800,475.93
30632400,388.25
30636000,289.16
30639600,133.52
30643200,12.57
30646800,0.0
30650400,0.0
30654000,0.0
30657600,0.0
30661200,0.0
30664800,0.0
30668400,0.0
30672000,0.0
30675600,0.0
30679200,0.0
30682800,0.0
30686400,0.0
30690000,0.0
30693600,0.0
30697200,21.39
30700800,161.68
30704400,307.83
30708000,412.55
30711600,473.48
30715200,460.5
30718800,396.42
30722400,294.76
30726000,136.28
30729600,13.22
30733200,0.0
30736800,0.0
30740400,0.0
30744000,0.0
30747600,0.0
30751200,0.0
30754800,0.0
30758400,0.0
30762000,0.0
30765600,0.0
30769200,0.0
30772800,0.0
30776400,0.0
30780000,0.0
30783600,22.7
30787200,142.47
30790800,266.02
30794400,350.77
30798000,362.7
30801600,335.06
30805200,305.0
30808800,205.55
30812400,92.18
30816000,13.87
30819600,0.0
30823200,0.0
30826800,0.0
30830400,0.0
30834000,0.0
30837600,0.0
30841200,0.0
30844800,0.0
30848400,0.0
30852000,0.0
30855600,0.0
30859200,0.0
30862800,0.0
30866400,0.0
30870000,45.88
30873600,198.72
30877200,348.73
30880800,444.05
30884400,433.2
30888000,398.46
30891600,305.55
30895200,230.09
30898800,85.01
30902400,0.0
30906000,0.0
30909600,0.0
30913200,0.0
30916800,0.0
30920400,0.0
30924000,0.0
30927600,0.0
30931200,0.0
30934800,0.0
30938400,0.0
30942000,0.0
30945600,0.0
30949200,0.0
30952800,0.0
30956400,45.49
30960000,211.03
30963600,356.87
30967200,434.05
30970800,485.93
30974400,468.43
30978000,392.32
30981600,269.2
30985200,108.53
30988800,0.0
30992400,0.0
30996000,0.0
30999600,0.0
31003200,0.0
31006800,0.0
31010400,0.0
31014000,0.0
31017600,0.0
31021200,0.0
31024800,0.0
31028400,0.0
31032000,0.0
31035600,0.0
31039200,0.0
31042800,46.47
31046400,223.7
31050000,364.38
31053600,468.05
31057200,483.89
31060800,434.79
31064400,392.11
31068000,261.01
31071600,107.63
31075200,0.0
31078800,0.0
31082400,0.0
31086000,0.0
31089600,0.0
31093200,0.0
31096800,0.0
31100400,0.0
31104000,0.0
31107600,0.0
31111200,0.0
31114800,0.0
31118400,0.0
31122000,0.0
31125600,0.0
31129200,48.27
31132800,214.79
31136400,352.17
31140000,440.59
31143600,484.35
31147200,464.98
31150800,385.39
31154400,258.97
31158000,108.01
31161600,0.0
31165200,0.0
31168800,0.0
31172400,0.0
31176000,0.0
31179600,0.0
31183200,0.0
31186800,0.0
31190400,0.0
31194000,0.0
31197600,0.0
31201200,0.0
31204800,0.0
31208400,0.0
31212000,0.0
31215600,39.77
31219200,207.65
31222800,347.44
31226400,442.98
31230000,481.91
31233600,459.35
31237200,379.47
31240800,258.95
31244400,107.12
31248000,0.0
31251600,0.0
31255200,0.0
31258800,0.0
31262400,0.0
31266000,0.0
31269600,0.0
31273200,0.0
31276800,0.0
31280400,0.0
31284000,0.0
31287600,0.0
31291200,0.0
31294800,0.0
31298400,0.0
31302000,40.0
31305600,179.09
31309200,320.49
31312800,407.59
31316400,467.55
31320000,445.34
31323600,362.87
31327200,228.15
31330800,85.1
31334400,0.0
31338000,0.0
31341600,0.0
31345200,0.0
31348800,0.0
31352400,0.0
31356000,0.0
31359600,0.0
31363200,0.0
31366800,0.0
31370400,0.0
31374000,0.0
31377600,0.0
31381200,0.0
31384800,0.0
31388400,37.18
31392000,196.75
31395600,343.62
31399200,426.05
31402800,471.59
31406400,455.6
31410000,367.69
31413600,248.83
31417200,91.95
31420800,0.0
31424400,0.0
31428000,0.0
31431600,0.0
31435200,0.0
31438800,0.0
31442400,0.0
31446000,0.0
31449600,0.0
31453200,0.0
31456800,0.0
31460400,0.0
31464000,0.0
31467600,0.0
31471200,0.0
31474800,20.16
31478400,152.85
31482000,292.21
31485600,395.66
31489200,477.09
31492800,475.93
31496400,388.25
31500000,289.16
31503600,133.52
31507200,12.57
31510800,0.0
31514400,0.0
31518000,0.0
31521600,0.0
31525200,0.0
31528800,0.0
31532400,0.0
31536000,0.0
