time,value
0,248328595.6
3600,241610034.5
7200,222265453.0
10800,249524773.3
14400,239714219.2
18000,224430558.4
21600,206529462.7
25200,210612126.0
28800,241555507.7
32400,216189368.5
36000,236938385.7
39600,207993637.9
43200,236573535.8
46800,202684705.9
50400,235719476.4
54000,206086782.1
57600,249202236.9
61200,229654909.8
64800,213477160.3
68400,221600179.5
72000,246525617.1
75600,225394265.4
79200,203204900.3
82800,232955565.6
86400,222458600.9
90000,207358424.9
93600,238761404.5
97200,226563087.8
100800,204394709.8
104400,245023034.8
108000,243407559.2
111600,202814993.1
115200,232002812.7
118800,244463231.5
122400,217386159.6
126000,233335975.3
129600,222723037.1
133200,222343946.9
136800,200851551.2
140400,243070882.8
144000,246891105.9
147600,223938704.3
151200,228491574.7
154800,249639779.1
158400,220206731.3
162000,210992065.9
165600,243324829.3
169200,234451153.5
172800,208573469.2
176400,200451186.4
180000,208453856.4
183600,210319388.5
187200,245081109.4
190800,235456994.9
194400,206596502.5
198000,221260234.5
201600,233072335.7
205200,216119154.0
208800,229871839.5
212400,210532357.7
216000,209480911.4
219600,210415777.8
223200,235667269.1
226800,212634820.5
230400,213500750.5
234000,224087868.0
237600,211033686.5
241200,217733209.5
244800,231886700.9
248400,237487715.4
252000,224621070.1
255600,230869438.2
259200,215972655.6
262800,215124954.4
266400,207089474.8
270000,242217119.1
273600,214407716.0
277200,245441616.5
280800,205660458.8
284400,230693029.8
288000,214195205.4
291600,225406600.4
295200,226943755.7
298800,202607525.5
302400,221854124.1
306000,210936482.0
309600,245916949.5
313200,234572654.9
316800,205796263.0
320400,217981139.6
324000,215302786.0
327600,215112403.8
331200,228072274.4
334800,239804948.7
338400,223497435.3
342000,239558526.3
345600,220938447.7
349200,236976487.5
352800,217876157.7
356400,247491104.2
360000,237507328.6
363600,200978874.9
367200,237758357.0
370800,245590056.6
374400,217387693.6
378000,203564260.6
381600,242754431.0
385200,204717667.4
388800,227478393.8
392400,245776256.3
396000,226100578.9
399600,202598274.2
403200,222045448.0
406800,234559461.5
410400,213068877.0
414000,244795377.0
417600,222985621.4
421200,211600952.1
424800,209797144.5
428400,242484692.2
432000,237080428.0
435600,233110768.0
439200,205354420.0
442800,241808646.0
446400,222745769.3
450000,232531497.4
453600,245221129.3
457200,205535281.3
460800,230191475.4
464400,200819123.3
468000,204560520.1
471600,245283582.6
475200,227380948.9
478800,232210315.6
482400,211793845.0
486000,231028681.8
489600,203949113.6
493200,232287555.0
496800,208814990.3
500400,230946238.9
504000,248516207.9
507600,233459673.4
511200,216590566.3
514800,222894350.8
518400,201247467.3
522000,226155231.8
525600,249459597.9
529200,236168184.8
532800,219847236.6
536400,229536490.8
540000,228658994.6
543600,225383714.6
547200,207277319.3
550800,214547436.5
554400,225057203.6
558000,207093492.5
561600,220319170.1
565200,229655159.2
568800,240468997.2
572400,223529948.0
576000,233706084.0
579600,237858977.9
583200,209104989.5
586800,230981958.8
590400,238496353.9
594000,221054313.1
597600,221949438.3
601200,224439010.1
604800,246553649.3
608400,221097403.3
612000,202824936.9
615600,233710021.9
619200,213990436.6
622800,239004352.2
626400,248142060.8
630000,234412241.8
633600,224921128.0
637200,204951623.0
640800,214387562.4
644400,226905614.1
648000,200566502.6
651600,214142174.2
655200,229478564.5
658800,208602405.6
662400,208504908.3
666000,233817139.7
669600,228479721.5
673200,227583525.1
676800,248372049.2
680400,231421095.1
684000,216227485.9
687600,226050784.5
691200,243246833.8
694800,249705411.7
698400,241924411.5
702000,217369857.4
705600,237470494.0
709200,246970641.6
712800,233404091.9
716400,224060135.9
720000,214308153.9
723600,229757790.3
727200,216820357.2
730800,247977528.4
734400,222103751.1
738000,248099810.4
741600,233819181.0
745200,235303891.8
748800,247884637.7
752400,246993846.9
756000,241687876.7
759600,207762066.0
763200,241521608.7
766800,223207016.1
770400,214934421.4
774000,226165266.0
777600,241581521.8
781200,226956617.6
784800,212991593.0
788400,217701921.3
792000,209336906.8
795600,217532836.7
799200,209485926.8
802800,241784546.9
806400,219207547.8
810000,200474986.1
813600,215451234.8
817200,241837361.7
820800,214066841.1
824400,239067165.6
828000,226575712.5
831600,207695725.8
835200,226262684.2
838800,214161989.4
842400,235743305.7
846000,236719464.2
849600,222481792.2
853200,209103871.7
856800,206777021.3
860400,213638580.7
864000,231782175.4
867600,240309395.9
871200,233393866.1
874800,214329457.4
878400,207122078.1
882000,212293761.8
885600,234594850.7
889200,203587342.2
892800,224933043.8
896400,249299888.9
900000,245245032.3
903600,228760384.9
907200,238325863.7
910800,237338372.4
914400,234766570.3
918000,233865862.5
921600,214119991.4
925200,229093399.0
928800,230943614.5
932400,240711995.8
936000,200799353.0
939600,210717630.2
943200,249393367.9
946800,240866862.7
950400,231604085.5
954000,234107372.3
957600,240410841.1
961200,213983106.9
964800,233248463.4
968400,201466205.6
972000,227219007.7
975600,226448512.3
979200,243658213.9
982800,209380415.2
986400,246573028.7
990000,248817613.8
993600,216560221.4
997200,231185461.7
1000800,226353035.9
1004400,222954076.1
1008000,217928281.3
1011600,216713477.6
1015200,204159762.5
1018800,219520093.4
1022400,211967197.3
1026000,224313599.5
1029600,235004680.2
1033200,206863516.6
1036800,241323366.9
1040400,246502661.0
1044000,241436525.3
1047600,224247638.1
1051200,232988463.2
1054800,222820054.1
1058400,220923102.7
1062000,201714813.1
1065600,246342377.3
1069200,202169002.8
1072800,223803005.0
1076400,219287386.7
1080000,226702916.7
1083600,249908413.6
1087200,245123709.4
1090800,200737774.9
1094400,239025746.4
1098000,224264472.5
1101600,219510988.2
1105200,241154505.2
1108800,243720877.2
1112400,249917801.3
1116000,209783029.5
1119600,243498445.9
1123200,215374580.9
1126800,220561822.7
1130400,240817009.9
1134000,218412737.4
1137600,221310771.3
1141200,204560840.5
1144800,233374909.1
1148400,236565408.1
1152000,215040920.5
1155600,216899860.5
1159200,236716118.0
1162800,249272831.0
1166400,234938550.7
1170000,204496590.6
1173600,223536876.3
1177200,231768144.4
1180800,226263467.8
1184400,207066971.8
1188000,213775774.1
1191600,249355136.7
1195200,239749915.4
1198800,246666745.5
1202400,217418627.9
1206000,210456674.1
1209600,222844069.1
1213200,211904445.6
1216800,238558154.0
1220400,213670226.1
1224000,226250105.6
1227600,226555672.9
1231200,243669209.3
1234800,246880651.7
1238400,202435874.0
1242000,248942245.7
1245600,231616293.2
1249200,203631690.6
1252800,210591200.6
1256400,217994361.2
1260000,221334064.0
1263600,237907268.7
1267200,245787538.3
1270800,231487007.5
1274400,247795455.6
1278000,237755921.9
1281600,226305558.6
1285200,242505549.9
1288800,240801546.2
1292400,206606523.5
1296000,238036208.4
1299600,230861623.4
1303200,219882360.9
1306800,242063599.2
1310400,201915985.4
1314000,204810296.4
1317600,247405111.8
1321200,219800780.7
1324800,226613104.9
1328400,245182123.9
1332000,217001762.1
1335600,233194782.2
1339200,236368053.3
1342800,211150680.0
1346400,227772701.6
1350000,222761633.5
1353600,230513226.9
1357200,227199501.9
1360800,225917816.9
1364400,214302387.3
1368000,243950808.2
1371600,246827151.8
1375200,240310464.1
1378800,248454246.4
1382400,226211746.1
1386000,205643446.8
1389600,232511721.9
1393200,209544298.4
1396800,242846791.8
1400400,247142653.6
1404000,205172345.0
1407600,214821947.4
1411200,239951701.5
1414800,222085738.0
1418400,224626028.1
1422000,201475808.6
1425600,228632169.3
1429200,228623108.3
1432800,237084568.4
1436400,203830278.1
1440000,239358323.3
1443600,209674749.7
1447200,226546385.2
1450800,246206489.1
1454400,249302823.2
1458000,248764669.9
1461600,215238442.8
1465200,237681920.4
1468800,210317755.8
1472400,243069035.7
1476000,232892208.2
1479600,205110287.8
1483200,229023240.2
1486800,248174414.0
1490400,242243632.5
1494000,237655344.9
1497600,235152490.6
1501200,212331182.5
1504800,201997074.8
1508400,223105659.0
1512000,205868690.6
1515600,208080998.7
1519200,220987792.0
1522800,233305767.7
1526400,248657719.7
1530000,213982521.8
1533600,226569648.3
1537200,246534632.9
1540800,208333120.3
1544400,239462486.7
1548000,205148267.4
1551600,244181134.8
1555200,226111880.7
1558800,248706320.8
1562400,237805209.7
1566000,236128503.7
1569600,200130059.4
1573200,210280686.4
1576800,213018459.4
1580400,203997735.2
1584000,236766386.7
1587600,241132533.8
1591200,217169531.8
1594800,206806905.0
1598400,233294471.3
1602000,241522057.0
1605600,233681043.5
1609200,206972954.9
1612800,218941344.2
1616400,233918147.1
1620000,225796254.6
1623600,248902768.7
1627200,213386234.9
1630800,243345525.0
1634400,218687743.4
1638000,206831517.1
1641600,204134577.3
1645200,236941184.3
1648800,218603390.2
1652400,219025815.0
1656000,215108688.2
1659600,214726270.3
1663200,212990678.3
1666800,223173750.8
1670400,249392613.7
1674000,219253793.9
1677600,247161710.3
1681200,208350059.9
1684800,246250203.0
1688400,237716868.4
1692000,242829971.8
1695600,230119325.8
1699200,205368341.1
1702800,222773612.9
1706400,232729485.5
1710000,202876656.0
1713600,201063143.8
1717200,214490087.0
1720800,246573941.6
1724400,225700967.9
1728000,243764921.5
1731600,218904975.6
1735200,244225576.0
1738800,226738693.5
1742400,244630136.8
1746000,205138171.3
1749600,210602291.6
1753200,235080287.0
1756800,218067541.5
1760400,200069785.7
1764000,219215417.0
1767600,216007145.6
1771200,219667269.1
1774800,209062561.2
1778400,210468836.1
1782000,229686231.6
1785600,229723317.8
1789200,208623514.1
1792800,246650078.3
1796400,202810838.5
1800000,210086207.1
1803600,225412603.2
1807200,237960743.0
1810800,207302604.6
1814400,222844069.1
1818000,211904445.6
1821600,238558154.0
1825200,213670226.1
1828800,226250105.6
1832400,226555672.9
1836000,243669209.3
1839600,246880651.7
1843200,202435874.0
1846800,248942245.7
1850400,231616293.2
1854000,203631690.6
1857600,210591200.6
1861200,217994361.2
1864800,221334064.0
1868400,237907268.7
1872000,245787538.3
1875600,231487007.5
1879200,247795455.6
1882800,237755921.9
1886400,226305558.6
1890000,242505549.9
1893600,240801546.2
1897200,206606523.5
1900800,238036208.4
1904400,230861623.4
1908000,219882360.9
1911600,242063599.2
1915200,201915985.4
1918800,204810296.4
1922400,247405111.8
1926000,219800780.7
1929600,226613104.9
1933200,245182123.9
1936800,217001762.1
1940400,233194782.2
1944000,236368053.3
1947600,211150680.0
1951200,227772701.6
1954800,222761633.5
1958400,230513226.9
1962000,227199501.9
1965600,225917816.9
1969200,214302387.3
1972800,243950808.2
1976400,246827151.8
1980000,240310464.1
1983600,248454246.4
1987200,226211746.1
1990800,205643446.8
1994400,232511721.9
1998000,209544298.4
2001600,242846791.8
2005200,247142653.6
2008800,205172345.0
2012400,214821947.4
2016000,239951701.5
2019600,222085738.0
2023200,224626028.1
2026800,201475808.6
2030400,228632169.3
2034000,228623108.3
2037600,237084568.4
2041200,203830278.1
2044800,239358323.3
2048400,209674749.7
2052000,226546385.2
2055600,246206489.1
2059200,249302823.2
2062800,248764669.9
2066400,215238442.8
2070000,237681920.4
2073600,210317755.8
2077200,243069035.7
2080800,232892208.2
2084400,205110287.8
2088000,229023240.2
2091600,248174414.0
2095200,242243632.5
2098800,237655344.9
2102400,235152490.6
2106000,212331182.5
2109600,201997074.8
2113200,223105659.0
2116800,205868690.6
2120400,208080998.7
2124000,220987792.0
2127600,233305767.7
2131200,248657719.7
2134800,213982521.8
2138400,226569648.3
2142000,246534632.9
2145600,208333120.3
2149200,239462486.7
2152800,205148267.4
2156400,244181134.8
2160000,226111880.7
2163600,248706320.8
2167200,237805209.7
2170800,236128503.7
2174400,200130059.4
2178000,210280686.4
2181600,213018459.4
2185200,203997735.2
2188800,236766386.7
2192400,241132533.8
2196000,217169531.8
2199600,206806905.0
2203200,233294471.3
2206800,241522057.0
2210400,233681043.5
2214000,206972954.9
2217600,218941344.2
2221200,233918147.1
2224800,225796254.6
2228400,248902768.7
2232000,213386234.9
2235600,243345525.0
2239200,218687743.4
2242800,206831517.1
2246400,204134577.3
2250000,236941184.3
2253600,218603390.2
2257200,219025815.0
2260800,215108688.2
2264400,214726270.3
2268000,212990678.3
2271600,223173750.8
2275200,249392613.7
2278800,219253793.9
2282400,247161710.3
2286000,208350059.9
2289600,246250203.0
2293200,237716868.4
2296800,242829971.8
2300400,230119325.8
2304000,205368341.1
2307600,222773612.9
2311200,232729485.5
2314800,202876656.0
2318400,201063143.8
2322000,214490087.0
2325600,246573941.6
2329200,225700967.9
2332800,243764921.5
2336400,218904975.6
2340000,244225576.0
2343600,226738693.5
2347200,244630136.8
2350800,205138171.3
2354400,210602291.6
2358000,235080287.0
2361600,218067541.5
2365200,200069785.7
2368800,219215417.0
2372400,216007145.6
2376000,219667269.1
2379600,209062561.2
2383200,210468836.1
2386800,229686231.6
2390400,229723317.8
2394000,208623514.1
2397600,246650078.3
2401200,202810838.5
2404800,210086207.1
2408400,225412603.2
2412000,237960743.0
2415600,207302604.6
2419200,258639510.1
2422800,257557367.0
2426400,241052117.6
2430000,246887058.8
2433600,254011744.7
2437200,256949521.8
2440800,257728695.7
2444400,242392692.4
2448000,236097947.7
2451600,236000945.4
2455200,230082782.0
2458800,259506520.1
2462400,257614155.4
2466000,253283548.1
2469600,253829996.1
2473200,246549493.7
2476800,251342520.8
2480400,231878385.3
2484000,231849459.4
2487600,248191377.2
2491200,237404363.7
2494800,230055089.8
2498400,252985761.7
2502000,242762927.1
2505600,259686913.2
2509200,232107574.4
2512800,233735234.2
2516400,259052444.6
2520000,256316697.1
2523600,237211058.7
2527200,245477612.0
2530800,232363180.4
2534400,249068021.0
2538000,248486190.7
2541600,250383687.5
2545200,255188079.0
2548800,253060548.0
2552400,231639212.9
2556000,232459613.1
2559600,246290515.1
2563200,239663591.1
2566800,237331502.0
2570400,230669793.6
2574000,235118810.2
2577600,258528581.1
2581200,240151465.7
2584800,244936171.6
2588400,241106035.8
2592000,249836859.5
2595600,243970592.5
2599200,256781838.4
2602800,237786539.7
2606400,250408697.5
2610000,245928477.2
2613600,231386185.9
2617200,250345863.4
2620800,238949613.9
2624400,233160242.7
2628000,244025531.6
2631600,250468838.0
2635200,253399464.7
2638800,254828761.3
2642400,242842153.0
2646000,245129253.2
2649600,249026655.7
2653200,251801093.8
2656800,242388835.5
2660400,240689483.2
2664000,239646443.8
2667600,243873229.3
2671200,249921427.1
2674800,249379946.2
2678400,240316641.4
2682000,247681495.4
2685600,255400671.2
2689200,235338244.7
2692800,238896598.4
2696400,231374305.1
2700000,253999350.3
2703600,253882859.3
2707200,241871287.0
2710800,239598022.9
2714400,259756586.6
2718000,246527406.0
2721600,230437358.0
2725200,255775303.9
2728800,247814280.3
2732400,255841121.5
2736000,253311494.3
2739600,233147079.2
2743200,241825885.3
2746800,259279586.6
2750400,245314695.2
2754000,241804093.4
2757600,246658002.4
2761200,259263078.8
2764800,243436665.1
2768400,255922344.0
2772000,234287817.4
2775600,232870323.9
2779200,240431893.4
2782800,232182577.6
2786400,246333186.8
2790000,258961873.3
2793600,238435189.3
2797200,232404074.6
2800800,234374045.3
2804400,234891368.6
2808000,246157338.1
2811600,244068836.2
2815200,237959430.2
2818800,250236162.3
2822400,233736335.9
2826000,237552971.0
2829600,247675091.9
2833200,240532943.8
2836800,245683215.8
2840400,240055121.3
2844000,230706053.8
2847600,242050389.1
2851200,245140504.5
2854800,233887681.4
2858400,248389082.0
2862000,258903674.8
2865600,232689714.0
2869200,239259862.9
2872800,245876415.7
2876400,243422452.1
2880000,258198887.2
2883600,251633129.9
2887200,252136485.0
2890800,249173959.6
2894400,231059434.8
2898000,249248463.9
2901600,239557719.3
2905200,233033052.4
2908800,232429464.9
2912400,257064360.7
2916000,237582070.8
2919600,244847232.7
2923200,241643390.8
2926800,237908789.8
2930400,237893486.2
2934000,250985822.9
2937600,231701943.4
2941200,253661495.8
2944800,238769071.1
2948400,255183128.7
2952000,244539028.5
2955600,237004355.7
2959200,236616058.9
2962800,239428553.9
2966400,259862820.9
2970000,235673950.0
2973600,255514729.1
2977200,255317143.9
2980800,245849495.3
2984400,249946139.9
2988000,241088491.1
2991600,239523125.8
2995200,254309717.4
2998800,233078699.0
3002400,236382887.7
3006000,243392665.6
3009600,241596535.1
3013200,253239435.4
3016800,244226934.0
3020400,253903736.6
3024000,248328595.6
3027600,241610034.5
3031200,222265453.0
3034800,249524773.3
3038400,239714219.2
3042000,224430558.4
3045600,206529462.7
3049200,210612126.0
3052800,241555507.7
3056400,216189368.5
3060000,236938385.7
3063600,207993637.9
3067200,236573535.8
3070800,202684705.9
3074400,235719476.4
3078000,206086782.1
3081600,249202236.9
3085200,229654909.8
3088800,213477160.3
3092400,221600179.5
3096000,246525617.1
3099600,225394265.4
3103200,203204900.3
3106800,232955565.6
3110400,222458600.9
3114000,207358424.9
3117600,238761404.5
3121200,226563087.8
3124800,204394709.8
3128400,245023034.8
3132000,243407559.2
3135600,202814993.1
3139200,232002812.7
3142800,244463231.5
3146400,217386159.6
3150000,233335975.3
3153600,222723037.1
3157200,222343946.9
3160800,200851551.2
3164400,243070882.8
3168000,246891105.9
3171600,223938704.3
3175200,228491574.7
3178800,249639779.1
3182400,220206731.3
3186000,210992065.9
3189600,243324829.3
3193200,234451153.5
3196800,208573469.2
3200400,200451186.4
3204000,208453856.4
3207600,210319388.5
3211200,245081109.4
3214800,235456994.9
3218400,206596502.5
3222000,221260234.5
3225600,233072335.7
3229200,216119154.0
3232800,229871839.5
3236400,210532357.7
3240000,209480911.4
3243600,210415777.8
3247200,235667269.1
3250800,212634820.5
3254400,213500750.5
3258000,224087868.0
3261600,211033686.5
3265200,217733209.5
3268800,231886700.9
3272400,237487715.4
3276000,224621070.1
3279600,230869438.2
3283200,215972655.6
3286800,215124954.4
3290400,207089474.8
3294000,242217119.1
3297600,214407716.0
3301200,245441616.5
3304800,205660458.8
3308400,230693029.8
3312000,214195205.4
3315600,225406600.4
3319200,226943755.7
3322800,202607525.5
3326400,221854124.1
3330000,210936482.0
3333600,245916949.5
3337200,234572654.9
3340800,205796263.0
3344400,217981139.6
3348000,215302786.0
3351600,215112403.8
3355200,228072274.4
3358800,239804948.7
3362400,223497435.3
3366000,239558526.3
3369600,220938447.7
3373200,236976487.5
3376800,217876157.7
3380400,247491104.2
3384000,237507328.6
3387600,200978874.9
3391200,237758357.0
3394800,245590056.6
3398400,217387693.6
3402000,203564260.6
3405600,242754431.0
3409200,204717667.4
3412800,227478393.8
3416400,245776256.3
3420000,226100578.9
3423600,202598274.2
3427200,222045448.0
3430800,234559461.5
3434400,213068877.0
3438000,244795377.0
3441600,222985621.4
3445200,211600952.1
3448800,209797144.5
3452400,242484692.2
3456000,237080428.0
3459600,233110768.0
3463200,205354420.0
3466800,241808646.0
3470400,222745769.3
3474000,232531497.4
3477600,245221129.3
3481200,205535281.3
3484800,230191475.4
3488400,200819123.3
3492000,204560520.1
3495600,245283582.6
3499200,227380948.9
3502800,232210315.6
3506400,211793845.0
3510000,231028681.8
3513600,203949113.6
3517200,232287555.0
3520800,208814990.3
3524400,230946238.9
3528000,248516207.9
3531600,233459673.4
3535200,216590566.3
3538800,222894350.8
3542400,201247467.3
3546000,226155231.8
3549600,249459597.9
3553200,236168184.8
3556800,219847236.6
3560400,229536490.8
3564000,228658994.6
3567600,225383714.6
3571200,207277319.3
3574800,214547436.5
3578400,225057203.6
3582000,207093492.5
3585600,220319170.1
3589200,229655159.2
3592800,240468997.2
3596400,223529948.0
3600000,233706084.0
3603600,237858977.9
3607200,209104989.5
3610800,230981958.8
3614400,238496353.9
3618000,221054313.1
3621600,221949438.3
3625200,224439010.1
3628800,230745784.2
3632400,259974201.8
3636000,238491602.9
3639600,253034747.6
3643200,231051911.4
3646800,256110783.9
3650400,252288348.8
3654000,233278791.3
3657600,255998502.1
3661200,254645767.1
3664800,230113753.2
3668400,249807898.5
3672000,248970947.9
3675600,236314444.7
3679200,243048399.5
3682800,257993282.0
3686400,243718481.8
3690000,233300858.1
3693600,250396739.7
3697200,259151967.4
3700800,243061319.4
3704400,237138767.7
3708000,256622623.3
3711600,258583135.8
3715200,241749647.8
3718800,252899841.2
3722400,233001582.5
3726000,236715863.6
3729600,233074325.0
3733200,230642629.9
3736800,245507848.2
3740400,237760585.0
3744000,231017090.8
3747600,252490456.4
3751200,246251367.9
3754800,256458446.9
3758400,246841722.0
3762000,259060704.9
3765600,252574254.6
3769200,258478488.3
3772800,252164417.4
3776400,237905750.4
3780000,232624537.1
3783600,250576538.5
3787200,254313946.1
3790800,234524218.6
3794400,239414408.8
3798000,244610852.6
3801600,251108930.7
3805200,247882556.1
3808800,231630534.7
3812400,259134843.2
3816000,247231165.4
3819600,247233290.5
3823200,247314623.2
3826800,248027598.7
3830400,234080490.4
3834000,231047989.9
3837600,242415104.6
3841200,238188479.7
3844800,250689452.8
3848400,259567723.8
3852000,237407461.6
3855600,252990450.5
3859200,249999795.0
3862800,246089493.1
3866400,257015738.5
3870000,250007615.7
3873600,246301543.4
3877200,232678154.5
3880800,230833647.6
3884400,258793783.4
3888000,251967294.0
3891600,256719797.9
3895200,256857592.2
3898800,253829729.5
3902400,246056530.2
3906000,240272022.2
3909600,238423534.7
3913200,244233843.6
3916800,230257389.1
3920400,242744007.3
3924000,251539602.4
3927600,242316080.0
3931200,248137134.7
3934800,247726470.9
3938400,259358182.7
3942000,238279312.7
3945600,231283584.2
3949200,256119600.6
3952800,256635331.1
3956400,241158517.4
3960000,234466218.1
3963600,235079457.2
3967200,234884686.7
3970800,247856618.7
3974400,255543966.1
3978000,231323384.9
3981600,247703330.3
3985200,237433775.7
3988800,236554666.0
3992400,251853349.8
3996000,235492445.0
3999600,233208129.3
4003200,243593226.7
4006800,235811457.9
4010400,241158771.5
4014000,235512817.0
4017600,256603077.3
4021200,236404598.4
4024800,246283243.8
4028400,234958252.2
4032000,243448179.3
4035600,254678244.7
4039200,244176234.0
4042800,256385194.8
4046400,249692338.2
4050000,246437277.3
4053600,245556825.0
4057200,242760728.9
4060800,254363564.5
4064400,249260898.2
4068000,235528178.7
4071600,259931115.2
4075200,244651628.5
4078800,245277064.1
4082400,252925280.0
4086000,250237684.9
4089600,251758749.4
4093200,236667810.1
4096800,241492548.2
4100400,240384896.4
4104000,255255436.9
4107600,259257988.8
4111200,238465227.1
4114800,259267136.5
4118400,248065112.9
4122000,235608347.5
4125600,243899882.3
4129200,233725014.6
4132800,250998951.9
4136400,252752437.9
4140000,244392434.5
4143600,250493628.1
4147200,251541487.5
4150800,236383493.5
4154400,234212607.0
4158000,244420772.3
4161600,259982213.8
4165200,256423927.3
4168800,231167769.5
4172400,258459003.1
4176000,256785813.2
4179600,236369750.9
4183200,259458462.3
4186800,237636409.8
4190400,248805693.1
4194000,245563013.2
4197600,244845231.4
4201200,237398112.5
4204800,231912677.3
4208400,235053305.7
4212000,249946286.6
4215600,251182345.2
4219200,255742106.4
4222800,238094772.6
4226400,230674078.7
4230000,246743909.8
4233600,245994691.5
4237200,215951878.4
4240800,214216726.8
4244400,218188950.4
4248000,224965877.2
4251600,240676214.0
4255200,211740912.4
4258800,201113196.8
4262400,215056070.7
4266000,214903111.8
4269600,241296398.8
4273200,206819772.0
4276800,240729020.3
4280400,243054417.7
4284000,227647091.3
4287600,200926493.4
4291200,225391074.0
4294800,235682256.7
4298400,234887398.7
4302000,244672779.8
4305600,235059248.5
4309200,246864519.0
4312800,200544638.7
4316400,240987020.2
4320000,201713382.7
4323600,225808016.0
4327200,232666516.0
4330800,237706363.1
4334400,213999848.7
4338000,230152553.0
4341600,244439036.6
4345200,232161705.3
4348800,239303167.7
4352400,224557062.1
4356000,220173020.3
4359600,243872004.9
4363200,235409146.3
4366800,241324580.3
4370400,200533520.8
4374000,204777857.1
4377600,227164212.6
4381200,242810872.4
4384800,213217796.7
4388400,238777363.0
4392000,231896037.5
4395600,236252987.8
4399200,244732380.6
4402800,238399350.2
4406400,210342341.9
4410000,202165207.9
4413600,207678177.8
4417200,235915678.2
4420800,206432175.3
4424400,211039446.2
4428000,222677972.1
4431600,223263042.6
4435200,204489312.9
4438800,225336482.3
4442400,203825454.9
4446000,208326234.8
4449600,237385502.0
4453200,216728363.0
4456800,215252701.1
4460400,240943927.6
4464000,249102447.3
4467600,248448500.4
4471200,228831116.8
4474800,211674149.6
4478400,214604922.6
4482000,233688216.6
4485600,228686935.1
4489200,209985112.5
4492800,247909919.9
4496400,216807744.5
4500000,207483205.3
4503600,216419160.9
4507200,205654833.8
4510800,238595723.8
4514400,239628126.0
4518000,229353439.1
4521600,203959581.0
4525200,209645099.5
4528800,238770256.8
4532400,217669571.9
4536000,241947389.2
4539600,206694362.9
4543200,234907397.0
4546800,209517231.4
4550400,219840344.8
4554000,216947366.2
4557600,246134637.8
4561200,241920130.4
4564800,231476202.6
4568400,243274532.5
4572000,210814479.6
4575600,203244954.2
4579200,233900026.7
4582800,226756009.5
4586400,225867461.7
4590000,212785933.4
4593600,242641379.4
4597200,241160053.1
4600800,200828610.5
4604400,223735500.2
4608000,247205928.5
4611600,222931027.1
4615200,242498615.0
4618800,226777619.6
4622400,221705064.1
4626000,201221685.3
4629600,225217989.0
4633200,243824197.8
4636800,245412440.9
4640400,214260174.2
4644000,206635183.1
4647600,200006627.2
4651200,215898035.5
4654800,226505400.0
4658400,241458806.0
4662000,233679176.6
4665600,245650724.9
4669200,237807096.3
4672800,208425621.4
4676400,248200796.9
4680000,217413297.5
4683600,229924378.1
4687200,236569585.3
4690800,243540818.2
4694400,216669971.9
4698000,223152135.6
4701600,208344335.6
4705200,223319464.8
4708800,222818522.8
4712400,206391115.0
4716000,231996518.5
4719600,244824411.4
4723200,221371397.9
4726800,208792301.7
4730400,214744917.3
4734000,202936915.6
4737600,203008644.1
4741200,201332994.6
4744800,227523370.3
4748400,228152535.7
4752000,215229780.7
4755600,237725539.2
4759200,233555159.4
4762800,246991912.7
4766400,224257734.6
4770000,225904392.0
4773600,239460160.7
4777200,228558412.2
4780800,238324742.2
4784400,246008305.0
4788000,210515316.7
4791600,230405709.1
4795200,223286260.2
4798800,230834994.7
4802400,210154606.2
4806000,233880026.2
4809600,200865777.9
4813200,211330375.6
4816800,245723301.9
4820400,238421701.6
4824000,226665632.1
4827600,203419010.8
4831200,209979211.6
4834800,200600881.5
4838400,222844069.1
4842000,211904445.6
4845600,238558154.0
4849200,213670226.1
4852800,226250105.6
4856400,226555672.9
4860000,243669209.3
4863600,246880651.7
4867200,202435874.0
4870800,248942245.7
4874400,231616293.2
4878000,203631690.6
4881600,210591200.6
4885200,217994361.2
4888800,221334064.0
4892400,237907268.7
4896000,245787538.3
4899600,231487007.5
4903200,247795455.6
4906800,237755921.9
4910400,226305558.6
4914000,242505549.9
4917600,240801546.2
4921200,206606523.5
4924800,238036208.4
4928400,230861623.4
4932000,219882360.9
4935600,242063599.2
4939200,201915985.4
4942800,204810296.4
4946400,247405111.8
4950000,219800780.7
4953600,226613104.9
4957200,245182123.9
4960800,217001762.1
4964400,233194782.2
4968000,236368053.3
4971600,211150680.0
4975200,227772701.6
4978800,222761633.5
4982400,230513226.9
4986000,227199501.9
4989600,225917816.9
4993200,214302387.3
4996800,243950808.2
5000400,246827151.8
5004000,240310464.1
5007600,248454246.4
5011200,226211746.1
5014800,205643446.8
5018400,232511721.9
5022000,209544298.4
5025600,242846791.8
5029200,247142653.6
5032800,205172345.0
5036400,214821947.4
5040000,239951701.5
5043600,222085738.0
5047200,224626028.1
5050800,201475808.6
5054400,228632169.3
5058000,228623108.3
5061600,237084568.4
5065200,203830278.1
5068800,239358323.3
5072400,209674749.7
5076000,226546385.2
5079600,246206489.1
5083200,249302823.2
5086800,248764669.9
5090400,215238442.8
5094000,237681920.4
5097600,210317755.8
5101200,243069035.7
5104800,232892208.2
5108400,205110287.8
5112000,229023240.2
5115600,248174414.0
5119200,242243632.5
5122800,237655344.9
5126400,235152490.6
5130000,212331182.5
5133600,201997074.8
5137200,223105659.0
5140800,205868690.6
5144400,208080998.7
5148000,220987792.0
5151600,233305767.7
5155200,248657719.7
5158800,213982521.8
5162400,226569648.3
5166000,246534632.9
5169600,208333120.3
5173200,239462486.7
5176800,205148267.4
5180400,244181134.8
5184000,226111880.7
5187600,248706320.8
5191200,237805209.7
5194800,236128503.7
5198400,200130059.4
5202000,210280686.4
5205600,213018459.4
5209200,203997735.2
5212800,236766386.7
5216400,241132533.8
5220000,217169531.8
5223600,206806905.0
5227200,233294471.3
5230800,241522057.0
5234400,233681043.5
5238000,206972954.9
5241600,218941344.2
5245200,233918147.1
5248800,225796254.6
5252400,248902768.7
5256000,213386234.9
5259600,243345525.0
5263200,218687743.4
5266800,206831517.1
5270400,204134577.3
5274000,236941184.3
5277600,218603390.2
5281200,219025815.0
5284800,215108688.2
5288400,214726270.3
5292000,212990678.3
5295600,223173750.8
5299200,249392613.7
5302800,219253793.9
5306400,247161710.3
5310000,208350059.9
5313600,246250203.0
5317200,237716868.4
5320800,242829971.8
5324400,230119325.8
5328000,205368341.1
5331600,222773612.9
5335200,232729485.5
5338800,202876656.0
5342400,201063143.8
5346000,214490087.0
5349600,246573941.6
5353200,225700967.9
5356800,243764921.5
5360400,218904975.6
5364000,244225576.0
5367600,226738693.5
5371200,244630136.8
5374800,205138171.3
5378400,210602291.6
5382000,235080287.0
5385600,218067541.5
5389200,200069785.7
5392800,219215417.0
5396400,216007145.6
5400000,219667269.1
5403600,209062561.2
5407200,210468836.1
5410800,229686231.6
5414400,229723317.8
5418000,208623514.1
5421600,246650078.3
5425200,202810838.5
5428800,210086207.1
5432400,225412603.2
5436000,237960743.0
5439600,207302604.6
5443200,214742251.5
5446800,247495442.3
5450400,208670993.3
5454000,200045229.9
5457600,243922771.9
5461200,242526837.7
5464800,216820449.8
5468400,204916505.2
5472000,231405955.2
5475600,220020834.8
5479200,246402621.5
5482800,244030283.0
5486400,230954042.8
5490000,244697038.1
5493600,210452665.1
5497200,212914887.7
5500800,200206243.8
5504400,204522634.5
5508000,229791001.2
5511600,214965636.4
5515200,238771689.8
5518800,232119496.3
5522400,208977326.8
5526000,214167006.8
5529600,206792741.8
5533200,228174775.3
5536800,207212810.6
5540400,242802671.1
5544000,201520421.7
5547600,242516193.1
5551200,211640024.5
5554800,237746823.4
5558400,202819521.6
5562000,235382320.2
5565600,209206057.6
5569200,249730128.0
5572800,225834985.2
5576400,226907550.7
5580000,213575699.8
5583600,218912849.0
5587200,225607328.6
5590800,225770927.3
5594400,223446683.9
5598000,207708357.9
5601600,210756304.0
5605200,232258641.1
5608800,230306958.3
5612400,209117256.2
5616000,243384572.8
5619600,226385905.2
5623200,248726881.5
5626800,214274240.9
5630400,247454050.0
5634000,230380265.5
5637600,238824390.4
5641200,203174098.0
5644800,229557851.0
5648400,244987876.7
5652000,225489399.7
5655600,226641739.3
5659200,239928781.8
5662800,232754798.9
5666400,223152891.3
5670000,227865852.4
5673600,237151682.2
5677200,225716083.9
5680800,206039117.9
5684400,213404333.5
5688000,246242950.6
5691600,229469865.3
5695200,226961170.9
5698800,246863263.2
5702400,212781447.9
5706000,245595004.6
5709600,227855807.0
5713200,236934244.3
5716800,234216042.2
5720400,206985294.8
5724000,248674429.1
5727600,221226988.4
5731200,203810582.3
5734800,205396309.4
5738400,248612065.8
5742000,228517667.0
5745600,224191244.2
5749200,232249487.7
5752800,210910218.8
5756400,234745146.0
5760000,212287842.9
5763600,231680953.2
5767200,248006857.0
5770800,236321099.3
5774400,248482914.8
5778000,238107044.9
5781600,226254792.0
5785200,222339512.2
5788800,231918098.7
5792400,215356889.4
5796000,222170296.4
5799600,233263497.3
5803200,241113858.7
5806800,215951065.6
5810400,232852251.9
5814000,225270170.4
5817600,207872301.6
5821200,215253827.7
5824800,205255064.4
5828400,243531090.9
5832000,233947533.3
5835600,241343761.1
5839200,247303466.2
5842800,231530195.6
5846400,225670110.9
5850000,227799748.5
5853600,249371548.5
5857200,231345075.5
5860800,242600848.7
5864400,224512531.1
5868000,200997937.8
5871600,212191569.8
5875200,227503753.2
5878800,205078350.8
5882400,223715604.2
5886000,208726558.4
5889600,216269156.6
5893200,205519315.7
5896800,221411825.5
5900400,235949530.2
5904000,238380829.3
5907600,246359260.1
5911200,237847702.5
5914800,216624910.5
5918400,244027975.5
5922000,226280486.8
5925600,213367014.3
5929200,208410841.0
5932800,202250559.3
5936400,208538746.7
5940000,246288770.6
5943600,205431179.3
5947200,241707467.1
5950800,207590750.6
5954400,242793805.8
5958000,229928376.4
5961600,209888413.0
5965200,239876526.0
5968800,239369282.6
5972400,204779254.2
5976000,208572389.1
5979600,230140604.9
5983200,216254924.1
5986800,213364243.6
5990400,239464987.6
5994000,230830672.1
5997600,234323210.3
6001200,234871665.1
6004800,246601029.7
6008400,206009404.4
6012000,230344310.8
6015600,224493382.5
6019200,226485069.0
6022800,211093456.6
6026400,237409045.0
6030000,212907695.2
6033600,209955698.8
6037200,243576168.6
6040800,201359275.1
6044400,201817010.7
6048000,202976856.0
6051600,245988122.4
6055200,208586226.3
6058800,204402320.9
6062400,215227139.8
6066000,233579757.5
6069600,210222165.2
6073200,248740483.5
6076800,201977983.4
6080400,224589553.3
6084000,232046648.1
6087600,220250806.8
6091200,202854097.9
6094800,231516849.7
6098400,210729061.3
6102000,231485470.7
6105600,219728046.8
6109200,239805384.9
6112800,243951847.1
6116400,239003856.1
6120000,235124129.8
6123600,221033611.3
6127200,232192791.6
6130800,203915449.7
6134400,219037498.6
6138000,221884461.2
6141600,220347572.1
6145200,213689309.4
6148800,211567551.4
6152400,236894897.5
6156000,243970001.8
6159600,238624400.9
6163200,201791644.6
6166800,227715816.5
6170400,229408724.5
6174000,212309425.5
6177600,219919313.2
6181200,240338990.2
6184800,215091780.2
6188400,224481719.5
6192000,239064357.3
6195600,222498848.7
6199200,241662020.4
6202800,233833729.2
6206400,204331453.2
6210000,249035923.7
6213600,228321420.9
6217200,210383969.5
6220800,204780433.4
6224400,203126073.4
6228000,201289100.9
6231600,216706347.1
6235200,227840330.0
6238800,242296971.0
6242400,231337711.1
6246000,229993180.5
6249600,210531807.5
6253200,212695741.6
6256800,232598685.6
6260400,216445838.5
6264000,226158697.5
6267600,206235827.9
6271200,222634814.3
6274800,249629793.0
6278400,219961441.3
6282000,203095585.8
6285600,214648062.8
6289200,227613591.3
6292800,237006364.0
6296400,215920224.8
6300000,224692908.8
6303600,231433432.1
6307200,237657315.0
6310800,234694366.5
6314400,206844026.7
6318000,245348105.2
6321600,218943829.4
6325200,226481110.5
6328800,249430750.1
6332400,247910465.7
6336000,240882303.8
6339600,221194773.5
6343200,240898826.7
6346800,222224794.3
6350400,219013017.4
6354000,235361758.5
6357600,211945806.0
6361200,208788255.6
6364800,211907338.4
6368400,214179580.9
6372000,202032435.7
6375600,227570834.2
6379200,247124949.1
6382800,239391830.4
6386400,212071611.1
6390000,234798777.4
6393600,200762875.5
6397200,238427375.3
6400800,216594634.5
6404400,216116504.7
6408000,238271864.8
6411600,219208248.6
6415200,210931336.0
6418800,228166104.1
6422400,211031666.3
6426000,208131852.7
6429600,219982002.5
6433200,201019747.1
6436800,221163506.5
6440400,200163665.0
6444000,202243001.4
6447600,209456205.8
6451200,210066816.6
6454800,230017481.0
6458400,211586122.9
6462000,228327394.0
6465600,227537483.6
6469200,216900314.7
6472800,249496175.3
6476400,207417962.5
6480000,242564383.4
6483600,239359000.5
6487200,226215048.9
6490800,200941948.1
6494400,213172585.8
6498000,249929486.2
6501600,235527030.9
6505200,210904516.7
6508800,232080634.4
6512400,206053412.4
6516000,227834067.0
6519600,239398410.3
6523200,220725096.3
6526800,204183220.3
6530400,229355336.0
6534000,231963323.2
6537600,206257736.6
6541200,243263083.9
6544800,224389214.3
6548400,213800890.9
6552000,215573581.8
6555600,233328335.3
6559200,225004903.9
6562800,222206926.1
6566400,243064256.4
6570000,253956272.8
6573600,259857744.0
6577200,231778740.5
6580800,257611485.9
6584400,266003108.4
6588000,269731920.0
6591600,264148153.6
6595200,245170095.3
6598800,220294010.4
6602400,220754319.3
6606000,224796841.8
6609600,259348009.6
6613200,247679629.7
6616800,255975956.8
6620400,231423924.1
6624000,220634594.9
6627600,226011192.5
6631200,251648912.4
6634800,220760539.9
6638400,267013290.1
6642000,269978290.1
6645600,238910928.9
6649200,264760291.5
6652800,232147039.2
6656400,247915109.8
6660000,253925033.7
6663600,243325238.4
6667200,252920253.3
6670800,260417466.9
6674400,262821961.8
6678000,255543895.7
6681600,233166680.8
6685200,234805362.0
6688800,229292262.5
6692400,249968835.3
6696000,258914872.1
6699600,224788311.4
6703200,240498822.4
6706800,251562285.6
6710400,258265668.2
6714000,245780335.0
6717600,222339467.7
6721200,242031981.1
6724800,259063454.2
6728400,269557298.7
6732000,262463950.2
6735600,222999315.3
6739200,258336259.9
6742800,256245328.1
6746400,257734145.4
6750000,230071572.9
6753600,236191928.6
6757200,249853942.1
6760800,268855678.1
6764400,242571417.0
6768000,244815270.1
6771600,268582806.9
6775200,258150229.6
6778800,268988266.7
6782400,230141566.9
6786000,221583430.7
6789600,227907401.4
6793200,255985170.1
6796800,258864118.1
6800400,252247888.9
6804000,236903232.9
6807600,252732616.4
6811200,222282817.5
6814800,263374239.0
6818400,225148087.5
6822000,267348466.8
6825600,238974887.4
6829200,226726044.8
6832800,235643991.6
6836400,264934204.6
6840000,259039519.9
6843600,229652066.2
6847200,228697041.4
6850800,264665811.0
6854400,258538225.4
6858000,259605847.1
6861600,230677892.6
6865200,229668633.8
6868800,252336954.1
6872400,225564346.8
6876000,245295626.0
6879600,254246078.6
6883200,227851378.4
6886800,238668731.8
6890400,260418609.9
6894000,265466096.6
6897600,228034476.8
6901200,256897394.1
6904800,247784781.7
6908400,229392829.8
6912000,254500717.7
6915600,234990815.7
6919200,251613403.9
6922800,231789175.1
6926400,244467155.0
6930000,257913210.8
6933600,251010371.0
6937200,232388764.0
6940800,252660395.9
6944400,236539294.2
6948000,225960158.1
6951600,252842810.2
6955200,267365994.4
6958800,262057716.9
6962400,227319403.6
6966000,254374639.2
6969600,253210654.2
6973200,245524459.2
6976800,241736094.7
6980400,239179413.2
6984000,262114711.7
6987600,232541750.9
6991200,234573990.1
6994800,248048442.5
6998400,251333184.5
7002000,242485972.8
7005600,263221266.1
7009200,267697856.0
7012800,260826367.1
7016400,256003155.6
7020000,226102090.3
7023600,224147711.4
7027200,261956166.8
7030800,237527560.0
7034400,265281847.9
7038000,248894570.0
7041600,222554326.6
7045200,230782703.7
7048800,227334228.3
7052400,240815067.0
7056000,263877914.6
7059600,224647935.3
7063200,266492247.1
7066800,266791885.9
7070400,233267896.7
7074000,221783943.5
7077600,243323360.9
7081200,249218999.9
7084800,256337139.7
7088400,236674718.5
7092000,223184113.3
7095600,264581874.9
7099200,261448129.1
7102800,238647479.1
7106400,258273158.3
7110000,241870048.1
7113600,245913585.7
7117200,248009446.3
7120800,232275294.1
7124400,226415264.4
7128000,250524164.5
7131600,250678385.3
7135200,231746565.2
7138800,262880497.6
7142400,225765233.7
7146000,264125750.8
7149600,239445455.5
7153200,234991121.9
7156800,257645707.2
7160400,233258475.1
7164000,246277416.2
7167600,231461735.9
7171200,222819277.6
7174800,261389052.6
7178400,225790705.7
7182000,247096150.1
7185600,251234198.3
7189200,220018791.1
7192800,228180756.0
7196400,220475828.2
7200000,257650072.7
7203600,255185487.7
7207200,237817053.0
7210800,253520605.7
7214400,224549752.7
7218000,261132749.5
7221600,241160998.7
7225200,225079409.4
7228800,224879467.8
7232400,225317866.5
7236000,250934943.8
7239600,230049367.6
7243200,241159901.8
7246800,260451107.7
7250400,236445823.6
7254000,233667491.3
7257600,255931525.4
7261200,268030140.3
7264800,246445005.4
7268400,266770835.0
7272000,269479347.3
7275600,243285793.7
7279200,238189823.2
7282800,224516792.9
7286400,262210187.9
7290000,240685303.2
7293600,257867922.3
7297200,247701669.6
7300800,243812013.5
7304400,233329523.2
7308000,226763873.7
7311600,223885039.1
7315200,262329672.4
7318800,236852148.4
7322400,253699690.4
7326000,225221637.6
7329600,249368293.6
7333200,225740146.1
7336800,232467267.4
7340400,240708636.0
7344000,255773337.1
7347600,263483529.0
7351200,260771395.2
7354800,231622461.3
7358400,237316761.6
7362000,268030618.2
7365600,235065640.0
7369200,227709813.6
7372800,257221824.4
7376400,234144741.0
7380000,236441971.7
7383600,220066595.0
7387200,248195675.1
7390800,242206683.3
7394400,228068148.6
7398000,255173103.7
7401600,247201554.1
7405200,232730986.1
7408800,239655542.3
7412400,232230954.4
7416000,249134449.4
7419600,222637173.6
7423200,250114633.7
7426800,221998540.4
7430400,263120509.1
7434000,237155493.1
7437600,225611673.3
7441200,249671329.0
7444800,251503837.2
7448400,259069021.4
7452000,256825706.4
7455600,259579857.5
7459200,252435566.9
7462800,265595416.0
7466400,250303804.7
7470000,256822279.6
7473600,255662576.3
7477200,254499359.7
7480800,265993493.6
7484400,268477296.6
7488000,236446303.6
7491600,224740786.8
7495200,260326636.2
7498800,254136740.1
7502400,228662348.7
7506000,244050497.4
7509600,266966924.8
7513200,226903617.7
7516800,252982698.5
7520400,229701962.7
7524000,251324198.9
7527600,251036753.3
7531200,242048859.1
7534800,252947366.7
7538400,242357610.7
7542000,262580220.0
7545600,255366258.4
7549200,241427304.6
7552800,251009850.4
7556400,252059615.5
7560000,264387505.7
7563600,269680223.4
7567200,256417690.1
7570800,245291138.8
7574400,222446448.9
7578000,225410931.8
7581600,262914815.8
7585200,265797224.3
7588800,253582992.1
7592400,243116778.6
7596000,268069486.5
7599600,223995862.1
7603200,239295673.9
7606800,220821810.5
7610400,249595357.5
7614000,248411815.3
7617600,220613534.5
7621200,249490265.5
7624800,238010826.6
7628400,221271733.5
7632000,268928988.1
7635600,226609704.0
7639200,247528828.2
7642800,263171904.4
7646400,254127034.4
7650000,221748459.8
7653600,242009893.8
7657200,241991356.3
7660800,258305586.1
7664400,269991964.3
7668000,232873299.4
7671600,264290716.0
7675200,222486078.6
7678800,236582788.5
7682400,256477684.2
7686000,244935088.7
7689600,247332979.7
7693200,231231968.1
7696800,226149033.3
7700400,244260599.5
7704000,263702114.6
7707600,252071262.5
7711200,242411863.2
7714800,226857187.7
7718400,227057963.1
7722000,269129789.4
7725600,268594213.0
7729200,241444627.4
7732800,257801925.5
7736400,247929532.5
7740000,257832719.7
7743600,268796004.7
7747200,222093702.4
7750800,237550175.0
7754400,243832398.1
7758000,228746766.6
7761600,237795227.2
7765200,264423473.3
7768800,223457652.5
7772400,224637371.7
7776000,230290209.1
7779600,250759949.0
7783200,233671602.5
7786800,257389268.6
7790400,235286316.5
7794000,258272218.0
7797600,232644286.6
7801200,253550798.8
7804800,226595705.4
7808400,267122419.9
7812000,242229159.2
7815600,237899766.9
7819200,228490047.9
7822800,244953703.3
7826400,242608310.0
7830000,223310799.0
7833600,264394083.7
7837200,265389206.3
7840800,259132716.4
7844400,243597178.0
7848000,259807115.2
7851600,263782369.4
7855200,253612578.1
7858800,223519136.8
7862400,233464925.6
7866000,258391761.4
7869600,267720623.7
7873200,225884368.6
7876800,221244411.0
7880400,241102005.7
7884000,223219198.0
7887600,226280132.8
7891200,224620887.7
7894800,231634463.7
7898400,230559653.1
7902000,250490549.0
7905600,239726352.6
7909200,256334919.6
7912800,268064907.7
7916400,257510860.2
7920000,223936988.6
7923600,263397652.6
7927200,238138543.2
7930800,259850356.4
7934400,259319359.4
7938000,236567737.4
7941600,267499572.8
7945200,261424482.2
7948800,251456487.4
7952400,234781181.6
7956000,250850226.2
7959600,269425171.5
7963200,237200444.6
7966800,231982233.3
7970400,220019855.3
7974000,265464492.6
7977600,251377022.9
7981200,259311464.9
7984800,257435816.8
7988400,250844881.7
7992000,229170079.1
7995600,262179662.4
7999200,255799647.0
8002800,252590066.8
8006400,250640353.6
8010000,263689306.9
8013600,259633863.6
8017200,256221248.8
8020800,240457721.5
8024400,269882670.1
8028000,251190425.2
8031600,237658262.7
8035200,229136157.1
8038800,236045217.6
8042400,232780338.3
8046000,267054237.4
8049600,264645333.8
8053200,269402605.4
8056800,267623598.8
8060400,263710345.9
8064000,228112175.0
8067600,227334420.7
8071200,252490155.0
8074800,259504297.1
8078400,223615080.5
8082000,232225972.0
8085600,220535357.6
8089200,231627070.4
8092800,232742744.0
8096400,265609398.1
8100000,238377328.6
8103600,221901701.2
8107200,252541615.8
8110800,260818343.2
8114400,224187520.4
8118000,220574052.4
8121600,238280766.1
8125200,240638272.1
8128800,240801049.5
8132400,243168800.7
8136000,243300325.6
8139600,247407926.6
8143200,246634546.1
8146800,245384627.7
8150400,259054566.4
8154000,234498257.4
8157600,247525094.1
8161200,248733266.5
8164800,230194575.4
8168400,247761848.6
8172000,230705801.2
8175600,247457836.1
8179200,223488491.5
8182800,263022375.7
8186400,230419135.4
8190000,231931604.8
8193600,239029260.8
8197200,234368319.6
8200800,257526156.5
8204400,235946948.6
8208000,225368483.8
8211600,260306793.4
8215200,232602922.7
8218800,245195242.6
8222400,221992541.9
8226000,251209687.7
8229600,239372080.4
8233200,235413692.5
8236800,236602498.1
8240400,266579662.3
8244000,243399478.0
8247600,220003549.7
8251200,256289025.2
8254800,239974146.0
8258400,221146181.7
8262000,251887119.5
8265600,241967600.6
8269200,249588456.8
8272800,250899230.5
8276400,242704833.6
8280000,222454263.8
8283600,255984708.6
8287200,257004643.1
8290800,240239939.7
8294400,222570626.3
8298000,267400232.7
8301600,263869342.5
8305200,261382497.4
8308800,242431829.7
8312400,264223735.7
8316000,262685916.9
8319600,252386837.2
8323200,245339163.4
8326800,223801145.4
8330400,238120344.2
8334000,231554557.8
8337600,263009025.2
8341200,251719502.8
8344800,256572855.7
8348400,227817764.2
8352000,267482346.9
8355600,240021147.7
8359200,250569333.8
8362800,259924461.6
8366400,254318491.0
8370000,220002417.2
8373600,245132882.7
8377200,269280999.8
8380800,220350186.0
8384400,222046466.2
8388000,225171145.6
8391600,250170327.9
8395200,222309514.3
8398800,241093597.2
8402400,237793155.2
8406000,254883522.9
8409600,238148886.3
8413200,236227752.4
8416800,253873787.2
8420400,249162618.5
8424000,232022739.9
8427600,238743328.3
8431200,230236730.6
8434800,232932104.2
8438400,262365724.6
8442000,241352047.1
8445600,252849148.2
8449200,246563587.4
8452800,266850952.0
8456400,236671121.0
8460000,238045591.6
8463600,257324677.0
8467200,238873103.7
8470800,217880297.6
8474400,201266188.9
8478000,241688980.5
8481600,218159890.7
8485200,239428090.2
8488800,243982983.2
8492400,233825392.0
8496000,227262203.1
8499600,244944442.7
8503200,204974673.6
8506800,204546964.6
8510400,201711966.6
8514000,216208711.4
8517600,208303287.9
8521200,249903929.7
8524800,220774260.1
8528400,237716669.2
8532000,234665674.9
8535600,238532200.6
8539200,245613004.2
8542800,215533988.4
8546400,210235853.4
8550000,203643940.9
8553600,229360034.3
8557200,227124331.1
8560800,232204290.9
8564400,229900263.0
8568000,222500986.6
8571600,208127509.0
8575200,238246036.7
8578800,249165016.6
8582400,207157322.2
8586000,241385168.8
8589600,244056640.1
8593200,203522513.9
8596800,223893267.3
8600400,236937739.7
8604000,236686845.4
8607600,240812263.9
8611200,226674003.0
8614800,228041669.8
8618400,217326304.5
8622000,227537782.4
8625600,201055135.5
8629200,236838560.6
8632800,241698586.9
8636400,241815983.0
8640000,201656018.4
8643600,245608617.2
8647200,204746258.9
8650800,242545400.4
8654400,226109991.0
8658000,200818322.8
8661600,206458857.8
8665200,229658735.3
8668800,236089368.5
8672400,201851261.1
8676000,208808467.0
8679600,211621831.9
8683200,235750639.7
8686800,238529302.8
8690400,229468974.1
8694000,243646939.4
8697600,222699569.7
8701200,249196452.3
8704800,212998070.8
8708400,234533457.1
8712000,229837190.1
8715600,213966445.0
8719200,213960495.6
8722800,234188385.5
8726400,240564053.7
8730000,203812061.0
8733600,218468634.7
8737200,240311854.3
8740800,247916549.5
8744400,249686742.1
8748000,221278613.4
8751600,221657649.6
8755200,216922278.4
8758800,222733392.1
8762400,238498763.7
8766000,237785014.0
8769600,249619696.7
8773200,210153670.3
8776800,218770848.6
8780400,235433508.8
8784000,208174897.3
8787600,216198102.6
8791200,240450612.5
8794800,210947844.9
8798400,216419404.4
8802000,223099910.2
8805600,217616508.3
8809200,203676978.0
8812800,225259653.4
8816400,213709998.4
8820000,228381771.9
8823600,201375555.6
8827200,230685862.9
8830800,221180598.2
8834400,232264786.0
8838000,215305903.3
8841600,214539229.1
8845200,221525772.0
8848800,227513711.8
8852400,206123052.3
8856000,206521252.3
8859600,211439409.9
8863200,205346170.0
8866800,204651859.0
8870400,209428645.3
8874000,234174775.4
8877600,227074129.4
8881200,226070346.1
8884800,247090828.8
8888400,231875061.8
8892000,235927877.7
8895600,221222079.3
8899200,212417879.3
8902800,246799364.1
8906400,240106420.1
8910000,238081691.1
8913600,203087642.0
8917200,245332690.0
8920800,232781406.2
8924400,247397484.2
8928000,227262096.5
8931600,215265939.2
8935200,204425799.2
8938800,221076725.7
8942400,218376668.4
8946000,242626429.5
8949600,249196198.9
8953200,202692656.0
8956800,217856758.5
8960400,249953352.1
8964000,220750868.0
8967600,219032399.0
8971200,205228978.0
8974800,229480611.2
8978400,207316031.7
8982000,218828785.8
8985600,246817623.6
8989200,235018477.1
8992800,212146707.0
8996400,237105970.0
9000000,216331887.7
9003600,218497969.2
9007200,224639702.3
9010800,210030920.7
9014400,214378365.9
9018000,214629653.6
9021600,221492180.5
9025200,223905640.4
9028800,246596000.7
9032400,241811486.8
9036000,214498784.1
9039600,247903750.2
9043200,236152416.7
9046800,243240393.1
9050400,226162492.2
9054000,202638435.2
9057600,248000767.9
9061200,233610401.8
9064800,203273337.8
9068400,248956807.2
9072000,250789153.4
9075600,257759402.2
9079200,234223359.3
9082800,230312455.7
9086400,252609310.6
9090000,266405996.9
9093600,260228675.7
9097200,237521803.2
9100800,233509420.3
9104400,257230885.7
9108000,256149605.5
9111600,262836017.8
9115200,265940966.2
9118800,233450418.5
9122400,254407589.0
9126000,250899852.6
9129600,223577673.6
9133200,229419911.7
9136800,236778473.4
9140400,235552291.0
9144000,241010200.9
9147600,224386940.0
9151200,247993424.1
9154800,253381262.5
9158400,225765085.7
9162000,235783019.5
9165600,269039817.1
9169200,264293476.9
9172800,221137916.5
9176400,263164275.3
9180000,232249681.0
9183600,241680086.5
9187200,226768810.1
9190800,230779999.9
9194400,258736445.8
9198000,224359313.0
9201600,240018891.3
9205200,249505548.4
9208800,229826178.5
9212400,254840623.2
9216000,249648465.7
9219600,243209498.8
9223200,232057747.4
9226800,240638522.7
9230400,258524723.5
9234000,221766944.6
9237600,250377515.0
9241200,223973682.4
9244800,240768822.8
9248400,269273878.8
9252000,262132421.8
9255600,222620130.1
9259200,256375895.5
9262800,225747901.5
9266400,244269048.1
9270000,263429718.4
9273600,220835194.0
9277200,260945418.9
9280800,259193683.6
9284400,229685386.6
9288000,265642214.6
9291600,254184497.1
9295200,264419675.4
9298800,255643485.2
9302400,244244601.1
9306000,261660902.1
9309600,224537321.0
9313200,221274587.8
9316800,236786393.5
9320400,244346131.3
9324000,231268141.4
9327600,247735440.0
9331200,254057419.6
9334800,261747160.4
9338400,264793640.7
9342000,241879895.9
9345600,239982764.4
9349200,242005997.7
9352800,235481317.9
9356400,242347668.6
9360000,268219506.2
9363600,243117411.6
9367200,244799600.6
9370800,221076994.6
9374400,229614256.6
9378000,264906713.0
9381600,239464611.2
9385200,225102307.7
9388800,237484929.1
9392400,228927304.6
9396000,232454553.1
9399600,252049222.5
9403200,268787708.0
9406800,266033192.6
9410400,222690346.4
9414000,265154234.0
9417600,229499968.9
9421200,269630759.9
9424800,236324979.8
9428400,231377174.8
9432000,267185536.5
9435600,260542343.7
9439200,266222208.0
9442800,255925100.0
9446400,263962828.1
9450000,263253088.4
9453600,237871254.4
9457200,226813823.4
9460800,260289020.5
9464400,254056242.3
9468000,241569355.8
9471600,267355771.0
9475200,267558636.8
9478800,221604030.4
9482400,233808338.0
9486000,223387650.7
9489600,261347465.1
9493200,239816172.3
9496800,249058835.6
9500400,237176689.0
9504000,268560487.2
9507600,250170290.3
9511200,253382057.5
9514800,263166258.1
9518400,241004352.4
9522000,223670550.1
9525600,263569852.9
9529200,254732712.2
9532800,262071234.5
9536400,253812291.7
9540000,255070085.4
9543600,264770860.9
9547200,249370696.5
9550800,236259768.1
9554400,269742532.3
9558000,230376921.3
9561600,234312630.8
9565200,261655416.9
9568800,258512387.4
9572400,230028955.4
9576000,258238314.8
9579600,250796169.6
9583200,268213370.8
9586800,245184562.9
9590400,243935091.1
9594000,249284842.7
9597600,268979586.3
9601200,237454954.4
9604800,233050137.8
9608400,249497120.8
9612000,257269242.2
9615600,224099195.2
9619200,238747791.9
9622800,224350422.2
9626400,235907570.3
9630000,242661497.3
9633600,228054045.3
9637200,222993407.4
9640800,242243260.9
9644400,234263688.4
9648000,229958911.2
9651600,245490594.8
9655200,220973921.7
9658800,261505129.8
9662400,230019278.2
9666000,241328161.3
9669600,256654424.7
9673200,246339838.6
9676800,249502502.3
9680400,261752783.4
9684000,244117294.7
9687600,222972052.2
9691200,243016813.6
9694800,235935526.3
9698400,265508022.4
9702000,264893056.9
9705600,252558404.4
9709200,232302656.1
9712800,231701227.2
9716400,247421749.7
9720000,239641168.0
9723600,257739739.2
9727200,239628637.5
9730800,233271026.9
9734400,237344561.3
9738000,266713132.2
9741600,238692661.0
9745200,244126322.9
9748800,231910730.2
9752400,246562453.0
9756000,230506087.2
9759600,234760353.1
9763200,246599297.6
9766800,245379215.0
9770400,244956025.3
9774000,265574875.9
9777600,256517170.4
9781200,264985609.0
9784800,260246241.5
9788400,242396710.1
9792000,231750286.9
9795600,223356186.2
9799200,234209938.0
9802800,241586896.4
9806400,242756217.1
9810000,268967593.9
9813600,266345282.3
9817200,249878687.0
9820800,249183992.8
9824400,225653602.8
9828000,239959985.3
9831600,267143962.9
9835200,230716233.0
9838800,228522619.1
9842400,237344231.2
9846000,251009463.0
9849600,241786764.3
9853200,240791403.5
9856800,234259813.4
9860400,265254474.7
9864000,254138892.2
9867600,225213153.1
9871200,224173924.8
9874800,220669699.4
9878400,265938078.8
9882000,238378646.3
9885600,241101249.2
9889200,248785478.8
9892800,229301152.7
9896400,221111317.9
9900000,252900027.9
9903600,242932468.0
9907200,229999440.6
9910800,229825976.3
9914400,254678706.2
9918000,257370857.5
9921600,247166714.2
9925200,246292814.3
9928800,240335720.8
9932400,247848615.7
9936000,256531545.0
9939600,234675592.2
9943200,259227756.0
9946800,223790944.0
9950400,243584023.2
9954000,239957805.5
9957600,265555585.9
9961200,241401112.5
9964800,267254207.0
9968400,240226464.2
9972000,232124833.2
9975600,263630960.6
9979200,244699414.7
9982800,241178692.4
9986400,247618323.1
9990000,232428449.4
9993600,232857944.9
9997200,230486771.3
10000800,249031166.4
10004400,261757543.6
10008000,262632999.9
10011600,252194854.2
10015200,269250388.3
10018800,268949096.7
10022400,254131307.8
10026000,259273887.3
10029600,237439895.2
10033200,259025734.7
10036800,222319866.9
10040400,237641632.0
10044000,237849891.2
10047600,226486751.9
10051200,269112313.9
10054800,240787692.2
10058400,240324263.3
10062000,259134536.6
10065600,241660203.8
10069200,248813906.7
10072800,252523416.6
10076400,221650539.5
10080000,240200584.3
10083600,267947211.9
10087200,249775989.5
10090800,266653922.4
10094400,266852040.1
10098000,257786956.6
10101600,246945709.3
10105200,261214566.6
10108800,220537342.3
10112400,257325948.1
10116000,225151738.6
10119600,222420539.2
10123200,229284555.9
10126800,243641985.5
10130400,220481781.2
10134000,262909024.4
10137600,243674476.3
10141200,227496737.5
10144800,232272732.3
10148400,222839557.2
10152000,230262239.9
10155600,243274457.0
10159200,243048758.9
10162800,237552803.7
10166400,242050138.6
10170000,236470351.7
10173600,248604863.3
10177200,269617664.7
10180800,255892541.2
10184400,238049777.5
10188000,248636426.6
10191600,239016730.8
10195200,238604163.3
10198800,241213732.2
10202400,257156344.5
10206000,238004024.3
10209600,251324462.6
10213200,262643484.9
10216800,226001237.6
10220400,228717133.1
10224000,267531389.9
10227600,268875073.7
10231200,232600243.8
10234800,234231023.3
10238400,261914316.1
10242000,260105037.0
10245600,238498066.3
10249200,238140549.0
10252800,233587064.0
10256400,232973465.3
10260000,269719718.8
10263600,222313166.1
10267200,253816656.1
10270800,245084232.4
10274400,225664400.2
10278000,243065733.1
10281600,214742251.5
10285200,247495442.3
10288800,208670993.3
10292400,200045229.9
10296000,243922771.9
10299600,242526837.7
10303200,216820449.8
10306800,204916505.2
10310400,231405955.2
10314000,220020834.8
10317600,246402621.5
10321200,244030283.0
10324800,230954042.8
10328400,244697038.1
10332000,210452665.1
10335600,212914887.7
10339200,200206243.8
10342800,204522634.5
10346400,229791001.2
10350000,214965636.4
10353600,238771689.8
10357200,232119496.3
10360800,208977326.8
10364400,214167006.8
10368000,206792741.8
10371600,228174775.3
10375200,207212810.6
10378800,242802671.1
10382400,201520421.7
10386000,242516193.1
10389600,211640024.5
10393200,237746823.4
10396800,202819521.6
10400400,235382320.2
10404000,209206057.6
10407600,249730128.0
10411200,225834985.2
10414800,226907550.7
10418400,213575699.8
10422000,218912849.0
10425600,225607328.6
10429200,225770927.3
10432800,223446683.9
10436400,207708357.9
10440000,210756304.0
10443600,232258641.1
10447200,230306958.3
10450800,209117256.2
10454400,243384572.8
10458000,226385905.2
10461600,248726881.5
10465200,214274240.9
10468800,247454050.0
10472400,230380265.5
10476000,238824390.4
10479600,203174098.0
10483200,229557851.0
10486800,244987876.7
10490400,225489399.7
10494000,226641739.3
10497600,239928781.8
10501200,232754798.9
10504800,223152891.3
10508400,227865852.4
10512000,237151682.2
10515600,225716083.9
10519200,206039117.9
10522800,213404333.5
10526400,246242950.6
10530000,229469865.3
10533600,226961170.9
10537200,246863263.2
10540800,212781447.9
10544400,245595004.6
10548000,227855807.0
10551600,236934244.3
10555200,234216042.2
10558800,206985294.8
10562400,248674429.1
10566000,221226988.4
10569600,203810582.3
10573200,205396309.4
10576800,248612065.8
10580400,228517667.0
10584000,224191244.2
10587600,232249487.7
10591200,210910218.8
10594800,234745146.0
10598400,212287842.9
10602000,231680953.2
10605600,248006857.0
10609200,236321099.3
10612800,248482914.8
10616400,238107044.9
10620000,226254792.0
10623600,222339512.2
10627200,231918098.7
10630800,215356889.4
10634400,222170296.4
10638000,233263497.3
10641600,241113858.7
10645200,215951065.6
10648800,232852251.9
10652400,225270170.4
10656000,207872301.6
10659600,215253827.7
10663200,205255064.4
10666800,243531090.9
10670400,233947533.3
10674000,241343761.1
10677600,247303466.2
10681200,231530195.6
10684800,225670110.9
10688400,227799748.5
10692000,249371548.5
10695600,231345075.5
10699200,242600848.7
10702800,224512531.1
10706400,200997937.8
10710000,212191569.8
10713600,227503753.2
10717200,205078350.8
10720800,223715604.2
10724400,208726558.4
10728000,216269156.6
10731600,205519315.7
10735200,221411825.5
10738800,235949530.2
10742400,238380829.3
10746000,246359260.1
10749600,237847702.5
10753200,216624910.5
10756800,244027975.5
10760400,226280486.8
10764000,213367014.3
10767600,208410841.0
10771200,202250559.3
10774800,208538746.7
10778400,246288770.6
10782000,205431179.3
10785600,241707467.1
10789200,207590750.6
10792800,242793805.8
10796400,229928376.4
10800000,209888413.0
10803600,239876526.0
10807200,239369282.6
10810800,204779254.2
10814400,208572389.1
10818000,230140604.9
10821600,216254924.1
10825200,213364243.6
10828800,239464987.6
10832400,230830672.1
10836000,234323210.3
10839600,234871665.1
10843200,246601029.7
10846800,206009404.4
10850400,230344310.8
10854000,224493382.5
10857600,226485069.0
10861200,211093456.6
10864800,237409045.0
10868400,212907695.2
10872000,209955698.8
10875600,243576168.6
10879200,201359275.1
10882800,201817010.7
10886400,227858842.8
10890000,250833134.2
10893600,246422497.2
10897200,229560991.2
10900800,257987538.0
10904400,250749921.3
10908000,227603180.3
10911600,242731872.3
10915200,254104880.0
10918800,234062956.1
10922400,251243156.0
10926000,267086506.1
10929600,248340166.8
10933200,254655780.0
10936800,268929320.6
10940400,264955868.9
10944000,252423994.8
10947600,269146040.7
10951200,228190748.4
10954800,245489342.9
10958400,251367421.5
10962000,260000045.3
10965600,240888454.3
10969200,222741721.6
10972800,245957209.7
10976400,226726606.8
10980000,238348721.7
10983600,254831044.4
10987200,226479176.2
10990800,259292476.5
10994400,222515448.7
10998000,260780776.0
11001600,263346943.1
11005200,229844822.7
11008800,250369690.1
11012400,269833987.6
11016000,222118716.4
11019600,226941150.2
11023200,231147698.7
11026800,249150523.9
11030400,253555324.3
11034000,256159799.3
11037600,245221925.6
11041200,252231513.1
11044800,221818467.0
11048400,229692591.3
11052000,257477285.6
11055600,235408918.8
11059200,257452607.6
11062800,262601866.1
11066400,224967773.8
11070000,249888909.9
11073600,256030112.8
11077200,248435691.6
11080800,231755504.6
11084400,265531811.3
11088000,267530987.9
11091600,245815764.7
11095200,255354406.5
11098800,259939759.6
11102400,229984468.3
11106000,225342025.8
11109600,250928742.2
11113200,221111197.0
11116800,221878102.2
11120400,225768206.1
11124000,260934862.0
11127600,238844961.3
11131200,231457815.6
11134800,238406995.7
11138400,228727021.2
11142000,258738981.9
11145600,236501530.7
11149200,235789007.0
11152800,256229345.0
11156400,249247749.2
11160000,258887776.2
11163600,237978819.4
11167200,229236650.1
11170800,248684455.4
11174400,244154729.2
11178000,241081347.0
11181600,235866259.6
11185200,268628575.4
11188800,232911132.0
11192400,248354995.0
11196000,237603345.2
11199600,235601480.4
11203200,220469880.1
11206800,253406374.6
11210400,264284384.0
11214000,241065886.3
11217600,262929002.6
11221200,267399624.6
11224800,238805338.7
11228400,230164662.4
11232000,228958474.8
11235600,235314704.2
11239200,262515596.8
11242800,246280126.6
11246400,261422112.6
11250000,225343822.9
11253600,250857101.6
11257200,248341325.9
11260800,233046807.8
11264400,220115405.5
11268000,234362753.1
11271600,261063504.1
11275200,264755770.2
11278800,269790395.5
11282400,220421920.1
11286000,256642161.9
11289600,224230863.4
11293200,251667428.4
11296800,260254321.3
11300400,261498244.3
11304000,248361072.5
11307600,233002169.5
11311200,259226602.5
11314800,228460266.7
11318400,233712917.3
11322000,220245159.7
11325600,239878062.0
11329200,221327577.7
11332800,262734952.5
11336400,230244584.5
11340000,263017529.1
11343600,222806235.4
11347200,231175588.6
11350800,222264025.9
11354400,257549588.7
11358000,254902819.0
11361600,265939394.5
11365200,265446130.2
11368800,260276192.8
11372400,269983872.3
11376000,260038313.8
11379600,236145766.6
11383200,221257229.2
11386800,256641173.6
11390400,243639335.2
11394000,239629420.1
11397600,263000701.4
11401200,222873082.5
11404800,239227256.9
11408400,227092021.0
11412000,222284069.9
11415600,254899736.6
11419200,265675575.1
11422800,239177281.6
11426400,232155540.9
11430000,265354886.6
11433600,255100895.6
11437200,264781894.3
11440800,267398678.0
11444400,266834597.9
11448000,269839331.6
11451600,239847123.6
11455200,252996822.5
11458800,261147514.9
11462400,251118336.5
11466000,255025315.9
11469600,244475755.2
11473200,245440840.1
11476800,258985664.8
11480400,222024288.8
11484000,265050370.1
11487600,256602286.1
11491200,214742251.5
11494800,247495442.3
11498400,208670993.3
11502000,200045229.9
11505600,243922771.9
11509200,242526837.7
11512800,216820449.8
11516400,204916505.2
11520000,231405955.2
11523600,220020834.8
11527200,246402621.5
11530800,244030283.0
11534400,230954042.8
11538000,244697038.1
11541600,210452665.1
11545200,212914887.7
11548800,200206243.8
11552400,204522634.5
11556000,229791001.2
11559600,214965636.4
11563200,238771689.8
11566800,232119496.3
11570400,208977326.8
11574000,214167006.8
11577600,206792741.8
11581200,228174775.3
11584800,207212810.6
11588400,242802671.1
11592000,201520421.7
11595600,242516193.1
11599200,211640024.5
11602800,237746823.4
11606400,202819521.6
11610000,235382320.2
11613600,209206057.6
11617200,249730128.0
11620800,225834985.2
11624400,226907550.7
11628000,213575699.8
11631600,218912849.0
11635200,225607328.6
11638800,225770927.3
11642400,223446683.9
11646000,207708357.9
11649600,210756304.0
11653200,232258641.1
11656800,230306958.3
11660400,209117256.2
11664000,243384572.8
11667600,226385905.2
11671200,248726881.5
11674800,214274240.9
11678400,247454050.0
11682000,230380265.5
11685600,238824390.4
11689200,203174098.0
11692800,229557851.0
11696400,244987876.7
11700000,225489399.7
11703600,226641739.3
11707200,239928781.8
11710800,232754798.9
11714400,223152891.3
11718000,227865852.4
11721600,237151682.2
11725200,225716083.9
11728800,206039117.9
11732400,213404333.5
11736000,246242950.6
11739600,229469865.3
11743200,226961170.9
11746800,246863263.2
11750400,212781447.9
11754000,245595004.6
11757600,227855807.0
11761200,236934244.3
11764800,234216042.2
11768400,206985294.8
11772000,248674429.1
11775600,221226988.4
11779200,203810582.3
11782800,205396309.4
11786400,248612065.8
11790000,228517667.0
11793600,224191244.2
11797200,232249487.7
11800800,210910218.8
11804400,234745146.0
11808000,212287842.9
11811600,231680953.2
11815200,248006857.0
11818800,236321099.3
11822400,248482914.8
11826000,238107044.9
11829600,226254792.0
11833200,222339512.2
11836800,231918098.7
11840400,215356889.4
11844000,222170296.4
11847600,233263497.3
11851200,241113858.7
11854800,215951065.6
11858400,232852251.9
11862000,225270170.4
11865600,207872301.6
11869200,215253827.7
11872800,205255064.4
11876400,243531090.9
11880000,233947533.3
11883600,241343761.1
11887200,247303466.2
11890800,231530195.6
11894400,225670110.9
11898000,227799748.5
11901600,249371548.5
11905200,231345075.5
11908800,242600848.7
11912400,224512531.1
11916000,200997937.8
11919600,212191569.8
11923200,227503753.2
11926800,205078350.8
11930400,223715604.2
11934000,208726558.4
11937600,216269156.6
11941200,205519315.7
11944800,221411825.5
11948400,235949530.2
11952000,238380829.3
11955600,246359260.1
11959200,237847702.5
11962800,216624910.5
11966400,244027975.5
11970000,226280486.8
11973600,213367014.3
11977200,208410841.0
11980800,202250559.3
11984400,208538746.7
11988000,246288770.6
11991600,205431179.3
11995200,241707467.1
11998800,207590750.6
12002400,242793805.8
12006000,229928376.4
12009600,209888413.0
12013200,239876526.0
12016800,239369282.6
12020400,204779254.2
12024000,208572389.1
12027600,230140604.9
12031200,216254924.1
12034800,213364243.6
12038400,239464987.6
12042000,230830672.1
12045600,234323210.3
12049200,234871665.1
12052800,246601029.7
12056400,206009404.4
12060000,230344310.8
12063600,224493382.5
12067200,226485069.0
12070800,211093456.6
12074400,237409045.0
12078000,212907695.2
12081600,209955698.8
12085200,243576168.6
12088800,201359275.1
12092400,201817010.7
12096000,263196473.4
12099600,221102688.5
12103200,262476196.4
12106800,260381271.4
12110400,247139147.3
12114000,241689153.7
12117600,250121846.0
12121200,236755260.2
12124800,258905360.2
12128400,224835987.7
12132000,242597748.7
12135600,258097453.3
12139200,251291661.7
12142800,220074576.2
12146400,220858620.3
12150000,242842703.6
12153600,231078202.8
12157200,238571034.3
12160800,242061608.2
12164400,223034477.4
12168000,238202118.7
12171600,238843453.7
12175200,235062011.9
12178800,265919459.0
12182400,243867533.8
12186000,229019621.9
12189600,234851882.0
12193200,261464973.7
12196800,250906199.6
12200400,253179977.1
12204000,250810170.6
12207600,233063336.2
12211200,263624935.8
12214800,220268406.4
12218400,238262764.6
12222000,249598591.9
12225600,266241953.0
12229200,242900244.9
12232800,241210411.2
12236400,252748080.6
12240000,258211815.4
12243600,238982178.3
12247200,242703448.4
12250800,252190100.6
12254400,256757726.3
12258000,251691078.1
12261600,259147213.6
12265200,221724351.0
12268800,225043117.0
12272400,222087038.9
12276000,228025921.2
12279600,261750147.4
12283200,247971704.1
12286800,228601085.0
12290400,266939950.5
12294000,247107966.4
12297600,261512892.8
12301200,235872188.5
12304800,231636967.8
12308400,255099690.6
12312000,245989182.4
12315600,234307314.6
12319200,221383646.3
12322800,227640145.1
12326400,259196130.5
12330000,245937594.5
12333600,240841143.1
12337200,225427377.8
12340800,251571383.8
12344400,226336678.4
12348000,249032183.2
12351600,229225018.8
12355200,244745554.5
12358800,236772030.9
12362400,230342438.5
12366000,225258276.1
12369600,227681625.9
12373200,263666477.5
12376800,256218574.9
12380400,220179208.8
12384000,260520761.9
12387600,232281120.4
12391200,264296827.4
12394800,261964032.5
12398400,237778369.3
12402000,235762355.8
12405600,227709315.4
12409200,239421161.5
12412800,235271992.4
12416400,261058790.7
12420000,233994117.3
12423600,262572697.4
12427200,229764257.8
12430800,237750123.3
12434400,237298779.1
12438000,249281567.6
12441600,242812539.8
12445200,221922435.6
12448800,239000779.7
12452400,247324352.3
12456000,223412903.3
12459600,230661323.3
12463200,258594878.4
12466800,251518968.5
12470400,260436068.0
12474000,221074500.4
12477600,220587844.4
12481200,239939833.3
12484800,230484783.7
12488400,249395737.0
12492000,261136094.8
12495600,257453799.1
12499200,266457245.7
12502800,246227276.7
12506400,246932270.8
12510000,253364725.0
12513600,263563059.8
12517200,229066246.5
12520800,254955331.2
12524400,229445510.2
12528000,229990810.6
12531600,258548297.5
12535200,246494809.4
12538800,220235731.9
12542400,267768052.5
12546000,263863950.0
12549600,263615444.8
12553200,244701261.7
12556800,246555084.6
12560400,221613035.9
12564000,257507835.4
12567600,257917600.6
12571200,249178137.0
12574800,238505850.4
12578400,244599996.9
12582000,246359122.9
12585600,242436223.3
12589200,227120045.3
12592800,252637186.6
12596400,253733514.4
12600000,257488138.7
12603600,235296292.8
12607200,260217379.6
12610800,234998339.9
12614400,233704333.8
12618000,233524249.1
12621600,258174546.5
12625200,235928760.8
12628800,237850222.4
12632400,253774093.9
12636000,221676911.3
12639600,227501127.2
12643200,241077506.1
12646800,230644707.2
12650400,258003606.2
12654000,252165306.8
12657600,261982335.7
12661200,230389788.2
12664800,241917379.6
12668400,256605987.6
12672000,225237585.9
12675600,242228235.7
12679200,244527635.3
12682800,254721317.7
12686400,266540399.3
12690000,227757538.8
12693600,222634061.0
12697200,250433822.7
12700800,227858842.8
12704400,250833134.2
12708000,246422497.2
12711600,229560991.2
12715200,257987538.0
12718800,250749921.3
12722400,227603180.3
12726000,242731872.3
12729600,254104880.0
12733200,234062956.1
12736800,251243156.0
12740400,267086506.1
12744000,248340166.8
12747600,254655780.0
12751200,268929320.6
12754800,264955868.9
12758400,252423994.8
12762000,269146040.7
12765600,228190748.4
12769200,245489342.9
12772800,251367421.5
12776400,260000045.3
12780000,240888454.3
12783600,222741721.6
12787200,245957209.7
12790800,226726606.8
12794400,238348721.7
12798000,254831044.4
12801600,226479176.2
12805200,259292476.5
12808800,222515448.7
12812400,260780776.0
12816000,263346943.1
12819600,229844822.7
12823200,250369690.1
12826800,269833987.6
12830400,222118716.4
12834000,226941150.2
12837600,231147698.7
12841200,249150523.9
12844800,253555324.3
12848400,256159799.3
12852000,245221925.6
12855600,252231513.1
12859200,221818467.0
12862800,229692591.3
12866400,257477285.6
12870000,235408918.8
12873600,257452607.6
12877200,262601866.1
12880800,224967773.8
12884400,249888909.9
12888000,256030112.8
12891600,248435691.6
12895200,231755504.6
12898800,265531811.3
12902400,267530987.9
12906000,245815764.7
12909600,255354406.5
12913200,259939759.6
12916800,229984468.3
12920400,225342025.8
12924000,250928742.2
12927600,221111197.0
12931200,221878102.2
12934800,225768206.1
12938400,260934862.0
12942000,238844961.3
12945600,231457815.6
12949200,238406995.7
12952800,228727021.2
12956400,258738981.9
12960000,236501530.7
12963600,235789007.0
12967200,256229345.0
12970800,249247749.2
12974400,258887776.2
12978000,237978819.4
12981600,229236650.1
12985200,248684455.4
12988800,244154729.2
12992400,241081347.0
12996000,235866259.6
12999600,268628575.4
13003200,232911132.0
13006800,248354995.0
13010400,237603345.2
13014000,235601480.4
13017600,220469880.1
13021200,253406374.6
13024800,264284384.0
13028400,241065886.3
13032000,262929002.6
13035600,267399624.6
13039200,238805338.7
13042800,230164662.4
13046400,228958474.8
13050000,235314704.2
13053600,262515596.8
13057200,246280126.6
13060800,261422112.6
13064400,225343822.9
13068000,250857101.6
13071600,248341325.9
13075200,233046807.8
13078800,220115405.5
13082400,234362753.1
13086000,261063504.1
13089600,264755770.2
13093200,269790395.5
13096800,220421920.1
13100400,256642161.9
13104000,224230863.4
13107600,251667428.4
13111200,260254321.3
13114800,261498244.3
13118400,248361072.5
13122000,233002169.5
13125600,259226602.5
13129200,228460266.7
13132800,233712917.3
13136400,220245159.7
13140000,239878062.0
13143600,221327577.7
13147200,262734952.5
13150800,230244584.5
13154400,263017529.1
13158000,222806235.4
13161600,231175588.6
13165200,222264025.9
13168800,257549588.7
13172400,254902819.0
13176000,265939394.5
13179600,265446130.2
13183200,260276192.8
13186800,269983872.3
13190400,260038313.8
13194000,236145766.6
13197600,221257229.2
13201200,256641173.6
13204800,243639335.2
13208400,239629420.1
13212000,263000701.4
13215600,222873082.5
13219200,239227256.9
13222800,227092021.0
13226400,222284069.9
13230000,254899736.6
13233600,265675575.1
13237200,239177281.6
13240800,232155540.9
13244400,265354886.6
13248000,255100895.6
13251600,264781894.3
13255200,267398678.0
13258800,266834597.9
13262400,269839331.6
13266000,239847123.6
13269600,252996822.5
13273200,261147514.9
13276800,251118336.5
13280400,255025315.9
13284000,244475755.2
13287600,245440840.1
13291200,258985664.8
13294800,222024288.8
13298400,265050370.1
13302000,256602286.1
13305600,218507967.5
13309200,232878081.7
13312800,243678246.1
13316400,214743778.2
13320000,213641252.3
13323600,204044550.3
13327200,209317291.5
13330800,238000467.6
13334400,245480450.9
13338000,232231145.1
13341600,225872465.3
13345200,235079752.4
13348800,202253710.0
13352400,244512568.6
13356000,233630988.0
13359600,208243650.3
13363200,225128224.2
13366800,226590972.5
13370400,231200126.9
13374000,248228424.9
13377600,228458709.7
13381200,228883597.7
13384800,246874389.3
13388400,203078010.6
13392000,232949831.8
13395600,204969905.2
13399200,230433443.3
13402800,240217614.1
13406400,201615768.5
13410000,226096647.6
13413600,214882397.5
13417200,233032408.3
13420800,229885867.8
13424400,203077443.8
13428000,244558190.6
13431600,247666706.6
13435200,209043810.3
13438800,203677262.4
13442400,249401587.0
13446000,221395298.4
13449600,237949120.1
13453200,246158302.1
13456800,243605787.4
13460400,248168230.6
13464000,214838014.6
13467600,235501934.9
13471200,245054889.4
13474800,243710033.8
13478400,241430065.8
13482000,201760471.1
13485600,245306790.3
13489200,231396625.2
13492800,228629803.9
13496400,236909348.1
13500000,225411076.5
13503600,243241329.9
13507200,207011918.5
13510800,232856797.8
13514400,229649687.9
13518000,225668331.4
13521600,212230995.7
13525200,248675281.3
13528800,245810715.0
13532400,232600477.5
13536000,205525092.2
13539600,225731323.7
13543200,224052630.0
13546800,203408593.7
13550400,219442157.2
13554000,240260160.8
13557600,239332781.9
13561200,205998861.4
13564800,220598819.7
13568400,239903338.0
13572000,212636003.0
13575600,229373966.9
13579200,201836671.4
13582800,234081506.3
13586400,241340996.2
13590000,234995531.6
13593600,217588599.8
13597200,224457370.4
13600800,214206351.1
13604400,213298527.2
13608000,238246322.9
13611600,229218966.5
13615200,226927823.1
13618800,249533739.0
13622400,238457899.3
13626000,229304903.9
13629600,239542662.9
13633200,227446242.8
13636800,203820996.5
13640400,223715826.7
13644000,242486374.8
13647600,220153968.1
13651200,211839878.5
13654800,227074427.1
13658400,218445360.1
13662000,237926075.8
13665600,238451847.4
13669200,217315418.6
13672800,248372645.8
13676400,217790356.0
13680000,209659722.1
13683600,204552793.7
13687200,215661741.2
13690800,247917189.6
13694400,231923214.0
13698000,210407000.5
13701600,216656107.7
13705200,217150784.5
13708800,244742147.0
13712400,225208002.2
13716000,228111171.9
13719600,239467227.5
13723200,217546415.7
13726800,211009001.3
13730400,241141609.0
13734000,203802097.1
13737600,204109283.9
13741200,215485807.6
13744800,242774779.1
13748400,223714866.9
13752000,216211856.9
13755600,223002190.8
13759200,233708730.4
13762800,228703093.5
13766400,242141261.8
13770000,203791076.4
13773600,212992494.5
13777200,234377953.3
13780800,221624963.7
13784400,216186323.7
13788000,202303602.3
13791600,215517654.6
13795200,221331136.6
13798800,230778593.9
13802400,212150732.7
13806000,242235830.0
13809600,244139869.4
13813200,246412806.8
13816800,228131687.7
13820400,215149284.2
13824000,238507340.7
13827600,225361009.9
13831200,230629258.0
13834800,234328820.9
13838400,204195272.1
13842000,235705387.6
13845600,214918948.5
13849200,211659568.9
13852800,215872207.7
13856400,214100915.9
13860000,212528186.5
13863600,206177232.2
13867200,233407206.3
13870800,213919538.1
13874400,212378416.7
13878000,228438373.7
13881600,202567386.4
13885200,241158293.7
13888800,201847272.3
13892400,213358536.0
13896000,215109493.4
13899600,233115227.1
13903200,231287873.7
13906800,235617033.5
13910400,233845271.7
13914000,220124148.5
13917600,207704551.7
13921200,228058393.9
13924800,247466274.8
13928400,247964771.2
13932000,249497040.0
13935600,241800691.8
13939200,232704001.9
13942800,243458646.9
13946400,243188570.2
13950000,238096231.3
13953600,208263382.3
13957200,203973707.8
13960800,225444729.0
13964400,204652013.1
13968000,221892956.4
13971600,215598574.1
13975200,218957543.8
13978800,249779618.4
13982400,243474611.5
13986000,247395328.0
13989600,212715242.1
13993200,202424581.6
13996800,241591934.8
14000400,234436278.9
14004000,229801094.6
14007600,210736989.5
14011200,226758464.1
14014800,202787777.9
14018400,221552465.3
14022000,209536911.7
14025600,216388773.0
14029200,246882853.9
14032800,242368350.5
14036400,212849182.0
14040000,218860276.7
14043600,236675716.7
14047200,239111206.8
14050800,200581852.9
14054400,211085307.4
14058000,203353589.9
14061600,235282706.9
14065200,243796708.7
14068800,213874112.9
14072400,234640205.8
14076000,206950676.5
14079600,218738450.3
14083200,241793891.7
14086800,234787416.5
14090400,234744970.3
14094000,242668089.4
14097600,214729411.1
14101200,232548399.3
14104800,214931393.7
14108400,247233874.4
14112000,239039450.7
14115600,241250908.7
14119200,236809238.9
14122800,239683628.2
14126400,220257876.0
14130000,206530595.1
14133600,207977820.2
14137200,240832195.1
14140800,201527706.5
14144400,227199572.9
14148000,241174856.8
14151600,247419851.5
14155200,223013424.9
14158800,203475015.2
14162400,226119976.1
14166000,209792861.9
14169600,214935573.4
14173200,248785755.3
14176800,208265802.2
14180400,238867498.9
14184000,217068915.1
14187600,223705142.6
14191200,205011833.8
14194800,203009084.8
14198400,243086015.7
14202000,203543580.6
14205600,244139781.5
14209200,219691999.4
14212800,222002528.5
14216400,217536601.9
14220000,201617546.1
14223600,236278300.5
14227200,217674486.8
14230800,232053020.7
14234400,238579452.3
14238000,233854029.0
14241600,224293624.3
14245200,240606456.5
14248800,203799835.7
14252400,201416642.7
14256000,221675351.0
14259600,207173902.5
14263200,240401853.3
14266800,200087737.7
14270400,204811076.9
14274000,221083751.2
14277600,211755699.0
14281200,247815058.7
14284800,218574361.8
14288400,224566003.7
14292000,213375460.8
14295600,228814016.7
14299200,226002266.4
14302800,248943454.0
14306400,233037031.3
14310000,242312117.4
14313600,204357179.8
14317200,221143791.0
14320800,202070324.4
14324400,230106596.8
14328000,236572322.2
14331600,234131434.7
14335200,203051597.3
14338800,233825144.3
14342400,215353753.9
14346000,217414677.5
14349600,236324978.7
14353200,205354599.9
14356800,212624952.8
14360400,221946534.1
14364000,229358986.6
14367600,215350328.4
14371200,221773450.6
14374800,215516818.8
14378400,245798435.7
14382000,232920982.0
14385600,208845327.2
14389200,232255196.7
14392800,201764636.4
14396400,239130329.5
14400000,200090199.3
14403600,219225766.4
14407200,233623352.9
14410800,201974530.0
14414400,221737965.0
14418000,208719037.0
14421600,229160573.5
14425200,209551789.7
14428800,219181968.9
14432400,244108989.0
14436000,200092068.0
14439600,234010171.4
14443200,214125730.4
14446800,241070431.6
14450400,214705471.6
14454000,219505014.5
14457600,247554040.5
14461200,241762730.5
14464800,244510833.6
14468400,246629449.9
14472000,206468030.9
14475600,217414311.3
14479200,235680518.0
14482800,231257460.0
14486400,241680937.0
14490000,211025194.4
14493600,215966026.4
14497200,210969303.5
14500800,201401767.0
14504400,234010489.1
14508000,214307446.9
14511600,201539538.9
14515200,201506062.3
14518800,236001809.8
14522400,218810785.6
14526000,229401407.9
14529600,216497334.2
14533200,243246343.6
14536800,242747739.3
14540400,227404964.0
14544000,202170683.4
14547600,226679019.7
14551200,241263390.3
14554800,228313728.5
14558400,210961873.9
14562000,216166883.0
14565600,203252165.4
14569200,218691128.9
14572800,212926368.5
14576400,213030162.5
14580000,223624262.7
14583600,204741655.5
14587200,203157271.7
14590800,240824034.1
14594400,203422409.0
14598000,214881761.5
14601600,239378535.5
14605200,222818619.8
14608800,245508864.9
14612400,227533555.0
14616000,221460876.9
14619600,219952678.7
14623200,203164830.2
14626800,235809586.0
14630400,235996184.1
14634000,237058635.2
14637600,234468659.8
14641200,213020786.8
14644800,200493501.3
14648400,217505067.4
14652000,244808037.8
14655600,237161801.9
14659200,214699315.0
14662800,209217130.2
14666400,208147811.3
14670000,203789501.0
14673600,221848937.0
14677200,213580986.9
14680800,211855269.0
14684400,207327468.1
14688000,223541236.8
14691600,236429392.6
14695200,219569975.9
14698800,207800824.5
14702400,207079618.0
14706000,245225777.1
14709600,217620892.2
14713200,207973075.1
14716800,243593847.7
14720400,240185621.6
14724000,236707744.5
14727600,224608561.1
14731200,220092094.0
14734800,243130053.6
14738400,209041819.9
14742000,246278392.2
14745600,241101811.1
14749200,234328897.9
14752800,223458039.9
14756400,244396951.0
14760000,249117944.9
14763600,201616775.1
14767200,241238639.9
14770800,232965896.5
14774400,222413959.6
14778000,228685975.2
14781600,239895788.1
14785200,231637902.2
14788800,239485192.7
14792400,202977964.4
14796000,219470277.7
14799600,221011705.9
14803200,233203609.5
14806800,231723535.2
14810400,244265162.3
14814000,230575375.6
14817600,230767435.4
14821200,243858085.3
14824800,238343162.8
14828400,237504549.2
14832000,205781094.6
14835600,210204476.3
14839200,205813009.6
14842800,242072989.8
14846400,219078692.2
14850000,222702289.1
14853600,203694372.2
14857200,201258248.5
14860800,248055726.0
14864400,207919726.7
14868000,246682121.1
14871600,211838255.1
14875200,203777698.2
14878800,233627775.8
14882400,204216373.2
14886000,203108379.6
14889600,234758445.0
14893200,200102947.8
14896800,207842864.4
14900400,213727516.0
14904000,215761454.9
14907600,235701800.1
14911200,228589329.2
14914800,225759658.1
14918400,228866497.5
14922000,200247135.7
14925600,217611735.6
14929200,227236735.5
14932800,204603202.7
14936400,213616193.6
14940000,229536400.8
14943600,200231366.2
14947200,201537536.8
14950800,218835358.8
14954400,208275765.5
14958000,215311241.0
14961600,213498724.3
14965200,215360482.5
14968800,229201096.5
14972400,226925926.7
14976000,239533536.3
14979600,218635946.9
14983200,237600462.8
14986800,232628956.0
14990400,227596953.8
14994000,242545989.5
14997600,221262433.0
15001200,228720031.3
15004800,238412697.6
15008400,226975723.4
15012000,249213516.1
15015600,205279258.5
15019200,215050239.4
15022800,218992690.5
15026400,223635796.4
15030000,211128436.0
15033600,216037124.2
15037200,211342545.4
15040800,201087890.0
15044400,200773669.2
15048000,239192492.7
15051600,200932354.5
15055200,245136358.0
15058800,209830236.8
15062400,230451736.4
15066000,226143555.5
15069600,235336516.5
15073200,217659812.0
15076800,237944718.8
15080400,225278785.1
15084000,238288720.1
15087600,218126597.2
15091200,246250877.8
15094800,245054960.8
15098400,227585744.0
15102000,226051252.4
15105600,208951230.9
15109200,230446162.8
15112800,236398008.6
15116400,243797075.5
15120000,218507967.5
15123600,232878081.7
15127200,243678246.1
15130800,214743778.2
15134400,213641252.3
15138000,204044550.3
15141600,209317291.5
15145200,238000467.6
15148800,245480450.9
15152400,232231145.1
15156000,225872465.3
15159600,235079752.4
15163200,202253710.0
15166800,244512568.6
15170400,233630988.0
15174000,208243650.3
15177600,225128224.2
15181200,226590972.5
15184800,231200126.9
15188400,248228424.9
15192000,228458709.7
15195600,228883597.7
15199200,246874389.3
15202800,203078010.6
15206400,232949831.8
15210000,204969905.2
15213600,230433443.3
15217200,240217614.1
15220800,201615768.5
15224400,226096647.6
15228000,214882397.5
15231600,233032408.3
15235200,229885867.8
15238800,203077443.8
15242400,244558190.6
15246000,247666706.6
15249600,209043810.3
15253200,203677262.4
15256800,249401587.0
15260400,221395298.4
15264000,237949120.1
15267600,246158302.1
15271200,243605787.4
15274800,248168230.6
15278400,214838014.6
15282000,235501934.9
15285600,245054889.4
15289200,243710033.8
15292800,241430065.8
15296400,201760471.1
15300000,245306790.3
15303600,231396625.2
15307200,228629803.9
15310800,236909348.1
15314400,225411076.5
15318000,243241329.9
15321600,207011918.5
15325200,232856797.8
15328800,229649687.9
15332400,225668331.4
15336000,212230995.7
15339600,248675281.3
15343200,245810715.0
15346800,232600477.5
15350400,205525092.2
15354000,225731323.7
15357600,224052630.0
15361200,203408593.7
15364800,219442157.2
15368400,240260160.8
15372000,239332781.9
15375600,205998861.4
15379200,220598819.7
15382800,239903338.0
15386400,212636003.0
15390000,229373966.9
15393600,201836671.4
15397200,234081506.3
15400800,241340996.2
15404400,234995531.6
15408000,217588599.8
15411600,224457370.4
15415200,214206351.1
15418800,213298527.2
15422400,238246322.9
15426000,229218966.5
15429600,226927823.1
15433200,249533739.0
15436800,238457899.3
15440400,229304903.9
15444000,239542662.9
15447600,227446242.8
15451200,203820996.5
15454800,223715826.7
15458400,242486374.8
15462000,220153968.1
15465600,211839878.5
15469200,227074427.1
15472800,218445360.1
15476400,237926075.8
15480000,238451847.4
15483600,217315418.6
15487200,248372645.8
15490800,217790356.0
15494400,209659722.1
15498000,204552793.7
15501600,215661741.2
15505200,247917189.6
15508800,231923214.0
15512400,210407000.5
15516000,216656107.7
15519600,217150784.5
15523200,244742147.0
15526800,225208002.2
15530400,228111171.9
15534000,239467227.5
15537600,217546415.7
15541200,211009001.3
15544800,241141609.0
15548400,203802097.1
15552000,204109283.9
15555600,215485807.6
15559200,242774779.1
15562800,223714866.9
15566400,216211856.9
15570000,223002190.8
15573600,233708730.4
15577200,228703093.5
15580800,242141261.8
15584400,203791076.4
15588000,212992494.5
15591600,234377953.3
15595200,221624963.7
15598800,216186323.7
15602400,202303602.3
15606000,215517654.6
15609600,221331136.6
15613200,230778593.9
15616800,212150732.7
15620400,242235830.0
15624000,244139869.4
15627600,246412806.8
15631200,228131687.7
15634800,215149284.2
15638400,238507340.7
15642000,225361009.9
15645600,230629258.0
15649200,234328820.9
15652800,204195272.1
15656400,235705387.6
15660000,214918948.5
15663600,211659568.9
15667200,215872207.7
15670800,214100915.9
15674400,212528186.5
15678000,206177232.2
15681600,233407206.3
15685200,213919538.1
15688800,212378416.7
15692400,228438373.7
15696000,202567386.4
15699600,241158293.7
15703200,201847272.3
15706800,213358536.0
15710400,215109493.4
15714000,233115227.1
15717600,231287873.7
15721200,235617033.5
15724800,213791729.2
15728400,249804240.7
15732000,215022314.5
15735600,225063268.2
15739200,206616118.2
15742800,244877995.0
15746400,211897075.0
15750000,203354505.3
15753600,218281193.2
15757200,249450278.2
15760800,210601227.7
15764400,214376731.8
15768000,225229465.7
15771600,231528416.7
15775200,219659165.1
15778800,233998026.1
15782400,206501676.4
15786000,203511909.2
15789600,202269183.5
15793200,227696397.9
15796800,244540809.3
15800400,229289686.8
15804000,226577297.1
15807600,232202009.1
15811200,220375333.6
15814800,213068734.6
15818400,230460513.9
15822000,231639315.2
15825600,237963632.0
15829200,211694703.9
15832800,214436267.0
15836400,201134891.7
15840000,214571857.8
15843600,217704130.7
15847200,232481515.6
15850800,230380085.0
15854400,237808396.2
15858000,244218177.6
15861600,244775134.6
15865200,203903805.0
15868800,226293556.8
15872400,202257271.3
15876000,239830630.4
15879600,215741555.6
15883200,211775367.1
15886800,213371878.6
15890400,207119191.2
15894000,209692604.1
15897600,241669278.1
15901200,237255213.2
15904800,237192726.9
15908400,213297116.0
15912000,205670916.3
15915600,202449035.6
15919200,213805978.9
15922800,232867983.1
15926400,231335049.3
15930000,228705400.9
15933600,210017917.2
15937200,220468702.2
15940800,214215686.0
15944400,241704135.3
15948000,237867584.1
15951600,243295394.4
15955200,220846733.5
15958800,237125675.9
15962400,203496774.4
15966000,247922697.1
15969600,234359537.3
15973200,213001523.2
15976800,236781288.8
15980400,223930919.8
15984000,243568746.4
15987600,216127633.2
15991200,228051164.3
15994800,212292501.8
15998400,206724420.4
16002000,211880575.6
16005600,218183646.6
16009200,234404425.6
16012800,201950975.6
16016400,234436699.2
16020000,213040884.1
16023600,242829466.4
16027200,227305713.4
16030800,223024935.5
16034400,207633297.0
16038000,212789427.4
16041600,219582290.3
16045200,248230325.6
16048800,225971194.2
16052400,206044192.8
16056000,245744734.3
16059600,222830366.1
16063200,245234138.2
16066800,214595012.9
16070400,239109441.6
16074000,202795346.3
16077600,210652189.9
16081200,238827202.2
16084800,234840507.6
16088400,245394135.8
16092000,230444136.6
16095600,227227839.4
16099200,237655887.2
16102800,243862955.4
16106400,244688680.6
16110000,242791572.5
16113600,234162213.9
16117200,220380722.8
16120800,202392764.6
16124400,211921386.9
16128000,200697959.3
16131600,219084996.7
16135200,245356148.3
16138800,215179781.6
16142400,243366495.2
16146000,207358634.0
16149600,215495630.0
16153200,220912201.3
16156800,210508785.1
16160400,238372743.4
16164000,212127286.2
16167600,244307063.0
16171200,214877157.1
16174800,209533897.7
16178400,236205974.4
16182000,247840518.4
16185600,245073351.5
16189200,235029222.4
16192800,240673602.8
16196400,243321234.7
16200000,244410657.7
16203600,211522565.1
16207200,231323776.8
16210800,212197112.9
16214400,222134006.2
16218000,239139279.1
16221600,235791466.8
16225200,212231670.2
16228800,236891614.6
16232400,245390593.4
16236000,242111623.9
16239600,248573311.0
16243200,207142974.6
16246800,242845599.9
16250400,238102589.2
16254000,238013077.6
16257600,222970905.9
16261200,219204201.0
16264800,205371434.1
16268400,222773590.5
16272000,207362325.9
16275600,214679577.4
16279200,219020874.6
16282800,246227324.0
16286400,209673394.2
16290000,232752526.9
16293600,219711434.7
16297200,209674301.7
16300800,201586767.6
16304400,240091113.9
16308000,215666266.3
16311600,237347118.0
16315200,229531713.8
16318800,214821433.0
16322400,240775162.1
16326000,244625625.5
16329600,218507967.5
16333200,232878081.7
16336800,243678246.1
16340400,214743778.2
16344000,213641252.3
16347600,204044550.3
16351200,209317291.5
16354800,238000467.6
16358400,245480450.9
16362000,232231145.1
16365600,225872465.3
16369200,235079752.4
16372800,202253710.0
16376400,244512568.6
16380000,233630988.0
16383600,208243650.3
16387200,225128224.2
16390800,226590972.5
16394400,231200126.9
16398000,248228424.9
16401600,228458709.7
16405200,228883597.7
16408800,246874389.3
16412400,203078010.6
16416000,232949831.8
16419600,204969905.2
16423200,230433443.3
16426800,240217614.1
16430400,201615768.5
16434000,226096647.6
16437600,214882397.5
16441200,233032408.3
16444800,229885867.8
16448400,203077443.8
16452000,244558190.6
16455600,247666706.6
16459200,209043810.3
16462800,203677262.4
16466400,249401587.0
16470000,221395298.4
16473600,237949120.1
16477200,246158302.1
16480800,243605787.4
16484400,248168230.6
16488000,214838014.6
16491600,235501934.9
16495200,245054889.4
16498800,243710033.8
16502400,241430065.8
16506000,201760471.1
16509600,245306790.3
16513200,231396625.2
16516800,228629803.9
16520400,236909348.1
16524000,225411076.5
16527600,243241329.9
16531200,207011918.5
16534800,232856797.8
16538400,229649687.9
16542000,225668331.4
16545600,212230995.7
16549200,248675281.3
16552800,245810715.0
16556400,232600477.5
16560000,205525092.2
16563600,225731323.7
16567200,224052630.0
16570800,203408593.7
16574400,219442157.2
16578000,240260160.8
16581600,239332781.9
16585200,205998861.4
16588800,220598819.7
16592400,239903338.0
16596000,212636003.0
16599600,229373966.9
16603200,201836671.4
16606800,234081506.3
16610400,241340996.2
16614000,234995531.6
16617600,217588599.8
16621200,224457370.4
16624800,214206351.1
16628400,213298527.2
16632000,238246322.9
16635600,229218966.5
16639200,226927823.1
16642800,249533739.0
16646400,238457899.3
16650000,229304903.9
16653600,239542662.9
16657200,227446242.8
16660800,203820996.5
16664400,223715826.7
16668000,242486374.8
16671600,220153968.1
16675200,211839878.5
16678800,227074427.1
16682400,218445360.1
16686000,237926075.8
16689600,238451847.4
16693200,217315418.6
16696800,248372645.8
16700400,217790356.0
16704000,209659722.1
16707600,204552793.7
16711200,215661741.2
16714800,247917189.6
16718400,231923214.0
16722000,210407000.5
16725600,216656107.7
16729200,217150784.5
16732800,244742147.0
16736400,225208002.2
16740000,228111171.9
16743600,239467227.5
16747200,217546415.7
16750800,211009001.3
16754400,241141609.0
16758000,203802097.1
16761600,204109283.9
16765200,215485807.6
16768800,242774779.1
16772400,223714866.9
16776000,216211856.9
16779600,223002190.8
16783200,233708730.4
16786800,228703093.5
16790400,242141261.8
16794000,203791076.4
16797600,212992494.5
16801200,234377953.3
16804800,221624963.7
16808400,216186323.7
16812000,202303602.3
16815600,215517654.6
16819200,221331136.6
16822800,230778593.9
16826400,212150732.7
16830000,242235830.0
16833600,244139869.4
16837200,246412806.8
16840800,228131687.7
16844400,215149284.2
16848000,238507340.7
16851600,225361009.9
16855200,230629258.0
16858800,234328820.9
16862400,204195272.1
16866000,235705387.6
16869600,214918948.5
16873200,211659568.9
16876800,215872207.7
16880400,214100915.9
16884000,212528186.5
16887600,206177232.2
16891200,233407206.3
16894800,213919538.1
16898400,212378416.7
16902000,228438373.7
16905600,202567386.4
16909200,241158293.7
16912800,201847272.3
16916400,213358536.0
16920000,215109493.4
16923600,233115227.1
16927200,231287873.7
16930800,235617033.5
16934400,218507967.5
16938000,232878081.7
16941600,243678246.1
16945200,214743778.2
16948800,213641252.3
16952400,204044550.3
16956000,209317291.5
16959600,238000467.6
16963200,245480450.9
16966800,232231145.1
16970400,225872465.3
16974000,235079752.4
16977600,202253710.0
16981200,244512568.6
16984800,233630988.0
16988400,208243650.3
16992000,225128224.2
16995600,226590972.5
16999200,231200126.9
17002800,248228424.9
17006400,228458709.7
17010000,228883597.7
17013600,246874389.3
17017200,203078010.6
17020800,232949831.8
17024400,204969905.2
17028000,230433443.3
17031600,240217614.1
17035200,201615768.5
17038800,226096647.6
17042400,214882397.5
17046000,233032408.3
17049600,229885867.8
17053200,203077443.8
17056800,244558190.6
17060400,247666706.6
17064000,209043810.3
17067600,203677262.4
17071200,249401587.0
17074800,221395298.4
17078400,237949120.1
17082000,246158302.1
17085600,243605787.4
17089200,248168230.6
17092800,214838014.6
17096400,235501934.9
17100000,245054889.4
17103600,243710033.8
17107200,241430065.8
17110800,201760471.1
17114400,245306790.3
17118000,231396625.2
17121600,228629803.9
17125200,236909348.1
17128800,225411076.5
17132400,243241329.9
17136000,207011918.5
17139600,232856797.8
17143200,229649687.9
17146800,225668331.4
17150400,212230995.7
17154000,248675281.3
17157600,245810715.0
17161200,232600477.5
17164800,205525092.2
17168400,225731323.7
17172000,224052630.0
17175600,203408593.7
17179200,219442157.2
17182800,240260160.8
17186400,239332781.9
17190000,205998861.4
17193600,220598819.7
17197200,239903338.0
17200800,212636003.0
17204400,229373966.9
17208000,201836671.4
17211600,234081506.3
17215200,241340996.2
17218800,234995531.6
17222400,217588599.8
17226000,224457370.4
17229600,214206351.1
17233200,213298527.2
17236800,238246322.9
17240400,229218966.5
17244000,226927823.1
17247600,249533739.0
17251200,238457899.3
17254800,229304903.9
17258400,239542662.9
17262000,227446242.8
17265600,203820996.5
17269200,223715826.7
17272800,242486374.8
17276400,220153968.1
17280000,211839878.5
17283600,227074427.1
17287200,218445360.1
17290800,237926075.8
17294400,238451847.4
17298000,217315418.6
17301600,248372645.8
17305200,217790356.0
17308800,209659722.1
17312400,204552793.7
17316000,215661741.2
17319600,247917189.6
17323200,231923214.0
17326800,210407000.5
17330400,216656107.7
17334000,217150784.5
17337600,244742147.0
17341200,225208002.2
17344800,228111171.9
17348400,239467227.5
17352000,217546415.7
17355600,211009001.3
17359200,241141609.0
17362800,203802097.1
17366400,204109283.9
17370000,215485807.6
17373600,242774779.1
17377200,223714866.9
17380800,216211856.9
17384400,223002190.8
17388000,233708730.4
17391600,228703093.5
17395200,242141261.8
17398800,203791076.4
17402400,212992494.5
17406000,234377953.3
17409600,221624963.7
17413200,216186323.7
17416800,202303602.3
17420400,215517654.6
17424000,221331136.6
17427600,230778593.9
17431200,212150732.7
17434800,242235830.0
17438400,244139869.4
17442000,246412806.8
17445600,228131687.7
17449200,215149284.2
17452800,238507340.7
17456400,225361009.9
17460000,230629258.0
17463600,234328820.9
17467200,204195272.1
17470800,235705387.6
17474400,214918948.5
17478000,211659568.9
17481600,215872207.7
17485200,214100915.9
17488800,212528186.5
17492400,206177232.2
17496000,233407206.3
17499600,213919538.1
17503200,212378416.7
17506800,228438373.7
17510400,202567386.4
17514000,241158293.7
17517600,201847272.3
17521200,213358536.0
17524800,215109493.4
17528400,233115227.1
17532000,231287873.7
17535600,235617033.5
17539200,214222546.3
17542800,205659688.9
17546400,203581171.3
17550000,229050767.7
17553600,200548051.2
17557200,242175064.9
17560800,203303089.5
17564400,224204851.9
17568000,208120135.7
17571600,221097910.1
17575200,243152999.1
17578800,232820506.0
17582400,248123677.2
17586000,219788001.8
17589600,220596478.6
17593200,238963247.5
17596800,245102567.1
17600400,233465579.1
17604000,208568781.6
17607600,215989122.8
17611200,213560294.7
17614800,211539861.8
17618400,235124597.6
17622000,215473522.0
17625600,248693471.2
17629200,243121803.6
17632800,230988656.1
17636400,243972342.1
17640000,215355706.3
17643600,231309789.2
17647200,231699161.2
17650800,215059872.2
17654400,229147694.4
17658000,205383811.8
17661600,239920424.9
17665200,243756840.3
17668800,232383484.1
17672400,202753460.0
17676000,246928095.7
17679600,202898069.6
17683200,212457248.9
17686800,218755894.5
17690400,220676464.4
17694000,208259211.0
17697600,247098692.9
17701200,206402167.8
17704800,237769441.5
17708400,232007771.3
17712000,215330773.1
17715600,205785944.4
17719200,247777418.3
17722800,241207398.2
17726400,207609869.4
17730000,219644513.5
17733600,223138138.1
17737200,236890912.6
17740800,243782678.0
17744400,248692119.6
17748000,236193860.3
17751600,231145727.7
17755200,242104639.4
17758800,218902099.9
17762400,244934087.6
17766000,239438042.9
17769600,245439903.3
17773200,221070510.3
17776800,203529338.6
17780400,245376131.3
17784000,230636939.3
17787600,237516908.8
17791200,229020167.3
17794800,249726121.2
17798400,208293370.7
17802000,235441145.8
17805600,208335143.8
17809200,203966545.1
17812800,231703857.6
17816400,227574037.2
17820000,238613681.6
17823600,202744125.8
17827200,202332122.3
17830800,229125494.6
17834400,238087237.6
17838000,209263018.4
17841600,226798222.1
17845200,228684817.4
17848800,230246943.4
17852400,202039579.0
17856000,213506139.7
17859600,208947441.0
17863200,226386409.7
17866800,236753763.7
17870400,245881654.3
17874000,201529922.2
17877600,241210903.4
17881200,242369710.5
17884800,223481783.1
17888400,218515936.3
17892000,203781834.3
17895600,208497853.6
17899200,233598230.6
17902800,229506462.2
17906400,233389415.9
17910000,222512982.8
17913600,239597215.2
17917200,222789907.5
17920800,244723253.6
17924400,203627825.6
17928000,231771762.6
17931600,240431086.0
17935200,216054916.2
17938800,226803583.0
17942400,243303997.9
17946000,226710806.9
17949600,239680606.7
17953200,229311658.7
17956800,244075350.3
17960400,222158815.6
17964000,204658194.9
17967600,246474810.4
17971200,220928622.7
17974800,226335127.7
17978400,234547179.8
17982000,202732866.2
17985600,217020478.6
17989200,239639435.8
17992800,200327255.5
17996400,202710095.5
18000000,213703687.7
18003600,217873940.5
18007200,239052834.1
18010800,209442249.2
18014400,220323979.9
18018000,234697734.0
18021600,241474022.4
18025200,227308763.6
18028800,245616958.7
18032400,245881432.6
18036000,230927100.0
18039600,245523582.3
18043200,244693057.2
18046800,217264641.3
18050400,249819267.2
18054000,244513248.3
18057600,218190789.8
18061200,239144828.6
18064800,216416176.0
18068400,207835374.0
18072000,236974178.6
18075600,231586835.0
18079200,229995181.9
18082800,212028099.1
18086400,214117337.8
18090000,239936835.9
18093600,229347247.3
18097200,215087638.8
18100800,214805585.7
18104400,211260271.5
18108000,225272088.1
18111600,228251831.6
18115200,203444792.4
18118800,208195153.8
18122400,225525939.0
18126000,227076962.9
18129600,225501796.1
18133200,206095830.4
18136800,207787476.8
18140400,220457320.7
18144000,233845271.7
18147600,220124148.5
18151200,207704551.7
18154800,228058393.9
18158400,247466274.8
18162000,247964771.2
18165600,249497040.0
18169200,241800691.8
18172800,232704001.9
18176400,243458646.9
18180000,243188570.2
18183600,238096231.3
18187200,208263382.3
18190800,203973707.8
18194400,225444729.0
18198000,204652013.1
18201600,221892956.4
18205200,215598574.1
18208800,218957543.8
18212400,249779618.4
18216000,243474611.5
18219600,247395328.0
18223200,212715242.1
18226800,202424581.6
18230400,241591934.8
18234000,234436278.9
18237600,229801094.6
18241200,210736989.5
18244800,226758464.1
18248400,202787777.9
18252000,221552465.3
18255600,209536911.7
18259200,216388773.0
18262800,246882853.9
18266400,242368350.5
18270000,212849182.0
18273600,218860276.7
18277200,236675716.7
18280800,239111206.8
18284400,200581852.9
18288000,211085307.4
18291600,203353589.9
18295200,235282706.9
18298800,243796708.7
18302400,213874112.9
18306000,234640205.8
18309600,206950676.5
18313200,218738450.3
18316800,241793891.7
18320400,234787416.5
18324000,234744970.3
18327600,242668089.4
18331200,214729411.1
18334800,232548399.3
18338400,214931393.7
18342000,247233874.4
18345600,239039450.7
18349200,241250908.7
18352800,236809238.9
18356400,239683628.2
18360000,220257876.0
18363600,206530595.1
18367200,207977820.2
18370800,240832195.1
18374400,201527706.5
18378000,227199572.9
18381600,241174856.8
18385200,247419851.5
18388800,223013424.9
18392400,203475015.2
18396000,226119976.1
18399600,209792861.9
18403200,214935573.4
18406800,248785755.3
18410400,208265802.2
18414000,238867498.9
18417600,217068915.1
18421200,223705142.6
18424800,205011833.8
18428400,203009084.8
18432000,243086015.7
18435600,203543580.6
18439200,244139781.5
18442800,219691999.4
18446400,222002528.5
18450000,217536601.9
18453600,201617546.1
18457200,236278300.5
18460800,217674486.8
18464400,232053020.7
18468000,238579452.3
18471600,233854029.0
18475200,224293624.3
18478800,240606456.5
18482400,203799835.7
18486000,201416642.7
18489600,221675351.0
18493200,207173902.5
18496800,240401853.3
18500400,200087737.7
18504000,204811076.9
18507600,221083751.2
18511200,211755699.0
18514800,247815058.7
18518400,218574361.8
18522000,224566003.7
18525600,213375460.8
18529200,228814016.7
18532800,226002266.4
18536400,248943454.0
18540000,233037031.3
18543600,242312117.4
18547200,204357179.8
18550800,221143791.0
18554400,202070324.4
18558000,230106596.8
18561600,236572322.2
18565200,234131434.7
18568800,203051597.3
18572400,233825144.3
18576000,215353753.9
18579600,217414677.5
18583200,236324978.7
18586800,205354599.9
18590400,212624952.8
18594000,221946534.1
18597600,229358986.6
18601200,215350328.4
18604800,221773450.6
18608400,215516818.8
18612000,245798435.7
18615600,232920982.0
18619200,208845327.2
18622800,232255196.7
18626400,201764636.4
18630000,239130329.5
18633600,200090199.3
18637200,219225766.4
18640800,233623352.9
18644400,201974530.0
18648000,221737965.0
18651600,208719037.0
18655200,229160573.5
18658800,209551789.7
18662400,219181968.9
18666000,244108989.0
18669600,200092068.0
18673200,234010171.4
18676800,214125730.4
18680400,241070431.6
18684000,214705471.6
18687600,219505014.5
18691200,247554040.5
18694800,241762730.5
18698400,244510833.6
18702000,246629449.9
18705600,206468030.9
18709200,217414311.3
18712800,235680518.0
18716400,231257460.0
18720000,241680937.0
18723600,211025194.4
18727200,215966026.4
18730800,210969303.5
18734400,201401767.0
18738000,234010489.1
18741600,214307446.9
18745200,201539538.9
18748800,201506062.3
18752400,236001809.8
18756000,218810785.6
18759600,229401407.9
18763200,216497334.2
18766800,243246343.6
18770400,242747739.3
18774000,227404964.0
18777600,202170683.4
18781200,226679019.7
18784800,241263390.3
18788400,228313728.5
18792000,210961873.9
18795600,216166883.0
18799200,203252165.4
18802800,218691128.9
18806400,212926368.5
18810000,213030162.5
18813600,223624262.7
18817200,204741655.5
18820800,203157271.7
18824400,240824034.1
18828000,203422409.0
18831600,214881761.5
18835200,239378535.5
18838800,222818619.8
18842400,245508864.9
18846000,227533555.0
18849600,221460876.9
18853200,219952678.7
18856800,203164830.2
18860400,235809586.0
18864000,235996184.1
18867600,237058635.2
18871200,234468659.8
18874800,213020786.8
18878400,200493501.3
18882000,217505067.4
18885600,244808037.8
18889200,237161801.9
18892800,214699315.0
18896400,209217130.2
18900000,208147811.3
18903600,203789501.0
18907200,221848937.0
18910800,213580986.9
18914400,211855269.0
18918000,207327468.1
18921600,223541236.8
18925200,236429392.6
18928800,219569975.9
18932400,207800824.5
18936000,207079618.0
18939600,245225777.1
18943200,217620892.2
18946800,207973075.1
18950400,243593847.7
18954000,240185621.6
18957600,236707744.5
18961200,224608561.1
18964800,220092094.0
18968400,243130053.6
18972000,209041819.9
18975600,246278392.2
18979200,241101811.1
18982800,234328897.9
18986400,223458039.9
18990000,244396951.0
18993600,249117944.9
18997200,201616775.1
19000800,241238639.9
19004400,232965896.5
19008000,222413959.6
19011600,228685975.2
19015200,239895788.1
19018800,231637902.2
19022400,239485192.7
19026000,202977964.4
19029600,219470277.7
19033200,221011705.9
19036800,233203609.5
19040400,231723535.2
19044000,244265162.3
19047600,230575375.6
19051200,230767435.4
19054800,243858085.3
19058400,238343162.8
19062000,237504549.2
19065600,205781094.6
19069200,210204476.3
19072800,205813009.6
19076400,242072989.8
19080000,219078692.2
19083600,222702289.1
19087200,203694372.2
19090800,201258248.5
19094400,248055726.0
19098000,207919726.7
19101600,246682121.1
19105200,211838255.1
19108800,203777698.2
19112400,233627775.8
19116000,204216373.2
19119600,203108379.6
19123200,234758445.0
19126800,200102947.8
19130400,207842864.4
19134000,213727516.0
19137600,215761454.9
19141200,235701800.1
19144800,228589329.2
19148400,225759658.1
19152000,228866497.5
19155600,200247135.7
19159200,217611735.6
19162800,227236735.5
19166400,204603202.7
19170000,213616193.6
19173600,229536400.8
19177200,200231366.2
19180800,201537536.8
19184400,218835358.8
19188000,208275765.5
19191600,215311241.0
19195200,213498724.3
19198800,215360482.5
19202400,229201096.5
19206000,226925926.7
19209600,239533536.3
19213200,218635946.9
19216800,237600462.8
19220400,232628956.0
19224000,227596953.8
19227600,242545989.5
19231200,221262433.0
19234800,228720031.3
19238400,238412697.6
19242000,226975723.4
19245600,249213516.1
19249200,205279258.5
19252800,215050239.4
19256400,218992690.5
19260000,223635796.4
19263600,211128436.0
19267200,216037124.2
19270800,211342545.4
19274400,201087890.0
19278000,200773669.2
19281600,239192492.7
19285200,200932354.5
19288800,245136358.0
19292400,209830236.8
19296000,230451736.4
19299600,226143555.5
19303200,235336516.5
19306800,217659812.0
19310400,237944718.8
19314000,225278785.1
19317600,238288720.1
19321200,218126597.2
19324800,246250877.8
19328400,245054960.8
19332000,227585744.0
19335600,226051252.4
19339200,208951230.9
19342800,230446162.8
19346400,236398008.6
19350000,243797075.5
19353600,234682666.8
19357200,239038584.7
19360800,231818168.5
19364400,229090258.4
19368000,248736675.8
19371600,226481911.8
19375200,214418541.5
19378800,209810435.1
19382400,210768648.1
19386000,221883170.4
19389600,228347486.0
19393200,245779174.3
19396800,215804870.5
19400400,214051154.6
19404000,230944942.1
19407600,211022240.6
19411200,208600872.2
19414800,200820878.4
19418400,225816685.6
19422000,200120808.6
19425600,227800122.2
19429200,227786713.1
19432800,203686611.1
19436400,219845461.6
19440000,238610204.8
19443600,228626775.9
19447200,220153456.7
19450800,226166100.2
19454400,219624300.7
19458000,203351255.3
19461600,238925944.3
19465200,238215494.7
19468800,228426486.1
19472400,230723132.0
19476000,229443519.5
19479600,230831428.4
19483200,211988866.0
19486800,239554185.1
19490400,235282335.2
19494000,236893816.6
19497600,206920888.6
19501200,200274513.1
19504800,236925878.5
19508400,240539334.2
19512000,228236075.8
19515600,202784101.1
19519200,216154820.3
19522800,246680735.2
19526400,242637892.3
19530000,234338635.1
19533600,208361886.4
19537200,233983214.7
19540800,203978443.1
19544400,228050188.2
19548000,222952091.1
19551600,233253375.8
19555200,221705722.1
19558800,201535143.8
19562400,222120433.6
19566000,223353325.5
19569600,200519218.5
19573200,229677515.3
19576800,215081547.5
19580400,241296705.5
19584000,245795869.5
19587600,213367651.1
19591200,214800851.0
19594800,204623681.6
19598400,236291590.6
19602000,235873013.7
19605600,231043404.8
19609200,218805751.9
19612800,231533579.8
19616400,225864337.6
19620000,232510312.0
19623600,243562711.3
19627200,216550959.3
19630800,227877244.4
19634400,201430696.0
19638000,211043275.7
19641600,239279422.0
19645200,214545207.2
19648800,202859167.3
19652400,234945041.1
19656000,231916654.4
19659600,232385460.5
19663200,244130153.3
19666800,208203525.9
19670400,233333421.2
19674000,219160033.5
19677600,234661386.6
19681200,215208657.0
19684800,232481609.3
19688400,217976762.0
19692000,245643388.1
19695600,219438624.8
19699200,233901092.9
19702800,237633188.9
19706400,209969692.4
19710000,233915849.8
19713600,239550037.0
19717200,236310615.3
19720800,208759817.9
19724400,205160804.5
19728000,240877271.1
19731600,249004800.3
19735200,237584201.4
19738800,245487042.3
19742400,230425749.7
19746000,222960068.4
19749600,202295675.6
19753200,229983390.9
19756800,239071196.8
19760400,240902618.2
19764000,211154119.1
19767600,236645173.0
19771200,233877954.5
19774800,248604907.2
19778400,220580017.6
19782000,202561344.3
19785600,215763527.3
19789200,215737929.1
19792800,224636828.6
19796400,202781531.5
19800000,204749139.8
19803600,211953913.9
19807200,239121796.7
19810800,243441520.4
19814400,231199202.6
19818000,216626168.7
19821600,213562397.0
19825200,201598698.5
19828800,243466623.0
19832400,212382338.2
19836000,249271090.4
19839600,206379319.2
19843200,226647672.5
19846800,218929839.2
19850400,239188584.8
19854000,245704516.6
19857600,218056231.1
19861200,245552204.0
19864800,205956086.0
19868400,201741384.5
19872000,245225336.4
19875600,246537043.9
19879200,229499809.9
19882800,202822403.5
19886400,244107975.1
19890000,242475779.6
19893600,228436986.1
19897200,223029276.3
19900800,203380249.9
19904400,219160657.1
19908000,237020116.2
19911600,226116375.5
19915200,224837963.1
19918800,241509939.4
19922400,200838810.6
19926000,213202928.4
19929600,207095056.3
19933200,201648527.6
19936800,214465691.2
19940400,244693308.4
19944000,208155223.7
19947600,249448933.5
19951200,206565119.1
19954800,223364978.9
19958400,218507967.5
19962000,232878081.7
19965600,243678246.1
19969200,214743778.2
19972800,213641252.3
19976400,204044550.3
19980000,209317291.5
19983600,238000467.6
19987200,245480450.9
19990800,232231145.1
19994400,225872465.3
19998000,235079752.4
20001600,202253710.0
20005200,244512568.6
20008800,233630988.0
20012400,208243650.3
20016000,225128224.2
20019600,226590972.5
20023200,231200126.9
20026800,248228424.9
20030400,228458709.7
20034000,228883597.7
20037600,246874389.3
20041200,203078010.6
20044800,232949831.8
20048400,204969905.2
20052000,230433443.3
20055600,240217614.1
20059200,201615768.5
20062800,226096647.6
20066400,214882397.5
20070000,233032408.3
20073600,229885867.8
20077200,203077443.8
20080800,244558190.6
20084400,247666706.6
20088000,209043810.3
20091600,203677262.4
20095200,249401587.0
20098800,221395298.4
20102400,237949120.1
20106000,246158302.1
20109600,243605787.4
20113200,248168230.6
20116800,214838014.6
20120400,235501934.9
20124000,245054889.4
20127600,243710033.8
20131200,241430065.8
20134800,201760471.1
20138400,245306790.3
20142000,231396625.2
20145600,228629803.9
20149200,236909348.1
20152800,225411076.5
20156400,243241329.9
20160000,207011918.5
20163600,232856797.8
20167200,229649687.9
20170800,225668331.4
20174400,212230995.7
20178000,248675281.3
20181600,245810715.0
20185200,232600477.5
20188800,205525092.2
20192400,225731323.7
20196000,224052630.0
20199600,203408593.7
20203200,219442157.2
20206800,240260160.8
20210400,239332781.9
20214000,205998861.4
20217600,220598819.7
20221200,239903338.0
20224800,212636003.0
20228400,229373966.9
20232000,201836671.4
20235600,234081506.3
20239200,241340996.2
20242800,234995531.6
20246400,217588599.8
20250000,224457370.4
20253600,214206351.1
20257200,213298527.2
20260800,238246322.9
20264400,229218966.5
20268000,226927823.1
20271600,249533739.0
20275200,238457899.3
20278800,229304903.9
20282400,239542662.9
20286000,227446242.8
20289600,203820996.5
20293200,223715826.7
20296800,242486374.8
20300400,220153968.1
20304000,211839878.5
20307600,227074427.1
20311200,218445360.1
20314800,237926075.8
20318400,238451847.4
20322000,217315418.6
20325600,248372645.8
20329200,217790356.0
20332800,209659722.1
20336400,204552793.7
20340000,215661741.2
20343600,247917189.6
20347200,231923214.0
20350800,210407000.5
20354400,216656107.7
20358000,217150784.5
20361600,244742147.0
20365200,225208002.2
20368800,228111171.9
20372400,239467227.5
20376000,217546415.7
20379600,211009001.3
20383200,241141609.0
20386800,203802097.1
20390400,204109283.9
20394000,215485807.6
20397600,242774779.1
20401200,223714866.9
20404800,216211856.9
20408400,223002190.8
20412000,233708730.4
20415600,228703093.5
20419200,242141261.8
20422800,203791076.4
20426400,212992494.5
20430000,234377953.3
20433600,221624963.7
20437200,216186323.7
20440800,202303602.3
20444400,215517654.6
20448000,221331136.6
20451600,230778593.9
20455200,212150732.7
20458800,242235830.0
20462400,244139869.4
20466000,246412806.8
20469600,228131687.7
20473200,215149284.2
20476800,238507340.7
20480400,225361009.9
20484000,230629258.0
20487600,234328820.9
20491200,204195272.1
20494800,235705387.6
20498400,214918948.5
20502000,211659568.9
20505600,215872207.7
20509200,214100915.9
20512800,212528186.5
20516400,206177232.2
20520000,233407206.3
20523600,213919538.1
20527200,212378416.7
20530800,228438373.7
20534400,202567386.4
20538000,241158293.7
20541600,201847272.3
20545200,213358536.0
20548800,215109493.4
20552400,233115227.1
20556000,231287873.7
20559600,235617033.5
20563200,260941440.6
20566800,230323319.6
20570400,252728342.4
20574000,248800653.9
20577600,248185638.4
20581200,235733874.3
20584800,227283191.0
20588400,226510842.4
20592000,262133335.3
20595600,243730584.5
20599200,231584867.5
20602800,259052102.6
20606400,254121218.2
20610000,228060928.2
20613600,227059685.8
20617200,253437141.5
20620800,252936644.2
20624400,252190296.8
20628000,229339398.1
20631600,261104923.2
20635200,250687303.8
20638800,266611099.5
20642400,253070808.0
20646000,232460158.2
20649600,222334610.1
20653200,221857026.9
20656800,255913462.2
20660400,232170904.9
20664000,227283815.8
20667600,222197757.6
20671200,260441522.7
20674800,262036187.4
20678400,231475851.5
20682000,257391952.3
20685600,234097346.9
20689200,236912575.7
20692800,236460308.9
20696400,223331720.3
20700000,223857672.7
20703600,244741581.5
20707200,238804833.5
20710800,240829332.4
20714400,250984258.9
20718000,253176476.4
20721600,251775455.7
20725200,237010081.9
20728800,257237762.1
20732400,254775280.0
20736000,249328852.3
20739600,264137113.5
20743200,267860459.6
20746800,263003958.4
20750400,236018117.2
20754000,253179399.2
20757600,265281632.3
20761200,254270560.3
20764800,269956237.9
20768400,244969701.6
20772000,233644985.9
20775600,254670516.7
20779200,269750626.4
20782800,230518880.4
20786400,240786536.7
20790000,228100375.4
20793600,232486098.9
20797200,239685384.1
20800800,237008333.0
20804400,266426244.2
20808000,242636192.7
20811600,246328328.8
20815200,245057706.3
20818800,260516319.1
20822400,260241910.0
20826000,225891041.6
20829600,250917511.4
20833200,258636376.1
20836800,234241922.7
20840400,233456011.9
20844000,243305812.7
20847600,238562516.2
20851200,243962033.3
20854800,241910384.3
20858400,232761309.8
20862000,227056882.2
20865600,233308598.0
20869200,237424186.1
20872800,232626098.3
20876400,220885901.4
20880000,242537374.5
20883600,265229084.8
20887200,252853249.2
20890800,227171619.0
20894400,232924841.8
20898000,259563235.8
20901600,256368994.5
20905200,261155926.3
20908800,266815138.6
20912400,229558579.6
20916000,246347183.0
20919600,234030498.0
20923200,240419371.3
20926800,231992645.4
20930400,237877779.1
20934000,228216049.6
20937600,220126484.7
20941200,240332901.4
20944800,233980883.4
20948400,228863776.0
20952000,249282898.9
20955600,256075909.4
20959200,256063045.7
20962800,245429306.0
20966400,236296291.5
20970000,242741894.9
20973600,234844029.9
20977200,254151342.7
20980800,266236407.2
20984400,234587282.6
20988000,243799711.8
20991600,239577217.1
20995200,235944794.2
20998800,240009291.4
21002400,263879627.0
21006000,267658018.9
21009600,220219171.9
21013200,250071407.0
21016800,259278880.8
21020400,251925331.3
21024000,225850739.5
21027600,255525638.2
21031200,224887486.9
21034800,249238280.4
21038400,262378238.6
21042000,231536268.5
21045600,229799395.6
21049200,221891407.9
21052800,261377335.0
21056400,221413083.7
21060000,238361930.6
21063600,228740573.3
21067200,245203650.5
21070800,244799309.9
21074400,263244071.7
21078000,248556979.2
21081600,228550779.1
21085200,265417650.1
21088800,253181886.3
21092400,245134449.6
21096000,261104248.5
21099600,234384841.9
21103200,264048254.9
21106800,246571906.9
21110400,224629682.2
21114000,244177213.3
21117600,236089857.6
21121200,247154032.3
21124800,267835193.8
21128400,238376208.9
21132000,221323034.2
21135600,256975526.9
21139200,236244248.4
21142800,253264326.7
21146400,244892314.7
21150000,262884258.6
21153600,257431598.3
21157200,239895791.0
21160800,245705717.8
21164400,249187816.4
21168000,223666090.9
21171600,237610689.0
21175200,209052414.9
21178800,201066787.7
21182400,206463571.4
21186000,243002611.3
21189600,239835465.8
21193200,209379611.1
21196800,208560750.3
21200400,233778420.2
21204000,219994725.1
21207600,246776344.1
21211200,223811756.2
21214800,220111789.4
21218400,209501173.0
21222000,216853289.8
21225600,222049035.9
21229200,206899187.7
21232800,249016940.3
21236400,221982503.1
21240000,240192094.0
21243600,240883251.1
21247200,211576392.1
21250800,232062918.2
21254400,212890491.6
21258000,206205346.6
21261600,220352888.7
21265200,203384624.3
21268800,205488013.6
21272400,226477811.1
21276000,210575098.5
21279600,201298371.2
21283200,249705997.6
21286800,237232040.5
21290400,249111755.7
21294000,247569099.8
21297600,223580388.5
21301200,249376779.9
21304800,242646055.6
21308400,215453848.8
21312000,247586804.6
21315600,205682434.1
21319200,205863689.2
21322800,200034770.7
21326400,215157821.7
21330000,218459065.6
21333600,206017056.1
21337200,235595611.6
21340800,247875687.9
21344400,216114410.3
21348000,239449189.4
21351600,233574294.6
21355200,205480717.0
21358800,236198127.4
21362400,244130104.9
21366000,200024656.3
21369600,205097179.4
21373200,218519201.4
21376800,245734459.6
21380400,249949439.9
21384000,208524694.4
21387600,208630866.6
21391200,205153520.4
21394800,230307384.9
21398400,220594507.6
21402000,212789137.9
21405600,210084242.3
21409200,209384462.2
21412800,244188622.3
21416400,231570689.6
21420000,231121321.5
21423600,232913434.2
21427200,208854223.5
21430800,231292435.4
21434400,243822782.7
21438000,208910148.9
21441600,232278694.0
21445200,244206105.9
21448800,212525811.8
21452400,229311057.8
21456000,224343654.1
21459600,241954314.4
21463200,202583777.7
21466800,236973628.9
21470400,227725803.3
21474000,221473621.9
21477600,238986127.1
21481200,219833365.8
21484800,217861453.3
21488400,232973622.3
21492000,219708594.2
21495600,208923877.0
21499200,202714751.5
21502800,212356062.1
21506400,245090667.1
21510000,249122154.7
21513600,224205449.5
21517200,207237478.6
21520800,225583328.7
21524400,249676380.9
21528000,238128445.1
21531600,248301188.6
21535200,246494027.5
21538800,211824528.2
21542400,204876107.9
21546000,220488716.3
21549600,206558630.4
21553200,237728336.4
21556800,217405156.9
21560400,222489186.2
21564000,209966774.1
21567600,236825899.9
21571200,210168373.0
21574800,238408018.4
21578400,212064007.2
21582000,230686674.4
21585600,217288590.4
21589200,236131590.1
21592800,205861155.8
21596400,209039419.2
21600000,209693223.1
21603600,218027422.2
21607200,220219686.2
21610800,211289005.4
21614400,233452853.9
21618000,247860642.3
21621600,221583256.5
21625200,240190710.5
21628800,239909459.8
21632400,249762050.7
21636000,210590220.1
21639600,216450942.5
21643200,238117092.3
21646800,237837974.9
21650400,248063829.3
21654000,228494616.6
21657600,230425305.9
21661200,218254611.0
21664800,217177378.2
21668400,229999397.7
21672000,226281451.1
21675600,224248325.9
21679200,232782515.0
21682800,201912599.5
21686400,209496138.4
21690000,246437263.9
21693600,229148985.3
21697200,200770520.7
21700800,214683764.7
21704400,202263009.1
21708000,239736576.5
21711600,235568298.5
21715200,226818063.4
21718800,229339732.6
21722400,210547368.3
21726000,220695750.4
21729600,225791033.2
21733200,241916743.9
21736800,232995531.9
21740400,224058804.1
21744000,242638235.4
21747600,224076406.0
21751200,213614793.6
21754800,236559785.4
21758400,248473463.2
21762000,218781129.6
21765600,211930005.2
21769200,212135237.4
21772800,206747924.9
21776400,228906668.8
21780000,245218471.7
21783600,238558318.6
21787200,235207155.7
21790800,221120552.9
21794400,247892827.7
21798000,237779462.2
21801600,218300173.9
21805200,227530707.1
21808800,211071472.2
21812400,212797239.7
21816000,236762672.0
21819600,215777261.1
21823200,221120265.3
21826800,237422098.6
21830400,217654451.7
21834000,222322926.4
21837600,201696753.6
21841200,236400722.5
21844800,231068792.9
21848400,206289735.0
21852000,210772796.2
21855600,215418863.5
21859200,201547595.5
21862800,210072754.6
21866400,203371489.5
21870000,200007612.5
21873600,231821472.5
21877200,240137697.1
21880800,219716903.3
21884400,213136792.5
21888000,214191417.8
21891600,235682216.1
21895200,209707234.4
21898800,229004021.9
21902400,212373622.8
21906000,246795339.9
21909600,228227841.4
21913200,243980454.6
21916800,249633806.9
21920400,247312645.8
21924000,223918814.2
21927600,206249712.0
21931200,203207799.3
21934800,219333244.0
21938400,227912284.6
21942000,246121461.2
21945600,246715423.1
21949200,241240596.9
21952800,209179106.3
21956400,219655404.7
21960000,245639107.4
21963600,226708514.6
21967200,222573079.9
21970800,214279826.7
21974400,231138704.9
21978000,209088624.3
21981600,246357296.4
21985200,235698681.3
21988800,241618388.5
21992400,224824130.1
21996000,248160844.3
21999600,242165710.0
22003200,205694877.8
22006800,246808963.5
22010400,234418217.2
22014000,215355589.6
22017600,243032727.6
22021200,247422924.7
22024800,234092061.4
22028400,228159755.1
22032000,207498704.5
22035600,249310513.2
22039200,240751193.0
22042800,245610998.9
22046400,234198295.1
22050000,215151539.5
22053600,236589870.9
22057200,213810517.6
22060800,230761936.2
22064400,214742606.0
22068000,225913773.5
22071600,236946189.2
22075200,237201054.3
22078800,220172972.1
22082400,208046421.0
22086000,201120048.4
22089600,205293928.3
22093200,246599951.3
22096800,230777472.8
22100400,231664200.4
22104000,200334357.6
22107600,210743283.9
22111200,204050161.3
22114800,208073241.2
22118400,204590178.2
22122000,206706665.1
22125600,203589808.8
22129200,213442366.5
22132800,202003335.3
22136400,237204005.2
22140000,247241656.8
22143600,211068026.9
22147200,230028268.5
22150800,221804662.2
22154400,208678027.5
22158000,209744699.1
22161600,209456041.8
22165200,246494582.7
22168800,224527190.1
22172400,239816220.7
22176000,209239955.7
22179600,211389225.8
22183200,242490418.7
22186800,224714353.5
22190400,249286933.8
22194000,208611330.9
22197600,247505153.2
22201200,219116754.6
22204800,222381667.9
22208400,217994565.3
22212000,207223350.6
22215600,240831945.8
22219200,209085574.5
22222800,241648639.6
22226400,220314782.1
22230000,221072540.4
22233600,226662709.1
22237200,221515873.8
22240800,200121065.4
22244400,233232970.6
22248000,212839396.2
22251600,229596168.9
22255200,217892481.1
22258800,227402684.0
22262400,239034428.6
22266000,227944017.0
22269600,215084616.9
22273200,223030741.2
22276800,246045916.0
22280400,244309051.8
22284000,243973690.7
22287600,248517154.6
22291200,237615258.9
22294800,200777164.5
22298400,249617096.0
22302000,222788158.3
22305600,226024912.7
22309200,204444651.2
22312800,239255228.9
22316400,235884691.5
22320000,227270078.6
22323600,237206784.4
22327200,234366164.7
22330800,230564677.5
22334400,204117076.1
22338000,218850122.8
22341600,220248482.4
22345200,234368899.9
22348800,220250734.1
22352400,227723333.8
22356000,230913274.0
22359600,220873087.7
22363200,242243937.8
22366800,227575495.9
22370400,240657488.8
22374000,215769750.1
22377600,242373689.6
22381200,239349437.8
22384800,242696814.4
22388400,257443982.8
22392000,238539737.6
22395600,247248518.1
22399200,254196318.1
22402800,251558846.2
22406400,257034331.5
22410000,231661731.5
22413600,255802950.3
22417200,230232663.9
22420800,251536693.9
22424400,251327029.8
22428000,235266114.9
22431600,256089656.9
22435200,234696865.6
22438800,257358906.8
22442400,237014250.7
22446000,250581778.9
22449600,249196955.2
22453200,234727829.9
22456800,238690577.7
22460400,235955660.3
22464000,257954372.4
22467600,246222034.8
22471200,258576905.8
22474800,236523904.5
22478400,249350986.5
22482000,253586733.0
22485600,242007743.3
22489200,255103861.4
22492800,234891494.0
22496400,236099392.3
22500000,240319388.2
22503600,237473901.1
22507200,240371041.8
22510800,259591408.8
22514400,248718522.7
22518000,247887934.1
22521600,247318758.8
22525200,242091020.6
22528800,246363386.6
22532400,253322758.5
22536000,244112104.7
22539600,232651623.5
22543200,258017129.8
22546800,231307954.3
22550400,249460890.3
22554000,251990684.8
22557600,232796714.3
22561200,253566415.0
22564800,257744724.4
22568400,246927510.3
22572000,243627417.2
22575600,253806067.4
22579200,238513364.4
22582800,259763055.4
22586400,259579378.4
22590000,246085386.7
22593600,256831954.0
22597200,237066538.2
22600800,244355188.8
22604400,257227017.2
22608000,249912335.8
22611600,243072628.8
22615200,255619657.4
22618800,241881058.7
22622400,244058152.2
22626000,243499974.6
22629600,239719525.8
22633200,256124582.5
22636800,256498856.7
22640400,240290314.2
22644000,258617625.5
22647600,239291848.0
22651200,257945415.3
22654800,234856936.0
22658400,258588181.7
22662000,256355566.7
22665600,245215116.5
22669200,230547333.0
22672800,253344643.4
22676400,240783717.1
22680000,255456475.4
22683600,242991861.3
22687200,248173456.9
22690800,241327399.6
22694400,251642300.4
22698000,239485195.3
22701600,258480544.4
22705200,255492375.8
22708800,253267937.3
22712400,238985497.1
22716000,256180970.9
22719600,241252483.8
22723200,253952587.4
22726800,254503622.9
22730400,259970388.7
22734000,231352663.2
22737600,237104080.0
22741200,242927176.1
22744800,255417199.6
22748400,241593057.1
22752000,233684207.2
22755600,257457855.6
22759200,235469829.6
22762800,247723305.9
22766400,254370509.7
22770000,237834834.4
22773600,259574251.2
22777200,243237706.2
22780800,236757822.2
22784400,235541556.2
22788000,250947209.9
22791600,256255863.8
22795200,253068932.6
22798800,237843041.4
22802400,259571176.2
22806000,231325519.8
22809600,240324390.1
22813200,250195547.0
22816800,231702025.0
22820400,231637122.3
22824000,246945958.6
22827600,249528392.8
22831200,237110834.0
22834800,248807491.2
22838400,245901150.5
22842000,245428514.3
22845600,251048829.4
22849200,241210719.8
22852800,248420992.3
22856400,239218607.6
22860000,232786908.9
22863600,249887643.6
22867200,230857256.1
22870800,241536344.9
22874400,232161557.4
22878000,238757553.3
22881600,236394787.1
22885200,251659921.9
22888800,251150750.8
22892400,251453597.6
22896000,240836679.3
22899600,246394099.4
22903200,240734960.3
22906800,258228692.4
22910400,243343746.1
22914000,233324568.2
22917600,255953653.0
22921200,231066649.6
22924800,236697909.6
22928400,234138886.0
22932000,239077253.7
22935600,237625753.4
22939200,251935515.0
22942800,249130576.7
22946400,259257353.3
22950000,239932460.6
22953600,242620730.2
22957200,244412765.9
22960800,257295027.2
22964400,247163740.4
22968000,242745075.4
22971600,243632535.5
22975200,258536235.0
22978800,247488376.5
22982400,241743058.9
22986000,246742333.5
22989600,259596623.2
22993200,253508691.2
22996800,232646673.3
23000400,241354929.9
23004000,253085138.5
23007600,235982226.3
23011200,240592275.0
23014800,236530355.0
23018400,230099154.5
23022000,235748753.3
23025600,243507156.1
23029200,250454867.6
23032800,244041994.4
23036400,233851270.6
23040000,254110528.6
23043600,232279189.0
23047200,233692342.9
23050800,256131721.9
23054400,250563189.2
23058000,245357226.4
23061600,248494973.6
23065200,254976410.0
23068800,230317044.7
23072400,245660204.6
23076000,241515762.6
23079600,231762667.0
23083200,251429135.6
23086800,253343468.5
23090400,251499492.1
23094000,233595511.3
23097600,239708887.2
23101200,255985512.3
23104800,250255059.6
23108400,237179474.9
23112000,230854239.3
23115600,237915693.6
23119200,252456727.5
23122800,242924549.0
23126400,258505492.7
23130000,232534520.7
23133600,230492854.0
23137200,248438297.7
23140800,236405484.8
23144400,252609809.6
23148000,251361598.4
23151600,242195885.8
23155200,237287932.2
23158800,245879350.3
23162400,253771183.2
23166000,253146269.6
23169600,241188561.0
23173200,243080044.0
23176800,259600552.6
23180400,256885770.8
23184000,252063959.4
23187600,236621337.4
23191200,232074090.1
23194800,232657687.6
23198400,237872912.2
23202000,234543729.6
23205600,240924190.7
23209200,250431320.7
23212800,233063855.0
23216400,256612344.5
23220000,244017256.0
23223600,246046338.9
23227200,232433548.1
23230800,234156615.1
23234400,230962497.5
23238000,238202596.2
23241600,252818503.9
23245200,258161914.2
23248800,230459488.7
23252400,231928834.8
23256000,250018744.4
23259600,246883770.7
23263200,237095448.4
23266800,256780281.7
23270400,243848260.9
23274000,248155513.3
23277600,239435040.2
23281200,234046134.0
23284800,257843680.4
23288400,258737333.4
23292000,259678143.7
23295600,236680212.8
23299200,241038810.8
23302800,251395049.5
23306400,230877980.9
23310000,247892113.3
23313600,240429641.9
23317200,243349856.2
23320800,234383086.2
23324400,235301092.2
23328000,247486744.2
23331600,242573369.7
23335200,239078440.8
23338800,243649135.2
23342400,242116686.5
23346000,256768512.7
23349600,242617710.4
23353200,252228098.0
23356800,238024050.8
23360400,237327423.0
23364000,234960809.3
23367600,248214982.6
23371200,248452157.1
23374800,257825298.2
23378400,258746655.1
23382000,254054247.8
23385600,248379649.6
23389200,256652132.7
23392800,245566408.5
23396400,243899927.4
23400000,237386065.2
23403600,252739489.6
23407200,247845879.1
23410800,230146182.7
23414400,249595939.6
23418000,258659935.1
23421600,244962116.1
23425200,248138032.6
23428800,251405101.3
23432400,231889303.1
23436000,235473196.9
23439600,256340539.0
23443200,253569171.6
23446800,258161160.5
23450400,239006338.1
23454000,255716195.1
23457600,254531785.1
23461200,254912341.5
23464800,243063517.0
23468400,246217534.6
23472000,257407914.1
23475600,247931683.7
23479200,230206131.9
23482800,238170155.3
23486400,234124003.2
23490000,251260985.6
23493600,231245211.1
23497200,243102325.1
23500800,250410704.3
23504400,246552242.4
23508000,235338206.1
23511600,232566359.7
23515200,235603159.3
23518800,241062931.7
23522400,257932691.2
23526000,250899153.7
23529600,234990284.5
23533200,253205021.6
23536800,242396069.9
23540400,251258402.3
23544000,239964123.8
23547600,246531750.1
23551200,259894045.7
23554800,250015463.4
23558400,256668508.6
23562000,240747736.0
23565600,243020451.1
23569200,251991476.7
23572800,259835866.7
23576400,244299356.4
23580000,239946754.0
23583600,248160335.0
23587200,206747924.9
23590800,228906668.8
23594400,245218471.7
23598000,238558318.6
23601600,235207155.7
23605200,221120552.9
23608800,247892827.7
23612400,237779462.2
23616000,218300173.9
23619600,227530707.1
23623200,211071472.2
23626800,212797239.7
23630400,236762672.0
23634000,215777261.1
23637600,221120265.3
23641200,237422098.6
23644800,217654451.7
23648400,222322926.4
23652000,201696753.6
23655600,236400722.5
23659200,231068792.9
23662800,206289735.0
23666400,210772796.2
23670000,215418863.5
23673600,201547595.5
23677200,210072754.6
23680800,203371489.5
23684400,200007612.5
23688000,231821472.5
23691600,240137697.1
23695200,219716903.3
23698800,213136792.5
23702400,214191417.8
23706000,235682216.1
23709600,209707234.4
23713200,229004021.9
23716800,212373622.8
23720400,246795339.9
23724000,228227841.4
23727600,243980454.6
23731200,249633806.9
23734800,247312645.8
23738400,223918814.2
23742000,206249712.0
23745600,203207799.3
23749200,219333244.0
23752800,227912284.6
23756400,246121461.2
23760000,246715423.1
23763600,241240596.9
23767200,209179106.3
23770800,219655404.7
23774400,245639107.4
23778000,226708514.6
23781600,222573079.9
23785200,214279826.7
23788800,231138704.9
23792400,209088624.3
23796000,246357296.4
23799600,235698681.3
23803200,241618388.5
23806800,224824130.1
23810400,248160844.3
23814000,242165710.0
23817600,205694877.8
23821200,246808963.5
23824800,234418217.2
23828400,215355589.6
23832000,243032727.6
23835600,247422924.7
23839200,234092061.4
23842800,228159755.1
23846400,207498704.5
23850000,249310513.2
23853600,240751193.0
23857200,245610998.9
23860800,234198295.1
23864400,215151539.5
23868000,236589870.9
23871600,213810517.6
23875200,230761936.2
23878800,214742606.0
23882400,225913773.5
23886000,236946189.2
23889600,237201054.3
23893200,220172972.1
23896800,208046421.0
23900400,201120048.4
23904000,205293928.3
23907600,246599951.3
23911200,230777472.8
23914800,231664200.4
23918400,200334357.6
23922000,210743283.9
23925600,204050161.3
23929200,208073241.2
23932800,204590178.2
23936400,206706665.1
23940000,203589808.8
23943600,213442366.5
23947200,202003335.3
23950800,237204005.2
23954400,247241656.8
23958000,211068026.9
23961600,230028268.5
23965200,221804662.2
23968800,208678027.5
23972400,209744699.1
23976000,209456041.8
23979600,246494582.7
23983200,224527190.1
23986800,239816220.7
23990400,209239955.7
23994000,211389225.8
23997600,242490418.7
24001200,224714353.5
24004800,249286933.8
24008400,208611330.9
24012000,247505153.2
24015600,219116754.6
24019200,222381667.9
24022800,217994565.3
24026400,207223350.6
24030000,240831945.8
24033600,209085574.5
24037200,241648639.6
24040800,220314782.1
24044400,221072540.4
24048000,226662709.1
24051600,221515873.8
24055200,200121065.4
24058800,233232970.6
24062400,212839396.2
24066000,229596168.9
24069600,217892481.1
24073200,227402684.0
24076800,239034428.6
24080400,227944017.0
24084000,215084616.9
24087600,223030741.2
24091200,246045916.0
24094800,244309051.8
24098400,243973690.7
24102000,248517154.6
24105600,237615258.9
24109200,200777164.5
24112800,249617096.0
24116400,222788158.3
24120000,226024912.7
24123600,204444651.2
24127200,239255228.9
24130800,235884691.5
24134400,227270078.6
24138000,237206784.4
24141600,234366164.7
24145200,230564677.5
24148800,204117076.1
24152400,218850122.8
24156000,220248482.4
24159600,234368899.9
24163200,220250734.1
24166800,227723333.8
24170400,230913274.0
24174000,220873087.7
24177600,242243937.8
24181200,227575495.9
24184800,240657488.8
24188400,215769750.1
24192000,243074111.4
24195600,240891610.4
24199200,256430715.4
24202800,254037276.6
24206400,230178618.5
24210000,247686401.9
24213600,242203443.2
24217200,230928317.3
24220800,242971484.9
24224400,242396363.4
24228000,256563514.7
24231600,236802490.4
24235200,259240399.0
24238800,245295461.1
24242400,254645641.0
24246000,236109055.6
24249600,235757927.5
24253200,256694616.9
24256800,251975115.7
24260400,252567831.9
24264000,242117038.0
24267600,251653491.4
24271200,242505094.0
24274800,259597717.5
24278400,246171587.5
24282000,242711222.0
24285600,232129346.7
24289200,255371052.4
24292800,249724116.1
24296400,241019134.1
24300000,250991333.2
24303600,238207308.6
24307200,234348485.4
24310800,239142494.2
24314400,233357477.2
24318000,259496170.2
24321600,254324471.3
24325200,244032959.0
24328800,241412309.8
24332400,250773670.6
24336000,233143301.9
24339600,230851797.8
24343200,235973866.3
24346800,237905081.9
24350400,259621504.9
24354000,236199252.8
24357600,231605672.4
24361200,232584296.2
24364800,240742512.8
24368400,255037931.3
24372000,230870939.4
24375600,233984372.8
24379200,235590725.0
24382800,258515364.1
24386400,259906632.3
24390000,258516090.9
24393600,258782346.2
24397200,236802615.2
24400800,237814244.2
24404400,241510146.8
24408000,256268665.5
24411600,258773068.4
24415200,248920100.6
24418800,238358670.7
24422400,232790489.4
24426000,236068433.5
24429600,252307301.5
24433200,250450781.9
24436800,245882909.6
24440400,255123391.8
24444000,243988919.7
24447600,239671212.8
24451200,247617661.0
24454800,249186291.6
24458400,230524618.7
24462000,231102128.4
24465600,231654123.7
24469200,231919507.5
24472800,232141201.5
24476400,258943260.0
24480000,232494687.5
24483600,243657938.0
24487200,258685866.4
24490800,245259077.3
24494400,236309252.7
24498000,259953589.5
24501600,259097318.2
24505200,250194445.1
24508800,232295168.0
24512400,236350804.3
24516000,231372732.5
24519600,245171313.4
24523200,258504785.5
24526800,247326833.8
24530400,243183389.4
24534000,248060122.7
24537600,236436393.2
24541200,250177006.1
24544800,239715739.3
24548400,249024284.2
24552000,240667421.4
24555600,234577460.7
24559200,232534571.0
24562800,252163984.5
24566400,255122390.2
24570000,241024220.8
24573600,233811442.6
24577200,232199852.0
24580800,256766520.0
24584400,237044187.7
24588000,253016002.7
24591600,244611846.1
24595200,253892834.2
24598800,239258138.5
24602400,245257802.8
24606000,254213675.0
24609600,252509393.6
24613200,255852523.2
24616800,246598855.6
24620400,253869275.6
24624000,258495815.2
24627600,252375125.0
24631200,231859489.7
24634800,235710547.7
24638400,252393518.8
24642000,233276741.9
24645600,259302155.1
24649200,253199766.2
24652800,259828970.3
24656400,239518158.5
24660000,252019224.2
24663600,254465613.2
24667200,242462357.1
24670800,243399454.4
24674400,247285308.6
24678000,252880264.5
24681600,248568197.8
24685200,239443481.4
24688800,254047830.3
24692400,252896815.2
24696000,237372039.6
24699600,245224203.3
24703200,234410579.0
24706800,233890960.0
24710400,249819638.5
24714000,232196936.1
24717600,236046924.2
24721200,255522417.7
24724800,247873864.2
24728400,250319365.8
24732000,258948636.3
24735600,254163256.3
24739200,252531711.3
24742800,253953190.1
24746400,238216198.2
24750000,242386217.6
24753600,238202674.4
24757200,236445630.2
24760800,238538325.9
24764400,250536054.9
24768000,243042819.3
24771600,246792862.1
24775200,236021946.2
24778800,248297174.7
24782400,253660858.8
24786000,231842886.5
24789600,259669528.0
24793200,248646015.0
24796800,256948953.5
24800400,249055794.4
24804000,248029814.0
24807600,244052652.0
24811200,245417149.6
24814800,246343192.7
24818400,250707418.7
24822000,246890884.2
24825600,236116179.7
24829200,241255305.3
24832800,248925676.1
24836400,245454845.5
24840000,233864055.8
24843600,254894303.7
24847200,255183229.0
24850800,239704294.6
24854400,234751710.8
24858000,255715334.1
24861600,239523444.2
24865200,238089054.3
24868800,255818188.9
24872400,254036599.7
24876000,237874092.8
24879600,256965593.7
24883200,233776677.2
24886800,255695920.0
24890400,254741669.0
24894000,243616186.9
24897600,233842825.6
24901200,232465961.3
24904800,235225029.7
24908400,251823644.0
24912000,244609190.6
24915600,245207743.0
24919200,257598294.7
24922800,236464002.9
24926400,234075544.0
24930000,243256855.6
24933600,236662508.4
24937200,237082084.8
24940800,238261922.4
24944400,234143564.2
24948000,235291405.9
24951600,241169586.1
24955200,259601876.7
24958800,255765532.2
24962400,252019736.8
24966000,247693238.5
24969600,237165053.0
24973200,237272891.0
24976800,230567719.1
24980400,254487840.0
24984000,251387750.2
24987600,253245652.4
24991200,238872482.4
24994800,253949657.4
24998400,245258448.9
25002000,233537097.1
25005600,256285099.3
25009200,236163207.0
25012800,238758494.1
25016400,238725305.4
25020000,256263322.0
25023600,234829610.1
25027200,251684291.8
25030800,254166966.3
25034400,252254969.4
25038000,253762561.9
25041600,250934642.2
25045200,253352019.9
25048800,240955557.0
25052400,257290172.6
25056000,246594715.5
25059600,255692966.3
25063200,258725322.7
25066800,254152911.9
25070400,242538840.3
25074000,248087942.4
25077600,245691825.6
25081200,248248925.6
25084800,235268157.2
25088400,245541636.1
25092000,244904774.2
25095600,255386384.7
25099200,247184190.9
25102800,235281387.1
25106400,233890882.2
25110000,249717571.6
25113600,236393548.5
25117200,243362549.4
25120800,252355667.6
25124400,249965298.8
25128000,238981868.7
25131600,253176657.7
25135200,240661852.5
25138800,232703598.4
25142400,251815377.9
25146000,251495553.4
25149600,232431997.1
25153200,252095278.9
25156800,232512372.4
25160400,256750718.6
25164000,256642668.2
25167600,247080182.4
25171200,255411297.2
25174800,233798731.7
25178400,236141336.1
25182000,231484087.4
25185600,250771446.8
25189200,238798580.4
25192800,252435487.2
25196400,246042168.6
25200000,239837690.4
25203600,257630660.4
25207200,254853961.4
25210800,245689714.3
25214400,233680368.1
25218000,232770201.5
25221600,250188819.4
25225200,251312931.3
25228800,259426042.3
25232400,258870470.2
25236000,242062030.1
25239600,235607450.3
25243200,241680624.3
25246800,256553575.3
25250400,247856601.5
25254000,248845874.8
25257600,258819846.3
25261200,237192862.2
25264800,239540814.9
25268400,238586126.6
25272000,257540357.9
25275600,254256397.2
25279200,259323938.8
25282800,235192967.8
25286400,254155635.6
25290000,240931991.4
25293600,246856294.8
25297200,238652333.2
25300800,251560389.9
25304400,239855567.4
25308000,250309662.8
25311600,255006358.2
25315200,231275037.5
25318800,258925013.2
25322400,233965916.0
25326000,234105908.5
25329600,249572900.1
25333200,239903599.3
25336800,259329046.7
25340400,249900233.7
25344000,257469104.1
25347600,234325199.4
25351200,233121319.3
25354800,258190377.9
25358400,252035785.0
25362000,230697792.2
25365600,233242199.4
25369200,233220359.8
25372800,238454519.7
25376400,255883401.0
25380000,233292657.2
25383600,247222674.7
25387200,257658592.9
25390800,259351142.4
25394400,257132042.4
25398000,231520161.3
25401600,242968150.9
25405200,210868252.6
25408800,205767783.5
25412400,204293575.4
25416000,207731628.9
25419600,240109003.3
25423200,248223611.7
25426800,209839606.9
25430400,238902479.5
25434000,201324142.9
25437600,205693943.8
25441200,209331129.2
25444800,246270264.3
25448400,227485496.9
25452000,201558662.9
25455600,243827771.8
25459200,247510616.4
25462800,224140041.8
25466400,221645069.2
25470000,230990384.5
25473600,211512810.2
25477200,235027423.9
25480800,249049625.1
25484400,208175759.9
25488000,231539230.4
25491600,232089562.1
25495200,231826360.4
25498800,249360738.4
25502400,219345698.2
25506000,213086225.7
25509600,222890431.8
25513200,205718712.1
25516800,217905242.8
25520400,239267450.2
25524000,215255775.5
25527600,236533700.0
25531200,232253892.6
25534800,241968278.2
25538400,226030513.2
25542000,219070457.6
25545600,230962262.5
25549200,230238010.9
25552800,226777733.4
25556400,236505582.3
25560000,218815664.2
25563600,206087094.0
25567200,218346115.9
25570800,240538985.8
25574400,244885198.2
25578000,217335713.2
25581600,200795149.6
25585200,201439167.3
25588800,242482113.6
25592400,246977951.5
25596000,238135288.5
25599600,248290132.4
25603200,224635878.9
25606800,227747157.8
25610400,232611858.8
25614000,248656452.9
25617600,245186482.7
25621200,201252236.7
25624800,228716151.1
25628400,236468787.6
25632000,207583515.2
25635600,202474121.2
25639200,226746934.2
25642800,201993401.4
25646400,224998987.3
25650000,210516721.2
25653600,223799536.7
25657200,232702468.7
25660800,202448639.6
25664400,242915667.3
25668000,201975413.3
25671600,232027741.2
25675200,225321727.1
25678800,228855795.6
25682400,243952733.2
25686000,209217672.4
25689600,210072866.9
25693200,206598022.7
25696800,241110338.2
25700400,236767150.1
25704000,244674378.3
25707600,207984244.0
25711200,221114598.9
25714800,231445386.5
25718400,229839065.6
25722000,214786973.4
25725600,239101200.9
25729200,219088611.7
25732800,249238559.6
25736400,210256399.0
25740000,238987514.7
25743600,242250990.1
25747200,242929662.2
25750800,234360329.7
25754400,232985264.5
25758000,245410263.5
25761600,235551635.8
25765200,251758322.2
25768800,231158265.1
25772400,235257405.8
25776000,255459024.3
25779600,254897265.1
25783200,236118847.6
25786800,244625828.7
25790400,246063074.6
25794000,235865070.6
25797600,257425603.0
25801200,238483197.4
25804800,258531452.1
25808400,250495049.9
25812000,248537302.8
25815600,246461955.2
25819200,253338622.9
25822800,236995791.8
25826400,233497285.9
25830000,240602844.9
25833600,232988602.0
25837200,241425108.4
25840800,259339790.5
25844400,248423332.3
25848000,247277674.8
25851600,243491375.4
25855200,243373222.4
25858800,242223268.8
25862400,256957587.2
25866000,242490246.5
25869600,250404674.4
25873200,231078676.5
25876800,235342138.1
25880400,232817264.5
25884000,233755885.9
25887600,235655869.1
25891200,243963223.2
25894800,235153202.1
25898400,245631612.3
25902000,250258735.3
25905600,256066691.6
25909200,252708108.0
25912800,259526952.6
25916400,236595200.7
25920000,235189956.7
25923600,257681839.0
25927200,256968117.8
25930800,241315923.3
25934400,234115956.8
25938000,234267612.0
25941600,230203154.2
25945200,254237891.7
25948800,254744166.1
25952400,257448685.2
25956000,240468281.4
25959600,243699125.2
25963200,249368439.0
25966800,250205125.2
25970400,259277216.6
25974000,248400760.0
25977600,257832495.7
25981200,257845157.4
25984800,259931533.8
25988400,238048808.5
25992000,258384324.1
25995600,233363829.5
25999200,256098930.5
26002800,233285336.2
26006400,206747924.9
26010000,228906668.8
26013600,245218471.7
26017200,238558318.6
26020800,235207155.7
26024400,221120552.9
26028000,247892827.7
26031600,237779462.2
26035200,218300173.9
26038800,227530707.1
26042400,211071472.2
26046000,212797239.7
26049600,236762672.0
26053200,215777261.1
26056800,221120265.3
26060400,237422098.6
26064000,217654451.7
26067600,222322926.4
26071200,201696753.6
26074800,236400722.5
26078400,231068792.9
26082000,206289735.0
26085600,210772796.2
26089200,215418863.5
26092800,201547595.5
26096400,210072754.6
26100000,203371489.5
26103600,200007612.5
26107200,231821472.5
26110800,240137697.1
26114400,219716903.3
26118000,213136792.5
26121600,214191417.8
26125200,235682216.1
26128800,209707234.4
26132400,229004021.9
26136000,212373622.8
26139600,246795339.9
26143200,228227841.4
26146800,243980454.6
26150400,249633806.9
26154000,247312645.8
26157600,223918814.2
26161200,206249712.0
26164800,203207799.3
26168400,219333244.0
26172000,227912284.6
26175600,246121461.2
26179200,246715423.1
26182800,241240596.9
26186400,209179106.3
26190000,219655404.7
26193600,245639107.4
26197200,226708514.6
26200800,222573079.9
26204400,214279826.7
26208000,231138704.9
26211600,209088624.3
26215200,246357296.4
26218800,235698681.3
26222400,241618388.5
26226000,224824130.1
26229600,248160844.3
26233200,242165710.0
26236800,205694877.8
26240400,246808963.5
26244000,234418217.2
26247600,215355589.6
26251200,243032727.6
26254800,247422924.7
26258400,234092061.4
26262000,228159755.1
26265600,207498704.5
26269200,249310513.2
26272800,240751193.0
26276400,245610998.9
26280000,234198295.1
26283600,215151539.5
26287200,236589870.9
26290800,213810517.6
26294400,230761936.2
26298000,214742606.0
26301600,225913773.5
26305200,236946189.2
26308800,237201054.3
26312400,220172972.1
26316000,208046421.0
26319600,201120048.4
26323200,205293928.3
26326800,246599951.3
26330400,230777472.8
26334000,231664200.4
26337600,200334357.6
26341200,210743283.9
26344800,204050161.3
26348400,208073241.2
26352000,204590178.2
26355600,206706665.1
26359200,203589808.8
26362800,213442366.5
26366400,202003335.3
26370000,237204005.2
26373600,247241656.8
26377200,211068026.9
26380800,230028268.5
26384400,221804662.2
26388000,208678027.5
26391600,209744699.1
26395200,209456041.8
26398800,246494582.7
26402400,224527190.1
26406000,239816220.7
26409600,209239955.7
26413200,211389225.8
26416800,242490418.7
26420400,224714353.5
26424000,249286933.8
26427600,208611330.9
26431200,247505153.2
26434800,219116754.6
26438400,222381667.9
26442000,217994565.3
26445600,207223350.6
26449200,240831945.8
26452800,209085574.5
26456400,241648639.6
26460000,220314782.1
26463600,221072540.4
26467200,226662709.1
26470800,221515873.8
26474400,200121065.4
26478000,233232970.6
26481600,212839396.2
26485200,229596168.9
26488800,217892481.1
26492400,227402684.0
26496000,239034428.6
26499600,227944017.0
26503200,215084616.9
26506800,223030741.2
26510400,246045916.0
26514000,244309051.8
26517600,243973690.7
26521200,248517154.6
26524800,237615258.9
26528400,200777164.5
26532000,249617096.0
26535600,222788158.3
26539200,226024912.7
26542800,204444651.2
26546400,239255228.9
26550000,235884691.5
26553600,227270078.6
26557200,237206784.4
26560800,234366164.7
26564400,230564677.5
26568000,204117076.1
26571600,218850122.8
26575200,220248482.4
26578800,234368899.9
26582400,220250734.1
26586000,227723333.8
26589600,230913274.0
26593200,220873087.7
26596800,242243937.8
26600400,227575495.9
26604000,240657488.8
26607600,215769750.1
26611200,238882671.0
26614800,237861866.8
26618400,238257257.3
26622000,232211039.4
26625600,253765767.5
26629200,239012743.7
26632800,231510097.3
26636400,240082746.5
26640000,255870922.5
26643600,234555836.7
26647200,239286373.1
26650800,245926134.5
26654400,246179685.2
26658000,253834935.1
26661600,231823030.5
26665200,255280481.7
26668800,257931179.9
26672400,252777776.1
26676000,233550667.9
26679600,233778926.9
26683200,239000048.0
26686800,241300638.9
26690400,249686526.4
26694000,255400512.1
26697600,253355256.9
26701200,250964902.2
26704800,244361867.0
26708400,241765450.6
26712000,246475628.1
26715600,247850841.7
26719200,231788627.3
26722800,257576310.8
26726400,244477425.8
26730000,232207503.6
26733600,240284156.8
26737200,246221474.4
26740800,248152641.4
26744400,253303535.8
26748000,249844463.2
26751600,249671404.9
26755200,247334601.5
26758800,238623374.9
26762400,253319594.0
26766000,245649323.5
26769600,244118129.6
26773200,233708081.7
26776800,255255581.1
26780400,234660549.0
26784000,252999187.4
26787600,231440526.7
26791200,252907704.9
26794800,240515244.7
26798400,243796433.2
26802000,231456067.2
26805600,238799114.8
26809200,252360391.6
26812800,257780858.5
26816400,252579535.9
26820000,234356398.0
26823600,240409502.6
26827200,256812513.3
26830800,234253093.5
26834400,255535649.9
26838000,244326035.4
26841600,257780006.3
26845200,246242283.2
26848800,245843019.9
26852400,255262267.4
26856000,235389372.1
26859600,238285074.4
26863200,234689255.9
26866800,253523262.1
26870400,248407587.3
26874000,248931594.0
26877600,251939088.4
26881200,233550735.0
26884800,259219291.3
26888400,233734018.5
26892000,257051389.3
26895600,232376207.8
26899200,256223282.1
26902800,248145805.7
26906400,255426507.9
26910000,251455342.1
26913600,258796534.3
26917200,235808682.2
26920800,232254320.2
26924400,232523969.8
26928000,258831784.2
26931600,258957240.1
26935200,257968458.3
26938800,250607205.2
26942400,234148797.4
26946000,249432492.3
26949600,242224775.2
26953200,251105084.4
26956800,236741266.6
26960400,259867994.8
26964000,233041555.4
26967600,254543369.9
26971200,250575233.5
26974800,241855096.6
26978400,256742053.0
26982000,241467886.0
26985600,243379588.9
26989200,256171552.3
26992800,256550881.2
26996400,236233637.5
27000000,253875278.7
27003600,250742899.0
27007200,248605288.1
27010800,242141520.9
27014400,234381831.4
27018000,231394931.0
27021600,237370487.5
27025200,235189372.6
27028800,237804158.0
27032400,258700204.5
27036000,248267736.0
27039600,248256763.9
27043200,237517381.6
27046800,253550039.1
27050400,230338550.6
27054000,233704204.7
27057600,249307908.1
27061200,257044753.0
27064800,241558008.5
27068400,253019476.7
27072000,256643887.7
27075600,232278965.7
27079200,240578452.4
27082800,258919881.6
27086400,246822046.8
27090000,255486658.9
27093600,255553431.9
27097200,251716277.0
27100800,258378024.6
27104400,250900587.2
27108000,232016335.6
27111600,238701719.1
27115200,235915558.1
27118800,234721420.2
27122400,238883384.1
27126000,237724334.0
27129600,236490447.1
27133200,245780778.3
27136800,239626696.7
27140400,238540442.9
27144000,232294701.0
27147600,256552701.7
27151200,234127880.3
27154800,249987554.7
27158400,230038104.9
27162000,256700707.9
27165600,244949828.6
27169200,258121299.5
27172800,230508714.3
27176400,250918151.9
27180000,253349585.6
27183600,249574653.7
27187200,246547516.7
27190800,245521938.2
27194400,242148882.9
27198000,246218455.5
27201600,238209551.6
27205200,234656853.5
27208800,256473875.1
27212400,235639114.5
27216000,244761435.6
27219600,255181097.9
27223200,247357080.6
27226800,238268909.9
27230400,240870284.8
27234000,246030247.7
27237600,258146207.8
27241200,238499371.5
27244800,249194229.8
27248400,231132270.0
27252000,252715935.0
27255600,235622083.6
27259200,245288872.9
27262800,247761085.5
27266400,237171932.5
27270000,244574478.0
27273600,257618596.3
27277200,240875994.6
27280800,231906185.8
27284400,248195415.9
27288000,235223080.5
27291600,248937897.8
27295200,240704536.5
27298800,250732155.6
27302400,231650956.1
27306000,239806337.6
27309600,248384486.8
27313200,259484704.1
27316800,243639841.3
27320400,237599836.1
27324000,231116670.5
27327600,246943099.8
27331200,231371281.2
27334800,258133610.5
27338400,243617602.9
27342000,256089781.8
27345600,257811190.7
27349200,250445656.3
27352800,240717299.6
27356400,254049338.0
27360000,247287746.5
27363600,250407913.9
27367200,247472816.0
27370800,257271854.2
27374400,256950996.8
27378000,243690048.8
27381600,235465048.2
27385200,239835366.5
27388800,230713681.0
27392400,230215115.9
27396000,254105954.8
27399600,237276466.2
27403200,253777057.6
27406800,253969992.5
27410400,236150884.7
27414000,244751243.2
27417600,255501404.3
27421200,248770342.1
27424800,236443465.0
27428400,259183205.1
27432000,246106556.5
27435600,255039218.4
27439200,254466610.8
27442800,246644846.3
27446400,242855842.9
27450000,238769167.0
27453600,254079598.2
27457200,259662936.1
27460800,245251586.7
27464400,235723980.3
27468000,246234825.7
27471600,237460847.4
27475200,241746372.4
27478800,236197898.6
27482400,253573201.7
27486000,244195177.0
27489600,244189577.8
27493200,251545761.9
27496800,233840147.5
27500400,258524077.5
27504000,252045197.9
27507600,248559141.8
27511200,246848899.4
27514800,236832878.9
27518400,256552051.0
27522000,245420957.2
27525600,242559232.0
27529200,253259135.0
27532800,250916413.2
27536400,259708261.2
27540000,247787315.2
27543600,234690025.7
27547200,233923708.7
27550800,235110709.4
27554400,231980588.8
27558000,241258355.0
27561600,251790766.2
27565200,241673109.1
27568800,231080480.3
27572400,230169626.8
27576000,249684838.4
27579600,252579752.6
27583200,232028420.9
27586800,240178135.2
27590400,244921757.2
27594000,239354716.3
27597600,250160558.9
27601200,254251744.9
27604800,250307152.0
27608400,257921696.2
27612000,249167529.1
27615600,247187363.4
27619200,259720321.6
27622800,231636550.2
27626400,232551823.7
27630000,258837519.1
27633600,242162947.8
27637200,250558397.1
27640800,242181221.8
27644400,259849748.1
27648000,255136765.3
27651600,237379768.7
27655200,242494300.8
27658800,241099310.3
27662400,253754033.8
27666000,230963260.1
27669600,253894286.8
27673200,231021680.6
27676800,230553959.3
27680400,243423524.7
27684000,255125478.2
27687600,253879948.9
27691200,258106069.1
27694800,236039367.7
27698400,255880417.6
27702000,237674136.0
27705600,231790442.5
27709200,259060398.6
27712800,231965165.9
27716400,236886231.2
27720000,230992352.0
27723600,233834661.0
27727200,250401043.6
27730800,230848889.5
27734400,255557111.9
27738000,238466655.9
27741600,242659698.5
27745200,249599385.1
27748800,257647853.9
27752400,238770512.7
27756000,259004028.7
27759600,253382435.4
27763200,232589440.9
27766800,235366752.0
27770400,235709111.7
27774000,232975387.2
27777600,257297011.2
27781200,231452741.8
27784800,257300710.5
27788400,233661274.8
27792000,240609899.4
27795600,236953143.4
27799200,246821735.1
27802800,247199269.7
27806400,239083064.3
27810000,253203456.3
27813600,230415939.5
27817200,238014841.9
27820800,223666090.9
27824400,237610689.0
27828000,209052414.9
27831600,201066787.7
27835200,206463571.4
27838800,243002611.3
27842400,239835465.8
27846000,209379611.1
27849600,208560750.3
27853200,233778420.2
27856800,219994725.1
27860400,246776344.1
27864000,223811756.2
27867600,220111789.4
27871200,209501173.0
27874800,216853289.8
27878400,222049035.9
27882000,206899187.7
27885600,249016940.3
27889200,221982503.1
27892800,240192094.0
27896400,240883251.1
27900000,211576392.1
27903600,232062918.2
27907200,212890491.6
27910800,206205346.6
27914400,220352888.7
27918000,203384624.3
27921600,205488013.6
27925200,226477811.1
27928800,210575098.5
27932400,201298371.2
27936000,249705997.6
27939600,237232040.5
27943200,249111755.7
27946800,247569099.8
27950400,223580388.5
27954000,249376779.9
27957600,242646055.6
27961200,215453848.8
27964800,247586804.6
27968400,205682434.1
27972000,205863689.2
27975600,200034770.7
27979200,215157821.7
27982800,218459065.6
27986400,206017056.1
27990000,235595611.6
27993600,247875687.9
27997200,216114410.3
28000800,239449189.4
28004400,233574294.6
28008000,205480717.0
28011600,236198127.4
28015200,244130104.9
28018800,200024656.3
28022400,205097179.4
28026000,218519201.4
28029600,245734459.6
28033200,249949439.9
28036800,208524694.4
28040400,208630866.6
28044000,205153520.4
28047600,230307384.9
28051200,220594507.6
28054800,212789137.9
28058400,210084242.3
28062000,209384462.2
28065600,244188622.3
28069200,231570689.6
28072800,231121321.5
28076400,232913434.2
28080000,208854223.5
28083600,231292435.4
28087200,243822782.7
28090800,208910148.9
28094400,232278694.0
28098000,244206105.9
28101600,212525811.8
28105200,229311057.8
28108800,224343654.1
28112400,241954314.4
28116000,202583777.7
28119600,236973628.9
28123200,227725803.3
28126800,221473621.9
28130400,238986127.1
28134000,219833365.8
28137600,217861453.3
28141200,232973622.3
28144800,219708594.2
28148400,208923877.0
28152000,202714751.5
28155600,212356062.1
28159200,245090667.1
28162800,249122154.7
28166400,224205449.5
28170000,207237478.6
28173600,225583328.7
28177200,249676380.9
28180800,238128445.1
28184400,248301188.6
28188000,246494027.5
28191600,211824528.2
28195200,204876107.9
28198800,220488716.3
28202400,206558630.4
28206000,237728336.4
28209600,217405156.9
28213200,222489186.2
28216800,209966774.1
28220400,236825899.9
28224000,210168373.0
28227600,238408018.4
28231200,212064007.2
28234800,230686674.4
28238400,217288590.4
28242000,236131590.1
28245600,205861155.8
28249200,209039419.2
28252800,209693223.1
28256400,218027422.2
28260000,220219686.2
28263600,211289005.4
28267200,233452853.9
28270800,247860642.3
28274400,221583256.5
28278000,240190710.5
28281600,239909459.8
28285200,249762050.7
28288800,210590220.1
28292400,216450942.5
28296000,238117092.3
28299600,237837974.9
28303200,248063829.3
28306800,228494616.6
28310400,230425305.9
28314000,218254611.0
28317600,217177378.2
28321200,229999397.7
28324800,226281451.1
28328400,224248325.9
28332000,232782515.0
28335600,201912599.5
28339200,209496138.4
28342800,246437263.9
28346400,229148985.3
28350000,200770520.7
28353600,214683764.7
28357200,202263009.1
28360800,239736576.5
28364400,235568298.5
28368000,226818063.4
28371600,229339732.6
28375200,210547368.3
28378800,220695750.4
28382400,225791033.2
28386000,241916743.9
28389600,232995531.9
28393200,224058804.1
28396800,242638235.4
28400400,224076406.0
28404000,213614793.6
28407600,236559785.4
28411200,248473463.2
28414800,218781129.6
28418400,211930005.2
28422000,212135237.4
28425600,256948953.5
28429200,249055794.4
28432800,248029814.0
28436400,244052652.0
28440000,245417149.6
28443600,246343192.7
28447200,250707418.7
28450800,246890884.2
28454400,236116179.7
28458000,241255305.3
28461600,248925676.1
28465200,245454845.5
28468800,233864055.8
28472400,254894303.7
28476000,255183229.0
28479600,239704294.6
28483200,234751710.8
28486800,255715334.1
28490400,239523444.2
28494000,238089054.3
28497600,255818188.9
28501200,254036599.7
28504800,237874092.8
28508400,256965593.7
28512000,233776677.2
28515600,255695920.0
28519200,254741669.0
28522800,243616186.9
28526400,233842825.6
28530000,232465961.3
28533600,235225029.7
28537200,251823644.0
28540800,244609190.6
28544400,245207743.0
28548000,257598294.7
28551600,236464002.9
28555200,234075544.0
28558800,243256855.6
28562400,236662508.4
28566000,237082084.8
28569600,238261922.4
28573200,234143564.2
28576800,235291405.9
28580400,241169586.1
28584000,259601876.7
28587600,255765532.2
28591200,252019736.8
28594800,247693238.5
28598400,237165053.0
28602000,237272891.0
28605600,230567719.1
28609200,254487840.0
28612800,251387750.2
28616400,253245652.4
28620000,238872482.4
28623600,253949657.4
28627200,245258448.9
28630800,233537097.1
28634400,256285099.3
28638000,236163207.0
28641600,238758494.1
28645200,238725305.4
28648800,256263322.0
28652400,234829610.1
28656000,251684291.8
28659600,254166966.3
28663200,252254969.4
28666800,253762561.9
28670400,250934642.2
28674000,253352019.9
28677600,240955557.0
28681200,257290172.6
28684800,246594715.5
28688400,255692966.3
28692000,258725322.7
28695600,254152911.9
28699200,242538840.3
28702800,248087942.4
28706400,245691825.6
28710000,248248925.6
28713600,235268157.2
28717200,245541636.1
28720800,244904774.2
28724400,255386384.7
28728000,247184190.9
28731600,235281387.1
28735200,233890882.2
28738800,249717571.6
28742400,236393548.5
28746000,243362549.4
28749600,252355667.6
28753200,249965298.8
28756800,238981868.7
28760400,253176657.7
28764000,240661852.5
28767600,232703598.4
28771200,251815377.9
28774800,251495553.4
28778400,232431997.1
28782000,252095278.9
28785600,232512372.4
28789200,256750718.6
28792800,256642668.2
28796400,247080182.4
28800000,255411297.2
28803600,233798731.7
28807200,236141336.1
28810800,231484087.4
28814400,250771446.8
28818000,238798580.4
28821600,252435487.2
28825200,246042168.6
28828800,239837690.4
28832400,257630660.4
28836000,254853961.4
28839600,245689714.3
28843200,233680368.1
28846800,232770201.5
28850400,250188819.4
28854000,251312931.3
28857600,259426042.3
28861200,258870470.2
28864800,242062030.1
28868400,235607450.3
28872000,241680624.3
28875600,256553575.3
28879200,247856601.5
28882800,248845874.8
28886400,258819846.3
28890000,237192862.2
28893600,239540814.9
28897200,238586126.6
28900800,257540357.9
28904400,254256397.2
28908000,259323938.8
28911600,235192967.8
28915200,254155635.6
28918800,240931991.4
28922400,246856294.8
28926000,238652333.2
28929600,251560389.9
28933200,239855567.4
28936800,250309662.8
28940400,255006358.2
28944000,231275037.5
28947600,258925013.2
28951200,233965916.0
28954800,234105908.5
28958400,249572900.1
28962000,239903599.3
28965600,259329046.7
28969200,249900233.7
28972800,257469104.1
28976400,234325199.4
28980000,233121319.3
28983600,258190377.9
28987200,252035785.0
28990800,230697792.2
28994400,233242199.4
28998000,233220359.8
29001600,238454519.7
29005200,255883401.0
29008800,233292657.2
29012400,247222674.7
29016000,257658592.9
29019600,259351142.4
29023200,257132042.4
29026800,231520161.3
29030400,246553649.3
29034000,221097403.3
29037600,202824936.9
29041200,233710021.9
29044800,213990436.6
29048400,239004352.2
29052000,248142060.8
29055600,234412241.8
29059200,224921128.0
29062800,204951623.0
29066400,214387562.4
29070000,226905614.1
29073600,200566502.6
29077200,214142174.2
29080800,229478564.5
29084400,208602405.6
29088000,208504908.3
29091600,233817139.7
29095200,228479721.5
29098800,227583525.1
29102400,248372049.2
29106000,231421095.1
29109600,216227485.9
29113200,226050784.5
29116800,243246833.8
29120400,249705411.7
29124000,241924411.5
29127600,217369857.4
29131200,237470494.0
29134800,246970641.6
29138400,233404091.9
29142000,224060135.9
29145600,214308153.9
29149200,229757790.3
29152800,216820357.2
29156400,247977528.4
29160000,222103751.1
29163600,248099810.4
29167200,233819181.0
29170800,235303891.8
29174400,247884637.7
29178000,246993846.9
29181600,241687876.7
29185200,207762066.0
29188800,241521608.7
29192400,223207016.1
29196000,214934421.4
29199600,226165266.0
29203200,241581521.8
29206800,226956617.6
29210400,212991593.0
29214000,217701921.3
29217600,209336906.8
29221200,217532836.7
29224800,209485926.8
29228400,241784546.9
29232000,219207547.8
29235600,200474986.1
29239200,215451234.8
29242800,241837361.7
29246400,214066841.1
29250000,239067165.6
29253600,226575712.5
29257200,207695725.8
29260800,226262684.2
29264400,214161989.4
29268000,235743305.7
29271600,236719464.2
29275200,222481792.2
29278800,209103871.7
29282400,206777021.3
29286000,213638580.7
29289600,231782175.4
29293200,240309395.9
29296800,233393866.1
29300400,214329457.4
29304000,207122078.1
29307600,212293761.8
29311200,234594850.7
29314800,203587342.2
29318400,224933043.8
29322000,249299888.9
29325600,245245032.3
29329200,228760384.9
29332800,238325863.7
29336400,237338372.4
29340000,234766570.3
29343600,233865862.5
29347200,214119991.4
29350800,229093399.0
29354400,230943614.5
29358000,240711995.8
29361600,200799353.0
29365200,210717630.2
29368800,249393367.9
29372400,240866862.7
29376000,231604085.5
29379600,234107372.3
29383200,240410841.1
29386800,213983106.9
29390400,233248463.4
29394000,201466205.6
29397600,227219007.7
29401200,226448512.3
29404800,243658213.9
29408400,209380415.2
29412000,246573028.7
29415600,248817613.8
29419200,216560221.4
29422800,231185461.7
29426400,226353035.9
29430000,222954076.1
29433600,217928281.3
29437200,216713477.6
29440800,204159762.5
29444400,219520093.4
29448000,211967197.3
29451600,224313599.5
29455200,235004680.2
29458800,206863516.6
29462400,241323366.9
29466000,246502661.0
29469600,241436525.3
29473200,224247638.1
29476800,232988463.2
29480400,222820054.1
29484000,220923102.7
29487600,201714813.1
29491200,246342377.3
29494800,202169002.8
29498400,223803005.0
29502000,219287386.7
29505600,226702916.7
29509200,249908413.6
29512800,245123709.4
29516400,200737774.9
29520000,239025746.4
29523600,224264472.5
29527200,219510988.2
29530800,241154505.2
29534400,243720877.2
29538000,249917801.3
29541600,209783029.5
29545200,243498445.9
29548800,215374580.9
29552400,220561822.7
29556000,240817009.9
29559600,218412737.4
29563200,221310771.3
29566800,204560840.5
29570400,233374909.1
29574000,236565408.1
29577600,215040920.5
29581200,216899860.5
29584800,236716118.0
29588400,249272831.0
29592000,234938550.7
29595600,204496590.6
29599200,223536876.3
29602800,231768144.4
29606400,226263467.8
29610000,207066971.8
29613600,213775774.1
29617200,249355136.7
29620800,239749915.4
29624400,246666745.5
29628000,217418627.9
29631600,210456674.1
29635200,214197861.9
29638800,203661340.2
29642400,236498877.6
29646000,217318755.1
29649600,232610263.5
29653200,224087872.6
29656800,219129681.9
29660400,216344292.0
29664000,205151995.9
29667600,218520619.0
29671200,218872077.0
29674800,224089916.0
29678400,239780978.1
29682000,234569684.8
29685600,242489504.9
29689200,225614126.3
29692800,242751670.4
29696400,223272077.3
29700000,213242429.9
29703600,231474210.7
29707200,228136705.9
29710800,227057823.4
29714400,219665572.0
29718000,221023118.6
29721600,206856098.9
29725200,214608893.9
29728800,200366160.7
29732400,246635061.2
29736000,230462927.1
29739600,244592284.7
29743200,221041242.0
29746800,220009067.2
29750400,227696705.9
29754000,229812971.9
29757600,225313941.1
29761200,229360481.4
29764800,206641084.3
29768400,238079899.1
29772000,232557174.8
29775600,217554493.4
29779200,215629818.9
29782800,213712526.3
29786400,207476536.9
29790000,216717283.8
29793600,241651702.5
29797200,211678788.1
29800800,203462048.2
29804400,224736358.5
29808000,206107567.1
29811600,220131063.3
29815200,204560710.6
29818800,236027404.0
29822400,217117145.4
29826000,228315244.3
29829600,232725618.6
29833200,232625057.7
29836800,235042835.5
29840400,215055224.3
29844000,204273190.7
29847600,231671785.3
29851200,213321730.8
29854800,244712589.0
29858400,215013448.5
29862000,235752846.3
29865600,216517615.7
29869200,218243663.0
29872800,229617405.6
29876400,245259273.4
29880000,213226441.9
29883600,247491294.0
29887200,236936449.0
29890800,200223057.4
29894400,242536838.0
29898000,234778609.4
29901600,228121606.1
29905200,216885805.7
29908800,216639967.4
29912400,203866139.4
29916000,222915046.6
29919600,232859503.3
29923200,228597692.3
29926800,220105432.2
29930400,246735058.5
29934000,218026711.6
29937600,247385700.4
29941200,201506178.9
29944800,222054833.4
29948400,235035457.5
29952000,235149640.8
29955600,225508327.7
29959200,230612194.3
29962800,237318447.2
29966400,240071780.5
29970000,216836248.9
29973600,228204650.3
29977200,242763303.5
29980800,229457930.2
29984400,225412059.8
29988000,242671525.0
29991600,234189917.1
29995200,205316912.8
29998800,225097841.5
30002400,200958333.3
30006000,222130469.2
30009600,245358771.6
30013200,202233481.2
30016800,247259540.2
30020400,209019018.0
30024000,218495407.3
30027600,210261954.1
30031200,204779292.2
30034800,221637046.7
30038400,213878047.1
30042000,205042910.5
30045600,224946022.7
30049200,211951703.7
30052800,217480066.6
30056400,227913114.5
30060000,227403345.6
30063600,221063696.5
30067200,219274983.3
30070800,219033189.0
30074400,214036418.1
30078000,208995619.2
30081600,206364201.2
30085200,200784511.2
30088800,237654398.5
30092400,225247759.4
30096000,236105512.0
30099600,238055040.3
30103200,213447444.0
30106800,209681099.1
30110400,203207439.5
30114000,221268715.9
30117600,235107349.5
30121200,248866032.3
30124800,227579136.6
30128400,202190338.8
30132000,229107438.5
30135600,213918786.7
30139200,227109712.5
30142800,222166044.7
30146400,205860271.5
30150000,218997061.0
30153600,238241644.3
30157200,245918414.6
30160800,234634952.8
30164400,248531212.2
30168000,206308248.3
30171600,232320694.3
30175200,219342497.8
30178800,228117229.5
30182400,209917529.2
30186000,219696315.8
30189600,217012113.0
30193200,217823888.5
30196800,218651994.5
30200400,205768211.6
30204000,225060487.9
30207600,240845641.0
30211200,217175349.7
30214800,224926809.8
30218400,205901199.1
30222000,228775833.7
30225600,225773212.3
30229200,217763834.0
30232800,243167446.6
30236400,217200749.1
30240000,218430975.0
30243600,226877111.2
30247200,246320357.9
30250800,237456036.5
30254400,207386774.3
30258000,200144387.3
30261600,206350694.7
30265200,245846067.6
30268800,233606085.4
30272400,205689490.4
30276000,248011374.6
30279600,205969156.0
30283200,224620784.8
30286800,218065670.1
30290400,223500024.5
30294000,202938988.4
30297600,216500585.1
30301200,213226023.9
30304800,212295883.3
30308400,247383818.0
30312000,201622099.7
30315600,245307531.7
30319200,218424885.2
30322800,233127018.7
30326400,247681231.5
30330000,204706422.9
30333600,234265781.1
30337200,220622024.1
30340800,205589436.1
30344400,224591753.2
30348000,223077619.2
30351600,243852907.1
30355200,233011958.9
30358800,213898241.9
30362400,232858410.8
30366000,232270747.5
30369600,244861187.2
30373200,244116828.1
30376800,216758621.3
30380400,221350096.4
30384000,240188249.4
30387600,246154710.2
30391200,243336192.0
30394800,224982513.6
30398400,229224152.2
30402000,246237850.1
30405600,208305844.9
30409200,218718006.9
30412800,212970401.6
30416400,241524045.8
30420000,203508834.3
30423600,214051513.9
30427200,227752241.9
30430800,230948344.0
30434400,220489354.4
30438000,212921422.3
30441600,220837308.0
30445200,219102776.9
30448800,204816706.6
30452400,206564211.0
30456000,230494913.5
30459600,232809686.6
30463200,242049765.6
30466800,224990893.9
30470400,215359904.1
30474000,208488196.1
30477600,202438269.7
30481200,211290856.6
30484800,218348554.2
30488400,228392319.2
30492000,228485770.3
30495600,238938823.9
30499200,229512077.5
30502800,205533173.2
30506400,232033897.2
30510000,203600966.3
30513600,218292289.8
30517200,214365153.2
30520800,237071905.0
30524400,203349371.5
30528000,237858297.8
30531600,212035651.7
30535200,211545491.8
30538800,200599419.1
30542400,206623731.3
30546000,210469327.4
30549600,210709135.8
30553200,245289718.5
30556800,213888625.1
30560400,204855099.5
30564000,239141076.3
30567600,233376047.2
30571200,230633627.4
30574800,217189621.1
30578400,234516944.6
30582000,211677948.5
30585600,215401471.3
30589200,217865035.3
30592800,210834896.6
30596400,233864000.2
30600000,236800735.7
30603600,200500928.5
30607200,217795715.7
30610800,211997729.2
30614400,246380436.6
30618000,238149340.8
30621600,218969355.1
30625200,234297813.8
30628800,234943633.7
30632400,229519911.8
30636000,248102776.8
30639600,239067282.7
30643200,226921374.0
30646800,204706912.6
30650400,244300434.3
30654000,212874756.7
30657600,223175343.3
30661200,216539913.5
30664800,237838669.4
30668400,240142466.8
30672000,240155884.5
30675600,243831843.0
30679200,204373703.4
30682800,233395681.2
30686400,225121098.6
30690000,216778102.0
30693600,229428073.5
30697200,217596629.3
30700800,210335882.7
30704400,213107727.3
30708000,204932465.1
30711600,207503159.5
30715200,216050967.2
30718800,229719472.8
30722400,207686903.1
30726000,203131280.0
30729600,200389111.5
30733200,238713006.4
30736800,234102251.0
30740400,206025157.7
30744000,235962670.0
30747600,208092705.2
30751200,206008007.5
30754800,234057605.3
30758400,207241332.8
30762000,202891387.6
30765600,206747100.1
30769200,200739021.9
30772800,209455857.6
30776400,203543105.9
30780000,201892987.5
30783600,215393510.4
30787200,225786777.3
30790800,219675537.0
30794400,249759775.7
30798000,221979999.0
30801600,207571982.4
30805200,238902526.5
30808800,237058673.2
30812400,204382186.1
30816000,223521285.4
30819600,214641480.5
30823200,220342529.1
30826800,221511862.4
30830400,243563107.0
30834000,235362506.9
30837600,200714866.6
30841200,201229185.4
30844800,214197861.9
30848400,203661340.2
30852000,236498877.6
30855600,217318755.1
30859200,232610263.5
30862800,224087872.6
30866400,219129681.9
30870000,216344292.0
30873600,205151995.9
30877200,218520619.0
30880800,218872077.0
30884400,224089916.0
30888000,239780978.1
30891600,234569684.8
30895200,242489504.9
30898800,225614126.3
30902400,242751670.4
30906000,223272077.3
30909600,213242429.9
30913200,231474210.7
30916800,228136705.9
30920400,227057823.4
30924000,219665572.0
30927600,221023118.6
30931200,206856098.9
30934800,214608893.9
30938400,200366160.7
30942000,246635061.2
30945600,230462927.1
30949200,244592284.7
30952800,221041242.0
30956400,220009067.2
30960000,227696705.9
30963600,229812971.9
30967200,225313941.1
30970800,229360481.4
30974400,206641084.3
30978000,238079899.1
30981600,232557174.8
30985200,217554493.4
30988800,215629818.9
30992400,213712526.3
30996000,207476536.9
30999600,216717283.8
31003200,241651702.5
31006800,211678788.1
31010400,203462048.2
31014000,224736358.5
31017600,206107567.1
31021200,220131063.3
31024800,204560710.6
31028400,236027404.0
31032000,217117145.4
31035600,228315244.3
31039200,232725618.6
31042800,232625057.7
31046400,235042835.5
31050000,215055224.3
31053600,204273190.7
31057200,231671785.3
31060800,213321730.8
31064400,244712589.0
31068000,215013448.5
31071600,235752846.3
31075200,216517615.7
31078800,218243663.0
31082400,229617405.6
31086000,245259273.4
31089600,213226441.9
31093200,247491294.0
31096800,236936449.0
31100400,200223057.4
31104000,242536838.0
31107600,234778609.4
31111200,228121606.1
31114800,216885805.7
31118400,216639967.4
31122000,203866139.4
31125600,222915046.6
31129200,232859503.3
31132800,228597692.3
31136400,220105432.2
31140000,246735058.5
31143600,218026711.6
31147200,247385700.4
31150800,201506178.9
31154400,222054833.4
31158000,235035457.5
31161600,235149640.8
31165200,225508327.7
31168800,230612194.3
31172400,237318447.2
31176000,240071780.5
31179600,216836248.9
31183200,228204650.3
31186800,242763303.5
31190400,229457930.2
31194000,225412059.8
31197600,242671525.0
31201200,234189917.1
31204800,205316912.8
31208400,225097841.5
31212000,200958333.3
31215600,222130469.2
31219200,245358771.6
31222800,202233481.2
31226400,247259540.2
31230000,209019018.0
31233600,218495407.3
31237200,210261954.1
31240800,204779292.2
31244400,221637046.7
31248000,213878047.1
31251600,205042910.5
31255200,224946022.7
31258800,211951703.7
31262400,217480066.6
31266000,227913114.5
31269600,227403345.6
31273200,221063696.5
31276800,219274983.3
31280400,219033189.0
31284000,214036418.1
31287600,208995619.2
31291200,206364201.2
31294800,200784511.2
31298400,237654398.5
31302000,225247759.4
31305600,236105512.0
31309200,238055040.3
31312800,213447444.0
31316400,209681099.1
31320000,203207439.5
31323600,221268715.9
31327200,235107349.5
31330800,248866032.3
31334400,227579136.6
31338000,202190338.8
31341600,229107438.5
31345200,213918786.7
31348800,227109712.5
31352400,222166044.7
31356000,205860271.5
31359600,218997061.0
31363200,238241644.3
31366800,245918414.6
31370400,234634952.8
31374000,248531212.2
31377600,206308248.3
31381200,232320694.3
31384800,219342497.8
31388400,228117229.5
31392000,209917529.2
31395600,219696315.8
31399200,217012113.0
31402800,217823888.5
31406400,218651994.5
31410000,205768211.6
31413600,225060487.9
31417200,240845641.0
31420800,217175349.7
31424400,224926809.8
31428000,205901199.1
31431600,228775833.7
31435200,225773212.3
31438800,217763834.0
31442400,243167446.6
31446000,217200749.1
31449600,215401471.3
31453200,217865035.3
31456800,210834896.6
31460400,233864000.2
31464000,236800735.7
31467600,200500928.5
31471200,217795715.7
31474800,211997729.2
31478400,246380436.6
31482000,238149340.8
31485600,218969355.1
31489200,234297813.8
31492800,234943633.7
31496400,229519911.8
31500000,248102776.8
31503600,239067282.7
31507200,226921374.0
31510800,204706912.6
31514400,244300434.3
31518000,212874756.7
31521600,223175343.3
31525200,216539913.5
31528800,237838669.4
31532400,240142466.8
31536000,240142466.8
