time,value
0,262.4
3600,262.45
7200,262.07
10800,261.73
14400,262.21
18000,262.44
21600,261.87
25200,261.31
28800,263.2
32400,265.66
36000,267.8
39600,269.25
43200,270.06
46800,270.34
50400,269.95
54000,268.7
57600,267.38
61200,266.52
64800,265.41
68400,265.33
72000,264.69
75600,263.7
79200,262.41
82800,261.3
86400,260.48
90000,259.73
93600,259.12
97200,258.59
100800,258.18
104400,258.09
108000,258.19
111600,258.56
115200,260.7
118800,263.6
122400,265.91
126000,267.34
129600,268.42
133200,269.2
136800,269.7
140400,269.34
144000,267.62
147600,266.72
151200,266.05
154800,265.44
158400,265.05
162000,264.55
165600,263.76
169200,262.77
172800,261.7
176400,260.87
180000,260.26
183600,259.73
187200,259.47
190800,259.35
194400,259.17
198000,259.26
201600,261.93
205200,264.77
208800,268.0
212400,270.09
216000,271.45
219600,272.07
223200,271.93
226800,270.59
230400,266.92
234000,264.97
237600,263.55
241200,262.52
244800,261.98
248400,261.92
252000,261.72
255600,261.33
259200,261.05
262800,260.91
266400,260.73
270000,260.55
273600,260.44
277200,260.41
280800,260.31
284400,260.26
288000,261.91
291600,264.41
295200,266.97
298800,268.78
302400,270.38
306000,271.8
309600,272.52
313200,271.66
316800,269.14
320400,267.95
324000,266.76
327600,265.28
331200,263.89
334800,262.88
338400,262.1
342000,261.38
345600,260.83
349200,260.45
352800,260.28
356400,260.2
360000,260.12
363600,260.4
367200,260.78
370800,261.53
374400,263.64
378000,266.25
381600,268.81
385200,270.58
388800,272.35
392400,273.7
396000,274.13
399600,273.24
403200,271.3
406800,269.79
410400,268.45
414000,267.34
417600,266.48
421200,266.03
424800,265.91
428400,265.6
432000,264.64
435600,263.77
439200,263.07
442800,262.48
446400,262.23
450000,262.47
453600,263.23
457200,264.17
460800,265.77
464400,268.09
468000,270.66
471600,272.96
475200,274.55
478800,275.49
482400,275.55
486000,273.55
489600,270.92
493200,269.35
496800,267.97
500400,266.95
504000,266.42
507600,265.99
511200,265.36
514800,264.91
518400,264.53
522000,264.1
525600,263.63
529200,263.3
532800,263.27
536400,263.27
540000,263.2
543600,263.22
547200,264.8
550800,267.42
554400,270.41
558000,272.24
561600,273.62
565200,274.48
568800,274.53
572400,273.51
576000,271.88
579600,270.91
583200,270.24
586800,269.62
590400,268.78
594000,268.03
597600,267.29
601200,266.08
604800,261.28
608400,261.08
612000,260.99
615600,260.87
619200,260.56
622800,260.27
626400,260.14
630000,260.95
633600,263.24
637200,265.92
640800,268.37
644400,270.13
648000,271.53
651600,272.34
655200,272.67
658800,272.22
662400,269.88
666000,269.05
669600,268.69
673200,267.74
676800,266.98
680400,266.55
684000,266.2
687600,265.83
691200,265.51
694800,265.16
698400,264.9
702000,264.88
705600,264.86
709200,264.52
712800,264.38
716400,265.48
720000,268.12
723600,271.01
727200,273.63
730800,275.88
734400,277.15
738000,277.53
741600,277.1
745200,274.95
748800,271.37
752400,270.53
756000,270.38
759600,270.11
763200,269.83
766800,269.68
770400,269.04
774000,268.23
777600,267.75
781200,267.59
784800,267.46
788400,267.74
792000,268.28
795600,268.72
799200,269.14
802800,269.85
806400,271.84
810000,275.51
813600,278.66
817200,279.75
820800,279.55
824400,279.22
828000,278.53
831600,276.81
835200,273.55
838800,272.14
842400,271.8
846000,271.54
849600,271.39
853200,271.67
856800,271.53
860400,271.05
864000,270.66
867600,270.37
871200,270.22
874800,270.08
878400,269.72
882000,268.85
885600,267.77
889200,267.48
892800,268.84
896400,270.36
900000,271.67
903600,272.3
907200,272.51
910800,272.39
914400,271.91
918000,271.0
921600,269.09
925200,268.37
928800,268.91
932400,267.95
936000,266.49
939600,265.87
943200,265.53
946800,265.13
950400,264.76
954000,264.39
957600,264.12
961200,263.92
964800,263.78
968400,263.67
972000,263.58
975600,264.44
979200,267.9
982800,270.65
986400,271.3
990000,271.05
993600,270.59
997200,269.97
1000800,269.45
1004400,268.65
1008000,267.09
1011600,265.58
1015200,264.27
1018800,263.14
1022400,262.38
1026000,261.8
1029600,261.38
1033200,260.97
1036800,260.57
1040400,260.21
1044000,259.89
1047600,259.63
1051200,259.43
1054800,259.32
1058400,259.27
1062000,260.06
1065600,262.73
1069200,265.89
1072800,268.3
1076400,269.88
1080000,270.96
1083600,271.35
1087200,271.03
1090800,270.08
1094400,268.25
1098000,266.59
1101600,265.49
1105200,264.66
1108800,264.02
1112400,263.49
1116000,263.06
1119600,262.72
1123200,262.42
1126800,262.14
1130400,261.87
1134000,261.63
1137600,261.45
1141200,261.34
1144800,261.28
1148400,261.95
1152000,264.98
1155600,268.34
1159200,270.98
1162800,272.26
1166400,272.89
1170000,272.8
1173600,272.02
1177200,270.75
1180800,268.77
1184400,267.58
1188000,266.55
1191600,266.05
1195200,265.41
1198800,264.57
1202400,263.88
1206000,263.4
1209600,260.63
1213200,260.42
1216800,259.98
1220400,259.51
1224000,259.22
1227600,258.98
1231200,258.7
1234800,258.5
1238400,259.77
1242000,262.2
1245600,265.39
1249200,267.77
1252800,269.5
1256400,270.63
1260000,271.03
1263600,269.24
1267200,265.61
1270800,264.09
1274400,262.99
1278000,261.99
1281600,261.17
1285200,260.57
1288800,260.13
1292400,259.75
1296000,259.35
1299600,258.95
1303200,258.6
1306800,258.3
1310400,258.07
1314000,257.95
1317600,257.89
1321200,258.04
1324800,260.84
1328400,263.35
1332000,266.55
1335600,269.59
1339200,271.78
1342800,272.97
1346400,273.26
1350000,270.98
1353600,267.63
1357200,266.08
1360800,264.69
1364400,263.45
1368000,262.52
1371600,261.79
1375200,261.23
1378800,260.76
1382400,260.31
1386000,259.89
1389600,259.52
1393200,259.39
1396800,259.49
1400400,259.55
1404000,259.34
1407600,259.4
1411200,262.02
1414800,264.26
1418400,266.6
1422000,268.53
1425600,269.88
1429200,270.61
1432800,270.73
1436400,269.51
1440000,266.96
1443600,265.09
1447200,263.91
1450800,262.83
1454400,261.97
1458000,261.16
1461600,260.45
1465200,259.89
1468800,259.5
1472400,259.27
1476000,259.09
1479600,258.81
1483200,258.69
1486800,258.8
1490400,259.02
1494000,259.41
1497600,261.35
1501200,263.74
1504800,265.69
1508400,268.64
1512000,270.59
1515600,271.41
1519200,271.6
1522800,270.33
1526400,267.3
1530000,265.86
1533600,264.84
1537200,264.07
1540800,263.54
1544400,263.1
1548000,262.52
1551600,261.93
1555200,261.45
1558800,261.16
1562400,260.75
1566000,260.21
1569600,259.87
1573200,260.02
1576800,260.4
1580400,261.08
1584000,262.95
1587600,265.44
1591200,268.23
1594800,270.42
1598400,272.27
1602000,273.41
1605600,273.45
1609200,271.45
1612800,267.56
1616400,265.58
1620000,264.2
1623600,263.28
1627200,262.62
1630800,262.09
1634400,261.61
1638000,261.21
1641600,260.99
1645200,261.1
1648800,261.55
1652400,262.0
1656000,262.28
1659600,262.39
1663200,262.13
1666800,261.69
1670400,262.78
1674000,265.7
1677600,268.67
1681200,271.14
1684800,272.91
1688400,273.94
1692000,274.07
1695600,272.13
1699200,268.37
1702800,266.79
1706400,265.73
1710000,264.8
1713600,264.01
1717200,263.45
1720800,262.94
1724400,262.52
1728000,262.33
1731600,262.44
1735200,262.7
1738800,263.05
1742400,263.46
1746000,263.5
1749600,263.2
1753200,262.43
1756800,263.37
1760400,265.71
1764000,268.94
1767600,271.88
1771200,272.7
1774800,271.34
1778400,269.54
1782000,268.66
1785600,267.27
1789200,266.59
1792800,266.31
1796400,266.14
1800000,265.66
1803600,265.26
1807200,264.67
1810800,263.88
1814400,266.6
1818000,265.68
1821600,264.97
1825200,264.14
1828800,263.38
1832400,262.91
1836000,262.43
1839600,262.02
1843200,261.91
1846800,262.31
1850400,262.76
1854000,262.92
1857600,263.74
1861200,263.73
1864800,263.51
1868400,262.74
1872000,261.52
1875600,260.64
1879200,259.8
1882800,259.29
1886400,259.03
1890000,258.77
1893600,258.57
1897200,258.23
1900800,258.23
1904400,258.28
1908000,258.22
1911600,258.07
1915200,257.65
1918800,257.41
1922400,257.05
1926000,256.79
1929600,258.69
1933200,260.77
1936800,262.46
1940400,263.65
1944000,264.59
1947600,265.09
1951200,264.98
1954800,263.8
1958400,261.39
1962000,259.48
1965600,258.29
1969200,257.57
1972800,257.04
1976400,256.48
1980000,255.98
1983600,255.52
1987200,255.01
1990800,254.48
1994400,254.05
1998000,253.68
2001600,253.38
2005200,253.13
2008800,252.95
2012400,253.55
2016000,256.11
2019600,259.69
2023200,262.67
2026800,264.57
2030400,265.73
2034000,266.09
2037600,265.56
2041200,264.22
2044800,261.88
2048400,260.01
2052000,259.09
2055600,258.55
2059200,258.11
2062800,257.7
2066400,257.26
2070000,256.74
2073600,256.27
2077200,255.86
2080800,255.49
2084400,255.27
2088000,255.52
2091600,256.15
2095200,256.59
2098800,257.33
2102400,259.46
2106000,262.02
2109600,264.37
2113200,265.54
2116800,266.01
2120400,265.77
2124000,265.15
2127600,264.02
2131200,262.44
2134800,261.33
2138400,260.7
2142000,260.2
2145600,259.6
2149200,259.56
2152800,259.77
2156400,259.73
2160000,259.23
2163600,258.44
2167200,257.99
2170800,257.48
2174400,256.92
2178000,256.73
2181600,256.95
2185200,258.05
2188800,260.63
2192400,263.04
2196000,264.98
2199600,266.28
2203200,267.12
2206800,267.34
2210400,266.83
2214000,265.62
2217600,263.18
2221200,261.4
2224800,260.56
2228400,260.05
2232000,259.65
2235600,259.35
2239200,258.95
2242800,258.26
2246400,257.63
2250000,257.02
2253600,256.48
2257200,256.12
2260800,256.08
2264400,256.2
2268000,256.41
2271600,257.37
2275200,259.84
2278800,263.22
2282400,265.8
2286000,267.41
2289600,268.19
2293200,268.07
2296800,267.53
2300400,266.61
2304000,264.73
2307600,263.45
2311200,262.83
2314800,262.41
2318400,262.09
2322000,261.97
2325600,261.95
2329200,261.88
2332800,261.7
2336400,261.13
2340000,260.59
2343600,259.67
2347200,258.99
2350800,258.25
2354400,257.51
2358000,257.61
2361600,260.46
2365200,262.68
2368800,263.76
2372400,264.42
2376000,264.84
2379600,264.73
2383200,263.98
2386800,262.64
2390400,260.53
2394000,258.56
2397600,257.66
2401200,257.66
2404800,258.12
2408400,258.23
2412000,257.82
2415600,257.13
2419200,261.28
2422800,261.08
2426400,260.99
2430000,260.87
2433600,260.56
2437200,260.27
2440800,260.14
2444400,260.95
2448000,263.24
2451600,265.92
2455200,268.37
2458800,270.13
2462400,271.53
2466000,272.34
2469600,272.67
2473200,272.22
2476800,269.88
2480400,269.05
2484000,268.69
2487600,267.74
2491200,266.98
2494800,266.55
2498400,266.2
2502000,265.83
2505600,265.51
2509200,265.16
2512800,264.9
2516400,264.88
2520000,264.86
2523600,264.52
2527200,264.38
2530800,265.48
2534400,268.12
2538000,271.01
2541600,273.63
2545200,275.88
2548800,277.15
2552400,277.53
2556000,277.1
2559600,274.95
2563200,271.37
2566800,270.53
2570400,270.38
2574000,270.11
2577600,269.83
2581200,269.68
2584800,269.04
2588400,268.23
2592000,267.75
2595600,267.59
2599200,267.46
2602800,267.74
2606400,268.28
2610000,268.72
2613600,269.14
2617200,269.85
2620800,271.84
2624400,275.51
2628000,278.66
2631600,279.75
2635200,279.55
2638800,279.22
2642400,278.53
2646000,276.81
2649600,273.55
2653200,272.14
2656800,271.8
2660400,271.54
2664000,271.39
2667600,271.67
2671200,271.53
2674800,271.05
2678400,270.66
2682000,270.37
2685600,270.22
2689200,270.08
2692800,269.72
2696400,268.85
2700000,267.77
2703600,267.48
2707200,268.84
2710800,270.36
2714400,271.67
2718000,272.3
2721600,272.51
2725200,272.39
2728800,271.91
2732400,271.0
2736000,269.09
2739600,268.37
2743200,268.91
2746800,267.95
2750400,266.49
2754000,265.87
2757600,265.53
2761200,265.13
2764800,264.76
2768400,264.39
2772000,264.12
2775600,263.92
2779200,263.78
2782800,263.67
2786400,263.58
2790000,264.44
2793600,267.9
2797200,270.65
2800800,271.3
2804400,271.05
2808000,270.59
2811600,269.97
2815200,269.45
2818800,268.65
2822400,267.09
2826000,265.58
2829600,264.27
2833200,263.14
2836800,262.38
2840400,261.8
2844000,261.38
2847600,260.97
2851200,260.57
2854800,260.21
2858400,259.89
2862000,259.63
2865600,259.43
2869200,259.32
2872800,259.27
2876400,260.06
2880000,262.73
2883600,265.89
2887200,268.3
2890800,269.88
2894400,270.96
2898000,271.35
2901600,271.03
2905200,270.08
2908800,268.25
2912400,266.59
2916000,265.49
2919600,264.66
2923200,264.02
2926800,263.49
2930400,263.06
2934000,262.72
2937600,262.42
2941200,262.14
2944800,261.87
2948400,261.63
2952000,261.45
2955600,261.34
2959200,261.28
2962800,261.95
2966400,264.98
2970000,268.34
2973600,270.98
2977200,272.26
2980800,272.89
2984400,272.8
2988000,272.02
2991600,270.75
2995200,268.77
2998800,267.58
3002400,266.55
3006000,266.05
3009600,265.41
3013200,264.57
3016800,263.88
3020400,263.4
3024000,275.13
3027600,274.57
3031200,274.4
3034800,274.58
3038400,274.36
3042000,274.48
3045600,274.61
3049200,276.61
3052800,279.22
3056400,281.69
3060000,283.51
3063600,284.59
3067200,285.14
3070800,285.28
3074400,284.94
3078000,284.17
3081600,282.45
3085200,279.41
3088800,278.41
3092400,277.68
3096000,277.09
3099600,276.54
3103200,275.95
3106800,275.3
3110400,274.69
3114000,274.2
3117600,273.8
3121200,273.34
3124800,272.92
3128400,274.98
3132000,276.63
3135600,278.21
3139200,279.87
3142800,281.82
3146400,284.63
3150000,286.69
3153600,287.54
3157200,287.77
3160800,287.55
3164400,286.82
3168000,284.24
3171600,281.45
3175200,280.68
3178800,280.07
3182400,279.11
3186000,277.39
3189600,275.47
3193200,274.4
3196800,273.71
3200400,273.2
3204000,272.99
3207600,272.93
3211200,272.86
3214800,272.49
3218400,271.81
3222000,271.06
3225600,271.7
3229200,272.76
3232800,273.76
3236400,274.55
3240000,274.96
3243600,275.03
3247200,274.87
3250800,274.38
3254400,273.32
3258000,271.76
3261600,270.42
3265200,269.02
3268800,268.13
3272400,267.48
3276000,266.93
3279600,266.46
3283200,266.27
3286800,266.11
3290400,266.04
3294000,266.13
3297600,266.48
3301200,266.87
3304800,267.13
3308400,268.77
3312000,272.02
3315600,274.97
3319200,276.77
3322800,277.94
3326400,278.84
3330000,279.39
3333600,279.39
3337200,278.76
3340800,275.09
3344400,272.23
3348000,271.81
3351600,271.09
3355200,270.36
3358800,269.84
3362400,269.58
3366000,269.55
3369600,269.43
3373200,269.18
3376800,269.09
3380400,268.97
3384000,268.88
3387600,268.83
3391200,268.75
3394800,271.02
3398400,274.55
3402000,278.16
3405600,280.37
3409200,281.53
3412800,282.02
3416400,281.55
3420000,280.27
3423600,278.53
3427200,276.77
3430800,275.09
3434400,273.35
3438000,272.15
3441600,271.77
3445200,271.4
3448800,270.8
3452400,269.67
3456000,268.61
3459600,267.91
3463200,267.55
3466800,267.26
3470400,267.08
3474000,267.04
3477600,267.11
3481200,269.37
3484800,272.73
3488400,275.55
3492000,276.78
3495600,277.45
3499200,277.77
3502800,277.37
3506400,276.2
3510000,274.59
3513600,272.26
3517200,269.18
3520800,268.18
3524400,267.33
3528000,266.6
3531600,266.13
3535200,265.84
3538800,265.65
3542400,265.53
3546000,265.45
3549600,265.36
3553200,265.28
3556800,265.29
3560400,265.37
3564000,265.5
3567600,266.81
3571200,268.7
3574800,270.45
3578400,272.05
3582000,273.48
3585600,274.55
3589200,274.92
3592800,274.48
3596400,273.12
3600000,270.17
3603600,268.32
3607200,268.13
3610800,267.45
3614400,266.73
3618000,266.26
3621600,266.14
3625200,266.23
3628800,258.13
3632400,257.43
3636000,256.92
3639600,256.57
3643200,256.32
3646800,256.12
3650400,255.9
3654000,256.23
3657600,258.01
3661200,259.84
3664800,260.52
3668400,260.23
3672000,259.89
3675600,259.72
3679200,259.27
3682800,258.36
3686400,257.31
3690000,256.84
3693600,256.58
3697200,256.44
3700800,256.33
3704400,256.03
3708000,255.36
3711600,254.7
3715200,254.44
3718800,254.39
3722400,254.34
3726000,254.42
3729600,254.75
3733200,255.16
3736800,255.48
3740400,255.71
3744000,257.52
3747600,260.65
3751200,263.29
3754800,264.89
3758400,265.98
3762000,266.57
3765600,266.54
3769200,265.71
3772800,263.7
3776400,262.31
3780000,261.61
3783600,261.11
3787200,260.64
3790800,260.2
3794400,259.87
3798000,259.59
3801600,259.3
3805200,258.98
3808800,258.62
3812400,258.23
3816000,257.95
3819600,257.84
3823200,257.69
3826800,257.86
3830400,260.55
3834000,263.64
3837600,267.73
3841200,271.09
3844800,273.16
3848400,274.12
3852000,273.78
3855600,271.26
3859200,267.05
3862800,265.02
3866400,263.8
3870000,262.98
3873600,262.41
3877200,261.97
3880800,261.58
3884400,261.19
3888000,260.81
3891600,260.44
3895200,260.09
3898800,259.79
3902400,259.53
3906000,259.29
3909600,259.07
3913200,259.16
3916800,261.73
3920400,264.53
3924000,267.73
3927600,269.73
3931200,270.74
3934800,271.0
3938400,270.48
3942000,268.88
3945600,266.3
3949200,264.66
3952800,263.87
3956400,263.56
3960000,263.59
3963600,264.01
3967200,263.87
3970800,263.35
3974400,263.01
3978000,262.52
3981600,262.0
3985200,261.78
3988800,261.43
3992400,261.3
3996000,261.69
3999600,262.11
4003200,263.19
4006800,265.43
4010400,267.45
4014000,268.37
4017600,268.73
4021200,268.71
4024800,268.2
4028400,267.01
4032000,264.51
4035600,262.92
4039200,262.17
4042800,261.7
4046400,261.65
4050000,262.23
4053600,263.06
4057200,263.2
4060800,263.18
4064400,263.27
4068000,263.43
4071600,263.39
4075200,262.83
4078800,262.47
4082400,262.41
4086000,262.59
4089600,264.39
4093200,266.48
4096800,267.57
4100400,268.0
4104000,268.12
4107600,267.91
4111200,267.38
4114800,266.34
4118400,264.1
4122000,262.8
4125600,263.0
4129200,263.12
4132800,262.84
4136400,262.42
4140000,261.88
4143600,261.24
4147200,260.72
4150800,260.48
4154400,260.38
4158000,260.32
4161600,260.26
4165200,260.16
4168800,260.09
4172400,260.38
4176000,263.6
4179600,266.34
4183200,269.52
4186800,272.94
4190400,274.78
4194000,275.7
4197600,275.66
4201200,273.73
4204800,271.73
4208400,270.2
4212000,268.62
4215600,267.33
4219200,266.42
4222800,265.87
4226400,265.31
4230000,264.61
4233600,275.13
4237200,274.57
4240800,274.4
4244400,274.58
4248000,274.36
4251600,274.48
4255200,274.61
4258800,276.61
4262400,279.22
4266000,281.69
4269600,283.51
4273200,284.59
4276800,285.14
4280400,285.28
4284000,284.94
4287600,284.17
4291200,282.45
4294800,279.41
4298400,278.41
4302000,277.68
4305600,277.09
4309200,276.54
4312800,275.95
4316400,275.3
4320000,274.69
4323600,274.2
4327200,273.8
4330800,273.34
4334400,272.92
4338000,274.98
4341600,276.63
4345200,278.21
4348800,279.87
4352400,281.82
4356000,284.63
4359600,286.69
4363200,287.54
4366800,287.77
4370400,287.55
4374000,286.82
4377600,284.24
4381200,281.45
4384800,280.68
4388400,280.07
4392000,279.11
4395600,277.39
4399200,275.47
4402800,274.4
4406400,273.71
4410000,273.2
4413600,272.99
4417200,272.93
4420800,272.86
4424400,272.49
4428000,271.81
4431600,271.06
4435200,271.7
4438800,272.76
4442400,273.76
4446000,274.55
4449600,274.96
4453200,275.03
4456800,274.87
4460400,274.38
4464000,273.32
4467600,271.76
4471200,270.42
4474800,269.02
4478400,268.13
4482000,267.48
4485600,266.93
4489200,266.46
4492800,266.27
4496400,266.11
4500000,266.04
4503600,266.13
4507200,266.48
4510800,266.87
4514400,267.13
4518000,268.77
4521600,272.02
4525200,274.97
4528800,276.77
4532400,277.94
4536000,278.84
4539600,279.39
4543200,279.39
4546800,278.76
4550400,275.09
4554000,272.23
4557600,271.81
4561200,271.09
4564800,270.36
4568400,269.84
4572000,269.58
4575600,269.55
4579200,269.43
4582800,269.18
4586400,269.09
4590000,268.97
4593600,268.88
4597200,268.83
4600800,268.75
4604400,271.02
4608000,274.55
4611600,278.16
4615200,280.37
4618800,281.53
4622400,282.02
4626000,281.55
4629600,280.27
4633200,278.53
4636800,276.77
4640400,275.09
4644000,273.35
4647600,272.15
4651200,271.77
4654800,271.4
4658400,270.8
4662000,269.67
4665600,268.61
4669200,267.91
4672800,267.55
4676400,267.26
4680000,267.08
4683600,267.04
4687200,267.11
4690800,269.37
4694400,272.73
4698000,275.55
4701600,276.78
4705200,277.45
4708800,277.77
4712400,277.37
4716000,276.2
4719600,274.59
4723200,272.26
4726800,269.18
4730400,268.18
4734000,267.33
4737600,266.6
4741200,266.13
4744800,265.84
4748400,265.65
4752000,265.53
4755600,265.45
4759200,265.36
4762800,265.28
4766400,265.29
4770000,265.37
4773600,265.5
4777200,266.81
4780800,268.7
4784400,270.45
4788000,272.05
4791600,273.48
4795200,274.55
4798800,274.92
4802400,274.48
4806000,273.12
4809600,270.17
4813200,268.32
4816800,268.13
4820400,267.45
4824000,266.73
4827600,266.26
4831200,266.14
4834800,266.23
4838400,266.46
4842000,266.79
4845600,267.1
4849200,267.21
4852800,267.33
4856400,267.38
4860000,267.45
4863600,267.73
4867200,268.37
4870800,269.08
4874400,269.66
4878000,270.41
4881600,271.02
4885200,271.41
4888800,271.56
4892400,271.3
4896000,270.13
4899600,268.19
4903200,267.88
4906800,267.77
4910400,267.96
4914000,268.39
4917600,268.56
4921200,268.51
4924800,268.28
4928400,267.63
4932000,266.66
4935600,265.68
4939200,265.1
4942800,264.94
4946400,264.84
4950000,265.38
4953600,267.17
4957200,269.07
4960800,270.73
4964400,272.12
4968000,273.25
4971600,273.84
4975200,273.66
4978800,272.52
4982400,269.61
4986000,267.48
4989600,267.11
4993200,266.98
4996800,267.03
5000400,267.21
5004000,267.36
5007600,267.29
5011200,267.02
5014800,266.75
5018400,266.61
5022000,266.37
5025600,265.84
5029200,265.31
5032800,264.93
5036400,266.34
5040000,269.52
5043600,272.42
5047200,274.41
5050800,275.63
5054400,276.37
5058000,276.64
5061600,276.45
5065200,275.42
5068800,271.98
5072400,270.44
5076000,270.5
5079600,271.09
5083200,271.41
5086800,271.62
5090400,271.84
5094000,272.03
5097600,272.05
5101200,271.73
5104800,271.26
5108400,270.92
5112000,270.77
5115600,270.66
5119200,270.51
5122800,270.91
5126400,271.87
5130000,273.55
5133600,275.13
5137200,276.34
5140800,277.2
5144400,277.63
5148000,277.5
5151600,276.13
5155200,273.11
5158800,271.8
5162400,271.34
5166000,271.02
5169600,270.91
5173200,271.12
5176800,271.36
5180400,271.52
5184000,271.55
5187600,271.44
5191200,271.24
5194800,271.02
5198400,270.83
5202000,270.77
5205600,270.68
5209200,270.94
5212800,272.82
5216400,275.41
5220000,277.48
5223600,278.94
5227200,279.99
5230800,280.71
5234400,280.7
5238000,277.8
5241600,273.81
5245200,272.22
5248800,271.64
5252400,271.36
5256000,272.25
5259600,272.67
5263200,272.88
5266800,272.95
5270400,272.94
5274000,272.73
5277600,272.46
5281200,272.26
5284800,272.09
5288400,271.98
5292000,271.94
5295600,272.27
5299200,273.49
5302800,275.13
5306400,276.2
5310000,276.13
5313600,275.63
5317200,275.16
5320800,274.65
5324400,273.88
5328000,272.62
5331600,271.72
5335200,271.65
5338800,271.66
5342400,271.39
5346000,270.68
5349600,269.99
5353200,269.34
5356800,268.84
5360400,268.41
5364000,268.15
5367600,268.07
5371200,267.92
5374800,267.49
5378400,267.23
5382000,267.77
5385600,270.32
5389200,273.91
5392800,276.42
5396400,277.83
5400000,278.4
5403600,278.39
5407200,277.91
5410800,276.72
5414400,272.92
5418000,271.04
5421600,270.66
5425200,270.43
5428800,270.31
5432400,270.26
5436000,270.16
5439600,270.07
5443200,271.33
5446800,270.38
5450400,269.69
5454000,268.84
5457600,268.52
5461200,268.84
5464800,272.78
5468400,276.45
5472000,278.8
5475600,280.56
5479200,282.07
5482800,283.39
5486400,284.45
5490000,285.1
5493600,285.34
5497200,285.1
5500800,284.35
5504400,281.99
5508000,279.52
5511600,278.11
5515200,276.29
5518800,274.43
5522400,273.02
5526000,272.26
5529600,271.69
5533200,270.85
5536800,270.09
5540400,269.73
5544000,269.73
5547600,270.3
5551200,272.95
5554800,275.43
5558400,279.23
5562000,283.84
5565600,286.51
5569200,288.38
5572800,289.74
5576400,290.49
5580000,290.57
5583600,290.21
5587200,289.63
5590800,286.27
5594400,281.72
5598000,280.28
5601600,279.12
5605200,277.94
5608800,276.89
5612400,276.06
5616000,275.4
5619600,274.88
5623200,274.41
5626800,274.0
5630400,273.82
5634000,273.94
5637600,277.51
5641200,281.39
5644800,285.85
5648400,289.12
5652000,289.72
5655600,290.08
5659200,290.94
5662800,291.33
5666400,291.25
5670000,290.8
5673600,289.91
5677200,288.12
5680800,284.84
5684400,282.52
5688000,281.52
5691600,280.41
5695200,279.31
5698800,278.62
5702400,278.28
5706000,279.21
5709600,278.45
5713200,278.62
5716800,279.47
5720400,279.9
5724000,281.45
5727600,282.23
5731200,282.34
5734800,284.85
5738400,287.02
5742000,287.1
5745600,287.06
5749200,287.05
5752800,286.56
5756400,285.74
5760000,284.23
5763600,282.3
5767200,278.8
5770800,276.34
5774400,274.91
5778000,273.32
5781600,271.57
5785200,270.46
5788800,270.36
5792400,270.62
5796000,271.02
5799600,271.31
5803200,271.34
5806800,271.1
5810400,272.53
5814000,275.59
5817600,279.57
5821200,282.5
5824800,284.77
5828400,286.61
5832000,287.93
5835600,288.64
5839200,288.72
5842800,288.3
5846400,287.34
5850000,284.04
5853600,279.98
5857200,278.26
5860800,277.15
5864400,276.98
5868000,277.24
5871600,276.76
5875200,276.09
5878800,275.6
5882400,274.91
5886000,274.88
5889600,275.18
5893200,274.49
5896800,275.4
5900400,278.14
5904000,281.75
5907600,286.37
5911200,290.19
5914800,292.62
5918400,294.39
5922000,295.56
5925600,294.94
5929200,293.7
5932800,293.35
5936400,290.2
5940000,285.78
5943600,284.37
5947200,283.87
5950800,283.41
5954400,282.25
5958000,280.55
5961600,279.78
5965200,279.98
5968800,280.18
5972400,280.04
5976000,279.11
5979600,278.4
5983200,279.41
5986800,282.46
5990400,286.48
5994000,289.04
5997600,290.2
6001200,290.71
6004800,290.81
6008400,290.29
6012000,289.55
6015600,288.63
6019200,287.66
6022800,286.16
6026400,282.4
6030000,280.48
6033600,279.81
6037200,278.83
6040800,276.95
6044400,275.32
6048000,271.1
6051600,270.64
6055200,270.34
6058800,270.22
6062400,270.11
6066000,269.98
6069600,270.52
6073200,274.24
6076800,277.3
6080400,281.83
6084000,283.96
6087600,285.05
6091200,285.66
6094800,285.79
6098400,285.4
6102000,284.41
6105600,280.37
6109200,275.53
6112800,274.73
6116400,274.86
6120000,275.02
6123600,274.71
6127200,273.93
6130800,272.95
6134400,272.2
6138000,271.8
6141600,271.75
6145200,272.01
6148800,272.55
6152400,273.18
6156000,273.79
6159600,275.51
6163200,277.52
6166800,281.27
6170400,284.52
6174000,286.23
6177600,287.51
6181200,288.34
6184800,288.58
6188400,287.91
6192000,283.39
6195600,279.3
6199200,277.22
6202800,275.7
6206400,274.52
6210000,273.66
6213600,272.95
6217200,272.43
6220800,272.05
6224400,271.7
6228000,271.41
6231600,271.23
6235200,271.07
6238800,271.38
6242400,272.34
6246000,275.59
6249600,278.7
6253200,283.53
6256800,287.48
6260400,288.97
6264000,289.71
6267600,289.65
6271200,288.78
6274800,287.27
6278400,283.81
6282000,278.02
6285600,276.16
6289200,275.19
6292800,274.48
6296400,273.98
6300000,273.62
6303600,273.06
6307200,272.68
6310800,272.6
6314400,272.31
6318000,272.04
6321600,271.81
6325200,271.66
6328800,272.48
6332400,277.08
6336000,280.63
6339600,285.61
6343200,288.28
6346800,289.42
6350400,290.01
6354000,289.97
6357600,289.55
6361200,288.69
6364800,285.39
6368400,280.06
6372000,278.25
6375600,277.11
6379200,276.16
6382800,275.43
6386400,274.83
6390000,274.06
6393600,273.32
6397200,272.73
6400800,272.49
6404400,272.38
6408000,272.3
6411600,272.19
6415200,272.9
6418800,277.31
6422400,280.45
6426000,284.78
6429600,288.45
6433200,289.88
6436800,289.47
6440400,288.26
6444000,287.37
6447600,286.53
6451200,285.0
6454800,280.18
6458400,278.12
6462000,276.79
6465600,275.55
6469200,274.73
6472800,274.69
6476400,275.13
6480000,275.66
6483600,275.7
6487200,274.92
6490800,273.66
6494400,272.26
6498000,272.18
6501600,273.06
6505200,277.01
6508800,280.95
6512400,285.78
6516000,288.09
6519600,288.88
6523200,289.29
6526800,289.71
6530400,289.79
6534000,289.13
6537600,286.48
6541200,280.53
6544800,278.79
6548400,278.52
6552000,278.25
6555600,277.98
6559200,277.45
6562800,276.6
6566400,275.93
6570000,275.38
6573600,274.85
6577200,274.29
6580800,273.91
6584400,273.77
6588000,274.52
6591600,278.48
6595200,281.82
6598800,287.3
6602400,291.68
6606000,293.66
6609600,294.65
6613200,295.02
6616800,294.8
6620400,293.98
6624000,290.64
6627600,284.7
6631200,282.23
6634800,280.75
6638400,279.53
6642000,278.77
6645600,278.45
6649200,278.23
6652800,271.33
6656400,270.38
6660000,269.69
6663600,268.84
6667200,268.52
6670800,268.84
6674400,272.78
6678000,276.45
6681600,278.8
6685200,280.56
6688800,282.07
6692400,283.39
6696000,284.45
6699600,285.1
6703200,285.34
6706800,285.1
6710400,284.35
6714000,281.99
6717600,279.52
6721200,278.11
6724800,276.29
6728400,274.43
6732000,273.02
6735600,272.26
6739200,271.69
6742800,270.85
6746400,270.09
6750000,269.73
6753600,269.73
6757200,270.3
6760800,272.95
6764400,275.43
6768000,279.23
6771600,283.84
6775200,286.51
6778800,288.38
6782400,289.74
6786000,290.49
6789600,290.57
6793200,290.21
6796800,289.63
6800400,286.27
6804000,281.72
6807600,280.28
6811200,279.12
6814800,277.94
6818400,276.89
6822000,276.06
6825600,275.4
6829200,274.88
6832800,274.41
6836400,274.0
6840000,273.82
6843600,273.94
6847200,277.51
6850800,281.39
6854400,285.85
6858000,289.12
6861600,289.72
6865200,290.08
6868800,290.94
6872400,291.33
6876000,291.25
6879600,290.8
6883200,289.91
6886800,288.12
6890400,284.84
6894000,282.52
6897600,281.52
6901200,280.41
6904800,279.31
6908400,278.62
6912000,278.28
6915600,279.21
6919200,278.45
6922800,278.62
6926400,279.47
6930000,279.9
6933600,281.45
6937200,282.23
6940800,282.34
6944400,284.85
6948000,287.02
6951600,287.1
6955200,287.06
6958800,287.05
6962400,286.56
6966000,285.74
6969600,284.23
6973200,282.3
6976800,278.8
6980400,276.34
6984000,274.91
6987600,273.32
6991200,271.57
6994800,270.46
6998400,270.36
7002000,270.62
7005600,271.02
7009200,271.31
7012800,271.34
7016400,271.1
7020000,272.53
7023600,275.59
7027200,279.57
7030800,282.5
7034400,284.77
7038000,286.61
7041600,287.93
7045200,288.64
7048800,288.72
7052400,288.3
7056000,287.34
7059600,284.04
7063200,279.98
7066800,278.26
7070400,277.15
7074000,276.98
7077600,277.24
7081200,276.76
7084800,276.09
7088400,275.6
7092000,274.91
7095600,274.88
7099200,275.18
7102800,274.49
7106400,275.4
7110000,278.14
7113600,281.75
7117200,286.37
7120800,290.19
7124400,292.62
7128000,294.39
7131600,295.56
7135200,294.94
7138800,293.7
7142400,293.35
7146000,290.2
7149600,285.78
7153200,284.37
7156800,283.87
7160400,283.41
7164000,282.25
7167600,280.55
7171200,279.78
7174800,279.98
7178400,280.18
7182000,280.04
7185600,279.11
7189200,278.4
7192800,279.41
7196400,282.46
7200000,286.48
7203600,289.04
7207200,290.2
7210800,290.71
7214400,290.81
7218000,290.29
7221600,289.55
7225200,288.63
7228800,287.66
7232400,286.16
7236000,282.4
7239600,280.48
7243200,279.81
7246800,278.83
7250400,276.95
7254000,275.32
7257600,271.1
7261200,270.64
7264800,270.34
7268400,270.22
7272000,270.11
7275600,269.98
7279200,270.52
7282800,274.24
7286400,277.3
7290000,281.83
7293600,283.96
7297200,285.05
7300800,285.66
7304400,285.79
7308000,285.4
7311600,284.41
7315200,280.37
7318800,275.53
7322400,274.73
7326000,274.86
7329600,275.02
7333200,274.71
7336800,273.93
7340400,272.95
7344000,272.2
7347600,271.8
7351200,271.75
7354800,272.01
7358400,272.55
7362000,273.18
7365600,273.79
7369200,275.51
7372800,277.52
7376400,281.27
7380000,284.52
7383600,286.23
7387200,287.51
7390800,288.34
7394400,288.58
7398000,287.91
7401600,283.39
7405200,279.3
7408800,277.22
7412400,275.7
7416000,274.52
7419600,273.66
7423200,272.95
7426800,272.43
7430400,272.05
7434000,271.7
7437600,271.41
7441200,271.23
7444800,271.07
7448400,271.38
7452000,272.34
7455600,275.59
7459200,278.7
7462800,283.53
7466400,287.48
7470000,288.97
7473600,289.71
7477200,289.65
7480800,288.78
7484400,287.27
7488000,283.81
7491600,278.02
7495200,276.16
7498800,275.19
7502400,274.48
7506000,273.98
7509600,273.62
7513200,273.06
7516800,272.68
7520400,272.6
7524000,272.31
7527600,272.04
7531200,271.81
7534800,271.66
7538400,272.48
7542000,277.08
7545600,280.63
7549200,285.61
7552800,288.28
7556400,289.42
7560000,290.01
7563600,289.97
7567200,289.55
7570800,288.69
7574400,285.39
7578000,280.06
7581600,278.25
7585200,277.11
7588800,276.16
7592400,275.43
7596000,274.83
7599600,274.06
7603200,273.32
7606800,272.73
7610400,272.49
7614000,272.38
7617600,272.3
7621200,272.19
7624800,272.9
7628400,277.31
7632000,280.45
7635600,284.78
7639200,288.45
7642800,289.88
7646400,289.47
7650000,288.26
7653600,287.37
7657200,286.53
7660800,285.0
7664400,280.18
7668000,278.12
7671600,276.79
7675200,275.55
7678800,274.73
7682400,274.69
7686000,275.13
7689600,275.66
7693200,275.7
7696800,274.92
7700400,273.66
7704000,272.26
7707600,272.18
7711200,273.06
7714800,277.01
7718400,280.95
7722000,285.78
7725600,288.09
7729200,288.88
7732800,289.29
7736400,289.71
7740000,289.79
7743600,289.13
7747200,286.48
7750800,280.53
7754400,278.79
7758000,278.52
7761600,278.25
7765200,277.98
7768800,277.45
7772400,276.6
7776000,275.93
7779600,275.38
7783200,274.85
7786800,274.29
7790400,273.91
7794000,273.77
7797600,274.52
7801200,278.48
7804800,281.82
7808400,287.3
7812000,291.68
7815600,293.66
7819200,294.65
7822800,295.02
7826400,294.8
7830000,293.98
7833600,290.64
7837200,284.7
7840800,282.23
7844400,280.75
7848000,279.53
7851600,278.77
7855200,278.45
7858800,278.23
7862400,270.6
7866000,269.64
7869600,268.59
7873200,268.02
7876800,268.02
7880400,268.07
7884000,268.02
7887600,269.2
7891200,271.64
7894800,274.11
7898400,276.87
7902000,278.91
7905600,279.86
7909200,280.2
7912800,279.88
7916400,277.29
7920000,275.9
7923600,276.09
7927200,276.63
7930800,275.9
7934400,274.25
7938000,273.27
7941600,273.06
7945200,272.47
7948800,271.02
7952400,269.94
7956000,268.69
7959600,267.55
7963200,266.85
7966800,266.63
7970400,266.55
7974000,267.35
7977600,268.77
7981200,270.41
7984800,271.75
7988400,272.76
7992000,273.23
7995600,273.31
7999200,272.94
8002800,272.31
8006400,271.23
8010000,269.14
8013600,268.58
8017200,268.24
8020800,267.93
8024400,267.08
8028000,266.15
8031600,265.38
8035200,264.69
8038800,264.09
8042400,263.6
8046000,263.19
8049600,262.8
8053200,262.48
8056800,262.35
8060400,264.85
8064000,267.75
8067600,272.74
8071200,276.54
8074800,278.26
8078400,279.16
8082000,279.48
8085600,279.16
8089200,278.0
8092800,273.91
8096400,270.77
8100000,270.33
8103600,270.37
8107200,270.74
8110800,271.22
8114400,271.31
8118000,270.91
8121600,270.02
8125200,268.48
8128800,267.02
8132400,266.12
8136000,265.35
8139600,264.74
8143200,264.41
8146800,266.88
8150400,269.73
8154000,272.58
8157600,274.84
8161200,275.7
8164800,276.21
8168400,276.45
8172000,276.48
8175600,275.98
8179200,273.92
8182800,272.14
8186400,271.75
8190000,271.8
8193600,271.73
8197200,271.55
8200800,271.36
8204400,271.22
8208000,270.91
8211600,270.06
8215200,269.75
8218800,269.43
8222400,269.17
8226000,268.98
8229600,269.05
8233200,269.95
8236800,271.33
8240400,273.41
8244000,275.59
8247600,277.48
8251200,278.83
8254800,279.7
8258400,280.0
8262000,279.25
8265600,276.65
8269200,275.15
8272800,274.39
8276400,273.88
8280000,273.73
8283600,273.38
8287200,273.02
8290800,272.45
8294400,272.01
8298000,271.77
8301600,271.18
8305200,270.72
8308800,270.37
8312400,270.09
8316000,270.05
8319600,272.39
8323200,274.93
8326800,278.44
8330400,280.6
8334000,281.9
8337600,282.7
8341200,283.06
8344800,282.89
8348400,281.36
8352000,276.75
8355600,274.88
8359200,275.14
8362800,275.88
8366400,276.41
8370000,276.48
8373600,276.18
8377200,275.43
8380800,274.93
8384400,274.48
8388000,274.03
8391600,273.37
8395200,272.53
8398800,271.73
8402400,271.8
8406000,273.11
8409600,274.34
8413200,275.61
8416800,276.8
8420400,277.95
8424000,278.7
8427600,278.99
8431200,278.51
8434800,276.82
8438400,275.13
8442000,273.89
8445600,273.54
8449200,273.33
8452800,273.23
8456400,272.96
8460000,272.6
8463600,272.17
8467200,266.7
8470800,266.22
8474400,265.88
8478000,265.52
8481600,265.04
8485200,264.21
8488800,263.38
8492400,264.2
8496000,265.5
8499600,267.95
8503200,270.82
8506800,273.09
8510400,274.86
8514000,276.03
8517600,276.59
8521200,276.21
8524800,273.53
8528400,271.4
8532000,270.94
8535600,270.75
8539200,270.55
8542800,270.2
8546400,269.35
8550000,268.59
8553600,267.88
8557200,267.31
8560800,266.84
8564400,266.3
8568000,266.63
8571600,266.91
8575200,266.85
8578800,267.71
8582400,269.75
8586000,272.13
8589600,274.68
8593200,276.96
8596800,278.07
8600400,278.52
8604000,278.28
8607600,277.07
8611200,274.53
8614800,273.27
8618400,273.19
8622000,273.54
8625600,273.05
8629200,272.17
8632800,271.27
8636400,270.53
8640000,269.91
8643600,269.46
8647200,268.91
8650800,268.32
8654400,267.94
8658000,267.83
8661600,267.61
8665200,267.73
8668800,268.63
8672400,270.03
8676000,271.28
8679600,272.41
8683200,273.13
8686800,273.14
8690400,272.56
8694000,271.37
8697600,269.75
8701200,268.24
8704800,267.34
8708400,266.24
8712000,265.22
8715600,264.45
8719200,263.83
8722800,263.23
8726400,262.68
8730000,262.18
8733600,261.56
8737200,260.97
8740800,260.53
8744400,260.23
8748000,260.01
8751600,262.02
8755200,265.02
8758800,267.89
8762400,269.63
8766000,270.83
8769600,271.66
8773200,272.16
8776800,272.25
8780400,271.94
8784000,271.1
8787600,270.17
8791200,269.52
8794800,268.83
8798400,268.27
8802000,267.94
8805600,267.59
8809200,267.43
8812800,267.41
8816400,267.25
8820000,266.98
8823600,266.7
8827200,266.51
8830800,266.31
8834400,266.14
8838000,266.65
8841600,267.91
8845200,269.23
8848800,270.3
8852400,271.25
8856000,272.02
8859600,272.44
8863200,272.47
8866800,272.19
8870400,271.45
8874000,270.48
8877600,270.1
8881200,269.55
8884800,269.0
8888400,268.45
8892000,267.82
8895600,267.1
8899200,266.17
8902800,265.3
8906400,264.64
8910000,264.29
8913600,264.32
8917200,264.51
8920800,264.65
8924400,265.6
8928000,268.06
8931600,271.77
8935200,274.15
8938800,275.61
8942400,276.55
8946000,277.17
8949600,277.21
8953200,276.42
8956800,273.13
8960400,270.63
8964000,270.19
8967600,269.89
8971200,269.84
8974800,270.06
8978400,269.82
8982000,269.18
8985600,268.59
8989200,268.21
8992800,267.99
8996400,267.71
9000000,267.27
9003600,266.98
9007200,266.77
9010800,267.47
9014400,269.99
9018000,273.63
9021600,276.0
9025200,277.41
9028800,278.42
9032400,278.89
9036000,278.68
9039600,277.57
9043200,273.5
9046800,271.51
9050400,271.56
9054000,271.58
9057600,271.7
9061200,271.94
9064800,271.88
9068400,271.39
9072000,271.77
9075600,271.16
9079200,270.55
9082800,269.87
9086400,269.46
9090000,268.95
9093600,268.64
9097200,271.11
9100800,273.7
9104400,275.84
9108000,277.19
9111600,278.1
9115200,278.75
9118800,279.11
9122400,279.14
9126000,278.6
9129600,275.52
9133200,272.19
9136800,271.15
9140400,270.63
9144000,270.31
9147600,270.05
9151200,269.88
9154800,269.9
9158400,270.08
9162000,270.37
9165600,270.56
9169200,270.2
9172800,269.19
9176400,268.33
9180000,268.3
9183600,270.68
9187200,273.3
9190800,276.44
9194400,278.41
9198000,279.65
9201600,280.48
9205200,280.91
9208800,280.9
9212400,280.27
9216000,276.73
9219600,273.14
9223200,271.77
9226800,271.31
9230400,270.96
9234000,270.59
9237600,270.22
9241200,270.45
9244800,270.58
9248400,269.35
9252000,268.78
9255600,268.5
9259200,268.33
9262800,268.24
9266400,268.57
9270000,270.7
9273600,273.47
9277200,276.41
9280800,279.05
9284400,281.62
9288000,283.92
9291600,285.03
9295200,285.57
9298800,285.17
9302400,281.13
9306000,278.33
9309600,276.99
9313200,275.7
9316800,274.34
9320400,273.0
9324000,272.13
9327600,272.13
9331200,272.39
9334800,272.29
9338400,272.23
9342000,272.16
9345600,271.96
9349200,271.52
9352800,271.41
9356400,274.3
9360000,277.59
9363600,282.13
9367200,284.26
9370800,285.04
9374400,284.9
9378000,284.19
9381600,283.47
9385200,282.52
9388800,280.3
9392400,275.77
9396000,274.23
9399600,273.28
9403200,272.18
9406800,271.1
9410400,270.24
9414000,269.69
9417600,269.13
9421200,268.75
9424800,268.43
9428400,268.13
9432000,267.87
9435600,267.66
9439200,268.0
9442800,270.73
9446400,273.48
9450000,275.95
9453600,277.82
9457200,279.26
9460800,280.31
9464400,280.77
9468000,280.53
9471600,279.48
9475200,277.0
9478800,272.26
9482400,270.87
9486000,270.19
9489600,269.83
9493200,269.83
9496800,269.65
9500400,269.09
9504000,268.63
9507600,268.31
9511200,268.12
9514800,268.05
9518400,268.21
9522000,268.7
9525600,269.69
9529200,272.38
9532800,274.98
9536400,277.16
9540000,278.91
9543600,280.41
9547200,281.48
9550800,281.98
9554400,281.97
9558000,281.23
9561600,277.83
9565200,273.66
9568800,272.38
9572400,271.98
9576000,271.99
9579600,271.8
9583200,271.16
9586800,270.34
9590400,269.8
9594000,269.5
9597600,269.32
9601200,269.21
9604800,269.15
9608400,269.12
9612000,269.55
9615600,273.02
9619200,276.16
9622800,280.3
9626400,282.09
9630000,283.2
9633600,283.87
9637200,284.06
9640800,283.8
9644400,282.9
9648000,278.98
9651600,273.93
9655200,272.63
9658800,271.88
9662400,271.41
9666000,271.29
9669600,271.27
9673200,271.36
9676800,271.1
9680400,270.64
9684000,270.34
9687600,270.22
9691200,270.11
9694800,269.98
9698400,270.52
9702000,274.24
9705600,277.3
9709200,281.83
9712800,283.96
9716400,285.05
9720000,285.66
9723600,285.79
9727200,285.4
9730800,284.41
9734400,280.37
9738000,275.53
9741600,274.73
9745200,274.86
9748800,275.02
9752400,274.71
9756000,273.93
9759600,272.95
9763200,272.2
9766800,271.8
9770400,271.75
9774000,272.01
9777600,272.55
9781200,273.18
9784800,273.79
9788400,275.51
9792000,277.52
9795600,281.27
9799200,284.52
9802800,286.23
9806400,287.51
9810000,288.34
9813600,288.58
9817200,287.91
9820800,283.39
9824400,279.3
9828000,277.22
9831600,275.7
9835200,274.52
9838800,273.66
9842400,272.95
9846000,272.43
9849600,272.05
9853200,271.7
9856800,271.41
9860400,271.23
9864000,271.07
9867600,271.38
9871200,272.34
9874800,275.59
9878400,278.7
9882000,283.53
9885600,287.48
9889200,288.97
9892800,289.71
9896400,289.65
9900000,288.78
9903600,287.27
9907200,283.81
9910800,278.02
9914400,276.16
9918000,275.19
9921600,274.48
9925200,273.98
9928800,273.62
9932400,273.06
9936000,272.68
9939600,272.6
9943200,272.31
9946800,272.04
9950400,271.81
9954000,271.66
9957600,272.48
9961200,277.08
9964800,280.63
9968400,285.61
9972000,288.28
9975600,289.42
9979200,290.01
9982800,289.97
9986400,289.55
9990000,288.69
9993600,285.39
9997200,280.06
10000800,278.25
10004400,277.11
10008000,276.16
10011600,275.43
10015200,274.83
10018800,274.06
10022400,273.32
10026000,272.73
10029600,272.49
10033200,272.38
10036800,272.3
10040400,272.19
10044000,272.9
10047600,277.31
10051200,280.45
10054800,284.78
10058400,288.45
10062000,289.88
10065600,289.47
10069200,288.26
10072800,287.37
10076400,286.53
10080000,285.0
10083600,280.18
10087200,278.12
10090800,276.79
10094400,275.55
10098000,274.73
10101600,274.69
10105200,275.13
10108800,275.66
10112400,275.7
10116000,274.92
10119600,273.66
10123200,272.26
10126800,272.18
10130400,273.06
10134000,277.01
10137600,280.95
10141200,285.78
10144800,288.09
10148400,288.88
10152000,289.29
10155600,289.71
10159200,289.79
10162800,289.13
10166400,286.48
10170000,280.53
10173600,278.79
10177200,278.52
10180800,278.25
10184400,277.98
10188000,277.45
10191600,276.6
10195200,275.93
10198800,275.38
10202400,274.85
10206000,274.29
10209600,273.91
10213200,273.77
10216800,274.52
10220400,278.48
10224000,281.82
10227600,287.3
10231200,291.68
10234800,293.66
10238400,294.65
10242000,295.02
10245600,294.8
10249200,293.98
10252800,290.64
10256400,284.7
10260000,282.23
10263600,280.75
10267200,279.53
10270800,278.77
10274400,278.45
10278000,278.23
10281600,271.04
10285200,270.34
10288800,269.41
10292400,268.85
10296000,268.21
10299600,268.42
10303200,269.41
10306800,271.38
10310400,273.58
10314000,275.75
10317600,277.52
10321200,278.92
10324800,279.92
10328400,280.51
10332000,280.59
10335600,280.03
10339200,278.91
10342800,275.19
10346400,272.45
10350000,271.59
10353600,270.47
10357200,269.38
10360800,268.32
10364400,267.65
10368000,267.34
10371600,267.16
10375200,267.02
10378800,266.83
10382400,266.73
10386000,266.73
10389600,268.46
10393200,271.16
10396800,275.04
10400400,277.95
10404000,279.59
10407600,280.94
10411200,282.09
10414800,282.89
10418400,283.28
10422000,283.13
10425600,282.29
10429200,279.92
10432800,277.86
10436400,276.35
10440000,275.21
10443600,274.3
10447200,273.53
10450800,272.99
10454400,272.48
10458000,271.8
10461600,270.94
10465200,270.22
10468800,269.94
10472400,269.89
10476000,271.68
10479600,275.54
10483200,279.12
10486800,281.81
10490400,283.43
10494000,284.78
10497600,285.87
10501200,286.62
10504800,286.95
10508400,286.84
10512000,285.86
10515600,283.26
10519200,281.5
10522800,278.97
10526400,276.37
10530000,274.79
10533600,274.27
10537200,274.51
10540800,274.27
10544400,273.7
10548000,273.13
10551600,272.36
10555200,271.62
10558800,271.62
10562400,273.23
10566000,277.23
10569600,280.49
10573200,284.78
10576800,287.04
10580400,288.42
10584000,289.45
10587600,290.06
10591200,290.26
10594800,289.95
10598400,288.41
10602000,285.09
10605600,283.46
10609200,282.14
10612800,279.76
10616400,278.48
10620000,277.0
10623600,275.25
10627200,274.05
10630800,273.25
10634400,272.63
10638000,271.91
10641600,271.33
10645200,270.96
10648800,273.28
10652400,276.3
10656000,279.73
10659600,282.34
10663200,283.55
10666800,284.61
10670400,285.17
10674000,284.56
10677600,283.55
10681200,282.13
10684800,280.46
10688400,278.48
10692000,275.31
10695600,273.2
10699200,271.64
10702800,270.51
10706400,269.36
10710000,267.98
10713600,267.07
10717200,266.7
10720800,266.52
10724400,266.41
10728000,266.58
10731600,266.94
10735200,268.64
10738800,271.21
10742400,273.56
10746000,275.89
10749600,278.45
10753200,281.02
10756800,283.3
10760400,284.4
10764000,284.52
10767600,283.61
10771200,281.7
10774800,277.39
10778400,273.47
10782000,271.88
10785600,270.66
10789200,269.66
10792800,268.74
10796400,267.99
10800000,267.82
10803600,267.75
10807200,267.55
10810800,267.35
10814400,267.22
10818000,267.21
10821600,268.13
10825200,270.09
10828800,272.36
10832400,274.66
10836000,276.51
10839600,277.81
10843200,278.69
10846800,279.19
10850400,279.23
10854000,278.69
10857600,277.61
10861200,274.82
10864800,272.04
10868400,270.92
10872000,270.16
10875600,269.54
10879200,268.97
10882800,268.57
10886400,271.77
10890000,271.16
10893600,270.55
10897200,269.87
10900800,269.46
10904400,268.95
10908000,268.64
10911600,271.11
10915200,273.7
10918800,275.84
10922400,277.19
10926000,278.1
10929600,278.75
10933200,279.11
10936800,279.14
10940400,278.6
10944000,275.52
10947600,272.19
10951200,271.15
10954800,270.63
10958400,270.31
10962000,270.05
10965600,269.88
10969200,269.9
10972800,270.08
10976400,270.37
10980000,270.56
10983600,270.2
10987200,269.19
10990800,268.33
10994400,268.3
10998000,270.68
11001600,273.3
11005200,276.44
11008800,278.41
11012400,279.65
11016000,280.48
11019600,280.91
11023200,280.9
11026800,280.27
11030400,276.73
11034000,273.14
11037600,271.77
11041200,271.31
11044800,270.96
11048400,270.59
11052000,270.22
11055600,270.45
11059200,270.58
11062800,269.35
11066400,268.78
11070000,268.5
11073600,268.33
11077200,268.24
11080800,268.57
11084400,270.7
11088000,273.47
11091600,276.41
11095200,279.05
11098800,281.62
11102400,283.92
11106000,285.03
11109600,285.57
11113200,285.17
11116800,281.13
11120400,278.33
11124000,276.99
11127600,275.7
11131200,274.34
11134800,273.0
11138400,272.13
11142000,272.13
11145600,272.39
11149200,272.29
11152800,272.23
11156400,272.16
11160000,271.96
11163600,271.52
11167200,271.41
11170800,274.3
11174400,277.59
11178000,282.13
11181600,284.26
11185200,285.04
11188800,284.9
11192400,284.19
11196000,283.47
11199600,282.52
11203200,280.3
11206800,275.77
11210400,274.23
11214000,273.28
11217600,272.18
11221200,271.1
11224800,270.24
11228400,269.69
11232000,269.13
11235600,268.75
11239200,268.43
11242800,268.13
11246400,267.87
11250000,267.66
11253600,268.0
11257200,270.73
11260800,273.48
11264400,275.95
11268000,277.82
11271600,279.26
11275200,280.31
11278800,280.77
11282400,280.53
11286000,279.48
11289600,277.0
11293200,272.26
11296800,270.87
11300400,270.19
11304000,269.83
11307600,269.83
11311200,269.65
11314800,269.09
11318400,268.63
11322000,268.31
11325600,268.12
11329200,268.05
11332800,268.21
11336400,268.7
11340000,269.69
11343600,272.38
11347200,274.98
11350800,277.16
11354400,278.91
11358000,280.41
11361600,281.48
11365200,281.98
11368800,281.97
11372400,281.23
11376000,277.83
11379600,273.66
11383200,272.38
11386800,271.98
11390400,271.99
11394000,271.8
11397600,271.16
11401200,270.34
11404800,269.8
11408400,269.5
11412000,269.32
11415600,269.21
11419200,269.15
11422800,269.12
11426400,269.55
11430000,273.02
11433600,276.16
11437200,280.3
11440800,282.09
11444400,283.2
11448000,283.87
11451600,284.06
11455200,283.8
11458800,282.9
11462400,278.98
11466000,273.93
11469600,272.63
11473200,271.88
11476800,271.41
11480400,271.29
11484000,271.27
11487600,271.36
11491200,274.91
11494800,273.87
11498400,272.37
11502000,270.82
11505600,270.14
11509200,270.48
11512800,273.91
11516400,277.64
11520000,281.65
11523600,285.1
11527200,287.52
11530800,288.91
11534400,289.6
11538000,289.69
11541600,289.24
11545200,288.44
11548800,287.65
11552400,285.98
11556000,281.36
11559600,279.91
11563200,280.24
11566800,280.68
11570400,280.88
11574000,279.91
11577600,278.6
11581200,277.34
11584800,275.9
11588400,274.51
11592000,273.65
11595600,273.62
11599200,275.93
11602800,280.13
11606400,285.4
11610000,287.48
11613600,288.2
11617200,289.03
11620800,289.53
11624400,289.75
11628000,289.88
11631600,288.9
11635200,287.76
11638800,286.34
11642400,283.7
11646000,283.09
11649600,284.13
11653200,284.14
11656800,282.43
11660400,279.98
11664000,278.9
11667600,278.52
11671200,278.34
11674800,277.92
11678400,277.26
11682000,277.21
11685600,280.92
11689200,283.75
11692800,288.27
11696400,294.27
11700000,298.47
11703600,300.5
11707200,301.52
11710800,301.8
11714400,301.47
11718000,300.92
11721600,299.95
11725200,297.88
11728800,293.77
11732400,292.19
11736000,291.8
11739600,291.36
11743200,291.17
11746800,290.38
11750400,288.16
11754000,285.83
11757600,284.34
11761200,283.44
11764800,283.02
11768400,283.72
11772000,287.66
11775600,291.08
11779200,293.69
11782800,294.37
11786400,294.57
11790000,295.71
11793600,297.6
11797200,298.23
11800800,298.06
11804400,297.41
11808000,296.37
11811600,293.85
11815200,288.39
11818800,286.42
11822400,285.13
11826000,283.88
11829600,282.65
11833200,281.47
11836800,280.08
11840400,278.79
11844000,277.88
11847600,277.53
11851200,277.82
11854800,278.6
11858400,281.35
11862000,284.63
11865600,288.58
11869200,293.45
11872800,296.38
11876400,298.38
11880000,299.67
11883600,300.37
11887200,300.59
11890800,300.37
11894400,299.57
11898000,296.47
11901600,291.97
11905200,290.18
11908800,289.0
11912400,288.01
11916000,286.9
11919600,285.66
11923200,285.46
11926800,285.13
11930400,284.96
11934000,284.81
11937600,282.82
11941200,281.84
11944800,285.31
11948400,289.16
11952000,292.26
11955600,293.98
11959200,293.78
11962800,292.87
11966400,291.65
11970000,290.95
11973600,289.99
11977200,286.57
11980800,284.79
11984400,283.84
11988000,282.85
11991600,282.45
11995200,282.16
11998800,281.77
12002400,280.66
12006000,278.77
12009600,277.02
12013200,275.89
12016800,275.05
12020400,274.34
12024000,273.81
12027600,274.19
12031200,276.93
12034800,280.16
12038400,282.94
12042000,285.03
12045600,286.39
12049200,287.35
12052800,288.11
12056400,288.38
12060000,288.55
12063600,288.06
12067200,287.09
12070800,286.08
12074400,284.47
12078000,283.7
12081600,282.98
12085200,282.3
12088800,281.69
12092400,280.5
12096000,279.63
12099600,277.88
12103200,276.65
12106800,276.02
12110400,275.38
12114000,275.26
12117600,278.31
12121200,280.7
12124800,282.71
12128400,284.48
12132000,285.87
12135600,286.51
12139200,287.46
12142800,287.86
12146400,287.19
12150000,286.79
12153600,286.81
12157200,286.2
12160800,283.7
12164400,283.1
12168000,282.31
12171600,281.24
12175200,280.44
12178800,278.95
12182400,277.77
12186000,277.05
12189600,276.92
12193200,276.8
12196800,276.12
12200400,275.93
12204000,278.67
12207600,281.96
12211200,284.8
12214800,286.98
12218400,288.53
12222000,289.65
12225600,290.53
12229200,291.07
12232800,291.13
12236400,290.63
12240000,289.94
12243600,288.81
12247200,286.47
12250800,285.44
12254400,284.74
12258000,284.03
12261600,283.37
12265200,282.72
12268800,282.03
12272400,280.98
12276000,280.11
12279600,279.73
12283200,279.82
12286800,280.73
12290400,282.81
12294000,285.33
12297600,287.83
12301200,289.95
12304800,291.45
12308400,292.38
12312000,292.84
12315600,292.99
12319200,292.57
12322800,291.77
12326400,290.58
12330000,289.02
12333600,286.61
12337200,284.3
12340800,282.58
12344400,281.21
12348000,280.13
12351600,279.0
12355200,277.94
12358800,276.94
12362400,276.05
12366000,275.34
12369600,274.88
12373200,275.87
12376800,277.09
12380400,278.66
12384000,280.09
12387600,280.91
12391200,281.45
12394800,282.48
12398400,284.21
12402000,285.5
12405600,285.95
12409200,285.96
12412800,285.88
12416400,285.48
12420000,283.16
12423600,281.91
12427200,281.35
12430800,280.84
12434400,280.38
12438000,280.08
12441600,279.51
12445200,277.59
12448800,275.77
12452400,274.53
12456000,273.63
12459600,273.98
12463200,275.95
12466800,278.84
12470400,281.78
12474000,284.36
12477600,286.29
12481200,287.77
12484800,289.24
12488400,290.55
12492000,291.32
12495600,291.41
12499200,290.87
12502800,289.65
12506400,285.78
12510000,283.7
12513600,282.44
12517200,281.35
12520800,280.53
12524400,280.03
12528000,279.72
12531600,279.67
12535200,279.94
12538800,280.09
12542400,279.48
12546000,278.95
12549600,280.86
12553200,283.42
12556800,285.96
12560400,289.68
12564000,294.03
12567600,295.63
12571200,295.52
12574800,295.61
12578400,295.68
12582000,295.23
12585600,294.24
12589200,292.8
12592800,290.36
12596400,289.08
12600000,287.61
12603600,286.36
12607200,285.53
12610800,285.06
12614400,283.02
12618000,281.52
12621600,280.15
12625200,278.99
12628800,278.65
12632400,279.46
12636000,282.15
12639600,284.04
12643200,285.94
12646800,288.05
12650400,289.39
12654000,290.11
12657600,290.33
12661200,290.24
12664800,289.98
12668400,289.3
12672000,288.28
12675600,287.46
12679200,285.7
12682800,283.15
12686400,281.82
12690000,280.88
12693600,280.94
12697200,280.98
12700800,279.79
12704400,278.96
12708000,278.25
12711600,276.45
12715200,274.48
12718800,273.72
12722400,274.68
12726000,275.3
12729600,275.69
12733200,276.7
12736800,278.66
12740400,281.3
12744000,282.58
12747600,283.08
12751200,283.7
12754800,284.04
12758400,284.02
12762000,283.66
12765600,280.11
12769200,277.91
12772800,276.98
12776400,276.29
12780000,276.05
12783600,275.72
12787200,275.35
12790800,274.99
12794400,274.63
12798000,274.33
12801600,273.67
12805200,274.19
12808800,276.85
12812400,280.31
12816000,285.49
12819600,288.43
12823200,289.79
12826800,290.67
12830400,291.45
12834000,292.49
12837600,293.11
12841200,293.03
12844800,292.45
12848400,291.06
12852000,287.22
12855600,284.61
12859200,283.19
12862800,281.79
12866400,280.63
12870000,279.68
12873600,278.96
12877200,278.68
12880800,278.9
12884400,279.26
12888000,279.39
12891600,279.93
12895200,284.05
12898800,288.45
12902400,293.01
12906000,294.95
12909600,296.16
12913200,297.03
12916800,297.66
12920400,297.91
12924000,297.77
12927600,297.24
12931200,296.46
12934800,294.91
12938400,289.76
12942000,287.39
12945600,286.51
12949200,285.91
12952800,285.34
12956400,284.33
12960000,282.38
12963600,281.08
12967200,279.88
12970800,278.73
12974400,278.7
12978000,279.75
12981600,281.29
12985200,282.83
12988800,285.51
12992400,288.79
12996000,291.22
12999600,292.47
13003200,292.97
13006800,293.3
13010400,294.8
13014000,296.28
13017600,296.77
13021200,294.76
13024800,289.77
13028400,287.59
13032000,286.55
13035600,285.82
13039200,285.07
13042800,284.31
13046400,283.66
13050000,283.05
13053600,282.55
13057200,282.02
13060800,281.6
13064400,282.61
13068000,286.94
13071600,290.39
13075200,295.26
13078800,298.88
13082400,300.86
13086000,302.02
13089600,302.8
13093200,303.19
13096800,303.16
13100400,302.63
13104000,301.76
13107600,300.12
13111200,295.59
13114800,293.73
13118400,292.86
13122000,292.34
13125600,291.04
13129200,289.1
13132800,287.57
13136400,286.7
13140000,286.4
13143600,286.41
13147200,286.28
13150800,287.27
13154400,289.84
13158000,292.25
13161600,295.45
13165200,298.62
13168800,300.54
13172400,301.89
13176000,302.74
13179600,303.0
13183200,302.86
13186800,302.3
13190400,301.48
13194000,300.24
13197600,298.06
13201200,296.88
13204800,295.77
13208400,294.3
13212000,293.03
13215600,291.93
13219200,291.16
13222800,290.27
13226400,288.85
13230000,288.1
13233600,287.6
13237200,288.23
13240800,288.82
13244400,289.69
13248000,290.78
13251600,292.01
13255200,292.88
13258800,293.38
13262400,292.66
13266000,292.08
13269600,291.38
13273200,290.46
13276800,289.59
13280400,288.76
13284000,287.63
13287600,286.59
13291200,286.08
13294800,285.34
13298400,284.34
13302000,282.86
13305600,283.9
13309200,283.08
13312800,282.48
13316400,281.95
13320000,281.8
13323600,284.89
13327200,288.24
13330800,292.47
13334400,295.06
13338000,296.49
13341600,297.06
13345200,297.85
13348800,298.53
13352400,298.79
13356000,298.93
13359600,299.1
13363200,298.81
13366800,298.13
13370400,296.34
13374000,294.37
13377600,292.36
13381200,289.95
13384800,288.48
13388400,287.46
13392000,286.59
13395600,285.81
13399200,285.16
13402800,284.64
13406400,284.52
13410000,287.31
13413600,290.64
13417200,294.99
13420800,297.81
13424400,299.58
13428000,300.59
13431600,301.29
13435200,302.09
13438800,302.33
13442400,302.1
13446000,301.21
13449600,300.02
13453200,298.28
13456800,296.02
13460400,293.22
13464000,292.09
13467600,290.81
13471200,290.12
13474800,289.21
13478400,288.16
13482000,287.19
13485600,286.53
13489200,285.27
13492800,284.83
13496400,287.14
13500000,290.46
13503600,294.06
13507200,295.94
13510800,297.56
13514400,298.98
13518000,299.99
13521600,299.91
13525200,299.83
13528800,299.97
13532400,299.57
13536000,298.89
13539600,297.93
13543200,295.41
13546800,292.77
13550400,291.71
13554000,290.73
13557600,289.07
13561200,288.09
13564800,287.77
13568400,287.82
13572000,287.1
13575600,286.13
13579200,285.7
13582800,288.62
13586400,292.59
13590000,296.83
13593600,299.78
13597200,301.53
13600800,302.69
13604400,303.44
13608000,303.86
13611600,303.91
13615200,303.59
13618800,302.88
13622400,301.84
13626000,300.38
13629600,297.91
13633200,294.46
13636800,293.2
13640400,292.06
13644000,290.84
13647600,289.63
13651200,288.55
13654800,287.66
13658400,287.36
13662000,288.02
13665600,288.31
13669200,289.35
13672800,291.98
13676400,296.63
13680000,300.05
13683600,302.52
13687200,304.25
13690800,305.36
13694400,305.97
13698000,306.07
13701600,305.66
13705200,304.76
13708800,303.69
13712400,302.57
13716000,299.78
13719600,296.12
13723200,295.07
13726800,294.34
13730400,293.77
13734000,293.39
13737600,292.97
13741200,292.55
13744800,292.13
13748400,291.35
13752000,290.63
13755600,291.76
13759200,294.77
13762800,298.06
13766400,300.45
13770000,302.21
13773600,302.63
13777200,302.77
13780800,302.98
13784400,302.92
13788000,302.48
13791600,301.72
13795200,300.91
13798800,299.98
13802400,298.19
13806000,294.25
13809600,292.56
13813200,291.12
13816800,289.83
13820400,288.73
13824000,287.93
13827600,287.41
13831200,286.98
13834800,286.52
13838400,286.36
13842000,289.77
13845600,293.25
13849200,297.75
13852800,299.84
13856400,301.42
13860000,302.48
13863600,303.17
13867200,303.54
13870800,303.8
13874400,303.98
13878000,303.83
13881600,303.38
13885200,302.55
13888800,300.1
13892400,295.97
13896000,294.39
13899600,293.07
13903200,291.92
13906800,290.99
13910400,291.71
13914000,291.23
13917600,290.79
13921200,290.59
13924800,290.53
13928400,290.91
13932000,291.69
13935600,293.73
13939200,295.52
13942800,296.66
13946400,297.56
13950000,297.59
13953600,297.37
13957200,298.37
13960800,299.94
13964400,300.4
13968000,299.84
13971600,298.59
13975200,296.05
13978800,293.23
13982400,292.25
13986000,291.43
13989600,290.84
13993200,290.51
13996800,290.24
14000400,289.95
14004000,289.52
14007600,289.12
14011200,288.87
14014800,290.81
14018400,293.56
14022000,296.6
14025600,299.2
14029200,301.15
14032800,302.58
14036400,304.23
14040000,305.5
14043600,306.2
14047200,306.44
14050800,306.34
14054400,305.84
14058000,304.8
14061600,301.48
14065200,298.04
14068800,296.73
14072400,295.65
14076000,294.57
14079600,293.54
14083200,292.67
14086800,291.98
14090400,291.73
14094000,292.01
14097600,291.54
14101200,292.98
14104800,294.65
14108400,296.96
14112000,301.05
14115600,304.82
14119200,306.85
14122800,308.47
14126400,309.5
14130000,309.98
14133600,308.29
14137200,307.2
14140800,307.4
14144400,305.86
14148000,301.95
14151600,299.86
14155200,298.68
14158800,297.63
14162400,297.19
14166000,296.49
14169600,295.48
14173200,294.3
14176800,293.55
14180400,292.97
14184000,292.71
14187600,294.45
14191200,297.6
14194800,301.33
14198400,304.45
14202000,306.36
14205600,308.15
14209200,309.62
14212800,310.43
14216400,310.77
14220000,310.74
14223600,310.16
14227200,309.21
14230800,307.74
14234400,304.27
14238000,301.2
14241600,299.87
14245200,298.48
14248800,297.14
14252400,296.08
14256000,295.06
14259600,294.19
14263200,293.53
14266800,293.09
14270400,292.65
14274000,293.83
14277600,295.49
14281200,298.64
14284800,302.23
14288400,305.55
14292000,307.92
14295600,309.86
14299200,311.06
14302800,310.41
14306400,308.33
14310000,308.31
14313600,307.54
14317200,305.2
14320800,301.28
14324400,298.81
14328000,297.3
14331600,296.23
14335200,295.58
14338800,295.1
14342400,294.7
14346000,294.67
14349600,295.01
14353200,295.13
14356800,294.39
14360400,294.55
14364000,295.44
14367600,297.16
14371200,298.8
14374800,299.79
14378400,300.41
14382000,300.88
14385600,301.16
14389200,301.42
14392800,301.95
14396400,302.03
14400000,301.95
14403600,301.14
14407200,299.28
14410800,298.14
14414400,297.8
14418000,297.01
14421600,296.2
14425200,295.71
14428800,295.13
14432400,294.4
14436000,293.87
14439600,293.84
14443200,294.36
14446800,294.59
14450400,295.5
14454000,297.16
14457600,299.34
14461200,302.0
14464800,304.05
14468400,305.09
14472000,305.63
14475600,305.98
14479200,306.07
14482800,305.8
14486400,305.23
14490000,303.74
14493600,300.7
14497200,298.35
14500800,297.3
14504400,296.2
14508000,295.07
14511600,294.2
14515200,292.43
14518800,291.56
14522400,290.94
14526000,290.52
14529600,290.38
14533200,291.47
14536800,293.37
14540400,295.43
14544000,297.2
14547600,298.96
14551200,300.59
14554800,301.92
14558400,302.86
14562000,303.29
14565600,303.16
14569200,302.48
14572800,301.52
14576400,300.53
14580000,298.7
14583600,295.5
14587200,294.73
14590800,294.05
14594400,292.84
14598000,291.62
14601600,290.69
14605200,289.89
14608800,289.13
14612400,288.41
14616000,287.96
14619600,290.73
14623200,294.09
14626800,298.25
14630400,300.44
14634000,302.09
14637600,303.48
14641200,304.57
14644800,305.4
14648400,305.88
14652000,305.98
14655600,305.68
14659200,305.04
14662800,303.98
14666400,300.39
14670000,296.93
14673600,295.41
14677200,294.27
14680800,293.28
14684400,292.27
14688000,291.26
14691600,290.3
14695200,289.45
14698800,288.76
14702400,288.4
14706000,290.87
14709600,293.79
14713200,297.36
14716800,301.57
14720400,303.77
14724000,305.32
14727600,306.65
14731200,307.66
14734800,308.24
14738400,308.42
14742000,308.16
14745600,307.35
14749200,306.05
14752800,302.08
14756400,298.27
14760000,296.76
14763600,295.48
14767200,294.2
14770800,293.05
14774400,292.06
14778000,291.38
14781600,291.09
14785200,290.95
14788800,290.87
14792400,291.63
14796000,293.88
14799600,297.61
14803200,301.98
14806800,305.81
14810400,307.8
14814000,309.2
14817600,310.1
14821200,310.53
14824800,310.55
14828400,310.13
14832000,309.25
14835600,307.97
14839200,304.03
14842800,300.47
14846400,299.07
14850000,297.95
14853600,296.95
14857200,296.03
14860800,295.01
14864400,293.99
14868000,293.13
14871600,292.52
14875200,292.23
14878800,294.77
14882400,297.84
14886000,301.2
14889600,304.57
14893200,307.27
14896800,309.14
14900400,310.3
14904000,310.97
14907600,311.16
14911200,310.96
14914800,310.37
14918400,309.43
14922000,308.06
14925600,305.33
14929200,302.07
14932800,301.24
14936400,300.09
14940000,298.86
14943600,297.66
14947200,296.49
14950800,295.27
14954400,294.19
14958000,293.34
14961600,292.87
14965200,294.99
14968800,298.05
14972400,302.24
14976000,304.87
14979600,306.64
14983200,308.19
14986800,309.42
14990400,310.29
14994000,310.7
14997600,310.69
15001200,310.15
15004800,309.12
15008400,307.57
15012000,304.6
15015600,301.06
15019200,300.16
15022800,299.02
15026400,297.82
15030000,296.7
15033600,295.71
15037200,294.91
15040800,294.25
15044400,293.66
15048000,293.38
15051600,295.13
15055200,297.51
15058800,299.7
15062400,300.83
15066000,301.71
15069600,302.23
15073200,302.48
15076800,303.16
15080400,302.9
15084000,302.23
15087600,301.52
15091200,300.99
15094800,299.93
15098400,297.39
15102000,294.91
15105600,293.95
15109200,293.07
15112800,292.45
15116400,292.13
15120000,286.23
15123600,285.58
15127200,285.07
15130800,285.07
15134400,285.09
15138000,286.4
15141600,289.6
15145200,294.38
15148800,297.7
15152400,299.32
15156000,300.48
15159600,301.41
15163200,302.07
15166800,302.47
15170400,302.44
15174000,301.88
15177600,300.72
15181200,299.52
15184800,297.12
15188400,295.3
15192000,294.88
15195600,294.49
15199200,294.07
15202800,292.63
15206400,291.08
15210000,289.8
15213600,289.06
15217200,288.54
15220800,287.92
15224400,288.74
15228000,290.38
15231600,292.76
15235200,295.3
15238800,297.44
15242400,299.38
15246000,300.61
15249600,301.73
15253200,302.63
15256800,302.77
15260400,302.39
15264000,301.51
15267600,300.38
15271200,298.8
15274800,296.02
15278400,294.95
15282000,294.11
15285600,293.18
15289200,292.41
15292800,291.32
15296400,290.62
15300000,289.85
15303600,289.62
15307200,289.54
15310800,290.73
15314400,292.35
15318000,294.51
15321600,297.31
15325200,299.21
15328800,300.38
15332400,301.0
15336000,301.32
15339600,301.69
15343200,301.8
15346800,301.73
15350400,301.37
15354000,300.18
15357600,297.98
15361200,296.28
15364800,294.22
15368400,292.98
15372000,292.18
15375600,291.91
15379200,291.77
15382800,291.11
15386400,290.34
15390000,289.7
15393600,289.44
15397200,290.38
15400800,291.7
15404400,293.51
15408000,295.41
15411600,297.32
15415200,298.85
15418800,299.89
15422400,300.05
15426000,299.6
15429600,299.18
15433200,298.0
15436800,296.33
15440400,294.28
15444000,292.34
15447600,290.88
15451200,290.05
15454800,289.52
15458400,289.19
15462000,288.86
15465600,288.41
15469200,287.85
15472800,286.95
15476400,286.34
15480000,286.07
15483600,287.4
15487200,289.54
15490800,292.04
15494400,294.29
15498000,296.28
15501600,297.74
15505200,298.7
15508800,299.42
15512400,299.82
15516000,299.83
15519600,299.46
15523200,298.77
15526800,297.67
15530400,294.73
15534000,292.34
15537600,291.73
15541200,291.3
15544800,291.41
15548400,291.07
15552000,290.38
15555600,289.88
15559200,289.27
15562800,288.8
15566400,287.74
15570000,287.59
15573600,288.7
15577200,290.34
15580800,292.97
15584400,295.06
15588000,296.3
15591600,296.99
15595200,297.51
15598800,297.79
15602400,297.71
15606000,297.16
15609600,296.48
15613200,295.54
15616800,293.57
15620400,290.56
15624000,289.38
15627600,288.71
15631200,288.05
15634800,287.16
15638400,286.3
15642000,285.49
15645600,284.67
15649200,283.94
15652800,283.25
15656400,285.04
15660000,288.13
15663600,291.7
15667200,293.23
15670800,294.67
15674400,295.88
15678000,296.77
15681600,297.36
15685200,297.55
15688800,297.37
15692400,296.88
15696000,296.36
15699600,295.63
15703200,292.9
15706800,289.55
15710400,288.05
15714000,286.88
15717600,285.87
15721200,284.9
15724800,294.05
15728400,293.13
15732000,292.29
15735600,291.58
15739200,291.27
15742800,294.31
15746400,297.72
15750000,302.39
15753600,306.38
15757200,307.92
15760800,309.63
15764400,310.87
15768000,311.49
15771600,311.55
15775200,311.37
15778800,310.87
15782400,310.02
15786000,308.7
15789600,305.2
15793200,302.55
15796800,301.45
15800400,300.45
15804000,299.45
15807600,298.84
15811200,298.05
15814800,297.25
15818400,296.47
15822000,295.69
15825600,295.29
15829200,296.68
15832800,298.73
15836400,301.69
15840000,304.46
15843600,306.19
15847200,307.91
15850800,308.77
15854400,307.73
15858000,307.14
15861600,306.37
15865200,305.69
15868800,305.05
15872400,304.18
15876000,302.78
15879600,300.14
15883200,298.49
15886800,297.24
15890400,296.3
15894000,295.63
15897600,295.06
15901200,294.67
15904800,294.91
15908400,294.7
15912000,294.41
15915600,295.73
15919200,297.56
15922800,300.05
15926400,303.14
15930000,305.52
15933600,306.5
15937200,307.17
15940800,307.66
15944400,307.78
15948000,307.91
15951600,308.02
15955200,307.27
15958800,306.55
15962400,305.04
15966000,302.97
15969600,302.16
15973200,301.16
15976800,299.77
15980400,298.89
15984000,298.1
15987600,297.21
15991200,295.49
15994800,293.02
15998400,291.33
16002000,290.78
16005600,290.88
16009200,291.57
16012800,292.55
16016400,293.31
16020000,294.3
16023600,296.02
16027200,297.86
16030800,299.2
16034400,299.85
16038000,300.05
16041600,299.61
16045200,298.71
16048800,296.01
16052400,292.83
16056000,291.59
16059600,290.55
16063200,289.73
16066800,289.21
16070400,288.88
16074000,288.64
16077600,288.24
16081200,287.77
16084800,287.67
16088400,289.74
16092000,293.0
16095600,297.47
16099200,299.54
16102800,300.95
16106400,302.2
16110000,303.34
16113600,304.13
16117200,304.63
16120800,304.73
16124400,304.37
16128000,303.64
16131600,302.57
16135200,299.68
16138800,295.98
16142400,294.66
16146000,293.56
16149600,292.48
16153200,291.48
16156800,290.65
16160400,289.96
16164000,289.35
16167600,288.8
16171200,288.59
16174800,291.56
16178400,295.32
16182000,298.68
16185600,301.68
16189200,303.93
16192800,305.45
16196400,306.29
16200000,306.62
16203600,306.47
16207200,306.12
16210800,305.68
16214400,305.05
16218000,304.02
16221600,300.59
16225200,297.3
16228800,296.3
16232400,296.02
16236000,295.53
16239600,294.95
16243200,293.89
16246800,292.34
16250400,291.25
16254000,290.6
16257600,290.34
16261200,293.42
16264800,297.05
16268400,301.07
16272000,304.03
16275600,305.75
16279200,306.84
16282800,307.24
16286400,307.08
16290000,306.74
16293600,306.52
16297200,306.46
16300800,306.08
16304400,304.95
16308000,302.42
16311600,299.01
16315200,296.92
16318800,295.13
16322400,293.67
16326000,292.64
16329600,296.01
16333200,295.1
16336800,294.31
16340400,293.6
16344000,293.25
16347600,295.54
16351200,298.5
16354800,302.3
16358400,305.73
16362000,307.89
16365600,309.41
16369200,310.23
16372800,310.56
16376400,310.04
16380000,309.26
16383600,309.97
16387200,309.8
16390800,307.7
16394400,304.55
16398000,301.89
16401600,300.29
16405200,299.47
16408800,297.27
16412400,295.0
16416000,294.89
16419600,295.27
16423200,294.95
16426800,294.59
16430400,294.35
16434000,294.77
16437600,296.95
16441200,299.81
16444800,302.33
16448400,304.35
16452000,305.75
16455600,306.52
16459200,306.4
16462800,306.1
16466400,305.29
16470000,304.44
16473600,303.48
16477200,302.58
16480800,301.5
16484400,299.98
16488000,298.2
16491600,296.66
16495200,295.43
16498800,294.58
16502400,293.73
16506000,292.85
16509600,292.08
16513200,291.65
16516800,291.34
16520400,292.97
16524000,295.45
16527600,298.44
16531200,301.38
16534800,303.67
16538400,305.69
16542000,307.35
16545600,308.48
16549200,308.99
16552800,309.01
16556400,308.63
16560000,307.27
16563600,305.41
16567200,302.91
16570800,300.28
16574400,298.88
16578000,297.34
16581600,295.95
16585200,295.01
16588800,294.27
16592400,293.54
16596000,292.35
16599600,292.1
16603200,291.48
16606800,292.64
16610400,295.56
16614000,298.74
16617600,301.35
16621200,303.55
16624800,305.25
16628400,306.4
16632000,307.14
16635600,307.51
16639200,307.52
16642800,307.05
16646400,306.2
16650000,304.99
16653600,302.2
16657200,300.11
16660800,298.6
16664400,296.91
16668000,295.89
16671600,294.95
16675200,294.26
16678800,293.73
16682400,292.73
16686000,292.8
16689600,292.48
16693200,293.04
16696800,294.92
16700400,298.27
16704000,302.2
16707600,304.73
16711200,305.38
16714800,307.2
16718400,307.4
16722000,304.34
16725600,301.79
16729200,298.3
16732800,295.84
16736400,294.21
16740000,293.1
16743600,292.52
16747200,292.17
16750800,291.88
16754400,291.35
16758000,291.14
16761600,290.47
16765200,289.76
16768800,289.11
16772400,288.52
16776000,288.34
16779600,290.72
16783200,293.98
16786800,297.26
16790400,299.47
16794000,301.33
16797600,303.12
16801200,304.61
16804800,305.67
16808400,306.23
16812000,306.34
16815600,305.96
16819200,304.86
16822800,303.22
16826400,300.57
16830000,296.76
16833600,296.31
16837200,295.66
16840800,294.41
16844400,293.37
16848000,292.38
16851600,291.31
16855200,290.25
16858800,289.39
16862400,289.13
16866000,292.23
16869600,295.74
16873200,301.27
16876800,304.04
16880400,305.81
16884000,307.09
16887600,308.08
16891200,308.81
16894800,309.28
16898400,309.46
16902000,309.31
16905600,308.58
16909200,307.37
16912800,304.34
16916400,301.16
16920000,300.85
16923600,299.73
16927200,297.13
16930800,295.19
16934400,285.66
16938000,284.97
16941600,283.74
16945200,282.73
16948800,282.13
16952400,282.93
16956000,284.73
16959600,287.22
16963200,289.89
16966800,292.13
16970400,293.66
16974000,294.69
16977600,295.38
16981200,295.69
16984800,295.52
16988400,294.96
16992000,294.14
16995600,292.99
16999200,289.25
17002800,287.27
17006400,286.25
17010000,284.69
17013600,283.64
17017200,282.91
17020800,281.96
17024400,281.28
17028000,281.16
17031600,281.44
17035200,282.01
17038800,283.21
17042400,285.08
17046000,288.02
17049600,291.67
17053200,295.66
17056800,299.46
17060400,300.91
17064000,300.46
17067600,300.64
17071200,300.34
17074800,299.59
17078400,299.23
17082000,297.92
17085600,293.65
17089200,291.52
17092800,290.67
17096400,290.39
17100000,290.18
17103600,289.55
17107200,288.71
17110800,288.15
17114400,287.64
17118000,287.15
17121600,286.35
17125200,287.73
17128800,291.06
17132400,295.72
17136000,300.02
17139600,302.24
17143200,303.46
17146800,304.2
17150400,304.56
17154000,304.55
17157600,304.23
17161200,303.73
17164800,302.8
17168400,301.2
17172000,296.84
17175600,293.16
17179200,291.72
17182800,290.7
17186400,289.93
17190000,289.3
17193600,288.84
17197200,288.48
17200800,287.9
17204400,287.34
17208000,286.84
17211600,288.92
17215200,293.32
17218800,297.13
17222400,301.62
17226000,303.36
17229600,304.66
17233200,305.66
17236800,306.32
17240400,306.56
17244000,306.38
17247600,305.82
17251200,304.93
17254800,303.4
17258400,298.34
17262000,295.63
17265600,295.02
17269200,293.73
17272800,292.56
17276400,292.59
17280000,293.06
17283600,292.63
17287200,291.84
17290800,291.11
17294400,290.23
17298000,291.07
17301600,293.27
17305200,295.96
17308800,298.23
17312400,299.95
17316000,300.94
17319600,301.19
17323200,300.73
17326800,299.79
17330400,298.75
17334000,297.92
17337600,297.41
17341200,296.71
17344800,294.48
17348400,292.41
17352000,291.5
17355600,290.44
17359200,289.42
17362800,287.9
17366400,285.83
17370000,284.51
17373600,283.41
17377200,282.34
17380800,281.64
17384400,282.79
17388000,285.63
17391600,289.15
17395200,292.22
17398800,294.52
17402400,296.18
17406000,297.57
17409600,298.79
17413200,299.58
17416800,299.84
17420400,299.51
17424000,298.63
17427600,297.16
17431200,293.95
17434800,290.91
17438400,290.05
17442000,288.87
17445600,287.57
17449200,286.92
17452800,287.24
17456400,287.84
17460000,287.88
17463600,287.45
17467200,286.58
17470800,286.5
17474400,288.84
17478000,292.48
17481600,294.51
17485200,295.13
17488800,296.38
17492400,298.86
17496000,301.12
17499600,303.01
17503200,303.08
17506800,301.93
17510400,300.66
17514000,299.51
17517600,297.43
17521200,294.55
17524800,293.02
17528400,291.52
17532000,289.92
17535600,288.45
17539200,281.52
17542800,280.75
17546400,280.12
17550000,279.57
17553600,279.4
17557200,280.08
17560800,281.57
17564400,283.35
17568000,284.99
17571600,286.59
17575200,288.05
17578800,289.35
17582400,290.27
17586000,290.88
17589600,290.3
17593200,289.39
17596800,288.4
17600400,287.41
17604000,285.98
17607600,284.82
17611200,284.13
17614800,283.63
17618400,283.19
17622000,282.6
17625600,282.05
17629200,281.49
17632800,281.04
17636400,280.67
17640000,280.34
17643600,280.29
17647200,281.12
17650800,282.63
17654400,284.28
17658000,286.41
17661600,288.79
17665200,290.6
17668800,291.88
17672400,292.78
17676000,293.23
17679600,293.02
17683200,292.44
17686800,291.3
17690400,287.36
17694000,284.18
17697600,282.96
17701200,281.98
17704800,281.1
17708400,280.13
17712000,279.15
17715600,278.3
17719200,277.55
17722800,276.92
17726400,276.42
17730000,278.03
17733600,281.47
17737200,285.06
17740800,289.21
17744400,290.89
17748000,292.17
17751600,293.27
17755200,293.8
17758800,294.07
17762400,294.09
17766000,293.84
17769600,293.31
17773200,292.08
17776800,288.86
17780400,287.34
17784000,286.72
17787600,286.61
17791200,286.44
17794800,285.7
17798400,284.99
17802000,284.18
17805600,283.26
17809200,282.3
17812800,281.63
17816400,281.74
17820000,283.38
17823600,287.11
17827200,289.71
17830800,291.87
17834400,293.63
17838000,293.88
17841600,293.61
17845200,293.48
17848800,293.19
17852400,292.26
17856000,290.99
17859600,289.84
17863200,288.12
17866800,286.95
17870400,286.35
17874000,285.91
17877600,285.41
17881200,284.85
17884800,284.16
17888400,283.59
17892000,283.09
17895600,282.43
17899200,282.45
17902800,282.78
17906400,284.01
17910000,285.11
17913600,287.45
17917200,288.77
17920800,288.76
17924400,288.48
17928000,288.42
17931600,288.42
17935200,288.49
17938800,288.44
17942400,288.14
17946000,287.58
17949600,285.98
17953200,284.35
17956800,283.87
17960400,283.28
17964000,282.7
17967600,282.32
17971200,282.04
17974800,281.85
17978400,281.77
17982000,281.95
17985600,281.85
17989200,282.27
17992800,284.0
17996400,285.99
18000000,287.34
18003600,289.01
18007200,290.79
18010800,292.51
18014400,293.73
18018000,294.2
18021600,294.09
18025200,293.73
18028800,293.33
18032400,292.54
18036000,289.66
18039600,287.86
18043200,286.63
18046800,285.16
18050400,284.07
18054000,283.13
18057600,282.17
18061200,281.45
18064800,281.06
18068400,280.46
18072000,279.87
18075600,281.47
18079200,284.48
18082800,288.77
18086400,291.94
18090000,293.26
18093600,293.91
18097200,294.68
18100800,295.58
18104400,296.12
18108000,296.34
18111600,296.44
18115200,296.17
18118800,295.27
18122400,291.57
18126000,288.97
18129600,288.42
18133200,287.25
18136800,286.46
18140400,286.21
18144000,287.65
18147600,286.74
18151200,285.59
18154800,284.13
18158400,282.77
18162000,282.76
18165600,284.17
18169200,286.21
18172800,288.38
18176400,290.36
18180000,291.73
18183600,292.42
18187200,292.73
18190800,293.07
18194400,293.34
18198000,293.09
18201600,292.09
18205200,290.39
18208800,288.11
18212400,285.56
18216000,284.4
18219600,282.64
18223200,281.21
18226800,280.22
18230400,279.45
18234000,278.77
18237600,278.59
18241200,278.9
18244800,279.1
18248400,279.68
18252000,281.23
18255600,283.07
18259200,284.63
18262800,286.16
18266400,287.7
18270000,289.2
18273600,290.25
18277200,290.84
18280800,290.95
18284400,290.76
18288000,290.0
18291600,289.07
18295200,287.27
18298800,284.41
18302400,282.64
18306000,281.08
18309600,281.45
18313200,281.33
18316800,280.95
18320400,280.24
18324000,279.52
18327600,279.02
18331200,278.73
18334800,279.7
18338400,281.77
18342000,284.3
18345600,287.57
18349200,290.46
18352800,292.2
18356400,293.38
18360000,293.96
18363600,294.0
18367200,293.85
18370800,293.56
18374400,292.95
18378000,291.85
18381600,288.91
18385200,285.06
18388800,283.64
18392400,282.21
18396000,281.14
18399600,280.49
18403200,280.11
18406800,279.77
18410400,279.33
18414000,278.82
18417600,278.5
18421200,280.23
18424800,283.26
18428400,287.56
18432000,290.41
18435600,292.47
18439200,294.06
18442800,295.3
18446400,296.26
18450000,296.88
18453600,297.09
18457200,296.88
18460800,296.23
18464400,295.16
18468000,292.06
18471600,288.45
18475200,287.13
18478800,285.95
18482400,285.06
18486000,284.42
18489600,284.32
18493200,284.31
18496800,284.34
18500400,283.79
18504000,282.95
18507600,283.06
18511200,283.77
18514800,285.05
18518400,287.37
18522000,289.58
18525600,291.88
18529200,293.81
18532800,294.86
18536400,295.43
18540000,295.47
18543600,295.44
18547200,296.05
18550800,295.55
18554400,292.47
18558000,290.01
18561600,289.46
18565200,288.34
18568800,287.38
18572400,287.18
18576000,287.36
18579600,287.37
18583200,287.91
18586800,288.08
18590400,287.34
18594000,287.27
18597600,289.05
18601200,291.63
18604800,293.47
18608400,295.08
18612000,296.54
18615600,297.62
18619200,298.12
18622800,298.03
18626400,297.45
18630000,296.43
18633600,295.07
18637200,293.24
18640800,290.84
18644400,288.37
18648000,286.48
18651600,284.82
18655200,283.66
18658800,282.73
18662400,281.92
18666000,281.26
18669600,280.7
18673200,280.15
18676800,279.72
18680400,282.3
18684000,285.73
18687600,289.73
18691200,292.23
18694800,294.23
18698400,295.69
18702000,296.74
18705600,297.48
18709200,297.88
18712800,297.89
18716400,297.46
18720000,296.75
18723600,295.81
18727200,292.97
18730800,290.32
18734400,290.31
18738000,289.66
18741600,288.57
18745200,287.2
18748800,285.66
18752400,284.97
18756000,283.74
18759600,282.73
18763200,282.13
18766800,282.93
18770400,284.73
18774000,287.22
18777600,289.89
18781200,292.13
18784800,293.66
18788400,294.69
18792000,295.38
18795600,295.69
18799200,295.52
18802800,294.96
18806400,294.14
18810000,292.99
18813600,289.25
18817200,287.27
18820800,286.25
18824400,284.69
18828000,283.64
18831600,282.91
18835200,281.96
18838800,281.28
18842400,281.16
18846000,281.44
18849600,282.01
18853200,283.21
18856800,285.08
18860400,288.02
18864000,291.67
18867600,295.66
18871200,299.46
18874800,300.91
18878400,300.46
18882000,300.64
18885600,300.34
18889200,299.59
18892800,299.23
18896400,297.92
18900000,293.65
18903600,291.52
18907200,290.67
18910800,290.39
18914400,290.18
18918000,289.55
18921600,288.71
18925200,288.15
18928800,287.64
18932400,287.15
18936000,286.35
18939600,287.73
18943200,291.06
18946800,295.72
18950400,300.02
18954000,302.24
18957600,303.46
18961200,304.2
18964800,304.56
18968400,304.55
18972000,304.23
18975600,303.73
18979200,302.8
18982800,301.2
18986400,296.84
18990000,293.16
18993600,291.72
18997200,290.7
19000800,289.93
19004400,289.3
19008000,288.84
19011600,288.48
19015200,287.9
19018800,287.34
19022400,286.84
19026000,288.92
19029600,293.32
19033200,297.13
19036800,301.62
19040400,303.36
19044000,304.66
19047600,305.66
19051200,306.32
19054800,306.56
19058400,306.38
19062000,305.82
19065600,304.93
19069200,303.4
19072800,298.34
19076400,295.63
19080000,295.02
19083600,293.73
19087200,292.56
19090800,292.59
19094400,293.06
19098000,292.63
19101600,291.84
19105200,291.11
19108800,290.23
19112400,291.07
19116000,293.27
19119600,295.96
19123200,298.23
19126800,299.95
19130400,300.94
19134000,301.19
19137600,300.73
19141200,299.79
19144800,298.75
19148400,297.92
19152000,297.41
19155600,296.71
19159200,294.48
19162800,292.41
19166400,291.5
19170000,290.44
19173600,289.42
19177200,287.9
19180800,285.83
19184400,284.51
19188000,283.41
19191600,282.34
19195200,281.64
19198800,282.79
19202400,285.63
19206000,289.15
19209600,292.22
19213200,294.52
19216800,296.18
19220400,297.57
19224000,298.79
19227600,299.58
19231200,299.84
19234800,299.51
19238400,298.63
19242000,297.16
19245600,293.95
19249200,290.91
19252800,290.05
19256400,288.87
19260000,287.57
19263600,286.92
19267200,287.24
19270800,287.84
19274400,287.88
19278000,287.45
19281600,286.58
19285200,286.5
19288800,288.84
19292400,292.48
19296000,294.51
19299600,295.13
19303200,296.38
19306800,298.86
19310400,301.12
19314000,303.01
19317600,303.08
19321200,301.93
19324800,300.66
19328400,299.51
19332000,297.43
19335600,294.55
19339200,293.02
19342800,291.52
19346400,289.92
19350000,288.45
19353600,286.23
19357200,285.58
19360800,285.07
19364400,285.07
19368000,285.09
19371600,286.4
19375200,289.6
19378800,294.38
19382400,297.7
19386000,299.32
19389600,300.48
19393200,301.41
19396800,302.07
19400400,302.47
19404000,302.44
19407600,301.88
19411200,300.72
19414800,299.52
19418400,297.12
19422000,295.3
19425600,294.88
19429200,294.49
19432800,294.07
19436400,292.63
19440000,291.08
19443600,289.8
19447200,289.06
19450800,288.54
19454400,287.92
19458000,288.74
19461600,290.38
19465200,292.76
19468800,295.3
19472400,297.44
19476000,299.38
19479600,300.61
19483200,301.73
19486800,302.63
19490400,302.77
19494000,302.39
19497600,301.51
19501200,300.38
19504800,298.8
19508400,296.02
19512000,294.95
19515600,294.11
19519200,293.18
19522800,292.41
19526400,291.32
19530000,290.62
19533600,289.85
19537200,289.62
19540800,289.54
19544400,290.73
19548000,292.35
19551600,294.51
19555200,297.31
19558800,299.21
19562400,300.38
19566000,301.0
19569600,301.32
19573200,301.69
19576800,301.8
19580400,301.73
19584000,301.37
19587600,300.18
19591200,297.98
19594800,296.28
19598400,294.22
19602000,292.98
19605600,292.18
19609200,291.91
19612800,291.77
19616400,291.11
19620000,290.34
19623600,289.7
19627200,289.44
19630800,290.38
19634400,291.7
19638000,293.51
19641600,295.41
19645200,297.32
19648800,298.85
19652400,299.89
19656000,300.05
19659600,299.6
19663200,299.18
19666800,298.0
19670400,296.33
19674000,294.28
19677600,292.34
19681200,290.88
19684800,290.05
19688400,289.52
19692000,289.19
19695600,288.86
19699200,288.41
19702800,287.85
19706400,286.95
19710000,286.34
19713600,286.07
19717200,287.4
19720800,289.54
19724400,292.04
19728000,294.29
19731600,296.28
19735200,297.74
19738800,298.7
19742400,299.42
19746000,299.82
19749600,299.83
19753200,299.46
19756800,298.77
19760400,297.67
19764000,294.73
19767600,292.34
19771200,291.73
19774800,291.3
19778400,291.41
19782000,291.07
19785600,290.38
19789200,289.88
19792800,289.27
19796400,288.8
19800000,287.74
19803600,287.59
19807200,288.7
19810800,290.34
19814400,292.97
19818000,295.06
19821600,296.3
19825200,296.99
19828800,297.51
19832400,297.79
19836000,297.71
19839600,297.16
19843200,296.48
19846800,295.54
19850400,293.57
19854000,290.56
19857600,289.38
19861200,288.71
19864800,288.05
19868400,287.16
19872000,286.3
19875600,285.49
19879200,284.67
19882800,283.94
19886400,283.25
19890000,285.04
19893600,288.13
19897200,291.7
19900800,293.23
19904400,294.67
19908000,295.88
19911600,296.77
19915200,297.36
19918800,297.55
19922400,297.37
19926000,296.88
19929600,296.36
19933200,295.63
19936800,292.9
19940400,289.55
19944000,288.05
19947600,286.88
19951200,285.87
19954800,284.9
19958400,285.66
19962000,284.97
19965600,283.74
19969200,282.73
19972800,282.13
19976400,282.93
19980000,284.73
19983600,287.22
19987200,289.89
19990800,292.13
19994400,293.66
19998000,294.69
20001600,295.38
20005200,295.69
20008800,295.52
20012400,294.96
20016000,294.14
20019600,292.99
20023200,289.25
20026800,287.27
20030400,286.25
20034000,284.69
20037600,283.64
20041200,282.91
20044800,281.96
20048400,281.28
20052000,281.16
20055600,281.44
20059200,282.01
20062800,283.21
20066400,285.08
20070000,288.02
20073600,291.67
20077200,295.66
20080800,299.46
20084400,300.91
20088000,300.46
20091600,300.64
20095200,300.34
20098800,299.59
20102400,299.23
20106000,297.92
20109600,293.65
20113200,291.52
20116800,290.67
20120400,290.39
20124000,290.18
20127600,289.55
20131200,288.71
20134800,288.15
20138400,287.64
20142000,287.15
20145600,286.35
20149200,287.73
20152800,291.06
20156400,295.72
20160000,300.02
20163600,302.24
20167200,303.46
20170800,304.2
20174400,304.56
20178000,304.55
20181600,304.23
20185200,303.73
20188800,302.8
20192400,301.2
20196000,296.84
20199600,293.16
20203200,291.72
20206800,290.7
20210400,289.93
20214000,289.3
20217600,288.84
20221200,288.48
20224800,287.9
20228400,287.34
20232000,286.84
20235600,288.92
20239200,293.32
20242800,297.13
20246400,301.62
20250000,303.36
20253600,304.66
20257200,305.66
20260800,306.32
20264400,306.56
20268000,306.38
20271600,305.82
20275200,304.93
20278800,303.4
20282400,298.34
20286000,295.63
20289600,295.02
20293200,293.73
20296800,292.56
20300400,292.59
20304000,293.06
20307600,292.63
20311200,291.84
20314800,291.11
20318400,290.23
20322000,291.07
20325600,293.27
20329200,295.96
20332800,298.23
20336400,299.95
20340000,300.94
20343600,301.19
20347200,300.73
20350800,299.79
20354400,298.75
20358000,297.92
20361600,297.41
20365200,296.71
20368800,294.48
20372400,292.41
20376000,291.5
20379600,290.44
20383200,289.42
20386800,287.9
20390400,285.83
20394000,284.51
20397600,283.41
20401200,282.34
20404800,281.64
20408400,282.79
20412000,285.63
20415600,289.15
20419200,292.22
20422800,294.52
20426400,296.18
20430000,297.57
20433600,298.79
20437200,299.58
20440800,299.84
20444400,299.51
20448000,298.63
20451600,297.16
20455200,293.95
20458800,290.91
20462400,290.05
20466000,288.87
20469600,287.57
20473200,286.92
20476800,287.24
20480400,287.84
20484000,287.88
20487600,287.45
20491200,286.58
20494800,286.5
20498400,288.84
20502000,292.48
20505600,294.51
20509200,295.13
20512800,296.38
20516400,298.86
20520000,301.12
20523600,303.01
20527200,303.08
20530800,301.93
20534400,300.66
20538000,299.51
20541600,297.43
20545200,294.55
20548800,293.02
20552400,291.52
20556000,289.92
20559600,288.45
20563200,296.01
20566800,295.1
20570400,294.31
20574000,293.6
20577600,293.25
20581200,295.54
20584800,298.5
20588400,302.3
20592000,305.73
20595600,307.89
20599200,309.41
20602800,310.23
20606400,310.56
20610000,310.04
20613600,309.26
20617200,309.97
20620800,309.8
20624400,307.7
20628000,304.55
20631600,301.89
20635200,300.29
20638800,299.47
20642400,297.27
20646000,295.0
20649600,294.89
20653200,295.27
20656800,294.95
20660400,294.59
20664000,294.35
20667600,294.77
20671200,296.95
20674800,299.81
20678400,302.33
20682000,304.35
20685600,305.75
20689200,306.52
20692800,306.4
20696400,306.1
20700000,305.29
20703600,304.44
20707200,303.48
20710800,302.58
20714400,301.5
20718000,299.98
20721600,298.2
20725200,296.66
20728800,295.43
20732400,294.58
20736000,293.73
20739600,292.85
20743200,292.08
20746800,291.65
20750400,291.34
20754000,292.97
20757600,295.45
20761200,298.44
20764800,301.38
20768400,303.67
20772000,305.69
20775600,307.35
20779200,308.48
20782800,308.99
20786400,309.01
20790000,308.63
20793600,307.27
20797200,305.41
20800800,302.91
20804400,300.28
20808000,298.88
20811600,297.34
20815200,295.95
20818800,295.01
20822400,294.27
20826000,293.54
20829600,292.35
20833200,292.1
20836800,291.48
20840400,292.64
20844000,295.56
20847600,298.74
20851200,301.35
20854800,303.55
20858400,305.25
20862000,306.4
20865600,307.14
20869200,307.51
20872800,307.52
20876400,307.05
20880000,306.2
20883600,304.99
20887200,302.2
20890800,300.11
20894400,298.6
20898000,296.91
20901600,295.89
20905200,294.95
20908800,294.26
20912400,293.73
20916000,292.73
20919600,292.8
20923200,292.48
20926800,293.04
20930400,294.92
20934000,298.27
20937600,302.2
20941200,304.73
20944800,305.38
20948400,307.2
20952000,307.4
20955600,304.34
20959200,301.79
20962800,298.3
20966400,295.84
20970000,294.21
20973600,293.1
20977200,292.52
20980800,292.17
20984400,291.88
20988000,291.35
20991600,291.14
20995200,290.47
20998800,289.76
21002400,289.11
21006000,288.52
21009600,288.34
21013200,290.72
21016800,293.98
21020400,297.26
21024000,299.47
21027600,301.33
21031200,303.12
21034800,304.61
21038400,305.67
21042000,306.23
21045600,306.34
21049200,305.96
21052800,304.86
21056400,303.22
21060000,300.57
21063600,296.76
21067200,296.31
21070800,295.66
21074400,294.41
21078000,293.37
21081600,292.38
21085200,291.31
21088800,290.25
21092400,289.39
21096000,289.13
21099600,292.23
21103200,295.74
21106800,301.27
21110400,304.04
21114000,305.81
21117600,307.09
21121200,308.08
21124800,308.81
21128400,309.28
21132000,309.46
21135600,309.31
21139200,308.58
21142800,307.37
21146400,304.34
21150000,301.16
21153600,300.85
21157200,299.73
21160800,297.13
21164400,295.19
21168000,281.79
21171600,282.12
21175200,281.98
21178800,281.77
21182400,281.54
21186000,281.48
21189600,281.94
21193200,283.91
21196800,285.68
21200400,286.98
21204000,287.47
21207600,287.38
21211200,287.3
21214800,287.91
21218400,288.3
21222000,288.38
21225600,287.92
21229200,285.89
21232800,284.39
21236400,283.79
21240000,283.55
21243600,283.12
21247200,282.73
21250800,282.25
21254400,281.73
21258000,281.65
21261600,281.81
21265200,281.8
21268800,281.29
21272400,280.84
21276000,281.2
21279600,284.13
21283200,287.66
21286800,290.37
21290400,291.77
21294000,292.71
21297600,293.23
21301200,293.26
21304800,292.58
21308400,291.2
21312000,289.22
21315600,286.47
21319200,283.93
21322800,282.46
21326400,281.13
21330000,279.99
21333600,279.04
21337200,278.3
21340800,277.7
21344400,277.2
21348000,276.79
21351600,276.48
21355200,276.23
21358800,275.99
21362400,276.91
21366000,281.17
21369600,285.07
21373200,287.09
21376800,288.34
21380400,289.25
21384000,289.97
21387600,290.32
21391200,290.23
21394800,289.63
21398400,288.42
21402000,284.64
21405600,282.7
21409200,281.55
21412800,280.59
21416400,279.78
21420000,279.13
21423600,278.65
21427200,278.23
21430800,277.88
21434400,277.55
21438000,277.35
21441600,277.3
21445200,277.3
21448800,277.68
21452400,280.07
21456000,283.43
21459600,287.1
21463200,288.79
21466800,290.02
21470400,290.95
21474000,291.4
21477600,291.37
21481200,290.82
21484800,289.52
21488400,285.45
21492000,283.58
21495600,282.63
21499200,281.85
21502800,282.08
21506400,281.84
21510000,281.34
21513600,281.06
21517200,280.97
21520800,280.77
21524400,279.81
21528000,278.74
21531600,277.85
21535200,277.75
21538800,281.19
21542400,284.32
21546000,288.05
21549600,291.58
21553200,292.98
21556800,293.8
21560400,294.18
21564000,294.16
21567600,293.6
21571200,291.87
21574800,287.38
21578400,285.55
21582000,284.48
21585600,283.59
21589200,282.88
21592800,282.16
21596400,281.47
21600000,281.08
21603600,280.73
21607200,280.22
21610800,279.84
21614400,279.53
21618000,279.59
21621600,279.93
21625200,283.23
21628800,286.49
21632400,290.26
21636000,292.23
21639600,293.52
21643200,294.27
21646800,294.49
21650400,294.23
21654000,293.52
21657600,291.84
21661200,288.94
21664800,287.86
21668400,287.23
21672000,286.3
21675600,285.23
21679200,284.22
21682800,283.47
21686400,282.86
21690000,281.97
21693600,280.91
21697200,280.08
21700800,279.67
21704400,279.59
21708000,280.17
21711600,284.65
21715200,288.68
21718800,291.41
21722400,292.66
21726000,293.48
21729600,293.95
21733200,294.03
21736800,293.73
21740400,293.05
21744000,291.75
21747600,288.4
21751200,286.84
21754800,285.55
21758400,284.25
21762000,283.33
21765600,282.78
21769200,282.54
21772800,289.23
21776400,288.78
21780000,289.02
21783600,289.01
21787200,288.87
21790800,289.07
21794400,290.3
21798000,291.77
21801600,293.58
21805200,295.1
21808800,296.13
21812400,296.55
21816000,296.62
21819600,296.54
21823200,296.18
21826800,295.77
21830400,295.12
21834000,294.02
21837600,292.21
21841200,291.19
21844800,290.17
21848400,289.12
21852000,287.82
21855600,286.92
21859200,286.63
21862800,286.2
21866400,285.41
21870000,284.91
21873600,284.62
21877200,285.1
21880800,288.3
21884400,291.67
21888000,294.45
21891600,296.8
21895200,298.66
21898800,299.94
21902400,300.79
21906000,301.25
21909600,301.34
21913200,301.02
21916800,300.34
21920400,298.91
21924000,295.27
21927600,293.73
21931200,292.81
21934800,292.07
21938400,291.26
21942000,290.34
21945600,289.65
21949200,289.35
21952800,289.38
21956400,289.01
21960000,288.5
21963600,288.19
21967200,290.13
21970800,294.28
21974400,297.45
21978000,299.59
21981600,301.29
21985200,302.46
21988800,303.24
21992400,303.69
21996000,303.7
21999600,303.34
22003200,302.59
22006800,301.02
22010400,296.98
22014000,295.19
22017600,294.05
22021200,293.03
22024800,292.16
22028400,291.47
22032000,290.88
22035600,290.29
22039200,289.9
22042800,289.72
22046400,289.44
22050000,289.55
22053600,292.59
22057200,296.89
22060800,300.23
22064400,302.12
22068000,303.46
22071600,304.43
22075200,305.02
22078800,305.08
22082400,304.58
22086000,303.62
22089600,302.32
22093200,300.52
22096800,296.51
22100400,294.96
22104000,294.25
22107600,293.5
22111200,292.6
22114800,291.61
22118400,290.67
22122000,289.91
22125600,289.27
22129200,288.64
22132800,288.06
22136400,288.23
22140000,291.16
22143600,295.2
22147200,298.08
22150800,300.09
22154400,301.6
22158000,302.75
22161600,303.57
22165200,304.04
22168800,304.04
22172400,303.56
22176000,302.54
22179600,300.84
22183200,297.24
22186800,295.55
22190400,294.34
22194000,293.08
22197600,291.87
22201200,290.77
22204800,289.84
22208400,289.11
22212000,288.55
22215600,287.98
22219200,287.48
22222800,287.61
22226400,290.73
22230000,294.55
22233600,298.56
22237200,300.63
22240800,302.1
22244400,303.29
22248000,304.17
22251600,304.69
22255200,304.84
22258800,304.54
22262400,303.74
22266000,301.77
22269600,297.46
22273200,295.77
22276800,294.69
22280400,293.71
22284000,292.8
22287600,291.94
22291200,291.03
22294800,290.39
22298400,290.04
22302000,289.91
22305600,289.81
22309200,289.52
22312800,293.0
22316400,296.52
22320000,300.22
22323600,303.03
22327200,304.3
22330800,304.38
22334400,304.48
22338000,304.47
22341600,305.0
22345200,305.24
22348800,304.25
22352400,301.89
22356000,299.32
22359600,298.61
22363200,297.6
22366800,296.49
22370400,295.46
22374000,294.34
22377600,296.83
22381200,296.61
22384800,296.12
22388400,295.81
22392000,296.41
22395600,296.15
22399200,296.73
22402800,298.73
22406400,301.7
22410000,304.4
22413600,306.26
22417200,307.54
22420800,308.13
22424400,308.32
22428000,308.16
22431600,307.67
22435200,306.69
22438800,304.81
22442400,300.59
22446000,298.37
22449600,297.32
22453200,296.41
22456800,295.6
22460400,294.93
22464000,294.35
22467600,293.78
22471200,293.24
22474800,292.73
22478400,292.27
22482000,293.34
22485600,295.98
22489200,299.52
22492800,302.2
22496400,304.19
22500000,305.77
22503600,306.91
22507200,307.75
22510800,308.21
22514400,308.3
22518000,308.02
22521600,307.2
22525200,305.61
22528800,301.73
22532400,299.38
22536000,298.05
22539600,296.7
22543200,295.53
22546800,294.47
22550400,293.53
22554000,292.74
22557600,292.08
22561200,291.48
22564800,291.0
22568400,292.17
22572000,295.08
22575600,298.83
22579200,302.86
22582800,305.05
22586400,306.5
22590000,307.38
22593600,308.1
22597200,308.41
22600800,308.36
22604400,307.91
22608000,306.94
22611600,305.19
22615200,300.92
22618800,298.73
22622400,297.72
22626000,296.75
22629600,295.84
22633200,295.07
22636800,294.54
22640400,294.25
22644000,293.95
22647600,293.57
22651200,292.64
22654800,292.8
22658400,294.86
22662000,297.78
22665600,300.87
22669200,304.21
22672800,306.93
22676400,308.09
22680000,309.12
22683600,310.14
22687200,310.3
22690800,309.95
22694400,309.13
22698000,307.32
22701600,303.91
22705200,302.22
22708800,301.2
22712400,300.38
22716000,299.51
22719600,298.44
22723200,297.41
22726800,296.3
22730400,295.63
22734000,295.73
22737600,295.41
22741200,295.38
22744800,297.97
22748400,300.83
22752000,304.55
22755600,307.79
22759200,309.3
22762800,310.55
22766400,311.33
22770000,311.69
22773600,311.5
22777200,310.83
22780800,309.8
22784400,308.02
22788000,304.67
22791600,303.22
22795200,301.66
22798800,299.54
22802400,298.05
22806000,297.34
22809600,296.91
22813200,296.48
22816800,295.98
22820400,295.48
22824000,294.94
22827600,295.06
22831200,296.73
22834800,300.15
22838400,304.3
22842000,306.63
22845600,308.27
22849200,309.45
22852800,310.33
22856400,310.77
22860000,310.63
22863600,309.7
22867200,307.41
22870800,304.76
22874400,301.59
22878000,299.25
22881600,297.94
22885200,297.02
22888800,296.32
22892400,295.74
22896000,295.16
22899600,294.47
22903200,293.59
22906800,292.73
22910400,292.3
22914000,292.68
22917600,294.74
22921200,298.45
22924800,300.9
22928400,302.81
22932000,304.26
22935600,305.29
22939200,306.05
22942800,306.37
22946400,306.3
22950000,305.74
22953600,304.63
22957200,302.98
22960800,299.52
22964400,297.99
22968000,296.98
22971600,295.95
22975200,293.8
22978800,292.64
22982400,287.09
22986000,286.27
22989600,285.48
22993200,284.87
22996800,284.43
23000400,284.11
23004000,285.1
23007600,288.08
23011200,291.39
23014800,294.39
23018400,296.8
23022000,298.3
23025600,299.03
23029200,299.45
23032800,299.3
23036400,298.59
23040000,297.27
23043600,295.52
23047200,293.72
23050800,292.48
23054400,290.82
23058000,289.45
23061600,288.38
23065200,287.43
23068800,286.65
23072400,285.98
23076000,285.86
23079600,285.7
23083200,284.96
23086800,284.7
23090400,286.05
23094000,289.09
23097600,292.84
23101200,295.41
23104800,297.07
23108400,297.87
23112000,298.16
23115600,297.87
23119200,297.02
23122800,295.98
23126400,294.79
23130000,293.43
23133600,291.99
23137200,291.37
23140800,290.77
23144400,290.08
23148000,289.46
23151600,289.11
23155200,288.85
23158800,288.48
23162400,288.0
23166000,287.53
23169600,286.66
23173200,285.56
23176800,287.14
23180400,288.4
23184000,290.82
23187600,293.03
23191200,294.46
23194800,295.72
23198400,296.86
23202000,297.8
23205600,297.98
23209200,297.4
23212800,296.13
23216400,293.04
23220000,291.31
23223600,290.49
23227200,289.56
23230800,288.7
23234400,288.34
23238000,288.27
23241600,287.95
23245200,287.6
23248800,287.09
23252400,285.98
23256000,284.56
23259600,283.9
23263200,285.54
23266800,289.11
23270400,292.73
23274000,294.94
23277600,296.48
23281200,297.56
23284800,298.3
23288400,298.57
23292000,298.42
23295600,297.75
23299200,296.51
23302800,293.39
23306400,290.49
23310000,290.05
23313600,289.55
23317200,288.91
23320800,288.36
23324400,287.69
23328000,286.83
23331600,285.4
23335200,284.26
23338800,283.52
23342400,282.79
23346000,282.09
23349600,283.3
23353200,286.06
23356800,289.25
23360400,292.02
23364000,293.9
23367600,294.93
23371200,295.34
23374800,295.27
23378400,294.52
23382000,293.06
23385600,291.59
23389200,289.93
23392800,286.71
23396400,285.23
23400000,285.54
23403600,285.66
23407200,285.43
23410800,285.19
23414400,284.14
23418000,283.71
23421600,283.48
23425200,283.21
23428800,282.93
23432400,282.53
23436000,283.5
23439600,285.88
23443200,289.0
23446800,291.22
23450400,293.08
23454000,294.8
23457600,296.16
23461200,296.91
23464800,297.05
23468400,296.55
23472000,295.3
23475600,291.15
23479200,288.22
23482800,286.97
23486400,286.04
23490000,285.48
23493600,285.51
23497200,285.59
23500800,285.5
23504400,284.52
23508000,283.13
23511600,281.93
23515200,281.32
23518800,281.16
23522400,282.21
23526000,285.51
23529600,289.66
23533200,293.73
23536800,296.2
23540400,297.77
23544000,298.24
23547600,298.54
23551200,298.39
23554800,297.28
23558400,294.99
23562000,291.98
23565600,288.95
23569200,286.43
23572800,284.64
23576400,283.26
23580000,281.99
23583600,280.86
23587200,279.9
23590800,279.18
23594400,278.7
23598000,278.3
23601600,277.95
23605200,277.63
23608800,279.33
23612400,283.6
23616000,287.32
23619600,290.2
23623200,292.05
23626800,293.34
23630400,294.03
23634000,294.16
23637600,293.8
23641200,292.92
23644800,291.45
23648400,287.5
23652000,284.73
23655600,283.82
23659200,283.1
23662800,282.48
23666400,281.87
23670000,281.26
23673600,280.83
23677200,280.5
23680800,280.2
23684400,279.77
23688000,279.24
23691600,278.75
23695200,279.2
23698800,282.25
23702400,286.05
23706000,290.27
23709600,292.25
23713200,293.56
23716800,294.45
23720400,294.87
23724000,294.84
23727600,294.33
23731200,293.23
23734800,289.05
23738400,286.61
23742000,285.56
23745600,284.61
23749200,283.52
23752800,282.44
23756400,281.77
23760000,281.6
23763600,281.06
23767200,280.16
23770800,280.17
23774400,279.47
23778000,278.84
23781600,280.18
23785200,282.13
23788800,284.47
23792400,287.73
23796000,290.84
23799600,294.09
23803200,296.31
23806800,297.0
23810400,296.73
23814000,296.43
23817600,295.6
23821200,292.72
23824800,291.02
23828400,289.95
23832000,289.05
23835600,288.23
23839200,287.35
23842800,286.33
23846400,285.86
23850000,284.9
23853600,284.05
23857200,284.16
23860800,284.52
23864400,284.89
23868000,285.24
23871600,287.59
23875200,291.27
23878800,294.33
23882400,296.01
23886000,297.28
23889600,298.29
23893200,298.8
23896800,298.81
23900400,298.27
23904000,296.95
23907600,292.34
23911200,290.1
23914800,288.84
23918400,287.78
23922000,286.91
23925600,286.1
23929200,285.31
23932800,284.55
23936400,283.8
23940000,283.13
23943600,282.49
23947200,282.02
23950800,281.68
23954400,283.23
23958000,286.35
23961600,289.58
23965200,293.82
23968800,296.54
23972400,297.76
23976000,298.47
23979600,298.72
23983200,298.45
23986800,297.37
23990400,295.43
23994000,291.97
23997600,289.65
24001200,288.22
24004800,287.27
24008400,286.79
24012000,286.34
24015600,285.79
24019200,285.11
24022800,284.52
24026400,283.98
24030000,283.38
24033600,281.82
24037200,281.59
24040800,281.84
24044400,283.82
24048000,287.13
24051600,289.41
24055200,291.25
24058800,292.78
24062400,293.84
24066000,294.34
24069600,294.38
24073200,293.83
24076800,292.49
24080400,287.95
24084000,285.81
24087600,284.66
24091200,283.7
24094800,282.73
24098400,281.68
24102000,280.66
24105600,279.97
24109200,279.55
24112800,279.4
24116400,278.8
24120000,278.02
24123600,278.13
24127200,279.3
24130800,281.27
24134400,283.66
24138000,286.0
24141600,287.95
24145200,289.53
24148800,290.3
24152400,290.56
24156000,290.53
24159600,290.12
24163200,288.7
24166800,286.58
24170400,285.2
24174000,284.55
24177600,284.19
24181200,284.02
24184800,283.66
24188400,282.29
24192000,278.89
24195600,278.48
24199200,278.19
24202800,277.93
24206400,277.59
24210000,277.09
24213600,276.69
24217200,278.35
24220800,281.73
24224400,285.38
24228000,287.61
24231600,289.2
24235200,290.32
24238800,290.81
24242400,290.66
24246000,289.8
24249600,287.3
24253200,283.58
24256800,281.63
24260400,280.32
24264000,279.47
24267600,278.91
24271200,278.44
24274800,277.98
24278400,277.46
24282000,276.95
24285600,276.43
24289200,276.09
24292800,276.24
24296400,276.72
24300000,277.22
24303600,279.41
24307200,282.79
24310800,287.06
24314400,289.08
24318000,290.21
24321600,291.02
24325200,291.39
24328800,291.3
24332400,290.66
24336000,288.46
24339600,286.38
24343200,285.45
24346800,284.61
24350400,283.8
24354000,283.05
24357600,282.32
24361200,281.63
24364800,280.96
24368400,280.27
24372000,279.5
24375600,278.86
24379200,278.39
24382800,278.05
24386400,278.05
24390000,279.68
24393600,282.87
24397200,286.89
24400800,289.45
24404400,290.82
24408000,291.54
24411600,291.81
24415200,291.77
24418800,291.18
24422400,288.08
24426000,284.09
24429600,283.02
24433200,282.29
24436800,281.8
24440400,281.22
24444000,280.34
24447600,279.33
24451200,278.55
24454800,277.95
24458400,277.43
24462000,276.93
24465600,276.42
24469200,275.9
24472800,275.66
24476400,279.4
24480000,283.0
24483600,288.03
24487200,291.75
24490800,292.98
24494400,293.59
24498000,293.72
24501600,293.12
24505200,291.88
24508800,288.73
24512400,284.41
24516000,283.14
24519600,282.38
24523200,281.75
24526800,281.19
24530400,280.65
24534000,280.17
24537600,279.72
24541200,279.3
24544800,278.87
24548400,278.45
24552000,278.21
24555600,278.16
24559200,278.17
24562800,280.82
24566400,284.85
24570000,288.77
24573600,293.32
24577200,295.35
24580800,296.24
24584400,296.48
24588000,296.11
24591600,295.05
24595200,290.75
24598800,286.42
24602400,285.09
24606000,284.2
24609600,283.55
24613200,283.06
24616800,282.52
24620400,281.95
24624000,281.59
24627600,281.09
24631200,280.44
24634800,279.84
24638400,279.33
24642000,278.82
24645600,278.63
24649200,281.23
24652800,284.27
24656400,288.8
24660000,291.31
24663600,292.55
24667200,293.09
24670800,292.96
24674400,292.28
24678000,291.09
24681600,288.3
24685200,283.66
24688800,282.18
24692400,282.04
24696000,282.1
24699600,280.95
24703200,279.35
24706800,278.39
24710400,277.76
24714000,277.19
24717600,276.63
24721200,276.25
24724800,276.25
24728400,276.6
24732000,276.8
24735600,279.59
24739200,283.77
24742800,288.5
24746400,291.0
24750000,292.33
24753600,293.16
24757200,293.47
24760800,293.2
24764400,292.23
24768000,288.52
24771600,284.72
24775200,283.63
24778800,282.81
24782400,282.36
24786000,282.05
24789600,281.65
24793200,280.99
24796800,282.51
24800400,282.44
24804000,282.29
24807600,281.99
24811200,281.47
24814800,280.83
24818400,280.89
24822000,283.95
24825600,288.03
24829200,292.41
24832800,294.27
24836400,295.13
24840000,295.5
24843600,295.22
24847200,294.47
24850800,293.39
24854400,291.85
24858000,287.48
24861600,285.96
24865200,285.18
24868800,284.52
24872400,283.95
24876000,283.46
24879600,282.99
24883200,282.47
24886800,281.89
24890400,281.38
24894000,280.92
24897600,280.54
24901200,280.21
24904800,280.58
24908400,284.84
24912000,288.78
24915600,292.77
24919200,294.38
24922800,295.35
24926400,295.97
24930000,296.14
24933600,295.81
24937200,294.91
24940800,292.49
24944400,287.31
24948000,285.62
24951600,284.59
24955200,283.77
24958800,283.11
24962400,282.49
24966000,281.84
24969600,281.17
24973200,280.59
24976800,280.18
24980400,279.8
24984000,279.15
24987600,278.33
24991200,278.16
24994800,282.02
24998400,285.33
25002000,289.27
25005600,292.84
25009200,294.36
25012800,295.18
25016400,295.5
25020000,295.34
25023600,294.66
25027200,292.47
25030800,289.07
25034400,287.69
25038000,286.76
25041600,286.05
25045200,285.48
25048800,285.13
25052400,284.86
25056000,284.11
25059600,283.21
25063200,282.22
25066800,281.3
25070400,280.97
25074000,280.75
25077600,280.41
25081200,282.16
25084800,285.05
25088400,288.62
25092000,292.47
25095600,295.12
25099200,296.23
25102800,296.72
25106400,296.7
25110000,296.08
25113600,293.24
25117200,289.6
25120800,288.33
25124400,287.35
25128000,286.51
25131600,285.8
25135200,285.62
25138800,285.26
25142400,283.76
25146000,282.9
25149600,282.27
25153200,281.95
25156800,282.5
25160400,282.84
25164000,283.22
25167600,284.12
25171200,285.33
25174800,286.45
25178400,288.18
25182000,289.43
25185600,289.82
25189200,289.69
25192800,289.51
25196400,289.52
25200000,287.79
25203600,283.65
25207200,282.43
25210800,281.38
25214400,280.36
25218000,279.55
25221600,278.74
25225200,277.94
25228800,277.31
25232400,276.93
25236000,276.67
25239600,276.7
25243200,276.96
25246800,277.27
25250400,278.05
25254000,279.87
25257600,282.73
25261200,286.52
25264800,289.47
25268400,290.97
25272000,291.6
25275600,291.56
25279200,290.92
25282800,289.56
25286400,287.65
25290000,283.88
25293600,282.7
25297200,281.95
25300800,281.2
25304400,280.2
25308000,279.25
25311600,278.44
25315200,277.58
25318800,276.87
25322400,276.35
25326000,276.05
25329600,275.91
25333200,275.8
25336800,276.05
25340400,280.59
25344000,284.52
25347600,287.2
25351200,288.6
25354800,289.59
25358400,290.22
25362000,290.32
25365600,289.98
25369200,288.94
25372800,287.15
25376400,283.27
25380000,281.74
25383600,280.65
25387200,279.9
25390800,280.12
25394400,280.08
25398000,279.49
25401600,280.23
25405200,279.49
25408800,278.88
25412400,278.48
25416000,278.78
25419600,279.49
25423200,280.08
25426800,281.04
25430400,283.4
25434000,286.84
25437600,290.7
25441200,292.64
25444800,293.48
25448400,293.83
25452000,293.72
25455600,293.0
25459200,289.6
25462800,287.16
25466400,285.92
25470000,284.84
25473600,284.0
25477200,283.39
25480800,282.85
25484400,282.39
25488000,282.05
25491600,281.66
25495200,281.1
25498800,280.69
25502400,280.56
25506000,280.48
25509600,280.17
25513200,281.15
25516800,283.82
25520400,287.41
25524000,291.79
25527600,293.85
25531200,294.67
25534800,294.84
25538400,294.17
25542000,292.71
25545600,289.07
25549200,284.92
25552800,283.85
25556400,283.08
25560000,282.54
25563600,282.07
25567200,281.51
25570800,280.84
25574400,280.19
25578000,279.47
25581600,278.72
25585200,278.02
25588800,277.49
25592400,277.45
25596000,277.51
25599600,280.47
25603200,284.27
25606800,289.16
25610400,292.5
25614000,293.67
25617600,293.88
25621200,293.38
25624800,292.35
25628400,290.9
25632000,287.95
25635600,284.24
25639200,283.33
25642800,283.14
25646400,283.59
25650000,283.81
25653600,283.15
25657200,282.21
25660800,281.39
25664400,280.6
25668000,280.05
25671600,279.79
25675200,279.6
25678800,279.24
25682400,278.52
25686000,279.34
25689600,282.75
25693200,286.63
25696800,290.84
25700400,293.46
25704000,294.78
25707600,295.09
25711200,294.22
25714800,292.1
25718400,289.79
25722000,287.78
25725600,286.77
25729200,285.95
25732800,285.3
25736400,284.34
25740000,283.42
25743600,282.53
25747200,281.66
25750800,280.99
25754400,280.23
25758000,279.31
25761600,278.82
25765200,278.52
25768800,278.21
25772400,280.85
25776000,283.98
25779600,288.88
25783200,292.27
25786800,294.02
25790400,295.05
25794000,295.48
25797600,294.96
25801200,293.38
25804800,290.48
25808400,286.76
25812000,285.58
25815600,284.61
25819200,283.63
25822800,282.62
25826400,281.65
25830000,280.75
25833600,280.0
25837200,279.52
25840800,279.26
25844400,279.16
25848000,279.31
25851600,279.59
25855200,279.76
25858800,281.48
25862400,285.07
25866000,288.91
25869600,293.26
25873200,295.73
25876800,296.97
25880400,297.31
25884000,296.99
25887600,295.84
25891200,291.35
25894800,287.97
25898400,287.35
25902000,287.04
25905600,286.14
25909200,285.44
25912800,285.04
25916400,284.3
25920000,283.69
25923600,282.76
25927200,281.38
25930800,279.8
25934400,278.53
25938000,277.69
25941600,277.18
25945200,278.45
25948800,281.02
25952400,283.44
25956000,284.91
25959600,285.84
25963200,286.46
25966800,286.79
25970400,286.53
25974000,285.62
25977600,283.32
25981200,279.78
25984800,278.67
25988400,277.88
25992000,277.2
25995600,276.64
25999200,276.13
26002800,275.69
26006400,281.79
26010000,282.12
26013600,281.98
26017200,281.77
26020800,281.54
26024400,281.48
26028000,281.94
26031600,283.91
26035200,285.68
26038800,286.98
26042400,287.47
26046000,287.38
26049600,287.3
26053200,287.91
26056800,288.3
26060400,288.38
26064000,287.92
26067600,285.89
26071200,284.39
26074800,283.79
26078400,283.55
26082000,283.12
26085600,282.73
26089200,282.25
26092800,281.73
26096400,281.65
26100000,281.81
26103600,281.8
26107200,281.29
26110800,280.84
26114400,281.2
26118000,284.13
26121600,287.66
26125200,290.37
26128800,291.77
26132400,292.71
26136000,293.23
26139600,293.26
26143200,292.58
26146800,291.2
26150400,289.22
26154000,286.47
26157600,283.93
26161200,282.46
26164800,281.13
26168400,279.99
26172000,279.04
26175600,278.3
26179200,277.7
26182800,277.2
26186400,276.79
26190000,276.48
26193600,276.23
26197200,275.99
26200800,276.91
26204400,281.17
26208000,285.07
26211600,287.09
26215200,288.34
26218800,289.25
26222400,289.97
26226000,290.32
26229600,290.23
26233200,289.63
26236800,288.42
26240400,284.64
26244000,282.7
26247600,281.55
26251200,280.59
26254800,279.78
26258400,279.13
26262000,278.65
26265600,278.23
26269200,277.88
26272800,277.55
26276400,277.35
26280000,277.3
26283600,277.3
26287200,277.68
26290800,280.07
26294400,283.43
26298000,287.1
26301600,288.79
26305200,290.02
26308800,290.95
26312400,291.4
26316000,291.37
26319600,290.82
26323200,289.52
26326800,285.45
26330400,283.58
26334000,282.63
26337600,281.85
26341200,282.08
26344800,281.84
26348400,281.34
26352000,281.06
26355600,280.97
26359200,280.77
26362800,279.81
26366400,278.74
26370000,277.85
26373600,277.75
26377200,281.19
26380800,284.32
26384400,288.05
26388000,291.58
26391600,292.98
26395200,293.8
26398800,294.18
26402400,294.16
26406000,293.6
26409600,291.87
26413200,287.38
26416800,285.55
26420400,284.48
26424000,283.59
26427600,282.88
26431200,282.16
26434800,281.47
26438400,281.08
26442000,280.73
26445600,280.22
26449200,279.84
26452800,279.53
26456400,279.59
26460000,279.93
26463600,283.23
26467200,286.49
26470800,290.26
26474400,292.23
26478000,293.52
26481600,294.27
26485200,294.49
26488800,294.23
26492400,293.52
26496000,291.84
26499600,288.94
26503200,287.86
26506800,287.23
26510400,286.3
26514000,285.23
26517600,284.22
26521200,283.47
26524800,282.86
26528400,281.97
26532000,280.91
26535600,280.08
26539200,279.67
26542800,279.59
26546400,280.17
26550000,284.65
26553600,288.68
26557200,291.41
26560800,292.66
26564400,293.48
26568000,293.95
26571600,294.03
26575200,293.73
26578800,293.05
26582400,291.75
26586000,288.4
26589600,286.84
26593200,285.55
26596800,284.25
26600400,283.33
26604000,282.78
26607600,282.54
26611200,291.98
26614800,291.32
26618400,290.87
26622000,290.36
26625600,289.87
26629200,290.66
26632800,294.48
26636400,298.95
26640000,302.46
26643600,304.36
26647200,305.67
26650800,306.59
26654400,307.2
26658000,307.45
26661600,307.27
26665200,306.59
26668800,305.38
26672400,303.25
26676000,299.52
26679600,298.84
26683200,298.26
26686800,296.84
26690400,295.77
26694000,294.71
26697600,294.13
26701200,293.41
26704800,292.51
26708400,291.45
26712000,290.84
26715600,290.89
26719200,293.93
26722800,297.41
26726400,302.08
26730000,304.54
26733600,306.27
26737200,307.59
26740800,308.41
26744400,308.8
26748000,308.73
26751600,308.22
26755200,307.13
26758800,304.79
26762400,300.59
26766000,299.98
26769600,299.94
26773200,299.7
26776800,298.01
26780400,295.59
26784000,293.59
26787600,292.55
26791200,291.9
26794800,291.77
26798400,291.49
26802000,291.91
26805600,294.77
26809200,298.34
26812800,302.16
26816400,305.01
26820000,306.55
26823600,307.34
26827200,307.72
26830800,308.48
26834400,308.44
26838000,307.65
26841600,306.68
26845200,304.6
26848800,301.56
26852400,299.2
26856000,297.27
26859600,295.7
26863200,293.88
26866800,292.45
26870400,291.45
26874000,290.58
26877600,289.74
26881200,288.98
26884800,288.39
26888400,289.07
26892000,291.84
26895600,295.46
26899200,298.55
26902800,300.96
26906400,302.66
26910000,303.74
26913600,304.35
26917200,304.43
26920800,303.99
26924400,303.14
26928000,301.88
26931600,300.09
26935200,296.35
26938800,294.38
26942400,293.36
26946000,292.3
26949600,291.39
26953200,290.52
26956800,289.63
26960400,288.81
26964000,288.3
26967600,288.17
26971200,288.11
26974800,288.42
26978400,290.29
26982000,293.81
26985600,298.45
26989200,302.28
26992800,304.48
26996400,306.04
27000000,306.81
27003600,306.75
27007200,305.79
27010800,304.17
27014400,302.04
27018000,299.78
27021600,297.46
27025200,295.95
27028800,294.82
27032400,293.7
27036000,292.74
27039600,291.74
27043200,290.66
27046800,289.56
27050400,288.54
27054000,288.09
27057600,287.84
27061200,288.14
27064800,290.35
27068400,293.51
27072000,295.59
27075600,296.8
27079200,297.55
27082800,298.23
27086400,298.7
27090000,298.9
27093600,298.92
27097200,298.7
27100800,297.99
27104400,296.87
27108000,293.68
27111600,292.0
27115200,291.23
27118800,290.6
27122400,290.05
27126000,289.6
27129600,288.89
27133200,288.31
27136800,287.89
27140400,287.48
27144000,287.04
27147600,287.37
27151200,289.84
27154800,293.54
27158400,296.68
27162000,298.76
27165600,300.34
27169200,301.46
27172800,302.2
27176400,302.57
27180000,302.54
27183600,302.06
27187200,300.95
27190800,299.31
27194400,295.8
27198000,294.43
27201600,293.43
27205200,292.9
27208800,291.84
27212400,290.45
27216000,296.83
27219600,296.61
27223200,296.12
27226800,295.81
27230400,296.41
27234000,296.15
27237600,296.73
27241200,298.73
27244800,301.7
27248400,304.4
27252000,306.26
27255600,307.54
27259200,308.13
27262800,308.32
27266400,308.16
27270000,307.67
27273600,306.69
27277200,304.81
27280800,300.59
27284400,298.37
27288000,297.32
27291600,296.41
27295200,295.6
27298800,294.93
27302400,294.35
27306000,293.78
27309600,293.24
27313200,292.73
27316800,292.27
27320400,293.34
27324000,295.98
27327600,299.52
27331200,302.2
27334800,304.19
27338400,305.77
27342000,306.91
27345600,307.75
27349200,308.21
27352800,308.3
27356400,308.02
27360000,307.2
27363600,305.61
27367200,301.73
27370800,299.38
27374400,298.05
27378000,296.7
27381600,295.53
27385200,294.47
27388800,293.53
27392400,292.74
27396000,292.08
27399600,291.48
27403200,291.0
27406800,292.17
27410400,295.08
27414000,298.83
27417600,302.86
27421200,305.05
27424800,306.5
27428400,307.38
27432000,308.1
27435600,308.41
27439200,308.36
27442800,307.91
27446400,306.94
27450000,305.19
27453600,300.92
27457200,298.73
27460800,297.72
27464400,296.75
27468000,295.84
27471600,295.07
27475200,294.54
27478800,294.25
27482400,293.95
27486000,293.57
27489600,292.64
27493200,292.8
27496800,294.86
27500400,297.78
27504000,300.87
27507600,304.21
27511200,306.93
27514800,308.09
27518400,309.12
27522000,310.14
27525600,310.3
27529200,309.95
27532800,309.13
27536400,307.32
27540000,303.91
27543600,302.22
27547200,301.2
27550800,300.38
27554400,299.51
27558000,298.44
27561600,297.41
27565200,296.3
27568800,295.63
27572400,295.73
27576000,295.41
27579600,295.38
27583200,297.97
27586800,300.83
27590400,304.55
27594000,307.79
27597600,309.3
27601200,310.55
27604800,311.33
27608400,311.69
27612000,311.5
27615600,310.83
27619200,309.8
27622800,308.02
27626400,304.67
27630000,303.22
27633600,301.66
27637200,299.54
27640800,298.05
27644400,297.34
27648000,296.91
27651600,296.48
27655200,295.98
27658800,295.48
27662400,294.94
27666000,295.06
27669600,296.73
27673200,300.15
27676800,304.3
27680400,306.63
27684000,308.27
27687600,309.45
27691200,310.33
27694800,310.77
27698400,310.63
27702000,309.7
27705600,307.41
27709200,304.76
27712800,301.59
27716400,299.25
27720000,297.94
27723600,297.02
27727200,296.32
27730800,295.74
27734400,295.16
27738000,294.47
27741600,293.59
27745200,292.73
27748800,292.3
27752400,292.68
27756000,294.74
27759600,298.45
27763200,300.9
27766800,302.81
27770400,304.26
27774000,305.29
27777600,306.05
27781200,306.37
27784800,306.3
27788400,305.74
27792000,304.63
27795600,302.98
27799200,299.52
27802800,297.99
27806400,296.98
27810000,295.95
27813600,293.8
27817200,292.64
27820800,279.9
27824400,279.18
27828000,278.7
27831600,278.3
27835200,277.95
27838800,277.63
27842400,279.33
27846000,283.6
27849600,287.32
27853200,290.2
27856800,292.05
27860400,293.34
27864000,294.03
27867600,294.16
27871200,293.8
27874800,292.92
27878400,291.45
27882000,287.5
27885600,284.73
27889200,283.82
27892800,283.1
27896400,282.48
27900000,281.87
27903600,281.26
27907200,280.83
27910800,280.5
27914400,280.2
27918000,279.77
27921600,279.24
27925200,278.75
27928800,279.2
27932400,282.25
27936000,286.05
27939600,290.27
27943200,292.25
27946800,293.56
27950400,294.45
27954000,294.87
27957600,294.84
27961200,294.33
27964800,293.23
27968400,289.05
27972000,286.61
27975600,285.56
27979200,284.61
27982800,283.52
27986400,282.44
27990000,281.77
27993600,281.6
27997200,281.06
28000800,280.16
28004400,280.17
28008000,279.47
28011600,278.84
28015200,280.18
28018800,282.13
28022400,284.47
28026000,287.73
28029600,290.84
28033200,294.09
28036800,296.31
28040400,297.0
28044000,296.73
28047600,296.43
28051200,295.6
28054800,292.72
28058400,291.02
28062000,289.95
28065600,289.05
28069200,288.23
28072800,287.35
28076400,286.33
28080000,285.86
28083600,284.9
28087200,284.05
28090800,284.16
28094400,284.52
28098000,284.89
28101600,285.24
28105200,287.59
28108800,291.27
28112400,294.33
28116000,296.01
28119600,297.28
28123200,298.29
28126800,298.8
28130400,298.81
28134000,298.27
28137600,296.95
28141200,292.34
28144800,290.1
28148400,288.84
28152000,287.78
28155600,286.91
28159200,286.1
28162800,285.31
28166400,284.55
28170000,283.8
28173600,283.13
28177200,282.49
28180800,282.02
28184400,281.68
28188000,283.23
28191600,286.35
28195200,289.58
28198800,293.82
28202400,296.54
28206000,297.76
28209600,298.47
28213200,298.72
28216800,298.45
28220400,297.37
28224000,295.43
28227600,291.97
28231200,289.65
28234800,288.22
28238400,287.27
28242000,286.79
28245600,286.34
28249200,285.79
28252800,285.11
28256400,284.52
28260000,283.98
28263600,283.38
28267200,281.82
28270800,281.59
28274400,281.84
28278000,283.82
28281600,287.13
28285200,289.41
28288800,291.25
28292400,292.78
28296000,293.84
28299600,294.34
28303200,294.38
28306800,293.83
28310400,292.49
28314000,287.95
28317600,285.81
28321200,284.66
28324800,283.7
28328400,282.73
28332000,281.68
28335600,280.66
28339200,279.97
28342800,279.55
28346400,279.4
28350000,278.8
28353600,278.02
28357200,278.13
28360800,279.3
28364400,281.27
28368000,283.66
28371600,286.0
28375200,287.95
28378800,289.53
28382400,290.3
28386000,290.56
28389600,290.53
28393200,290.12
28396800,288.7
28400400,286.58
28404000,285.2
28407600,284.55
28411200,284.19
28414800,284.02
28418400,283.66
28422000,282.29
28425600,287.7
28429200,288.05
28432800,288.42
28436400,288.22
28440000,287.61
28443600,287.34
28447200,288.31
28450800,290.27
28454400,292.78
28458000,294.59
28461600,296.02
28465200,297.02
28468800,297.72
28472400,297.98
28476000,297.9
28479600,298.0
28483200,297.63
28486800,295.45
28490400,292.27
28494000,291.23
28497600,290.43
28501200,289.68
28504800,289.04
28508400,288.73
28512000,288.66
28515600,288.6
28519200,288.66
28522800,288.89
28526400,289.07
28530000,289.0
28533600,289.83
28537200,292.95
28540800,295.85
28544400,298.16
28548000,299.79
28551600,301.01
28555200,301.86
28558800,302.36
28562400,302.4
28566000,301.96
28569600,301.01
28573200,298.43
28576800,294.62
28580400,293.41
28584000,292.54
28587600,291.81
28591200,291.17
28594800,290.55
28598400,289.95
28602000,289.39
28605600,288.88
28609200,288.44
28612800,288.02
28616400,287.76
28620000,290.52
28623600,293.61
28627200,298.41
28630800,301.31
28634400,303.44
28638000,305.17
28641600,306.23
28645200,306.46
28648800,306.01
28652400,304.91
28656000,303.32
28659600,300.84
28663200,297.01
28666800,295.9
28670400,295.02
28674000,294.06
28677600,292.87
28681200,291.86
28684800,290.96
28688400,290.18
28692000,289.49
28695600,288.84
28699200,288.25
28702800,287.81
28706400,288.63
28710000,292.02
28713600,295.37
28717200,297.54
28720800,299.09
28724400,300.26
28728000,301.05
28731600,301.41
28735200,301.35
28738800,300.77
28742400,299.58
28746000,297.3
28749600,293.95
28753200,292.6
28756800,291.3
28760400,290.2
28764000,289.26
28767600,288.37
28771200,287.52
28774800,286.71
28778400,285.99
28782000,285.3
28785600,284.7
28789200,284.27
28792800,286.42
28796400,289.51
28800000,293.76
28803600,297.66
28807200,299.77
28810800,301.19
28814400,302.05
28818000,302.12
28821600,302.01
28825200,301.46
28828800,300.05
28832400,297.52
28836000,294.76
28839600,292.2
28843200,290.41
28846800,289.53
28850400,289.0
28854000,288.02
28857600,287.5
28861200,287.45
28864800,286.61
28868400,286.05
28872000,285.92
28875600,285.77
28879200,287.42
28882800,290.37
28886400,294.02
28890000,298.26
28893600,301.3
28897200,302.78
28900800,303.71
28904400,304.16
28908000,304.14
28911600,303.63
28915200,302.56
28918800,299.09
28922400,295.45
28926000,294.38
28929600,293.49
28933200,292.57
28936800,291.61
28940400,290.7
28944000,290.16
28947600,289.52
28951200,288.88
28954800,288.36
28958400,287.96
28962000,287.73
28965600,289.9
28969200,292.61
28972800,296.24
28976400,299.3
28980000,301.27
28983600,302.73
28987200,303.9
28990800,304.67
28994400,305.11
28998000,305.02
29001600,303.92
29005200,300.31
29008800,297.8
29012400,296.83
29016000,294.77
29019600,293.38
29023200,292.16
29026800,291.8
29030400,265.32
29034000,264.96
29037600,264.84
29041200,264.76
29044800,265.3
29048400,265.37
29052000,265.51
29055600,265.76
29059200,267.52
29062800,269.59
29066400,272.34
29070000,274.32
29073600,274.82
29077200,273.41
29080800,270.8
29084400,268.78
29088000,266.74
29091600,265.34
29095200,264.35
29098800,263.46
29102400,262.55
29106000,261.77
29109600,261.04
29113200,260.29
29116800,259.59
29120400,258.95
29124000,258.38
29127600,257.92
29131200,257.61
29134800,257.44
29138400,257.32
29142000,257.62
29145600,260.54
29149200,263.25
29152800,265.35
29156400,266.78
29160000,267.78
29163600,268.34
29167200,268.48
29170800,267.89
29174400,265.03
29178000,263.29
29181600,262.21
29185200,261.42
29188800,260.96
29192400,260.8
29196000,260.59
29199600,260.27
29203200,259.81
29206800,259.47
29210400,259.09
29214000,258.73
29217600,258.78
29221200,259.16
29224800,259.28
29228400,259.61
29232000,260.36
29235600,261.7
29239200,263.53
29242800,265.7
29246400,267.71
29250000,268.42
29253600,267.8
29257200,266.63
29260800,265.48
29264400,264.8
29268000,264.25
29271600,263.62
29275200,263.01
29278800,262.46
29282400,261.88
29286000,261.28
29289600,260.7
29293200,260.2
29296800,259.66
29300400,259.13
29304000,258.76
29307600,258.61
29311200,258.47
29314800,258.75
29318400,260.91
29322000,263.25
29325600,265.18
29329200,266.54
29332800,267.13
29336400,266.89
29340000,266.59
29343600,265.82
29347200,264.38
29350800,263.23
29354400,262.45
29358000,261.7
29361600,261.13
29365200,260.68
29368800,260.17
29372400,259.19
29376000,258.35
29379600,257.62
29383200,257.13
29386800,256.56
29390400,256.03
29394000,255.59
29397600,255.15
29401200,255.14
29404800,257.77
29408400,260.27
29412000,262.34
29415600,263.98
29419200,265.21
29422800,265.74
29426400,265.56
29430000,264.55
29433600,261.73
29437200,260.38
29440800,259.61
29444400,259.09
29448000,258.95
29451600,259.09
29455200,259.39
29458800,259.28
29462400,258.84
29466000,258.65
29469600,258.41
29473200,258.24
29476800,258.24
29480400,258.7
29484000,259.13
29487600,260.01
29491200,262.81
29494800,266.07
29498400,269.02
29502000,270.58
29505600,271.26
29509200,271.02
29512800,270.19
29516400,268.91
29520000,266.53
29523600,264.95
29527200,264.23
29530800,263.74
29534400,263.29
29538000,262.95
29541600,262.39
29545200,261.72
29548800,261.52
29552400,261.38
29556000,261.3
29559600,261.19
29563200,261.02
29566800,260.8
29570400,260.54
29574000,260.41
29577600,261.23
29581200,262.43
29584800,263.55
29588400,264.48
29592000,265.24
29595600,265.7
29599200,265.74
29602800,265.34
29606400,264.41
29610000,263.35
29613600,262.66
29617200,261.72
29620800,260.64
29624400,259.96
29628000,259.6
29631600,259.12
29635200,275.13
29638800,274.57
29642400,274.4
29646000,274.58
29649600,274.36
29653200,274.48
29656800,274.61
29660400,276.61
29664000,279.22
29667600,281.69
29671200,283.51
29674800,284.59
29678400,285.14
29682000,285.28
29685600,284.94
29689200,284.17
29692800,282.45
29696400,279.41
29700000,278.41
29703600,277.68
29707200,277.09
29710800,276.54
29714400,275.95
29718000,275.3
29721600,274.69
29725200,274.2
29728800,273.8
29732400,273.34
29736000,272.92
29739600,274.98
29743200,276.63
29746800,278.21
29750400,279.87
29754000,281.82
29757600,284.63
29761200,286.69
29764800,287.54
29768400,287.77
29772000,287.55
29775600,286.82
29779200,284.24
29782800,281.45
29786400,280.68
29790000,280.07
29793600,279.11
29797200,277.39
29800800,275.47
29804400,274.4
29808000,273.71
29811600,273.2
29815200,272.99
29818800,272.93
29822400,272.86
29826000,272.49
29829600,271.81
29833200,271.06
29836800,271.7
29840400,272.76
29844000,273.76
29847600,274.55
29851200,274.96
29854800,275.03
29858400,274.87
29862000,274.38
29865600,273.32
29869200,271.76
29872800,270.42
29876400,269.02
29880000,268.13
29883600,267.48
29887200,266.93
29890800,266.46
29894400,266.27
29898000,266.11
29901600,266.04
29905200,266.13
29908800,266.48
29912400,266.87
29916000,267.13
29919600,268.77
29923200,272.02
29926800,274.97
29930400,276.77
29934000,277.94
29937600,278.84
29941200,279.39
29944800,279.39
29948400,278.76
29952000,275.09
29955600,272.23
29959200,271.81
29962800,271.09
29966400,270.36
29970000,269.84
29973600,269.58
29977200,269.55
29980800,269.43
29984400,269.18
29988000,269.09
29991600,268.97
29995200,268.88
29998800,268.83
30002400,268.75
30006000,271.02
30009600,274.55
30013200,278.16
30016800,280.37
30020400,281.53
30024000,282.02
30027600,281.55
30031200,280.27
30034800,278.53
30038400,276.77
30042000,275.09
30045600,273.35
30049200,272.15
30052800,271.77
30056400,271.4
30060000,270.8
30063600,269.67
30067200,268.61
30070800,267.91
30074400,267.55
30078000,267.26
30081600,267.08
30085200,267.04
30088800,267.11
30092400,269.37
30096000,272.73
30099600,275.55
30103200,276.78
30106800,277.45
30110400,277.77
30114000,277.37
30117600,276.2
30121200,274.59
30124800,272.26
30128400,269.18
30132000,268.18
30135600,267.33
30139200,266.6
30142800,266.13
30146400,265.84
30150000,265.65
30153600,265.53
30157200,265.45
30160800,265.36
30164400,265.28
30168000,265.29
30171600,265.37
30175200,265.5
30178800,266.81
30182400,268.7
30186000,270.45
30189600,272.05
30193200,273.48
30196800,274.55
30200400,274.92
30204000,274.48
30207600,273.12
30211200,270.17
30214800,268.32
30218400,268.13
30222000,267.45
30225600,266.73
30229200,266.26
30232800,266.14
30236400,266.23
30240000,275.13
30243600,274.57
30247200,274.4
30250800,274.58
30254400,274.36
30258000,274.48
30261600,274.61
30265200,276.61
30268800,279.22
30272400,281.69
30276000,283.51
30279600,284.59
30283200,285.14
30286800,285.28
30290400,284.94
30294000,284.17
30297600,282.45
30301200,279.41
30304800,278.41
30308400,277.68
30312000,277.09
30315600,276.54
30319200,275.95
30322800,275.3
30326400,274.69
30330000,274.2
30333600,273.8
30337200,273.34
30340800,272.92
30344400,274.98
30348000,276.63
30351600,278.21
30355200,279.87
30358800,281.82
30362400,284.63
30366000,286.69
30369600,287.54
30373200,287.77
30376800,287.55
30380400,286.82
30384000,284.24
30387600,281.45
30391200,280.68
30394800,280.07
30398400,279.11
30402000,277.39
30405600,275.47
30409200,274.4
30412800,273.71
30416400,273.2
30420000,272.99
30423600,272.93
30427200,272.86
30430800,272.49
30434400,271.81
30438000,271.06
30441600,271.7
30445200,272.76
30448800,273.76
30452400,274.55
30456000,274.96
30459600,275.03
30463200,274.87
30466800,274.38
30470400,273.32
30474000,271.76
30477600,270.42
30481200,269.02
30484800,268.13
30488400,267.48
30492000,266.93
30495600,266.46
30499200,266.27
30502800,266.11
30506400,266.04
30510000,266.13
30513600,266.48
30517200,266.87
30520800,267.13
30524400,268.77
30528000,272.02
30531600,274.97
30535200,276.77
30538800,277.94
30542400,278.84
30546000,279.39
30549600,279.39
30553200,278.76
30556800,275.09
30560400,272.23
30564000,271.81
30567600,271.09
30571200,270.36
30574800,269.84
30578400,269.58
30582000,269.55
30585600,269.43
30589200,269.18
30592800,269.09
30596400,268.97
30600000,268.88
30603600,268.83
30607200,268.75
30610800,271.02
30614400,274.55
30618000,278.16
30621600,280.37
30625200,281.53
30628800,282.02
30632400,281.55
30636000,280.27
30639600,278.53
30643200,276.77
30646800,275.09
30650400,273.35
30654000,272.15
30657600,271.77
30661200,271.4
30664800,270.8
30668400,269.67
30672000,268.61
30675600,267.91
30679200,267.55
30682800,267.26
30686400,267.08
30690000,267.04
30693600,267.11
30697200,269.37
30700800,272.73
30704400,275.55
30708000,276.78
30711600,277.45
30715200,277.77
30718800,277.37
30722400,276.2
30726000,274.59
30729600,272.26
30733200,269.18
30736800,268.18
30740400,267.33
30744000,266.6
30747600,266.13
30751200,265.84
30754800,265.65
30758400,265.53
30762000,265.45
30765600,265.36
30769200,265.28
30772800,265.29
30776400,265.37
30780000,265.5
30783600,266.81
30787200,268.7
30790800,270.45
30794400,272.05
30798000,273.48
30801600,274.55
30805200,274.92
30808800,274.48
30812400,273.12
30816000,270.17
30819600,268.32
30823200,268.13
30826800,267.45
30830400,266.73
30834000,266.26
30837600,266.14
30841200,266.23
30844800,266.6
30848400,265.68
30852000,264.97
30855600,264.14
30859200,263.38
30862800,262.91
30866400,262.43
30870000,262.02
30873600,261.91
30877200,262.31
30880800,262.76
30884400,262.92
30888000,263.74
30891600,263.73
30895200,263.51
30898800,262.74
30902400,261.52
30906000,260.64
30909600,259.8
30913200,259.29
30916800,259.03
30920400,258.77
30924000,258.57
30927600,258.23
30931200,258.23
30934800,258.28
30938400,258.22
30942000,258.07
30945600,257.65
30949200,257.41
30952800,257.05
30956400,256.79
30960000,258.69
30963600,260.77
30967200,262.46
30970800,263.65
30974400,264.59
30978000,265.09
30981600,264.98
30985200,263.8
30988800,261.39
30992400,259.48
30996000,258.29
30999600,257.57
31003200,257.04
31006800,256.48
31010400,255.98
31014000,255.52
31017600,255.01
31021200,254.48
31024800,254.05
31028400,253.68
31032000,253.38
31035600,253.13
31039200,252.95
31042800,253.55
31046400,256.11
31050000,259.69
31053600,262.67
31057200,264.57
31060800,265.73
31064400,266.09
31068000,265.56
31071600,264.22
31075200,261.88
31078800,260.01
31082400,259.09
31086000,258.55
31089600,258.11
31093200,257.7
31096800,257.26
31100400,256.74
31104000,256.27
31107600,255.86
31111200,255.49
31114800,255.27
31118400,255.52
31122000,256.15
31125600,256.59
31129200,257.33
31132800,259.46
31136400,262.02
31140000,264.37
31143600,265.54
31147200,266.01
31150800,265.77
31154400,265.15
31158000,264.02
31161600,262.44
31165200,261.33
31168800,260.7
31172400,260.2
31176000,259.6
31179600,259.56
31183200,259.77
31186800,259.73
31190400,259.23
31194000,258.44
31197600,257.99
31201200,257.48
31204800,256.92
31208400,256.73
31212000,256.95
31215600,258.05
31219200,260.63
31222800,263.04
31226400,264.98
31230000,266.28
31233600,267.12
31237200,267.34
31240800,266.83
31244400,265.62
31248000,263.18
31251600,261.4
31255200,260.56
31258800,260.05
31262400,259.65
31266000,259.35
31269600,258.95
31273200,258.26
31276800,257.63
31280400,257.02
31284000,256.48
31287600,256.12
31291200,256.08
31294800,256.2
31298400,256.41
31302000,257.37
31305600,259.84
31309200,263.22
31312800,265.8
31316400,267.41
31320000,268.19
31323600,268.07
31327200,267.53
31330800,266.61
31334400,264.73
31338000,263.45
31341600,262.83
31345200,262.41
31348800,262.09
31352400,261.97
31356000,261.95
31359600,261.88
31363200,261.7
31366800,261.13
31370400,260.59
31374000,259.67
31377600,258.99
31381200,258.25
31384800,257.51
31388400,257.61
31392000,260.46
31395600,262.68
31399200,263.76
31402800,264.42
31406400,264.84
31410000,264.73
31413600,263.98
31417200,262.64
31420800,260.53
31424400,258.56
31428000,257.66
31431600,257.66
31435200,258.12
31438800,258.23
31442400,257.82
31446000,257.13
31449600,263.9
31453200,263.26
31456800,262.63
31460400,262.04
31464000,261.55
31467600,261.2
31471200,261.0
31474800,261.27
31478400,264.26
31482000,267.3
31485600,269.11
31489200,270.26
31492800,271.81
31496400,272.41
31500000,272.39
31503600,271.48
31507200,269.02
31510800,268.0
31514400,267.48
31518000,267.13
31521600,266.88
31525200,266.63
31528800,266.41
31532400,266.2
31536000,266.2
